pattern,entity_type,match,notes
journal|periodical|proceedings,Non_institutional,regex,"journals/periodicals are references, not the research org"
woodard_curran,Consultant,regex,catches i_woodard_curran and woodard_curran_provost_pritchard fragments
luhdorff,Consultant,regex,LSCE variants incl davids_engineering_luhdorff
scalmanini,Consultant,regex,LSCE variants
provost_pri,Consultant,regex,provost_pritchard and misspelling provost_prichard and pumpage_ fragment
dudek,Consultant,regex,""
fugro,Consultant,regex,fugro fugro_west fugro_consultants
kennedy_jenks,Consultant,regex,""
gsi_water_solutions,Consultant,regex,""
geosyntec,Consultant,regex,geosyntec_consultants geosyntec_brown
hydrometrics,Consultant,regex,""
larry_walker_associates,Consultant,regex,not bare larry_walker (that appears in larry_walker_study report refs)
west_yost,Consultant,regex,""
wood_rodgers,Consultant,regex,""
brown_and_caldwell,Consultant,regex,""
carollo,Consultant,regex,carollo_engineers
stantec,Consultant,regex,""
aecom,Consultant,regex,geoscience_aecom variants
rmc_water,Consultant,regex,rmc_water_and_environment
davids_engineering,Consultant,regex,currently mislabeled District
jacobs_engineering,Consultant,regex,""
balance_hydrologics,Consultant,regex,""
ramboll,Consultant,regex,""
rincon_consultants,Consultant,regex,require _consultants; bare rincon is a place
montgomery_associates,Consultant,exact,""
montgomery_engineers,Consultant,exact,""
james_m_montgomery_consulting_engineers,Consultant,exact,""
montgomery,Consultant,exact,bare token currently Nonsense; exact only to avoid place/surname collisions
todd_groundwater,Consultant,exact,exact only; regex would grab the KCWA join fragment
eki,Consultant,exact,short acronym; exact only
gei,Consultant,exact,short acronym; exact only (data_management_system_hosting_gei stays Data_System)
kearns_west,Consultant,exact,facilitation/consulting firm
provost,Consultant,exact,bare token currently Nonsense
pritchard,Consultant,exact,bare token currently Nonsense
woodard,Consultant,exact,bare token currently Nonsense
nature_conservancy,NGO,regex,catches _notes _figure n_a_ tmdl_ fragments
environmental_defense_fund,NGO,regex,catches considered_ and _t10000 fragments
sierra_club,NGO,regex,delta/mineral_king/sacramento group variants and san_francisco_
clean_water_action,NGO,regex,""
freshwater_trust,NGO,regex,""
community_water_center,NGO,regex,""
local_government_commission,NGO,regex,currently mislabeled Group
natural_resources_defense_council,NGO,regex,currently mislabeled Group
audubon_society,NGO,regex,national/morro_coast/sacramento chapters; avoids ndvi_audubon Technical string
river_partners,NGO,regex,canonical GSP-relevant NGO (future-proof)
point_blue,NGO,regex,point_blue_conservation_science (future-proof)
defenders_of_wildlife,NGO,regex,future-proof
earthjustice,NGO,regex,future-proof
california_trout,NGO,regex,future-proof
planning_and_conservation_league,NGO,regex,future-proof
trout_unlimited,NGO,exact,exact so the deer_creek instream-flow project stays Water_Project
projects_trout_unlimited,NGO,exact,""
ducks_unlimited,NGO,exact,exact so ducks_unlimited_wetland_inventory stays Data_System
american_rivers,NGO,exact,exact so american_rivers_total_outflow gauge stays Natural_Feature
american_rivers_sacramento,NGO,exact,""
nrdc,NGO,exact,""
clean_water_fund,NGO,exact,""
audubon,NGO,exact,""
audubon_california,NGO,exact,currently mislabeled State_Gov
institute_for_fisheries_resources,NGO,exact,advocacy/research nonprofit
university_of_,Research,regex,UC campuses out-of-state universities and OCR-misspelled univ_of_califor
uc_davis,Research,regex,""
state_university,Research,regex,CSU/other state universities (stanislaus sacramento humboldt channel_islands)
csu_,Research,regex,csu_fresno_foundation
cal_poly,Research,regex,cal_poly and cal_poly_itrc variants
pacific_institute,Research,regex,water policy think tank (future-proof)
public_policy_institute,Research,regex,PPIC
research_center,Research,regex,ITRC and other university research centers
research_institute,Research,regex,desert_research_institute national_water_research_institute
cooperative_extension,Research,regex,UC Cooperative Extension outreach/research
ucla,Research,exact,""
ppic,Research,exact,""
stanford,Research,exact,exact so stanford_vina_irrigation_dam stays Infrastructure
stanford_university,Research,exact,""
leland_stanford_junior_university,Research,exact,""
energy_resources_engineering_stanford_university,Research,exact,""
scripps_institution_of_oceanography,Research,exact,exact so scripps_orbit GPS array stays Infrastructure
national_academy_of_sciences,Research,exact,""
la_sierra_university,Research,exact,""
university_ag_extension,Research,exact,""
2800_acres_recharge_facility,Non_institutional,exact,gaz:water_infrastructure_dictionary
a_d_edmonston_pumping_plant,Non_institutional,exact,gaz:water_infrastructure_dictionary
acwa,NGO,exact,gaz:water_entity_dictionary
acwd,Institutional_other,exact,gaz:water_entity_dictionary
agua_caliente_band_of_cahuilla_indians,Institutional_other,exact,gaz:water_entity_dictionary
air_resources_board,Institutional_other,exact,gaz:water_entity_dictionary
alameda_county_water_district,GSA,exact,gaz:water_gsa_dictionary
alameda_county_water_district_gsa,GSA,exact,gaz:water_gsa_dictionary
alamo_river,Non_institutional,exact,gaz:water_bodies_dictionary
aliso_water_district,GSA,exact,gaz:water_gsa_dictionary
aliso_water_district_gsa,GSA,exact,gaz:water_gsa_dictionary
all_american_canal,Non_institutional,exact,gaz:water_infrastructure_dictionary
almaden_dam,Non_institutional,exact,gaz:water_infrastructure_dictionary
almaden_reservoir,Non_institutional,exact,gaz:water_infrastructure_dictionary
alpaugh,GSA,exact,gaz:water_gsa_dictionary
alpaugh_gsa,GSA,exact,gaz:water_gsa_dictionary
amador_county_groundwater_management_authority,GSA,exact,gaz:water_gsa_dictionary
amador_county_groundwater_management_authority_gsa,GSA,exact,gaz:water_gsa_dictionary
american_river,Non_institutional,exact,gaz:water_bodies_dictionary
american_river_flood_control_project,Non_institutional,exact,gaz:water_infrastructure_dictionary
american_rivers,NGO,exact,gaz:water_entity_dictionary
anderson_dam,Non_institutional,exact,gaz:water_infrastructure_dictionary
anderson_reservoir_dam,Non_institutional,exact,gaz:water_infrastructure_dictionary
antelope_valley_basin,Non_institutional,exact,gaz:water_bodies_dictionary
antelope_valley_east_kern_water_agency,Institutional_other,exact,gaz:water_entity_dictionary
antelope_valley_groundwater_basin,Non_institutional,exact,gaz:water_bodies_dictionary
antelope_valley_water_bank,Non_institutional,exact,gaz:water_infrastructure_dictionary
army_corps_of_engineers,Institutional_other,exact,gaz:water_entity_dictionary
arroyo_santa_rosa_valley_basin,GSA,exact,gaz:water_gsa_dictionary
arroyo_santa_rosa_valley_basin_gsa,GSA,exact,gaz:water_gsa_dictionary
arroyo_seco,GSA,exact,gaz:water_gsa_dictionary
arroyo_seco_gsa,GSA,exact,gaz:water_gsa_dictionary
arroyo_seco_gsa_1,GSA,exact,gaz:water_gsa_dictionary
arvin,GSA,exact,gaz:water_gsa_dictionary
arvin_edison_banking,Non_institutional,exact,gaz:water_infrastructure_dictionary
arvin_edison_groundwater_storage,Non_institutional,exact,gaz:water_infrastructure_dictionary
arvin_edison_water_storage_program,Non_institutional,exact,gaz:water_infrastructure_dictionary
arvin_gsa,GSA,exact,gaz:water_gsa_dictionary
association_of_california_water_agencies,NGO,exact,gaz:water_entity_dictionary
atascadero_basin,GSA,exact,gaz:water_gsa_dictionary
atascadero_basin_gsa,GSA,exact,gaz:water_gsa_dictionary
auburn_dam,Non_institutional,exact,gaz:water_infrastructure_dictionary
auburn_dam_site,Non_institutional,exact,gaz:water_infrastructure_dictionary
auburn_folsom_south_unit,Non_institutional,exact,gaz:water_infrastructure_dictionary
audubon_california,NGO,exact,gaz:water_entity_dictionary
audubon_society,NGO,exact,gaz:water_entity_dictionary
avek,Institutional_other,exact,gaz:water_entity_dictionary
avek_water_bank,Non_institutional,exact,gaz:water_infrastructure_dictionary
badger_hill_pumping_plant,Non_institutional,exact,gaz:water_infrastructure_dictionary
baldwin_hills_conservancy,Institutional_other,exact,gaz:water_entity_dictionary
banks_pumping_plant,Non_institutional,exact,gaz:water_infrastructure_dictionary
banta_carbona_irrigation_district,GSA,exact,gaz:water_gsa_dictionary
banta_carbona_irrigation_district_gsa,GSA,exact,gaz:water_gsa_dictionary
bay_area_irwm,Non_institutional,exact,gaz:water_entity_dictionary
bay_delta,Non_institutional,exact,gaz:water_bodies_dictionary
bear_river,Non_institutional,exact,gaz:water_bodies_dictionary
bear_valley_basin,GSA,exact,gaz:water_gsa_dictionary
bear_valley_basin_gsa,GSA,exact,gaz:water_gsa_dictionary
beardsley_dam,Non_institutional,exact,gaz:water_infrastructure_dictionary
beardsley_reservoir,Non_institutional,exact,gaz:water_infrastructure_dictionary
bedford_coldwater_subbasin,GSA,exact,gaz:water_gsa_dictionary
bedford_coldwater_subbasin_gsa,GSA,exact,gaz:water_gsa_dictionary
berrenda_mesa_banking,Non_institutional,exact,gaz:water_infrastructure_dictionary
berrenda_mesa_water_bank,Non_institutional,exact,gaz:water_infrastructure_dictionary
berryessa_reservoir,Non_institutional,exact,gaz:water_bodies_dictionary
bia,Institutional_other,exact,gaz:water_entity_dictionary
big_chico_creek,Non_institutional,exact,gaz:water_bodies_dictionary
big_pine_paiute_tribe_of_the_owens_valley,Institutional_other,exact,gaz:water_entity_dictionary
big_sur_river,Non_institutional,exact,gaz:water_bodies_dictionary
big_tujunga_dam,Non_institutional,exact,gaz:water_infrastructure_dictionary
big_valley,GSA,exact,gaz:water_gsa_dictionary
big_valley_gsa,GSA,exact,gaz:water_gsa_dictionary
biggs_west_gridley_water_district,GSA,exact,gaz:water_gsa_dictionary
biggs_west_gridley_water_district_gsa,GSA,exact,gaz:water_gsa_dictionary
bishop_paiute_tribe,Institutional_other,exact,gaz:water_entity_dictionary
black_butte_dam,Non_institutional,exact,gaz:water_infrastructure_dictionary
blm,Institutional_other,exact,gaz:water_entity_dictionary
bluestone_pumping_plant,Non_institutional,exact,gaz:water_infrastructure_dictionary
bodega_bay,Non_institutional,exact,gaz:water_bodies_dictionary
bolinas_lagoon,Non_institutional,exact,gaz:water_bodies_dictionary
boulder_dam,Non_institutional,exact,gaz:water_infrastructure_dictionary
bouquet_canyon_dam,Non_institutional,exact,gaz:water_infrastructure_dictionary
bouquet_reservoir,Non_institutional,exact,gaz:water_infrastructure_dictionary
bowman_dam,Non_institutional,exact,gaz:water_infrastructure_dictionary
bowman_lake,Non_institutional,exact,gaz:water_infrastructure_dictionary
bradbury_dam,Non_institutional,exact,gaz:water_infrastructure_dictionary
buchanan_dam,Non_institutional,exact,gaz:water_infrastructure_dictionary
buena_vista_banking_program,Non_institutional,exact,gaz:water_infrastructure_dictionary
buena_vista_pumping_plant,Non_institutional,exact,gaz:water_infrastructure_dictionary
buena_vista_water_storage_district,GSA,exact,gaz:water_gsa_dictionary
buena_vista_water_storage_district_gsa,GSA,exact,gaz:water_gsa_dictionary
bullards_bar_reservoir,Non_institutional,exact,gaz:water_bodies_dictionary
bureau_of_indian_affairs,Institutional_other,exact,gaz:water_entity_dictionary
bureau_of_land_management,Institutional_other,exact,gaz:water_entity_dictionary
bureau_of_reclamation,Institutional_other,exact,gaz:water_entity_dictionary
bureau_of_reclamation_mid_pacific_region,Institutional_other,exact,gaz:water_entity_dictionary
butte_creek,Non_institutional,exact,gaz:water_bodies_dictionary
butte_water_district,GSA,exact,gaz:water_gsa_dictionary
butte_water_district_gsa,GSA,exact,gaz:water_gsa_dictionary
butte_water_district_gsa_butte,GSA,exact,gaz:water_gsa_dictionary
butte_water_district_gsa_sutter,GSA,exact,gaz:water_gsa_dictionary
byron_bethany_irrigation_district,GSA,exact,gaz:water_gsa_dictionary
byron_bethany_irrigation_district_gsa,GSA,exact,gaz:water_gsa_dictionary
byron_bethany_irrigation_district_gsa_east_contra_costa,GSA,exact,gaz:water_gsa_dictionary
byron_bethany_irrigation_district_gsa_tracy,GSA,exact,gaz:water_gsa_dictionary
c_w_bill_jones_pumping_plant,Non_institutional,exact,gaz:water_infrastructure_dictionary
cache_creek,Non_institutional,exact,gaz:water_bodies_dictionary
cachuma_dam,Non_institutional,exact,gaz:water_infrastructure_dictionary
cachuma_operation_and_maintenance_board,Institutional_other,exact,gaz:water_entity_dictionary
cachuma_reservoir,Non_institutional,exact,gaz:water_bodies_dictionary
cahuilla_band_of_mission_indians,Institutional_other,exact,gaz:water_entity_dictionary
cal_epa,Institutional_other,exact,gaz:water_entity_dictionary
cal_fire,Institutional_other,exact,gaz:water_entity_dictionary
cal_oes,Institutional_other,exact,gaz:water_entity_dictionary
calaveras_dam,Non_institutional,exact,gaz:water_infrastructure_dictionary
calaveras_river,Non_institutional,exact,gaz:water_bodies_dictionary
calepa,Institutional_other,exact,gaz:water_entity_dictionary
calero_dam,Non_institutional,exact,gaz:water_infrastructure_dictionary
calero_reservoir,Non_institutional,exact,gaz:water_infrastructure_dictionary
calfire,Institutional_other,exact,gaz:water_entity_dictionary
california_air_resources_board,Institutional_other,exact,gaz:water_entity_dictionary
california_aqueduct,Non_institutional,exact,gaz:water_infrastructure_dictionary
california_aqueduct_east_branch,Non_institutional,exact,gaz:water_infrastructure_dictionary
california_aqueduct_west_branch,Non_institutional,exact,gaz:water_infrastructure_dictionary
california_cattlemen_s_association,NGO,exact,gaz:water_entity_dictionary
california_coastal_commission,Institutional_other,exact,gaz:water_entity_dictionary
california_delta,Non_institutional,exact,gaz:water_bodies_dictionary
california_department_of_conservation,Institutional_other,exact,gaz:water_entity_dictionary
california_department_of_fish_and_game,Institutional_other,exact,gaz:water_entity_dictionary
california_department_of_fish_and_wildlife,Institutional_other,exact,gaz:water_entity_dictionary
california_department_of_food_and_agriculture,Institutional_other,exact,gaz:water_entity_dictionary
california_department_of_forestry_and_fire_protection,Institutional_other,exact,gaz:water_entity_dictionary
california_department_of_housing_and_community_development,Institutional_other,exact,gaz:water_entity_dictionary
california_department_of_public_health,Institutional_other,exact,gaz:water_entity_dictionary
california_department_of_transportation,Institutional_other,exact,gaz:water_entity_dictionary
california_department_of_water_resources,Institutional_other,exact,gaz:water_entity_dictionary
california_department_of_water_resources_flood_operations_center,Institutional_other,exact,gaz:water_entity_dictionary
california_dwr,Institutional_other,exact,gaz:water_entity_dictionary
california_energy_commission,Institutional_other,exact,gaz:water_entity_dictionary
california_environmental_protection_agency,Institutional_other,exact,gaz:water_entity_dictionary
california_farm_bureau_federation,NGO,exact,gaz:water_entity_dictionary
california_grape_and_tree_fruit_league,NGO,exact,gaz:water_entity_dictionary
california_ibank,Institutional_other,exact,gaz:water_entity_dictionary
california_natural_resources_agency,Institutional_other,exact,gaz:water_entity_dictionary
california_office_of_emergency_services,Institutional_other,exact,gaz:water_entity_dictionary
california_public_utilities_commission,Institutional_other,exact,gaz:water_entity_dictionary
california_rice_commission,NGO,exact,gaz:water_entity_dictionary
california_state_coastal_conservancy,Institutional_other,exact,gaz:water_entity_dictionary
california_state_lands_commission,Institutional_other,exact,gaz:water_entity_dictionary
california_state_water_board,Institutional_other,exact,gaz:water_entity_dictionary
california_tahoe_conservancy,Institutional_other,exact,gaz:water_entity_dictionary
california_trout,NGO,exact,gaz:water_entity_dictionary
california_water_commission,Institutional_other,exact,gaz:water_entity_dictionary
california_waterfowl_association,NGO,exact,gaz:water_entity_dictionary
california_wildlife_conservation_board,Institutional_other,exact,gaz:water_entity_dictionary
calleguas_municipal_water_district,Institutional_other,exact,gaz:water_entity_dictionary
calleguas_mwd,Institutional_other,exact,gaz:water_entity_dictionary
caltrans,Institutional_other,exact,gaz:water_entity_dictionary
caltrout,NGO,exact,gaz:water_entity_dictionary
camanche_dam,Non_institutional,exact,gaz:water_infrastructure_dictionary
camanche_reservoir,Non_institutional,exact,gaz:water_bodies_dictionary
camanche_reservoir_dam,Non_institutional,exact,gaz:water_infrastructure_dictionary
camp_far_west_dam,Non_institutional,exact,gaz:water_infrastructure_dictionary
camp_far_west_reservoir,Non_institutional,exact,gaz:water_infrastructure_dictionary
camrosa_water_district,GSA,exact,gaz:water_gsa_dictionary
camrosa_water_district_gsa,GSA,exact,gaz:water_gsa_dictionary
camrosa_water_district_gsa_los_posas_valley,GSA,exact,gaz:water_gsa_dictionary
camrosa_water_district_gsa_oxnard,GSA,exact,gaz:water_gsa_dictionary
camrosa_water_district_gsa_pleasant_valley,GSA,exact,gaz:water_gsa_dictionary
canyon_dam,Non_institutional,exact,gaz:water_infrastructure_dictionary
cape_horn_dam,Non_institutional,exact,gaz:water_infrastructure_dictionary
carb,Institutional_other,exact,gaz:water_entity_dictionary
carlsbad_desalination_plant,Non_institutional,exact,gaz:water_infrastructure_dictionary
carmel_river,Non_institutional,exact,gaz:water_bodies_dictionary
carpinteria,GSA,exact,gaz:water_gsa_dictionary
carpinteria_gsa,GSA,exact,gaz:water_gsa_dictionary
carson_regional_water_recycling_plant,Non_institutional,exact,gaz:water_infrastructure_dictionary
carson_treatment_plant,Non_institutional,exact,gaz:water_infrastructure_dictionary
castac_basin,GSA,exact,gaz:water_gsa_dictionary
castac_basin_gsa,GSA,exact,gaz:water_gsa_dictionary
castaic_dam,Non_institutional,exact,gaz:water_infrastructure_dictionary
castaic_lake_dam,Non_institutional,exact,gaz:water_infrastructure_dictionary
castaic_reservoir,Non_institutional,exact,gaz:water_bodies_dictionary
cawelo_water_district,GSA,exact,gaz:water_gsa_dictionary
cawelo_water_district_gsa,GSA,exact,gaz:water_gsa_dictionary
ccc,Institutional_other,exact,gaz:water_entity_dictionary
ccwd,Institutional_other,exact,gaz:water_entity_dictionary
cda,Non_institutional,exact,gaz:water_infrastructure_dictionary
cdfa,Institutional_other,exact,gaz:water_entity_dictionary
cdffp,Institutional_other,exact,gaz:water_entity_dictionary
cdfg,Institutional_other,exact,gaz:water_entity_dictionary
cdfw,Institutional_other,exact,gaz:water_entity_dictionary
cdot,Institutional_other,exact,gaz:water_entity_dictionary
cdph,Institutional_other,exact,gaz:water_entity_dictionary
cec,Institutional_other,exact,gaz:water_entity_dictionary
cedar_springs_dam,Non_institutional,exact,gaz:water_infrastructure_dictionary
central_basin,Non_institutional,exact,gaz:water_bodies_dictionary
central_basin_groundwater_basin,Non_institutional,exact,gaz:water_bodies_dictionary
central_basin_municipal_water_district,Institutional_other,exact,gaz:water_entity_dictionary
central_basin_mwd,Institutional_other,exact,gaz:water_entity_dictionary
central_coast_regional_board,Institutional_other,exact,gaz:water_entity_dictionary
central_coast_regional_water_quality_control_board,Institutional_other,exact,gaz:water_entity_dictionary
central_contra_costa_sanitary_district,Non_institutional,exact,gaz:water_infrastructure_dictionary
central_delta_mendota,GSA,exact,gaz:water_gsa_dictionary
central_delta_mendota_gsa,GSA,exact,gaz:water_gsa_dictionary
central_delta_water_agency,GSA,exact,gaz:water_gsa_dictionary
central_delta_water_agency_gsa,GSA,exact,gaz:water_gsa_dictionary
central_kings,GSA,exact,gaz:water_gsa_dictionary
central_kings_gsa,GSA,exact,gaz:water_gsa_dictionary
central_san,Non_institutional,exact,gaz:water_infrastructure_dictionary
central_san_joaquin_water_conservation_district,GSA,exact,gaz:water_gsa_dictionary
central_san_joaquin_water_conservation_district_gsa,GSA,exact,gaz:water_gsa_dictionary
central_valley_project_water_association,NGO,exact,gaz:water_entity_dictionary
central_valley_regional_board,Institutional_other,exact,gaz:water_entity_dictionary
central_valley_regional_water_quality_control_board,Institutional_other,exact,gaz:water_entity_dictionary
cfbf,NGO,exact,gaz:water_entity_dictionary
charles_e_meyer_desalination_plant,Non_institutional,exact,gaz:water_infrastructure_dictionary
cherry_lake_dam,Non_institutional,exact,gaz:water_infrastructure_dictionary
cherry_valley_dam,Non_institutional,exact,gaz:water_infrastructure_dictionary
chesbro_dam,Non_institutional,exact,gaz:water_infrastructure_dictionary
chesbro_reservoir,Non_institutional,exact,gaz:water_infrastructure_dictionary
chino_basin,Non_institutional,exact,gaz:water_bodies_dictionary
chino_basin_desalter,Non_institutional,exact,gaz:water_infrastructure_dictionary
chino_basin_desalter_authority,Non_institutional,exact,gaz:water_infrastructure_dictionary
chino_basin_groundwater_basin,Non_institutional,exact,gaz:water_bodies_dictionary
chowchilla_river,Non_institutional,exact,gaz:water_bodies_dictionary
chowchilla_subbasin,Non_institutional,exact,gaz:water_bodies_dictionary
chowchilla_water_district,GSA,exact,gaz:water_gsa_dictionary
chowchilla_water_district_gsa,GSA,exact,gaz:water_gsa_dictionary
chumash_people,Institutional_other,exact,gaz:water_entity_dictionary
city_of_antioch,GSA,exact,gaz:water_gsa_dictionary
city_of_antioch_gsa,GSA,exact,gaz:water_gsa_dictionary
city_of_arroyo_grande,GSA,exact,gaz:water_gsa_dictionary
city_of_arroyo_grande_gsa,GSA,exact,gaz:water_gsa_dictionary
city_of_bakersfield_2800_acres_recharge_project,Non_institutional,exact,gaz:water_infrastructure_dictionary
city_of_biggs,GSA,exact,gaz:water_gsa_dictionary
city_of_biggs_gsa,GSA,exact,gaz:water_gsa_dictionary
city_of_brentwood,GSA,exact,gaz:water_gsa_dictionary
city_of_brentwood_gsa,GSA,exact,gaz:water_gsa_dictionary
city_of_coalinga,GSA,exact,gaz:water_gsa_dictionary
city_of_coalinga_gsa,GSA,exact,gaz:water_gsa_dictionary
city_of_dos_palos,GSA,exact,gaz:water_gsa_dictionary
city_of_dos_palos_gsa,GSA,exact,gaz:water_gsa_dictionary
city_of_firebaugh,GSA,exact,gaz:water_gsa_dictionary
city_of_firebaugh_gsa,GSA,exact,gaz:water_gsa_dictionary
city_of_galt,GSA,exact,gaz:water_gsa_dictionary
city_of_galt_gsa,GSA,exact,gaz:water_gsa_dictionary
city_of_gridley,GSA,exact,gaz:water_gsa_dictionary
city_of_gridley_gsa,GSA,exact,gaz:water_gsa_dictionary
city_of_gustine,GSA,exact,gaz:water_gsa_dictionary
city_of_gustine_gsa,GSA,exact,gaz:water_gsa_dictionary
city_of_hayward,GSA,exact,gaz:water_gsa_dictionary
city_of_hayward_gsa,GSA,exact,gaz:water_gsa_dictionary
city_of_la_habra,GSA,exact,gaz:water_gsa_dictionary
city_of_la_habra_gsa,GSA,exact,gaz:water_gsa_dictionary
city_of_lakeport,GSA,exact,gaz:water_gsa_dictionary
city_of_lakeport_gsa,GSA,exact,gaz:water_gsa_dictionary
city_of_lathrop,GSA,exact,gaz:water_gsa_dictionary
city_of_lathrop_gsa,GSA,exact,gaz:water_gsa_dictionary
city_of_live_oak,GSA,exact,gaz:water_gsa_dictionary
city_of_live_oak_gsa,GSA,exact,gaz:water_gsa_dictionary
city_of_lodi,GSA,exact,gaz:water_gsa_dictionary
city_of_lodi_gsa,GSA,exact,gaz:water_gsa_dictionary
city_of_los_angeles_hyperion_water_reclamation_plant,Non_institutional,exact,gaz:water_infrastructure_dictionary
city_of_los_banos,GSA,exact,gaz:water_gsa_dictionary
city_of_los_banos_gsa,GSA,exact,gaz:water_gsa_dictionary
city_of_madera,GSA,exact,gaz:water_gsa_dictionary
city_of_madera_gsa,GSA,exact,gaz:water_gsa_dictionary
city_of_manteca,GSA,exact,gaz:water_gsa_dictionary
city_of_manteca_gsa,GSA,exact,gaz:water_gsa_dictionary
city_of_marina,GSA,exact,gaz:water_gsa_dictionary
city_of_marina_gsa,GSA,exact,gaz:water_gsa_dictionary
city_of_marysville,GSA,exact,gaz:water_gsa_dictionary
city_of_marysville_gsa,GSA,exact,gaz:water_gsa_dictionary
city_of_mendota,GSA,exact,gaz:water_gsa_dictionary
city_of_mendota_gsa,GSA,exact,gaz:water_gsa_dictionary
city_of_newman,GSA,exact,gaz:water_gsa_dictionary
city_of_newman_gsa,GSA,exact,gaz:water_gsa_dictionary
city_of_paso_robles,GSA,exact,gaz:water_gsa_dictionary
city_of_paso_robles_gsa,GSA,exact,gaz:water_gsa_dictionary
city_of_patterson,GSA,exact,gaz:water_gsa_dictionary
city_of_patterson_gsa,GSA,exact,gaz:water_gsa_dictionary
city_of_pomona,GSA,exact,gaz:water_gsa_dictionary
city_of_pomona_gsa,GSA,exact,gaz:water_gsa_dictionary
city_of_san_luis_obispo,GSA,exact,gaz:water_gsa_dictionary
city_of_san_luis_obispo_gsa,GSA,exact,gaz:water_gsa_dictionary
city_of_stockton,GSA,exact,gaz:water_gsa_dictionary
city_of_stockton_gsa,GSA,exact,gaz:water_gsa_dictionary
city_of_tracy,GSA,exact,gaz:water_gsa_dictionary
city_of_tracy_gsa,GSA,exact,gaz:water_gsa_dictionary
city_of_tulelake,GSA,exact,gaz:water_gsa_dictionary
city_of_tulelake_gsa,GSA,exact,gaz:water_gsa_dictionary
city_of_vacaville,GSA,exact,gaz:water_gsa_dictionary
city_of_vacaville_gsa,GSA,exact,gaz:water_gsa_dictionary
city_of_yuba_city,GSA,exact,gaz:water_gsa_dictionary
city_of_yuba_city_gsa,GSA,exact,gaz:water_gsa_dictionary
clair_engle_lake_dam,Non_institutional,exact,gaz:water_infrastructure_dictionary
claude_lewis_carlsbad_desalination_plant,Non_institutional,exact,gaz:water_infrastructure_dictionary
clay_water_district,GSA,exact,gaz:water_gsa_dictionary
clay_water_district_gsa,GSA,exact,gaz:water_gsa_dictionary
clear_lake,Non_institutional,exact,gaz:water_bodies_dictionary
clifton_court_forebay,Non_institutional,exact,gaz:water_infrastructure_dictionary
cnra,Institutional_other,exact,gaz:water_entity_dictionary
coachella_basin,Non_institutional,exact,gaz:water_bodies_dictionary
coachella_canal,Non_institutional,exact,gaz:water_infrastructure_dictionary
coachella_valley_groundwater_basin,Non_institutional,exact,gaz:water_bodies_dictionary
coachella_valley_mountains_conservancy,Institutional_other,exact,gaz:water_entity_dictionary
coachella_valley_water_district,GSA,exact,gaz:water_gsa_dictionary
coachella_valley_water_district_gsa,GSA,exact,gaz:water_gsa_dictionary
coachella_valley_water_district_gsa_indio,GSA,exact,gaz:water_gsa_dictionary
coachella_valley_water_district_gsa_mission_creek,GSA,exact,gaz:water_gsa_dictionary
coachella_water_authority,GSA,exact,gaz:water_gsa_dictionary
coachella_water_authority_gsa,GSA,exact,gaz:water_gsa_dictionary
coast_miwok,Institutional_other,exact,gaz:water_entity_dictionary
coastal_branch,Non_institutional,exact,gaz:water_infrastructure_dictionary
coastal_branch_aqueduct,Non_institutional,exact,gaz:water_infrastructure_dictionary
coastal_commission,Institutional_other,exact,gaz:water_entity_dictionary
coastal_conservancy,Institutional_other,exact,gaz:water_entity_dictionary
cogswell_dam,Non_institutional,exact,gaz:water_infrastructure_dictionary
cogswell_reservoir,Non_institutional,exact,gaz:water_infrastructure_dictionary
colorado_river,Non_institutional,exact,gaz:water_bodies_dictionary
colorado_river_aqueduct,Non_institutional,exact,gaz:water_infrastructure_dictionary
colorado_river_basin_regional_board,Institutional_other,exact,gaz:water_entity_dictionary
colorado_river_basin_regional_water_quality_control_board,Institutional_other,exact,gaz:water_entity_dictionary
colusa_basin,Non_institutional,exact,gaz:water_bodies_dictionary
colusa_county_water_district,Institutional_other,exact,gaz:water_entity_dictionary
colusa_groundwater_authority,GSA,exact,gaz:water_gsa_dictionary
colusa_groundwater_authority_gsa,GSA,exact,gaz:water_gsa_dictionary
colusa_groundwater_authority_gsa_butte,GSA,exact,gaz:water_gsa_dictionary
colusa_groundwater_authority_gsa_colusa,GSA,exact,gaz:water_gsa_dictionary
colusa_weir,Non_institutional,exact,gaz:water_infrastructure_dictionary
comb,Institutional_other,exact,gaz:water_entity_dictionary
combie_dam,Non_institutional,exact,gaz:water_infrastructure_dictionary
confined_aquifer,Non_institutional,exact,gaz:water_bodies_dictionary
contra_costa_canal,Non_institutional,exact,gaz:water_infrastructure_dictionary
contra_costa_canal_project,Non_institutional,exact,gaz:water_infrastructure_dictionary
contra_costa_water_district,Institutional_other,exact,gaz:water_entity_dictionary
corcoran_clay,Non_institutional,exact,gaz:water_bodies_dictionary
corcoran_clay_member,Non_institutional,exact,gaz:water_bodies_dictionary
cordua_irrigation_district,GSA,exact,gaz:water_gsa_dictionary
cordua_irrigation_district_gsa,GSA,exact,gaz:water_gsa_dictionary
corning_canal,Non_institutional,exact,gaz:water_infrastructure_dictionary
corning_subbasin,GSA,exact,gaz:water_gsa_dictionary
corning_subbasin_gsa,GSA,exact,gaz:water_gsa_dictionary
corps_of_engineers,Institutional_other,exact,gaz:water_entity_dictionary
cosumnes_river,Non_institutional,exact,gaz:water_bodies_dictionary
cosumnes_river_floodplain,Non_institutional,exact,gaz:water_infrastructure_dictionary
cottonwood_creek,Non_institutional,exact,gaz:water_bodies_dictionary
county_of_butte,GSA,exact,gaz:water_gsa_dictionary
county_of_butte_gsa,GSA,exact,gaz:water_gsa_dictionary
county_of_butte_gsa_butte_1,GSA,exact,gaz:water_gsa_dictionary
county_of_butte_gsa_butte_2,GSA,exact,gaz:water_gsa_dictionary
county_of_contra_costa,GSA,exact,gaz:water_gsa_dictionary
county_of_contra_costa_gsa,GSA,exact,gaz:water_gsa_dictionary
county_of_del_norte,GSA,exact,gaz:water_gsa_dictionary
county_of_del_norte_gsa,GSA,exact,gaz:water_gsa_dictionary
county_of_fresno,GSA,exact,gaz:water_gsa_dictionary
county_of_fresno_gsa,GSA,exact,gaz:water_gsa_dictionary
county_of_fresno_gsa_delta_mendota_management_area_a,GSA,exact,gaz:water_gsa_dictionary
county_of_fresno_gsa_delta_mendota_management_area_b,GSA,exact,gaz:water_gsa_dictionary
county_of_fresno_gsa_pleasant_valley,GSA,exact,gaz:water_gsa_dictionary
county_of_fresno_gsa_westside,GSA,exact,gaz:water_gsa_dictionary
county_of_glenn,GSA,exact,gaz:water_gsa_dictionary
county_of_glenn_gsa,GSA,exact,gaz:water_gsa_dictionary
county_of_glenn_gsa_butte,GSA,exact,gaz:water_gsa_dictionary
county_of_glenn_gsa_colusa,GSA,exact,gaz:water_gsa_dictionary
county_of_glenn_gsa_corning,GSA,exact,gaz:water_gsa_dictionary
county_of_humboldt,GSA,exact,gaz:water_gsa_dictionary
county_of_humboldt_gsa,GSA,exact,gaz:water_gsa_dictionary
county_of_imperial,GSA,exact,gaz:water_gsa_dictionary
county_of_imperial_gsa,GSA,exact,gaz:water_gsa_dictionary
county_of_imperial_gsa_amos_valley,GSA,exact,gaz:water_gsa_dictionary
county_of_imperial_gsa_arroyo_seco_valley,GSA,exact,gaz:water_gsa_dictionary
county_of_imperial_gsa_chuckwalla_valley,GSA,exact,gaz:water_gsa_dictionary
county_of_imperial_gsa_coyote_wells_valley,GSA,exact,gaz:water_gsa_dictionary
county_of_imperial_gsa_davies_valley,GSA,exact,gaz:water_gsa_dictionary
county_of_imperial_gsa_east_salton_sea,GSA,exact,gaz:water_gsa_dictionary
county_of_imperial_gsa_imperial_valley,GSA,exact,gaz:water_gsa_dictionary
county_of_imperial_gsa_ocotillo_clark_valley,GSA,exact,gaz:water_gsa_dictionary
county_of_imperial_gsa_ocotillo_wells,GSA,exact,gaz:water_gsa_dictionary
county_of_imperial_gsa_ogilby_valley,GSA,exact,gaz:water_gsa_dictionary
county_of_imperial_gsa_palo_verde_mesa,GSA,exact,gaz:water_gsa_dictionary
county_of_imperial_gsa_palo_verde_valley,GSA,exact,gaz:water_gsa_dictionary
county_of_imperial_gsa_vallecito_carrizo_valley,GSA,exact,gaz:water_gsa_dictionary
county_of_imperial_gsa_west_salton_sea,GSA,exact,gaz:water_gsa_dictionary
county_of_imperial_gsa_yuma_valley,GSA,exact,gaz:water_gsa_dictionary
county_of_lassen,GSA,exact,gaz:water_gsa_dictionary
county_of_lassen_gsa,GSA,exact,gaz:water_gsa_dictionary
county_of_madera,GSA,exact,gaz:water_gsa_dictionary
county_of_madera_gsa,GSA,exact,gaz:water_gsa_dictionary
county_of_madera_gsa_chowchilla,GSA,exact,gaz:water_gsa_dictionary
county_of_madera_gsa_delta_mendota,GSA,exact,gaz:water_gsa_dictionary
county_of_madera_gsa_madera,GSA,exact,gaz:water_gsa_dictionary
county_of_merced,GSA,exact,gaz:water_gsa_dictionary
county_of_merced_gsa,GSA,exact,gaz:water_gsa_dictionary
county_of_merced_gsa_chowchilla,GSA,exact,gaz:water_gsa_dictionary
county_of_merced_gsa_delta_mendota,GSA,exact,gaz:water_gsa_dictionary
county_of_modoc,GSA,exact,gaz:water_gsa_dictionary
county_of_modoc_gsa,GSA,exact,gaz:water_gsa_dictionary
county_of_modoc_gsa_big_valley,GSA,exact,gaz:water_gsa_dictionary
county_of_modoc_gsa_tulelake,GSA,exact,gaz:water_gsa_dictionary
county_of_mono,GSA,exact,gaz:water_gsa_dictionary
county_of_mono_gsa,GSA,exact,gaz:water_gsa_dictionary
county_of_mono_gsa_fish_slough,GSA,exact,gaz:water_gsa_dictionary
county_of_mono_gsa_long_valley,GSA,exact,gaz:water_gsa_dictionary
county_of_mono_gsa_owens_valley,GSA,exact,gaz:water_gsa_dictionary
county_of_monterey,GSA,exact,gaz:water_gsa_dictionary
county_of_monterey_gsa,GSA,exact,gaz:water_gsa_dictionary
county_of_napa,GSA,exact,gaz:water_gsa_dictionary
county_of_napa_gsa,GSA,exact,gaz:water_gsa_dictionary
county_of_plumas,GSA,exact,gaz:water_gsa_dictionary
county_of_plumas_gsa,GSA,exact,gaz:water_gsa_dictionary
county_of_sacramento,GSA,exact,gaz:water_gsa_dictionary
county_of_sacramento_gsa,GSA,exact,gaz:water_gsa_dictionary
county_of_sacramento_gsa_south_american,GSA,exact,gaz:water_gsa_dictionary
county_of_san_joaquin,GSA,exact,gaz:water_gsa_dictionary
county_of_san_joaquin_gsa,GSA,exact,gaz:water_gsa_dictionary
county_of_san_joaquin_gsa_eastern_san_joaquin_1,GSA,exact,gaz:water_gsa_dictionary
county_of_san_joaquin_gsa_eastern_san_joaquin_2,GSA,exact,gaz:water_gsa_dictionary
county_of_san_joaquin_gsa_tracy,GSA,exact,gaz:water_gsa_dictionary
county_of_san_luis_obispo,GSA,exact,gaz:water_gsa_dictionary
county_of_san_luis_obispo_gsa,GSA,exact,gaz:water_gsa_dictionary
county_of_san_luis_obispo_gsa_los_osos_fringe_areas,GSA,exact,gaz:water_gsa_dictionary
county_of_san_luis_obispo_gsa_paso_robles_area,GSA,exact,gaz:water_gsa_dictionary
county_of_san_luis_obispo_gsa_san_luis_obispo_valley,GSA,exact,gaz:water_gsa_dictionary
county_of_san_luis_obispo_gsa_santa_maria_basin_fringe_areas,GSA,exact,gaz:water_gsa_dictionary
county_of_santa_cruz,GSA,exact,gaz:water_gsa_dictionary
county_of_santa_cruz_gsa,GSA,exact,gaz:water_gsa_dictionary
county_of_santa_cruz_gsa_purisima_highlands,GSA,exact,gaz:water_gsa_dictionary
county_of_santa_cruz_gsa_west_santa_cruz_terrace,GSA,exact,gaz:water_gsa_dictionary
county_of_siskiyou,GSA,exact,gaz:water_gsa_dictionary
county_of_siskiyou_gsa,GSA,exact,gaz:water_gsa_dictionary
county_of_sutter,GSA,exact,gaz:water_gsa_dictionary
county_of_sutter_gsa,GSA,exact,gaz:water_gsa_dictionary
county_of_sutter_gsa_north_american,GSA,exact,gaz:water_gsa_dictionary
county_of_sutter_gsa_sutter,GSA,exact,gaz:water_gsa_dictionary
county_of_tulare,GSA,exact,gaz:water_gsa_dictionary
county_of_tulare_gsa,GSA,exact,gaz:water_gsa_dictionary
county_of_tulare_gsa_tule,GSA,exact,gaz:water_gsa_dictionary
county_of_tuolumne,GSA,exact,gaz:water_gsa_dictionary
county_of_tuolumne_gsa,GSA,exact,gaz:water_gsa_dictionary
county_of_ventura,GSA,exact,gaz:water_gsa_dictionary
county_of_ventura_gsa,GSA,exact,gaz:water_gsa_dictionary
county_of_ventura_gsa_las_posas_valley_basin_outlying_areas,GSA,exact,gaz:water_gsa_dictionary
county_of_ventura_gsa_oxnard_basin_outlying_areas,GSA,exact,gaz:water_gsa_dictionary
county_of_ventura_gsa_pleasant_valley_basin_outlying_areas,GSA,exact,gaz:water_gsa_dictionary
county_of_ventura_gsa_santa_paula_basin_outlying_areas,GSA,exact,gaz:water_gsa_dictionary
coyote_creek_flood_bypass,Non_institutional,exact,gaz:water_infrastructure_dictionary
coyote_dam,Non_institutional,exact,gaz:water_infrastructure_dictionary
coyote_reservoir_dam,Non_institutional,exact,gaz:water_infrastructure_dictionary
coyote_valley_dam,Non_institutional,exact,gaz:water_infrastructure_dictionary
coyote_valley_reservoir,Non_institutional,exact,gaz:water_bodies_dictionary
cpuc,Institutional_other,exact,gaz:water_entity_dictionary
cra,Non_institutional,exact,gaz:water_infrastructure_dictionary
cross_valley_canal,Non_institutional,exact,gaz:water_infrastructure_dictionary
crystal_springs_dam,Non_institutional,exact,gaz:water_infrastructure_dictionary
ctc,Institutional_other,exact,gaz:water_entity_dictionary
cuyama_basin,GSA,exact,gaz:water_gsa_dictionary
cuyama_basin_gsa,GSA,exact,gaz:water_gsa_dictionary
cvmc,Institutional_other,exact,gaz:water_entity_dictionary
cvp_delta_pumping_plant,Non_institutional,exact,gaz:water_infrastructure_dictionary
cvpwa,NGO,exact,gaz:water_entity_dictionary
cvwd,Institutional_other,exact,gaz:water_entity_dictionary
cwa,NGO,exact,gaz:water_entity_dictionary
cwc,Institutional_other,exact,gaz:water_entity_dictionary
dcc,Non_institutional,exact,gaz:water_infrastructure_dictionary
deep_aquifer,Non_institutional,exact,gaz:water_bodies_dictionary
delano_earlimart_irrigation_district,GSA,exact,gaz:water_gsa_dictionary
delano_earlimart_irrigation_district_gsa,GSA,exact,gaz:water_gsa_dictionary
delta_conservancy,Institutional_other,exact,gaz:water_entity_dictionary
delta_cross_channel,Non_institutional,exact,gaz:water_infrastructure_dictionary
delta_mendota_canal,Non_institutional,exact,gaz:water_infrastructure_dictionary
delta_mendota_subbasin,Non_institutional,exact,gaz:water_bodies_dictionary
delta_stewardship_council,Institutional_other,exact,gaz:water_entity_dictionary
delta_watermaster,Institutional_other,exact,gaz:water_entity_dictionary
department_of_conservation,Institutional_other,exact,gaz:water_entity_dictionary
department_of_fish_and_game,Institutional_other,exact,gaz:water_entity_dictionary
department_of_fish_and_wildlife,Institutional_other,exact,gaz:water_entity_dictionary
department_of_food_and_agriculture,Institutional_other,exact,gaz:water_entity_dictionary
department_of_public_health,Institutional_other,exact,gaz:water_entity_dictionary
department_of_the_interior,Institutional_other,exact,gaz:water_entity_dictionary
department_of_toxic_substances_control,Institutional_other,exact,gaz:water_entity_dictionary
department_of_water_resources,Institutional_other,exact,gaz:water_entity_dictionary
desert_water_agency,GSA,exact,gaz:water_gsa_dictionary
desert_water_agency_gsa,GSA,exact,gaz:water_gsa_dictionary
desert_water_agency_gsa_non_statutory_area_indio,GSA,exact,gaz:water_gsa_dictionary
desert_water_agency_gsa_non_statutory_area_mission_creek,GSA,exact,gaz:water_gsa_dictionary
desert_water_agency_gsa_statutory_area_indio,GSA,exact,gaz:water_gsa_dictionary
desert_water_agency_gsa_statutory_area_mission_creek,GSA,exact,gaz:water_gsa_dictionary
desert_water_agency_gsa_statutory_area_san_gorgonio_pass,GSA,exact,gaz:water_gsa_dictionary
devil_canyon_powerplant,Non_institutional,exact,gaz:water_infrastructure_dictionary
devil_s_den_pumping_plant,Non_institutional,exact,gaz:water_infrastructure_dictionary
devil_s_gate_dam,Non_institutional,exact,gaz:water_infrastructure_dictionary
devils_gate_dam,Non_institutional,exact,gaz:water_infrastructure_dictionary
diablo_water_district,GSA,exact,gaz:water_gsa_dictionary
diablo_water_district_gsa,GSA,exact,gaz:water_gsa_dictionary
diamond_valley_lake,Non_institutional,exact,gaz:water_bodies_dictionary
diamond_valley_lake_dam,Non_institutional,exact,gaz:water_infrastructure_dictionary
discovery_bay_community_services_district,GSA,exact,gaz:water_gsa_dictionary
discovery_bay_community_services_district_gsa,GSA,exact,gaz:water_gsa_dictionary
division_of_safety_of_dams,Institutional_other,exact,gaz:water_entity_dictionary
dm_ii,GSA,exact,gaz:water_gsa_dictionary
dm_ii_gsa,GSA,exact,gaz:water_gsa_dictionary
dmc,Non_institutional,exact,gaz:water_infrastructure_dictionary
doc,Institutional_other,exact,gaz:water_entity_dictionary
doheny_ocean_desalination_project,Non_institutional,exact,gaz:water_infrastructure_dictionary
doi,Institutional_other,exact,gaz:water_entity_dictionary
don_pedro_reservoir,Non_institutional,exact,gaz:water_bodies_dictionary
don_pedro_reservoir_dam,Non_institutional,exact,gaz:water_infrastructure_dictionary
donald_c_tillman_water_reclamation_plant,Non_institutional,exact,gaz:water_infrastructure_dictionary
donnells_dam,Non_institutional,exact,gaz:water_infrastructure_dictionary
donnells_reservoir,Non_institutional,exact,gaz:water_infrastructure_dictionary
dos_amigos_pumping_plant,Non_institutional,exact,gaz:water_infrastructure_dictionary
dry_creek,Non_institutional,exact,gaz:water_bodies_dictionary
dry_creek_rancheria_band_of_pomo_indians,Institutional_other,exact,gaz:water_entity_dictionary
dsc,Institutional_other,exact,gaz:water_entity_dictionary
dsod,Institutional_other,exact,gaz:water_entity_dictionary
dsrsd,Non_institutional,exact,gaz:water_infrastructure_dictionary
dtsc,Institutional_other,exact,gaz:water_entity_dictionary
dublin_san_ramon_services_district,Non_institutional,exact,gaz:water_infrastructure_dictionary
ducks_unlimited,NGO,exact,gaz:water_entity_dictionary
dwa,Institutional_other,exact,gaz:water_entity_dictionary
dwr,Institutional_other,exact,gaz:water_entity_dictionary
eagle_lake,Non_institutional,exact,gaz:water_bodies_dictionary
east_acton,GSA,exact,gaz:water_gsa_dictionary
east_acton_gsa,GSA,exact,gaz:water_gsa_dictionary
east_bay_dischargers_authority,Non_institutional,exact,gaz:water_infrastructure_dictionary
east_bay_municipal_utility_district,GSA,exact,gaz:water_gsa_dictionary
east_bay_municipal_utility_district_gsa,GSA,exact,gaz:water_gsa_dictionary
east_branch_california_aqueduct,Non_institutional,exact,gaz:water_infrastructure_dictionary
east_branch_extension,Non_institutional,exact,gaz:water_infrastructure_dictionary
east_branch_swp,Non_institutional,exact,gaz:water_infrastructure_dictionary
east_contra_costa_irrigation_district,GSA,exact,gaz:water_gsa_dictionary
east_contra_costa_irrigation_district_gsa,GSA,exact,gaz:water_gsa_dictionary
east_fork_san_gabriel_river,Non_institutional,exact,gaz:water_bodies_dictionary
east_kaweah,GSA,exact,gaz:water_gsa_dictionary
east_kaweah_gsa,GSA,exact,gaz:water_gsa_dictionary
east_park_dam,Non_institutional,exact,gaz:water_infrastructure_dictionary
east_side_bypass,Non_institutional,exact,gaz:water_infrastructure_dictionary
east_turlock_subbasin,GSA,exact,gaz:water_gsa_dictionary
east_turlock_subbasin_gsa,GSA,exact,gaz:water_gsa_dictionary
eastern_municipal_water_district_area,Non_institutional,exact,gaz:water_bodies_dictionary
eastern_tule,GSA,exact,gaz:water_gsa_dictionary
eastern_tule_gsa,GSA,exact,gaz:water_gsa_dictionary
eastside_bypass,Non_institutional,exact,gaz:water_infrastructure_dictionary
eastside_reservoir_dam,Non_institutional,exact,gaz:water_infrastructure_dictionary
eastside_san_joaquin,GSA,exact,gaz:water_gsa_dictionary
eastside_san_joaquin_gsa,GSA,exact,gaz:water_gsa_dictionary
eastside_subbasin,Non_institutional,exact,gaz:water_bodies_dictionary
ebda,Non_institutional,exact,gaz:water_infrastructure_dictionary
ebmud,Institutional_other,exact,gaz:water_entity_dictionary
edf,NGO,exact,gaz:water_entity_dictionary
edmonston_pumping_plant,Non_institutional,exact,gaz:water_infrastructure_dictionary
edward_c_little_water_recycling_facility,Non_institutional,exact,gaz:water_infrastructure_dictionary
edward_c_little_wrf,Non_institutional,exact,gaz:water_infrastructure_dictionary
eel_river,Non_institutional,exact,gaz:water_bodies_dictionary
eid,Institutional_other,exact,gaz:water_entity_dictionary
el_capitan_dam,Non_institutional,exact,gaz:water_infrastructure_dictionary
el_capitan_reservoir,Non_institutional,exact,gaz:water_infrastructure_dictionary
el_dorado_county_water_agency,GSA,exact,gaz:water_gsa_dictionary
el_dorado_county_water_agency_gsa,GSA,exact,gaz:water_gsa_dictionary
el_dorado_irrigation_district,Institutional_other,exact,gaz:water_entity_dictionary
el_rico,GSA,exact,gaz:water_gsa_dictionary
el_rico_gsa,GSA,exact,gaz:water_gsa_dictionary
elkhorn_slough,Non_institutional,exact,gaz:water_bodies_dictionary
elsinore_valley,GSA,exact,gaz:water_gsa_dictionary
elsinore_valley_gsa,GSA,exact,gaz:water_gsa_dictionary
energy_commission,Institutional_other,exact,gaz:water_entity_dictionary
englebright_dam,Non_institutional,exact,gaz:water_infrastructure_dictionary
englebright_lake,Non_institutional,exact,gaz:water_bodies_dictionary
englebright_lake_dam,Non_institutional,exact,gaz:water_infrastructure_dictionary
englebright_reservoir,Non_institutional,exact,gaz:water_bodies_dictionary
enterprise_anderson,GSA,exact,gaz:water_gsa_dictionary
enterprise_anderson_gsa,GSA,exact,gaz:water_gsa_dictionary
enterprise_anderson_gsa_anderson,GSA,exact,gaz:water_gsa_dictionary
enterprise_anderson_gsa_enterprise,GSA,exact,gaz:water_gsa_dictionary
enterprise_rancheria_of_maidu_indians,Institutional_other,exact,gaz:water_entity_dictionary
environmental_defense_fund,NGO,exact,gaz:water_entity_dictionary
environmental_protection_agency,Institutional_other,exact,gaz:water_entity_dictionary
environmental_protection_agency_office_of_water,Institutional_other,exact,gaz:water_entity_dictionary
epa_region_9,Institutional_other,exact,gaz:water_entity_dictionary
estrella_el_pomar_creston_water_district,GSA,exact,gaz:water_gsa_dictionary
estrella_el_pomar_creston_water_district_gsa,GSA,exact,gaz:water_gsa_dictionary
f_e_weymouth_water_treatment_plant,Non_institutional,exact,gaz:water_infrastructure_dictionary
farm_bureau,NGO,exact,gaz:water_entity_dictionary
farm_service_agency,Institutional_other,exact,gaz:water_entity_dictionary
farmers_water_district,GSA,exact,gaz:water_gsa_dictionary
farmers_water_district_gsa,GSA,exact,gaz:water_gsa_dictionary
feather_river,Non_institutional,exact,gaz:water_bodies_dictionary
federal_emergency_management_agency,Institutional_other,exact,gaz:water_entity_dictionary
federated_indians_of_graton_rancheria,Institutional_other,exact,gaz:water_entity_dictionary
fema,Institutional_other,exact,gaz:water_entity_dictionary
fillmore_and_piru_basins,GSA,exact,gaz:water_gsa_dictionary
fillmore_and_piru_basins_gsa,GSA,exact,gaz:water_gsa_dictionary
fillmore_and_piru_basins_gsa_fillmore,GSA,exact,gaz:water_gsa_dictionary
fillmore_and_piru_basins_gsa_piru,GSA,exact,gaz:water_gsa_dictionary
first_los_angeles_aqueduct,Non_institutional,exact,gaz:water_infrastructure_dictionary
fish_and_wildlife_service,Institutional_other,exact,gaz:water_entity_dictionary
fkc,Non_institutional,exact,gaz:water_infrastructure_dictionary
folsom_dam,Non_institutional,exact,gaz:water_infrastructure_dictionary
folsom_dam_modification_project,Non_institutional,exact,gaz:water_infrastructure_dictionary
folsom_lake,Non_institutional,exact,gaz:water_bodies_dictionary
folsom_lake_dam,Non_institutional,exact,gaz:water_infrastructure_dictionary
folsom_reservoir,Non_institutional,exact,gaz:water_bodies_dictionary
folsom_south_canal,Non_institutional,exact,gaz:water_infrastructure_dictionary
forest_service,Institutional_other,exact,gaz:water_entity_dictionary
fort_independence_indian_community,Institutional_other,exact,gaz:water_entity_dictionary
fort_yuma_quechan_tribe,Institutional_other,exact,gaz:water_entity_dictionary
fox_canyon_groundwater_management_agency,GSA,exact,gaz:water_gsa_dictionary
fox_canyon_groundwater_management_agency_gsa,GSA,exact,gaz:water_gsa_dictionary
fox_canyon_groundwater_management_agency_gsa_arroyo_santa_rosa,GSA,exact,gaz:water_gsa_dictionary
fox_canyon_groundwater_management_agency_gsa_las_posas_valley,GSA,exact,gaz:water_gsa_dictionary
fox_canyon_groundwater_management_agency_gsa_oxnard,GSA,exact,gaz:water_gsa_dictionary
fox_canyon_groundwater_management_agency_gsa_pleasant_valley,GSA,exact,gaz:water_gsa_dictionary
franklin_drainage_district,GSA,exact,gaz:water_gsa_dictionary
franklin_drainage_district_gsa,GSA,exact,gaz:water_gsa_dictionary
freeport_regional_water_authority,Non_institutional,exact,gaz:water_infrastructure_dictionary
fremont_weir,Non_institutional,exact,gaz:water_infrastructure_dictionary
fresno_groundwater_basin,Non_institutional,exact,gaz:water_bodies_dictionary
fresno_metropolitan_flood_control_district,Institutional_other,exact,gaz:water_entity_dictionary
fresno_mfcd,Institutional_other,exact,gaz:water_entity_dictionary
fresno_river,Non_institutional,exact,gaz:water_bodies_dictionary
fresno_slough,Non_institutional,exact,gaz:water_infrastructure_dictionary
fresno_subbasin,Non_institutional,exact,gaz:water_bodies_dictionary
friant_dam,Non_institutional,exact,gaz:water_infrastructure_dictionary
friant_kern_canal,Non_institutional,exact,gaz:water_infrastructure_dictionary
friant_water_authority,Institutional_other,exact,gaz:water_entity_dictionary
frwa,Non_institutional,exact,gaz:water_infrastructure_dictionary
fsa,Institutional_other,exact,gaz:water_entity_dictionary
fwa,Institutional_other,exact,gaz:water_entity_dictionary
galt_irrigation_district,GSA,exact,gaz:water_gsa_dictionary
galt_irrigation_district_gsa,GSA,exact,gaz:water_gsa_dictionary
garcia_river,Non_institutional,exact,gaz:water_bodies_dictionary
gcid,Institutional_other,exact,gaz:water_entity_dictionary
gianelli_pumping_generating_plant,Non_institutional,exact,gaz:water_infrastructure_dictionary
gibraltar_dam,Non_institutional,exact,gaz:water_infrastructure_dictionary
gibraltar_reservoir,Non_institutional,exact,gaz:water_infrastructure_dictionary
glac_irwm,Non_institutional,exact,gaz:water_entity_dictionary
glenn_colusa_irrigation_district,Institutional_other,exact,gaz:water_entity_dictionary
glenn_groundwater_authority,GSA,exact,gaz:water_gsa_dictionary
glenn_groundwater_authority_gsa,GSA,exact,gaz:water_gsa_dictionary
goodwin_dam,Non_institutional,exact,gaz:water_infrastructure_dictionary
goodwin_diversion_dam,Non_institutional,exact,gaz:water_infrastructure_dictionary
governor_s_office_of_planning_and_research,Institutional_other,exact,gaz:water_entity_dictionary
grasslands,GSA,exact,gaz:water_gsa_dictionary
grasslands_gsa,GSA,exact,gaz:water_gsa_dictionary
gravelly_ford_water_district,GSA,exact,gaz:water_gsa_dictionary
gravelly_ford_water_district_gsa,GSA,exact,gaz:water_gsa_dictionary
greater_kaweah,GSA,exact,gaz:water_gsa_dictionary
greater_kaweah_gsa,GSA,exact,gaz:water_gsa_dictionary
greater_los_angeles_county_integrated_regional_water_management,Non_institutional,exact,gaz:water_entity_dictionary
greater_los_angeles_county_irwm,Non_institutional,exact,gaz:water_entity_dictionary
greenfield_county_water_district,GSA,exact,gaz:water_gsa_dictionary
greenfield_county_water_district_gsa,GSA,exact,gaz:water_gsa_dictionary
grizzly_bay,Non_institutional,exact,gaz:water_bodies_dictionary
grizzly_valley_dam,Non_institutional,exact,gaz:water_infrastructure_dictionary
guadalupe_dam,Non_institutional,exact,gaz:water_infrastructure_dictionary
guadalupe_reservoir,Non_institutional,exact,gaz:water_infrastructure_dictionary
gualala_river,Non_institutional,exact,gaz:water_bodies_dictionary
gwrs,Non_institutional,exact,gaz:water_infrastructure_dictionary
h_v_eastman_lake,Non_institutional,exact,gaz:water_infrastructure_dictionary
hansen_dam,Non_institutional,exact,gaz:water_infrastructure_dictionary
harvey_o_banks_pumping_plant,Non_institutional,exact,gaz:water_infrastructure_dictionary
hbmwd,Institutional_other,exact,gaz:water_entity_dictionary
hcd,Institutional_other,exact,gaz:water_entity_dictionary
heal_the_bay,NGO,exact,gaz:water_entity_dictionary
henry_miller_water_district,GSA,exact,gaz:water_gsa_dictionary
henry_miller_water_district_gsa,GSA,exact,gaz:water_gsa_dictionary
henshaw_dam,Non_institutional,exact,gaz:water_infrastructure_dictionary
hensley_dam,Non_institutional,exact,gaz:water_infrastructure_dictionary
hensley_lake,Non_institutional,exact,gaz:water_infrastructure_dictionary
heritage_ranch_community_services_district,GSA,exact,gaz:water_gsa_dictionary
hetch_hetchy_aqueduct,Non_institutional,exact,gaz:water_infrastructure_dictionary
hetch_hetchy_dam,Non_institutional,exact,gaz:water_infrastructure_dictionary
hetch_hetchy_reservoir,Non_institutional,exact,gaz:water_bodies_dictionary
hodges_dam,Non_institutional,exact,gaz:water_infrastructure_dictionary
hollister_conduit,Non_institutional,exact,gaz:water_infrastructure_dictionary
honker_bay,Non_institutional,exact,gaz:water_bodies_dictionary
hoopa_valley_indian_tribe,Institutional_other,exact,gaz:water_entity_dictionary
hoopa_valley_tribe,Institutional_other,exact,gaz:water_entity_dictionary
hoover_dam,Non_institutional,exact,gaz:water_infrastructure_dictionary
hud,Institutional_other,exact,gaz:water_entity_dictionary
humboldt_bay,Non_institutional,exact,gaz:water_bodies_dictionary
humboldt_bay_municipal_water_district,Institutional_other,exact,gaz:water_entity_dictionary
hyatt_powerplant,Non_institutional,exact,gaz:water_infrastructure_dictionary
hyatt_pumping_generating_plant,Non_institutional,exact,gaz:water_infrastructure_dictionary
hyperion_treatment_plant,Non_institutional,exact,gaz:water_infrastructure_dictionary
ibank,Institutional_other,exact,gaz:water_entity_dictionary
ieua,Institutional_other,exact,gaz:water_entity_dictionary
iid,Institutional_other,exact,gaz:water_entity_dictionary
imperial_irrigation_district,GSA,exact,gaz:water_gsa_dictionary
imperial_irrigation_district_gsa,GSA,exact,gaz:water_gsa_dictionary
imperial_irrigation_district_gsa_amos_valley,GSA,exact,gaz:water_gsa_dictionary
imperial_irrigation_district_gsa_coyote_wells_valley,GSA,exact,gaz:water_gsa_dictionary
imperial_irrigation_district_gsa_east_salton_sea,GSA,exact,gaz:water_gsa_dictionary
imperial_irrigation_district_gsa_imperial_valley,GSA,exact,gaz:water_gsa_dictionary
imperial_irrigation_district_gsa_ocotillo_clark_valley,GSA,exact,gaz:water_gsa_dictionary
imperial_irrigation_district_gsa_ocotillo_wells,GSA,exact,gaz:water_gsa_dictionary
imperial_irrigation_district_gsa_ogilby_valley,GSA,exact,gaz:water_gsa_dictionary
imperial_irrigation_district_gsa_west_salton_sea,GSA,exact,gaz:water_gsa_dictionary
indian_valley_dam,Non_institutional,exact,gaz:water_infrastructure_dictionary
indian_valley_reservoir,Non_institutional,exact,gaz:water_infrastructure_dictionary
indian_wells_valley_groundwater_authority,GSA,exact,gaz:water_gsa_dictionary
indian_wells_valley_groundwater_authority_gsa,GSA,exact,gaz:water_gsa_dictionary
indio_water_authority,GSA,exact,gaz:water_gsa_dictionary
indio_water_authority_gsa,GSA,exact,gaz:water_gsa_dictionary
indio_water_authority_gsa_desert_hot_springs,GSA,exact,gaz:water_gsa_dictionary
indio_water_authority_gsa_indio,GSA,exact,gaz:water_gsa_dictionary
infrastructure_and_economic_development_bank,Institutional_other,exact,gaz:water_entity_dictionary
inland_empire_utilities_agency,Institutional_other,exact,gaz:water_entity_dictionary
integrated_regional_water_management,Non_institutional,exact,gaz:water_entity_dictionary
integrated_regional_water_management_plan,Non_institutional,exact,gaz:water_entity_dictionary
integrated_regional_water_management_program,Non_institutional,exact,gaz:water_entity_dictionary
ione_band_of_miwok_indians,Institutional_other,exact,gaz:water_entity_dictionary
irwm,Non_institutional,exact,gaz:water_entity_dictionary
irwm_plan,Non_institutional,exact,gaz:water_entity_dictionary
irwmp,Non_institutional,exact,gaz:water_entity_dictionary
isabella_dam,Non_institutional,exact,gaz:water_infrastructure_dictionary
isabella_reservoir,Non_institutional,exact,gaz:water_bodies_dictionary
jackson_meadows_dam,Non_institutional,exact,gaz:water_infrastructure_dictionary
jackson_meadows_reservoir,Non_institutional,exact,gaz:water_infrastructure_dictionary
james,GSA,exact,gaz:water_gsa_dictionary
james_bypass,Non_institutional,exact,gaz:water_infrastructure_dictionary
james_bypass_recharge,Non_institutional,exact,gaz:water_infrastructure_dictionary
james_gsa,GSA,exact,gaz:water_gsa_dictionary
joint_water_pollution_control_plant,Non_institutional,exact,gaz:water_infrastructure_dictionary
jwpcp,Non_institutional,exact,gaz:water_infrastructure_dictionary
karuk_indian_tribe,Institutional_other,exact,gaz:water_entity_dictionary
karuk_tribe,Institutional_other,exact,gaz:water_entity_dictionary
kaweah_groundwater_basin,Non_institutional,exact,gaz:water_bodies_dictionary
kaweah_reservoir,Non_institutional,exact,gaz:water_bodies_dictionary
kaweah_river,Non_institutional,exact,gaz:water_bodies_dictionary
kaweah_subbasin,Non_institutional,exact,gaz:water_bodies_dictionary
kcwa,Institutional_other,exact,gaz:water_entity_dictionary
kern_county_subbasin,Non_institutional,exact,gaz:water_bodies_dictionary
kern_county_water_agency,Institutional_other,exact,gaz:water_entity_dictionary
kern_groundwater_basin,Non_institutional,exact,gaz:water_bodies_dictionary
kern_non_districted_land_authority,GSA,exact,gaz:water_gsa_dictionary
kern_non_districted_land_authority_gsa,GSA,exact,gaz:water_gsa_dictionary
kern_river,GSA,exact,gaz:water_gsa_dictionary
kern_river_canal,Non_institutional,exact,gaz:water_infrastructure_dictionary
kern_river_gsa,GSA,exact,gaz:water_gsa_dictionary
kern_tulare_water_district,GSA,exact,gaz:water_gsa_dictionary
kern_tulare_water_district_gsa,GSA,exact,gaz:water_gsa_dictionary
kern_water_bank,GSA,exact,gaz:water_gsa_dictionary
kern_water_bank_authority,Non_institutional,exact,gaz:water_infrastructure_dictionary
kern_water_bank_gsa,GSA,exact,gaz:water_gsa_dictionary
keswick_dam,Non_institutional,exact,gaz:water_infrastructure_dictionary
kings_groundwater_basin,Non_institutional,exact,gaz:water_bodies_dictionary
kings_river,Non_institutional,exact,gaz:water_bodies_dictionary
kings_river_canal,Non_institutional,exact,gaz:water_infrastructure_dictionary
kings_river_conservation_district,Institutional_other,exact,gaz:water_entity_dictionary
kings_river_east,GSA,exact,gaz:water_gsa_dictionary
kings_river_east_gsa,GSA,exact,gaz:water_gsa_dictionary
kings_subbasin,Non_institutional,exact,gaz:water_bodies_dictionary
klamath_river,Non_institutional,exact,gaz:water_bodies_dictionary
klamath_tribes,Institutional_other,exact,gaz:water_entity_dictionary
knights_landing_outfall_gates,Non_institutional,exact,gaz:water_infrastructure_dictionary
knights_landing_weir,Non_institutional,exact,gaz:water_infrastructure_dictionary
krcd,Institutional_other,exact,gaz:water_entity_dictionary
kumeyaay_nation,Institutional_other,exact,gaz:water_entity_dictionary
kumeyaay_people,Institutional_other,exact,gaz:water_entity_dictionary
kwb,Non_institutional,exact,gaz:water_infrastructure_dictionary
kwba,Non_institutional,exact,gaz:water_infrastructure_dictionary
la_county_dpw,Institutional_other,exact,gaz:water_entity_dictionary
la_dwp,Institutional_other,exact,gaz:water_entity_dictionary
laa,Non_institutional,exact,gaz:water_infrastructure_dictionary
lacdpw,Institutional_other,exact,gaz:water_entity_dictionary
lacfcd,Institutional_other,exact,gaz:water_entity_dictionary
ladwp,Institutional_other,exact,gaz:water_entity_dictionary
lahontan_regional_board,Institutional_other,exact,gaz:water_entity_dictionary
lahontan_regional_water_quality_control_board,Institutional_other,exact,gaz:water_entity_dictionary
lake_almanor,Non_institutional,exact,gaz:water_bodies_dictionary
lake_almanor_dam,Non_institutional,exact,gaz:water_infrastructure_dictionary
lake_berryessa,Non_institutional,exact,gaz:water_bodies_dictionary
lake_berryessa_dam,Non_institutional,exact,gaz:water_infrastructure_dictionary
lake_cachuma,Non_institutional,exact,gaz:water_bodies_dictionary
lake_cachuma_dam,Non_institutional,exact,gaz:water_infrastructure_dictionary
lake_castaic,Non_institutional,exact,gaz:water_bodies_dictionary
lake_combie,Non_institutional,exact,gaz:water_infrastructure_dictionary
lake_davis,Non_institutional,exact,gaz:water_infrastructure_dictionary
lake_don_pedro,Non_institutional,exact,gaz:water_bodies_dictionary
lake_earl,Non_institutional,exact,gaz:water_bodies_dictionary
lake_eleanor_dam,Non_institutional,exact,gaz:water_infrastructure_dictionary
lake_havasu,Non_institutional,exact,gaz:water_bodies_dictionary
lake_henshaw,Non_institutional,exact,gaz:water_infrastructure_dictionary
lake_hodges,Non_institutional,exact,gaz:water_infrastructure_dictionary
lake_isabella,Non_institutional,exact,gaz:water_bodies_dictionary
lake_isabella_dam,Non_institutional,exact,gaz:water_infrastructure_dictionary
lake_kaweah,Non_institutional,exact,gaz:water_bodies_dictionary
lake_kaweah_dam,Non_institutional,exact,gaz:water_infrastructure_dictionary
lake_mcclure,Non_institutional,exact,gaz:water_bodies_dictionary
lake_mcclure_dam,Non_institutional,exact,gaz:water_infrastructure_dictionary
lake_mcswain,Non_institutional,exact,gaz:water_infrastructure_dictionary
lake_mendocino,Non_institutional,exact,gaz:water_bodies_dictionary
lake_mendocino_dam,Non_institutional,exact,gaz:water_infrastructure_dictionary
lake_oroville,Non_institutional,exact,gaz:water_bodies_dictionary
lake_oroville_dam,Non_institutional,exact,gaz:water_infrastructure_dictionary
lake_perris,Non_institutional,exact,gaz:water_bodies_dictionary
lake_perris_dam,Non_institutional,exact,gaz:water_infrastructure_dictionary
lake_pillsbury,Non_institutional,exact,gaz:water_infrastructure_dictionary
lake_shasta,Non_institutional,exact,gaz:water_bodies_dictionary
lake_sonoma,Non_institutional,exact,gaz:water_bodies_dictionary
lake_sonoma_dam,Non_institutional,exact,gaz:water_infrastructure_dictionary
lake_spaulding,Non_institutional,exact,gaz:water_infrastructure_dictionary
lake_success,Non_institutional,exact,gaz:water_bodies_dictionary
lake_success_dam,Non_institutional,exact,gaz:water_infrastructure_dictionary
lake_tahoe,Non_institutional,exact,gaz:water_bodies_dictionary
lake_wildwood_dam,Non_institutional,exact,gaz:water_infrastructure_dictionary
las_perillas_pumping_plant,Non_institutional,exact,gaz:water_infrastructure_dictionary
leona_valley,GSA,exact,gaz:water_gsa_dictionary
leona_valley_gsa,GSA,exact,gaz:water_gsa_dictionary
lexington_dam,Non_institutional,exact,gaz:water_infrastructure_dictionary
lexington_reservoir_dam,Non_institutional,exact,gaz:water_infrastructure_dictionary
linden_county_water_district,GSA,exact,gaz:water_gsa_dictionary
linden_county_water_district_gsa,GSA,exact,gaz:water_gsa_dictionary
livermore_valley_groundwater_basin,Non_institutional,exact,gaz:water_bodies_dictionary
loch_lomond_reservoir_dam,Non_institutional,exact,gaz:water_infrastructure_dictionary
lockeford_community_service_district,GSA,exact,gaz:water_gsa_dictionary
lockeford_community_service_district_gsa,GSA,exact,gaz:water_gsa_dictionary
lopez_dam,Non_institutional,exact,gaz:water_infrastructure_dictionary
lopez_lake,Non_institutional,exact,gaz:water_infrastructure_dictionary
los_angeles,GSA,exact,gaz:water_gsa_dictionary
los_angeles_aqueduct,Non_institutional,exact,gaz:water_infrastructure_dictionary
los_angeles_basin,Non_institutional,exact,gaz:water_bodies_dictionary
los_angeles_coastal_plain_groundwater_basin,Non_institutional,exact,gaz:water_bodies_dictionary
los_angeles_county_department_of_public_works,Institutional_other,exact,gaz:water_entity_dictionary
los_angeles_county_flood_control_district,Institutional_other,exact,gaz:water_entity_dictionary
los_angeles_department_of_water_and_power,Institutional_other,exact,gaz:water_entity_dictionary
los_angeles_gsa,GSA,exact,gaz:water_gsa_dictionary
los_angeles_regional_board,Institutional_other,exact,gaz:water_entity_dictionary
los_angeles_regional_water_quality_control_board,Institutional_other,exact,gaz:water_entity_dictionary
los_angeles_river,Non_institutional,exact,gaz:water_bodies_dictionary
los_angeles_river_revitalization,Non_institutional,exact,gaz:water_infrastructure_dictionary
los_coyotes_water_reclamation_plant,Non_institutional,exact,gaz:water_infrastructure_dictionary
los_vaqueros_reservoir,Non_institutional,exact,gaz:water_infrastructure_dictionary
los_vaqueros_reservoir_expansion,Non_institutional,exact,gaz:water_infrastructure_dictionary
lower_bear_reservoir,Non_institutional,exact,gaz:water_infrastructure_dictionary
lower_bear_river_reservoir,Non_institutional,exact,gaz:water_infrastructure_dictionary
lower_colorado_river,Non_institutional,exact,gaz:water_bodies_dictionary
lower_crystal_springs_reservoir,Non_institutional,exact,gaz:water_infrastructure_dictionary
lower_feather_river,Non_institutional,exact,gaz:water_bodies_dictionary
lower_klamath_river,Non_institutional,exact,gaz:water_bodies_dictionary
lower_los_angeles_river,Non_institutional,exact,gaz:water_bodies_dictionary
lower_merced_river,Non_institutional,exact,gaz:water_bodies_dictionary
lower_newport_bay,Non_institutional,exact,gaz:water_bodies_dictionary
lower_otay_dam,Non_institutional,exact,gaz:water_infrastructure_dictionary
lower_otay_reservoir,Non_institutional,exact,gaz:water_infrastructure_dictionary
lower_owens_river,Non_institutional,exact,gaz:water_bodies_dictionary
lower_pit_river,Non_institutional,exact,gaz:water_bodies_dictionary
lower_putah_creek,Non_institutional,exact,gaz:water_bodies_dictionary
lower_russian_river,Non_institutional,exact,gaz:water_bodies_dictionary
lower_sacramento_river,Non_institutional,exact,gaz:water_bodies_dictionary
lower_salinas_river,Non_institutional,exact,gaz:water_bodies_dictionary
lower_san_joaquin_floodway,Non_institutional,exact,gaz:water_infrastructure_dictionary
lower_san_joaquin_river,Non_institutional,exact,gaz:water_bodies_dictionary
lower_santa_ana_river,Non_institutional,exact,gaz:water_bodies_dictionary
lower_santa_clara_river,Non_institutional,exact,gaz:water_bodies_dictionary
lower_trinity_river,Non_institutional,exact,gaz:water_bodies_dictionary
lower_tule_river_irrigation_district,GSA,exact,gaz:water_gsa_dictionary
lower_tule_river_irrigation_district_gsa,GSA,exact,gaz:water_gsa_dictionary
lower_tuolumne_river,Non_institutional,exact,gaz:water_bodies_dictionary
mad_river,Non_institutional,exact,gaz:water_bodies_dictionary
madera_canal,Non_institutional,exact,gaz:water_infrastructure_dictionary
madera_irrigation_district,GSA,exact,gaz:water_gsa_dictionary
madera_irrigation_district_gsa,GSA,exact,gaz:water_gsa_dictionary
madera_ranch_groundwater_bank,Non_institutional,exact,gaz:water_infrastructure_dictionary
madera_ranch_water_bank,Non_institutional,exact,gaz:water_infrastructure_dictionary
madera_subbasin,Non_institutional,exact,gaz:water_bodies_dictionary
madera_water_district,GSA,exact,gaz:water_gsa_dictionary
madera_water_district_gsa,GSA,exact,gaz:water_gsa_dictionary
marin_municipal_water_district,Institutional_other,exact,gaz:water_entity_dictionary
marina_coast_water_district,GSA,exact,gaz:water_gsa_dictionary
marina_coast_water_district_gsa,GSA,exact,gaz:water_gsa_dictionary
marina_coast_water_district_gsa_180_400_foot_aquifer,GSA,exact,gaz:water_gsa_dictionary
marina_coast_water_district_gsa_monterey,GSA,exact,gaz:water_gsa_dictionary
mariposa_bypass,Non_institutional,exact,gaz:water_infrastructure_dictionary
marysville_ring_levee,Non_institutional,exact,gaz:water_infrastructure_dictionary
mattole_river,Non_institutional,exact,gaz:water_bodies_dictionary
mccloud_river,Non_institutional,exact,gaz:water_bodies_dictionary
mcclure_reservoir,Non_institutional,exact,gaz:water_bodies_dictionary
mcmullin_area,GSA,exact,gaz:water_gsa_dictionary
mcmullin_area_gsa,GSA,exact,gaz:water_gsa_dictionary
mcswain_dam,Non_institutional,exact,gaz:water_infrastructure_dictionary
mcwra,Institutional_other,exact,gaz:water_entity_dictionary
mechoopda_indian_tribe,Institutional_other,exact,gaz:water_entity_dictionary
mendota_pool,Non_institutional,exact,gaz:water_infrastructure_dictionary
merced_irrigation_district,Institutional_other,exact,gaz:water_entity_dictionary
merced_irrigation_urban,GSA,exact,gaz:water_gsa_dictionary
merced_irrigation_urban_gsa,GSA,exact,gaz:water_gsa_dictionary
merced_river,Non_institutional,exact,gaz:water_bodies_dictionary
merced_subbasin,GSA,exact,gaz:water_gsa_dictionary
merced_subbasin_gsa,GSA,exact,gaz:water_gsa_dictionary
met,Institutional_other,exact,gaz:water_entity_dictionary
metropolitan_water_district,Institutional_other,exact,gaz:water_entity_dictionary
metropolitan_water_district_of_southern_california,Institutional_other,exact,gaz:water_entity_dictionary
metropolitan_water_district_skinner_treatment_plant,Non_institutional,exact,gaz:water_infrastructure_dictionary
metropolitan_water_district_weymouth_treatment_plant,Non_institutional,exact,gaz:water_infrastructure_dictionary
michelson_water_recycling_plant,Non_institutional,exact,gaz:water_infrastructure_dictionary
michelson_wrp,Non_institutional,exact,gaz:water_infrastructure_dictionary
mid,Institutional_other,exact,gaz:water_entity_dictionary
mid_kaweah,GSA,exact,gaz:water_gsa_dictionary
mid_kaweah_gsa,GSA,exact,gaz:water_gsa_dictionary
mid_kings_river,GSA,exact,gaz:water_gsa_dictionary
mid_kings_river_gsa,GSA,exact,gaz:water_gsa_dictionary
mid_pacific_region,Institutional_other,exact,gaz:water_entity_dictionary
middle_fork_american_river,Non_institutional,exact,gaz:water_bodies_dictionary
middle_fork_eel_river,Non_institutional,exact,gaz:water_bodies_dictionary
middle_fork_kaweah_river,Non_institutional,exact,gaz:water_bodies_dictionary
middle_fork_kings_river,Non_institutional,exact,gaz:water_bodies_dictionary
middle_fork_yuba_river,Non_institutional,exact,gaz:water_bodies_dictionary
middle_river,Non_institutional,exact,gaz:water_infrastructure_dictionary
millerton_lake,Non_institutional,exact,gaz:water_bodies_dictionary
millerton_lake_dam,Non_institutional,exact,gaz:water_infrastructure_dictionary
millerton_reservoir,Non_institutional,exact,gaz:water_bodies_dictionary
mission_bay,Non_institutional,exact,gaz:water_bodies_dictionary
mission_springs_water_district,GSA,exact,gaz:water_gsa_dictionary
mission_springs_water_district_gsa,GSA,exact,gaz:water_gsa_dictionary
mission_springs_water_district_gsa_indio,GSA,exact,gaz:water_gsa_dictionary
mission_springs_water_district_gsa_mission_creek,GSA,exact,gaz:water_gsa_dictionary
miwok_tribe,Institutional_other,exact,gaz:water_entity_dictionary
mmwd,Institutional_other,exact,gaz:water_entity_dictionary
moccasin_dam,Non_institutional,exact,gaz:water_infrastructure_dictionary
moccasin_reservoir,Non_institutional,exact,gaz:water_infrastructure_dictionary
modesto_irrigation_district,Institutional_other,exact,gaz:water_entity_dictionary
modesto_subbasin,Non_institutional,exact,gaz:water_bodies_dictionary
mojave_basin_area,Non_institutional,exact,gaz:water_bodies_dictionary
mojave_groundwater_basin,Non_institutional,exact,gaz:water_bodies_dictionary
mojave_river,Non_institutional,exact,gaz:water_bodies_dictionary
mojave_siphon_power_plant,Non_institutional,exact,gaz:water_infrastructure_dictionary
mojave_water_agency,Institutional_other,exact,gaz:water_entity_dictionary
mokelumne_aqueduct,Non_institutional,exact,gaz:water_infrastructure_dictionary
mokelumne_aqueduct_water_treatment_plant,Non_institutional,exact,gaz:water_infrastructure_dictionary
mokelumne_river,Non_institutional,exact,gaz:water_bodies_dictionary
mono_county_tri_valley_groundwater_management_district,GSA,exact,gaz:water_gsa_dictionary
mono_county_tri_valley_groundwater_management_district_gsa,GSA,exact,gaz:water_gsa_dictionary
mono_county_tri_valley_groundwater_management_district_gsa_fis,GSA,exact,gaz:water_gsa_dictionary
mono_county_tri_valley_groundwater_management_district_gsa_owe,GSA,exact,gaz:water_gsa_dictionary
mono_lake,Non_institutional,exact,gaz:water_bodies_dictionary
mono_tribe,Institutional_other,exact,gaz:water_entity_dictionary
montecito_groundwater_basin,GSA,exact,gaz:water_gsa_dictionary
montecito_groundwater_basin_gsa,GSA,exact,gaz:water_gsa_dictionary
monterey_bay,Non_institutional,exact,gaz:water_bodies_dictionary
monterey_bay_desalination_project,Non_institutional,exact,gaz:water_infrastructure_dictionary
monterey_county_water_resources_agency,Institutional_other,exact,gaz:water_entity_dictionary
monterey_peninsula_groundwater_basin,Non_institutional,exact,gaz:water_bodies_dictionary
monterey_peninsula_water_management_district,GSA,exact,gaz:water_gsa_dictionary
monterey_peninsula_water_management_district_gsa,GSA,exact,gaz:water_gsa_dictionary
monticello_dam,Non_institutional,exact,gaz:water_infrastructure_dictionary
mooretown_rancheria_of_maidu_indians,Institutional_other,exact,gaz:water_entity_dictionary
morongo_band_of_mission_indians,Institutional_other,exact,gaz:water_entity_dictionary
morris_dam,Non_institutional,exact,gaz:water_infrastructure_dictionary
morris_reservoir,Non_institutional,exact,gaz:water_infrastructure_dictionary
morro_bay,Non_institutional,exact,gaz:water_bodies_dictionary
moulton_weir,Non_institutional,exact,gaz:water_infrastructure_dictionary
mound_basin,GSA,exact,gaz:water_gsa_dictionary
mound_basin_gsa,GSA,exact,gaz:water_gsa_dictionary
mpwmd,Institutional_other,exact,gaz:water_entity_dictionary
municipal_water_district_of_orange_county,Institutional_other,exact,gaz:water_entity_dictionary
murrieta_creek,Non_institutional,exact,gaz:water_bodies_dictionary
mwa,Institutional_other,exact,gaz:water_entity_dictionary
mwd,Institutional_other,exact,gaz:water_entity_dictionary
mwdoc,Institutional_other,exact,gaz:water_entity_dictionary
nacimiento_river,Non_institutional,exact,gaz:water_bodies_dictionary
napa_county_flood_control_and_water_conservation_district,Institutional_other,exact,gaz:water_entity_dictionary
napa_county_resource_conservation_district,NGO,exact,gaz:water_entity_dictionary
napa_rcd,NGO,exact,gaz:water_entity_dictionary
national_audubon_society,NGO,exact,gaz:water_entity_dictionary
national_marine_fisheries_service,Institutional_other,exact,gaz:water_entity_dictionary
national_park_service,Institutional_other,exact,gaz:water_entity_dictionary
natomas_levee_improvement_program,Non_institutional,exact,gaz:water_infrastructure_dictionary
natural_resources_agency,Institutional_other,exact,gaz:water_entity_dictionary
natural_resources_conservation_service,Institutional_other,exact,gaz:water_entity_dictionary
natural_resources_defense_council,NGO,exact,gaz:water_entity_dictionary
nature_conservancy,NGO,exact,gaz:water_entity_dictionary
navarro_river,Non_institutional,exact,gaz:water_bodies_dictionary
nba,Non_institutional,exact,gaz:water_infrastructure_dictionary
nevada_irrigation_district,Institutional_other,exact,gaz:water_entity_dictionary
new_bullards_bar_dam,Non_institutional,exact,gaz:water_infrastructure_dictionary
new_bullards_bar_reservoir,Non_institutional,exact,gaz:water_bodies_dictionary
new_don_pedro_dam,Non_institutional,exact,gaz:water_infrastructure_dictionary
new_exchequer_dam,Non_institutional,exact,gaz:water_infrastructure_dictionary
new_melones_dam,Non_institutional,exact,gaz:water_infrastructure_dictionary
new_melones_lake,Non_institutional,exact,gaz:water_bodies_dictionary
new_melones_lake_dam,Non_institutional,exact,gaz:water_infrastructure_dictionary
new_melones_reservoir,Non_institutional,exact,gaz:water_bodies_dictionary
new_river,Non_institutional,exact,gaz:water_bodies_dictionary
new_spicer_meadow_dam,Non_institutional,exact,gaz:water_infrastructure_dictionary
new_stone_water_district,GSA,exact,gaz:water_gsa_dictionary
new_stone_water_district_gsa,GSA,exact,gaz:water_gsa_dictionary
newell_creek_dam,Non_institutional,exact,gaz:water_infrastructure_dictionary
newport_bay,Non_institutional,exact,gaz:water_bodies_dictionary
nid,Institutional_other,exact,gaz:water_entity_dictionary
niles_cone_groundwater_basin,Non_institutional,exact,gaz:water_bodies_dictionary
nimbus_dam,Non_institutional,exact,gaz:water_infrastructure_dictionary
nlip,Non_institutional,exact,gaz:water_infrastructure_dictionary
nma,Non_institutional,exact,gaz:water_infrastructure_dictionary
nmfs,Institutional_other,exact,gaz:water_entity_dictionary
nmwd,Institutional_other,exact,gaz:water_entity_dictionary
noaa_fisheries,Institutional_other,exact,gaz:water_entity_dictionary
north_american_subbasin,Non_institutional,exact,gaz:water_bodies_dictionary
north_bay_aqueduct,Non_institutional,exact,gaz:water_infrastructure_dictionary
north_coast_integrated_regional_water_management,Non_institutional,exact,gaz:water_entity_dictionary
north_coast_irwm,Non_institutional,exact,gaz:water_entity_dictionary
north_coast_regional_board,Institutional_other,exact,gaz:water_entity_dictionary
north_coast_regional_water_quality_control_board,Institutional_other,exact,gaz:water_entity_dictionary
north_fork_american_river,Non_institutional,exact,gaz:water_bodies_dictionary
north_fork_eel_river,Non_institutional,exact,gaz:water_bodies_dictionary
north_fork_kaweah_river,Non_institutional,exact,gaz:water_bodies_dictionary
north_fork_kern_river,Non_institutional,exact,gaz:water_bodies_dictionary
north_fork_kings,GSA,exact,gaz:water_gsa_dictionary
north_fork_kings_gsa,GSA,exact,gaz:water_gsa_dictionary
north_fork_kings_river,Non_institutional,exact,gaz:water_bodies_dictionary
north_fork_mokelumne_river,Non_institutional,exact,gaz:water_bodies_dictionary
north_fork_rancheria_of_mono_indians,Institutional_other,exact,gaz:water_entity_dictionary
north_fork_san_gabriel_river,Non_institutional,exact,gaz:water_bodies_dictionary
north_fork_stanislaus_river,Non_institutional,exact,gaz:water_bodies_dictionary
north_fork_tule_river,Non_institutional,exact,gaz:water_bodies_dictionary
north_fork_yuba_river,Non_institutional,exact,gaz:water_bodies_dictionary
north_kern_banking_program,Non_institutional,exact,gaz:water_infrastructure_dictionary
north_kern_water_bank,Non_institutional,exact,gaz:water_infrastructure_dictionary
north_kern_water_storage_district,GSA,exact,gaz:water_gsa_dictionary
north_kern_water_storage_district_gsa,GSA,exact,gaz:water_gsa_dictionary
north_kings,GSA,exact,gaz:water_gsa_dictionary
north_kings_gsa,GSA,exact,gaz:water_gsa_dictionary
north_marin_aqueduct,Non_institutional,exact,gaz:water_infrastructure_dictionary
north_marin_water_district,Institutional_other,exact,gaz:water_entity_dictionary
north_san_joaquin_water_conservation_district,GSA,exact,gaz:water_gsa_dictionary
north_san_joaquin_water_conservation_district_gsa,GSA,exact,gaz:water_gsa_dictionary
northwestern_delta_mendota,GSA,exact,gaz:water_gsa_dictionary
northwestern_delta_mendota_gsa,GSA,exact,gaz:water_gsa_dictionary
nps,Institutional_other,exact,gaz:water_entity_dictionary
nrcs,Institutional_other,exact,gaz:water_entity_dictionary
nrdc,NGO,exact,gaz:water_entity_dictionary
o_neill_forebay,Non_institutional,exact,gaz:water_infrastructure_dictionary
o_neill_pumping_generating_plant,Non_institutional,exact,gaz:water_infrastructure_dictionary
o_shaughnessy_dam,Non_institutional,exact,gaz:water_infrastructure_dictionary
o_shaughnessy_reservoir,Non_institutional,exact,gaz:water_bodies_dictionary
oakdale_irrigation_district,GSA,exact,gaz:water_gsa_dictionary
oakdale_irrigation_district_gsa,GSA,exact,gaz:water_gsa_dictionary
ocsd,Institutional_other,exact,gaz:water_entity_dictionary
ocwd,Institutional_other,exact,gaz:water_entity_dictionary
oehha,Institutional_other,exact,gaz:water_entity_dictionary
oes,Institutional_other,exact,gaz:water_entity_dictionary
office_of_environmental_health_hazard_assessment,Institutional_other,exact,gaz:water_entity_dictionary
office_of_planning_and_research,Institutional_other,exact,gaz:water_entity_dictionary
ohlone_people,Institutional_other,exact,gaz:water_entity_dictionary
ohlone_tribe,Institutional_other,exact,gaz:water_entity_dictionary
ojai_basin_groundwater_management_agency,GSA,exact,gaz:water_gsa_dictionary
ojai_basin_groundwater_management_agency_gsa,GSA,exact,gaz:water_gsa_dictionary
olcese_water_district,GSA,exact,gaz:water_gsa_dictionary
olcese_water_district_gsa,GSA,exact,gaz:water_gsa_dictionary
old_river,Non_institutional,exact,gaz:water_infrastructure_dictionary
old_river_barriers,Non_institutional,exact,gaz:water_infrastructure_dictionary
omochumne_hartnell_water_district,GSA,exact,gaz:water_gsa_dictionary
omochumne_hartnell_water_district_gsa,GSA,exact,gaz:water_gsa_dictionary
omochumne_hartnell_water_district_gsa_cosumnes,GSA,exact,gaz:water_gsa_dictionary
omochumne_hartnell_water_district_gsa_south_american,GSA,exact,gaz:water_gsa_dictionary
opr,Institutional_other,exact,gaz:water_entity_dictionary
orange_county_sanitation_district,Institutional_other,exact,gaz:water_entity_dictionary
orange_county_water_district,Institutional_other,exact,gaz:water_entity_dictionary
orange_county_water_district_groundwater_replenishment_system,Non_institutional,exact,gaz:water_infrastructure_dictionary
oro_loma_water_district,GSA,exact,gaz:water_gsa_dictionary
oro_loma_water_district_gsa,GSA,exact,gaz:water_gsa_dictionary
oroville_dam,Non_institutional,exact,gaz:water_infrastructure_dictionary
oroville_reservoir,Non_institutional,exact,gaz:water_bodies_dictionary
otay_river,Non_institutional,exact,gaz:water_bodies_dictionary
owens_lake,Non_institutional,exact,gaz:water_bodies_dictionary
owens_river,Non_institutional,exact,gaz:water_bodies_dictionary
owens_valley_basin,Non_institutional,exact,gaz:water_bodies_dictionary
owens_valley_groundwater_authority,GSA,exact,gaz:water_gsa_dictionary
owens_valley_groundwater_authority_gsa,GSA,exact,gaz:water_gsa_dictionary
owens_valley_groundwater_authority_gsa_fish_slough,GSA,exact,gaz:water_gsa_dictionary
owens_valley_groundwater_authority_gsa_owens_valley,GSA,exact,gaz:water_gsa_dictionary
owens_valley_groundwater_basin,Non_institutional,exact,gaz:water_bodies_dictionary
pacheco_conduit,Non_institutional,exact,gaz:water_infrastructure_dictionary
pacheco_pumping_plant,Non_institutional,exact,gaz:water_infrastructure_dictionary
pacific_coast_federation_of_fishermen_s_associations,NGO,exact,gaz:water_entity_dictionary
pacoima_dam,Non_institutional,exact,gaz:water_infrastructure_dictionary
pacoima_reservoir,Non_institutional,exact,gaz:water_infrastructure_dictionary
pajaro_river,Non_institutional,exact,gaz:water_bodies_dictionary
pajaro_valley_basin,Non_institutional,exact,gaz:water_bodies_dictionary
pajaro_valley_groundwater_basin,Non_institutional,exact,gaz:water_bodies_dictionary
pajaro_valley_water_management_agency,GSA,exact,gaz:water_gsa_dictionary
pajaro_valley_water_management_agency_gsa,GSA,exact,gaz:water_gsa_dictionary
pala_band_of_mission_indians,Institutional_other,exact,gaz:water_entity_dictionary
palo_alto_regional_water_quality_control_plant,Non_institutional,exact,gaz:water_infrastructure_dictionary
paradise_cut,Non_institutional,exact,gaz:water_infrastructure_dictionary
pardee_dam,Non_institutional,exact,gaz:water_infrastructure_dictionary
pardee_reservoir,Non_institutional,exact,gaz:water_bodies_dictionary
pardee_reservoir_dam,Non_institutional,exact,gaz:water_infrastructure_dictionary
parker_dam,Non_institutional,exact,gaz:water_infrastructure_dictionary
patterson_irrigation_district,GSA,exact,gaz:water_gsa_dictionary
patterson_irrigation_district_gsa,GSA,exact,gaz:water_gsa_dictionary
pcffa,NGO,exact,gaz:water_entity_dictionary
pcwa,Institutional_other,exact,gaz:water_entity_dictionary
pearblossom_pumping_plant,Non_institutional,exact,gaz:water_infrastructure_dictionary
perris_dam,Non_institutional,exact,gaz:water_infrastructure_dictionary
perris_reservoir,Non_institutional,exact,gaz:water_bodies_dictionary
petaluma_valley,GSA,exact,gaz:water_gsa_dictionary
petaluma_valley_gsa,GSA,exact,gaz:water_gsa_dictionary
pine_flat_dam,Non_institutional,exact,gaz:water_infrastructure_dictionary
pine_flat_lake,Non_institutional,exact,gaz:water_bodies_dictionary
pine_flat_lake_dam,Non_institutional,exact,gaz:water_infrastructure_dictionary
pine_flat_reservoir,Non_institutional,exact,gaz:water_bodies_dictionary
pioneer,GSA,exact,gaz:water_gsa_dictionary
pioneer_groundwater_banking,Non_institutional,exact,gaz:water_infrastructure_dictionary
pioneer_gsa,GSA,exact,gaz:water_gsa_dictionary
pioneer_project,Non_institutional,exact,gaz:water_infrastructure_dictionary
pit_river,Non_institutional,exact,gaz:water_bodies_dictionary
pit_river_tribe,Institutional_other,exact,gaz:water_entity_dictionary
pixley_irrigation_district,GSA,exact,gaz:water_gsa_dictionary
pixley_irrigation_district_gsa,GSA,exact,gaz:water_gsa_dictionary
placer_county_water_agency,Institutional_other,exact,gaz:water_entity_dictionary
pleasant_valley,GSA,exact,gaz:water_gsa_dictionary
pleasant_valley_gsa,GSA,exact,gaz:water_gsa_dictionary
pleasant_valley_pumping_plant,Non_institutional,exact,gaz:water_infrastructure_dictionary
point_blue,NGO,exact,gaz:water_entity_dictionary
point_blue_conservation_science,NGO,exact,gaz:water_entity_dictionary
polonio_pass_pumping_plant,Non_institutional,exact,gaz:water_infrastructure_dictionary
pomo_indians,Institutional_other,exact,gaz:water_entity_dictionary
pomo_tribes,Institutional_other,exact,gaz:water_entity_dictionary
porterville_irrigation_district_groundwater_sustainability_agenc,GSA,exact,gaz:water_gsa_dictionary
prado_basin_sediment_management,Non_institutional,exact,gaz:water_infrastructure_dictionary
prado_dam,Non_institutional,exact,gaz:water_infrastructure_dictionary
prado_flood_control_basin,Non_institutional,exact,gaz:water_infrastructure_dictionary
principal_aquifer,Non_institutional,exact,gaz:water_bodies_dictionary
prop_1,Non_institutional,exact,gaz:water_entity_dictionary
prop_13,Non_institutional,exact,gaz:water_entity_dictionary
prop_50,Non_institutional,exact,gaz:water_entity_dictionary
prop_84,Non_institutional,exact,gaz:water_entity_dictionary
proposition_1,Non_institutional,exact,gaz:water_entity_dictionary
proposition_13,Non_institutional,exact,gaz:water_entity_dictionary
proposition_50,Non_institutional,exact,gaz:water_entity_dictionary
proposition_84,Non_institutional,exact,gaz:water_entity_dictionary
public_utilities_commission,Institutional_other,exact,gaz:water_entity_dictionary
pure_water_monterey,Non_institutional,exact,gaz:water_infrastructure_dictionary
pure_water_program,Non_institutional,exact,gaz:water_infrastructure_dictionary
pure_water_san_diego,Non_institutional,exact,gaz:water_infrastructure_dictionary
pure_water_soquel,Non_institutional,exact,gaz:water_infrastructure_dictionary
pure_water_southern_california,Non_institutional,exact,gaz:water_infrastructure_dictionary
putah_creek,Non_institutional,exact,gaz:water_bodies_dictionary
putah_south_canal,Non_institutional,exact,gaz:water_infrastructure_dictionary
pvwma,Institutional_other,exact,gaz:water_entity_dictionary
pyramid_dam,Non_institutional,exact,gaz:water_infrastructure_dictionary
pyramid_lake,Non_institutional,exact,gaz:water_bodies_dictionary
pyramid_lake_dam,Non_institutional,exact,gaz:water_infrastructure_dictionary
pyramid_reservoir,Non_institutional,exact,gaz:water_bodies_dictionary
quechan_tribe,Institutional_other,exact,gaz:water_entity_dictionary
r_c_dillon_water_treatment_plant,Non_institutional,exact,gaz:water_infrastructure_dictionary
rcd,NGO,exact,gaz:water_entity_dictionary
reclamation_district_no_1001,GSA,exact,gaz:water_gsa_dictionary
reclamation_district_no_1001_gsa,GSA,exact,gaz:water_gsa_dictionary
reclamation_district_no_1002,GSA,exact,gaz:water_gsa_dictionary
reclamation_district_no_1002_gsa,GSA,exact,gaz:water_gsa_dictionary
reclamation_district_no_1004,GSA,exact,gaz:water_gsa_dictionary
reclamation_district_no_1004_gsa,GSA,exact,gaz:water_gsa_dictionary
reclamation_district_no_1004_gsa_butte_1,GSA,exact,gaz:water_gsa_dictionary
reclamation_district_no_1004_gsa_butte_2,GSA,exact,gaz:water_gsa_dictionary
reclamation_district_no_1004_gsa_colusa,GSA,exact,gaz:water_gsa_dictionary
reclamation_district_no_1500,GSA,exact,gaz:water_gsa_dictionary
reclamation_district_no_1500_gsa,GSA,exact,gaz:water_gsa_dictionary
reclamation_district_no_1660,GSA,exact,gaz:water_gsa_dictionary
reclamation_district_no_1660_gsa,GSA,exact,gaz:water_gsa_dictionary
reclamation_district_no_2106,GSA,exact,gaz:water_gsa_dictionary
reclamation_district_no_2106_gsa,GSA,exact,gaz:water_gsa_dictionary
reclamation_district_no_2110,GSA,exact,gaz:water_gsa_dictionary
reclamation_district_no_2110_gsa,GSA,exact,gaz:water_gsa_dictionary
reclamation_district_no_349,GSA,exact,gaz:water_gsa_dictionary
reclamation_district_no_349_gsa,GSA,exact,gaz:water_gsa_dictionary
reclamation_district_no_369,GSA,exact,gaz:water_gsa_dictionary
reclamation_district_no_369_gsa,GSA,exact,gaz:water_gsa_dictionary
reclamation_district_no_501,GSA,exact,gaz:water_gsa_dictionary
reclamation_district_no_501_gsa,GSA,exact,gaz:water_gsa_dictionary
reclamation_district_no_551,GSA,exact,gaz:water_gsa_dictionary
reclamation_district_no_551_gsa,GSA,exact,gaz:water_gsa_dictionary
reclamation_district_no_70,GSA,exact,gaz:water_gsa_dictionary
reclamation_district_no_70_gsa,GSA,exact,gaz:water_gsa_dictionary
reclamation_district_no_744,GSA,exact,gaz:water_gsa_dictionary
reclamation_district_no_744_gsa,GSA,exact,gaz:water_gsa_dictionary
reclamation_district_no_813,GSA,exact,gaz:water_gsa_dictionary
reclamation_district_no_813_gsa,GSA,exact,gaz:water_gsa_dictionary
redding_area_groundwater_basin,Non_institutional,exact,gaz:water_bodies_dictionary
redwood_valley_county_water_district_pipeline,Non_institutional,exact,gaz:water_infrastructure_dictionary
region_1_water_board,Institutional_other,exact,gaz:water_entity_dictionary
region_2_water_board,Institutional_other,exact,gaz:water_entity_dictionary
region_3_water_board,Institutional_other,exact,gaz:water_entity_dictionary
region_4_water_board,Institutional_other,exact,gaz:water_entity_dictionary
region_5_water_board,Institutional_other,exact,gaz:water_entity_dictionary
region_6_water_board,Institutional_other,exact,gaz:water_entity_dictionary
region_7_water_board,Institutional_other,exact,gaz:water_entity_dictionary
region_8_water_board,Institutional_other,exact,gaz:water_entity_dictionary
region_9_water_board,Institutional_other,exact,gaz:water_entity_dictionary
regional_recycled_water_program,Non_institutional,exact,gaz:water_infrastructure_dictionary
regional_water_quality_control_plant,Non_institutional,exact,gaz:water_infrastructure_dictionary
resource_conservation_district,NGO,exact,gaz:water_entity_dictionary
resource_conservation_districts_of_california,NGO,exact,gaz:water_entity_dictionary
richardson_bay,Non_institutional,exact,gaz:water_bodies_dictionary
richvale_irrigation_district,GSA,exact,gaz:water_gsa_dictionary
richvale_irrigation_district_gsa,GSA,exact,gaz:water_gsa_dictionary
rincon_band_of_luiseno_mission_indians,Institutional_other,exact,gaz:water_entity_dictionary
rio_hondo_spreading_grounds,Non_institutional,exact,gaz:water_infrastructure_dictionary
riverside_basin,Non_institutional,exact,gaz:water_bodies_dictionary
riverside_basin_groundwater,Non_institutional,exact,gaz:water_bodies_dictionary
rmc,Institutional_other,exact,gaz:water_entity_dictionary
roaring_river_distribution_system,Non_institutional,exact,gaz:water_infrastructure_dictionary
robert_b_diemer_treatment_plant,Non_institutional,exact,gaz:water_infrastructure_dictionary
rock_creek_reclamation_district,GSA,exact,gaz:water_gsa_dictionary
rock_creek_reclamation_district_gsa,GSA,exact,gaz:water_gsa_dictionary
root_creek_water_district,GSA,exact,gaz:water_gsa_dictionary
root_creek_water_district_gsa,GSA,exact,gaz:water_gsa_dictionary
rosedale_rio_bravo_banking_program,Non_institutional,exact,gaz:water_infrastructure_dictionary
rosedale_rio_bravo_groundwater_banking,Non_institutional,exact,gaz:water_infrastructure_dictionary
rosedale_rio_bravo_water_storage_district,GSA,exact,gaz:water_gsa_dictionary
rosedale_rio_bravo_water_storage_district_gsa,GSA,exact,gaz:water_gsa_dictionary
round_valley_indian_tribes,Institutional_other,exact,gaz:water_entity_dictionary
rural_utilities_service,Institutional_other,exact,gaz:water_entity_dictionary
rus,Institutional_other,exact,gaz:water_entity_dictionary
russian_river,Non_institutional,exact,gaz:water_bodies_dictionary
sacramento_area_flood_control_agency,Institutional_other,exact,gaz:water_entity_dictionary
sacramento_bypass_weir,Non_institutional,exact,gaz:water_infrastructure_dictionary
sacramento_canals_unit,Non_institutional,exact,gaz:water_infrastructure_dictionary
sacramento_central_groundwater_authority,GSA,exact,gaz:water_gsa_dictionary
sacramento_central_groundwater_authority_gsa,GSA,exact,gaz:water_gsa_dictionary
sacramento_central_groundwater_authority_gsa_1,GSA,exact,gaz:water_gsa_dictionary
sacramento_county,GSA,exact,gaz:water_gsa_dictionary
sacramento_county_gsa,GSA,exact,gaz:water_gsa_dictionary
sacramento_county_gsa_cosumnes,GSA,exact,gaz:water_gsa_dictionary
sacramento_county_gsa_solano,GSA,exact,gaz:water_gsa_dictionary
sacramento_county_water_agency,Institutional_other,exact,gaz:water_entity_dictionary
sacramento_flood_control_project,Non_institutional,exact,gaz:water_infrastructure_dictionary
sacramento_groundwater_authority,GSA,exact,gaz:water_gsa_dictionary
sacramento_groundwater_authority_gsa,GSA,exact,gaz:water_gsa_dictionary
sacramento_municipal_utility_district,Institutional_other,exact,gaz:water_entity_dictionary
sacramento_regional_county_sanitation_district,Non_institutional,exact,gaz:water_infrastructure_dictionary
sacramento_regional_wastewater_treatment_plant,Non_institutional,exact,gaz:water_infrastructure_dictionary
sacramento_river,Non_institutional,exact,gaz:water_bodies_dictionary
sacramento_river_integrated_regional_water_management,Non_institutional,exact,gaz:water_entity_dictionary
sacramento_river_irwm,Non_institutional,exact,gaz:water_entity_dictionary
sacramento_san_joaquin_delta,Non_institutional,exact,gaz:water_bodies_dictionary
sacramento_san_joaquin_delta_conservancy,Institutional_other,exact,gaz:water_entity_dictionary
sacramento_san_joaquin_river_delta,Non_institutional,exact,gaz:water_bodies_dictionary
sacramento_valley_basin,Non_institutional,exact,gaz:water_bodies_dictionary
sacramento_valley_groundwater_basin,Non_institutional,exact,gaz:water_bodies_dictionary
sacramento_weir,Non_institutional,exact,gaz:water_infrastructure_dictionary
safca,Institutional_other,exact,gaz:water_entity_dictionary
salinas_basin,Non_institutional,exact,gaz:water_bodies_dictionary
salinas_dam,Non_institutional,exact,gaz:water_infrastructure_dictionary
salinas_river,Non_institutional,exact,gaz:water_bodies_dictionary
salinas_valley_basin,GSA,exact,gaz:water_gsa_dictionary
salinas_valley_basin_gsa,GSA,exact,gaz:water_gsa_dictionary
salinas_valley_basin_gsa_180_400_foot_aquifer,GSA,exact,gaz:water_gsa_dictionary
salinas_valley_basin_gsa_east_side_aquifer,GSA,exact,gaz:water_gsa_dictionary
salinas_valley_basin_gsa_forebay_aquifer,GSA,exact,gaz:water_gsa_dictionary
salinas_valley_basin_gsa_langley_area,GSA,exact,gaz:water_gsa_dictionary
salinas_valley_basin_gsa_monterey,GSA,exact,gaz:water_gsa_dictionary
salinas_valley_basin_gsa_upper_valley_aquifer,GSA,exact,gaz:water_gsa_dictionary
salinas_valley_groundwater_basin,Non_institutional,exact,gaz:water_bodies_dictionary
salt_springs_dam,Non_institutional,exact,gaz:water_infrastructure_dictionary
salt_springs_reservoir,Non_institutional,exact,gaz:water_infrastructure_dictionary
salton_sea,Non_institutional,exact,gaz:water_bodies_dictionary
san_antonio_basin,GSA,exact,gaz:water_gsa_dictionary
san_antonio_basin_gsa,GSA,exact,gaz:water_gsa_dictionary
san_antonio_river,Non_institutional,exact,gaz:water_bodies_dictionary
san_antonio_spreading_grounds,Non_institutional,exact,gaz:water_infrastructure_dictionary
san_benito_county_water_district,GSA,exact,gaz:water_gsa_dictionary
san_benito_county_water_district_gsa,GSA,exact,gaz:water_gsa_dictionary
san_diego_aqueduct,Non_institutional,exact,gaz:water_infrastructure_dictionary
san_diego_aqueduct_first_pipeline,Non_institutional,exact,gaz:water_infrastructure_dictionary
san_diego_bay,Non_institutional,exact,gaz:water_bodies_dictionary
san_diego_county_water_authority,Institutional_other,exact,gaz:water_entity_dictionary
san_diego_formation_groundwater_basin,Non_institutional,exact,gaz:water_bodies_dictionary
san_diego_integrated_regional_water_management,Non_institutional,exact,gaz:water_entity_dictionary
san_diego_irwm,Non_institutional,exact,gaz:water_entity_dictionary
san_diego_regional_board,Institutional_other,exact,gaz:water_entity_dictionary
san_diego_regional_water_quality_control_board,Institutional_other,exact,gaz:water_entity_dictionary
san_diego_river,Non_institutional,exact,gaz:water_bodies_dictionary
san_diego_river_valley,GSA,exact,gaz:water_gsa_dictionary
san_diego_river_valley_gsa,GSA,exact,gaz:water_gsa_dictionary
san_felipe_division,Non_institutional,exact,gaz:water_infrastructure_dictionary
san_felipe_pipeline,Non_institutional,exact,gaz:water_infrastructure_dictionary
san_felipe_project,Non_institutional,exact,gaz:water_infrastructure_dictionary
san_francisco_bay,Non_institutional,exact,gaz:water_bodies_dictionary
san_francisco_bay_area_integrated_regional_water_management,Non_institutional,exact,gaz:water_entity_dictionary
san_francisco_bay_delta,Non_institutional,exact,gaz:water_bodies_dictionary
san_francisco_bay_regional_board,Institutional_other,exact,gaz:water_entity_dictionary
san_francisco_bay_regional_water_quality_control_board,Institutional_other,exact,gaz:water_entity_dictionary
san_francisco_estuary,Non_institutional,exact,gaz:water_bodies_dictionary
san_francisco_estuary_institute,NGO,exact,gaz:water_entity_dictionary
san_francisco_public_utilities_commission,GSA,exact,gaz:water_gsa_dictionary
san_francisco_public_utilities_commission_gsa,GSA,exact,gaz:water_gsa_dictionary
san_francisco_public_utilities_commission_gsa_downtown,GSA,exact,gaz:water_gsa_dictionary
san_francisco_public_utilities_commission_gsa_islais_valley,GSA,exact,gaz:water_gsa_dictionary
san_francisco_public_utilities_commission_gsa_lobos,GSA,exact,gaz:water_gsa_dictionary
san_francisco_public_utilities_commission_gsa_marina,GSA,exact,gaz:water_gsa_dictionary
san_francisco_public_utilities_commission_gsa_south_san_franci,GSA,exact,gaz:water_gsa_dictionary
san_francisco_public_utilities_commission_gsa_visitacion_valle,GSA,exact,gaz:water_gsa_dictionary
san_francisco_public_utilities_commission_gsa_westside,GSA,exact,gaz:water_gsa_dictionary
san_gabriel_and_lower_los_angeles_rivers_and_mountains_conservancy,Institutional_other,exact,gaz:water_entity_dictionary
san_gabriel_basin,Non_institutional,exact,gaz:water_bodies_dictionary
san_gabriel_dam,Non_institutional,exact,gaz:water_infrastructure_dictionary
san_gabriel_reservoir,Non_institutional,exact,gaz:water_infrastructure_dictionary
san_gabriel_river,Non_institutional,exact,gaz:water_bodies_dictionary
san_gabriel_river_watershed,Non_institutional,exact,gaz:water_infrastructure_dictionary
san_gabriel_spreading_grounds,Non_institutional,exact,gaz:water_infrastructure_dictionary
san_gabriel_valley_groundwater_basin,Non_institutional,exact,gaz:water_bodies_dictionary
san_gorgonio_pass,GSA,exact,gaz:water_gsa_dictionary
san_gorgonio_pass_gsa,GSA,exact,gaz:water_gsa_dictionary
san_joaquin_river,Non_institutional,exact,gaz:water_bodies_dictionary
san_joaquin_river_conservancy,Institutional_other,exact,gaz:water_entity_dictionary
san_joaquin_river_exchange_contractors,GSA,exact,gaz:water_gsa_dictionary
san_joaquin_river_exchange_contractors_gsa,GSA,exact,gaz:water_gsa_dictionary
san_joaquin_valley_basin,Non_institutional,exact,gaz:water_bodies_dictionary
san_joaquin_valley_groundwater_basin,Non_institutional,exact,gaz:water_bodies_dictionary
san_jose_area_groundwater_basin,Non_institutional,exact,gaz:water_bodies_dictionary
san_jose_santa_clara_regional_wastewater_facility,Non_institutional,exact,gaz:water_infrastructure_dictionary
san_jose_water_company,Institutional_other,exact,gaz:water_entity_dictionary
san_lorenzo_river,Non_institutional,exact,gaz:water_bodies_dictionary
san_luis_dam,Non_institutional,exact,gaz:water_infrastructure_dictionary
san_luis_delta_mendota_water_authority,Institutional_other,exact,gaz:water_entity_dictionary
san_luis_obispo_county_flood_control_and_water_conservation_district,Institutional_other,exact,gaz:water_entity_dictionary
san_luis_reservoir,Non_institutional,exact,gaz:water_bodies_dictionary
san_luis_reservoir_dam,Non_institutional,exact,gaz:water_infrastructure_dictionary
san_luis_rey_river,Non_institutional,exact,gaz:water_bodies_dictionary
san_manuel_band_of_mission_indians,Institutional_other,exact,gaz:water_entity_dictionary
san_miguel_community_services_district,GSA,exact,gaz:water_gsa_dictionary
san_miguel_community_services_district_gsa,GSA,exact,gaz:water_gsa_dictionary
san_pablo_bay,Non_institutional,exact,gaz:water_bodies_dictionary
san_pasqual_valley,GSA,exact,gaz:water_gsa_dictionary
san_pasqual_valley_gsa,GSA,exact,gaz:water_gsa_dictionary
san_timoteo_subbasin,GSA,exact,gaz:water_gsa_dictionary
san_timoteo_subbasin_gsa,GSA,exact,gaz:water_gsa_dictionary
san_vicente_dam,Non_institutional,exact,gaz:water_infrastructure_dictionary
san_vicente_reservoir,Non_institutional,exact,gaz:water_infrastructure_dictionary
santa_ana_irwm,Non_institutional,exact,gaz:water_entity_dictionary
santa_ana_regional_board,Institutional_other,exact,gaz:water_entity_dictionary
santa_ana_regional_water_quality_control_board,Institutional_other,exact,gaz:water_entity_dictionary
santa_ana_river,Non_institutional,exact,gaz:water_bodies_dictionary
santa_ana_river_mainstem_project,Non_institutional,exact,gaz:water_infrastructure_dictionary
santa_ana_river_spreading_grounds,Non_institutional,exact,gaz:water_infrastructure_dictionary
santa_ana_watershed_integrated_regional_water_management,Non_institutional,exact,gaz:water_entity_dictionary
santa_ana_watershed_project_authority,Institutional_other,exact,gaz:water_entity_dictionary
santa_barbara_county_water_agency,Institutional_other,exact,gaz:water_entity_dictionary
santa_barbara_desalination_plant,Non_institutional,exact,gaz:water_infrastructure_dictionary
santa_clara_basin,Non_institutional,exact,gaz:water_bodies_dictionary
santa_clara_conduit,Non_institutional,exact,gaz:water_infrastructure_dictionary
santa_clara_river,Non_institutional,exact,gaz:water_bodies_dictionary
santa_clara_valley_groundwater_basin,Non_institutional,exact,gaz:water_bodies_dictionary
santa_clara_valley_water_district,GSA,exact,gaz:water_gsa_dictionary
santa_clara_valley_water_district_gsa,GSA,exact,gaz:water_gsa_dictionary
santa_clara_valley_water_district_gsa_llagas_area,GSA,exact,gaz:water_gsa_dictionary
santa_clara_valley_water_district_gsa_north_san_benito,GSA,exact,gaz:water_gsa_dictionary
santa_clara_valley_water_district_gsa_santa_clara,GSA,exact,gaz:water_gsa_dictionary
santa_clarita_valley,GSA,exact,gaz:water_gsa_dictionary
santa_clarita_valley_gsa,GSA,exact,gaz:water_gsa_dictionary
santa_cruz_mid_county_groundwater_agency,GSA,exact,gaz:water_gsa_dictionary
santa_cruz_mid_county_groundwater_agency_basin,Non_institutional,exact,gaz:water_bodies_dictionary
santa_cruz_mid_county_groundwater_agency_gsa,GSA,exact,gaz:water_gsa_dictionary
santa_margarita_groundwater_agency,GSA,exact,gaz:water_gsa_dictionary
santa_margarita_groundwater_agency_gsa,GSA,exact,gaz:water_gsa_dictionary
santa_margarita_lake,Non_institutional,exact,gaz:water_infrastructure_dictionary
santa_margarita_river,Non_institutional,exact,gaz:water_bodies_dictionary
santa_monica_basin,GSA,exact,gaz:water_gsa_dictionary
santa_monica_basin_gsa,GSA,exact,gaz:water_gsa_dictionary
santa_monica_bay,Non_institutional,exact,gaz:water_bodies_dictionary
santa_monica_mountains_conservancy,Institutional_other,exact,gaz:water_entity_dictionary
santa_rosa_plain,GSA,exact,gaz:water_gsa_dictionary
santa_rosa_plain_gsa,GSA,exact,gaz:water_gsa_dictionary
santa_ynez_band_of_chumash_mission_indians,Institutional_other,exact,gaz:water_entity_dictionary
santa_ynez_river,Non_institutional,exact,gaz:water_bodies_dictionary
santa_ynez_river_valley_basin_central_management_area,GSA,exact,gaz:water_gsa_dictionary
santa_ynez_river_valley_basin_central_management_area_gsa,GSA,exact,gaz:water_gsa_dictionary
santa_ynez_river_valley_basin_eastern_management_area,GSA,exact,gaz:water_gsa_dictionary
santa_ynez_river_valley_basin_eastern_management_area_gsa,GSA,exact,gaz:water_gsa_dictionary
santa_ynez_river_valley_basin_western_management_area,GSA,exact,gaz:water_gsa_dictionary
santa_ynez_river_valley_basin_western_management_area_gsa,GSA,exact,gaz:water_gsa_dictionary
saucelito_irrigation_district_groundwater_sustainability_agency,GSA,exact,gaz:water_gsa_dictionary
sawpa,Institutional_other,exact,gaz:water_entity_dictionary
sba,Non_institutional,exact,gaz:water_infrastructure_dictionary
sbcwa,Institutional_other,exact,gaz:water_entity_dictionary
scc,Institutional_other,exact,gaz:water_entity_dictionary
scott_dam,Non_institutional,exact,gaz:water_infrastructure_dictionary
scotts_flat_dam,Non_institutional,exact,gaz:water_infrastructure_dictionary
scotts_flat_reservoir,Non_institutional,exact,gaz:water_infrastructure_dictionary
scvwd,Institutional_other,exact,gaz:water_entity_dictionary
scwa,Institutional_other,exact,gaz:water_entity_dictionary
sd_county_water_authority,Institutional_other,exact,gaz:water_entity_dictionary
sdcwa,Institutional_other,exact,gaz:water_entity_dictionary
second_los_angeles_aqueduct,Non_institutional,exact,gaz:water_infrastructure_dictionary
second_san_diego_aqueduct,Non_institutional,exact,gaz:water_infrastructure_dictionary
second_sda,Non_institutional,exact,gaz:water_infrastructure_dictionary
semitropic_banking_project,Non_institutional,exact,gaz:water_infrastructure_dictionary
semitropic_groundwater_storage_bank,Non_institutional,exact,gaz:water_infrastructure_dictionary
semitropic_water_bank,Non_institutional,exact,gaz:water_infrastructure_dictionary
semitropic_water_storage_district,GSA,exact,gaz:water_gsa_dictionary
semitropic_water_storage_district_gsa,GSA,exact,gaz:water_gsa_dictionary
sf_puc,Institutional_other,exact,gaz:water_entity_dictionary
sfei,NGO,exact,gaz:water_entity_dictionary
sfpuc,Institutional_other,exact,gaz:water_entity_dictionary
shafter_wasco_irrigation_district,GSA,exact,gaz:water_gsa_dictionary
shafter_wasco_irrigation_district_gsa,GSA,exact,gaz:water_gsa_dictionary
shallow_aquifer,Non_institutional,exact,gaz:water_bodies_dictionary
shandon_san_juan,GSA,exact,gaz:water_gsa_dictionary
shandon_san_juan_gsa,GSA,exact,gaz:water_gsa_dictionary
shasta_county_water_agency,Institutional_other,exact,gaz:water_entity_dictionary
shasta_dam,Non_institutional,exact,gaz:water_infrastructure_dictionary
shasta_indian_nation,Institutional_other,exact,gaz:water_entity_dictionary
shasta_lake,Non_institutional,exact,gaz:water_bodies_dictionary
shasta_lake_dam,Non_institutional,exact,gaz:water_infrastructure_dictionary
shasta_reservoir,Non_institutional,exact,gaz:water_bodies_dictionary
sierra_club,NGO,exact,gaz:water_entity_dictionary
sierra_club_california,NGO,exact,gaz:water_entity_dictionary
sierra_nevada_conservancy,Institutional_other,exact,gaz:water_entity_dictionary
sierra_valley_groundwater_management_district,GSA,exact,gaz:water_gsa_dictionary
sierra_valley_groundwater_management_district_gsa,GSA,exact,gaz:water_gsa_dictionary
silicon_valley_advanced_water_purification_center,Non_institutional,exact,gaz:water_infrastructure_dictionary
silverwood_lake,Non_institutional,exact,gaz:water_bodies_dictionary
silverwood_lake_dam,Non_institutional,exact,gaz:water_infrastructure_dictionary
siskiyou_county_flood_control_and_water_conservation_district_gs,GSA,exact,gaz:water_gsa_dictionary
sites_reservoir,Non_institutional,exact,gaz:water_infrastructure_dictionary
sites_reservoir_project,Non_institutional,exact,gaz:water_infrastructure_dictionary
sjw,Institutional_other,exact,gaz:water_entity_dictionary
slc,Institutional_other,exact,gaz:water_entity_dictionary
sldmwa,Institutional_other,exact,gaz:water_entity_dictionary
sloughhouse_resource_conservation_district,GSA,exact,gaz:water_gsa_dictionary
sloughhouse_resource_conservation_district_gsa,GSA,exact,gaz:water_gsa_dictionary
sloughhouse_resource_conservation_district_gsa_cosumnes,GSA,exact,gaz:water_gsa_dictionary
smith_river,Non_institutional,exact,gaz:water_bodies_dictionary
smmc,Institutional_other,exact,gaz:water_entity_dictionary
smud,Institutional_other,exact,gaz:water_entity_dictionary
snc,Institutional_other,exact,gaz:water_entity_dictionary
soboba_band_of_luiseno_indians,Institutional_other,exact,gaz:water_entity_dictionary
solano_irrigation_district,GSA,exact,gaz:water_gsa_dictionary
solano_irrigation_district_gsa,GSA,exact,gaz:water_gsa_dictionary
solano_subbasin,GSA,exact,gaz:water_gsa_dictionary
solano_subbasin_gsa,GSA,exact,gaz:water_gsa_dictionary
sonoma_county_water_agency,Institutional_other,exact,gaz:water_entity_dictionary
sonoma_ecology_center,NGO,exact,gaz:water_entity_dictionary
sonoma_valley,GSA,exact,gaz:water_gsa_dictionary
sonoma_valley_gsa,GSA,exact,gaz:water_gsa_dictionary
sonoma_water,Institutional_other,exact,gaz:water_entity_dictionary
soquel_creek,Non_institutional,exact,gaz:water_bodies_dictionary
south_american_subbasin,Non_institutional,exact,gaz:water_bodies_dictionary
south_bay_aqueduct,Non_institutional,exact,gaz:water_infrastructure_dictionary
south_county_pipeline,Non_institutional,exact,gaz:water_infrastructure_dictionary
south_delta_water_agency,GSA,exact,gaz:water_gsa_dictionary
south_delta_water_agency_gsa,GSA,exact,gaz:water_gsa_dictionary
south_fork_american_river,Non_institutional,exact,gaz:water_bodies_dictionary
south_fork_eel_river,Non_institutional,exact,gaz:water_bodies_dictionary
south_fork_kaweah_river,Non_institutional,exact,gaz:water_bodies_dictionary
south_fork_kern_river,Non_institutional,exact,gaz:water_bodies_dictionary
south_fork_kings,GSA,exact,gaz:water_gsa_dictionary
south_fork_kings_gsa,GSA,exact,gaz:water_gsa_dictionary
south_fork_kings_river,Non_institutional,exact,gaz:water_bodies_dictionary
south_fork_mokelumne_river,Non_institutional,exact,gaz:water_bodies_dictionary
south_fork_stanislaus_river,Non_institutional,exact,gaz:water_bodies_dictionary
south_fork_tule_river,Non_institutional,exact,gaz:water_bodies_dictionary
south_fork_yuba_river,Non_institutional,exact,gaz:water_bodies_dictionary
south_kings,GSA,exact,gaz:water_gsa_dictionary
south_kings_gsa,GSA,exact,gaz:water_gsa_dictionary
south_sacramento_county_streams_project,Non_institutional,exact,gaz:water_infrastructure_dictionary
south_san_joaquin,GSA,exact,gaz:water_gsa_dictionary
south_san_joaquin_gsa,GSA,exact,gaz:water_gsa_dictionary
south_sutter_water_district,GSA,exact,gaz:water_gsa_dictionary
south_sutter_water_district_gsa,GSA,exact,gaz:water_gsa_dictionary
south_tahoe_public_utility_district,GSA,exact,gaz:water_gsa_dictionary
south_tahoe_public_utility_district_gsa,GSA,exact,gaz:water_gsa_dictionary
southern_san_joaquin_municipal_utility_district,GSA,exact,gaz:water_gsa_dictionary
southern_san_joaquin_municipal_utility_district_gsa,GSA,exact,gaz:water_gsa_dictionary
southwest_kings,GSA,exact,gaz:water_gsa_dictionary
southwest_kings_gsa,GSA,exact,gaz:water_gsa_dictionary
spadra_basin,GSA,exact,gaz:water_gsa_dictionary
spadra_basin_gsa,GSA,exact,gaz:water_gsa_dictionary
spaulding_dam,Non_institutional,exact,gaz:water_infrastructure_dictionary
spicer_meadow_reservoir,Non_institutional,exact,gaz:water_infrastructure_dictionary
srcsd,Non_institutional,exact,gaz:water_infrastructure_dictionary
stanislaus_and_tuolumne_rivers_groundwater_basin_association,GSA,exact,gaz:water_gsa_dictionary
stanislaus_and_tuolumne_rivers_groundwater_basin_association_gsa,GSA,exact,gaz:water_gsa_dictionary
stanislaus_river,Non_institutional,exact,gaz:water_bodies_dictionary
state_board_of_forestry_and_fire_protection,Institutional_other,exact,gaz:water_entity_dictionary
state_lands_commission,Institutional_other,exact,gaz:water_entity_dictionary
state_water_board,Institutional_other,exact,gaz:water_entity_dictionary
state_water_contractors,NGO,exact,gaz:water_entity_dictionary
state_water_resources_control_board,Institutional_other,exact,gaz:water_entity_dictionary
stevens_creek_dam,Non_institutional,exact,gaz:water_infrastructure_dictionary
stevens_creek_reservoir,Non_institutional,exact,gaz:water_infrastructure_dictionary
stewart_tract,GSA,exact,gaz:water_gsa_dictionary
stewart_tract_gsa,GSA,exact,gaz:water_gsa_dictionary
stockdale_west_recharge_basin,Non_institutional,exact,gaz:water_infrastructure_dictionary
stockton_east_water_district,GSA,exact,gaz:water_gsa_dictionary
stockton_east_water_district_gsa,GSA,exact,gaz:water_gsa_dictionary
stony_creek,Non_institutional,exact,gaz:water_bodies_dictionary
stony_gorge_dam,Non_institutional,exact,gaz:water_infrastructure_dictionary
success_dam,Non_institutional,exact,gaz:water_infrastructure_dictionary
success_reservoir,Non_institutional,exact,gaz:water_bodies_dictionary
suisun_bay,Non_institutional,exact,gaz:water_bodies_dictionary
suisun_marsh,Non_institutional,exact,gaz:water_bodies_dictionary
suisun_marsh_salinity_control_gates,Non_institutional,exact,gaz:water_infrastructure_dictionary
surfrider_foundation,NGO,exact,gaz:water_entity_dictionary
sustainable_conservation,NGO,exact,gaz:water_entity_dictionary
sutherland_dam,Non_institutional,exact,gaz:water_infrastructure_dictionary
sutherland_reservoir,Non_institutional,exact,gaz:water_infrastructure_dictionary
sutter_bypass,Non_institutional,exact,gaz:water_infrastructure_dictionary
sutter_community_service_district,GSA,exact,gaz:water_gsa_dictionary
sutter_community_service_district_gsa,GSA,exact,gaz:water_gsa_dictionary
sutter_extension_water_district,GSA,exact,gaz:water_gsa_dictionary
sutter_extension_water_district_gsa,GSA,exact,gaz:water_gsa_dictionary
svawpc,Non_institutional,exact,gaz:water_infrastructure_dictionary
swc,NGO,exact,gaz:water_entity_dictionary
sweetwater_dam,Non_institutional,exact,gaz:water_infrastructure_dictionary
sweetwater_reservoir,Non_institutional,exact,gaz:water_infrastructure_dictionary
swp_california_aqueduct,Non_institutional,exact,gaz:water_infrastructure_dictionary
swp_delta_pumping_plant,Non_institutional,exact,gaz:water_infrastructure_dictionary
swrcb,Institutional_other,exact,gaz:water_entity_dictionary
tahoe_regional_planning_agency,Institutional_other,exact,gaz:water_entity_dictionary
tc_canal,Non_institutional,exact,gaz:water_infrastructure_dictionary
tcca,Institutional_other,exact,gaz:water_entity_dictionary
tea_pot_dome_water_district,GSA,exact,gaz:water_gsa_dictionary
tehachapi_crossing,Non_institutional,exact,gaz:water_infrastructure_dictionary
tehachapi_tunnels,Non_institutional,exact,gaz:water_infrastructure_dictionary
tehama_colusa_canal,Non_institutional,exact,gaz:water_infrastructure_dictionary
tehama_colusa_canal_authority,Institutional_other,exact,gaz:water_entity_dictionary
tehama_county_flood_control_and_water_conservation_district,GSA,exact,gaz:water_gsa_dictionary
tehama_county_flood_control_and_water_conservation_district_gsa,GSA,exact,gaz:water_gsa_dictionary
tejon_castac_water_district,GSA,exact,gaz:water_gsa_dictionary
tejon_castac_water_district_gsa,GSA,exact,gaz:water_gsa_dictionary
temescal_subbasin,GSA,exact,gaz:water_gsa_dictionary
temescal_subbasin_gsa,GSA,exact,gaz:water_gsa_dictionary
terminal_island_water_reclamation_plant,Non_institutional,exact,gaz:water_infrastructure_dictionary
terminus_dam,Non_institutional,exact,gaz:water_infrastructure_dictionary
terra_bella_irrigation_district_groundwater_sustainability_agenc,GSA,exact,gaz:water_gsa_dictionary
the_nature_conservancy,NGO,exact,gaz:water_entity_dictionary
thermalito_diversion_dam,Non_institutional,exact,gaz:water_infrastructure_dictionary
thermalito_power_plant,Non_institutional,exact,gaz:water_infrastructure_dictionary
thermalito_pumping_generating_plant,Non_institutional,exact,gaz:water_infrastructure_dictionary
three_valleys_municipal_water_district,Institutional_other,exact,gaz:water_entity_dictionary
three_valleys_mwd,Institutional_other,exact,gaz:water_entity_dictionary
tid,Institutional_other,exact,gaz:water_entity_dictionary
tijuana_river,Non_institutional,exact,gaz:water_bodies_dictionary
tillman_water_reclamation_plant,Non_institutional,exact,gaz:water_infrastructure_dictionary
tisdale_bypass,Non_institutional,exact,gaz:water_infrastructure_dictionary
tisdale_weir,Non_institutional,exact,gaz:water_infrastructure_dictionary
tmwa,Institutional_other,exact,gaz:water_entity_dictionary
tnc,NGO,exact,gaz:water_entity_dictionary
tomales_bay,Non_institutional,exact,gaz:water_bodies_dictionary
torres_martinez_desert_cahuilla_indians,Institutional_other,exact,gaz:water_entity_dictionary
tracy_pumping_plant,Non_institutional,exact,gaz:water_infrastructure_dictionary
tracy_subbasin,Non_institutional,exact,gaz:water_bodies_dictionary
treepeople,NGO,exact,gaz:water_entity_dictionary
tri_county_water_authority,GSA,exact,gaz:water_gsa_dictionary
tri_county_water_authority_gsa,GSA,exact,gaz:water_gsa_dictionary
tri_county_water_authority_gsa_tulare_lake,GSA,exact,gaz:water_gsa_dictionary
tri_county_water_authority_gsa_tule,GSA,exact,gaz:water_gsa_dictionary
triangle_t_water_district,GSA,exact,gaz:water_gsa_dictionary
triangle_t_water_district_gsa,GSA,exact,gaz:water_gsa_dictionary
trinity_dam,Non_institutional,exact,gaz:water_infrastructure_dictionary
trinity_river,Non_institutional,exact,gaz:water_bodies_dictionary
trout_unlimited,NGO,exact,gaz:water_entity_dictionary
trpa,Institutional_other,exact,gaz:water_entity_dictionary
truckee_meadows_water_authority,Institutional_other,exact,gaz:water_entity_dictionary
truckee_river,Non_institutional,exact,gaz:water_bodies_dictionary
tulare_lake_basin,Non_institutional,exact,gaz:water_bodies_dictionary
tulare_lake_basin_water_storage_district,Institutional_other,exact,gaz:water_entity_dictionary
tulare_lake_bed_recharge,Non_institutional,exact,gaz:water_infrastructure_dictionary
tulare_lake_recharge_project,Non_institutional,exact,gaz:water_infrastructure_dictionary
tulare_lake_subbasin,Non_institutional,exact,gaz:water_bodies_dictionary
tule_east_gsa_jpa,GSA,exact,gaz:water_gsa_dictionary
tule_groundwater_basin,Non_institutional,exact,gaz:water_bodies_dictionary
tule_river,Non_institutional,exact,gaz:water_bodies_dictionary
tule_river_indian_tribe,Institutional_other,exact,gaz:water_entity_dictionary
tule_subbasin,Non_institutional,exact,gaz:water_bodies_dictionary
tulelake_irrigation_district,GSA,exact,gaz:water_gsa_dictionary
tulelake_irrigation_district_gsa,GSA,exact,gaz:water_gsa_dictionary
tulloch_dam,Non_institutional,exact,gaz:water_infrastructure_dictionary
tulloch_reservoir,Non_institutional,exact,gaz:water_infrastructure_dictionary
tuolumne_band_of_me_wuk_indians,Institutional_other,exact,gaz:water_entity_dictionary
tuolumne_me_wuk,Institutional_other,exact,gaz:water_entity_dictionary
tuolumne_river,Non_institutional,exact,gaz:water_bodies_dictionary
tuolumne_river_regional_water_system,Non_institutional,exact,gaz:water_infrastructure_dictionary
turlock_irrigation_district,Institutional_other,exact,gaz:water_entity_dictionary
turlock_subbasin,Non_institutional,exact,gaz:water_bodies_dictionary
turner_island_water_district,GSA,exact,gaz:water_gsa_dictionary
turner_island_water_district_gsa,GSA,exact,gaz:water_gsa_dictionary
turner_island_water_district_gsa_delta_mendota,GSA,exact,gaz:water_gsa_dictionary
turner_island_water_district_gsa_merced,GSA,exact,gaz:water_gsa_dictionary
twitchell_dam,Non_institutional,exact,gaz:water_infrastructure_dictionary
twitchell_reservoir,Non_institutional,exact,gaz:water_infrastructure_dictionary
ukiah_valley_basin,GSA,exact,gaz:water_gsa_dictionary
ukiah_valley_basin_gsa,GSA,exact,gaz:water_gsa_dictionary
unconfined_aquifer,Non_institutional,exact,gaz:water_bodies_dictionary
united_auburn_indian_community,Institutional_other,exact,gaz:water_entity_dictionary
upper_feather_river,Non_institutional,exact,gaz:water_bodies_dictionary
upper_klamath_river,Non_institutional,exact,gaz:water_bodies_dictionary
upper_los_angeles_river,Non_institutional,exact,gaz:water_bodies_dictionary
upper_merced_river,Non_institutional,exact,gaz:water_bodies_dictionary
upper_newport_bay,Non_institutional,exact,gaz:water_bodies_dictionary
upper_owens_river,Non_institutional,exact,gaz:water_bodies_dictionary
upper_pit_river,Non_institutional,exact,gaz:water_bodies_dictionary
upper_putah_creek,Non_institutional,exact,gaz:water_bodies_dictionary
upper_russian_river,Non_institutional,exact,gaz:water_bodies_dictionary
upper_sacramento_river,Non_institutional,exact,gaz:water_bodies_dictionary
upper_salinas_river,Non_institutional,exact,gaz:water_bodies_dictionary
upper_san_gabriel_mwd,Institutional_other,exact,gaz:water_entity_dictionary
upper_san_gabriel_valley_municipal_water_district,Institutional_other,exact,gaz:water_entity_dictionary
upper_san_joaquin_river,Non_institutional,exact,gaz:water_bodies_dictionary
upper_san_luis_rey_groundwater_management_authority,GSA,exact,gaz:water_gsa_dictionary
upper_san_luis_rey_groundwater_management_authority_gsa,GSA,exact,gaz:water_gsa_dictionary
upper_santa_ana_river,Non_institutional,exact,gaz:water_bodies_dictionary
upper_santa_clara_river,Non_institutional,exact,gaz:water_bodies_dictionary
upper_trinity_river,Non_institutional,exact,gaz:water_bodies_dictionary
upper_tuolumne_river,Non_institutional,exact,gaz:water_bodies_dictionary
upper_ventura_river_groundwater_agency,GSA,exact,gaz:water_gsa_dictionary
upper_ventura_river_groundwater_agency_gsa,GSA,exact,gaz:water_gsa_dictionary
us_army_corps_of_engineers,Institutional_other,exact,gaz:water_entity_dictionary
us_bureau_of_reclamation,Institutional_other,exact,gaz:water_entity_dictionary
us_department_of_agriculture,Institutional_other,exact,gaz:water_entity_dictionary
us_department_of_housing_and_urban_development,Institutional_other,exact,gaz:water_entity_dictionary
us_department_of_the_interior,Institutional_other,exact,gaz:water_entity_dictionary
us_environmental_protection_agency,Institutional_other,exact,gaz:water_entity_dictionary
us_epa,Institutional_other,exact,gaz:water_entity_dictionary
us_fish_and_wildlife_service,Institutional_other,exact,gaz:water_entity_dictionary
us_forest_service,Institutional_other,exact,gaz:water_entity_dictionary
us_geological_survey,Institutional_other,exact,gaz:water_entity_dictionary
usace,Institutional_other,exact,gaz:water_entity_dictionary
usbr,Institutional_other,exact,gaz:water_entity_dictionary
usda,Institutional_other,exact,gaz:water_entity_dictionary
usfs,Institutional_other,exact,gaz:water_entity_dictionary
usfws,Institutional_other,exact,gaz:water_entity_dictionary
usgs,Institutional_other,exact,gaz:water_entity_dictionary
uvas_dam,Non_institutional,exact,gaz:water_infrastructure_dictionary
uvas_reservoir,Non_institutional,exact,gaz:water_infrastructure_dictionary
vail_dam,Non_institutional,exact,gaz:water_infrastructure_dictionary
vail_lake,Non_institutional,exact,gaz:water_infrastructure_dictionary
valley_water,Institutional_other,exact,gaz:water_entity_dictionary
van_arsdale_reservoir,Non_institutional,exact,gaz:water_infrastructure_dictionary
van_duzen_river,Non_institutional,exact,gaz:water_bodies_dictionary
vandalia_water_district,GSA,exact,gaz:water_gsa_dictionary
vasona_dam,Non_institutional,exact,gaz:water_infrastructure_dictionary
vasona_reservoir,Non_institutional,exact,gaz:water_infrastructure_dictionary
vcwpd,Institutional_other,exact,gaz:water_entity_dictionary
ventura_county_watershed_protection_district,Institutional_other,exact,gaz:water_entity_dictionary
ventura_river,Non_institutional,exact,gaz:water_bodies_dictionary
verbenia,GSA,exact,gaz:water_gsa_dictionary
verbenia_gsa,GSA,exact,gaz:water_gsa_dictionary
vina,GSA,exact,gaz:water_gsa_dictionary
vina_gsa,GSA,exact,gaz:water_gsa_dictionary
walker_river,Non_institutional,exact,gaz:water_bodies_dictionary
walnut_grove_cross_channel,Non_institutional,exact,gaz:water_infrastructure_dictionary
wapa,Institutional_other,exact,gaz:water_entity_dictionary
warm_springs_dam,Non_institutional,exact,gaz:water_infrastructure_dictionary
warm_springs_reservoir,Non_institutional,exact,gaz:water_bodies_dictionary
water_education_foundation,NGO,exact,gaz:water_entity_dictionary
wcb,Institutional_other,exact,gaz:water_entity_dictionary
wef,NGO,exact,gaz:water_entity_dictionary
west_basin,Non_institutional,exact,gaz:water_bodies_dictionary
west_basin_groundwater_basin,Non_institutional,exact,gaz:water_bodies_dictionary
west_basin_municipal_water_district,Institutional_other,exact,gaz:water_entity_dictionary
west_basin_mwd,Institutional_other,exact,gaz:water_entity_dictionary
west_basin_water_recycling_program,Non_institutional,exact,gaz:water_infrastructure_dictionary
west_branch_california_aqueduct,Non_institutional,exact,gaz:water_infrastructure_dictionary
west_branch_swp,Non_institutional,exact,gaz:water_infrastructure_dictionary
west_fork_san_gabriel_river,Non_institutional,exact,gaz:water_bodies_dictionary
west_kern_water_district,GSA,exact,gaz:water_gsa_dictionary
west_kern_water_district_gsa,GSA,exact,gaz:water_gsa_dictionary
west_placer,GSA,exact,gaz:water_gsa_dictionary
west_placer_gsa,GSA,exact,gaz:water_gsa_dictionary
west_sacramento_levee_project,Non_institutional,exact,gaz:water_infrastructure_dictionary
west_san_jacinto,GSA,exact,gaz:water_gsa_dictionary
west_san_jacinto_gsa,GSA,exact,gaz:water_gsa_dictionary
west_stanislaus_irrigation_district,GSA,exact,gaz:water_gsa_dictionary
west_stanislaus_irrigation_district_gsa,GSA,exact,gaz:water_gsa_dictionary
west_turlock_subbasin,GSA,exact,gaz:water_gsa_dictionary
west_turlock_subbasin_gsa,GSA,exact,gaz:water_gsa_dictionary
western_area_power_administration,Institutional_other,exact,gaz:water_entity_dictionary
western_canal_water_district,GSA,exact,gaz:water_gsa_dictionary
western_canal_water_district_gsa,GSA,exact,gaz:water_gsa_dictionary
western_municipal_water_district,GSA,exact,gaz:water_gsa_dictionary
western_municipal_water_district_gsa,GSA,exact,gaz:water_gsa_dictionary
western_municipal_water_district_gsa_riverside_arlington,GSA,exact,gaz:water_gsa_dictionary
westlands_water_district,GSA,exact,gaz:water_gsa_dictionary
westlands_water_district_gsa,GSA,exact,gaz:water_gsa_dictionary
westside_district_water_authority,GSA,exact,gaz:water_gsa_dictionary
westside_district_water_authority_gsa,GSA,exact,gaz:water_gsa_dictionary
westside_sacramento_integrated_regional_water_management,Non_institutional,exact,gaz:water_entity_dictionary
westside_sacramento_irwm,Non_institutional,exact,gaz:water_entity_dictionary
westside_subbasin,Non_institutional,exact,gaz:water_bodies_dictionary
wheeler_ridge_maricopa,GSA,exact,gaz:water_gsa_dictionary
wheeler_ridge_maricopa_gsa,GSA,exact,gaz:water_gsa_dictionary
wheeler_ridge_pumping_plant,Non_institutional,exact,gaz:water_infrastructure_dictionary
whiskeytown_dam,Non_institutional,exact,gaz:water_infrastructure_dictionary
whiskeytown_lake_dam,Non_institutional,exact,gaz:water_infrastructure_dictionary
white_wolf,GSA,exact,gaz:water_gsa_dictionary
white_wolf_gsa,GSA,exact,gaz:water_gsa_dictionary
whitewater_creek,Non_institutional,exact,gaz:water_bodies_dictionary
whitewater_river,Non_institutional,exact,gaz:water_bodies_dictionary
whittier_narrows_reservoir,Non_institutional,exact,gaz:water_infrastructure_dictionary
whittier_narrows_spreading_grounds,Non_institutional,exact,gaz:water_infrastructure_dictionary
widren_water_district,GSA,exact,gaz:water_gsa_dictionary
widren_water_district_gsa,GSA,exact,gaz:water_gsa_dictionary
wildlife_conservation_board,Institutional_other,exact,gaz:water_entity_dictionary
william_r_gianelli_pumping_plant,Non_institutional,exact,gaz:water_infrastructure_dictionary
wilton_rancheria,Institutional_other,exact,gaz:water_entity_dictionary
wind_gap_pumping_plant,Non_institutional,exact,gaz:water_infrastructure_dictionary
winnemem_wintu_tribe,Institutional_other,exact,gaz:water_entity_dictionary
wintun_nation,Institutional_other,exact,gaz:water_entity_dictionary
wintun_people,Institutional_other,exact,gaz:water_entity_dictionary
wiyot_tribe,Institutional_other,exact,gaz:water_entity_dictionary
woodbridge_irrigation_district,GSA,exact,gaz:water_gsa_dictionary
woodbridge_irrigation_district_gsa,GSA,exact,gaz:water_gsa_dictionary
wwd,Institutional_other,exact,gaz:water_entity_dictionary
wyandotte_creek,GSA,exact,gaz:water_gsa_dictionary
wyandotte_creek_gsa,GSA,exact,gaz:water_gsa_dictionary
yana_tribe,Institutional_other,exact,gaz:water_entity_dictionary
ycwa,Institutional_other,exact,gaz:water_entity_dictionary
yokuts_people,Institutional_other,exact,gaz:water_entity_dictionary
yokuts_tribe,Institutional_other,exact,gaz:water_entity_dictionary
yolo_bypass,Non_institutional,exact,gaz:water_infrastructure_dictionary
yolo_county_fcwcd,Institutional_other,exact,gaz:water_entity_dictionary
yolo_county_flood_control_and_water_conservation_district,Institutional_other,exact,gaz:water_entity_dictionary
yolo_county_groundwater_basin,Non_institutional,exact,gaz:water_bodies_dictionary
yolo_subbasin,GSA,exact,gaz:water_gsa_dictionary
yolo_subbasin_gsa,GSA,exact,gaz:water_gsa_dictionary
yuba_county_water_agency,Institutional_other,exact,gaz:water_entity_dictionary
yuba_river,Non_institutional,exact,gaz:water_bodies_dictionary
yuba_water_agency,GSA,exact,gaz:water_gsa_dictionary
yuba_water_agency_gsa,GSA,exact,gaz:water_gsa_dictionary
yuba_water_agency_gsa_north_yuba,GSA,exact,gaz:water_gsa_dictionary
yuba_water_agency_gsa_south_yuba,GSA,exact,gaz:water_gsa_dictionary
yucaipa_basin,GSA,exact,gaz:water_gsa_dictionary
yucaipa_basin_gsa,GSA,exact,gaz:water_gsa_dictionary
yurok_indian_tribe,Institutional_other,exact,gaz:water_entity_dictionary
yurok_tribe,Institutional_other,exact,gaz:water_entity_dictionary
zone_7,Institutional_other,exact,gaz:water_entity_dictionary
zone_7_water_agency,GSA,exact,gaz:water_gsa_dictionary
zone_7_water_agency_gsa,GSA,exact,gaz:water_gsa_dictionary
zone_7_water_agency_gsa_exclusive_portion,GSA,exact,gaz:water_gsa_dictionary
zone_7_water_agency_gsa_non_exclusive_portion,GSA,exact,gaz:water_gsa_dictionary
