gsp_id,gsa,variable,value
0007,aliso_water_district_groundwater_sustainability_agency,ramboll,NA
0008,groundwater_sustainability_agency,ramboll,NA
0008,westlands_water_district_groundwater_sustainability_agency,ramboll,NA
0009,groundwater_sustainability_agency,ramboll,NA
0009,merced_irrigation_urban_groundwater_sustainability_agency,ramboll,NA
0009,merced_subbasin_groundwater_sustainability_agency,ramboll,NA
0009,miugsa,ramboll,NA
0009,turner_island_water_district_groundwater_sustainability_agency_merced,ramboll,NA
0011,mga,ramboll,1
0011,santa_cruz_mid_county_groundwater_agency_gsa,ramboll,0
0012,chowchilla_water_district_groundwater_sustainability_agency,ramboll,NA
0012,groundwater_sustainability_agency,ramboll,NA
0012,triangle_t_water_district_groundwater_sustainability_agency,ramboll,NA
0013,dm_ii_groundwater_sustainability_agency,ramboll,NA
0013,groundwater_sustainability_agency,ramboll,NA
0013,oro_loma_water_district_groundwater_sustainability_agency,ramboll,NA
0014,farmers_water_district_groundwater_sustainability_agency,ramboll,NA
0015,city_of_dos_palos_groundwater_sustainability_agency,ramboll,NA
0015,city_of_firebaugh_groundwater_sustainability_agency,ramboll,NA
0015,city_of_gustine_groundwater_sustainability_agency,ramboll,NA
0015,city_of_los_banos_groundwater_sustainability_agency,ramboll,NA
0015,city_of_mendota_groundwater_sustainability_agency,ramboll,NA
0015,city_of_newman_groundwater_sustainability_agency,ramboll,NA
0015,county_of_madera_groundwater_sustainability_agency_delta_mendota,ramboll,NA
0015,county_of_merced_groundwater_sustainability_agency_delta_mendota,ramboll,NA
0015,groundwater_sustainability_agency,ramboll,NA
0015,san_joaquin_river_exchange_contractors_groundwater_sustainability_agency,ramboll,NA
0015,turner_island_water_district_groundwater_sustainability_agency_delta_mendota,ramboll,NA
0016,fox_canyon_groundwater_management_agency,ramboll,NA
0016,fox_canyon_groundwater_management_agency_gsa_oxnard,ramboll,NA
0017,fox_canyon_groundwater_management_agency,ramboll,NA
0017,fox_canyon_groundwater_management_agency_gsa_pleasant_valley,ramboll,NA
0018,fox_canyon_groundwater_management_agency,ramboll,NA
0018,fox_canyon_groundwater_management_agency_gsa_las_posas_valley,ramboll,NA
0019,mound_basin_groundwater_sustainability_agency,ramboll,NA
0020,county_of_fresno_groundwater_sustainability_agency_delta_mendota_management_area_a,ramboll,NA
0020,county_of_fresno_groundwater_sustainability_agency_delta_mendota_management_area_b,ramboll,NA
0020,groundwater_sustainability_agency,ramboll,NA
0021,city_of_madera_groundwater_sustainability_agency,ramboll,NA
0021,county_of_madera_groundwater_sustainability_agency_madera,ramboll,NA
0021,groundwater_sustainability_agency,ramboll,NA
0021,madera_irrigation_district_groundwater_sustainability_agency,ramboll,NA
0021,madera_water_district_groundwater_sustainability_agency,ramboll,NA
0022,central_kings_groundwater_sustainability_agency,ramboll,NA
0023,kings_river_east_groundwater_sustainability_agency,ramboll,NA
0024,north_kings_groundwater_sustainability_agency,ramboll,NA
0025,north_fork_kings_groundwater_sustainability_agency,ramboll,NA
0026,south_kings_groundwater_sustainability_agency,ramboll,NA
0028,mcmullin_area_groundwater_sustainability_agency,ramboll,NA
0029,county_of_monterey_groundwater_sustainability_agency,ramboll,NA
0029,groundwater_sustainability_agency,ramboll,NA
0029,salinas_valley_basin_groundwater_sustainability_agency,ramboll,NA
0030,greater_kaweah_groundwater_sustainability_agency,ramboll,NA
0031,james_groundwater_sustainability_agency,ramboll,NA
0032,cuyama_basin_groundwater_sustainability_agency,ramboll,NA
0035,city_of_paso_robles_groundwater_sustainability_agency,ramboll,NA
0035,groundwater_sustainability_agency,ramboll,NA
0035,san_miguel_community_services_district_groundwater_sustainability_agency,ramboll,NA
0035,shandon_san_juan_groundwater_sustainability_agency,ramboll,NA
0036,groundwater_sustainability_agency,ramboll,NA
0036,kern_groundwater_authority,ramboll,NA
0036,kern_groundwater_authority_groundwater_sustainability_agency,ramboll,NA
0037,henry_miller_water_district_gsa,ramboll,NA
0038,county_of_merced_groundwater_sustainability_agency_delta_mendota,ramboll,NA
0038,grasslands_groundwater_sustainability_agency,ramboll,NA
0038,groundwater_sustainability_agency,ramboll,NA
0042,el_rico_groundwater_sustainability_agency,ramboll,NA
0042,groundwater_sustainability_agency,ramboll,NA
0042,mid_kings_river_groundwater_sustainability_agency,ramboll,NA
0042,sfkgsa,ramboll,NA
0042,south_fork_kings_groundwater_sustainability_agency,ramboll,NA
0042,southwest_kings_groundwater_sustainability_agency,ramboll,NA
0042,tri_county_water_authority_groundwater_sustainability_agency_tulare_lake,ramboll,NA
0043,eastern_tule_groundwater_sustainability_agency,ramboll,NA
0044,olcese_water_district_groundwater_sustainability_agency,ramboll,NA
0045,root_creek_water_district_groundwater_sustainability_agency,ramboll,NA
0047,central_delta_water_agency_groundwater_sustainability_agency,ramboll,NA
0047,central_san_joaquin_water_conservation_district_groundwater_sustainability_agency,ramboll,NA
0047,city_of_lodi_groundwater_sustainability_agency,ramboll,NA
0047,city_of_manteca_groundwater_sustainability_agency,ramboll,NA
0047,city_of_stockton_groundwater_sustainability_agency,ramboll,NA
0047,county_of_san_joaquin_groundwater_sustainability_agency_eastern_san_joaquin_1,ramboll,NA
0047,county_of_san_joaquin_groundwater_sustainability_agency_eastern_san_joaquin_2,ramboll,NA
0047,eastside_san_joaquin_groundwater_sustainability_agency,ramboll,NA
0047,groundwater_sustainability_agency,ramboll,NA
0047,linden_county_water_district_groundwater_sustainability_agency,ramboll,NA
0047,lockeford_community_service_district_groundwater_sustainability_agency,ramboll,NA
0047,north_san_joaquin_water_conservation_district_groundwater_sustainability_agency,ramboll,NA
0047,oakdale_irrigation_district_groundwater_sustainability_agency,ramboll,NA
0047,south_delta_water_agency_groundwater_sustainability_agency,ramboll,NA
0047,south_san_joaquin_groundwater_sustainability_agency,ramboll,NA
0047,stockton_east_water_district_groundwater_sustainability_agency,ramboll,NA
0047,woodbridge_irrigation_district_groundwater_sustainability_agency,ramboll,NA
0048,alpaugh_groundwater_sustainability_agency,ramboll,NA
0049,new_stone_water_district_groundwater_sustainability_agency,ramboll,NA
0050,mid_kaweah_groundwater_sustainability_agency,ramboll,NA
0050,mkgsa,ramboll,NA
0051,buena_vista_water_storage_district_gsa,ramboll,NA
0052,groundwater_sustainability_agency,ramboll,NA
0052,yuba_water_agency,ramboll,NA
0054,groundwater_sustainability_agency,ramboll,NA
0054,kern_river_groundwater_sustainability_agency,ramboll,NA
0056,lower_tule_river_irrigation_district_groundwater_sustainability_agency,ramboll,NA
0056,ltridgsa,ramboll,NA
0057,tri_county_water_authority_groundwater_sustainability_agency_tule,ramboll,NA
0058,east_kaweah_groundwater_sustainability_agency,ramboll,NA
0058,groundwater_sustainability_agency,ramboll,NA
0059,indian_wells_valley_groundwater_authority,ramboll,NA
0059,indian_wells_valley_groundwater_authority_groundwater_sustainability_agency,ramboll,NA
0061,gravelly_ford_water_district_groundwater_sustainability_agency,ramboll,NA
0063,delano_earlimart_irrigation_district_groundwater_sustainability_agency,ramboll,NA
0065,pixley_irrigation_district_groundwater_sustainability_agency,ramboll,NA
0067,castac_basin_gsa,ramboll,NA
0070,county_of_humboldt_groundwater_sustainability_agency,ramboll,NA
0071,west_san_jacinto_groundwater_sustainability_agency,ramboll,NA
0072,fillmore_and_piru_basins_groundwater_sustainability_agency_piru,ramboll,NA
0072,fpbgsa,ramboll,NA
0073,fillmore_and_piru_basins_groundwater_sustainability_agency_fillmore,ramboll,NA
0073,fpbgsa,ramboll,NA
0074,santa_margarita_groundwater_agency,ramboll,NA
0074,santa_margarita_groundwater_agency_gsa,ramboll,NA
0075,san_pasqual_valley_groundwater_sustainability_agency,ramboll,NA
0075,san_pasqual_valley_gsa,ramboll,NA
0076,pauma_valley_groundwater_sustainability_agency,ramboll,NA
0076,pvgsa,ramboll,NA
0077,upper_ventura_river_groundwater_agency,ramboll,NA
0077,upper_ventura_river_groundwater_agency_gsa,ramboll,NA
0078,santa_ynez_river_valley_basin_western_management_area_groundwater_sustainability_agency,ramboll,NA
0079,santa_ynez_river_valley_basin_central_management_area_groundwater_sustainability_agency,ramboll,NA
0080,santa_ynez_river_valley_basin_eastern_management_area_groundwater_sustainability_agency,ramboll,NA
0081,temescal_subbasin_groundwater_sustainability_agency,ramboll,NA
0082,enterprise_anderson_groundwater_sustainability_agency_enterprise,ramboll,NA
0083,enterprise_anderson_groundwater_sustainability_agency_anderson,ramboll,NA
0084,ukiah_valley_basin_groundwater_sustainability_agency,ramboll,NA
0084,ukiah_valley_basin_gsa,ramboll,NA
0085,county_of_tuolumne_groundwater_sustainability_agency,ramboll,NA
0085,groundwater_sustainability_agency,ramboll,NA
0085,stanislaus_and_tuolumne_rivers_groundwater_basin_association,ramboll,NA
0085,stanislaus_and_tuolumne_rivers_groundwater_basin_association_groundwater_sustainability_agency,ramboll,NA
0086,groundwater_sustainability_agency,ramboll,NA
0086,rock_creek_reclamation_district_groundwater_sustainability_agency,ramboll,NA
0086,vina_groundwater_sustainability_agency,ramboll,NA
0087,san_antonio_basin_groundwater_sustainability_agency,ramboll,NA
0088,siskiyou_county_flood_control_and_water_conservation_district_groundwater_sustainability_agency_butte_valley,ramboll,NA
0090,siskiyou_county_flood_control_and_water_conservation_district_groundwater_sustainability_agency_shasta,ramboll,NA
0091,city_of_hayward_groundwater_sustainability_agency,ramboll,NA
0091,east_bay_municipal_utility_district_groundwater_sustainability_agency,ramboll,NA
0091,groundwater_sustainability_agency,ramboll,NA
0092,cga,ramboll,NA
0092,colusa_groundwater_authority_groundwater_sustainability_agency_colusa,ramboll,NA
0092,glenn_groundwater_authority,ramboll,NA
0092,glenn_groundwater_authority_groundwater_sustainability_agency,ramboll,NA
0092,groundwater_sustainability_agency,ramboll,NA
0093,bedford_coldwater_subbasin_groundwater_sustainability_agency,ramboll,NA
0094,csgsa,ramboll,NA
0094,groundwater_sustainability_agency,ramboll,NA
0094,tehama_county_flood_control_and_water_conservation_district,ramboll,NA
0095,county_of_lassen_groundwater_sustainability_agency,ramboll,NA
0095,county_of_modoc_groundwater_sustainability_agency_big_valley,ramboll,NA
0095,groundwater_sustainability_agency,ramboll,NA
0096,yolo_subbasin_groundwater_sustainability_agency,ramboll,NA
0097,groundwater_sustainability_agency,ramboll,NA
0097,tulelake_irrigation_district_groundwater_sustainability_agency,ramboll,NA
0098,groundwater_sustainability_agency,ramboll,NA
0099,wyandotte_creek_groundwater_sustainability_agency,ramboll,NA
0100,county_of_sutter_groundwater_sustainability_agency_north_american,ramboll,NA
0100,groundwater_sustainability_agency,ramboll,NA
0100,reclamation_district_no_1001_groundwater_sustainability_agency,ramboll,NA
0100,sacramento_groundwater_authority,ramboll,NA
0100,sacramento_groundwater_authority_groundwater_sustainability_agency,ramboll,NA
0100,south_sutter_water_district_groundwater_sustainability_agency,ramboll,NA
0100,west_placer_groundwater_sustainability_agency,ramboll,NA
0101,sonoma_valley_groundwater_sustainability_agency,ramboll,NA
0103,owens_valley_groundwater_authority,ramboll,NA
0103,owens_valley_groundwater_authority_groundwater_sustainability_agency_owens_valley,ramboll,NA
0104,yucaipa_basin_groundwater_sustainability_agency,ramboll,NA
0105,groundwater_sustainability_agency,ramboll,NA
0105,san_benito_county_water_district_groundwater_sustainability_agency,ramboll,NA
0105,santa_clara_valley_water_district_groundwater_sustainability_agency_north_san_benito,ramboll,NA
0106,amador_county_groundwater_management_authority,ramboll,NA
0106,amador_county_groundwater_management_authority_groundwater_sustainability_agency,ramboll,NA
0106,city_of_galt_groundwater_sustainability_agency,ramboll,NA
0106,clay_water_district_groundwater_sustainability_agency,ramboll,NA
0106,galt_irrigation_district_groundwater_sustainability_agency,ramboll,NA
0106,groundwater_sustainability_agency,ramboll,NA
0106,omochumne_hartnell_water_district_groundwater_sustainability_agency_cosumnes,ramboll,NA
0106,sacramento_county_groundwater_sustainability_agency_cosumnes,ramboll,NA
0106,sloughhouse_resource_conservation_district_groundwater_sustainability_agency_cosumnes,ramboll,NA
0110,east_turlock_subbasin_groundwater_sustainability_agency,ramboll,NA
0110,groundwater_sustainability_agency,ramboll,NA
0110,west_turlock_subbasin_groundwater_sustainability_agency,ramboll,NA
0111,county_of_sacramento_groundwater_sustainability_agency_south_american,ramboll,NA
0111,groundwater_sustainability_agency,ramboll,NA
0111,omochumne_hartnell_water_district_groundwater_sustainability_agency_south_american,ramboll,NA
0111,reclamation_district_no_551_groundwater_sustainability_agency,ramboll,NA
0111,sacramento_central_groundwater_authority,ramboll,NA
0111,sacramento_central_groundwater_authority_groundwater_sustainability_agency_1,ramboll,NA
0112,butte_water_district_groundwater_sustainability_agency_sutter,ramboll,NA
0112,groundwater_sustainability_agency,ramboll,NA
0113,salinas_valley_basin_groundwater_sustainability_agency_langley_area,ramboll,NA
0113,svbgsa,ramboll,NA
0114,salinas_valley_basin_groundwater_sustainability_agency_east_side_aquifer,ramboll,NA
0115,salinas_valley_basin_groundwater_sustainability_agency_upper_valley_aquifer,ramboll,NA
0116,arroyo_seco_groundwater_sustainability_agency_1,ramboll,NA
0116,groundwater_sustainability_agency,ramboll,NA
0116,salinas_valley_basin_groundwater_sustainability_agency_forebay_aquifer,ramboll,NA
0117,city_of_vacaville_groundwater_sustainability_agency,ramboll,NA
0117,groundwater_sustainability_agency,ramboll,NA
0117,reclamation_district_no_2111_groundwater_sustainability_agency,ramboll,NA
0117,reclamation_district_no_317_groundwater_sustainability_agency,ramboll,NA
0117,reclamation_district_no_349_groundwater_sustainability_agency,ramboll,NA
0117,reclamation_district_no_3_groundwater_sustainability_agency,ramboll,NA
0117,reclamation_district_no_501_groundwater_sustainability_agency_northern_delta_groundwater_sustainability_agency,ramboll,NA
0117,reclamation_district_no_554_groundwater_sustainability_agency,ramboll,NA
0117,reclamation_district_no_556_groundwater_sustainability_agency,ramboll,NA
0117,sacramento_county_groundwater_sustainability_agency_solano,ramboll,NA
0117,solano_irrigation_district_groundwater_sustainability_agency,ramboll,NA
0117,solano_subbasin_groundwater_sustainability_agency,ramboll,NA
0118,city_of_san_luis_obispo_groundwater_sustainability_agency,ramboll,NA
0118,county_of_san_luis_obispo_groundwater_sustainability_agency_san_luis_obispo_valley,ramboll,NA
0118,groundwater_sustainability_agency,ramboll,NA
0119,elsinore_valley_groundwater_sustainability_agency,ramboll,NA
0120,byron_bethany_irrigation_district_groundwater_sustainability_agency_east_contra_costa,ramboll,NA
0120,city_of_antioch_groundwater_sustainability_agency,ramboll,NA
0120,city_of_brentwood_groundwater_sustainability_agency,ramboll,NA
0120,county_of_contra_costa_groundwater_sustainability_agency,ramboll,NA
0120,diablo_water_district_groundwater_sustainability_agency,ramboll,NA
0120,discovery_bay_community_services_district_groundwater_sustainability_agency,ramboll,NA
0120,east_contra_costa_irrigation_district_groundwater_sustainability_agency,ramboll,NA
0120,groundwater_sustainability_agency,ramboll,NA
0121,groundwater_sustainability_agency,ramboll,NA
0121,san_gorgonio_pass_groundwater_sustainability_agency,ramboll,NA
0121,verbenia_groundwater_sustainability_agency,ramboll,NA
0122,banta_carbona_irrigation_district_groundwater_sustainability_agency,ramboll,NA
0122,byron_bethany_irrigation_district_groundwater_sustainability_agency_tracy,ramboll,NA
0122,city_of_lathrop_groundwater_sustainability_agency,ramboll,NA
0122,city_of_tracy_groundwater_sustainability_agency,ramboll,NA
0122,county_of_san_joaquin_groundwater_sustainability_agency_tracy,ramboll,NA
0122,groundwater_sustainability_agency,ramboll,NA
0122,stewart_tract_groundwater_sustainability_agency,ramboll,NA
0123,white_wolf_groundwater_sustainability_agency,ramboll,NA
0124,county_of_napa_groundwater_sustainability_agency,ramboll,NA
0125,county_of_plumas_groundwater_sustainability_agency,ramboll,NA
0125,groundwater_sustainability_agency,ramboll,NA
0125,sierra_valley_groundwater_management_district,ramboll,NA
0125,sierra_valley_groundwater_management_district_groundwater_sustainability_agency,ramboll,NA
0127,big_valley_groundwater_sustainability_agency,ramboll,NA
0128,groundwater_sustainability_agency,ramboll,NA
0128,marina_coast_water_district_groundwater_sustainability_agency_monterey,ramboll,NA
0128,salinas_valley_basin_groundwater_sustainability_agency_monterey,ramboll,NA
0129,santa_monica_basin_groundwater_sustainability_agency,ramboll,NA
0130,ojai_basin_groundwater_management_agency,ramboll,NA
0130,ojai_basin_groundwater_management_agency_gsa,ramboll,NA
0131,santa_clarita_valley_groundwater_sustainability_agency,ramboll,NA
0132,petaluma_valley_groundwater_sustainability_agency,ramboll,NA
0133,atascadero_basin_groundwater_sustainability_agency,ramboll,NA
0134,tehama_county_flood_control_and_water_conservation_district_groundwater_sustainability_agency_antelope,ramboll,NA
0136,santa_rosa_plain_groundwater_sustainability_agency,ramboll,NA
0137,tehama_county_flood_control_and_water_conservation_district_groundwater_sustainability_agency_bowman,ramboll,NA
0138,bear_valley_basin_groundwater_sustainability_agency,ramboll,NA
0139,tehama_county_flood_control_and_water_conservation_district_groundwater_sustainability_agency_los_molinos,ramboll,NA
0140,tehama_county_flood_control_and_water_conservation_district_groundwater_sustainability_agency_red_bluff,ramboll,NA
0144,western_municipal_water_district_groundwater_sustainability_agency_riverside_arlington,ramboll,NA
0145,city_of_coalinga_groundwater_sustainability_agency,ramboll,NA
0145,pleasant_valley_groundwater_sustainability_agency,ramboll,NA
0149,spadra_basin_groundwater_sustainability_agency,ramboll,NA
0150,arvin_groundwater_sustainability_agency,ramboll,NA
0150,groundwater_sustainability_agency,ramboll,NA
0150,tejon_castac_water_district_groundwater_sustainability_agency,ramboll,NA
0150,wheeler_ridge_maricopa_groundwater_sustainability_agency,ramboll,NA
0155,montecito_groundwater_basin,ramboll,NA
0155,montecito_groundwater_basin_groundwater_sustainability_agency,ramboll,NA
0156,arroyo_santa_rosa_basin_groundwater_sustainability_agency,ramboll,NA
0156,arroyo_santa_rosa_groundwater_sustainability_agency,ramboll,NA
0156,fox_canyon_groundwater_management_agency,ramboll,NA
0156,groundwater_sustainability_agency,ramboll,NA
0007,aliso_water_district_groundwater_sustainability_agency,dudek,NA
0008,groundwater_sustainability_agency,dudek,NA
0008,westlands_water_district_groundwater_sustainability_agency,dudek,NA
0009,groundwater_sustainability_agency,dudek,NA
0009,merced_irrigation_urban_groundwater_sustainability_agency,dudek,NA
0009,merced_subbasin_groundwater_sustainability_agency,dudek,NA
0009,miugsa,dudek,NA
0009,turner_island_water_district_groundwater_sustainability_agency_merced,dudek,NA
0011,mga,dudek,NA
0011,santa_cruz_mid_county_groundwater_agency_gsa,dudek,NA
0012,chowchilla_water_district_groundwater_sustainability_agency,dudek,NA
0012,groundwater_sustainability_agency,dudek,NA
0012,triangle_t_water_district_groundwater_sustainability_agency,dudek,NA
0013,dm_ii_groundwater_sustainability_agency,dudek,NA
0013,groundwater_sustainability_agency,dudek,NA
0013,oro_loma_water_district_groundwater_sustainability_agency,dudek,NA
0014,farmers_water_district_groundwater_sustainability_agency,dudek,NA
0015,city_of_dos_palos_groundwater_sustainability_agency,dudek,NA
0015,city_of_firebaugh_groundwater_sustainability_agency,dudek,NA
0015,city_of_gustine_groundwater_sustainability_agency,dudek,NA
0015,city_of_los_banos_groundwater_sustainability_agency,dudek,NA
0015,city_of_mendota_groundwater_sustainability_agency,dudek,NA
0015,city_of_newman_groundwater_sustainability_agency,dudek,NA
0015,county_of_madera_groundwater_sustainability_agency_delta_mendota,dudek,NA
0015,county_of_merced_groundwater_sustainability_agency_delta_mendota,dudek,NA
0015,groundwater_sustainability_agency,dudek,NA
0015,san_joaquin_river_exchange_contractors_groundwater_sustainability_agency,dudek,NA
0015,turner_island_water_district_groundwater_sustainability_agency_delta_mendota,dudek,NA
0016,fox_canyon_groundwater_management_agency,dudek,3
0016,fox_canyon_groundwater_management_agency_gsa_oxnard,dudek,0
0017,fox_canyon_groundwater_management_agency,dudek,2
0017,fox_canyon_groundwater_management_agency_gsa_pleasant_valley,dudek,0
0018,fox_canyon_groundwater_management_agency,dudek,1
0018,fox_canyon_groundwater_management_agency_gsa_las_posas_valley,dudek,0
0019,mound_basin_groundwater_sustainability_agency,dudek,NA
0020,county_of_fresno_groundwater_sustainability_agency_delta_mendota_management_area_a,dudek,NA
0020,county_of_fresno_groundwater_sustainability_agency_delta_mendota_management_area_b,dudek,NA
0020,groundwater_sustainability_agency,dudek,NA
0021,city_of_madera_groundwater_sustainability_agency,dudek,NA
0021,county_of_madera_groundwater_sustainability_agency_madera,dudek,NA
0021,groundwater_sustainability_agency,dudek,NA
0021,madera_irrigation_district_groundwater_sustainability_agency,dudek,NA
0021,madera_water_district_groundwater_sustainability_agency,dudek,NA
0022,central_kings_groundwater_sustainability_agency,dudek,NA
0023,kings_river_east_groundwater_sustainability_agency,dudek,NA
0024,north_kings_groundwater_sustainability_agency,dudek,NA
0025,north_fork_kings_groundwater_sustainability_agency,dudek,NA
0026,south_kings_groundwater_sustainability_agency,dudek,NA
0028,mcmullin_area_groundwater_sustainability_agency,dudek,NA
0029,county_of_monterey_groundwater_sustainability_agency,dudek,NA
0029,groundwater_sustainability_agency,dudek,NA
0029,salinas_valley_basin_groundwater_sustainability_agency,dudek,NA
0030,greater_kaweah_groundwater_sustainability_agency,dudek,NA
0031,james_groundwater_sustainability_agency,dudek,NA
0032,cuyama_basin_groundwater_sustainability_agency,dudek,NA
0035,city_of_paso_robles_groundwater_sustainability_agency,dudek,NA
0035,groundwater_sustainability_agency,dudek,NA
0035,san_miguel_community_services_district_groundwater_sustainability_agency,dudek,NA
0035,shandon_san_juan_groundwater_sustainability_agency,dudek,NA
0036,groundwater_sustainability_agency,dudek,NA
0036,kern_groundwater_authority,dudek,NA
0036,kern_groundwater_authority_groundwater_sustainability_agency,dudek,NA
0037,henry_miller_water_district_gsa,dudek,NA
0038,county_of_merced_groundwater_sustainability_agency_delta_mendota,dudek,NA
0038,grasslands_groundwater_sustainability_agency,dudek,NA
0038,groundwater_sustainability_agency,dudek,NA
0042,el_rico_groundwater_sustainability_agency,dudek,NA
0042,groundwater_sustainability_agency,dudek,NA
0042,mid_kings_river_groundwater_sustainability_agency,dudek,NA
0042,sfkgsa,dudek,NA
0042,south_fork_kings_groundwater_sustainability_agency,dudek,NA
0042,southwest_kings_groundwater_sustainability_agency,dudek,NA
0042,tri_county_water_authority_groundwater_sustainability_agency_tulare_lake,dudek,NA
0043,eastern_tule_groundwater_sustainability_agency,dudek,NA
0044,olcese_water_district_groundwater_sustainability_agency,dudek,NA
0045,root_creek_water_district_groundwater_sustainability_agency,dudek,NA
0047,central_delta_water_agency_groundwater_sustainability_agency,dudek,NA
0047,central_san_joaquin_water_conservation_district_groundwater_sustainability_agency,dudek,NA
0047,city_of_lodi_groundwater_sustainability_agency,dudek,NA
0047,city_of_manteca_groundwater_sustainability_agency,dudek,NA
0047,city_of_stockton_groundwater_sustainability_agency,dudek,NA
0047,county_of_san_joaquin_groundwater_sustainability_agency_eastern_san_joaquin_1,dudek,NA
0047,county_of_san_joaquin_groundwater_sustainability_agency_eastern_san_joaquin_2,dudek,NA
0047,eastside_san_joaquin_groundwater_sustainability_agency,dudek,NA
0047,groundwater_sustainability_agency,dudek,NA
0047,linden_county_water_district_groundwater_sustainability_agency,dudek,NA
0047,lockeford_community_service_district_groundwater_sustainability_agency,dudek,NA
0047,north_san_joaquin_water_conservation_district_groundwater_sustainability_agency,dudek,NA
0047,oakdale_irrigation_district_groundwater_sustainability_agency,dudek,NA
0047,south_delta_water_agency_groundwater_sustainability_agency,dudek,NA
0047,south_san_joaquin_groundwater_sustainability_agency,dudek,NA
0047,stockton_east_water_district_groundwater_sustainability_agency,dudek,NA
0047,woodbridge_irrigation_district_groundwater_sustainability_agency,dudek,NA
0048,alpaugh_groundwater_sustainability_agency,dudek,NA
0049,new_stone_water_district_groundwater_sustainability_agency,dudek,NA
0050,mid_kaweah_groundwater_sustainability_agency,dudek,NA
0050,mkgsa,dudek,NA
0051,buena_vista_water_storage_district_gsa,dudek,NA
0052,groundwater_sustainability_agency,dudek,NA
0052,yuba_water_agency,dudek,NA
0054,groundwater_sustainability_agency,dudek,NA
0054,kern_river_groundwater_sustainability_agency,dudek,NA
0056,lower_tule_river_irrigation_district_groundwater_sustainability_agency,dudek,NA
0056,ltridgsa,dudek,NA
0057,tri_county_water_authority_groundwater_sustainability_agency_tule,dudek,NA
0058,east_kaweah_groundwater_sustainability_agency,dudek,NA
0058,groundwater_sustainability_agency,dudek,NA
0059,indian_wells_valley_groundwater_authority,dudek,NA
0059,indian_wells_valley_groundwater_authority_groundwater_sustainability_agency,dudek,NA
0061,gravelly_ford_water_district_groundwater_sustainability_agency,dudek,NA
0063,delano_earlimart_irrigation_district_groundwater_sustainability_agency,dudek,NA
0065,pixley_irrigation_district_groundwater_sustainability_agency,dudek,NA
0067,castac_basin_gsa,dudek,NA
0070,county_of_humboldt_groundwater_sustainability_agency,dudek,NA
0071,west_san_jacinto_groundwater_sustainability_agency,dudek,NA
0072,fillmore_and_piru_basins_groundwater_sustainability_agency_piru,dudek,NA
0072,fpbgsa,dudek,NA
0073,fillmore_and_piru_basins_groundwater_sustainability_agency_fillmore,dudek,NA
0073,fpbgsa,dudek,NA
0074,santa_margarita_groundwater_agency,dudek,NA
0074,santa_margarita_groundwater_agency_gsa,dudek,NA
0075,san_pasqual_valley_groundwater_sustainability_agency,dudek,NA
0075,san_pasqual_valley_gsa,dudek,NA
0076,pauma_valley_groundwater_sustainability_agency,dudek,NA
0076,pvgsa,dudek,NA
0077,upper_ventura_river_groundwater_agency,dudek,NA
0077,upper_ventura_river_groundwater_agency_gsa,dudek,NA
0078,santa_ynez_river_valley_basin_western_management_area_groundwater_sustainability_agency,dudek,NA
0079,santa_ynez_river_valley_basin_central_management_area_groundwater_sustainability_agency,dudek,NA
0080,santa_ynez_river_valley_basin_eastern_management_area_groundwater_sustainability_agency,dudek,NA
0081,temescal_subbasin_groundwater_sustainability_agency,dudek,NA
0082,enterprise_anderson_groundwater_sustainability_agency_enterprise,dudek,NA
0083,enterprise_anderson_groundwater_sustainability_agency_anderson,dudek,NA
0084,ukiah_valley_basin_groundwater_sustainability_agency,dudek,NA
0084,ukiah_valley_basin_gsa,dudek,NA
0085,county_of_tuolumne_groundwater_sustainability_agency,dudek,NA
0085,groundwater_sustainability_agency,dudek,NA
0085,stanislaus_and_tuolumne_rivers_groundwater_basin_association,dudek,NA
0085,stanislaus_and_tuolumne_rivers_groundwater_basin_association_groundwater_sustainability_agency,dudek,NA
0086,groundwater_sustainability_agency,dudek,NA
0086,rock_creek_reclamation_district_groundwater_sustainability_agency,dudek,NA
0086,vina_groundwater_sustainability_agency,dudek,NA
0087,san_antonio_basin_groundwater_sustainability_agency,dudek,NA
0088,siskiyou_county_flood_control_and_water_conservation_district_groundwater_sustainability_agency_butte_valley,dudek,NA
0090,siskiyou_county_flood_control_and_water_conservation_district_groundwater_sustainability_agency_shasta,dudek,NA
0091,city_of_hayward_groundwater_sustainability_agency,dudek,NA
0091,east_bay_municipal_utility_district_groundwater_sustainability_agency,dudek,NA
0091,groundwater_sustainability_agency,dudek,NA
0092,cga,dudek,NA
0092,colusa_groundwater_authority_groundwater_sustainability_agency_colusa,dudek,NA
0092,glenn_groundwater_authority,dudek,NA
0092,glenn_groundwater_authority_groundwater_sustainability_agency,dudek,NA
0092,groundwater_sustainability_agency,dudek,NA
0093,bedford_coldwater_subbasin_groundwater_sustainability_agency,dudek,NA
0094,csgsa,dudek,NA
0094,groundwater_sustainability_agency,dudek,NA
0094,tehama_county_flood_control_and_water_conservation_district,dudek,NA
0095,county_of_lassen_groundwater_sustainability_agency,dudek,NA
0095,county_of_modoc_groundwater_sustainability_agency_big_valley,dudek,NA
0095,groundwater_sustainability_agency,dudek,NA
0096,yolo_subbasin_groundwater_sustainability_agency,dudek,NA
0097,groundwater_sustainability_agency,dudek,NA
0097,tulelake_irrigation_district_groundwater_sustainability_agency,dudek,NA
0098,groundwater_sustainability_agency,dudek,NA
0099,wyandotte_creek_groundwater_sustainability_agency,dudek,NA
0100,county_of_sutter_groundwater_sustainability_agency_north_american,dudek,NA
0100,groundwater_sustainability_agency,dudek,NA
0100,reclamation_district_no_1001_groundwater_sustainability_agency,dudek,NA
0100,sacramento_groundwater_authority,dudek,NA
0100,sacramento_groundwater_authority_groundwater_sustainability_agency,dudek,NA
0100,south_sutter_water_district_groundwater_sustainability_agency,dudek,NA
0100,west_placer_groundwater_sustainability_agency,dudek,NA
0101,sonoma_valley_groundwater_sustainability_agency,dudek,NA
0103,owens_valley_groundwater_authority,dudek,NA
0103,owens_valley_groundwater_authority_groundwater_sustainability_agency_owens_valley,dudek,NA
0104,yucaipa_basin_groundwater_sustainability_agency,dudek,NA
0105,groundwater_sustainability_agency,dudek,NA
0105,san_benito_county_water_district_groundwater_sustainability_agency,dudek,NA
0105,santa_clara_valley_water_district_groundwater_sustainability_agency_north_san_benito,dudek,NA
0106,amador_county_groundwater_management_authority,dudek,NA
0106,amador_county_groundwater_management_authority_groundwater_sustainability_agency,dudek,NA
0106,city_of_galt_groundwater_sustainability_agency,dudek,NA
0106,clay_water_district_groundwater_sustainability_agency,dudek,NA
0106,galt_irrigation_district_groundwater_sustainability_agency,dudek,NA
0106,groundwater_sustainability_agency,dudek,NA
0106,omochumne_hartnell_water_district_groundwater_sustainability_agency_cosumnes,dudek,NA
0106,sacramento_county_groundwater_sustainability_agency_cosumnes,dudek,NA
0106,sloughhouse_resource_conservation_district_groundwater_sustainability_agency_cosumnes,dudek,NA
0110,east_turlock_subbasin_groundwater_sustainability_agency,dudek,NA
0110,groundwater_sustainability_agency,dudek,NA
0110,west_turlock_subbasin_groundwater_sustainability_agency,dudek,NA
0111,county_of_sacramento_groundwater_sustainability_agency_south_american,dudek,NA
0111,groundwater_sustainability_agency,dudek,NA
0111,omochumne_hartnell_water_district_groundwater_sustainability_agency_south_american,dudek,NA
0111,reclamation_district_no_551_groundwater_sustainability_agency,dudek,NA
0111,sacramento_central_groundwater_authority,dudek,NA
0111,sacramento_central_groundwater_authority_groundwater_sustainability_agency_1,dudek,NA
0112,butte_water_district_groundwater_sustainability_agency_sutter,dudek,NA
0112,groundwater_sustainability_agency,dudek,NA
0113,salinas_valley_basin_groundwater_sustainability_agency_langley_area,dudek,NA
0113,svbgsa,dudek,NA
0114,salinas_valley_basin_groundwater_sustainability_agency_east_side_aquifer,dudek,NA
0115,salinas_valley_basin_groundwater_sustainability_agency_upper_valley_aquifer,dudek,NA
0116,arroyo_seco_groundwater_sustainability_agency_1,dudek,NA
0116,groundwater_sustainability_agency,dudek,NA
0116,salinas_valley_basin_groundwater_sustainability_agency_forebay_aquifer,dudek,NA
0117,city_of_vacaville_groundwater_sustainability_agency,dudek,NA
0117,groundwater_sustainability_agency,dudek,NA
0117,reclamation_district_no_2111_groundwater_sustainability_agency,dudek,NA
0117,reclamation_district_no_317_groundwater_sustainability_agency,dudek,NA
0117,reclamation_district_no_349_groundwater_sustainability_agency,dudek,NA
0117,reclamation_district_no_3_groundwater_sustainability_agency,dudek,NA
0117,reclamation_district_no_501_groundwater_sustainability_agency_northern_delta_groundwater_sustainability_agency,dudek,NA
0117,reclamation_district_no_554_groundwater_sustainability_agency,dudek,NA
0117,reclamation_district_no_556_groundwater_sustainability_agency,dudek,NA
0117,sacramento_county_groundwater_sustainability_agency_solano,dudek,NA
0117,solano_irrigation_district_groundwater_sustainability_agency,dudek,NA
0117,solano_subbasin_groundwater_sustainability_agency,dudek,NA
0118,city_of_san_luis_obispo_groundwater_sustainability_agency,dudek,NA
0118,county_of_san_luis_obispo_groundwater_sustainability_agency_san_luis_obispo_valley,dudek,NA
0118,groundwater_sustainability_agency,dudek,NA
0119,elsinore_valley_groundwater_sustainability_agency,dudek,NA
0120,byron_bethany_irrigation_district_groundwater_sustainability_agency_east_contra_costa,dudek,NA
0120,city_of_antioch_groundwater_sustainability_agency,dudek,NA
0120,city_of_brentwood_groundwater_sustainability_agency,dudek,NA
0120,county_of_contra_costa_groundwater_sustainability_agency,dudek,NA
0120,diablo_water_district_groundwater_sustainability_agency,dudek,NA
0120,discovery_bay_community_services_district_groundwater_sustainability_agency,dudek,NA
0120,east_contra_costa_irrigation_district_groundwater_sustainability_agency,dudek,NA
0120,groundwater_sustainability_agency,dudek,NA
0121,groundwater_sustainability_agency,dudek,NA
0121,san_gorgonio_pass_groundwater_sustainability_agency,dudek,NA
0121,verbenia_groundwater_sustainability_agency,dudek,NA
0122,banta_carbona_irrigation_district_groundwater_sustainability_agency,dudek,NA
0122,byron_bethany_irrigation_district_groundwater_sustainability_agency_tracy,dudek,NA
0122,city_of_lathrop_groundwater_sustainability_agency,dudek,NA
0122,city_of_tracy_groundwater_sustainability_agency,dudek,NA
0122,county_of_san_joaquin_groundwater_sustainability_agency_tracy,dudek,NA
0122,groundwater_sustainability_agency,dudek,NA
0122,stewart_tract_groundwater_sustainability_agency,dudek,NA
0123,white_wolf_groundwater_sustainability_agency,dudek,NA
0124,county_of_napa_groundwater_sustainability_agency,dudek,NA
0125,county_of_plumas_groundwater_sustainability_agency,dudek,NA
0125,groundwater_sustainability_agency,dudek,NA
0125,sierra_valley_groundwater_management_district,dudek,NA
0125,sierra_valley_groundwater_management_district_groundwater_sustainability_agency,dudek,NA
0127,big_valley_groundwater_sustainability_agency,dudek,NA
0128,groundwater_sustainability_agency,dudek,NA
0128,marina_coast_water_district_groundwater_sustainability_agency_monterey,dudek,NA
0128,salinas_valley_basin_groundwater_sustainability_agency_monterey,dudek,NA
0129,santa_monica_basin_groundwater_sustainability_agency,dudek,1
0130,ojai_basin_groundwater_management_agency,dudek,NA
0130,ojai_basin_groundwater_management_agency_gsa,dudek,NA
0131,santa_clarita_valley_groundwater_sustainability_agency,dudek,NA
0132,petaluma_valley_groundwater_sustainability_agency,dudek,NA
0133,atascadero_basin_groundwater_sustainability_agency,dudek,NA
0134,tehama_county_flood_control_and_water_conservation_district_groundwater_sustainability_agency_antelope,dudek,NA
0136,santa_rosa_plain_groundwater_sustainability_agency,dudek,NA
0137,tehama_county_flood_control_and_water_conservation_district_groundwater_sustainability_agency_bowman,dudek,NA
0138,bear_valley_basin_groundwater_sustainability_agency,dudek,NA
0139,tehama_county_flood_control_and_water_conservation_district_groundwater_sustainability_agency_los_molinos,dudek,NA
0140,tehama_county_flood_control_and_water_conservation_district_groundwater_sustainability_agency_red_bluff,dudek,NA
0144,western_municipal_water_district_groundwater_sustainability_agency_riverside_arlington,dudek,NA
0145,city_of_coalinga_groundwater_sustainability_agency,dudek,NA
0145,pleasant_valley_groundwater_sustainability_agency,dudek,NA
0149,spadra_basin_groundwater_sustainability_agency,dudek,NA
0150,arvin_groundwater_sustainability_agency,dudek,NA
0150,groundwater_sustainability_agency,dudek,NA
0150,tejon_castac_water_district_groundwater_sustainability_agency,dudek,NA
0150,wheeler_ridge_maricopa_groundwater_sustainability_agency,dudek,NA
0155,montecito_groundwater_basin,dudek,NA
0155,montecito_groundwater_basin_groundwater_sustainability_agency,dudek,NA
0156,arroyo_santa_rosa_basin_groundwater_sustainability_agency,dudek,0
0156,arroyo_santa_rosa_groundwater_sustainability_agency,dudek,0
0156,fox_canyon_groundwater_management_agency,dudek,1
0156,groundwater_sustainability_agency,dudek,0
0007,aliso_water_district_groundwater_sustainability_agency,yamabe_horn_engineering_inc,NA
0008,groundwater_sustainability_agency,yamabe_horn_engineering_inc,NA
0008,westlands_water_district_groundwater_sustainability_agency,yamabe_horn_engineering_inc,NA
0009,groundwater_sustainability_agency,yamabe_horn_engineering_inc,NA
0009,merced_irrigation_urban_groundwater_sustainability_agency,yamabe_horn_engineering_inc,NA
0009,merced_subbasin_groundwater_sustainability_agency,yamabe_horn_engineering_inc,NA
0009,miugsa,yamabe_horn_engineering_inc,NA
0009,turner_island_water_district_groundwater_sustainability_agency_merced,yamabe_horn_engineering_inc,NA
0011,mga,yamabe_horn_engineering_inc,NA
0011,santa_cruz_mid_county_groundwater_agency_gsa,yamabe_horn_engineering_inc,NA
0012,chowchilla_water_district_groundwater_sustainability_agency,yamabe_horn_engineering_inc,NA
0012,groundwater_sustainability_agency,yamabe_horn_engineering_inc,NA
0012,triangle_t_water_district_groundwater_sustainability_agency,yamabe_horn_engineering_inc,NA
0013,dm_ii_groundwater_sustainability_agency,yamabe_horn_engineering_inc,NA
0013,groundwater_sustainability_agency,yamabe_horn_engineering_inc,NA
0013,oro_loma_water_district_groundwater_sustainability_agency,yamabe_horn_engineering_inc,NA
0014,farmers_water_district_groundwater_sustainability_agency,yamabe_horn_engineering_inc,NA
0015,city_of_dos_palos_groundwater_sustainability_agency,yamabe_horn_engineering_inc,NA
0015,city_of_firebaugh_groundwater_sustainability_agency,yamabe_horn_engineering_inc,NA
0015,city_of_gustine_groundwater_sustainability_agency,yamabe_horn_engineering_inc,NA
0015,city_of_los_banos_groundwater_sustainability_agency,yamabe_horn_engineering_inc,NA
0015,city_of_mendota_groundwater_sustainability_agency,yamabe_horn_engineering_inc,NA
0015,city_of_newman_groundwater_sustainability_agency,yamabe_horn_engineering_inc,NA
0015,county_of_madera_groundwater_sustainability_agency_delta_mendota,yamabe_horn_engineering_inc,NA
0015,county_of_merced_groundwater_sustainability_agency_delta_mendota,yamabe_horn_engineering_inc,NA
0015,groundwater_sustainability_agency,yamabe_horn_engineering_inc,NA
0015,san_joaquin_river_exchange_contractors_groundwater_sustainability_agency,yamabe_horn_engineering_inc,NA
0015,turner_island_water_district_groundwater_sustainability_agency_delta_mendota,yamabe_horn_engineering_inc,NA
0016,fox_canyon_groundwater_management_agency,yamabe_horn_engineering_inc,NA
0016,fox_canyon_groundwater_management_agency_gsa_oxnard,yamabe_horn_engineering_inc,NA
0017,fox_canyon_groundwater_management_agency,yamabe_horn_engineering_inc,NA
0017,fox_canyon_groundwater_management_agency_gsa_pleasant_valley,yamabe_horn_engineering_inc,NA
0018,fox_canyon_groundwater_management_agency,yamabe_horn_engineering_inc,NA
0018,fox_canyon_groundwater_management_agency_gsa_las_posas_valley,yamabe_horn_engineering_inc,NA
0019,mound_basin_groundwater_sustainability_agency,yamabe_horn_engineering_inc,NA
0020,county_of_fresno_groundwater_sustainability_agency_delta_mendota_management_area_a,yamabe_horn_engineering_inc,NA
0020,county_of_fresno_groundwater_sustainability_agency_delta_mendota_management_area_b,yamabe_horn_engineering_inc,NA
0020,groundwater_sustainability_agency,yamabe_horn_engineering_inc,NA
0021,city_of_madera_groundwater_sustainability_agency,yamabe_horn_engineering_inc,NA
0021,county_of_madera_groundwater_sustainability_agency_madera,yamabe_horn_engineering_inc,NA
0021,groundwater_sustainability_agency,yamabe_horn_engineering_inc,NA
0021,madera_irrigation_district_groundwater_sustainability_agency,yamabe_horn_engineering_inc,NA
0021,madera_water_district_groundwater_sustainability_agency,yamabe_horn_engineering_inc,NA
0022,central_kings_groundwater_sustainability_agency,yamabe_horn_engineering_inc,NA
0023,kings_river_east_groundwater_sustainability_agency,yamabe_horn_engineering_inc,NA
0024,north_kings_groundwater_sustainability_agency,yamabe_horn_engineering_inc,NA
0025,north_fork_kings_groundwater_sustainability_agency,yamabe_horn_engineering_inc,NA
0026,south_kings_groundwater_sustainability_agency,yamabe_horn_engineering_inc,1
0028,mcmullin_area_groundwater_sustainability_agency,yamabe_horn_engineering_inc,NA
0029,county_of_monterey_groundwater_sustainability_agency,yamabe_horn_engineering_inc,NA
0029,groundwater_sustainability_agency,yamabe_horn_engineering_inc,NA
0029,salinas_valley_basin_groundwater_sustainability_agency,yamabe_horn_engineering_inc,NA
0030,greater_kaweah_groundwater_sustainability_agency,yamabe_horn_engineering_inc,NA
0031,james_groundwater_sustainability_agency,yamabe_horn_engineering_inc,NA
0032,cuyama_basin_groundwater_sustainability_agency,yamabe_horn_engineering_inc,NA
0035,city_of_paso_robles_groundwater_sustainability_agency,yamabe_horn_engineering_inc,NA
0035,groundwater_sustainability_agency,yamabe_horn_engineering_inc,NA
0035,san_miguel_community_services_district_groundwater_sustainability_agency,yamabe_horn_engineering_inc,NA
0035,shandon_san_juan_groundwater_sustainability_agency,yamabe_horn_engineering_inc,NA
0036,groundwater_sustainability_agency,yamabe_horn_engineering_inc,NA
0036,kern_groundwater_authority,yamabe_horn_engineering_inc,NA
0036,kern_groundwater_authority_groundwater_sustainability_agency,yamabe_horn_engineering_inc,NA
0037,henry_miller_water_district_gsa,yamabe_horn_engineering_inc,NA
0038,county_of_merced_groundwater_sustainability_agency_delta_mendota,yamabe_horn_engineering_inc,NA
0038,grasslands_groundwater_sustainability_agency,yamabe_horn_engineering_inc,NA
0038,groundwater_sustainability_agency,yamabe_horn_engineering_inc,NA
0042,el_rico_groundwater_sustainability_agency,yamabe_horn_engineering_inc,NA
0042,groundwater_sustainability_agency,yamabe_horn_engineering_inc,NA
0042,mid_kings_river_groundwater_sustainability_agency,yamabe_horn_engineering_inc,NA
0042,sfkgsa,yamabe_horn_engineering_inc,NA
0042,south_fork_kings_groundwater_sustainability_agency,yamabe_horn_engineering_inc,NA
0042,southwest_kings_groundwater_sustainability_agency,yamabe_horn_engineering_inc,NA
0042,tri_county_water_authority_groundwater_sustainability_agency_tulare_lake,yamabe_horn_engineering_inc,NA
0043,eastern_tule_groundwater_sustainability_agency,yamabe_horn_engineering_inc,NA
0044,olcese_water_district_groundwater_sustainability_agency,yamabe_horn_engineering_inc,NA
0045,root_creek_water_district_groundwater_sustainability_agency,yamabe_horn_engineering_inc,NA
0047,central_delta_water_agency_groundwater_sustainability_agency,yamabe_horn_engineering_inc,NA
0047,central_san_joaquin_water_conservation_district_groundwater_sustainability_agency,yamabe_horn_engineering_inc,NA
0047,city_of_lodi_groundwater_sustainability_agency,yamabe_horn_engineering_inc,NA
0047,city_of_manteca_groundwater_sustainability_agency,yamabe_horn_engineering_inc,NA
0047,city_of_stockton_groundwater_sustainability_agency,yamabe_horn_engineering_inc,NA
0047,county_of_san_joaquin_groundwater_sustainability_agency_eastern_san_joaquin_1,yamabe_horn_engineering_inc,NA
0047,county_of_san_joaquin_groundwater_sustainability_agency_eastern_san_joaquin_2,yamabe_horn_engineering_inc,NA
0047,eastside_san_joaquin_groundwater_sustainability_agency,yamabe_horn_engineering_inc,NA
0047,groundwater_sustainability_agency,yamabe_horn_engineering_inc,NA
0047,linden_county_water_district_groundwater_sustainability_agency,yamabe_horn_engineering_inc,NA
0047,lockeford_community_service_district_groundwater_sustainability_agency,yamabe_horn_engineering_inc,NA
0047,north_san_joaquin_water_conservation_district_groundwater_sustainability_agency,yamabe_horn_engineering_inc,NA
0047,oakdale_irrigation_district_groundwater_sustainability_agency,yamabe_horn_engineering_inc,NA
0047,south_delta_water_agency_groundwater_sustainability_agency,yamabe_horn_engineering_inc,NA
0047,south_san_joaquin_groundwater_sustainability_agency,yamabe_horn_engineering_inc,NA
0047,stockton_east_water_district_groundwater_sustainability_agency,yamabe_horn_engineering_inc,NA
0047,woodbridge_irrigation_district_groundwater_sustainability_agency,yamabe_horn_engineering_inc,NA
0048,alpaugh_groundwater_sustainability_agency,yamabe_horn_engineering_inc,NA
0049,new_stone_water_district_groundwater_sustainability_agency,yamabe_horn_engineering_inc,NA
0050,mid_kaweah_groundwater_sustainability_agency,yamabe_horn_engineering_inc,NA
0050,mkgsa,yamabe_horn_engineering_inc,NA
0051,buena_vista_water_storage_district_gsa,yamabe_horn_engineering_inc,NA
0052,groundwater_sustainability_agency,yamabe_horn_engineering_inc,NA
0052,yuba_water_agency,yamabe_horn_engineering_inc,NA
0054,groundwater_sustainability_agency,yamabe_horn_engineering_inc,NA
0054,kern_river_groundwater_sustainability_agency,yamabe_horn_engineering_inc,NA
0056,lower_tule_river_irrigation_district_groundwater_sustainability_agency,yamabe_horn_engineering_inc,NA
0056,ltridgsa,yamabe_horn_engineering_inc,NA
0057,tri_county_water_authority_groundwater_sustainability_agency_tule,yamabe_horn_engineering_inc,NA
0058,east_kaweah_groundwater_sustainability_agency,yamabe_horn_engineering_inc,NA
0058,groundwater_sustainability_agency,yamabe_horn_engineering_inc,NA
0059,indian_wells_valley_groundwater_authority,yamabe_horn_engineering_inc,NA
0059,indian_wells_valley_groundwater_authority_groundwater_sustainability_agency,yamabe_horn_engineering_inc,NA
0061,gravelly_ford_water_district_groundwater_sustainability_agency,yamabe_horn_engineering_inc,NA
0063,delano_earlimart_irrigation_district_groundwater_sustainability_agency,yamabe_horn_engineering_inc,NA
0065,pixley_irrigation_district_groundwater_sustainability_agency,yamabe_horn_engineering_inc,NA
0067,castac_basin_gsa,yamabe_horn_engineering_inc,NA
0070,county_of_humboldt_groundwater_sustainability_agency,yamabe_horn_engineering_inc,NA
0071,west_san_jacinto_groundwater_sustainability_agency,yamabe_horn_engineering_inc,NA
0072,fillmore_and_piru_basins_groundwater_sustainability_agency_piru,yamabe_horn_engineering_inc,NA
0072,fpbgsa,yamabe_horn_engineering_inc,NA
0073,fillmore_and_piru_basins_groundwater_sustainability_agency_fillmore,yamabe_horn_engineering_inc,NA
0073,fpbgsa,yamabe_horn_engineering_inc,NA
0074,santa_margarita_groundwater_agency,yamabe_horn_engineering_inc,NA
0074,santa_margarita_groundwater_agency_gsa,yamabe_horn_engineering_inc,NA
0075,san_pasqual_valley_groundwater_sustainability_agency,yamabe_horn_engineering_inc,NA
0075,san_pasqual_valley_gsa,yamabe_horn_engineering_inc,NA
0076,pauma_valley_groundwater_sustainability_agency,yamabe_horn_engineering_inc,NA
0076,pvgsa,yamabe_horn_engineering_inc,NA
0077,upper_ventura_river_groundwater_agency,yamabe_horn_engineering_inc,NA
0077,upper_ventura_river_groundwater_agency_gsa,yamabe_horn_engineering_inc,NA
0078,santa_ynez_river_valley_basin_western_management_area_groundwater_sustainability_agency,yamabe_horn_engineering_inc,NA
0079,santa_ynez_river_valley_basin_central_management_area_groundwater_sustainability_agency,yamabe_horn_engineering_inc,NA
0080,santa_ynez_river_valley_basin_eastern_management_area_groundwater_sustainability_agency,yamabe_horn_engineering_inc,NA
0081,temescal_subbasin_groundwater_sustainability_agency,yamabe_horn_engineering_inc,NA
0082,enterprise_anderson_groundwater_sustainability_agency_enterprise,yamabe_horn_engineering_inc,NA
0083,enterprise_anderson_groundwater_sustainability_agency_anderson,yamabe_horn_engineering_inc,NA
0084,ukiah_valley_basin_groundwater_sustainability_agency,yamabe_horn_engineering_inc,NA
0084,ukiah_valley_basin_gsa,yamabe_horn_engineering_inc,NA
0085,county_of_tuolumne_groundwater_sustainability_agency,yamabe_horn_engineering_inc,NA
0085,groundwater_sustainability_agency,yamabe_horn_engineering_inc,NA
0085,stanislaus_and_tuolumne_rivers_groundwater_basin_association,yamabe_horn_engineering_inc,NA
0085,stanislaus_and_tuolumne_rivers_groundwater_basin_association_groundwater_sustainability_agency,yamabe_horn_engineering_inc,NA
0086,groundwater_sustainability_agency,yamabe_horn_engineering_inc,NA
0086,rock_creek_reclamation_district_groundwater_sustainability_agency,yamabe_horn_engineering_inc,NA
0086,vina_groundwater_sustainability_agency,yamabe_horn_engineering_inc,NA
0087,san_antonio_basin_groundwater_sustainability_agency,yamabe_horn_engineering_inc,NA
0088,siskiyou_county_flood_control_and_water_conservation_district_groundwater_sustainability_agency_butte_valley,yamabe_horn_engineering_inc,NA
0090,siskiyou_county_flood_control_and_water_conservation_district_groundwater_sustainability_agency_shasta,yamabe_horn_engineering_inc,NA
0091,city_of_hayward_groundwater_sustainability_agency,yamabe_horn_engineering_inc,NA
0091,east_bay_municipal_utility_district_groundwater_sustainability_agency,yamabe_horn_engineering_inc,NA
0091,groundwater_sustainability_agency,yamabe_horn_engineering_inc,NA
0092,cga,yamabe_horn_engineering_inc,NA
0092,colusa_groundwater_authority_groundwater_sustainability_agency_colusa,yamabe_horn_engineering_inc,NA
0092,glenn_groundwater_authority,yamabe_horn_engineering_inc,NA
0092,glenn_groundwater_authority_groundwater_sustainability_agency,yamabe_horn_engineering_inc,NA
0092,groundwater_sustainability_agency,yamabe_horn_engineering_inc,NA
0093,bedford_coldwater_subbasin_groundwater_sustainability_agency,yamabe_horn_engineering_inc,NA
0094,csgsa,yamabe_horn_engineering_inc,NA
0094,groundwater_sustainability_agency,yamabe_horn_engineering_inc,NA
0094,tehama_county_flood_control_and_water_conservation_district,yamabe_horn_engineering_inc,NA
0095,county_of_lassen_groundwater_sustainability_agency,yamabe_horn_engineering_inc,NA
0095,county_of_modoc_groundwater_sustainability_agency_big_valley,yamabe_horn_engineering_inc,NA
0095,groundwater_sustainability_agency,yamabe_horn_engineering_inc,NA
0096,yolo_subbasin_groundwater_sustainability_agency,yamabe_horn_engineering_inc,NA
0097,groundwater_sustainability_agency,yamabe_horn_engineering_inc,NA
0097,tulelake_irrigation_district_groundwater_sustainability_agency,yamabe_horn_engineering_inc,NA
0098,groundwater_sustainability_agency,yamabe_horn_engineering_inc,NA
0099,wyandotte_creek_groundwater_sustainability_agency,yamabe_horn_engineering_inc,NA
0100,county_of_sutter_groundwater_sustainability_agency_north_american,yamabe_horn_engineering_inc,NA
0100,groundwater_sustainability_agency,yamabe_horn_engineering_inc,NA
0100,reclamation_district_no_1001_groundwater_sustainability_agency,yamabe_horn_engineering_inc,NA
0100,sacramento_groundwater_authority,yamabe_horn_engineering_inc,NA
0100,sacramento_groundwater_authority_groundwater_sustainability_agency,yamabe_horn_engineering_inc,NA
0100,south_sutter_water_district_groundwater_sustainability_agency,yamabe_horn_engineering_inc,NA
0100,west_placer_groundwater_sustainability_agency,yamabe_horn_engineering_inc,NA
0101,sonoma_valley_groundwater_sustainability_agency,yamabe_horn_engineering_inc,NA
0103,owens_valley_groundwater_authority,yamabe_horn_engineering_inc,NA
0103,owens_valley_groundwater_authority_groundwater_sustainability_agency_owens_valley,yamabe_horn_engineering_inc,NA
0104,yucaipa_basin_groundwater_sustainability_agency,yamabe_horn_engineering_inc,NA
0105,groundwater_sustainability_agency,yamabe_horn_engineering_inc,NA
0105,san_benito_county_water_district_groundwater_sustainability_agency,yamabe_horn_engineering_inc,NA
0105,santa_clara_valley_water_district_groundwater_sustainability_agency_north_san_benito,yamabe_horn_engineering_inc,NA
0106,amador_county_groundwater_management_authority,yamabe_horn_engineering_inc,NA
0106,amador_county_groundwater_management_authority_groundwater_sustainability_agency,yamabe_horn_engineering_inc,NA
0106,city_of_galt_groundwater_sustainability_agency,yamabe_horn_engineering_inc,NA
0106,clay_water_district_groundwater_sustainability_agency,yamabe_horn_engineering_inc,NA
0106,galt_irrigation_district_groundwater_sustainability_agency,yamabe_horn_engineering_inc,NA
0106,groundwater_sustainability_agency,yamabe_horn_engineering_inc,NA
0106,omochumne_hartnell_water_district_groundwater_sustainability_agency_cosumnes,yamabe_horn_engineering_inc,NA
0106,sacramento_county_groundwater_sustainability_agency_cosumnes,yamabe_horn_engineering_inc,NA
0106,sloughhouse_resource_conservation_district_groundwater_sustainability_agency_cosumnes,yamabe_horn_engineering_inc,NA
0110,east_turlock_subbasin_groundwater_sustainability_agency,yamabe_horn_engineering_inc,NA
0110,groundwater_sustainability_agency,yamabe_horn_engineering_inc,NA
0110,west_turlock_subbasin_groundwater_sustainability_agency,yamabe_horn_engineering_inc,NA
0111,county_of_sacramento_groundwater_sustainability_agency_south_american,yamabe_horn_engineering_inc,NA
0111,groundwater_sustainability_agency,yamabe_horn_engineering_inc,NA
0111,omochumne_hartnell_water_district_groundwater_sustainability_agency_south_american,yamabe_horn_engineering_inc,NA
0111,reclamation_district_no_551_groundwater_sustainability_agency,yamabe_horn_engineering_inc,NA
0111,sacramento_central_groundwater_authority,yamabe_horn_engineering_inc,NA
0111,sacramento_central_groundwater_authority_groundwater_sustainability_agency_1,yamabe_horn_engineering_inc,NA
0112,butte_water_district_groundwater_sustainability_agency_sutter,yamabe_horn_engineering_inc,NA
0112,groundwater_sustainability_agency,yamabe_horn_engineering_inc,NA
0113,salinas_valley_basin_groundwater_sustainability_agency_langley_area,yamabe_horn_engineering_inc,NA
0113,svbgsa,yamabe_horn_engineering_inc,NA
0114,salinas_valley_basin_groundwater_sustainability_agency_east_side_aquifer,yamabe_horn_engineering_inc,NA
0115,salinas_valley_basin_groundwater_sustainability_agency_upper_valley_aquifer,yamabe_horn_engineering_inc,NA
0116,arroyo_seco_groundwater_sustainability_agency_1,yamabe_horn_engineering_inc,NA
0116,groundwater_sustainability_agency,yamabe_horn_engineering_inc,NA
0116,salinas_valley_basin_groundwater_sustainability_agency_forebay_aquifer,yamabe_horn_engineering_inc,NA
0117,city_of_vacaville_groundwater_sustainability_agency,yamabe_horn_engineering_inc,NA
0117,groundwater_sustainability_agency,yamabe_horn_engineering_inc,NA
0117,reclamation_district_no_2111_groundwater_sustainability_agency,yamabe_horn_engineering_inc,NA
0117,reclamation_district_no_317_groundwater_sustainability_agency,yamabe_horn_engineering_inc,NA
0117,reclamation_district_no_349_groundwater_sustainability_agency,yamabe_horn_engineering_inc,NA
0117,reclamation_district_no_3_groundwater_sustainability_agency,yamabe_horn_engineering_inc,NA
0117,reclamation_district_no_501_groundwater_sustainability_agency_northern_delta_groundwater_sustainability_agency,yamabe_horn_engineering_inc,NA
0117,reclamation_district_no_554_groundwater_sustainability_agency,yamabe_horn_engineering_inc,NA
0117,reclamation_district_no_556_groundwater_sustainability_agency,yamabe_horn_engineering_inc,NA
0117,sacramento_county_groundwater_sustainability_agency_solano,yamabe_horn_engineering_inc,NA
0117,solano_irrigation_district_groundwater_sustainability_agency,yamabe_horn_engineering_inc,NA
0117,solano_subbasin_groundwater_sustainability_agency,yamabe_horn_engineering_inc,NA
0118,city_of_san_luis_obispo_groundwater_sustainability_agency,yamabe_horn_engineering_inc,NA
0118,county_of_san_luis_obispo_groundwater_sustainability_agency_san_luis_obispo_valley,yamabe_horn_engineering_inc,NA
0118,groundwater_sustainability_agency,yamabe_horn_engineering_inc,NA
0119,elsinore_valley_groundwater_sustainability_agency,yamabe_horn_engineering_inc,NA
0120,byron_bethany_irrigation_district_groundwater_sustainability_agency_east_contra_costa,yamabe_horn_engineering_inc,NA
0120,city_of_antioch_groundwater_sustainability_agency,yamabe_horn_engineering_inc,NA
0120,city_of_brentwood_groundwater_sustainability_agency,yamabe_horn_engineering_inc,NA
0120,county_of_contra_costa_groundwater_sustainability_agency,yamabe_horn_engineering_inc,NA
0120,diablo_water_district_groundwater_sustainability_agency,yamabe_horn_engineering_inc,NA
0120,discovery_bay_community_services_district_groundwater_sustainability_agency,yamabe_horn_engineering_inc,NA
0120,east_contra_costa_irrigation_district_groundwater_sustainability_agency,yamabe_horn_engineering_inc,NA
0120,groundwater_sustainability_agency,yamabe_horn_engineering_inc,NA
0121,groundwater_sustainability_agency,yamabe_horn_engineering_inc,NA
0121,san_gorgonio_pass_groundwater_sustainability_agency,yamabe_horn_engineering_inc,NA
0121,verbenia_groundwater_sustainability_agency,yamabe_horn_engineering_inc,NA
0122,banta_carbona_irrigation_district_groundwater_sustainability_agency,yamabe_horn_engineering_inc,NA
0122,byron_bethany_irrigation_district_groundwater_sustainability_agency_tracy,yamabe_horn_engineering_inc,NA
0122,city_of_lathrop_groundwater_sustainability_agency,yamabe_horn_engineering_inc,NA
0122,city_of_tracy_groundwater_sustainability_agency,yamabe_horn_engineering_inc,NA
0122,county_of_san_joaquin_groundwater_sustainability_agency_tracy,yamabe_horn_engineering_inc,NA
0122,groundwater_sustainability_agency,yamabe_horn_engineering_inc,NA
0122,stewart_tract_groundwater_sustainability_agency,yamabe_horn_engineering_inc,NA
0123,white_wolf_groundwater_sustainability_agency,yamabe_horn_engineering_inc,NA
0124,county_of_napa_groundwater_sustainability_agency,yamabe_horn_engineering_inc,NA
0125,county_of_plumas_groundwater_sustainability_agency,yamabe_horn_engineering_inc,NA
0125,groundwater_sustainability_agency,yamabe_horn_engineering_inc,NA
0125,sierra_valley_groundwater_management_district,yamabe_horn_engineering_inc,NA
0125,sierra_valley_groundwater_management_district_groundwater_sustainability_agency,yamabe_horn_engineering_inc,NA
0127,big_valley_groundwater_sustainability_agency,yamabe_horn_engineering_inc,NA
0128,groundwater_sustainability_agency,yamabe_horn_engineering_inc,NA
0128,marina_coast_water_district_groundwater_sustainability_agency_monterey,yamabe_horn_engineering_inc,NA
0128,salinas_valley_basin_groundwater_sustainability_agency_monterey,yamabe_horn_engineering_inc,NA
0129,santa_monica_basin_groundwater_sustainability_agency,yamabe_horn_engineering_inc,NA
0130,ojai_basin_groundwater_management_agency,yamabe_horn_engineering_inc,NA
0130,ojai_basin_groundwater_management_agency_gsa,yamabe_horn_engineering_inc,NA
0131,santa_clarita_valley_groundwater_sustainability_agency,yamabe_horn_engineering_inc,NA
0132,petaluma_valley_groundwater_sustainability_agency,yamabe_horn_engineering_inc,NA
0133,atascadero_basin_groundwater_sustainability_agency,yamabe_horn_engineering_inc,NA
0134,tehama_county_flood_control_and_water_conservation_district_groundwater_sustainability_agency_antelope,yamabe_horn_engineering_inc,NA
0136,santa_rosa_plain_groundwater_sustainability_agency,yamabe_horn_engineering_inc,NA
0137,tehama_county_flood_control_and_water_conservation_district_groundwater_sustainability_agency_bowman,yamabe_horn_engineering_inc,NA
0138,bear_valley_basin_groundwater_sustainability_agency,yamabe_horn_engineering_inc,NA
0139,tehama_county_flood_control_and_water_conservation_district_groundwater_sustainability_agency_los_molinos,yamabe_horn_engineering_inc,NA
0140,tehama_county_flood_control_and_water_conservation_district_groundwater_sustainability_agency_red_bluff,yamabe_horn_engineering_inc,NA
0144,western_municipal_water_district_groundwater_sustainability_agency_riverside_arlington,yamabe_horn_engineering_inc,NA
0145,city_of_coalinga_groundwater_sustainability_agency,yamabe_horn_engineering_inc,NA
0145,pleasant_valley_groundwater_sustainability_agency,yamabe_horn_engineering_inc,NA
0149,spadra_basin_groundwater_sustainability_agency,yamabe_horn_engineering_inc,NA
0150,arvin_groundwater_sustainability_agency,yamabe_horn_engineering_inc,NA
0150,groundwater_sustainability_agency,yamabe_horn_engineering_inc,NA
0150,tejon_castac_water_district_groundwater_sustainability_agency,yamabe_horn_engineering_inc,NA
0150,wheeler_ridge_maricopa_groundwater_sustainability_agency,yamabe_horn_engineering_inc,NA
0155,montecito_groundwater_basin,yamabe_horn_engineering_inc,NA
0155,montecito_groundwater_basin_groundwater_sustainability_agency,yamabe_horn_engineering_inc,NA
0156,arroyo_santa_rosa_basin_groundwater_sustainability_agency,yamabe_horn_engineering_inc,NA
0156,arroyo_santa_rosa_groundwater_sustainability_agency,yamabe_horn_engineering_inc,NA
0156,fox_canyon_groundwater_management_agency,yamabe_horn_engineering_inc,NA
0156,groundwater_sustainability_agency,yamabe_horn_engineering_inc,NA
0007,aliso_water_district_groundwater_sustainability_agency,gei_consultants_inc,NA
0008,groundwater_sustainability_agency,gei_consultants_inc,NA
0008,westlands_water_district_groundwater_sustainability_agency,gei_consultants_inc,NA
0009,groundwater_sustainability_agency,gei_consultants_inc,NA
0009,merced_irrigation_urban_groundwater_sustainability_agency,gei_consultants_inc,NA
0009,merced_subbasin_groundwater_sustainability_agency,gei_consultants_inc,NA
0009,miugsa,gei_consultants_inc,NA
0009,turner_island_water_district_groundwater_sustainability_agency_merced,gei_consultants_inc,NA
0011,mga,gei_consultants_inc,NA
0011,santa_cruz_mid_county_groundwater_agency_gsa,gei_consultants_inc,NA
0012,chowchilla_water_district_groundwater_sustainability_agency,gei_consultants_inc,NA
0012,groundwater_sustainability_agency,gei_consultants_inc,NA
0012,triangle_t_water_district_groundwater_sustainability_agency,gei_consultants_inc,NA
0013,dm_ii_groundwater_sustainability_agency,gei_consultants_inc,NA
0013,groundwater_sustainability_agency,gei_consultants_inc,NA
0013,oro_loma_water_district_groundwater_sustainability_agency,gei_consultants_inc,NA
0014,farmers_water_district_groundwater_sustainability_agency,gei_consultants_inc,NA
0015,city_of_dos_palos_groundwater_sustainability_agency,gei_consultants_inc,NA
0015,city_of_firebaugh_groundwater_sustainability_agency,gei_consultants_inc,NA
0015,city_of_gustine_groundwater_sustainability_agency,gei_consultants_inc,NA
0015,city_of_los_banos_groundwater_sustainability_agency,gei_consultants_inc,NA
0015,city_of_mendota_groundwater_sustainability_agency,gei_consultants_inc,NA
0015,city_of_newman_groundwater_sustainability_agency,gei_consultants_inc,NA
0015,county_of_madera_groundwater_sustainability_agency_delta_mendota,gei_consultants_inc,NA
0015,county_of_merced_groundwater_sustainability_agency_delta_mendota,gei_consultants_inc,NA
0015,groundwater_sustainability_agency,gei_consultants_inc,NA
0015,san_joaquin_river_exchange_contractors_groundwater_sustainability_agency,gei_consultants_inc,NA
0015,turner_island_water_district_groundwater_sustainability_agency_delta_mendota,gei_consultants_inc,NA
0016,fox_canyon_groundwater_management_agency,gei_consultants_inc,NA
0016,fox_canyon_groundwater_management_agency_gsa_oxnard,gei_consultants_inc,NA
0017,fox_canyon_groundwater_management_agency,gei_consultants_inc,NA
0017,fox_canyon_groundwater_management_agency_gsa_pleasant_valley,gei_consultants_inc,NA
0018,fox_canyon_groundwater_management_agency,gei_consultants_inc,NA
0018,fox_canyon_groundwater_management_agency_gsa_las_posas_valley,gei_consultants_inc,NA
0019,mound_basin_groundwater_sustainability_agency,gei_consultants_inc,NA
0020,county_of_fresno_groundwater_sustainability_agency_delta_mendota_management_area_a,gei_consultants_inc,NA
0020,county_of_fresno_groundwater_sustainability_agency_delta_mendota_management_area_b,gei_consultants_inc,NA
0020,groundwater_sustainability_agency,gei_consultants_inc,NA
0021,city_of_madera_groundwater_sustainability_agency,gei_consultants_inc,NA
0021,county_of_madera_groundwater_sustainability_agency_madera,gei_consultants_inc,NA
0021,groundwater_sustainability_agency,gei_consultants_inc,NA
0021,madera_irrigation_district_groundwater_sustainability_agency,gei_consultants_inc,NA
0021,madera_water_district_groundwater_sustainability_agency,gei_consultants_inc,NA
0022,central_kings_groundwater_sustainability_agency,gei_consultants_inc,NA
0023,kings_river_east_groundwater_sustainability_agency,gei_consultants_inc,NA
0024,north_kings_groundwater_sustainability_agency,gei_consultants_inc,NA
0025,north_fork_kings_groundwater_sustainability_agency,gei_consultants_inc,NA
0026,south_kings_groundwater_sustainability_agency,gei_consultants_inc,NA
0028,mcmullin_area_groundwater_sustainability_agency,gei_consultants_inc,NA
0029,county_of_monterey_groundwater_sustainability_agency,gei_consultants_inc,NA
0029,groundwater_sustainability_agency,gei_consultants_inc,NA
0029,salinas_valley_basin_groundwater_sustainability_agency,gei_consultants_inc,NA
0030,greater_kaweah_groundwater_sustainability_agency,gei_consultants_inc,1
0031,james_groundwater_sustainability_agency,gei_consultants_inc,NA
0032,cuyama_basin_groundwater_sustainability_agency,gei_consultants_inc,NA
0035,city_of_paso_robles_groundwater_sustainability_agency,gei_consultants_inc,NA
0035,groundwater_sustainability_agency,gei_consultants_inc,NA
0035,san_miguel_community_services_district_groundwater_sustainability_agency,gei_consultants_inc,NA
0035,shandon_san_juan_groundwater_sustainability_agency,gei_consultants_inc,NA
0036,groundwater_sustainability_agency,gei_consultants_inc,NA
0036,kern_groundwater_authority,gei_consultants_inc,NA
0036,kern_groundwater_authority_groundwater_sustainability_agency,gei_consultants_inc,NA
0037,henry_miller_water_district_gsa,gei_consultants_inc,NA
0038,county_of_merced_groundwater_sustainability_agency_delta_mendota,gei_consultants_inc,NA
0038,grasslands_groundwater_sustainability_agency,gei_consultants_inc,NA
0038,groundwater_sustainability_agency,gei_consultants_inc,NA
0042,el_rico_groundwater_sustainability_agency,gei_consultants_inc,NA
0042,groundwater_sustainability_agency,gei_consultants_inc,NA
0042,mid_kings_river_groundwater_sustainability_agency,gei_consultants_inc,NA
0042,sfkgsa,gei_consultants_inc,NA
0042,south_fork_kings_groundwater_sustainability_agency,gei_consultants_inc,NA
0042,southwest_kings_groundwater_sustainability_agency,gei_consultants_inc,NA
0042,tri_county_water_authority_groundwater_sustainability_agency_tulare_lake,gei_consultants_inc,NA
0043,eastern_tule_groundwater_sustainability_agency,gei_consultants_inc,NA
0044,olcese_water_district_groundwater_sustainability_agency,gei_consultants_inc,NA
0045,root_creek_water_district_groundwater_sustainability_agency,gei_consultants_inc,NA
0047,central_delta_water_agency_groundwater_sustainability_agency,gei_consultants_inc,NA
0047,central_san_joaquin_water_conservation_district_groundwater_sustainability_agency,gei_consultants_inc,NA
0047,city_of_lodi_groundwater_sustainability_agency,gei_consultants_inc,NA
0047,city_of_manteca_groundwater_sustainability_agency,gei_consultants_inc,NA
0047,city_of_stockton_groundwater_sustainability_agency,gei_consultants_inc,NA
0047,county_of_san_joaquin_groundwater_sustainability_agency_eastern_san_joaquin_1,gei_consultants_inc,NA
0047,county_of_san_joaquin_groundwater_sustainability_agency_eastern_san_joaquin_2,gei_consultants_inc,NA
0047,eastside_san_joaquin_groundwater_sustainability_agency,gei_consultants_inc,NA
0047,groundwater_sustainability_agency,gei_consultants_inc,NA
0047,linden_county_water_district_groundwater_sustainability_agency,gei_consultants_inc,NA
0047,lockeford_community_service_district_groundwater_sustainability_agency,gei_consultants_inc,NA
0047,north_san_joaquin_water_conservation_district_groundwater_sustainability_agency,gei_consultants_inc,NA
0047,oakdale_irrigation_district_groundwater_sustainability_agency,gei_consultants_inc,NA
0047,south_delta_water_agency_groundwater_sustainability_agency,gei_consultants_inc,NA
0047,south_san_joaquin_groundwater_sustainability_agency,gei_consultants_inc,NA
0047,stockton_east_water_district_groundwater_sustainability_agency,gei_consultants_inc,NA
0047,woodbridge_irrigation_district_groundwater_sustainability_agency,gei_consultants_inc,NA
0048,alpaugh_groundwater_sustainability_agency,gei_consultants_inc,NA
0049,new_stone_water_district_groundwater_sustainability_agency,gei_consultants_inc,NA
0050,mid_kaweah_groundwater_sustainability_agency,gei_consultants_inc,0
0050,mkgsa,gei_consultants_inc,1
0051,buena_vista_water_storage_district_gsa,gei_consultants_inc,NA
0052,groundwater_sustainability_agency,gei_consultants_inc,NA
0052,yuba_water_agency,gei_consultants_inc,NA
0054,groundwater_sustainability_agency,gei_consultants_inc,NA
0054,kern_river_groundwater_sustainability_agency,gei_consultants_inc,NA
0056,lower_tule_river_irrigation_district_groundwater_sustainability_agency,gei_consultants_inc,NA
0056,ltridgsa,gei_consultants_inc,NA
0057,tri_county_water_authority_groundwater_sustainability_agency_tule,gei_consultants_inc,NA
0058,east_kaweah_groundwater_sustainability_agency,gei_consultants_inc,1
0058,groundwater_sustainability_agency,gei_consultants_inc,0
0059,indian_wells_valley_groundwater_authority,gei_consultants_inc,NA
0059,indian_wells_valley_groundwater_authority_groundwater_sustainability_agency,gei_consultants_inc,NA
0061,gravelly_ford_water_district_groundwater_sustainability_agency,gei_consultants_inc,NA
0063,delano_earlimart_irrigation_district_groundwater_sustainability_agency,gei_consultants_inc,NA
0065,pixley_irrigation_district_groundwater_sustainability_agency,gei_consultants_inc,NA
0067,castac_basin_gsa,gei_consultants_inc,NA
0070,county_of_humboldt_groundwater_sustainability_agency,gei_consultants_inc,NA
0071,west_san_jacinto_groundwater_sustainability_agency,gei_consultants_inc,NA
0072,fillmore_and_piru_basins_groundwater_sustainability_agency_piru,gei_consultants_inc,NA
0072,fpbgsa,gei_consultants_inc,NA
0073,fillmore_and_piru_basins_groundwater_sustainability_agency_fillmore,gei_consultants_inc,NA
0073,fpbgsa,gei_consultants_inc,NA
0074,santa_margarita_groundwater_agency,gei_consultants_inc,NA
0074,santa_margarita_groundwater_agency_gsa,gei_consultants_inc,NA
0075,san_pasqual_valley_groundwater_sustainability_agency,gei_consultants_inc,NA
0075,san_pasqual_valley_gsa,gei_consultants_inc,NA
0076,pauma_valley_groundwater_sustainability_agency,gei_consultants_inc,NA
0076,pvgsa,gei_consultants_inc,NA
0077,upper_ventura_river_groundwater_agency,gei_consultants_inc,NA
0077,upper_ventura_river_groundwater_agency_gsa,gei_consultants_inc,NA
0078,santa_ynez_river_valley_basin_western_management_area_groundwater_sustainability_agency,gei_consultants_inc,NA
0079,santa_ynez_river_valley_basin_central_management_area_groundwater_sustainability_agency,gei_consultants_inc,NA
0080,santa_ynez_river_valley_basin_eastern_management_area_groundwater_sustainability_agency,gei_consultants_inc,NA
0081,temescal_subbasin_groundwater_sustainability_agency,gei_consultants_inc,NA
0082,enterprise_anderson_groundwater_sustainability_agency_enterprise,gei_consultants_inc,NA
0083,enterprise_anderson_groundwater_sustainability_agency_anderson,gei_consultants_inc,NA
0084,ukiah_valley_basin_groundwater_sustainability_agency,gei_consultants_inc,NA
0084,ukiah_valley_basin_gsa,gei_consultants_inc,NA
0085,county_of_tuolumne_groundwater_sustainability_agency,gei_consultants_inc,NA
0085,groundwater_sustainability_agency,gei_consultants_inc,NA
0085,stanislaus_and_tuolumne_rivers_groundwater_basin_association,gei_consultants_inc,NA
0085,stanislaus_and_tuolumne_rivers_groundwater_basin_association_groundwater_sustainability_agency,gei_consultants_inc,NA
0086,groundwater_sustainability_agency,gei_consultants_inc,NA
0086,rock_creek_reclamation_district_groundwater_sustainability_agency,gei_consultants_inc,NA
0086,vina_groundwater_sustainability_agency,gei_consultants_inc,NA
0087,san_antonio_basin_groundwater_sustainability_agency,gei_consultants_inc,NA
0088,siskiyou_county_flood_control_and_water_conservation_district_groundwater_sustainability_agency_butte_valley,gei_consultants_inc,NA
0090,siskiyou_county_flood_control_and_water_conservation_district_groundwater_sustainability_agency_shasta,gei_consultants_inc,NA
0091,city_of_hayward_groundwater_sustainability_agency,gei_consultants_inc,NA
0091,east_bay_municipal_utility_district_groundwater_sustainability_agency,gei_consultants_inc,NA
0091,groundwater_sustainability_agency,gei_consultants_inc,NA
0092,cga,gei_consultants_inc,NA
0092,colusa_groundwater_authority_groundwater_sustainability_agency_colusa,gei_consultants_inc,NA
0092,glenn_groundwater_authority,gei_consultants_inc,NA
0092,glenn_groundwater_authority_groundwater_sustainability_agency,gei_consultants_inc,NA
0092,groundwater_sustainability_agency,gei_consultants_inc,NA
0093,bedford_coldwater_subbasin_groundwater_sustainability_agency,gei_consultants_inc,NA
0094,csgsa,gei_consultants_inc,NA
0094,groundwater_sustainability_agency,gei_consultants_inc,NA
0094,tehama_county_flood_control_and_water_conservation_district,gei_consultants_inc,NA
0095,county_of_lassen_groundwater_sustainability_agency,gei_consultants_inc,NA
0095,county_of_modoc_groundwater_sustainability_agency_big_valley,gei_consultants_inc,NA
0095,groundwater_sustainability_agency,gei_consultants_inc,NA
0096,yolo_subbasin_groundwater_sustainability_agency,gei_consultants_inc,NA
0097,groundwater_sustainability_agency,gei_consultants_inc,NA
0097,tulelake_irrigation_district_groundwater_sustainability_agency,gei_consultants_inc,NA
0098,groundwater_sustainability_agency,gei_consultants_inc,NA
0099,wyandotte_creek_groundwater_sustainability_agency,gei_consultants_inc,NA
0100,county_of_sutter_groundwater_sustainability_agency_north_american,gei_consultants_inc,NA
0100,groundwater_sustainability_agency,gei_consultants_inc,NA
0100,reclamation_district_no_1001_groundwater_sustainability_agency,gei_consultants_inc,NA
0100,sacramento_groundwater_authority,gei_consultants_inc,NA
0100,sacramento_groundwater_authority_groundwater_sustainability_agency,gei_consultants_inc,NA
0100,south_sutter_water_district_groundwater_sustainability_agency,gei_consultants_inc,NA
0100,west_placer_groundwater_sustainability_agency,gei_consultants_inc,NA
0101,sonoma_valley_groundwater_sustainability_agency,gei_consultants_inc,NA
0103,owens_valley_groundwater_authority,gei_consultants_inc,NA
0103,owens_valley_groundwater_authority_groundwater_sustainability_agency_owens_valley,gei_consultants_inc,NA
0104,yucaipa_basin_groundwater_sustainability_agency,gei_consultants_inc,NA
0105,groundwater_sustainability_agency,gei_consultants_inc,NA
0105,san_benito_county_water_district_groundwater_sustainability_agency,gei_consultants_inc,NA
0105,santa_clara_valley_water_district_groundwater_sustainability_agency_north_san_benito,gei_consultants_inc,NA
0106,amador_county_groundwater_management_authority,gei_consultants_inc,NA
0106,amador_county_groundwater_management_authority_groundwater_sustainability_agency,gei_consultants_inc,NA
0106,city_of_galt_groundwater_sustainability_agency,gei_consultants_inc,NA
0106,clay_water_district_groundwater_sustainability_agency,gei_consultants_inc,NA
0106,galt_irrigation_district_groundwater_sustainability_agency,gei_consultants_inc,NA
0106,groundwater_sustainability_agency,gei_consultants_inc,NA
0106,omochumne_hartnell_water_district_groundwater_sustainability_agency_cosumnes,gei_consultants_inc,NA
0106,sacramento_county_groundwater_sustainability_agency_cosumnes,gei_consultants_inc,NA
0106,sloughhouse_resource_conservation_district_groundwater_sustainability_agency_cosumnes,gei_consultants_inc,NA
0110,east_turlock_subbasin_groundwater_sustainability_agency,gei_consultants_inc,NA
0110,groundwater_sustainability_agency,gei_consultants_inc,NA
0110,west_turlock_subbasin_groundwater_sustainability_agency,gei_consultants_inc,NA
0111,county_of_sacramento_groundwater_sustainability_agency_south_american,gei_consultants_inc,NA
0111,groundwater_sustainability_agency,gei_consultants_inc,NA
0111,omochumne_hartnell_water_district_groundwater_sustainability_agency_south_american,gei_consultants_inc,NA
0111,reclamation_district_no_551_groundwater_sustainability_agency,gei_consultants_inc,NA
0111,sacramento_central_groundwater_authority,gei_consultants_inc,NA
0111,sacramento_central_groundwater_authority_groundwater_sustainability_agency_1,gei_consultants_inc,NA
0112,butte_water_district_groundwater_sustainability_agency_sutter,gei_consultants_inc,NA
0112,groundwater_sustainability_agency,gei_consultants_inc,NA
0113,salinas_valley_basin_groundwater_sustainability_agency_langley_area,gei_consultants_inc,NA
0113,svbgsa,gei_consultants_inc,NA
0114,salinas_valley_basin_groundwater_sustainability_agency_east_side_aquifer,gei_consultants_inc,NA
0115,salinas_valley_basin_groundwater_sustainability_agency_upper_valley_aquifer,gei_consultants_inc,NA
0116,arroyo_seco_groundwater_sustainability_agency_1,gei_consultants_inc,NA
0116,groundwater_sustainability_agency,gei_consultants_inc,NA
0116,salinas_valley_basin_groundwater_sustainability_agency_forebay_aquifer,gei_consultants_inc,NA
0117,city_of_vacaville_groundwater_sustainability_agency,gei_consultants_inc,NA
0117,groundwater_sustainability_agency,gei_consultants_inc,NA
0117,reclamation_district_no_2111_groundwater_sustainability_agency,gei_consultants_inc,NA
0117,reclamation_district_no_317_groundwater_sustainability_agency,gei_consultants_inc,NA
0117,reclamation_district_no_349_groundwater_sustainability_agency,gei_consultants_inc,NA
0117,reclamation_district_no_3_groundwater_sustainability_agency,gei_consultants_inc,NA
0117,reclamation_district_no_501_groundwater_sustainability_agency_northern_delta_groundwater_sustainability_agency,gei_consultants_inc,NA
0117,reclamation_district_no_554_groundwater_sustainability_agency,gei_consultants_inc,NA
0117,reclamation_district_no_556_groundwater_sustainability_agency,gei_consultants_inc,NA
0117,sacramento_county_groundwater_sustainability_agency_solano,gei_consultants_inc,NA
0117,solano_irrigation_district_groundwater_sustainability_agency,gei_consultants_inc,NA
0117,solano_subbasin_groundwater_sustainability_agency,gei_consultants_inc,NA
0118,city_of_san_luis_obispo_groundwater_sustainability_agency,gei_consultants_inc,NA
0118,county_of_san_luis_obispo_groundwater_sustainability_agency_san_luis_obispo_valley,gei_consultants_inc,NA
0118,groundwater_sustainability_agency,gei_consultants_inc,NA
0119,elsinore_valley_groundwater_sustainability_agency,gei_consultants_inc,NA
0120,byron_bethany_irrigation_district_groundwater_sustainability_agency_east_contra_costa,gei_consultants_inc,NA
0120,city_of_antioch_groundwater_sustainability_agency,gei_consultants_inc,NA
0120,city_of_brentwood_groundwater_sustainability_agency,gei_consultants_inc,NA
0120,county_of_contra_costa_groundwater_sustainability_agency,gei_consultants_inc,NA
0120,diablo_water_district_groundwater_sustainability_agency,gei_consultants_inc,NA
0120,discovery_bay_community_services_district_groundwater_sustainability_agency,gei_consultants_inc,NA
0120,east_contra_costa_irrigation_district_groundwater_sustainability_agency,gei_consultants_inc,NA
0120,groundwater_sustainability_agency,gei_consultants_inc,NA
0121,groundwater_sustainability_agency,gei_consultants_inc,NA
0121,san_gorgonio_pass_groundwater_sustainability_agency,gei_consultants_inc,NA
0121,verbenia_groundwater_sustainability_agency,gei_consultants_inc,NA
0122,banta_carbona_irrigation_district_groundwater_sustainability_agency,gei_consultants_inc,NA
0122,byron_bethany_irrigation_district_groundwater_sustainability_agency_tracy,gei_consultants_inc,NA
0122,city_of_lathrop_groundwater_sustainability_agency,gei_consultants_inc,NA
0122,city_of_tracy_groundwater_sustainability_agency,gei_consultants_inc,NA
0122,county_of_san_joaquin_groundwater_sustainability_agency_tracy,gei_consultants_inc,NA
0122,groundwater_sustainability_agency,gei_consultants_inc,NA
0122,stewart_tract_groundwater_sustainability_agency,gei_consultants_inc,NA
0123,white_wolf_groundwater_sustainability_agency,gei_consultants_inc,NA
0124,county_of_napa_groundwater_sustainability_agency,gei_consultants_inc,NA
0125,county_of_plumas_groundwater_sustainability_agency,gei_consultants_inc,NA
0125,groundwater_sustainability_agency,gei_consultants_inc,NA
0125,sierra_valley_groundwater_management_district,gei_consultants_inc,NA
0125,sierra_valley_groundwater_management_district_groundwater_sustainability_agency,gei_consultants_inc,NA
0127,big_valley_groundwater_sustainability_agency,gei_consultants_inc,NA
0128,groundwater_sustainability_agency,gei_consultants_inc,NA
0128,marina_coast_water_district_groundwater_sustainability_agency_monterey,gei_consultants_inc,NA
0128,salinas_valley_basin_groundwater_sustainability_agency_monterey,gei_consultants_inc,NA
0129,santa_monica_basin_groundwater_sustainability_agency,gei_consultants_inc,NA
0130,ojai_basin_groundwater_management_agency,gei_consultants_inc,NA
0130,ojai_basin_groundwater_management_agency_gsa,gei_consultants_inc,NA
0131,santa_clarita_valley_groundwater_sustainability_agency,gei_consultants_inc,NA
0132,petaluma_valley_groundwater_sustainability_agency,gei_consultants_inc,NA
0133,atascadero_basin_groundwater_sustainability_agency,gei_consultants_inc,NA
0134,tehama_county_flood_control_and_water_conservation_district_groundwater_sustainability_agency_antelope,gei_consultants_inc,NA
0136,santa_rosa_plain_groundwater_sustainability_agency,gei_consultants_inc,NA
0137,tehama_county_flood_control_and_water_conservation_district_groundwater_sustainability_agency_bowman,gei_consultants_inc,NA
0138,bear_valley_basin_groundwater_sustainability_agency,gei_consultants_inc,NA
0139,tehama_county_flood_control_and_water_conservation_district_groundwater_sustainability_agency_los_molinos,gei_consultants_inc,NA
0140,tehama_county_flood_control_and_water_conservation_district_groundwater_sustainability_agency_red_bluff,gei_consultants_inc,NA
0144,western_municipal_water_district_groundwater_sustainability_agency_riverside_arlington,gei_consultants_inc,NA
0145,city_of_coalinga_groundwater_sustainability_agency,gei_consultants_inc,NA
0145,pleasant_valley_groundwater_sustainability_agency,gei_consultants_inc,NA
0149,spadra_basin_groundwater_sustainability_agency,gei_consultants_inc,NA
0150,arvin_groundwater_sustainability_agency,gei_consultants_inc,NA
0150,groundwater_sustainability_agency,gei_consultants_inc,NA
0150,tejon_castac_water_district_groundwater_sustainability_agency,gei_consultants_inc,NA
0150,wheeler_ridge_maricopa_groundwater_sustainability_agency,gei_consultants_inc,NA
0155,montecito_groundwater_basin,gei_consultants_inc,NA
0155,montecito_groundwater_basin_groundwater_sustainability_agency,gei_consultants_inc,NA
0156,arroyo_santa_rosa_basin_groundwater_sustainability_agency,gei_consultants_inc,NA
0156,arroyo_santa_rosa_groundwater_sustainability_agency,gei_consultants_inc,NA
0156,fox_canyon_groundwater_management_agency,gei_consultants_inc,NA
0156,groundwater_sustainability_agency,gei_consultants_inc,NA
0007,aliso_water_district_groundwater_sustainability_agency,woodard_curran,NA
0008,groundwater_sustainability_agency,woodard_curran,NA
0008,westlands_water_district_groundwater_sustainability_agency,woodard_curran,NA
0009,groundwater_sustainability_agency,woodard_curran,NA
0009,merced_irrigation_urban_groundwater_sustainability_agency,woodard_curran,NA
0009,merced_subbasin_groundwater_sustainability_agency,woodard_curran,NA
0009,miugsa,woodard_curran,NA
0009,turner_island_water_district_groundwater_sustainability_agency_merced,woodard_curran,NA
0011,mga,woodard_curran,NA
0011,santa_cruz_mid_county_groundwater_agency_gsa,woodard_curran,NA
0012,chowchilla_water_district_groundwater_sustainability_agency,woodard_curran,NA
0012,groundwater_sustainability_agency,woodard_curran,NA
0012,triangle_t_water_district_groundwater_sustainability_agency,woodard_curran,NA
0013,dm_ii_groundwater_sustainability_agency,woodard_curran,NA
0013,groundwater_sustainability_agency,woodard_curran,NA
0013,oro_loma_water_district_groundwater_sustainability_agency,woodard_curran,NA
0014,farmers_water_district_groundwater_sustainability_agency,woodard_curran,NA
0015,city_of_dos_palos_groundwater_sustainability_agency,woodard_curran,NA
0015,city_of_firebaugh_groundwater_sustainability_agency,woodard_curran,NA
0015,city_of_gustine_groundwater_sustainability_agency,woodard_curran,NA
0015,city_of_los_banos_groundwater_sustainability_agency,woodard_curran,NA
0015,city_of_mendota_groundwater_sustainability_agency,woodard_curran,NA
0015,city_of_newman_groundwater_sustainability_agency,woodard_curran,NA
0015,county_of_madera_groundwater_sustainability_agency_delta_mendota,woodard_curran,NA
0015,county_of_merced_groundwater_sustainability_agency_delta_mendota,woodard_curran,NA
0015,groundwater_sustainability_agency,woodard_curran,NA
0015,san_joaquin_river_exchange_contractors_groundwater_sustainability_agency,woodard_curran,NA
0015,turner_island_water_district_groundwater_sustainability_agency_delta_mendota,woodard_curran,NA
0016,fox_canyon_groundwater_management_agency,woodard_curran,NA
0016,fox_canyon_groundwater_management_agency_gsa_oxnard,woodard_curran,NA
0017,fox_canyon_groundwater_management_agency,woodard_curran,NA
0017,fox_canyon_groundwater_management_agency_gsa_pleasant_valley,woodard_curran,NA
0018,fox_canyon_groundwater_management_agency,woodard_curran,NA
0018,fox_canyon_groundwater_management_agency_gsa_las_posas_valley,woodard_curran,NA
0019,mound_basin_groundwater_sustainability_agency,woodard_curran,NA
0020,county_of_fresno_groundwater_sustainability_agency_delta_mendota_management_area_a,woodard_curran,NA
0020,county_of_fresno_groundwater_sustainability_agency_delta_mendota_management_area_b,woodard_curran,NA
0020,groundwater_sustainability_agency,woodard_curran,NA
0021,city_of_madera_groundwater_sustainability_agency,woodard_curran,NA
0021,county_of_madera_groundwater_sustainability_agency_madera,woodard_curran,NA
0021,groundwater_sustainability_agency,woodard_curran,NA
0021,madera_irrigation_district_groundwater_sustainability_agency,woodard_curran,NA
0021,madera_water_district_groundwater_sustainability_agency,woodard_curran,NA
0022,central_kings_groundwater_sustainability_agency,woodard_curran,NA
0023,kings_river_east_groundwater_sustainability_agency,woodard_curran,NA
0024,north_kings_groundwater_sustainability_agency,woodard_curran,NA
0025,north_fork_kings_groundwater_sustainability_agency,woodard_curran,NA
0026,south_kings_groundwater_sustainability_agency,woodard_curran,NA
0028,mcmullin_area_groundwater_sustainability_agency,woodard_curran,NA
0029,county_of_monterey_groundwater_sustainability_agency,woodard_curran,NA
0029,groundwater_sustainability_agency,woodard_curran,NA
0029,salinas_valley_basin_groundwater_sustainability_agency,woodard_curran,NA
0030,greater_kaweah_groundwater_sustainability_agency,woodard_curran,NA
0031,james_groundwater_sustainability_agency,woodard_curran,NA
0032,cuyama_basin_groundwater_sustainability_agency,woodard_curran,NA
0035,city_of_paso_robles_groundwater_sustainability_agency,woodard_curran,NA
0035,groundwater_sustainability_agency,woodard_curran,NA
0035,san_miguel_community_services_district_groundwater_sustainability_agency,woodard_curran,NA
0035,shandon_san_juan_groundwater_sustainability_agency,woodard_curran,NA
0036,groundwater_sustainability_agency,woodard_curran,0
0036,kern_groundwater_authority,woodard_curran,2
0036,kern_groundwater_authority_groundwater_sustainability_agency,woodard_curran,0
0037,henry_miller_water_district_gsa,woodard_curran,NA
0038,county_of_merced_groundwater_sustainability_agency_delta_mendota,woodard_curran,NA
0038,grasslands_groundwater_sustainability_agency,woodard_curran,NA
0038,groundwater_sustainability_agency,woodard_curran,NA
0042,el_rico_groundwater_sustainability_agency,woodard_curran,NA
0042,groundwater_sustainability_agency,woodard_curran,NA
0042,mid_kings_river_groundwater_sustainability_agency,woodard_curran,NA
0042,sfkgsa,woodard_curran,NA
0042,south_fork_kings_groundwater_sustainability_agency,woodard_curran,NA
0042,southwest_kings_groundwater_sustainability_agency,woodard_curran,NA
0042,tri_county_water_authority_groundwater_sustainability_agency_tulare_lake,woodard_curran,NA
0043,eastern_tule_groundwater_sustainability_agency,woodard_curran,NA
0044,olcese_water_district_groundwater_sustainability_agency,woodard_curran,NA
0045,root_creek_water_district_groundwater_sustainability_agency,woodard_curran,NA
0047,central_delta_water_agency_groundwater_sustainability_agency,woodard_curran,NA
0047,central_san_joaquin_water_conservation_district_groundwater_sustainability_agency,woodard_curran,NA
0047,city_of_lodi_groundwater_sustainability_agency,woodard_curran,NA
0047,city_of_manteca_groundwater_sustainability_agency,woodard_curran,NA
0047,city_of_stockton_groundwater_sustainability_agency,woodard_curran,NA
0047,county_of_san_joaquin_groundwater_sustainability_agency_eastern_san_joaquin_1,woodard_curran,NA
0047,county_of_san_joaquin_groundwater_sustainability_agency_eastern_san_joaquin_2,woodard_curran,NA
0047,eastside_san_joaquin_groundwater_sustainability_agency,woodard_curran,NA
0047,groundwater_sustainability_agency,woodard_curran,NA
0047,linden_county_water_district_groundwater_sustainability_agency,woodard_curran,NA
0047,lockeford_community_service_district_groundwater_sustainability_agency,woodard_curran,NA
0047,north_san_joaquin_water_conservation_district_groundwater_sustainability_agency,woodard_curran,NA
0047,oakdale_irrigation_district_groundwater_sustainability_agency,woodard_curran,NA
0047,south_delta_water_agency_groundwater_sustainability_agency,woodard_curran,NA
0047,south_san_joaquin_groundwater_sustainability_agency,woodard_curran,NA
0047,stockton_east_water_district_groundwater_sustainability_agency,woodard_curran,NA
0047,woodbridge_irrigation_district_groundwater_sustainability_agency,woodard_curran,NA
0048,alpaugh_groundwater_sustainability_agency,woodard_curran,NA
0049,new_stone_water_district_groundwater_sustainability_agency,woodard_curran,NA
0050,mid_kaweah_groundwater_sustainability_agency,woodard_curran,NA
0050,mkgsa,woodard_curran,NA
0051,buena_vista_water_storage_district_gsa,woodard_curran,NA
0052,groundwater_sustainability_agency,woodard_curran,NA
0052,yuba_water_agency,woodard_curran,NA
0054,groundwater_sustainability_agency,woodard_curran,NA
0054,kern_river_groundwater_sustainability_agency,woodard_curran,NA
0056,lower_tule_river_irrigation_district_groundwater_sustainability_agency,woodard_curran,NA
0056,ltridgsa,woodard_curran,NA
0057,tri_county_water_authority_groundwater_sustainability_agency_tule,woodard_curran,NA
0058,east_kaweah_groundwater_sustainability_agency,woodard_curran,NA
0058,groundwater_sustainability_agency,woodard_curran,NA
0059,indian_wells_valley_groundwater_authority,woodard_curran,NA
0059,indian_wells_valley_groundwater_authority_groundwater_sustainability_agency,woodard_curran,NA
0061,gravelly_ford_water_district_groundwater_sustainability_agency,woodard_curran,NA
0063,delano_earlimart_irrigation_district_groundwater_sustainability_agency,woodard_curran,NA
0065,pixley_irrigation_district_groundwater_sustainability_agency,woodard_curran,NA
0067,castac_basin_gsa,woodard_curran,NA
0070,county_of_humboldt_groundwater_sustainability_agency,woodard_curran,NA
0071,west_san_jacinto_groundwater_sustainability_agency,woodard_curran,NA
0072,fillmore_and_piru_basins_groundwater_sustainability_agency_piru,woodard_curran,NA
0072,fpbgsa,woodard_curran,NA
0073,fillmore_and_piru_basins_groundwater_sustainability_agency_fillmore,woodard_curran,NA
0073,fpbgsa,woodard_curran,NA
0074,santa_margarita_groundwater_agency,woodard_curran,NA
0074,santa_margarita_groundwater_agency_gsa,woodard_curran,NA
0075,san_pasqual_valley_groundwater_sustainability_agency,woodard_curran,NA
0075,san_pasqual_valley_gsa,woodard_curran,NA
0076,pauma_valley_groundwater_sustainability_agency,woodard_curran,NA
0076,pvgsa,woodard_curran,NA
0077,upper_ventura_river_groundwater_agency,woodard_curran,NA
0077,upper_ventura_river_groundwater_agency_gsa,woodard_curran,NA
0078,santa_ynez_river_valley_basin_western_management_area_groundwater_sustainability_agency,woodard_curran,NA
0079,santa_ynez_river_valley_basin_central_management_area_groundwater_sustainability_agency,woodard_curran,NA
0080,santa_ynez_river_valley_basin_eastern_management_area_groundwater_sustainability_agency,woodard_curran,NA
0081,temescal_subbasin_groundwater_sustainability_agency,woodard_curran,NA
0082,enterprise_anderson_groundwater_sustainability_agency_enterprise,woodard_curran,NA
0083,enterprise_anderson_groundwater_sustainability_agency_anderson,woodard_curran,NA
0084,ukiah_valley_basin_groundwater_sustainability_agency,woodard_curran,NA
0084,ukiah_valley_basin_gsa,woodard_curran,NA
0085,county_of_tuolumne_groundwater_sustainability_agency,woodard_curran,NA
0085,groundwater_sustainability_agency,woodard_curran,NA
0085,stanislaus_and_tuolumne_rivers_groundwater_basin_association,woodard_curran,NA
0085,stanislaus_and_tuolumne_rivers_groundwater_basin_association_groundwater_sustainability_agency,woodard_curran,NA
0086,groundwater_sustainability_agency,woodard_curran,NA
0086,rock_creek_reclamation_district_groundwater_sustainability_agency,woodard_curran,NA
0086,vina_groundwater_sustainability_agency,woodard_curran,NA
0087,san_antonio_basin_groundwater_sustainability_agency,woodard_curran,NA
0088,siskiyou_county_flood_control_and_water_conservation_district_groundwater_sustainability_agency_butte_valley,woodard_curran,NA
0090,siskiyou_county_flood_control_and_water_conservation_district_groundwater_sustainability_agency_shasta,woodard_curran,NA
0091,city_of_hayward_groundwater_sustainability_agency,woodard_curran,NA
0091,east_bay_municipal_utility_district_groundwater_sustainability_agency,woodard_curran,NA
0091,groundwater_sustainability_agency,woodard_curran,NA
0092,cga,woodard_curran,NA
0092,colusa_groundwater_authority_groundwater_sustainability_agency_colusa,woodard_curran,NA
0092,glenn_groundwater_authority,woodard_curran,NA
0092,glenn_groundwater_authority_groundwater_sustainability_agency,woodard_curran,NA
0092,groundwater_sustainability_agency,woodard_curran,NA
0093,bedford_coldwater_subbasin_groundwater_sustainability_agency,woodard_curran,NA
0094,csgsa,woodard_curran,NA
0094,groundwater_sustainability_agency,woodard_curran,NA
0094,tehama_county_flood_control_and_water_conservation_district,woodard_curran,NA
0095,county_of_lassen_groundwater_sustainability_agency,woodard_curran,NA
0095,county_of_modoc_groundwater_sustainability_agency_big_valley,woodard_curran,NA
0095,groundwater_sustainability_agency,woodard_curran,NA
0096,yolo_subbasin_groundwater_sustainability_agency,woodard_curran,NA
0097,groundwater_sustainability_agency,woodard_curran,NA
0097,tulelake_irrigation_district_groundwater_sustainability_agency,woodard_curran,NA
0098,groundwater_sustainability_agency,woodard_curran,NA
0099,wyandotte_creek_groundwater_sustainability_agency,woodard_curran,NA
0100,county_of_sutter_groundwater_sustainability_agency_north_american,woodard_curran,NA
0100,groundwater_sustainability_agency,woodard_curran,NA
0100,reclamation_district_no_1001_groundwater_sustainability_agency,woodard_curran,NA
0100,sacramento_groundwater_authority,woodard_curran,NA
0100,sacramento_groundwater_authority_groundwater_sustainability_agency,woodard_curran,NA
0100,south_sutter_water_district_groundwater_sustainability_agency,woodard_curran,NA
0100,west_placer_groundwater_sustainability_agency,woodard_curran,NA
0101,sonoma_valley_groundwater_sustainability_agency,woodard_curran,NA
0103,owens_valley_groundwater_authority,woodard_curran,NA
0103,owens_valley_groundwater_authority_groundwater_sustainability_agency_owens_valley,woodard_curran,NA
0104,yucaipa_basin_groundwater_sustainability_agency,woodard_curran,NA
0105,groundwater_sustainability_agency,woodard_curran,NA
0105,san_benito_county_water_district_groundwater_sustainability_agency,woodard_curran,NA
0105,santa_clara_valley_water_district_groundwater_sustainability_agency_north_san_benito,woodard_curran,NA
0106,amador_county_groundwater_management_authority,woodard_curran,NA
0106,amador_county_groundwater_management_authority_groundwater_sustainability_agency,woodard_curran,NA
0106,city_of_galt_groundwater_sustainability_agency,woodard_curran,NA
0106,clay_water_district_groundwater_sustainability_agency,woodard_curran,NA
0106,galt_irrigation_district_groundwater_sustainability_agency,woodard_curran,NA
0106,groundwater_sustainability_agency,woodard_curran,NA
0106,omochumne_hartnell_water_district_groundwater_sustainability_agency_cosumnes,woodard_curran,NA
0106,sacramento_county_groundwater_sustainability_agency_cosumnes,woodard_curran,NA
0106,sloughhouse_resource_conservation_district_groundwater_sustainability_agency_cosumnes,woodard_curran,NA
0110,east_turlock_subbasin_groundwater_sustainability_agency,woodard_curran,NA
0110,groundwater_sustainability_agency,woodard_curran,NA
0110,west_turlock_subbasin_groundwater_sustainability_agency,woodard_curran,NA
0111,county_of_sacramento_groundwater_sustainability_agency_south_american,woodard_curran,NA
0111,groundwater_sustainability_agency,woodard_curran,NA
0111,omochumne_hartnell_water_district_groundwater_sustainability_agency_south_american,woodard_curran,NA
0111,reclamation_district_no_551_groundwater_sustainability_agency,woodard_curran,NA
0111,sacramento_central_groundwater_authority,woodard_curran,NA
0111,sacramento_central_groundwater_authority_groundwater_sustainability_agency_1,woodard_curran,NA
0112,butte_water_district_groundwater_sustainability_agency_sutter,woodard_curran,NA
0112,groundwater_sustainability_agency,woodard_curran,NA
0113,salinas_valley_basin_groundwater_sustainability_agency_langley_area,woodard_curran,NA
0113,svbgsa,woodard_curran,NA
0114,salinas_valley_basin_groundwater_sustainability_agency_east_side_aquifer,woodard_curran,NA
0115,salinas_valley_basin_groundwater_sustainability_agency_upper_valley_aquifer,woodard_curran,NA
0116,arroyo_seco_groundwater_sustainability_agency_1,woodard_curran,NA
0116,groundwater_sustainability_agency,woodard_curran,NA
0116,salinas_valley_basin_groundwater_sustainability_agency_forebay_aquifer,woodard_curran,NA
0117,city_of_vacaville_groundwater_sustainability_agency,woodard_curran,NA
0117,groundwater_sustainability_agency,woodard_curran,NA
0117,reclamation_district_no_2111_groundwater_sustainability_agency,woodard_curran,NA
0117,reclamation_district_no_317_groundwater_sustainability_agency,woodard_curran,NA
0117,reclamation_district_no_349_groundwater_sustainability_agency,woodard_curran,NA
0117,reclamation_district_no_3_groundwater_sustainability_agency,woodard_curran,NA
0117,reclamation_district_no_501_groundwater_sustainability_agency_northern_delta_groundwater_sustainability_agency,woodard_curran,NA
0117,reclamation_district_no_554_groundwater_sustainability_agency,woodard_curran,NA
0117,reclamation_district_no_556_groundwater_sustainability_agency,woodard_curran,NA
0117,sacramento_county_groundwater_sustainability_agency_solano,woodard_curran,NA
0117,solano_irrigation_district_groundwater_sustainability_agency,woodard_curran,NA
0117,solano_subbasin_groundwater_sustainability_agency,woodard_curran,NA
0118,city_of_san_luis_obispo_groundwater_sustainability_agency,woodard_curran,NA
0118,county_of_san_luis_obispo_groundwater_sustainability_agency_san_luis_obispo_valley,woodard_curran,NA
0118,groundwater_sustainability_agency,woodard_curran,NA
0119,elsinore_valley_groundwater_sustainability_agency,woodard_curran,NA
0120,byron_bethany_irrigation_district_groundwater_sustainability_agency_east_contra_costa,woodard_curran,NA
0120,city_of_antioch_groundwater_sustainability_agency,woodard_curran,NA
0120,city_of_brentwood_groundwater_sustainability_agency,woodard_curran,NA
0120,county_of_contra_costa_groundwater_sustainability_agency,woodard_curran,NA
0120,diablo_water_district_groundwater_sustainability_agency,woodard_curran,NA
0120,discovery_bay_community_services_district_groundwater_sustainability_agency,woodard_curran,NA
0120,east_contra_costa_irrigation_district_groundwater_sustainability_agency,woodard_curran,NA
0120,groundwater_sustainability_agency,woodard_curran,NA
0121,groundwater_sustainability_agency,woodard_curran,NA
0121,san_gorgonio_pass_groundwater_sustainability_agency,woodard_curran,NA
0121,verbenia_groundwater_sustainability_agency,woodard_curran,NA
0122,banta_carbona_irrigation_district_groundwater_sustainability_agency,woodard_curran,NA
0122,byron_bethany_irrigation_district_groundwater_sustainability_agency_tracy,woodard_curran,NA
0122,city_of_lathrop_groundwater_sustainability_agency,woodard_curran,NA
0122,city_of_tracy_groundwater_sustainability_agency,woodard_curran,NA
0122,county_of_san_joaquin_groundwater_sustainability_agency_tracy,woodard_curran,NA
0122,groundwater_sustainability_agency,woodard_curran,NA
0122,stewart_tract_groundwater_sustainability_agency,woodard_curran,NA
0123,white_wolf_groundwater_sustainability_agency,woodard_curran,NA
0124,county_of_napa_groundwater_sustainability_agency,woodard_curran,NA
0125,county_of_plumas_groundwater_sustainability_agency,woodard_curran,NA
0125,groundwater_sustainability_agency,woodard_curran,NA
0125,sierra_valley_groundwater_management_district,woodard_curran,NA
0125,sierra_valley_groundwater_management_district_groundwater_sustainability_agency,woodard_curran,NA
0127,big_valley_groundwater_sustainability_agency,woodard_curran,NA
0128,groundwater_sustainability_agency,woodard_curran,NA
0128,marina_coast_water_district_groundwater_sustainability_agency_monterey,woodard_curran,NA
0128,salinas_valley_basin_groundwater_sustainability_agency_monterey,woodard_curran,NA
0129,santa_monica_basin_groundwater_sustainability_agency,woodard_curran,NA
0130,ojai_basin_groundwater_management_agency,woodard_curran,NA
0130,ojai_basin_groundwater_management_agency_gsa,woodard_curran,NA
0131,santa_clarita_valley_groundwater_sustainability_agency,woodard_curran,NA
0132,petaluma_valley_groundwater_sustainability_agency,woodard_curran,NA
0133,atascadero_basin_groundwater_sustainability_agency,woodard_curran,NA
0134,tehama_county_flood_control_and_water_conservation_district_groundwater_sustainability_agency_antelope,woodard_curran,NA
0136,santa_rosa_plain_groundwater_sustainability_agency,woodard_curran,NA
0137,tehama_county_flood_control_and_water_conservation_district_groundwater_sustainability_agency_bowman,woodard_curran,NA
0138,bear_valley_basin_groundwater_sustainability_agency,woodard_curran,NA
0139,tehama_county_flood_control_and_water_conservation_district_groundwater_sustainability_agency_los_molinos,woodard_curran,NA
0140,tehama_county_flood_control_and_water_conservation_district_groundwater_sustainability_agency_red_bluff,woodard_curran,NA
0144,western_municipal_water_district_groundwater_sustainability_agency_riverside_arlington,woodard_curran,NA
0145,city_of_coalinga_groundwater_sustainability_agency,woodard_curran,NA
0145,pleasant_valley_groundwater_sustainability_agency,woodard_curran,NA
0149,spadra_basin_groundwater_sustainability_agency,woodard_curran,NA
0150,arvin_groundwater_sustainability_agency,woodard_curran,NA
0150,groundwater_sustainability_agency,woodard_curran,NA
0150,tejon_castac_water_district_groundwater_sustainability_agency,woodard_curran,NA
0150,wheeler_ridge_maricopa_groundwater_sustainability_agency,woodard_curran,NA
0155,montecito_groundwater_basin,woodard_curran,NA
0155,montecito_groundwater_basin_groundwater_sustainability_agency,woodard_curran,NA
0156,arroyo_santa_rosa_basin_groundwater_sustainability_agency,woodard_curran,NA
0156,arroyo_santa_rosa_groundwater_sustainability_agency,woodard_curran,NA
0156,fox_canyon_groundwater_management_agency,woodard_curran,NA
0156,groundwater_sustainability_agency,woodard_curran,NA
0007,aliso_water_district_groundwater_sustainability_agency,eki_environment_water_inc,NA
0008,groundwater_sustainability_agency,eki_environment_water_inc,NA
0008,westlands_water_district_groundwater_sustainability_agency,eki_environment_water_inc,NA
0009,groundwater_sustainability_agency,eki_environment_water_inc,NA
0009,merced_irrigation_urban_groundwater_sustainability_agency,eki_environment_water_inc,NA
0009,merced_subbasin_groundwater_sustainability_agency,eki_environment_water_inc,NA
0009,miugsa,eki_environment_water_inc,NA
0009,turner_island_water_district_groundwater_sustainability_agency_merced,eki_environment_water_inc,NA
0011,mga,eki_environment_water_inc,NA
0011,santa_cruz_mid_county_groundwater_agency_gsa,eki_environment_water_inc,NA
0012,chowchilla_water_district_groundwater_sustainability_agency,eki_environment_water_inc,NA
0012,groundwater_sustainability_agency,eki_environment_water_inc,NA
0012,triangle_t_water_district_groundwater_sustainability_agency,eki_environment_water_inc,NA
0013,dm_ii_groundwater_sustainability_agency,eki_environment_water_inc,NA
0013,groundwater_sustainability_agency,eki_environment_water_inc,NA
0013,oro_loma_water_district_groundwater_sustainability_agency,eki_environment_water_inc,NA
0014,farmers_water_district_groundwater_sustainability_agency,eki_environment_water_inc,NA
0015,city_of_dos_palos_groundwater_sustainability_agency,eki_environment_water_inc,NA
0015,city_of_firebaugh_groundwater_sustainability_agency,eki_environment_water_inc,NA
0015,city_of_gustine_groundwater_sustainability_agency,eki_environment_water_inc,NA
0015,city_of_los_banos_groundwater_sustainability_agency,eki_environment_water_inc,NA
0015,city_of_mendota_groundwater_sustainability_agency,eki_environment_water_inc,NA
0015,city_of_newman_groundwater_sustainability_agency,eki_environment_water_inc,NA
0015,county_of_madera_groundwater_sustainability_agency_delta_mendota,eki_environment_water_inc,NA
0015,county_of_merced_groundwater_sustainability_agency_delta_mendota,eki_environment_water_inc,NA
0015,groundwater_sustainability_agency,eki_environment_water_inc,NA
0015,san_joaquin_river_exchange_contractors_groundwater_sustainability_agency,eki_environment_water_inc,NA
0015,turner_island_water_district_groundwater_sustainability_agency_delta_mendota,eki_environment_water_inc,NA
0016,fox_canyon_groundwater_management_agency,eki_environment_water_inc,NA
0016,fox_canyon_groundwater_management_agency_gsa_oxnard,eki_environment_water_inc,NA
0017,fox_canyon_groundwater_management_agency,eki_environment_water_inc,NA
0017,fox_canyon_groundwater_management_agency_gsa_pleasant_valley,eki_environment_water_inc,NA
0018,fox_canyon_groundwater_management_agency,eki_environment_water_inc,NA
0018,fox_canyon_groundwater_management_agency_gsa_las_posas_valley,eki_environment_water_inc,NA
0019,mound_basin_groundwater_sustainability_agency,eki_environment_water_inc,NA
0020,county_of_fresno_groundwater_sustainability_agency_delta_mendota_management_area_a,eki_environment_water_inc,NA
0020,county_of_fresno_groundwater_sustainability_agency_delta_mendota_management_area_b,eki_environment_water_inc,NA
0020,groundwater_sustainability_agency,eki_environment_water_inc,NA
0021,city_of_madera_groundwater_sustainability_agency,eki_environment_water_inc,NA
0021,county_of_madera_groundwater_sustainability_agency_madera,eki_environment_water_inc,NA
0021,groundwater_sustainability_agency,eki_environment_water_inc,NA
0021,madera_irrigation_district_groundwater_sustainability_agency,eki_environment_water_inc,NA
0021,madera_water_district_groundwater_sustainability_agency,eki_environment_water_inc,NA
0022,central_kings_groundwater_sustainability_agency,eki_environment_water_inc,NA
0023,kings_river_east_groundwater_sustainability_agency,eki_environment_water_inc,NA
0024,north_kings_groundwater_sustainability_agency,eki_environment_water_inc,NA
0025,north_fork_kings_groundwater_sustainability_agency,eki_environment_water_inc,NA
0026,south_kings_groundwater_sustainability_agency,eki_environment_water_inc,NA
0028,mcmullin_area_groundwater_sustainability_agency,eki_environment_water_inc,NA
0029,county_of_monterey_groundwater_sustainability_agency,eki_environment_water_inc,NA
0029,groundwater_sustainability_agency,eki_environment_water_inc,NA
0029,salinas_valley_basin_groundwater_sustainability_agency,eki_environment_water_inc,NA
0030,greater_kaweah_groundwater_sustainability_agency,eki_environment_water_inc,NA
0031,james_groundwater_sustainability_agency,eki_environment_water_inc,NA
0032,cuyama_basin_groundwater_sustainability_agency,eki_environment_water_inc,NA
0035,city_of_paso_robles_groundwater_sustainability_agency,eki_environment_water_inc,NA
0035,groundwater_sustainability_agency,eki_environment_water_inc,NA
0035,san_miguel_community_services_district_groundwater_sustainability_agency,eki_environment_water_inc,NA
0035,shandon_san_juan_groundwater_sustainability_agency,eki_environment_water_inc,NA
0036,groundwater_sustainability_agency,eki_environment_water_inc,NA
0036,kern_groundwater_authority,eki_environment_water_inc,NA
0036,kern_groundwater_authority_groundwater_sustainability_agency,eki_environment_water_inc,NA
0037,henry_miller_water_district_gsa,eki_environment_water_inc,NA
0038,county_of_merced_groundwater_sustainability_agency_delta_mendota,eki_environment_water_inc,NA
0038,grasslands_groundwater_sustainability_agency,eki_environment_water_inc,NA
0038,groundwater_sustainability_agency,eki_environment_water_inc,NA
0042,el_rico_groundwater_sustainability_agency,eki_environment_water_inc,NA
0042,groundwater_sustainability_agency,eki_environment_water_inc,NA
0042,mid_kings_river_groundwater_sustainability_agency,eki_environment_water_inc,NA
0042,sfkgsa,eki_environment_water_inc,NA
0042,south_fork_kings_groundwater_sustainability_agency,eki_environment_water_inc,NA
0042,southwest_kings_groundwater_sustainability_agency,eki_environment_water_inc,NA
0042,tri_county_water_authority_groundwater_sustainability_agency_tulare_lake,eki_environment_water_inc,NA
0043,eastern_tule_groundwater_sustainability_agency,eki_environment_water_inc,NA
0044,olcese_water_district_groundwater_sustainability_agency,eki_environment_water_inc,1
0045,root_creek_water_district_groundwater_sustainability_agency,eki_environment_water_inc,NA
0047,central_delta_water_agency_groundwater_sustainability_agency,eki_environment_water_inc,NA
0047,central_san_joaquin_water_conservation_district_groundwater_sustainability_agency,eki_environment_water_inc,NA
0047,city_of_lodi_groundwater_sustainability_agency,eki_environment_water_inc,NA
0047,city_of_manteca_groundwater_sustainability_agency,eki_environment_water_inc,NA
0047,city_of_stockton_groundwater_sustainability_agency,eki_environment_water_inc,NA
0047,county_of_san_joaquin_groundwater_sustainability_agency_eastern_san_joaquin_1,eki_environment_water_inc,NA
0047,county_of_san_joaquin_groundwater_sustainability_agency_eastern_san_joaquin_2,eki_environment_water_inc,NA
0047,eastside_san_joaquin_groundwater_sustainability_agency,eki_environment_water_inc,NA
0047,groundwater_sustainability_agency,eki_environment_water_inc,NA
0047,linden_county_water_district_groundwater_sustainability_agency,eki_environment_water_inc,NA
0047,lockeford_community_service_district_groundwater_sustainability_agency,eki_environment_water_inc,NA
0047,north_san_joaquin_water_conservation_district_groundwater_sustainability_agency,eki_environment_water_inc,NA
0047,oakdale_irrigation_district_groundwater_sustainability_agency,eki_environment_water_inc,NA
0047,south_delta_water_agency_groundwater_sustainability_agency,eki_environment_water_inc,NA
0047,south_san_joaquin_groundwater_sustainability_agency,eki_environment_water_inc,NA
0047,stockton_east_water_district_groundwater_sustainability_agency,eki_environment_water_inc,NA
0047,woodbridge_irrigation_district_groundwater_sustainability_agency,eki_environment_water_inc,NA
0048,alpaugh_groundwater_sustainability_agency,eki_environment_water_inc,NA
0049,new_stone_water_district_groundwater_sustainability_agency,eki_environment_water_inc,NA
0050,mid_kaweah_groundwater_sustainability_agency,eki_environment_water_inc,NA
0050,mkgsa,eki_environment_water_inc,NA
0051,buena_vista_water_storage_district_gsa,eki_environment_water_inc,NA
0052,groundwater_sustainability_agency,eki_environment_water_inc,NA
0052,yuba_water_agency,eki_environment_water_inc,NA
0054,groundwater_sustainability_agency,eki_environment_water_inc,NA
0054,kern_river_groundwater_sustainability_agency,eki_environment_water_inc,NA
0056,lower_tule_river_irrigation_district_groundwater_sustainability_agency,eki_environment_water_inc,NA
0056,ltridgsa,eki_environment_water_inc,NA
0057,tri_county_water_authority_groundwater_sustainability_agency_tule,eki_environment_water_inc,NA
0058,east_kaweah_groundwater_sustainability_agency,eki_environment_water_inc,NA
0058,groundwater_sustainability_agency,eki_environment_water_inc,NA
0059,indian_wells_valley_groundwater_authority,eki_environment_water_inc,NA
0059,indian_wells_valley_groundwater_authority_groundwater_sustainability_agency,eki_environment_water_inc,NA
0061,gravelly_ford_water_district_groundwater_sustainability_agency,eki_environment_water_inc,NA
0063,delano_earlimart_irrigation_district_groundwater_sustainability_agency,eki_environment_water_inc,NA
0065,pixley_irrigation_district_groundwater_sustainability_agency,eki_environment_water_inc,NA
0067,castac_basin_gsa,eki_environment_water_inc,NA
0070,county_of_humboldt_groundwater_sustainability_agency,eki_environment_water_inc,NA
0071,west_san_jacinto_groundwater_sustainability_agency,eki_environment_water_inc,NA
0072,fillmore_and_piru_basins_groundwater_sustainability_agency_piru,eki_environment_water_inc,NA
0072,fpbgsa,eki_environment_water_inc,NA
0073,fillmore_and_piru_basins_groundwater_sustainability_agency_fillmore,eki_environment_water_inc,NA
0073,fpbgsa,eki_environment_water_inc,NA
0074,santa_margarita_groundwater_agency,eki_environment_water_inc,NA
0074,santa_margarita_groundwater_agency_gsa,eki_environment_water_inc,NA
0075,san_pasqual_valley_groundwater_sustainability_agency,eki_environment_water_inc,NA
0075,san_pasqual_valley_gsa,eki_environment_water_inc,NA
0076,pauma_valley_groundwater_sustainability_agency,eki_environment_water_inc,NA
0076,pvgsa,eki_environment_water_inc,NA
0077,upper_ventura_river_groundwater_agency,eki_environment_water_inc,NA
0077,upper_ventura_river_groundwater_agency_gsa,eki_environment_water_inc,NA
0078,santa_ynez_river_valley_basin_western_management_area_groundwater_sustainability_agency,eki_environment_water_inc,NA
0079,santa_ynez_river_valley_basin_central_management_area_groundwater_sustainability_agency,eki_environment_water_inc,NA
0080,santa_ynez_river_valley_basin_eastern_management_area_groundwater_sustainability_agency,eki_environment_water_inc,NA
0081,temescal_subbasin_groundwater_sustainability_agency,eki_environment_water_inc,NA
0082,enterprise_anderson_groundwater_sustainability_agency_enterprise,eki_environment_water_inc,NA
0083,enterprise_anderson_groundwater_sustainability_agency_anderson,eki_environment_water_inc,NA
0084,ukiah_valley_basin_groundwater_sustainability_agency,eki_environment_water_inc,NA
0084,ukiah_valley_basin_gsa,eki_environment_water_inc,NA
0085,county_of_tuolumne_groundwater_sustainability_agency,eki_environment_water_inc,NA
0085,groundwater_sustainability_agency,eki_environment_water_inc,NA
0085,stanislaus_and_tuolumne_rivers_groundwater_basin_association,eki_environment_water_inc,NA
0085,stanislaus_and_tuolumne_rivers_groundwater_basin_association_groundwater_sustainability_agency,eki_environment_water_inc,NA
0086,groundwater_sustainability_agency,eki_environment_water_inc,NA
0086,rock_creek_reclamation_district_groundwater_sustainability_agency,eki_environment_water_inc,NA
0086,vina_groundwater_sustainability_agency,eki_environment_water_inc,NA
0087,san_antonio_basin_groundwater_sustainability_agency,eki_environment_water_inc,NA
0088,siskiyou_county_flood_control_and_water_conservation_district_groundwater_sustainability_agency_butte_valley,eki_environment_water_inc,NA
0090,siskiyou_county_flood_control_and_water_conservation_district_groundwater_sustainability_agency_shasta,eki_environment_water_inc,NA
0091,city_of_hayward_groundwater_sustainability_agency,eki_environment_water_inc,NA
0091,east_bay_municipal_utility_district_groundwater_sustainability_agency,eki_environment_water_inc,NA
0091,groundwater_sustainability_agency,eki_environment_water_inc,NA
0092,cga,eki_environment_water_inc,NA
0092,colusa_groundwater_authority_groundwater_sustainability_agency_colusa,eki_environment_water_inc,NA
0092,glenn_groundwater_authority,eki_environment_water_inc,NA
0092,glenn_groundwater_authority_groundwater_sustainability_agency,eki_environment_water_inc,NA
0092,groundwater_sustainability_agency,eki_environment_water_inc,NA
0093,bedford_coldwater_subbasin_groundwater_sustainability_agency,eki_environment_water_inc,NA
0094,csgsa,eki_environment_water_inc,NA
0094,groundwater_sustainability_agency,eki_environment_water_inc,NA
0094,tehama_county_flood_control_and_water_conservation_district,eki_environment_water_inc,NA
0095,county_of_lassen_groundwater_sustainability_agency,eki_environment_water_inc,NA
0095,county_of_modoc_groundwater_sustainability_agency_big_valley,eki_environment_water_inc,NA
0095,groundwater_sustainability_agency,eki_environment_water_inc,NA
0096,yolo_subbasin_groundwater_sustainability_agency,eki_environment_water_inc,NA
0097,groundwater_sustainability_agency,eki_environment_water_inc,NA
0097,tulelake_irrigation_district_groundwater_sustainability_agency,eki_environment_water_inc,NA
0098,groundwater_sustainability_agency,eki_environment_water_inc,NA
0099,wyandotte_creek_groundwater_sustainability_agency,eki_environment_water_inc,NA
0100,county_of_sutter_groundwater_sustainability_agency_north_american,eki_environment_water_inc,NA
0100,groundwater_sustainability_agency,eki_environment_water_inc,NA
0100,reclamation_district_no_1001_groundwater_sustainability_agency,eki_environment_water_inc,NA
0100,sacramento_groundwater_authority,eki_environment_water_inc,NA
0100,sacramento_groundwater_authority_groundwater_sustainability_agency,eki_environment_water_inc,NA
0100,south_sutter_water_district_groundwater_sustainability_agency,eki_environment_water_inc,NA
0100,west_placer_groundwater_sustainability_agency,eki_environment_water_inc,NA
0101,sonoma_valley_groundwater_sustainability_agency,eki_environment_water_inc,NA
0103,owens_valley_groundwater_authority,eki_environment_water_inc,NA
0103,owens_valley_groundwater_authority_groundwater_sustainability_agency_owens_valley,eki_environment_water_inc,NA
0104,yucaipa_basin_groundwater_sustainability_agency,eki_environment_water_inc,NA
0105,groundwater_sustainability_agency,eki_environment_water_inc,NA
0105,san_benito_county_water_district_groundwater_sustainability_agency,eki_environment_water_inc,NA
0105,santa_clara_valley_water_district_groundwater_sustainability_agency_north_san_benito,eki_environment_water_inc,NA
0106,amador_county_groundwater_management_authority,eki_environment_water_inc,NA
0106,amador_county_groundwater_management_authority_groundwater_sustainability_agency,eki_environment_water_inc,NA
0106,city_of_galt_groundwater_sustainability_agency,eki_environment_water_inc,NA
0106,clay_water_district_groundwater_sustainability_agency,eki_environment_water_inc,NA
0106,galt_irrigation_district_groundwater_sustainability_agency,eki_environment_water_inc,NA
0106,groundwater_sustainability_agency,eki_environment_water_inc,NA
0106,omochumne_hartnell_water_district_groundwater_sustainability_agency_cosumnes,eki_environment_water_inc,NA
0106,sacramento_county_groundwater_sustainability_agency_cosumnes,eki_environment_water_inc,NA
0106,sloughhouse_resource_conservation_district_groundwater_sustainability_agency_cosumnes,eki_environment_water_inc,NA
0110,east_turlock_subbasin_groundwater_sustainability_agency,eki_environment_water_inc,NA
0110,groundwater_sustainability_agency,eki_environment_water_inc,NA
0110,west_turlock_subbasin_groundwater_sustainability_agency,eki_environment_water_inc,NA
0111,county_of_sacramento_groundwater_sustainability_agency_south_american,eki_environment_water_inc,NA
0111,groundwater_sustainability_agency,eki_environment_water_inc,NA
0111,omochumne_hartnell_water_district_groundwater_sustainability_agency_south_american,eki_environment_water_inc,NA
0111,reclamation_district_no_551_groundwater_sustainability_agency,eki_environment_water_inc,NA
0111,sacramento_central_groundwater_authority,eki_environment_water_inc,NA
0111,sacramento_central_groundwater_authority_groundwater_sustainability_agency_1,eki_environment_water_inc,NA
0112,butte_water_district_groundwater_sustainability_agency_sutter,eki_environment_water_inc,NA
0112,groundwater_sustainability_agency,eki_environment_water_inc,NA
0113,salinas_valley_basin_groundwater_sustainability_agency_langley_area,eki_environment_water_inc,NA
0113,svbgsa,eki_environment_water_inc,NA
0114,salinas_valley_basin_groundwater_sustainability_agency_east_side_aquifer,eki_environment_water_inc,NA
0115,salinas_valley_basin_groundwater_sustainability_agency_upper_valley_aquifer,eki_environment_water_inc,NA
0116,arroyo_seco_groundwater_sustainability_agency_1,eki_environment_water_inc,NA
0116,groundwater_sustainability_agency,eki_environment_water_inc,NA
0116,salinas_valley_basin_groundwater_sustainability_agency_forebay_aquifer,eki_environment_water_inc,NA
0117,city_of_vacaville_groundwater_sustainability_agency,eki_environment_water_inc,NA
0117,groundwater_sustainability_agency,eki_environment_water_inc,NA
0117,reclamation_district_no_2111_groundwater_sustainability_agency,eki_environment_water_inc,NA
0117,reclamation_district_no_317_groundwater_sustainability_agency,eki_environment_water_inc,NA
0117,reclamation_district_no_349_groundwater_sustainability_agency,eki_environment_water_inc,NA
0117,reclamation_district_no_3_groundwater_sustainability_agency,eki_environment_water_inc,NA
0117,reclamation_district_no_501_groundwater_sustainability_agency_northern_delta_groundwater_sustainability_agency,eki_environment_water_inc,NA
0117,reclamation_district_no_554_groundwater_sustainability_agency,eki_environment_water_inc,NA
0117,reclamation_district_no_556_groundwater_sustainability_agency,eki_environment_water_inc,NA
0117,sacramento_county_groundwater_sustainability_agency_solano,eki_environment_water_inc,NA
0117,solano_irrigation_district_groundwater_sustainability_agency,eki_environment_water_inc,NA
0117,solano_subbasin_groundwater_sustainability_agency,eki_environment_water_inc,NA
0118,city_of_san_luis_obispo_groundwater_sustainability_agency,eki_environment_water_inc,NA
0118,county_of_san_luis_obispo_groundwater_sustainability_agency_san_luis_obispo_valley,eki_environment_water_inc,NA
0118,groundwater_sustainability_agency,eki_environment_water_inc,NA
0119,elsinore_valley_groundwater_sustainability_agency,eki_environment_water_inc,NA
0120,byron_bethany_irrigation_district_groundwater_sustainability_agency_east_contra_costa,eki_environment_water_inc,NA
0120,city_of_antioch_groundwater_sustainability_agency,eki_environment_water_inc,NA
0120,city_of_brentwood_groundwater_sustainability_agency,eki_environment_water_inc,NA
0120,county_of_contra_costa_groundwater_sustainability_agency,eki_environment_water_inc,NA
0120,diablo_water_district_groundwater_sustainability_agency,eki_environment_water_inc,NA
0120,discovery_bay_community_services_district_groundwater_sustainability_agency,eki_environment_water_inc,NA
0120,east_contra_costa_irrigation_district_groundwater_sustainability_agency,eki_environment_water_inc,NA
0120,groundwater_sustainability_agency,eki_environment_water_inc,NA
0121,groundwater_sustainability_agency,eki_environment_water_inc,NA
0121,san_gorgonio_pass_groundwater_sustainability_agency,eki_environment_water_inc,NA
0121,verbenia_groundwater_sustainability_agency,eki_environment_water_inc,NA
0122,banta_carbona_irrigation_district_groundwater_sustainability_agency,eki_environment_water_inc,NA
0122,byron_bethany_irrigation_district_groundwater_sustainability_agency_tracy,eki_environment_water_inc,NA
0122,city_of_lathrop_groundwater_sustainability_agency,eki_environment_water_inc,NA
0122,city_of_tracy_groundwater_sustainability_agency,eki_environment_water_inc,NA
0122,county_of_san_joaquin_groundwater_sustainability_agency_tracy,eki_environment_water_inc,NA
0122,groundwater_sustainability_agency,eki_environment_water_inc,NA
0122,stewart_tract_groundwater_sustainability_agency,eki_environment_water_inc,NA
0123,white_wolf_groundwater_sustainability_agency,eki_environment_water_inc,NA
0124,county_of_napa_groundwater_sustainability_agency,eki_environment_water_inc,NA
0125,county_of_plumas_groundwater_sustainability_agency,eki_environment_water_inc,NA
0125,groundwater_sustainability_agency,eki_environment_water_inc,NA
0125,sierra_valley_groundwater_management_district,eki_environment_water_inc,NA
0125,sierra_valley_groundwater_management_district_groundwater_sustainability_agency,eki_environment_water_inc,NA
0127,big_valley_groundwater_sustainability_agency,eki_environment_water_inc,NA
0128,groundwater_sustainability_agency,eki_environment_water_inc,NA
0128,marina_coast_water_district_groundwater_sustainability_agency_monterey,eki_environment_water_inc,NA
0128,salinas_valley_basin_groundwater_sustainability_agency_monterey,eki_environment_water_inc,NA
0129,santa_monica_basin_groundwater_sustainability_agency,eki_environment_water_inc,NA
0130,ojai_basin_groundwater_management_agency,eki_environment_water_inc,NA
0130,ojai_basin_groundwater_management_agency_gsa,eki_environment_water_inc,NA
0131,santa_clarita_valley_groundwater_sustainability_agency,eki_environment_water_inc,NA
0132,petaluma_valley_groundwater_sustainability_agency,eki_environment_water_inc,NA
0133,atascadero_basin_groundwater_sustainability_agency,eki_environment_water_inc,NA
0134,tehama_county_flood_control_and_water_conservation_district_groundwater_sustainability_agency_antelope,eki_environment_water_inc,NA
0136,santa_rosa_plain_groundwater_sustainability_agency,eki_environment_water_inc,NA
0137,tehama_county_flood_control_and_water_conservation_district_groundwater_sustainability_agency_bowman,eki_environment_water_inc,NA
0138,bear_valley_basin_groundwater_sustainability_agency,eki_environment_water_inc,NA
0139,tehama_county_flood_control_and_water_conservation_district_groundwater_sustainability_agency_los_molinos,eki_environment_water_inc,NA
0140,tehama_county_flood_control_and_water_conservation_district_groundwater_sustainability_agency_red_bluff,eki_environment_water_inc,NA
0144,western_municipal_water_district_groundwater_sustainability_agency_riverside_arlington,eki_environment_water_inc,NA
0145,city_of_coalinga_groundwater_sustainability_agency,eki_environment_water_inc,NA
0145,pleasant_valley_groundwater_sustainability_agency,eki_environment_water_inc,NA
0149,spadra_basin_groundwater_sustainability_agency,eki_environment_water_inc,NA
0150,arvin_groundwater_sustainability_agency,eki_environment_water_inc,NA
0150,groundwater_sustainability_agency,eki_environment_water_inc,NA
0150,tejon_castac_water_district_groundwater_sustainability_agency,eki_environment_water_inc,NA
0150,wheeler_ridge_maricopa_groundwater_sustainability_agency,eki_environment_water_inc,NA
0155,montecito_groundwater_basin,eki_environment_water_inc,NA
0155,montecito_groundwater_basin_groundwater_sustainability_agency,eki_environment_water_inc,NA
0156,arroyo_santa_rosa_basin_groundwater_sustainability_agency,eki_environment_water_inc,NA
0156,arroyo_santa_rosa_groundwater_sustainability_agency,eki_environment_water_inc,NA
0156,fox_canyon_groundwater_management_agency,eki_environment_water_inc,NA
0156,groundwater_sustainability_agency,eki_environment_water_inc,NA
0007,aliso_water_district_groundwater_sustainability_agency,nickel_family_llc,NA
0008,groundwater_sustainability_agency,nickel_family_llc,NA
0008,westlands_water_district_groundwater_sustainability_agency,nickel_family_llc,NA
0009,groundwater_sustainability_agency,nickel_family_llc,NA
0009,merced_irrigation_urban_groundwater_sustainability_agency,nickel_family_llc,NA
0009,merced_subbasin_groundwater_sustainability_agency,nickel_family_llc,NA
0009,miugsa,nickel_family_llc,NA
0009,turner_island_water_district_groundwater_sustainability_agency_merced,nickel_family_llc,NA
0011,mga,nickel_family_llc,NA
0011,santa_cruz_mid_county_groundwater_agency_gsa,nickel_family_llc,NA
0012,chowchilla_water_district_groundwater_sustainability_agency,nickel_family_llc,NA
0012,groundwater_sustainability_agency,nickel_family_llc,NA
0012,triangle_t_water_district_groundwater_sustainability_agency,nickel_family_llc,NA
0013,dm_ii_groundwater_sustainability_agency,nickel_family_llc,NA
0013,groundwater_sustainability_agency,nickel_family_llc,NA
0013,oro_loma_water_district_groundwater_sustainability_agency,nickel_family_llc,NA
0014,farmers_water_district_groundwater_sustainability_agency,nickel_family_llc,NA
0015,city_of_dos_palos_groundwater_sustainability_agency,nickel_family_llc,NA
0015,city_of_firebaugh_groundwater_sustainability_agency,nickel_family_llc,NA
0015,city_of_gustine_groundwater_sustainability_agency,nickel_family_llc,NA
0015,city_of_los_banos_groundwater_sustainability_agency,nickel_family_llc,NA
0015,city_of_mendota_groundwater_sustainability_agency,nickel_family_llc,NA
0015,city_of_newman_groundwater_sustainability_agency,nickel_family_llc,NA
0015,county_of_madera_groundwater_sustainability_agency_delta_mendota,nickel_family_llc,NA
0015,county_of_merced_groundwater_sustainability_agency_delta_mendota,nickel_family_llc,NA
0015,groundwater_sustainability_agency,nickel_family_llc,NA
0015,san_joaquin_river_exchange_contractors_groundwater_sustainability_agency,nickel_family_llc,NA
0015,turner_island_water_district_groundwater_sustainability_agency_delta_mendota,nickel_family_llc,NA
0016,fox_canyon_groundwater_management_agency,nickel_family_llc,NA
0016,fox_canyon_groundwater_management_agency_gsa_oxnard,nickel_family_llc,NA
0017,fox_canyon_groundwater_management_agency,nickel_family_llc,NA
0017,fox_canyon_groundwater_management_agency_gsa_pleasant_valley,nickel_family_llc,NA
0018,fox_canyon_groundwater_management_agency,nickel_family_llc,NA
0018,fox_canyon_groundwater_management_agency_gsa_las_posas_valley,nickel_family_llc,NA
0019,mound_basin_groundwater_sustainability_agency,nickel_family_llc,NA
0020,county_of_fresno_groundwater_sustainability_agency_delta_mendota_management_area_a,nickel_family_llc,NA
0020,county_of_fresno_groundwater_sustainability_agency_delta_mendota_management_area_b,nickel_family_llc,NA
0020,groundwater_sustainability_agency,nickel_family_llc,NA
0021,city_of_madera_groundwater_sustainability_agency,nickel_family_llc,NA
0021,county_of_madera_groundwater_sustainability_agency_madera,nickel_family_llc,NA
0021,groundwater_sustainability_agency,nickel_family_llc,NA
0021,madera_irrigation_district_groundwater_sustainability_agency,nickel_family_llc,NA
0021,madera_water_district_groundwater_sustainability_agency,nickel_family_llc,NA
0022,central_kings_groundwater_sustainability_agency,nickel_family_llc,NA
0023,kings_river_east_groundwater_sustainability_agency,nickel_family_llc,NA
0024,north_kings_groundwater_sustainability_agency,nickel_family_llc,NA
0025,north_fork_kings_groundwater_sustainability_agency,nickel_family_llc,NA
0026,south_kings_groundwater_sustainability_agency,nickel_family_llc,NA
0028,mcmullin_area_groundwater_sustainability_agency,nickel_family_llc,NA
0029,county_of_monterey_groundwater_sustainability_agency,nickel_family_llc,NA
0029,groundwater_sustainability_agency,nickel_family_llc,NA
0029,salinas_valley_basin_groundwater_sustainability_agency,nickel_family_llc,NA
0030,greater_kaweah_groundwater_sustainability_agency,nickel_family_llc,NA
0031,james_groundwater_sustainability_agency,nickel_family_llc,NA
0032,cuyama_basin_groundwater_sustainability_agency,nickel_family_llc,NA
0035,city_of_paso_robles_groundwater_sustainability_agency,nickel_family_llc,NA
0035,groundwater_sustainability_agency,nickel_family_llc,NA
0035,san_miguel_community_services_district_groundwater_sustainability_agency,nickel_family_llc,NA
0035,shandon_san_juan_groundwater_sustainability_agency,nickel_family_llc,NA
0036,groundwater_sustainability_agency,nickel_family_llc,NA
0036,kern_groundwater_authority,nickel_family_llc,NA
0036,kern_groundwater_authority_groundwater_sustainability_agency,nickel_family_llc,NA
0037,henry_miller_water_district_gsa,nickel_family_llc,NA
0038,county_of_merced_groundwater_sustainability_agency_delta_mendota,nickel_family_llc,NA
0038,grasslands_groundwater_sustainability_agency,nickel_family_llc,NA
0038,groundwater_sustainability_agency,nickel_family_llc,NA
0042,el_rico_groundwater_sustainability_agency,nickel_family_llc,NA
0042,groundwater_sustainability_agency,nickel_family_llc,NA
0042,mid_kings_river_groundwater_sustainability_agency,nickel_family_llc,NA
0042,sfkgsa,nickel_family_llc,NA
0042,south_fork_kings_groundwater_sustainability_agency,nickel_family_llc,NA
0042,southwest_kings_groundwater_sustainability_agency,nickel_family_llc,NA
0042,tri_county_water_authority_groundwater_sustainability_agency_tulare_lake,nickel_family_llc,NA
0043,eastern_tule_groundwater_sustainability_agency,nickel_family_llc,NA
0044,olcese_water_district_groundwater_sustainability_agency,nickel_family_llc,NA
0045,root_creek_water_district_groundwater_sustainability_agency,nickel_family_llc,NA
0047,central_delta_water_agency_groundwater_sustainability_agency,nickel_family_llc,NA
0047,central_san_joaquin_water_conservation_district_groundwater_sustainability_agency,nickel_family_llc,NA
0047,city_of_lodi_groundwater_sustainability_agency,nickel_family_llc,NA
0047,city_of_manteca_groundwater_sustainability_agency,nickel_family_llc,NA
0047,city_of_stockton_groundwater_sustainability_agency,nickel_family_llc,NA
0047,county_of_san_joaquin_groundwater_sustainability_agency_eastern_san_joaquin_1,nickel_family_llc,NA
0047,county_of_san_joaquin_groundwater_sustainability_agency_eastern_san_joaquin_2,nickel_family_llc,NA
0047,eastside_san_joaquin_groundwater_sustainability_agency,nickel_family_llc,NA
0047,groundwater_sustainability_agency,nickel_family_llc,NA
0047,linden_county_water_district_groundwater_sustainability_agency,nickel_family_llc,NA
0047,lockeford_community_service_district_groundwater_sustainability_agency,nickel_family_llc,NA
0047,north_san_joaquin_water_conservation_district_groundwater_sustainability_agency,nickel_family_llc,NA
0047,oakdale_irrigation_district_groundwater_sustainability_agency,nickel_family_llc,NA
0047,south_delta_water_agency_groundwater_sustainability_agency,nickel_family_llc,NA
0047,south_san_joaquin_groundwater_sustainability_agency,nickel_family_llc,NA
0047,stockton_east_water_district_groundwater_sustainability_agency,nickel_family_llc,NA
0047,woodbridge_irrigation_district_groundwater_sustainability_agency,nickel_family_llc,NA
0048,alpaugh_groundwater_sustainability_agency,nickel_family_llc,NA
0049,new_stone_water_district_groundwater_sustainability_agency,nickel_family_llc,NA
0050,mid_kaweah_groundwater_sustainability_agency,nickel_family_llc,NA
0050,mkgsa,nickel_family_llc,NA
0051,buena_vista_water_storage_district_gsa,nickel_family_llc,NA
0052,groundwater_sustainability_agency,nickel_family_llc,NA
0052,yuba_water_agency,nickel_family_llc,NA
0054,groundwater_sustainability_agency,nickel_family_llc,NA
0054,kern_river_groundwater_sustainability_agency,nickel_family_llc,NA
0056,lower_tule_river_irrigation_district_groundwater_sustainability_agency,nickel_family_llc,NA
0056,ltridgsa,nickel_family_llc,NA
0057,tri_county_water_authority_groundwater_sustainability_agency_tule,nickel_family_llc,NA
0058,east_kaweah_groundwater_sustainability_agency,nickel_family_llc,NA
0058,groundwater_sustainability_agency,nickel_family_llc,NA
0059,indian_wells_valley_groundwater_authority,nickel_family_llc,1
0059,indian_wells_valley_groundwater_authority_groundwater_sustainability_agency,nickel_family_llc,0
0061,gravelly_ford_water_district_groundwater_sustainability_agency,nickel_family_llc,NA
0063,delano_earlimart_irrigation_district_groundwater_sustainability_agency,nickel_family_llc,NA
0065,pixley_irrigation_district_groundwater_sustainability_agency,nickel_family_llc,NA
0067,castac_basin_gsa,nickel_family_llc,NA
0070,county_of_humboldt_groundwater_sustainability_agency,nickel_family_llc,NA
0071,west_san_jacinto_groundwater_sustainability_agency,nickel_family_llc,NA
0072,fillmore_and_piru_basins_groundwater_sustainability_agency_piru,nickel_family_llc,NA
0072,fpbgsa,nickel_family_llc,NA
0073,fillmore_and_piru_basins_groundwater_sustainability_agency_fillmore,nickel_family_llc,NA
0073,fpbgsa,nickel_family_llc,NA
0074,santa_margarita_groundwater_agency,nickel_family_llc,NA
0074,santa_margarita_groundwater_agency_gsa,nickel_family_llc,NA
0075,san_pasqual_valley_groundwater_sustainability_agency,nickel_family_llc,NA
0075,san_pasqual_valley_gsa,nickel_family_llc,NA
0076,pauma_valley_groundwater_sustainability_agency,nickel_family_llc,NA
0076,pvgsa,nickel_family_llc,NA
0077,upper_ventura_river_groundwater_agency,nickel_family_llc,NA
0077,upper_ventura_river_groundwater_agency_gsa,nickel_family_llc,NA
0078,santa_ynez_river_valley_basin_western_management_area_groundwater_sustainability_agency,nickel_family_llc,NA
0079,santa_ynez_river_valley_basin_central_management_area_groundwater_sustainability_agency,nickel_family_llc,NA
0080,santa_ynez_river_valley_basin_eastern_management_area_groundwater_sustainability_agency,nickel_family_llc,NA
0081,temescal_subbasin_groundwater_sustainability_agency,nickel_family_llc,NA
0082,enterprise_anderson_groundwater_sustainability_agency_enterprise,nickel_family_llc,NA
0083,enterprise_anderson_groundwater_sustainability_agency_anderson,nickel_family_llc,NA
0084,ukiah_valley_basin_groundwater_sustainability_agency,nickel_family_llc,NA
0084,ukiah_valley_basin_gsa,nickel_family_llc,NA
0085,county_of_tuolumne_groundwater_sustainability_agency,nickel_family_llc,NA
0085,groundwater_sustainability_agency,nickel_family_llc,NA
0085,stanislaus_and_tuolumne_rivers_groundwater_basin_association,nickel_family_llc,NA
0085,stanislaus_and_tuolumne_rivers_groundwater_basin_association_groundwater_sustainability_agency,nickel_family_llc,NA
0086,groundwater_sustainability_agency,nickel_family_llc,NA
0086,rock_creek_reclamation_district_groundwater_sustainability_agency,nickel_family_llc,NA
0086,vina_groundwater_sustainability_agency,nickel_family_llc,NA
0087,san_antonio_basin_groundwater_sustainability_agency,nickel_family_llc,NA
0088,siskiyou_county_flood_control_and_water_conservation_district_groundwater_sustainability_agency_butte_valley,nickel_family_llc,NA
0090,siskiyou_county_flood_control_and_water_conservation_district_groundwater_sustainability_agency_shasta,nickel_family_llc,NA
0091,city_of_hayward_groundwater_sustainability_agency,nickel_family_llc,NA
0091,east_bay_municipal_utility_district_groundwater_sustainability_agency,nickel_family_llc,NA
0091,groundwater_sustainability_agency,nickel_family_llc,NA
0092,cga,nickel_family_llc,NA
0092,colusa_groundwater_authority_groundwater_sustainability_agency_colusa,nickel_family_llc,NA
0092,glenn_groundwater_authority,nickel_family_llc,NA
0092,glenn_groundwater_authority_groundwater_sustainability_agency,nickel_family_llc,NA
0092,groundwater_sustainability_agency,nickel_family_llc,NA
0093,bedford_coldwater_subbasin_groundwater_sustainability_agency,nickel_family_llc,NA
0094,csgsa,nickel_family_llc,NA
0094,groundwater_sustainability_agency,nickel_family_llc,NA
0094,tehama_county_flood_control_and_water_conservation_district,nickel_family_llc,NA
0095,county_of_lassen_groundwater_sustainability_agency,nickel_family_llc,NA
0095,county_of_modoc_groundwater_sustainability_agency_big_valley,nickel_family_llc,NA
0095,groundwater_sustainability_agency,nickel_family_llc,NA
0096,yolo_subbasin_groundwater_sustainability_agency,nickel_family_llc,NA
0097,groundwater_sustainability_agency,nickel_family_llc,NA
0097,tulelake_irrigation_district_groundwater_sustainability_agency,nickel_family_llc,NA
0098,groundwater_sustainability_agency,nickel_family_llc,NA
0099,wyandotte_creek_groundwater_sustainability_agency,nickel_family_llc,NA
0100,county_of_sutter_groundwater_sustainability_agency_north_american,nickel_family_llc,NA
0100,groundwater_sustainability_agency,nickel_family_llc,NA
0100,reclamation_district_no_1001_groundwater_sustainability_agency,nickel_family_llc,NA
0100,sacramento_groundwater_authority,nickel_family_llc,NA
0100,sacramento_groundwater_authority_groundwater_sustainability_agency,nickel_family_llc,NA
0100,south_sutter_water_district_groundwater_sustainability_agency,nickel_family_llc,NA
0100,west_placer_groundwater_sustainability_agency,nickel_family_llc,NA
0101,sonoma_valley_groundwater_sustainability_agency,nickel_family_llc,NA
0103,owens_valley_groundwater_authority,nickel_family_llc,NA
0103,owens_valley_groundwater_authority_groundwater_sustainability_agency_owens_valley,nickel_family_llc,NA
0104,yucaipa_basin_groundwater_sustainability_agency,nickel_family_llc,NA
0105,groundwater_sustainability_agency,nickel_family_llc,NA
0105,san_benito_county_water_district_groundwater_sustainability_agency,nickel_family_llc,NA
0105,santa_clara_valley_water_district_groundwater_sustainability_agency_north_san_benito,nickel_family_llc,NA
0106,amador_county_groundwater_management_authority,nickel_family_llc,NA
0106,amador_county_groundwater_management_authority_groundwater_sustainability_agency,nickel_family_llc,NA
0106,city_of_galt_groundwater_sustainability_agency,nickel_family_llc,NA
0106,clay_water_district_groundwater_sustainability_agency,nickel_family_llc,NA
0106,galt_irrigation_district_groundwater_sustainability_agency,nickel_family_llc,NA
0106,groundwater_sustainability_agency,nickel_family_llc,NA
0106,omochumne_hartnell_water_district_groundwater_sustainability_agency_cosumnes,nickel_family_llc,NA
0106,sacramento_county_groundwater_sustainability_agency_cosumnes,nickel_family_llc,NA
0106,sloughhouse_resource_conservation_district_groundwater_sustainability_agency_cosumnes,nickel_family_llc,NA
0110,east_turlock_subbasin_groundwater_sustainability_agency,nickel_family_llc,NA
0110,groundwater_sustainability_agency,nickel_family_llc,NA
0110,west_turlock_subbasin_groundwater_sustainability_agency,nickel_family_llc,NA
0111,county_of_sacramento_groundwater_sustainability_agency_south_american,nickel_family_llc,NA
0111,groundwater_sustainability_agency,nickel_family_llc,NA
0111,omochumne_hartnell_water_district_groundwater_sustainability_agency_south_american,nickel_family_llc,NA
0111,reclamation_district_no_551_groundwater_sustainability_agency,nickel_family_llc,NA
0111,sacramento_central_groundwater_authority,nickel_family_llc,NA
0111,sacramento_central_groundwater_authority_groundwater_sustainability_agency_1,nickel_family_llc,NA
0112,butte_water_district_groundwater_sustainability_agency_sutter,nickel_family_llc,NA
0112,groundwater_sustainability_agency,nickel_family_llc,NA
0113,salinas_valley_basin_groundwater_sustainability_agency_langley_area,nickel_family_llc,NA
0113,svbgsa,nickel_family_llc,NA
0114,salinas_valley_basin_groundwater_sustainability_agency_east_side_aquifer,nickel_family_llc,NA
0115,salinas_valley_basin_groundwater_sustainability_agency_upper_valley_aquifer,nickel_family_llc,NA
0116,arroyo_seco_groundwater_sustainability_agency_1,nickel_family_llc,NA
0116,groundwater_sustainability_agency,nickel_family_llc,NA
0116,salinas_valley_basin_groundwater_sustainability_agency_forebay_aquifer,nickel_family_llc,NA
0117,city_of_vacaville_groundwater_sustainability_agency,nickel_family_llc,NA
0117,groundwater_sustainability_agency,nickel_family_llc,NA
0117,reclamation_district_no_2111_groundwater_sustainability_agency,nickel_family_llc,NA
0117,reclamation_district_no_317_groundwater_sustainability_agency,nickel_family_llc,NA
0117,reclamation_district_no_349_groundwater_sustainability_agency,nickel_family_llc,NA
0117,reclamation_district_no_3_groundwater_sustainability_agency,nickel_family_llc,NA
0117,reclamation_district_no_501_groundwater_sustainability_agency_northern_delta_groundwater_sustainability_agency,nickel_family_llc,NA
0117,reclamation_district_no_554_groundwater_sustainability_agency,nickel_family_llc,NA
0117,reclamation_district_no_556_groundwater_sustainability_agency,nickel_family_llc,NA
0117,sacramento_county_groundwater_sustainability_agency_solano,nickel_family_llc,NA
0117,solano_irrigation_district_groundwater_sustainability_agency,nickel_family_llc,NA
0117,solano_subbasin_groundwater_sustainability_agency,nickel_family_llc,NA
0118,city_of_san_luis_obispo_groundwater_sustainability_agency,nickel_family_llc,NA
0118,county_of_san_luis_obispo_groundwater_sustainability_agency_san_luis_obispo_valley,nickel_family_llc,NA
0118,groundwater_sustainability_agency,nickel_family_llc,NA
0119,elsinore_valley_groundwater_sustainability_agency,nickel_family_llc,NA
0120,byron_bethany_irrigation_district_groundwater_sustainability_agency_east_contra_costa,nickel_family_llc,NA
0120,city_of_antioch_groundwater_sustainability_agency,nickel_family_llc,NA
0120,city_of_brentwood_groundwater_sustainability_agency,nickel_family_llc,NA
0120,county_of_contra_costa_groundwater_sustainability_agency,nickel_family_llc,NA
0120,diablo_water_district_groundwater_sustainability_agency,nickel_family_llc,NA
0120,discovery_bay_community_services_district_groundwater_sustainability_agency,nickel_family_llc,NA
0120,east_contra_costa_irrigation_district_groundwater_sustainability_agency,nickel_family_llc,NA
0120,groundwater_sustainability_agency,nickel_family_llc,NA
0121,groundwater_sustainability_agency,nickel_family_llc,NA
0121,san_gorgonio_pass_groundwater_sustainability_agency,nickel_family_llc,NA
0121,verbenia_groundwater_sustainability_agency,nickel_family_llc,NA
0122,banta_carbona_irrigation_district_groundwater_sustainability_agency,nickel_family_llc,NA
0122,byron_bethany_irrigation_district_groundwater_sustainability_agency_tracy,nickel_family_llc,NA
0122,city_of_lathrop_groundwater_sustainability_agency,nickel_family_llc,NA
0122,city_of_tracy_groundwater_sustainability_agency,nickel_family_llc,NA
0122,county_of_san_joaquin_groundwater_sustainability_agency_tracy,nickel_family_llc,NA
0122,groundwater_sustainability_agency,nickel_family_llc,NA
0122,stewart_tract_groundwater_sustainability_agency,nickel_family_llc,NA
0123,white_wolf_groundwater_sustainability_agency,nickel_family_llc,NA
0124,county_of_napa_groundwater_sustainability_agency,nickel_family_llc,NA
0125,county_of_plumas_groundwater_sustainability_agency,nickel_family_llc,NA
0125,groundwater_sustainability_agency,nickel_family_llc,NA
0125,sierra_valley_groundwater_management_district,nickel_family_llc,NA
0125,sierra_valley_groundwater_management_district_groundwater_sustainability_agency,nickel_family_llc,NA
0127,big_valley_groundwater_sustainability_agency,nickel_family_llc,NA
0128,groundwater_sustainability_agency,nickel_family_llc,NA
0128,marina_coast_water_district_groundwater_sustainability_agency_monterey,nickel_family_llc,NA
0128,salinas_valley_basin_groundwater_sustainability_agency_monterey,nickel_family_llc,NA
0129,santa_monica_basin_groundwater_sustainability_agency,nickel_family_llc,NA
0130,ojai_basin_groundwater_management_agency,nickel_family_llc,NA
0130,ojai_basin_groundwater_management_agency_gsa,nickel_family_llc,NA
0131,santa_clarita_valley_groundwater_sustainability_agency,nickel_family_llc,NA
0132,petaluma_valley_groundwater_sustainability_agency,nickel_family_llc,NA
0133,atascadero_basin_groundwater_sustainability_agency,nickel_family_llc,NA
0134,tehama_county_flood_control_and_water_conservation_district_groundwater_sustainability_agency_antelope,nickel_family_llc,NA
0136,santa_rosa_plain_groundwater_sustainability_agency,nickel_family_llc,NA
0137,tehama_county_flood_control_and_water_conservation_district_groundwater_sustainability_agency_bowman,nickel_family_llc,NA
0138,bear_valley_basin_groundwater_sustainability_agency,nickel_family_llc,NA
0139,tehama_county_flood_control_and_water_conservation_district_groundwater_sustainability_agency_los_molinos,nickel_family_llc,NA
0140,tehama_county_flood_control_and_water_conservation_district_groundwater_sustainability_agency_red_bluff,nickel_family_llc,NA
0144,western_municipal_water_district_groundwater_sustainability_agency_riverside_arlington,nickel_family_llc,NA
0145,city_of_coalinga_groundwater_sustainability_agency,nickel_family_llc,NA
0145,pleasant_valley_groundwater_sustainability_agency,nickel_family_llc,NA
0149,spadra_basin_groundwater_sustainability_agency,nickel_family_llc,NA
0150,arvin_groundwater_sustainability_agency,nickel_family_llc,NA
0150,groundwater_sustainability_agency,nickel_family_llc,NA
0150,tejon_castac_water_district_groundwater_sustainability_agency,nickel_family_llc,NA
0150,wheeler_ridge_maricopa_groundwater_sustainability_agency,nickel_family_llc,NA
0155,montecito_groundwater_basin,nickel_family_llc,NA
0155,montecito_groundwater_basin_groundwater_sustainability_agency,nickel_family_llc,NA
0156,arroyo_santa_rosa_basin_groundwater_sustainability_agency,nickel_family_llc,NA
0156,arroyo_santa_rosa_groundwater_sustainability_agency,nickel_family_llc,NA
0156,fox_canyon_groundwater_management_agency,nickel_family_llc,NA
0156,groundwater_sustainability_agency,nickel_family_llc,NA
0007,aliso_water_district_groundwater_sustainability_agency,searles_valley_minerals_inc,NA
0008,groundwater_sustainability_agency,searles_valley_minerals_inc,NA
0008,westlands_water_district_groundwater_sustainability_agency,searles_valley_minerals_inc,NA
0009,groundwater_sustainability_agency,searles_valley_minerals_inc,NA
0009,merced_irrigation_urban_groundwater_sustainability_agency,searles_valley_minerals_inc,NA
0009,merced_subbasin_groundwater_sustainability_agency,searles_valley_minerals_inc,NA
0009,miugsa,searles_valley_minerals_inc,NA
0009,turner_island_water_district_groundwater_sustainability_agency_merced,searles_valley_minerals_inc,NA
0011,mga,searles_valley_minerals_inc,NA
0011,santa_cruz_mid_county_groundwater_agency_gsa,searles_valley_minerals_inc,NA
0012,chowchilla_water_district_groundwater_sustainability_agency,searles_valley_minerals_inc,NA
0012,groundwater_sustainability_agency,searles_valley_minerals_inc,NA
0012,triangle_t_water_district_groundwater_sustainability_agency,searles_valley_minerals_inc,NA
0013,dm_ii_groundwater_sustainability_agency,searles_valley_minerals_inc,NA
0013,groundwater_sustainability_agency,searles_valley_minerals_inc,NA
0013,oro_loma_water_district_groundwater_sustainability_agency,searles_valley_minerals_inc,NA
0014,farmers_water_district_groundwater_sustainability_agency,searles_valley_minerals_inc,NA
0015,city_of_dos_palos_groundwater_sustainability_agency,searles_valley_minerals_inc,NA
0015,city_of_firebaugh_groundwater_sustainability_agency,searles_valley_minerals_inc,NA
0015,city_of_gustine_groundwater_sustainability_agency,searles_valley_minerals_inc,NA
0015,city_of_los_banos_groundwater_sustainability_agency,searles_valley_minerals_inc,NA
0015,city_of_mendota_groundwater_sustainability_agency,searles_valley_minerals_inc,NA
0015,city_of_newman_groundwater_sustainability_agency,searles_valley_minerals_inc,NA
0015,county_of_madera_groundwater_sustainability_agency_delta_mendota,searles_valley_minerals_inc,NA
0015,county_of_merced_groundwater_sustainability_agency_delta_mendota,searles_valley_minerals_inc,NA
0015,groundwater_sustainability_agency,searles_valley_minerals_inc,NA
0015,san_joaquin_river_exchange_contractors_groundwater_sustainability_agency,searles_valley_minerals_inc,NA
0015,turner_island_water_district_groundwater_sustainability_agency_delta_mendota,searles_valley_minerals_inc,NA
0016,fox_canyon_groundwater_management_agency,searles_valley_minerals_inc,NA
0016,fox_canyon_groundwater_management_agency_gsa_oxnard,searles_valley_minerals_inc,NA
0017,fox_canyon_groundwater_management_agency,searles_valley_minerals_inc,NA
0017,fox_canyon_groundwater_management_agency_gsa_pleasant_valley,searles_valley_minerals_inc,NA
0018,fox_canyon_groundwater_management_agency,searles_valley_minerals_inc,NA
0018,fox_canyon_groundwater_management_agency_gsa_las_posas_valley,searles_valley_minerals_inc,NA
0019,mound_basin_groundwater_sustainability_agency,searles_valley_minerals_inc,NA
0020,county_of_fresno_groundwater_sustainability_agency_delta_mendota_management_area_a,searles_valley_minerals_inc,NA
0020,county_of_fresno_groundwater_sustainability_agency_delta_mendota_management_area_b,searles_valley_minerals_inc,NA
0020,groundwater_sustainability_agency,searles_valley_minerals_inc,NA
0021,city_of_madera_groundwater_sustainability_agency,searles_valley_minerals_inc,NA
0021,county_of_madera_groundwater_sustainability_agency_madera,searles_valley_minerals_inc,NA
0021,groundwater_sustainability_agency,searles_valley_minerals_inc,NA
0021,madera_irrigation_district_groundwater_sustainability_agency,searles_valley_minerals_inc,NA
0021,madera_water_district_groundwater_sustainability_agency,searles_valley_minerals_inc,NA
0022,central_kings_groundwater_sustainability_agency,searles_valley_minerals_inc,NA
0023,kings_river_east_groundwater_sustainability_agency,searles_valley_minerals_inc,NA
0024,north_kings_groundwater_sustainability_agency,searles_valley_minerals_inc,NA
0025,north_fork_kings_groundwater_sustainability_agency,searles_valley_minerals_inc,NA
0026,south_kings_groundwater_sustainability_agency,searles_valley_minerals_inc,NA
0028,mcmullin_area_groundwater_sustainability_agency,searles_valley_minerals_inc,NA
0029,county_of_monterey_groundwater_sustainability_agency,searles_valley_minerals_inc,NA
0029,groundwater_sustainability_agency,searles_valley_minerals_inc,NA
0029,salinas_valley_basin_groundwater_sustainability_agency,searles_valley_minerals_inc,NA
0030,greater_kaweah_groundwater_sustainability_agency,searles_valley_minerals_inc,NA
0031,james_groundwater_sustainability_agency,searles_valley_minerals_inc,NA
0032,cuyama_basin_groundwater_sustainability_agency,searles_valley_minerals_inc,NA
0035,city_of_paso_robles_groundwater_sustainability_agency,searles_valley_minerals_inc,NA
0035,groundwater_sustainability_agency,searles_valley_minerals_inc,NA
0035,san_miguel_community_services_district_groundwater_sustainability_agency,searles_valley_minerals_inc,NA
0035,shandon_san_juan_groundwater_sustainability_agency,searles_valley_minerals_inc,NA
0036,groundwater_sustainability_agency,searles_valley_minerals_inc,NA
0036,kern_groundwater_authority,searles_valley_minerals_inc,NA
0036,kern_groundwater_authority_groundwater_sustainability_agency,searles_valley_minerals_inc,NA
0037,henry_miller_water_district_gsa,searles_valley_minerals_inc,NA
0038,county_of_merced_groundwater_sustainability_agency_delta_mendota,searles_valley_minerals_inc,NA
0038,grasslands_groundwater_sustainability_agency,searles_valley_minerals_inc,NA
0038,groundwater_sustainability_agency,searles_valley_minerals_inc,NA
0042,el_rico_groundwater_sustainability_agency,searles_valley_minerals_inc,NA
0042,groundwater_sustainability_agency,searles_valley_minerals_inc,NA
0042,mid_kings_river_groundwater_sustainability_agency,searles_valley_minerals_inc,NA
0042,sfkgsa,searles_valley_minerals_inc,NA
0042,south_fork_kings_groundwater_sustainability_agency,searles_valley_minerals_inc,NA
0042,southwest_kings_groundwater_sustainability_agency,searles_valley_minerals_inc,NA
0042,tri_county_water_authority_groundwater_sustainability_agency_tulare_lake,searles_valley_minerals_inc,NA
0043,eastern_tule_groundwater_sustainability_agency,searles_valley_minerals_inc,NA
0044,olcese_water_district_groundwater_sustainability_agency,searles_valley_minerals_inc,NA
0045,root_creek_water_district_groundwater_sustainability_agency,searles_valley_minerals_inc,NA
0047,central_delta_water_agency_groundwater_sustainability_agency,searles_valley_minerals_inc,NA
0047,central_san_joaquin_water_conservation_district_groundwater_sustainability_agency,searles_valley_minerals_inc,NA
0047,city_of_lodi_groundwater_sustainability_agency,searles_valley_minerals_inc,NA
0047,city_of_manteca_groundwater_sustainability_agency,searles_valley_minerals_inc,NA
0047,city_of_stockton_groundwater_sustainability_agency,searles_valley_minerals_inc,NA
0047,county_of_san_joaquin_groundwater_sustainability_agency_eastern_san_joaquin_1,searles_valley_minerals_inc,NA
0047,county_of_san_joaquin_groundwater_sustainability_agency_eastern_san_joaquin_2,searles_valley_minerals_inc,NA
0047,eastside_san_joaquin_groundwater_sustainability_agency,searles_valley_minerals_inc,NA
0047,groundwater_sustainability_agency,searles_valley_minerals_inc,NA
0047,linden_county_water_district_groundwater_sustainability_agency,searles_valley_minerals_inc,NA
0047,lockeford_community_service_district_groundwater_sustainability_agency,searles_valley_minerals_inc,NA
0047,north_san_joaquin_water_conservation_district_groundwater_sustainability_agency,searles_valley_minerals_inc,NA
0047,oakdale_irrigation_district_groundwater_sustainability_agency,searles_valley_minerals_inc,NA
0047,south_delta_water_agency_groundwater_sustainability_agency,searles_valley_minerals_inc,NA
0047,south_san_joaquin_groundwater_sustainability_agency,searles_valley_minerals_inc,NA
0047,stockton_east_water_district_groundwater_sustainability_agency,searles_valley_minerals_inc,NA
0047,woodbridge_irrigation_district_groundwater_sustainability_agency,searles_valley_minerals_inc,NA
0048,alpaugh_groundwater_sustainability_agency,searles_valley_minerals_inc,NA
0049,new_stone_water_district_groundwater_sustainability_agency,searles_valley_minerals_inc,NA
0050,mid_kaweah_groundwater_sustainability_agency,searles_valley_minerals_inc,NA
0050,mkgsa,searles_valley_minerals_inc,NA
0051,buena_vista_water_storage_district_gsa,searles_valley_minerals_inc,NA
0052,groundwater_sustainability_agency,searles_valley_minerals_inc,NA
0052,yuba_water_agency,searles_valley_minerals_inc,NA
0054,groundwater_sustainability_agency,searles_valley_minerals_inc,NA
0054,kern_river_groundwater_sustainability_agency,searles_valley_minerals_inc,NA
0056,lower_tule_river_irrigation_district_groundwater_sustainability_agency,searles_valley_minerals_inc,NA
0056,ltridgsa,searles_valley_minerals_inc,NA
0057,tri_county_water_authority_groundwater_sustainability_agency_tule,searles_valley_minerals_inc,NA
0058,east_kaweah_groundwater_sustainability_agency,searles_valley_minerals_inc,NA
0058,groundwater_sustainability_agency,searles_valley_minerals_inc,NA
0059,indian_wells_valley_groundwater_authority,searles_valley_minerals_inc,2
0059,indian_wells_valley_groundwater_authority_groundwater_sustainability_agency,searles_valley_minerals_inc,0
0061,gravelly_ford_water_district_groundwater_sustainability_agency,searles_valley_minerals_inc,NA
0063,delano_earlimart_irrigation_district_groundwater_sustainability_agency,searles_valley_minerals_inc,NA
0065,pixley_irrigation_district_groundwater_sustainability_agency,searles_valley_minerals_inc,NA
0067,castac_basin_gsa,searles_valley_minerals_inc,NA
0070,county_of_humboldt_groundwater_sustainability_agency,searles_valley_minerals_inc,NA
0071,west_san_jacinto_groundwater_sustainability_agency,searles_valley_minerals_inc,NA
0072,fillmore_and_piru_basins_groundwater_sustainability_agency_piru,searles_valley_minerals_inc,NA
0072,fpbgsa,searles_valley_minerals_inc,NA
0073,fillmore_and_piru_basins_groundwater_sustainability_agency_fillmore,searles_valley_minerals_inc,NA
0073,fpbgsa,searles_valley_minerals_inc,NA
0074,santa_margarita_groundwater_agency,searles_valley_minerals_inc,NA
0074,santa_margarita_groundwater_agency_gsa,searles_valley_minerals_inc,NA
0075,san_pasqual_valley_groundwater_sustainability_agency,searles_valley_minerals_inc,NA
0075,san_pasqual_valley_gsa,searles_valley_minerals_inc,NA
0076,pauma_valley_groundwater_sustainability_agency,searles_valley_minerals_inc,NA
0076,pvgsa,searles_valley_minerals_inc,NA
0077,upper_ventura_river_groundwater_agency,searles_valley_minerals_inc,NA
0077,upper_ventura_river_groundwater_agency_gsa,searles_valley_minerals_inc,NA
0078,santa_ynez_river_valley_basin_western_management_area_groundwater_sustainability_agency,searles_valley_minerals_inc,NA
0079,santa_ynez_river_valley_basin_central_management_area_groundwater_sustainability_agency,searles_valley_minerals_inc,NA
0080,santa_ynez_river_valley_basin_eastern_management_area_groundwater_sustainability_agency,searles_valley_minerals_inc,NA
0081,temescal_subbasin_groundwater_sustainability_agency,searles_valley_minerals_inc,NA
0082,enterprise_anderson_groundwater_sustainability_agency_enterprise,searles_valley_minerals_inc,NA
0083,enterprise_anderson_groundwater_sustainability_agency_anderson,searles_valley_minerals_inc,NA
0084,ukiah_valley_basin_groundwater_sustainability_agency,searles_valley_minerals_inc,NA
0084,ukiah_valley_basin_gsa,searles_valley_minerals_inc,NA
0085,county_of_tuolumne_groundwater_sustainability_agency,searles_valley_minerals_inc,NA
0085,groundwater_sustainability_agency,searles_valley_minerals_inc,NA
0085,stanislaus_and_tuolumne_rivers_groundwater_basin_association,searles_valley_minerals_inc,NA
0085,stanislaus_and_tuolumne_rivers_groundwater_basin_association_groundwater_sustainability_agency,searles_valley_minerals_inc,NA
0086,groundwater_sustainability_agency,searles_valley_minerals_inc,NA
0086,rock_creek_reclamation_district_groundwater_sustainability_agency,searles_valley_minerals_inc,NA
0086,vina_groundwater_sustainability_agency,searles_valley_minerals_inc,NA
0087,san_antonio_basin_groundwater_sustainability_agency,searles_valley_minerals_inc,NA
0088,siskiyou_county_flood_control_and_water_conservation_district_groundwater_sustainability_agency_butte_valley,searles_valley_minerals_inc,NA
0090,siskiyou_county_flood_control_and_water_conservation_district_groundwater_sustainability_agency_shasta,searles_valley_minerals_inc,NA
0091,city_of_hayward_groundwater_sustainability_agency,searles_valley_minerals_inc,NA
0091,east_bay_municipal_utility_district_groundwater_sustainability_agency,searles_valley_minerals_inc,NA
0091,groundwater_sustainability_agency,searles_valley_minerals_inc,NA
0092,cga,searles_valley_minerals_inc,NA
0092,colusa_groundwater_authority_groundwater_sustainability_agency_colusa,searles_valley_minerals_inc,NA
0092,glenn_groundwater_authority,searles_valley_minerals_inc,NA
0092,glenn_groundwater_authority_groundwater_sustainability_agency,searles_valley_minerals_inc,NA
0092,groundwater_sustainability_agency,searles_valley_minerals_inc,NA
0093,bedford_coldwater_subbasin_groundwater_sustainability_agency,searles_valley_minerals_inc,NA
0094,csgsa,searles_valley_minerals_inc,NA
0094,groundwater_sustainability_agency,searles_valley_minerals_inc,NA
0094,tehama_county_flood_control_and_water_conservation_district,searles_valley_minerals_inc,NA
0095,county_of_lassen_groundwater_sustainability_agency,searles_valley_minerals_inc,NA
0095,county_of_modoc_groundwater_sustainability_agency_big_valley,searles_valley_minerals_inc,NA
0095,groundwater_sustainability_agency,searles_valley_minerals_inc,NA
0096,yolo_subbasin_groundwater_sustainability_agency,searles_valley_minerals_inc,NA
0097,groundwater_sustainability_agency,searles_valley_minerals_inc,NA
0097,tulelake_irrigation_district_groundwater_sustainability_agency,searles_valley_minerals_inc,NA
0098,groundwater_sustainability_agency,searles_valley_minerals_inc,NA
0099,wyandotte_creek_groundwater_sustainability_agency,searles_valley_minerals_inc,NA
0100,county_of_sutter_groundwater_sustainability_agency_north_american,searles_valley_minerals_inc,NA
0100,groundwater_sustainability_agency,searles_valley_minerals_inc,NA
0100,reclamation_district_no_1001_groundwater_sustainability_agency,searles_valley_minerals_inc,NA
0100,sacramento_groundwater_authority,searles_valley_minerals_inc,NA
0100,sacramento_groundwater_authority_groundwater_sustainability_agency,searles_valley_minerals_inc,NA
0100,south_sutter_water_district_groundwater_sustainability_agency,searles_valley_minerals_inc,NA
0100,west_placer_groundwater_sustainability_agency,searles_valley_minerals_inc,NA
0101,sonoma_valley_groundwater_sustainability_agency,searles_valley_minerals_inc,NA
0103,owens_valley_groundwater_authority,searles_valley_minerals_inc,NA
0103,owens_valley_groundwater_authority_groundwater_sustainability_agency_owens_valley,searles_valley_minerals_inc,NA
0104,yucaipa_basin_groundwater_sustainability_agency,searles_valley_minerals_inc,NA
0105,groundwater_sustainability_agency,searles_valley_minerals_inc,NA
0105,san_benito_county_water_district_groundwater_sustainability_agency,searles_valley_minerals_inc,NA
0105,santa_clara_valley_water_district_groundwater_sustainability_agency_north_san_benito,searles_valley_minerals_inc,NA
0106,amador_county_groundwater_management_authority,searles_valley_minerals_inc,NA
0106,amador_county_groundwater_management_authority_groundwater_sustainability_agency,searles_valley_minerals_inc,NA
0106,city_of_galt_groundwater_sustainability_agency,searles_valley_minerals_inc,NA
0106,clay_water_district_groundwater_sustainability_agency,searles_valley_minerals_inc,NA
0106,galt_irrigation_district_groundwater_sustainability_agency,searles_valley_minerals_inc,NA
0106,groundwater_sustainability_agency,searles_valley_minerals_inc,NA
0106,omochumne_hartnell_water_district_groundwater_sustainability_agency_cosumnes,searles_valley_minerals_inc,NA
0106,sacramento_county_groundwater_sustainability_agency_cosumnes,searles_valley_minerals_inc,NA
0106,sloughhouse_resource_conservation_district_groundwater_sustainability_agency_cosumnes,searles_valley_minerals_inc,NA
0110,east_turlock_subbasin_groundwater_sustainability_agency,searles_valley_minerals_inc,NA
0110,groundwater_sustainability_agency,searles_valley_minerals_inc,NA
0110,west_turlock_subbasin_groundwater_sustainability_agency,searles_valley_minerals_inc,NA
0111,county_of_sacramento_groundwater_sustainability_agency_south_american,searles_valley_minerals_inc,NA
0111,groundwater_sustainability_agency,searles_valley_minerals_inc,NA
0111,omochumne_hartnell_water_district_groundwater_sustainability_agency_south_american,searles_valley_minerals_inc,NA
0111,reclamation_district_no_551_groundwater_sustainability_agency,searles_valley_minerals_inc,NA
0111,sacramento_central_groundwater_authority,searles_valley_minerals_inc,NA
0111,sacramento_central_groundwater_authority_groundwater_sustainability_agency_1,searles_valley_minerals_inc,NA
0112,butte_water_district_groundwater_sustainability_agency_sutter,searles_valley_minerals_inc,NA
0112,groundwater_sustainability_agency,searles_valley_minerals_inc,NA
0113,salinas_valley_basin_groundwater_sustainability_agency_langley_area,searles_valley_minerals_inc,NA
0113,svbgsa,searles_valley_minerals_inc,NA
0114,salinas_valley_basin_groundwater_sustainability_agency_east_side_aquifer,searles_valley_minerals_inc,NA
0115,salinas_valley_basin_groundwater_sustainability_agency_upper_valley_aquifer,searles_valley_minerals_inc,NA
0116,arroyo_seco_groundwater_sustainability_agency_1,searles_valley_minerals_inc,NA
0116,groundwater_sustainability_agency,searles_valley_minerals_inc,NA
0116,salinas_valley_basin_groundwater_sustainability_agency_forebay_aquifer,searles_valley_minerals_inc,NA
0117,city_of_vacaville_groundwater_sustainability_agency,searles_valley_minerals_inc,NA
0117,groundwater_sustainability_agency,searles_valley_minerals_inc,NA
0117,reclamation_district_no_2111_groundwater_sustainability_agency,searles_valley_minerals_inc,NA
0117,reclamation_district_no_317_groundwater_sustainability_agency,searles_valley_minerals_inc,NA
0117,reclamation_district_no_349_groundwater_sustainability_agency,searles_valley_minerals_inc,NA
0117,reclamation_district_no_3_groundwater_sustainability_agency,searles_valley_minerals_inc,NA
0117,reclamation_district_no_501_groundwater_sustainability_agency_northern_delta_groundwater_sustainability_agency,searles_valley_minerals_inc,NA
0117,reclamation_district_no_554_groundwater_sustainability_agency,searles_valley_minerals_inc,NA
0117,reclamation_district_no_556_groundwater_sustainability_agency,searles_valley_minerals_inc,NA
0117,sacramento_county_groundwater_sustainability_agency_solano,searles_valley_minerals_inc,NA
0117,solano_irrigation_district_groundwater_sustainability_agency,searles_valley_minerals_inc,NA
0117,solano_subbasin_groundwater_sustainability_agency,searles_valley_minerals_inc,NA
0118,city_of_san_luis_obispo_groundwater_sustainability_agency,searles_valley_minerals_inc,NA
0118,county_of_san_luis_obispo_groundwater_sustainability_agency_san_luis_obispo_valley,searles_valley_minerals_inc,NA
0118,groundwater_sustainability_agency,searles_valley_minerals_inc,NA
0119,elsinore_valley_groundwater_sustainability_agency,searles_valley_minerals_inc,NA
0120,byron_bethany_irrigation_district_groundwater_sustainability_agency_east_contra_costa,searles_valley_minerals_inc,NA
0120,city_of_antioch_groundwater_sustainability_agency,searles_valley_minerals_inc,NA
0120,city_of_brentwood_groundwater_sustainability_agency,searles_valley_minerals_inc,NA
0120,county_of_contra_costa_groundwater_sustainability_agency,searles_valley_minerals_inc,NA
0120,diablo_water_district_groundwater_sustainability_agency,searles_valley_minerals_inc,NA
0120,discovery_bay_community_services_district_groundwater_sustainability_agency,searles_valley_minerals_inc,NA
0120,east_contra_costa_irrigation_district_groundwater_sustainability_agency,searles_valley_minerals_inc,NA
0120,groundwater_sustainability_agency,searles_valley_minerals_inc,NA
0121,groundwater_sustainability_agency,searles_valley_minerals_inc,NA
0121,san_gorgonio_pass_groundwater_sustainability_agency,searles_valley_minerals_inc,NA
0121,verbenia_groundwater_sustainability_agency,searles_valley_minerals_inc,NA
0122,banta_carbona_irrigation_district_groundwater_sustainability_agency,searles_valley_minerals_inc,NA
0122,byron_bethany_irrigation_district_groundwater_sustainability_agency_tracy,searles_valley_minerals_inc,NA
0122,city_of_lathrop_groundwater_sustainability_agency,searles_valley_minerals_inc,NA
0122,city_of_tracy_groundwater_sustainability_agency,searles_valley_minerals_inc,NA
0122,county_of_san_joaquin_groundwater_sustainability_agency_tracy,searles_valley_minerals_inc,NA
0122,groundwater_sustainability_agency,searles_valley_minerals_inc,NA
0122,stewart_tract_groundwater_sustainability_agency,searles_valley_minerals_inc,NA
0123,white_wolf_groundwater_sustainability_agency,searles_valley_minerals_inc,NA
0124,county_of_napa_groundwater_sustainability_agency,searles_valley_minerals_inc,NA
0125,county_of_plumas_groundwater_sustainability_agency,searles_valley_minerals_inc,NA
0125,groundwater_sustainability_agency,searles_valley_minerals_inc,NA
0125,sierra_valley_groundwater_management_district,searles_valley_minerals_inc,NA
0125,sierra_valley_groundwater_management_district_groundwater_sustainability_agency,searles_valley_minerals_inc,NA
0127,big_valley_groundwater_sustainability_agency,searles_valley_minerals_inc,NA
0128,groundwater_sustainability_agency,searles_valley_minerals_inc,NA
0128,marina_coast_water_district_groundwater_sustainability_agency_monterey,searles_valley_minerals_inc,NA
0128,salinas_valley_basin_groundwater_sustainability_agency_monterey,searles_valley_minerals_inc,NA
0129,santa_monica_basin_groundwater_sustainability_agency,searles_valley_minerals_inc,NA
0130,ojai_basin_groundwater_management_agency,searles_valley_minerals_inc,NA
0130,ojai_basin_groundwater_management_agency_gsa,searles_valley_minerals_inc,NA
0131,santa_clarita_valley_groundwater_sustainability_agency,searles_valley_minerals_inc,NA
0132,petaluma_valley_groundwater_sustainability_agency,searles_valley_minerals_inc,NA
0133,atascadero_basin_groundwater_sustainability_agency,searles_valley_minerals_inc,NA
0134,tehama_county_flood_control_and_water_conservation_district_groundwater_sustainability_agency_antelope,searles_valley_minerals_inc,NA
0136,santa_rosa_plain_groundwater_sustainability_agency,searles_valley_minerals_inc,NA
0137,tehama_county_flood_control_and_water_conservation_district_groundwater_sustainability_agency_bowman,searles_valley_minerals_inc,NA
0138,bear_valley_basin_groundwater_sustainability_agency,searles_valley_minerals_inc,NA
0139,tehama_county_flood_control_and_water_conservation_district_groundwater_sustainability_agency_los_molinos,searles_valley_minerals_inc,NA
0140,tehama_county_flood_control_and_water_conservation_district_groundwater_sustainability_agency_red_bluff,searles_valley_minerals_inc,NA
0144,western_municipal_water_district_groundwater_sustainability_agency_riverside_arlington,searles_valley_minerals_inc,NA
0145,city_of_coalinga_groundwater_sustainability_agency,searles_valley_minerals_inc,NA
0145,pleasant_valley_groundwater_sustainability_agency,searles_valley_minerals_inc,NA
0149,spadra_basin_groundwater_sustainability_agency,searles_valley_minerals_inc,NA
0150,arvin_groundwater_sustainability_agency,searles_valley_minerals_inc,NA
0150,groundwater_sustainability_agency,searles_valley_minerals_inc,NA
0150,tejon_castac_water_district_groundwater_sustainability_agency,searles_valley_minerals_inc,NA
0150,wheeler_ridge_maricopa_groundwater_sustainability_agency,searles_valley_minerals_inc,NA
0155,montecito_groundwater_basin,searles_valley_minerals_inc,NA
0155,montecito_groundwater_basin_groundwater_sustainability_agency,searles_valley_minerals_inc,NA
0156,arroyo_santa_rosa_basin_groundwater_sustainability_agency,searles_valley_minerals_inc,NA
0156,arroyo_santa_rosa_groundwater_sustainability_agency,searles_valley_minerals_inc,NA
0156,fox_canyon_groundwater_management_agency,searles_valley_minerals_inc,NA
0156,groundwater_sustainability_agency,searles_valley_minerals_inc,NA
0007,aliso_water_district_groundwater_sustainability_agency,jacobs,NA
0008,groundwater_sustainability_agency,jacobs,NA
0008,westlands_water_district_groundwater_sustainability_agency,jacobs,NA
0009,groundwater_sustainability_agency,jacobs,NA
0009,merced_irrigation_urban_groundwater_sustainability_agency,jacobs,NA
0009,merced_subbasin_groundwater_sustainability_agency,jacobs,NA
0009,miugsa,jacobs,NA
0009,turner_island_water_district_groundwater_sustainability_agency_merced,jacobs,NA
0011,mga,jacobs,NA
0011,santa_cruz_mid_county_groundwater_agency_gsa,jacobs,NA
0012,chowchilla_water_district_groundwater_sustainability_agency,jacobs,NA
0012,groundwater_sustainability_agency,jacobs,NA
0012,triangle_t_water_district_groundwater_sustainability_agency,jacobs,NA
0013,dm_ii_groundwater_sustainability_agency,jacobs,NA
0013,groundwater_sustainability_agency,jacobs,NA
0013,oro_loma_water_district_groundwater_sustainability_agency,jacobs,NA
0014,farmers_water_district_groundwater_sustainability_agency,jacobs,NA
0015,city_of_dos_palos_groundwater_sustainability_agency,jacobs,NA
0015,city_of_firebaugh_groundwater_sustainability_agency,jacobs,NA
0015,city_of_gustine_groundwater_sustainability_agency,jacobs,NA
0015,city_of_los_banos_groundwater_sustainability_agency,jacobs,NA
0015,city_of_mendota_groundwater_sustainability_agency,jacobs,NA
0015,city_of_newman_groundwater_sustainability_agency,jacobs,NA
0015,county_of_madera_groundwater_sustainability_agency_delta_mendota,jacobs,NA
0015,county_of_merced_groundwater_sustainability_agency_delta_mendota,jacobs,NA
0015,groundwater_sustainability_agency,jacobs,NA
0015,san_joaquin_river_exchange_contractors_groundwater_sustainability_agency,jacobs,NA
0015,turner_island_water_district_groundwater_sustainability_agency_delta_mendota,jacobs,NA
0016,fox_canyon_groundwater_management_agency,jacobs,NA
0016,fox_canyon_groundwater_management_agency_gsa_oxnard,jacobs,NA
0017,fox_canyon_groundwater_management_agency,jacobs,NA
0017,fox_canyon_groundwater_management_agency_gsa_pleasant_valley,jacobs,NA
0018,fox_canyon_groundwater_management_agency,jacobs,NA
0018,fox_canyon_groundwater_management_agency_gsa_las_posas_valley,jacobs,NA
0019,mound_basin_groundwater_sustainability_agency,jacobs,NA
0020,county_of_fresno_groundwater_sustainability_agency_delta_mendota_management_area_a,jacobs,NA
0020,county_of_fresno_groundwater_sustainability_agency_delta_mendota_management_area_b,jacobs,NA
0020,groundwater_sustainability_agency,jacobs,NA
0021,city_of_madera_groundwater_sustainability_agency,jacobs,NA
0021,county_of_madera_groundwater_sustainability_agency_madera,jacobs,NA
0021,groundwater_sustainability_agency,jacobs,NA
0021,madera_irrigation_district_groundwater_sustainability_agency,jacobs,NA
0021,madera_water_district_groundwater_sustainability_agency,jacobs,NA
0022,central_kings_groundwater_sustainability_agency,jacobs,NA
0023,kings_river_east_groundwater_sustainability_agency,jacobs,NA
0024,north_kings_groundwater_sustainability_agency,jacobs,NA
0025,north_fork_kings_groundwater_sustainability_agency,jacobs,NA
0026,south_kings_groundwater_sustainability_agency,jacobs,NA
0028,mcmullin_area_groundwater_sustainability_agency,jacobs,NA
0029,county_of_monterey_groundwater_sustainability_agency,jacobs,NA
0029,groundwater_sustainability_agency,jacobs,NA
0029,salinas_valley_basin_groundwater_sustainability_agency,jacobs,NA
0030,greater_kaweah_groundwater_sustainability_agency,jacobs,NA
0031,james_groundwater_sustainability_agency,jacobs,NA
0032,cuyama_basin_groundwater_sustainability_agency,jacobs,NA
0035,city_of_paso_robles_groundwater_sustainability_agency,jacobs,NA
0035,groundwater_sustainability_agency,jacobs,NA
0035,san_miguel_community_services_district_groundwater_sustainability_agency,jacobs,NA
0035,shandon_san_juan_groundwater_sustainability_agency,jacobs,NA
0036,groundwater_sustainability_agency,jacobs,NA
0036,kern_groundwater_authority,jacobs,NA
0036,kern_groundwater_authority_groundwater_sustainability_agency,jacobs,NA
0037,henry_miller_water_district_gsa,jacobs,NA
0038,county_of_merced_groundwater_sustainability_agency_delta_mendota,jacobs,NA
0038,grasslands_groundwater_sustainability_agency,jacobs,NA
0038,groundwater_sustainability_agency,jacobs,NA
0042,el_rico_groundwater_sustainability_agency,jacobs,NA
0042,groundwater_sustainability_agency,jacobs,NA
0042,mid_kings_river_groundwater_sustainability_agency,jacobs,NA
0042,sfkgsa,jacobs,NA
0042,south_fork_kings_groundwater_sustainability_agency,jacobs,NA
0042,southwest_kings_groundwater_sustainability_agency,jacobs,NA
0042,tri_county_water_authority_groundwater_sustainability_agency_tulare_lake,jacobs,NA
0043,eastern_tule_groundwater_sustainability_agency,jacobs,NA
0044,olcese_water_district_groundwater_sustainability_agency,jacobs,NA
0045,root_creek_water_district_groundwater_sustainability_agency,jacobs,NA
0047,central_delta_water_agency_groundwater_sustainability_agency,jacobs,NA
0047,central_san_joaquin_water_conservation_district_groundwater_sustainability_agency,jacobs,NA
0047,city_of_lodi_groundwater_sustainability_agency,jacobs,NA
0047,city_of_manteca_groundwater_sustainability_agency,jacobs,NA
0047,city_of_stockton_groundwater_sustainability_agency,jacobs,NA
0047,county_of_san_joaquin_groundwater_sustainability_agency_eastern_san_joaquin_1,jacobs,NA
0047,county_of_san_joaquin_groundwater_sustainability_agency_eastern_san_joaquin_2,jacobs,NA
0047,eastside_san_joaquin_groundwater_sustainability_agency,jacobs,NA
0047,groundwater_sustainability_agency,jacobs,NA
0047,linden_county_water_district_groundwater_sustainability_agency,jacobs,NA
0047,lockeford_community_service_district_groundwater_sustainability_agency,jacobs,NA
0047,north_san_joaquin_water_conservation_district_groundwater_sustainability_agency,jacobs,NA
0047,oakdale_irrigation_district_groundwater_sustainability_agency,jacobs,NA
0047,south_delta_water_agency_groundwater_sustainability_agency,jacobs,NA
0047,south_san_joaquin_groundwater_sustainability_agency,jacobs,NA
0047,stockton_east_water_district_groundwater_sustainability_agency,jacobs,NA
0047,woodbridge_irrigation_district_groundwater_sustainability_agency,jacobs,NA
0048,alpaugh_groundwater_sustainability_agency,jacobs,NA
0049,new_stone_water_district_groundwater_sustainability_agency,jacobs,NA
0050,mid_kaweah_groundwater_sustainability_agency,jacobs,NA
0050,mkgsa,jacobs,NA
0051,buena_vista_water_storage_district_gsa,jacobs,NA
0052,groundwater_sustainability_agency,jacobs,NA
0052,yuba_water_agency,jacobs,NA
0054,groundwater_sustainability_agency,jacobs,NA
0054,kern_river_groundwater_sustainability_agency,jacobs,NA
0056,lower_tule_river_irrigation_district_groundwater_sustainability_agency,jacobs,NA
0056,ltridgsa,jacobs,NA
0057,tri_county_water_authority_groundwater_sustainability_agency_tule,jacobs,NA
0058,east_kaweah_groundwater_sustainability_agency,jacobs,NA
0058,groundwater_sustainability_agency,jacobs,NA
0059,indian_wells_valley_groundwater_authority,jacobs,NA
0059,indian_wells_valley_groundwater_authority_groundwater_sustainability_agency,jacobs,NA
0061,gravelly_ford_water_district_groundwater_sustainability_agency,jacobs,NA
0063,delano_earlimart_irrigation_district_groundwater_sustainability_agency,jacobs,NA
0065,pixley_irrigation_district_groundwater_sustainability_agency,jacobs,NA
0067,castac_basin_gsa,jacobs,NA
0070,county_of_humboldt_groundwater_sustainability_agency,jacobs,NA
0071,west_san_jacinto_groundwater_sustainability_agency,jacobs,NA
0072,fillmore_and_piru_basins_groundwater_sustainability_agency_piru,jacobs,NA
0072,fpbgsa,jacobs,NA
0073,fillmore_and_piru_basins_groundwater_sustainability_agency_fillmore,jacobs,NA
0073,fpbgsa,jacobs,NA
0074,santa_margarita_groundwater_agency,jacobs,NA
0074,santa_margarita_groundwater_agency_gsa,jacobs,NA
0075,san_pasqual_valley_groundwater_sustainability_agency,jacobs,0
0075,san_pasqual_valley_gsa,jacobs,1
0076,pauma_valley_groundwater_sustainability_agency,jacobs,NA
0076,pvgsa,jacobs,NA
0077,upper_ventura_river_groundwater_agency,jacobs,NA
0077,upper_ventura_river_groundwater_agency_gsa,jacobs,NA
0078,santa_ynez_river_valley_basin_western_management_area_groundwater_sustainability_agency,jacobs,NA
0079,santa_ynez_river_valley_basin_central_management_area_groundwater_sustainability_agency,jacobs,NA
0080,santa_ynez_river_valley_basin_eastern_management_area_groundwater_sustainability_agency,jacobs,NA
0081,temescal_subbasin_groundwater_sustainability_agency,jacobs,NA
0082,enterprise_anderson_groundwater_sustainability_agency_enterprise,jacobs,NA
0083,enterprise_anderson_groundwater_sustainability_agency_anderson,jacobs,NA
0084,ukiah_valley_basin_groundwater_sustainability_agency,jacobs,NA
0084,ukiah_valley_basin_gsa,jacobs,NA
0085,county_of_tuolumne_groundwater_sustainability_agency,jacobs,NA
0085,groundwater_sustainability_agency,jacobs,NA
0085,stanislaus_and_tuolumne_rivers_groundwater_basin_association,jacobs,NA
0085,stanislaus_and_tuolumne_rivers_groundwater_basin_association_groundwater_sustainability_agency,jacobs,NA
0086,groundwater_sustainability_agency,jacobs,NA
0086,rock_creek_reclamation_district_groundwater_sustainability_agency,jacobs,NA
0086,vina_groundwater_sustainability_agency,jacobs,NA
0087,san_antonio_basin_groundwater_sustainability_agency,jacobs,NA
0088,siskiyou_county_flood_control_and_water_conservation_district_groundwater_sustainability_agency_butte_valley,jacobs,NA
0090,siskiyou_county_flood_control_and_water_conservation_district_groundwater_sustainability_agency_shasta,jacobs,NA
0091,city_of_hayward_groundwater_sustainability_agency,jacobs,NA
0091,east_bay_municipal_utility_district_groundwater_sustainability_agency,jacobs,NA
0091,groundwater_sustainability_agency,jacobs,NA
0092,cga,jacobs,NA
0092,colusa_groundwater_authority_groundwater_sustainability_agency_colusa,jacobs,NA
0092,glenn_groundwater_authority,jacobs,NA
0092,glenn_groundwater_authority_groundwater_sustainability_agency,jacobs,NA
0092,groundwater_sustainability_agency,jacobs,NA
0093,bedford_coldwater_subbasin_groundwater_sustainability_agency,jacobs,NA
0094,csgsa,jacobs,NA
0094,groundwater_sustainability_agency,jacobs,NA
0094,tehama_county_flood_control_and_water_conservation_district,jacobs,NA
0095,county_of_lassen_groundwater_sustainability_agency,jacobs,NA
0095,county_of_modoc_groundwater_sustainability_agency_big_valley,jacobs,NA
0095,groundwater_sustainability_agency,jacobs,NA
0096,yolo_subbasin_groundwater_sustainability_agency,jacobs,NA
0097,groundwater_sustainability_agency,jacobs,NA
0097,tulelake_irrigation_district_groundwater_sustainability_agency,jacobs,NA
0098,groundwater_sustainability_agency,jacobs,NA
0099,wyandotte_creek_groundwater_sustainability_agency,jacobs,NA
0100,county_of_sutter_groundwater_sustainability_agency_north_american,jacobs,NA
0100,groundwater_sustainability_agency,jacobs,NA
0100,reclamation_district_no_1001_groundwater_sustainability_agency,jacobs,NA
0100,sacramento_groundwater_authority,jacobs,NA
0100,sacramento_groundwater_authority_groundwater_sustainability_agency,jacobs,NA
0100,south_sutter_water_district_groundwater_sustainability_agency,jacobs,NA
0100,west_placer_groundwater_sustainability_agency,jacobs,NA
0101,sonoma_valley_groundwater_sustainability_agency,jacobs,NA
0103,owens_valley_groundwater_authority,jacobs,NA
0103,owens_valley_groundwater_authority_groundwater_sustainability_agency_owens_valley,jacobs,NA
0104,yucaipa_basin_groundwater_sustainability_agency,jacobs,NA
0105,groundwater_sustainability_agency,jacobs,NA
0105,san_benito_county_water_district_groundwater_sustainability_agency,jacobs,NA
0105,santa_clara_valley_water_district_groundwater_sustainability_agency_north_san_benito,jacobs,NA
0106,amador_county_groundwater_management_authority,jacobs,NA
0106,amador_county_groundwater_management_authority_groundwater_sustainability_agency,jacobs,NA
0106,city_of_galt_groundwater_sustainability_agency,jacobs,NA
0106,clay_water_district_groundwater_sustainability_agency,jacobs,NA
0106,galt_irrigation_district_groundwater_sustainability_agency,jacobs,NA
0106,groundwater_sustainability_agency,jacobs,NA
0106,omochumne_hartnell_water_district_groundwater_sustainability_agency_cosumnes,jacobs,NA
0106,sacramento_county_groundwater_sustainability_agency_cosumnes,jacobs,NA
0106,sloughhouse_resource_conservation_district_groundwater_sustainability_agency_cosumnes,jacobs,NA
0110,east_turlock_subbasin_groundwater_sustainability_agency,jacobs,NA
0110,groundwater_sustainability_agency,jacobs,NA
0110,west_turlock_subbasin_groundwater_sustainability_agency,jacobs,NA
0111,county_of_sacramento_groundwater_sustainability_agency_south_american,jacobs,NA
0111,groundwater_sustainability_agency,jacobs,NA
0111,omochumne_hartnell_water_district_groundwater_sustainability_agency_south_american,jacobs,NA
0111,reclamation_district_no_551_groundwater_sustainability_agency,jacobs,NA
0111,sacramento_central_groundwater_authority,jacobs,NA
0111,sacramento_central_groundwater_authority_groundwater_sustainability_agency_1,jacobs,NA
0112,butte_water_district_groundwater_sustainability_agency_sutter,jacobs,NA
0112,groundwater_sustainability_agency,jacobs,NA
0113,salinas_valley_basin_groundwater_sustainability_agency_langley_area,jacobs,NA
0113,svbgsa,jacobs,NA
0114,salinas_valley_basin_groundwater_sustainability_agency_east_side_aquifer,jacobs,NA
0115,salinas_valley_basin_groundwater_sustainability_agency_upper_valley_aquifer,jacobs,NA
0116,arroyo_seco_groundwater_sustainability_agency_1,jacobs,NA
0116,groundwater_sustainability_agency,jacobs,NA
0116,salinas_valley_basin_groundwater_sustainability_agency_forebay_aquifer,jacobs,NA
0117,city_of_vacaville_groundwater_sustainability_agency,jacobs,NA
0117,groundwater_sustainability_agency,jacobs,NA
0117,reclamation_district_no_2111_groundwater_sustainability_agency,jacobs,NA
0117,reclamation_district_no_317_groundwater_sustainability_agency,jacobs,NA
0117,reclamation_district_no_349_groundwater_sustainability_agency,jacobs,NA
0117,reclamation_district_no_3_groundwater_sustainability_agency,jacobs,NA
0117,reclamation_district_no_501_groundwater_sustainability_agency_northern_delta_groundwater_sustainability_agency,jacobs,NA
0117,reclamation_district_no_554_groundwater_sustainability_agency,jacobs,NA
0117,reclamation_district_no_556_groundwater_sustainability_agency,jacobs,NA
0117,sacramento_county_groundwater_sustainability_agency_solano,jacobs,NA
0117,solano_irrigation_district_groundwater_sustainability_agency,jacobs,NA
0117,solano_subbasin_groundwater_sustainability_agency,jacobs,NA
0118,city_of_san_luis_obispo_groundwater_sustainability_agency,jacobs,NA
0118,county_of_san_luis_obispo_groundwater_sustainability_agency_san_luis_obispo_valley,jacobs,NA
0118,groundwater_sustainability_agency,jacobs,NA
0119,elsinore_valley_groundwater_sustainability_agency,jacobs,NA
0120,byron_bethany_irrigation_district_groundwater_sustainability_agency_east_contra_costa,jacobs,NA
0120,city_of_antioch_groundwater_sustainability_agency,jacobs,NA
0120,city_of_brentwood_groundwater_sustainability_agency,jacobs,NA
0120,county_of_contra_costa_groundwater_sustainability_agency,jacobs,NA
0120,diablo_water_district_groundwater_sustainability_agency,jacobs,NA
0120,discovery_bay_community_services_district_groundwater_sustainability_agency,jacobs,NA
0120,east_contra_costa_irrigation_district_groundwater_sustainability_agency,jacobs,NA
0120,groundwater_sustainability_agency,jacobs,NA
0121,groundwater_sustainability_agency,jacobs,NA
0121,san_gorgonio_pass_groundwater_sustainability_agency,jacobs,NA
0121,verbenia_groundwater_sustainability_agency,jacobs,NA
0122,banta_carbona_irrigation_district_groundwater_sustainability_agency,jacobs,NA
0122,byron_bethany_irrigation_district_groundwater_sustainability_agency_tracy,jacobs,NA
0122,city_of_lathrop_groundwater_sustainability_agency,jacobs,NA
0122,city_of_tracy_groundwater_sustainability_agency,jacobs,NA
0122,county_of_san_joaquin_groundwater_sustainability_agency_tracy,jacobs,NA
0122,groundwater_sustainability_agency,jacobs,NA
0122,stewart_tract_groundwater_sustainability_agency,jacobs,NA
0123,white_wolf_groundwater_sustainability_agency,jacobs,NA
0124,county_of_napa_groundwater_sustainability_agency,jacobs,NA
0125,county_of_plumas_groundwater_sustainability_agency,jacobs,NA
0125,groundwater_sustainability_agency,jacobs,NA
0125,sierra_valley_groundwater_management_district,jacobs,NA
0125,sierra_valley_groundwater_management_district_groundwater_sustainability_agency,jacobs,NA
0127,big_valley_groundwater_sustainability_agency,jacobs,NA
0128,groundwater_sustainability_agency,jacobs,NA
0128,marina_coast_water_district_groundwater_sustainability_agency_monterey,jacobs,NA
0128,salinas_valley_basin_groundwater_sustainability_agency_monterey,jacobs,NA
0129,santa_monica_basin_groundwater_sustainability_agency,jacobs,NA
0130,ojai_basin_groundwater_management_agency,jacobs,NA
0130,ojai_basin_groundwater_management_agency_gsa,jacobs,NA
0131,santa_clarita_valley_groundwater_sustainability_agency,jacobs,NA
0132,petaluma_valley_groundwater_sustainability_agency,jacobs,NA
0133,atascadero_basin_groundwater_sustainability_agency,jacobs,NA
0134,tehama_county_flood_control_and_water_conservation_district_groundwater_sustainability_agency_antelope,jacobs,NA
0136,santa_rosa_plain_groundwater_sustainability_agency,jacobs,NA
0137,tehama_county_flood_control_and_water_conservation_district_groundwater_sustainability_agency_bowman,jacobs,NA
0138,bear_valley_basin_groundwater_sustainability_agency,jacobs,NA
0139,tehama_county_flood_control_and_water_conservation_district_groundwater_sustainability_agency_los_molinos,jacobs,NA
0140,tehama_county_flood_control_and_water_conservation_district_groundwater_sustainability_agency_red_bluff,jacobs,NA
0144,western_municipal_water_district_groundwater_sustainability_agency_riverside_arlington,jacobs,NA
0145,city_of_coalinga_groundwater_sustainability_agency,jacobs,NA
0145,pleasant_valley_groundwater_sustainability_agency,jacobs,NA
0149,spadra_basin_groundwater_sustainability_agency,jacobs,NA
0150,arvin_groundwater_sustainability_agency,jacobs,NA
0150,groundwater_sustainability_agency,jacobs,NA
0150,tejon_castac_water_district_groundwater_sustainability_agency,jacobs,NA
0150,wheeler_ridge_maricopa_groundwater_sustainability_agency,jacobs,NA
0155,montecito_groundwater_basin,jacobs,NA
0155,montecito_groundwater_basin_groundwater_sustainability_agency,jacobs,NA
0156,arroyo_santa_rosa_basin_groundwater_sustainability_agency,jacobs,NA
0156,arroyo_santa_rosa_groundwater_sustainability_agency,jacobs,NA
0156,fox_canyon_groundwater_management_agency,jacobs,NA
0156,groundwater_sustainability_agency,jacobs,NA
0007,aliso_water_district_groundwater_sustainability_agency,daniel_b_stephens_associates,NA
0008,groundwater_sustainability_agency,daniel_b_stephens_associates,NA
0008,westlands_water_district_groundwater_sustainability_agency,daniel_b_stephens_associates,NA
0009,groundwater_sustainability_agency,daniel_b_stephens_associates,NA
0009,merced_irrigation_urban_groundwater_sustainability_agency,daniel_b_stephens_associates,NA
0009,merced_subbasin_groundwater_sustainability_agency,daniel_b_stephens_associates,NA
0009,miugsa,daniel_b_stephens_associates,NA
0009,turner_island_water_district_groundwater_sustainability_agency_merced,daniel_b_stephens_associates,NA
0011,mga,daniel_b_stephens_associates,NA
0011,santa_cruz_mid_county_groundwater_agency_gsa,daniel_b_stephens_associates,NA
0012,chowchilla_water_district_groundwater_sustainability_agency,daniel_b_stephens_associates,NA
0012,groundwater_sustainability_agency,daniel_b_stephens_associates,NA
0012,triangle_t_water_district_groundwater_sustainability_agency,daniel_b_stephens_associates,NA
0013,dm_ii_groundwater_sustainability_agency,daniel_b_stephens_associates,NA
0013,groundwater_sustainability_agency,daniel_b_stephens_associates,NA
0013,oro_loma_water_district_groundwater_sustainability_agency,daniel_b_stephens_associates,NA
0014,farmers_water_district_groundwater_sustainability_agency,daniel_b_stephens_associates,NA
0015,city_of_dos_palos_groundwater_sustainability_agency,daniel_b_stephens_associates,NA
0015,city_of_firebaugh_groundwater_sustainability_agency,daniel_b_stephens_associates,NA
0015,city_of_gustine_groundwater_sustainability_agency,daniel_b_stephens_associates,NA
0015,city_of_los_banos_groundwater_sustainability_agency,daniel_b_stephens_associates,NA
0015,city_of_mendota_groundwater_sustainability_agency,daniel_b_stephens_associates,NA
0015,city_of_newman_groundwater_sustainability_agency,daniel_b_stephens_associates,NA
0015,county_of_madera_groundwater_sustainability_agency_delta_mendota,daniel_b_stephens_associates,NA
0015,county_of_merced_groundwater_sustainability_agency_delta_mendota,daniel_b_stephens_associates,NA
0015,groundwater_sustainability_agency,daniel_b_stephens_associates,NA
0015,san_joaquin_river_exchange_contractors_groundwater_sustainability_agency,daniel_b_stephens_associates,NA
0015,turner_island_water_district_groundwater_sustainability_agency_delta_mendota,daniel_b_stephens_associates,NA
0016,fox_canyon_groundwater_management_agency,daniel_b_stephens_associates,NA
0016,fox_canyon_groundwater_management_agency_gsa_oxnard,daniel_b_stephens_associates,NA
0017,fox_canyon_groundwater_management_agency,daniel_b_stephens_associates,NA
0017,fox_canyon_groundwater_management_agency_gsa_pleasant_valley,daniel_b_stephens_associates,NA
0018,fox_canyon_groundwater_management_agency,daniel_b_stephens_associates,NA
0018,fox_canyon_groundwater_management_agency_gsa_las_posas_valley,daniel_b_stephens_associates,NA
0019,mound_basin_groundwater_sustainability_agency,daniel_b_stephens_associates,NA
0020,county_of_fresno_groundwater_sustainability_agency_delta_mendota_management_area_a,daniel_b_stephens_associates,NA
0020,county_of_fresno_groundwater_sustainability_agency_delta_mendota_management_area_b,daniel_b_stephens_associates,NA
0020,groundwater_sustainability_agency,daniel_b_stephens_associates,NA
0021,city_of_madera_groundwater_sustainability_agency,daniel_b_stephens_associates,NA
0021,county_of_madera_groundwater_sustainability_agency_madera,daniel_b_stephens_associates,NA
0021,groundwater_sustainability_agency,daniel_b_stephens_associates,NA
0021,madera_irrigation_district_groundwater_sustainability_agency,daniel_b_stephens_associates,NA
0021,madera_water_district_groundwater_sustainability_agency,daniel_b_stephens_associates,NA
0022,central_kings_groundwater_sustainability_agency,daniel_b_stephens_associates,NA
0023,kings_river_east_groundwater_sustainability_agency,daniel_b_stephens_associates,NA
0024,north_kings_groundwater_sustainability_agency,daniel_b_stephens_associates,NA
0025,north_fork_kings_groundwater_sustainability_agency,daniel_b_stephens_associates,NA
0026,south_kings_groundwater_sustainability_agency,daniel_b_stephens_associates,NA
0028,mcmullin_area_groundwater_sustainability_agency,daniel_b_stephens_associates,NA
0029,county_of_monterey_groundwater_sustainability_agency,daniel_b_stephens_associates,NA
0029,groundwater_sustainability_agency,daniel_b_stephens_associates,NA
0029,salinas_valley_basin_groundwater_sustainability_agency,daniel_b_stephens_associates,NA
0030,greater_kaweah_groundwater_sustainability_agency,daniel_b_stephens_associates,NA
0031,james_groundwater_sustainability_agency,daniel_b_stephens_associates,NA
0032,cuyama_basin_groundwater_sustainability_agency,daniel_b_stephens_associates,NA
0035,city_of_paso_robles_groundwater_sustainability_agency,daniel_b_stephens_associates,NA
0035,groundwater_sustainability_agency,daniel_b_stephens_associates,NA
0035,san_miguel_community_services_district_groundwater_sustainability_agency,daniel_b_stephens_associates,NA
0035,shandon_san_juan_groundwater_sustainability_agency,daniel_b_stephens_associates,NA
0036,groundwater_sustainability_agency,daniel_b_stephens_associates,NA
0036,kern_groundwater_authority,daniel_b_stephens_associates,NA
0036,kern_groundwater_authority_groundwater_sustainability_agency,daniel_b_stephens_associates,NA
0037,henry_miller_water_district_gsa,daniel_b_stephens_associates,NA
0038,county_of_merced_groundwater_sustainability_agency_delta_mendota,daniel_b_stephens_associates,NA
0038,grasslands_groundwater_sustainability_agency,daniel_b_stephens_associates,NA
0038,groundwater_sustainability_agency,daniel_b_stephens_associates,NA
0042,el_rico_groundwater_sustainability_agency,daniel_b_stephens_associates,NA
0042,groundwater_sustainability_agency,daniel_b_stephens_associates,NA
0042,mid_kings_river_groundwater_sustainability_agency,daniel_b_stephens_associates,NA
0042,sfkgsa,daniel_b_stephens_associates,NA
0042,south_fork_kings_groundwater_sustainability_agency,daniel_b_stephens_associates,NA
0042,southwest_kings_groundwater_sustainability_agency,daniel_b_stephens_associates,NA
0042,tri_county_water_authority_groundwater_sustainability_agency_tulare_lake,daniel_b_stephens_associates,NA
0043,eastern_tule_groundwater_sustainability_agency,daniel_b_stephens_associates,NA
0044,olcese_water_district_groundwater_sustainability_agency,daniel_b_stephens_associates,NA
0045,root_creek_water_district_groundwater_sustainability_agency,daniel_b_stephens_associates,NA
0047,central_delta_water_agency_groundwater_sustainability_agency,daniel_b_stephens_associates,NA
0047,central_san_joaquin_water_conservation_district_groundwater_sustainability_agency,daniel_b_stephens_associates,NA
0047,city_of_lodi_groundwater_sustainability_agency,daniel_b_stephens_associates,NA
0047,city_of_manteca_groundwater_sustainability_agency,daniel_b_stephens_associates,NA
0047,city_of_stockton_groundwater_sustainability_agency,daniel_b_stephens_associates,NA
0047,county_of_san_joaquin_groundwater_sustainability_agency_eastern_san_joaquin_1,daniel_b_stephens_associates,NA
0047,county_of_san_joaquin_groundwater_sustainability_agency_eastern_san_joaquin_2,daniel_b_stephens_associates,NA
0047,eastside_san_joaquin_groundwater_sustainability_agency,daniel_b_stephens_associates,NA
0047,groundwater_sustainability_agency,daniel_b_stephens_associates,NA
0047,linden_county_water_district_groundwater_sustainability_agency,daniel_b_stephens_associates,NA
0047,lockeford_community_service_district_groundwater_sustainability_agency,daniel_b_stephens_associates,NA
0047,north_san_joaquin_water_conservation_district_groundwater_sustainability_agency,daniel_b_stephens_associates,NA
0047,oakdale_irrigation_district_groundwater_sustainability_agency,daniel_b_stephens_associates,NA
0047,south_delta_water_agency_groundwater_sustainability_agency,daniel_b_stephens_associates,NA
0047,south_san_joaquin_groundwater_sustainability_agency,daniel_b_stephens_associates,NA
0047,stockton_east_water_district_groundwater_sustainability_agency,daniel_b_stephens_associates,NA
0047,woodbridge_irrigation_district_groundwater_sustainability_agency,daniel_b_stephens_associates,NA
0048,alpaugh_groundwater_sustainability_agency,daniel_b_stephens_associates,NA
0049,new_stone_water_district_groundwater_sustainability_agency,daniel_b_stephens_associates,NA
0050,mid_kaweah_groundwater_sustainability_agency,daniel_b_stephens_associates,NA
0050,mkgsa,daniel_b_stephens_associates,NA
0051,buena_vista_water_storage_district_gsa,daniel_b_stephens_associates,NA
0052,groundwater_sustainability_agency,daniel_b_stephens_associates,NA
0052,yuba_water_agency,daniel_b_stephens_associates,NA
0054,groundwater_sustainability_agency,daniel_b_stephens_associates,NA
0054,kern_river_groundwater_sustainability_agency,daniel_b_stephens_associates,NA
0056,lower_tule_river_irrigation_district_groundwater_sustainability_agency,daniel_b_stephens_associates,NA
0056,ltridgsa,daniel_b_stephens_associates,NA
0057,tri_county_water_authority_groundwater_sustainability_agency_tule,daniel_b_stephens_associates,NA
0058,east_kaweah_groundwater_sustainability_agency,daniel_b_stephens_associates,NA
0058,groundwater_sustainability_agency,daniel_b_stephens_associates,NA
0059,indian_wells_valley_groundwater_authority,daniel_b_stephens_associates,NA
0059,indian_wells_valley_groundwater_authority_groundwater_sustainability_agency,daniel_b_stephens_associates,NA
0061,gravelly_ford_water_district_groundwater_sustainability_agency,daniel_b_stephens_associates,NA
0063,delano_earlimart_irrigation_district_groundwater_sustainability_agency,daniel_b_stephens_associates,NA
0065,pixley_irrigation_district_groundwater_sustainability_agency,daniel_b_stephens_associates,NA
0067,castac_basin_gsa,daniel_b_stephens_associates,NA
0070,county_of_humboldt_groundwater_sustainability_agency,daniel_b_stephens_associates,NA
0071,west_san_jacinto_groundwater_sustainability_agency,daniel_b_stephens_associates,NA
0072,fillmore_and_piru_basins_groundwater_sustainability_agency_piru,daniel_b_stephens_associates,NA
0072,fpbgsa,daniel_b_stephens_associates,NA
0073,fillmore_and_piru_basins_groundwater_sustainability_agency_fillmore,daniel_b_stephens_associates,NA
0073,fpbgsa,daniel_b_stephens_associates,NA
0074,santa_margarita_groundwater_agency,daniel_b_stephens_associates,NA
0074,santa_margarita_groundwater_agency_gsa,daniel_b_stephens_associates,NA
0075,san_pasqual_valley_groundwater_sustainability_agency,daniel_b_stephens_associates,NA
0075,san_pasqual_valley_gsa,daniel_b_stephens_associates,NA
0076,pauma_valley_groundwater_sustainability_agency,daniel_b_stephens_associates,NA
0076,pvgsa,daniel_b_stephens_associates,NA
0077,upper_ventura_river_groundwater_agency,daniel_b_stephens_associates,NA
0077,upper_ventura_river_groundwater_agency_gsa,daniel_b_stephens_associates,NA
0078,santa_ynez_river_valley_basin_western_management_area_groundwater_sustainability_agency,daniel_b_stephens_associates,NA
0079,santa_ynez_river_valley_basin_central_management_area_groundwater_sustainability_agency,daniel_b_stephens_associates,NA
0080,santa_ynez_river_valley_basin_eastern_management_area_groundwater_sustainability_agency,daniel_b_stephens_associates,NA
0081,temescal_subbasin_groundwater_sustainability_agency,daniel_b_stephens_associates,NA
0082,enterprise_anderson_groundwater_sustainability_agency_enterprise,daniel_b_stephens_associates,NA
0083,enterprise_anderson_groundwater_sustainability_agency_anderson,daniel_b_stephens_associates,NA
0084,ukiah_valley_basin_groundwater_sustainability_agency,daniel_b_stephens_associates,NA
0084,ukiah_valley_basin_gsa,daniel_b_stephens_associates,NA
0085,county_of_tuolumne_groundwater_sustainability_agency,daniel_b_stephens_associates,NA
0085,groundwater_sustainability_agency,daniel_b_stephens_associates,NA
0085,stanislaus_and_tuolumne_rivers_groundwater_basin_association,daniel_b_stephens_associates,NA
0085,stanislaus_and_tuolumne_rivers_groundwater_basin_association_groundwater_sustainability_agency,daniel_b_stephens_associates,NA
0086,groundwater_sustainability_agency,daniel_b_stephens_associates,NA
0086,rock_creek_reclamation_district_groundwater_sustainability_agency,daniel_b_stephens_associates,NA
0086,vina_groundwater_sustainability_agency,daniel_b_stephens_associates,NA
0087,san_antonio_basin_groundwater_sustainability_agency,daniel_b_stephens_associates,NA
0088,siskiyou_county_flood_control_and_water_conservation_district_groundwater_sustainability_agency_butte_valley,daniel_b_stephens_associates,NA
0090,siskiyou_county_flood_control_and_water_conservation_district_groundwater_sustainability_agency_shasta,daniel_b_stephens_associates,NA
0091,city_of_hayward_groundwater_sustainability_agency,daniel_b_stephens_associates,NA
0091,east_bay_municipal_utility_district_groundwater_sustainability_agency,daniel_b_stephens_associates,NA
0091,groundwater_sustainability_agency,daniel_b_stephens_associates,NA
0092,cga,daniel_b_stephens_associates,NA
0092,colusa_groundwater_authority_groundwater_sustainability_agency_colusa,daniel_b_stephens_associates,NA
0092,glenn_groundwater_authority,daniel_b_stephens_associates,NA
0092,glenn_groundwater_authority_groundwater_sustainability_agency,daniel_b_stephens_associates,NA
0092,groundwater_sustainability_agency,daniel_b_stephens_associates,NA
0093,bedford_coldwater_subbasin_groundwater_sustainability_agency,daniel_b_stephens_associates,NA
0094,csgsa,daniel_b_stephens_associates,NA
0094,groundwater_sustainability_agency,daniel_b_stephens_associates,NA
0094,tehama_county_flood_control_and_water_conservation_district,daniel_b_stephens_associates,NA
0095,county_of_lassen_groundwater_sustainability_agency,daniel_b_stephens_associates,NA
0095,county_of_modoc_groundwater_sustainability_agency_big_valley,daniel_b_stephens_associates,NA
0095,groundwater_sustainability_agency,daniel_b_stephens_associates,NA
0096,yolo_subbasin_groundwater_sustainability_agency,daniel_b_stephens_associates,NA
0097,groundwater_sustainability_agency,daniel_b_stephens_associates,NA
0097,tulelake_irrigation_district_groundwater_sustainability_agency,daniel_b_stephens_associates,NA
0098,groundwater_sustainability_agency,daniel_b_stephens_associates,NA
0099,wyandotte_creek_groundwater_sustainability_agency,daniel_b_stephens_associates,NA
0100,county_of_sutter_groundwater_sustainability_agency_north_american,daniel_b_stephens_associates,NA
0100,groundwater_sustainability_agency,daniel_b_stephens_associates,NA
0100,reclamation_district_no_1001_groundwater_sustainability_agency,daniel_b_stephens_associates,NA
0100,sacramento_groundwater_authority,daniel_b_stephens_associates,NA
0100,sacramento_groundwater_authority_groundwater_sustainability_agency,daniel_b_stephens_associates,NA
0100,south_sutter_water_district_groundwater_sustainability_agency,daniel_b_stephens_associates,NA
0100,west_placer_groundwater_sustainability_agency,daniel_b_stephens_associates,NA
0101,sonoma_valley_groundwater_sustainability_agency,daniel_b_stephens_associates,NA
0103,owens_valley_groundwater_authority,daniel_b_stephens_associates,1
0103,owens_valley_groundwater_authority_groundwater_sustainability_agency_owens_valley,daniel_b_stephens_associates,1
0104,yucaipa_basin_groundwater_sustainability_agency,daniel_b_stephens_associates,NA
0105,groundwater_sustainability_agency,daniel_b_stephens_associates,NA
0105,san_benito_county_water_district_groundwater_sustainability_agency,daniel_b_stephens_associates,NA
0105,santa_clara_valley_water_district_groundwater_sustainability_agency_north_san_benito,daniel_b_stephens_associates,NA
0106,amador_county_groundwater_management_authority,daniel_b_stephens_associates,NA
0106,amador_county_groundwater_management_authority_groundwater_sustainability_agency,daniel_b_stephens_associates,NA
0106,city_of_galt_groundwater_sustainability_agency,daniel_b_stephens_associates,NA
0106,clay_water_district_groundwater_sustainability_agency,daniel_b_stephens_associates,NA
0106,galt_irrigation_district_groundwater_sustainability_agency,daniel_b_stephens_associates,NA
0106,groundwater_sustainability_agency,daniel_b_stephens_associates,NA
0106,omochumne_hartnell_water_district_groundwater_sustainability_agency_cosumnes,daniel_b_stephens_associates,NA
0106,sacramento_county_groundwater_sustainability_agency_cosumnes,daniel_b_stephens_associates,NA
0106,sloughhouse_resource_conservation_district_groundwater_sustainability_agency_cosumnes,daniel_b_stephens_associates,NA
0110,east_turlock_subbasin_groundwater_sustainability_agency,daniel_b_stephens_associates,NA
0110,groundwater_sustainability_agency,daniel_b_stephens_associates,NA
0110,west_turlock_subbasin_groundwater_sustainability_agency,daniel_b_stephens_associates,NA
0111,county_of_sacramento_groundwater_sustainability_agency_south_american,daniel_b_stephens_associates,NA
0111,groundwater_sustainability_agency,daniel_b_stephens_associates,NA
0111,omochumne_hartnell_water_district_groundwater_sustainability_agency_south_american,daniel_b_stephens_associates,NA
0111,reclamation_district_no_551_groundwater_sustainability_agency,daniel_b_stephens_associates,NA
0111,sacramento_central_groundwater_authority,daniel_b_stephens_associates,NA
0111,sacramento_central_groundwater_authority_groundwater_sustainability_agency_1,daniel_b_stephens_associates,NA
0112,butte_water_district_groundwater_sustainability_agency_sutter,daniel_b_stephens_associates,NA
0112,groundwater_sustainability_agency,daniel_b_stephens_associates,NA
0113,salinas_valley_basin_groundwater_sustainability_agency_langley_area,daniel_b_stephens_associates,NA
0113,svbgsa,daniel_b_stephens_associates,NA
0114,salinas_valley_basin_groundwater_sustainability_agency_east_side_aquifer,daniel_b_stephens_associates,NA
0115,salinas_valley_basin_groundwater_sustainability_agency_upper_valley_aquifer,daniel_b_stephens_associates,NA
0116,arroyo_seco_groundwater_sustainability_agency_1,daniel_b_stephens_associates,NA
0116,groundwater_sustainability_agency,daniel_b_stephens_associates,NA
0116,salinas_valley_basin_groundwater_sustainability_agency_forebay_aquifer,daniel_b_stephens_associates,NA
0117,city_of_vacaville_groundwater_sustainability_agency,daniel_b_stephens_associates,NA
0117,groundwater_sustainability_agency,daniel_b_stephens_associates,NA
0117,reclamation_district_no_2111_groundwater_sustainability_agency,daniel_b_stephens_associates,NA
0117,reclamation_district_no_317_groundwater_sustainability_agency,daniel_b_stephens_associates,NA
0117,reclamation_district_no_349_groundwater_sustainability_agency,daniel_b_stephens_associates,NA
0117,reclamation_district_no_3_groundwater_sustainability_agency,daniel_b_stephens_associates,NA
0117,reclamation_district_no_501_groundwater_sustainability_agency_northern_delta_groundwater_sustainability_agency,daniel_b_stephens_associates,NA
0117,reclamation_district_no_554_groundwater_sustainability_agency,daniel_b_stephens_associates,NA
0117,reclamation_district_no_556_groundwater_sustainability_agency,daniel_b_stephens_associates,NA
0117,sacramento_county_groundwater_sustainability_agency_solano,daniel_b_stephens_associates,NA
0117,solano_irrigation_district_groundwater_sustainability_agency,daniel_b_stephens_associates,NA
0117,solano_subbasin_groundwater_sustainability_agency,daniel_b_stephens_associates,NA
0118,city_of_san_luis_obispo_groundwater_sustainability_agency,daniel_b_stephens_associates,NA
0118,county_of_san_luis_obispo_groundwater_sustainability_agency_san_luis_obispo_valley,daniel_b_stephens_associates,NA
0118,groundwater_sustainability_agency,daniel_b_stephens_associates,NA
0119,elsinore_valley_groundwater_sustainability_agency,daniel_b_stephens_associates,NA
0120,byron_bethany_irrigation_district_groundwater_sustainability_agency_east_contra_costa,daniel_b_stephens_associates,NA
0120,city_of_antioch_groundwater_sustainability_agency,daniel_b_stephens_associates,NA
0120,city_of_brentwood_groundwater_sustainability_agency,daniel_b_stephens_associates,NA
0120,county_of_contra_costa_groundwater_sustainability_agency,daniel_b_stephens_associates,NA
0120,diablo_water_district_groundwater_sustainability_agency,daniel_b_stephens_associates,NA
0120,discovery_bay_community_services_district_groundwater_sustainability_agency,daniel_b_stephens_associates,NA
0120,east_contra_costa_irrigation_district_groundwater_sustainability_agency,daniel_b_stephens_associates,NA
0120,groundwater_sustainability_agency,daniel_b_stephens_associates,NA
0121,groundwater_sustainability_agency,daniel_b_stephens_associates,NA
0121,san_gorgonio_pass_groundwater_sustainability_agency,daniel_b_stephens_associates,NA
0121,verbenia_groundwater_sustainability_agency,daniel_b_stephens_associates,NA
0122,banta_carbona_irrigation_district_groundwater_sustainability_agency,daniel_b_stephens_associates,NA
0122,byron_bethany_irrigation_district_groundwater_sustainability_agency_tracy,daniel_b_stephens_associates,NA
0122,city_of_lathrop_groundwater_sustainability_agency,daniel_b_stephens_associates,NA
0122,city_of_tracy_groundwater_sustainability_agency,daniel_b_stephens_associates,NA
0122,county_of_san_joaquin_groundwater_sustainability_agency_tracy,daniel_b_stephens_associates,NA
0122,groundwater_sustainability_agency,daniel_b_stephens_associates,NA
0122,stewart_tract_groundwater_sustainability_agency,daniel_b_stephens_associates,NA
0123,white_wolf_groundwater_sustainability_agency,daniel_b_stephens_associates,NA
0124,county_of_napa_groundwater_sustainability_agency,daniel_b_stephens_associates,NA
0125,county_of_plumas_groundwater_sustainability_agency,daniel_b_stephens_associates,NA
0125,groundwater_sustainability_agency,daniel_b_stephens_associates,NA
0125,sierra_valley_groundwater_management_district,daniel_b_stephens_associates,NA
0125,sierra_valley_groundwater_management_district_groundwater_sustainability_agency,daniel_b_stephens_associates,NA
0127,big_valley_groundwater_sustainability_agency,daniel_b_stephens_associates,NA
0128,groundwater_sustainability_agency,daniel_b_stephens_associates,NA
0128,marina_coast_water_district_groundwater_sustainability_agency_monterey,daniel_b_stephens_associates,NA
0128,salinas_valley_basin_groundwater_sustainability_agency_monterey,daniel_b_stephens_associates,NA
0129,santa_monica_basin_groundwater_sustainability_agency,daniel_b_stephens_associates,NA
0130,ojai_basin_groundwater_management_agency,daniel_b_stephens_associates,NA
0130,ojai_basin_groundwater_management_agency_gsa,daniel_b_stephens_associates,NA
0131,santa_clarita_valley_groundwater_sustainability_agency,daniel_b_stephens_associates,NA
0132,petaluma_valley_groundwater_sustainability_agency,daniel_b_stephens_associates,NA
0133,atascadero_basin_groundwater_sustainability_agency,daniel_b_stephens_associates,NA
0134,tehama_county_flood_control_and_water_conservation_district_groundwater_sustainability_agency_antelope,daniel_b_stephens_associates,NA
0136,santa_rosa_plain_groundwater_sustainability_agency,daniel_b_stephens_associates,NA
0137,tehama_county_flood_control_and_water_conservation_district_groundwater_sustainability_agency_bowman,daniel_b_stephens_associates,NA
0138,bear_valley_basin_groundwater_sustainability_agency,daniel_b_stephens_associates,NA
0139,tehama_county_flood_control_and_water_conservation_district_groundwater_sustainability_agency_los_molinos,daniel_b_stephens_associates,NA
0140,tehama_county_flood_control_and_water_conservation_district_groundwater_sustainability_agency_red_bluff,daniel_b_stephens_associates,NA
0144,western_municipal_water_district_groundwater_sustainability_agency_riverside_arlington,daniel_b_stephens_associates,NA
0145,city_of_coalinga_groundwater_sustainability_agency,daniel_b_stephens_associates,NA
0145,pleasant_valley_groundwater_sustainability_agency,daniel_b_stephens_associates,NA
0149,spadra_basin_groundwater_sustainability_agency,daniel_b_stephens_associates,NA
0150,arvin_groundwater_sustainability_agency,daniel_b_stephens_associates,NA
0150,groundwater_sustainability_agency,daniel_b_stephens_associates,NA
0150,tejon_castac_water_district_groundwater_sustainability_agency,daniel_b_stephens_associates,NA
0150,wheeler_ridge_maricopa_groundwater_sustainability_agency,daniel_b_stephens_associates,NA
0155,montecito_groundwater_basin,daniel_b_stephens_associates,NA
0155,montecito_groundwater_basin_groundwater_sustainability_agency,daniel_b_stephens_associates,NA
0156,arroyo_santa_rosa_basin_groundwater_sustainability_agency,daniel_b_stephens_associates,NA
0156,arroyo_santa_rosa_groundwater_sustainability_agency,daniel_b_stephens_associates,NA
0156,fox_canyon_groundwater_management_agency,daniel_b_stephens_associates,NA
0156,groundwater_sustainability_agency,daniel_b_stephens_associates,NA
0007,aliso_water_district_groundwater_sustainability_agency,water_systems_consulting_inc,NA
0008,groundwater_sustainability_agency,water_systems_consulting_inc,NA
0008,westlands_water_district_groundwater_sustainability_agency,water_systems_consulting_inc,NA
0009,groundwater_sustainability_agency,water_systems_consulting_inc,NA
0009,merced_irrigation_urban_groundwater_sustainability_agency,water_systems_consulting_inc,NA
0009,merced_subbasin_groundwater_sustainability_agency,water_systems_consulting_inc,NA
0009,miugsa,water_systems_consulting_inc,NA
0009,turner_island_water_district_groundwater_sustainability_agency_merced,water_systems_consulting_inc,NA
0011,mga,water_systems_consulting_inc,NA
0011,santa_cruz_mid_county_groundwater_agency_gsa,water_systems_consulting_inc,NA
0012,chowchilla_water_district_groundwater_sustainability_agency,water_systems_consulting_inc,NA
0012,groundwater_sustainability_agency,water_systems_consulting_inc,NA
0012,triangle_t_water_district_groundwater_sustainability_agency,water_systems_consulting_inc,NA
0013,dm_ii_groundwater_sustainability_agency,water_systems_consulting_inc,NA
0013,groundwater_sustainability_agency,water_systems_consulting_inc,NA
0013,oro_loma_water_district_groundwater_sustainability_agency,water_systems_consulting_inc,NA
0014,farmers_water_district_groundwater_sustainability_agency,water_systems_consulting_inc,NA
0015,city_of_dos_palos_groundwater_sustainability_agency,water_systems_consulting_inc,NA
0015,city_of_firebaugh_groundwater_sustainability_agency,water_systems_consulting_inc,NA
0015,city_of_gustine_groundwater_sustainability_agency,water_systems_consulting_inc,NA
0015,city_of_los_banos_groundwater_sustainability_agency,water_systems_consulting_inc,NA
0015,city_of_mendota_groundwater_sustainability_agency,water_systems_consulting_inc,NA
0015,city_of_newman_groundwater_sustainability_agency,water_systems_consulting_inc,NA
0015,county_of_madera_groundwater_sustainability_agency_delta_mendota,water_systems_consulting_inc,NA
0015,county_of_merced_groundwater_sustainability_agency_delta_mendota,water_systems_consulting_inc,NA
0015,groundwater_sustainability_agency,water_systems_consulting_inc,NA
0015,san_joaquin_river_exchange_contractors_groundwater_sustainability_agency,water_systems_consulting_inc,NA
0015,turner_island_water_district_groundwater_sustainability_agency_delta_mendota,water_systems_consulting_inc,NA
0016,fox_canyon_groundwater_management_agency,water_systems_consulting_inc,NA
0016,fox_canyon_groundwater_management_agency_gsa_oxnard,water_systems_consulting_inc,NA
0017,fox_canyon_groundwater_management_agency,water_systems_consulting_inc,NA
0017,fox_canyon_groundwater_management_agency_gsa_pleasant_valley,water_systems_consulting_inc,NA
0018,fox_canyon_groundwater_management_agency,water_systems_consulting_inc,NA
0018,fox_canyon_groundwater_management_agency_gsa_las_posas_valley,water_systems_consulting_inc,NA
0019,mound_basin_groundwater_sustainability_agency,water_systems_consulting_inc,NA
0020,county_of_fresno_groundwater_sustainability_agency_delta_mendota_management_area_a,water_systems_consulting_inc,NA
0020,county_of_fresno_groundwater_sustainability_agency_delta_mendota_management_area_b,water_systems_consulting_inc,NA
0020,groundwater_sustainability_agency,water_systems_consulting_inc,NA
0021,city_of_madera_groundwater_sustainability_agency,water_systems_consulting_inc,NA
0021,county_of_madera_groundwater_sustainability_agency_madera,water_systems_consulting_inc,NA
0021,groundwater_sustainability_agency,water_systems_consulting_inc,NA
0021,madera_irrigation_district_groundwater_sustainability_agency,water_systems_consulting_inc,NA
0021,madera_water_district_groundwater_sustainability_agency,water_systems_consulting_inc,NA
0022,central_kings_groundwater_sustainability_agency,water_systems_consulting_inc,NA
0023,kings_river_east_groundwater_sustainability_agency,water_systems_consulting_inc,NA
0024,north_kings_groundwater_sustainability_agency,water_systems_consulting_inc,NA
0025,north_fork_kings_groundwater_sustainability_agency,water_systems_consulting_inc,NA
0026,south_kings_groundwater_sustainability_agency,water_systems_consulting_inc,NA
0028,mcmullin_area_groundwater_sustainability_agency,water_systems_consulting_inc,NA
0029,county_of_monterey_groundwater_sustainability_agency,water_systems_consulting_inc,NA
0029,groundwater_sustainability_agency,water_systems_consulting_inc,NA
0029,salinas_valley_basin_groundwater_sustainability_agency,water_systems_consulting_inc,NA
0030,greater_kaweah_groundwater_sustainability_agency,water_systems_consulting_inc,NA
0031,james_groundwater_sustainability_agency,water_systems_consulting_inc,NA
0032,cuyama_basin_groundwater_sustainability_agency,water_systems_consulting_inc,NA
0035,city_of_paso_robles_groundwater_sustainability_agency,water_systems_consulting_inc,NA
0035,groundwater_sustainability_agency,water_systems_consulting_inc,NA
0035,san_miguel_community_services_district_groundwater_sustainability_agency,water_systems_consulting_inc,NA
0035,shandon_san_juan_groundwater_sustainability_agency,water_systems_consulting_inc,NA
0036,groundwater_sustainability_agency,water_systems_consulting_inc,NA
0036,kern_groundwater_authority,water_systems_consulting_inc,NA
0036,kern_groundwater_authority_groundwater_sustainability_agency,water_systems_consulting_inc,NA
0037,henry_miller_water_district_gsa,water_systems_consulting_inc,NA
0038,county_of_merced_groundwater_sustainability_agency_delta_mendota,water_systems_consulting_inc,NA
0038,grasslands_groundwater_sustainability_agency,water_systems_consulting_inc,NA
0038,groundwater_sustainability_agency,water_systems_consulting_inc,NA
0042,el_rico_groundwater_sustainability_agency,water_systems_consulting_inc,NA
0042,groundwater_sustainability_agency,water_systems_consulting_inc,NA
0042,mid_kings_river_groundwater_sustainability_agency,water_systems_consulting_inc,NA
0042,sfkgsa,water_systems_consulting_inc,NA
0042,south_fork_kings_groundwater_sustainability_agency,water_systems_consulting_inc,NA
0042,southwest_kings_groundwater_sustainability_agency,water_systems_consulting_inc,NA
0042,tri_county_water_authority_groundwater_sustainability_agency_tulare_lake,water_systems_consulting_inc,NA
0043,eastern_tule_groundwater_sustainability_agency,water_systems_consulting_inc,NA
0044,olcese_water_district_groundwater_sustainability_agency,water_systems_consulting_inc,NA
0045,root_creek_water_district_groundwater_sustainability_agency,water_systems_consulting_inc,NA
0047,central_delta_water_agency_groundwater_sustainability_agency,water_systems_consulting_inc,NA
0047,central_san_joaquin_water_conservation_district_groundwater_sustainability_agency,water_systems_consulting_inc,NA
0047,city_of_lodi_groundwater_sustainability_agency,water_systems_consulting_inc,NA
0047,city_of_manteca_groundwater_sustainability_agency,water_systems_consulting_inc,NA
0047,city_of_stockton_groundwater_sustainability_agency,water_systems_consulting_inc,NA
0047,county_of_san_joaquin_groundwater_sustainability_agency_eastern_san_joaquin_1,water_systems_consulting_inc,NA
0047,county_of_san_joaquin_groundwater_sustainability_agency_eastern_san_joaquin_2,water_systems_consulting_inc,NA
0047,eastside_san_joaquin_groundwater_sustainability_agency,water_systems_consulting_inc,NA
0047,groundwater_sustainability_agency,water_systems_consulting_inc,NA
0047,linden_county_water_district_groundwater_sustainability_agency,water_systems_consulting_inc,NA
0047,lockeford_community_service_district_groundwater_sustainability_agency,water_systems_consulting_inc,NA
0047,north_san_joaquin_water_conservation_district_groundwater_sustainability_agency,water_systems_consulting_inc,NA
0047,oakdale_irrigation_district_groundwater_sustainability_agency,water_systems_consulting_inc,NA
0047,south_delta_water_agency_groundwater_sustainability_agency,water_systems_consulting_inc,NA
0047,south_san_joaquin_groundwater_sustainability_agency,water_systems_consulting_inc,NA
0047,stockton_east_water_district_groundwater_sustainability_agency,water_systems_consulting_inc,NA
0047,woodbridge_irrigation_district_groundwater_sustainability_agency,water_systems_consulting_inc,NA
0048,alpaugh_groundwater_sustainability_agency,water_systems_consulting_inc,NA
0049,new_stone_water_district_groundwater_sustainability_agency,water_systems_consulting_inc,NA
0050,mid_kaweah_groundwater_sustainability_agency,water_systems_consulting_inc,NA
0050,mkgsa,water_systems_consulting_inc,NA
0051,buena_vista_water_storage_district_gsa,water_systems_consulting_inc,NA
0052,groundwater_sustainability_agency,water_systems_consulting_inc,NA
0052,yuba_water_agency,water_systems_consulting_inc,NA
0054,groundwater_sustainability_agency,water_systems_consulting_inc,NA
0054,kern_river_groundwater_sustainability_agency,water_systems_consulting_inc,NA
0056,lower_tule_river_irrigation_district_groundwater_sustainability_agency,water_systems_consulting_inc,NA
0056,ltridgsa,water_systems_consulting_inc,NA
0057,tri_county_water_authority_groundwater_sustainability_agency_tule,water_systems_consulting_inc,NA
0058,east_kaweah_groundwater_sustainability_agency,water_systems_consulting_inc,NA
0058,groundwater_sustainability_agency,water_systems_consulting_inc,NA
0059,indian_wells_valley_groundwater_authority,water_systems_consulting_inc,NA
0059,indian_wells_valley_groundwater_authority_groundwater_sustainability_agency,water_systems_consulting_inc,NA
0061,gravelly_ford_water_district_groundwater_sustainability_agency,water_systems_consulting_inc,NA
0063,delano_earlimart_irrigation_district_groundwater_sustainability_agency,water_systems_consulting_inc,NA
0065,pixley_irrigation_district_groundwater_sustainability_agency,water_systems_consulting_inc,NA
0067,castac_basin_gsa,water_systems_consulting_inc,NA
0070,county_of_humboldt_groundwater_sustainability_agency,water_systems_consulting_inc,NA
0071,west_san_jacinto_groundwater_sustainability_agency,water_systems_consulting_inc,NA
0072,fillmore_and_piru_basins_groundwater_sustainability_agency_piru,water_systems_consulting_inc,NA
0072,fpbgsa,water_systems_consulting_inc,NA
0073,fillmore_and_piru_basins_groundwater_sustainability_agency_fillmore,water_systems_consulting_inc,NA
0073,fpbgsa,water_systems_consulting_inc,NA
0074,santa_margarita_groundwater_agency,water_systems_consulting_inc,NA
0074,santa_margarita_groundwater_agency_gsa,water_systems_consulting_inc,NA
0075,san_pasqual_valley_groundwater_sustainability_agency,water_systems_consulting_inc,NA
0075,san_pasqual_valley_gsa,water_systems_consulting_inc,NA
0076,pauma_valley_groundwater_sustainability_agency,water_systems_consulting_inc,NA
0076,pvgsa,water_systems_consulting_inc,NA
0077,upper_ventura_river_groundwater_agency,water_systems_consulting_inc,NA
0077,upper_ventura_river_groundwater_agency_gsa,water_systems_consulting_inc,NA
0078,santa_ynez_river_valley_basin_western_management_area_groundwater_sustainability_agency,water_systems_consulting_inc,NA
0079,santa_ynez_river_valley_basin_central_management_area_groundwater_sustainability_agency,water_systems_consulting_inc,NA
0080,santa_ynez_river_valley_basin_eastern_management_area_groundwater_sustainability_agency,water_systems_consulting_inc,NA
0081,temescal_subbasin_groundwater_sustainability_agency,water_systems_consulting_inc,NA
0082,enterprise_anderson_groundwater_sustainability_agency_enterprise,water_systems_consulting_inc,NA
0083,enterprise_anderson_groundwater_sustainability_agency_anderson,water_systems_consulting_inc,NA
0084,ukiah_valley_basin_groundwater_sustainability_agency,water_systems_consulting_inc,NA
0084,ukiah_valley_basin_gsa,water_systems_consulting_inc,NA
0085,county_of_tuolumne_groundwater_sustainability_agency,water_systems_consulting_inc,NA
0085,groundwater_sustainability_agency,water_systems_consulting_inc,NA
0085,stanislaus_and_tuolumne_rivers_groundwater_basin_association,water_systems_consulting_inc,NA
0085,stanislaus_and_tuolumne_rivers_groundwater_basin_association_groundwater_sustainability_agency,water_systems_consulting_inc,NA
0086,groundwater_sustainability_agency,water_systems_consulting_inc,NA
0086,rock_creek_reclamation_district_groundwater_sustainability_agency,water_systems_consulting_inc,NA
0086,vina_groundwater_sustainability_agency,water_systems_consulting_inc,NA
0087,san_antonio_basin_groundwater_sustainability_agency,water_systems_consulting_inc,NA
0088,siskiyou_county_flood_control_and_water_conservation_district_groundwater_sustainability_agency_butte_valley,water_systems_consulting_inc,NA
0090,siskiyou_county_flood_control_and_water_conservation_district_groundwater_sustainability_agency_shasta,water_systems_consulting_inc,NA
0091,city_of_hayward_groundwater_sustainability_agency,water_systems_consulting_inc,NA
0091,east_bay_municipal_utility_district_groundwater_sustainability_agency,water_systems_consulting_inc,NA
0091,groundwater_sustainability_agency,water_systems_consulting_inc,NA
0092,cga,water_systems_consulting_inc,NA
0092,colusa_groundwater_authority_groundwater_sustainability_agency_colusa,water_systems_consulting_inc,NA
0092,glenn_groundwater_authority,water_systems_consulting_inc,NA
0092,glenn_groundwater_authority_groundwater_sustainability_agency,water_systems_consulting_inc,NA
0092,groundwater_sustainability_agency,water_systems_consulting_inc,NA
0093,bedford_coldwater_subbasin_groundwater_sustainability_agency,water_systems_consulting_inc,NA
0094,csgsa,water_systems_consulting_inc,NA
0094,groundwater_sustainability_agency,water_systems_consulting_inc,NA
0094,tehama_county_flood_control_and_water_conservation_district,water_systems_consulting_inc,NA
0095,county_of_lassen_groundwater_sustainability_agency,water_systems_consulting_inc,NA
0095,county_of_modoc_groundwater_sustainability_agency_big_valley,water_systems_consulting_inc,NA
0095,groundwater_sustainability_agency,water_systems_consulting_inc,NA
0096,yolo_subbasin_groundwater_sustainability_agency,water_systems_consulting_inc,NA
0097,groundwater_sustainability_agency,water_systems_consulting_inc,NA
0097,tulelake_irrigation_district_groundwater_sustainability_agency,water_systems_consulting_inc,NA
0098,groundwater_sustainability_agency,water_systems_consulting_inc,NA
0099,wyandotte_creek_groundwater_sustainability_agency,water_systems_consulting_inc,NA
0100,county_of_sutter_groundwater_sustainability_agency_north_american,water_systems_consulting_inc,NA
0100,groundwater_sustainability_agency,water_systems_consulting_inc,NA
0100,reclamation_district_no_1001_groundwater_sustainability_agency,water_systems_consulting_inc,NA
0100,sacramento_groundwater_authority,water_systems_consulting_inc,NA
0100,sacramento_groundwater_authority_groundwater_sustainability_agency,water_systems_consulting_inc,NA
0100,south_sutter_water_district_groundwater_sustainability_agency,water_systems_consulting_inc,NA
0100,west_placer_groundwater_sustainability_agency,water_systems_consulting_inc,NA
0101,sonoma_valley_groundwater_sustainability_agency,water_systems_consulting_inc,NA
0103,owens_valley_groundwater_authority,water_systems_consulting_inc,NA
0103,owens_valley_groundwater_authority_groundwater_sustainability_agency_owens_valley,water_systems_consulting_inc,NA
0104,yucaipa_basin_groundwater_sustainability_agency,water_systems_consulting_inc,NA
0105,groundwater_sustainability_agency,water_systems_consulting_inc,NA
0105,san_benito_county_water_district_groundwater_sustainability_agency,water_systems_consulting_inc,NA
0105,santa_clara_valley_water_district_groundwater_sustainability_agency_north_san_benito,water_systems_consulting_inc,NA
0106,amador_county_groundwater_management_authority,water_systems_consulting_inc,NA
0106,amador_county_groundwater_management_authority_groundwater_sustainability_agency,water_systems_consulting_inc,NA
0106,city_of_galt_groundwater_sustainability_agency,water_systems_consulting_inc,NA
0106,clay_water_district_groundwater_sustainability_agency,water_systems_consulting_inc,NA
0106,galt_irrigation_district_groundwater_sustainability_agency,water_systems_consulting_inc,NA
0106,groundwater_sustainability_agency,water_systems_consulting_inc,NA
0106,omochumne_hartnell_water_district_groundwater_sustainability_agency_cosumnes,water_systems_consulting_inc,NA
0106,sacramento_county_groundwater_sustainability_agency_cosumnes,water_systems_consulting_inc,NA
0106,sloughhouse_resource_conservation_district_groundwater_sustainability_agency_cosumnes,water_systems_consulting_inc,NA
0110,east_turlock_subbasin_groundwater_sustainability_agency,water_systems_consulting_inc,NA
0110,groundwater_sustainability_agency,water_systems_consulting_inc,NA
0110,west_turlock_subbasin_groundwater_sustainability_agency,water_systems_consulting_inc,NA
0111,county_of_sacramento_groundwater_sustainability_agency_south_american,water_systems_consulting_inc,NA
0111,groundwater_sustainability_agency,water_systems_consulting_inc,NA
0111,omochumne_hartnell_water_district_groundwater_sustainability_agency_south_american,water_systems_consulting_inc,NA
0111,reclamation_district_no_551_groundwater_sustainability_agency,water_systems_consulting_inc,NA
0111,sacramento_central_groundwater_authority,water_systems_consulting_inc,NA
0111,sacramento_central_groundwater_authority_groundwater_sustainability_agency_1,water_systems_consulting_inc,NA
0112,butte_water_district_groundwater_sustainability_agency_sutter,water_systems_consulting_inc,NA
0112,groundwater_sustainability_agency,water_systems_consulting_inc,NA
0113,salinas_valley_basin_groundwater_sustainability_agency_langley_area,water_systems_consulting_inc,NA
0113,svbgsa,water_systems_consulting_inc,NA
0114,salinas_valley_basin_groundwater_sustainability_agency_east_side_aquifer,water_systems_consulting_inc,NA
0115,salinas_valley_basin_groundwater_sustainability_agency_upper_valley_aquifer,water_systems_consulting_inc,NA
0116,arroyo_seco_groundwater_sustainability_agency_1,water_systems_consulting_inc,NA
0116,groundwater_sustainability_agency,water_systems_consulting_inc,NA
0116,salinas_valley_basin_groundwater_sustainability_agency_forebay_aquifer,water_systems_consulting_inc,NA
0117,city_of_vacaville_groundwater_sustainability_agency,water_systems_consulting_inc,NA
0117,groundwater_sustainability_agency,water_systems_consulting_inc,NA
0117,reclamation_district_no_2111_groundwater_sustainability_agency,water_systems_consulting_inc,NA
0117,reclamation_district_no_317_groundwater_sustainability_agency,water_systems_consulting_inc,NA
0117,reclamation_district_no_349_groundwater_sustainability_agency,water_systems_consulting_inc,NA
0117,reclamation_district_no_3_groundwater_sustainability_agency,water_systems_consulting_inc,NA
0117,reclamation_district_no_501_groundwater_sustainability_agency_northern_delta_groundwater_sustainability_agency,water_systems_consulting_inc,NA
0117,reclamation_district_no_554_groundwater_sustainability_agency,water_systems_consulting_inc,NA
0117,reclamation_district_no_556_groundwater_sustainability_agency,water_systems_consulting_inc,NA
0117,sacramento_county_groundwater_sustainability_agency_solano,water_systems_consulting_inc,NA
0117,solano_irrigation_district_groundwater_sustainability_agency,water_systems_consulting_inc,NA
0117,solano_subbasin_groundwater_sustainability_agency,water_systems_consulting_inc,NA
0118,city_of_san_luis_obispo_groundwater_sustainability_agency,water_systems_consulting_inc,1
0118,county_of_san_luis_obispo_groundwater_sustainability_agency_san_luis_obispo_valley,water_systems_consulting_inc,0
0118,groundwater_sustainability_agency,water_systems_consulting_inc,0
0119,elsinore_valley_groundwater_sustainability_agency,water_systems_consulting_inc,NA
0120,byron_bethany_irrigation_district_groundwater_sustainability_agency_east_contra_costa,water_systems_consulting_inc,NA
0120,city_of_antioch_groundwater_sustainability_agency,water_systems_consulting_inc,NA
0120,city_of_brentwood_groundwater_sustainability_agency,water_systems_consulting_inc,NA
0120,county_of_contra_costa_groundwater_sustainability_agency,water_systems_consulting_inc,NA
0120,diablo_water_district_groundwater_sustainability_agency,water_systems_consulting_inc,NA
0120,discovery_bay_community_services_district_groundwater_sustainability_agency,water_systems_consulting_inc,NA
0120,east_contra_costa_irrigation_district_groundwater_sustainability_agency,water_systems_consulting_inc,NA
0120,groundwater_sustainability_agency,water_systems_consulting_inc,NA
0121,groundwater_sustainability_agency,water_systems_consulting_inc,NA
0121,san_gorgonio_pass_groundwater_sustainability_agency,water_systems_consulting_inc,NA
0121,verbenia_groundwater_sustainability_agency,water_systems_consulting_inc,NA
0122,banta_carbona_irrigation_district_groundwater_sustainability_agency,water_systems_consulting_inc,NA
0122,byron_bethany_irrigation_district_groundwater_sustainability_agency_tracy,water_systems_consulting_inc,NA
0122,city_of_lathrop_groundwater_sustainability_agency,water_systems_consulting_inc,NA
0122,city_of_tracy_groundwater_sustainability_agency,water_systems_consulting_inc,NA
0122,county_of_san_joaquin_groundwater_sustainability_agency_tracy,water_systems_consulting_inc,NA
0122,groundwater_sustainability_agency,water_systems_consulting_inc,NA
0122,stewart_tract_groundwater_sustainability_agency,water_systems_consulting_inc,NA
0123,white_wolf_groundwater_sustainability_agency,water_systems_consulting_inc,NA
0124,county_of_napa_groundwater_sustainability_agency,water_systems_consulting_inc,NA
0125,county_of_plumas_groundwater_sustainability_agency,water_systems_consulting_inc,NA
0125,groundwater_sustainability_agency,water_systems_consulting_inc,NA
0125,sierra_valley_groundwater_management_district,water_systems_consulting_inc,NA
0125,sierra_valley_groundwater_management_district_groundwater_sustainability_agency,water_systems_consulting_inc,NA
0127,big_valley_groundwater_sustainability_agency,water_systems_consulting_inc,NA
0128,groundwater_sustainability_agency,water_systems_consulting_inc,NA
0128,marina_coast_water_district_groundwater_sustainability_agency_monterey,water_systems_consulting_inc,NA
0128,salinas_valley_basin_groundwater_sustainability_agency_monterey,water_systems_consulting_inc,NA
0129,santa_monica_basin_groundwater_sustainability_agency,water_systems_consulting_inc,NA
0130,ojai_basin_groundwater_management_agency,water_systems_consulting_inc,NA
0130,ojai_basin_groundwater_management_agency_gsa,water_systems_consulting_inc,NA
0131,santa_clarita_valley_groundwater_sustainability_agency,water_systems_consulting_inc,NA
0132,petaluma_valley_groundwater_sustainability_agency,water_systems_consulting_inc,NA
0133,atascadero_basin_groundwater_sustainability_agency,water_systems_consulting_inc,NA
0134,tehama_county_flood_control_and_water_conservation_district_groundwater_sustainability_agency_antelope,water_systems_consulting_inc,NA
0136,santa_rosa_plain_groundwater_sustainability_agency,water_systems_consulting_inc,NA
0137,tehama_county_flood_control_and_water_conservation_district_groundwater_sustainability_agency_bowman,water_systems_consulting_inc,NA
0138,bear_valley_basin_groundwater_sustainability_agency,water_systems_consulting_inc,NA
0139,tehama_county_flood_control_and_water_conservation_district_groundwater_sustainability_agency_los_molinos,water_systems_consulting_inc,NA
0140,tehama_county_flood_control_and_water_conservation_district_groundwater_sustainability_agency_red_bluff,water_systems_consulting_inc,NA
0144,western_municipal_water_district_groundwater_sustainability_agency_riverside_arlington,water_systems_consulting_inc,NA
0145,city_of_coalinga_groundwater_sustainability_agency,water_systems_consulting_inc,NA
0145,pleasant_valley_groundwater_sustainability_agency,water_systems_consulting_inc,NA
0149,spadra_basin_groundwater_sustainability_agency,water_systems_consulting_inc,NA
0150,arvin_groundwater_sustainability_agency,water_systems_consulting_inc,NA
0150,groundwater_sustainability_agency,water_systems_consulting_inc,NA
0150,tejon_castac_water_district_groundwater_sustainability_agency,water_systems_consulting_inc,NA
0150,wheeler_ridge_maricopa_groundwater_sustainability_agency,water_systems_consulting_inc,NA
0155,montecito_groundwater_basin,water_systems_consulting_inc,NA
0155,montecito_groundwater_basin_groundwater_sustainability_agency,water_systems_consulting_inc,NA
0156,arroyo_santa_rosa_basin_groundwater_sustainability_agency,water_systems_consulting_inc,NA
0156,arroyo_santa_rosa_groundwater_sustainability_agency,water_systems_consulting_inc,NA
0156,fox_canyon_groundwater_management_agency,water_systems_consulting_inc,NA
0156,groundwater_sustainability_agency,water_systems_consulting_inc,NA
0007,aliso_water_district_groundwater_sustainability_agency,environmental_science_associates,NA
0008,groundwater_sustainability_agency,environmental_science_associates,NA
0008,westlands_water_district_groundwater_sustainability_agency,environmental_science_associates,NA
0009,groundwater_sustainability_agency,environmental_science_associates,NA
0009,merced_irrigation_urban_groundwater_sustainability_agency,environmental_science_associates,NA
0009,merced_subbasin_groundwater_sustainability_agency,environmental_science_associates,NA
0009,miugsa,environmental_science_associates,NA
0009,turner_island_water_district_groundwater_sustainability_agency_merced,environmental_science_associates,NA
0011,mga,environmental_science_associates,NA
0011,santa_cruz_mid_county_groundwater_agency_gsa,environmental_science_associates,NA
0012,chowchilla_water_district_groundwater_sustainability_agency,environmental_science_associates,NA
0012,groundwater_sustainability_agency,environmental_science_associates,NA
0012,triangle_t_water_district_groundwater_sustainability_agency,environmental_science_associates,NA
0013,dm_ii_groundwater_sustainability_agency,environmental_science_associates,NA
0013,groundwater_sustainability_agency,environmental_science_associates,NA
0013,oro_loma_water_district_groundwater_sustainability_agency,environmental_science_associates,NA
0014,farmers_water_district_groundwater_sustainability_agency,environmental_science_associates,NA
0015,city_of_dos_palos_groundwater_sustainability_agency,environmental_science_associates,NA
0015,city_of_firebaugh_groundwater_sustainability_agency,environmental_science_associates,NA
0015,city_of_gustine_groundwater_sustainability_agency,environmental_science_associates,NA
0015,city_of_los_banos_groundwater_sustainability_agency,environmental_science_associates,NA
0015,city_of_mendota_groundwater_sustainability_agency,environmental_science_associates,NA
0015,city_of_newman_groundwater_sustainability_agency,environmental_science_associates,NA
0015,county_of_madera_groundwater_sustainability_agency_delta_mendota,environmental_science_associates,NA
0015,county_of_merced_groundwater_sustainability_agency_delta_mendota,environmental_science_associates,NA
0015,groundwater_sustainability_agency,environmental_science_associates,NA
0015,san_joaquin_river_exchange_contractors_groundwater_sustainability_agency,environmental_science_associates,NA
0015,turner_island_water_district_groundwater_sustainability_agency_delta_mendota,environmental_science_associates,NA
0016,fox_canyon_groundwater_management_agency,environmental_science_associates,NA
0016,fox_canyon_groundwater_management_agency_gsa_oxnard,environmental_science_associates,NA
0017,fox_canyon_groundwater_management_agency,environmental_science_associates,NA
0017,fox_canyon_groundwater_management_agency_gsa_pleasant_valley,environmental_science_associates,NA
0018,fox_canyon_groundwater_management_agency,environmental_science_associates,NA
0018,fox_canyon_groundwater_management_agency_gsa_las_posas_valley,environmental_science_associates,NA
0019,mound_basin_groundwater_sustainability_agency,environmental_science_associates,NA
0020,county_of_fresno_groundwater_sustainability_agency_delta_mendota_management_area_a,environmental_science_associates,NA
0020,county_of_fresno_groundwater_sustainability_agency_delta_mendota_management_area_b,environmental_science_associates,NA
0020,groundwater_sustainability_agency,environmental_science_associates,NA
0021,city_of_madera_groundwater_sustainability_agency,environmental_science_associates,NA
0021,county_of_madera_groundwater_sustainability_agency_madera,environmental_science_associates,NA
0021,groundwater_sustainability_agency,environmental_science_associates,NA
0021,madera_irrigation_district_groundwater_sustainability_agency,environmental_science_associates,NA
0021,madera_water_district_groundwater_sustainability_agency,environmental_science_associates,NA
0022,central_kings_groundwater_sustainability_agency,environmental_science_associates,NA
0023,kings_river_east_groundwater_sustainability_agency,environmental_science_associates,NA
0024,north_kings_groundwater_sustainability_agency,environmental_science_associates,NA
0025,north_fork_kings_groundwater_sustainability_agency,environmental_science_associates,NA
0026,south_kings_groundwater_sustainability_agency,environmental_science_associates,NA
0028,mcmullin_area_groundwater_sustainability_agency,environmental_science_associates,NA
0029,county_of_monterey_groundwater_sustainability_agency,environmental_science_associates,NA
0029,groundwater_sustainability_agency,environmental_science_associates,NA
0029,salinas_valley_basin_groundwater_sustainability_agency,environmental_science_associates,NA
0030,greater_kaweah_groundwater_sustainability_agency,environmental_science_associates,NA
0031,james_groundwater_sustainability_agency,environmental_science_associates,NA
0032,cuyama_basin_groundwater_sustainability_agency,environmental_science_associates,NA
0035,city_of_paso_robles_groundwater_sustainability_agency,environmental_science_associates,NA
0035,groundwater_sustainability_agency,environmental_science_associates,NA
0035,san_miguel_community_services_district_groundwater_sustainability_agency,environmental_science_associates,NA
0035,shandon_san_juan_groundwater_sustainability_agency,environmental_science_associates,NA
0036,groundwater_sustainability_agency,environmental_science_associates,NA
0036,kern_groundwater_authority,environmental_science_associates,NA
0036,kern_groundwater_authority_groundwater_sustainability_agency,environmental_science_associates,NA
0037,henry_miller_water_district_gsa,environmental_science_associates,NA
0038,county_of_merced_groundwater_sustainability_agency_delta_mendota,environmental_science_associates,NA
0038,grasslands_groundwater_sustainability_agency,environmental_science_associates,NA
0038,groundwater_sustainability_agency,environmental_science_associates,NA
0042,el_rico_groundwater_sustainability_agency,environmental_science_associates,NA
0042,groundwater_sustainability_agency,environmental_science_associates,NA
0042,mid_kings_river_groundwater_sustainability_agency,environmental_science_associates,NA
0042,sfkgsa,environmental_science_associates,NA
0042,south_fork_kings_groundwater_sustainability_agency,environmental_science_associates,NA
0042,southwest_kings_groundwater_sustainability_agency,environmental_science_associates,NA
0042,tri_county_water_authority_groundwater_sustainability_agency_tulare_lake,environmental_science_associates,NA
0043,eastern_tule_groundwater_sustainability_agency,environmental_science_associates,NA
0044,olcese_water_district_groundwater_sustainability_agency,environmental_science_associates,NA
0045,root_creek_water_district_groundwater_sustainability_agency,environmental_science_associates,NA
0047,central_delta_water_agency_groundwater_sustainability_agency,environmental_science_associates,NA
0047,central_san_joaquin_water_conservation_district_groundwater_sustainability_agency,environmental_science_associates,NA
0047,city_of_lodi_groundwater_sustainability_agency,environmental_science_associates,NA
0047,city_of_manteca_groundwater_sustainability_agency,environmental_science_associates,NA
0047,city_of_stockton_groundwater_sustainability_agency,environmental_science_associates,NA
0047,county_of_san_joaquin_groundwater_sustainability_agency_eastern_san_joaquin_1,environmental_science_associates,NA
0047,county_of_san_joaquin_groundwater_sustainability_agency_eastern_san_joaquin_2,environmental_science_associates,NA
0047,eastside_san_joaquin_groundwater_sustainability_agency,environmental_science_associates,NA
0047,groundwater_sustainability_agency,environmental_science_associates,NA
0047,linden_county_water_district_groundwater_sustainability_agency,environmental_science_associates,NA
0047,lockeford_community_service_district_groundwater_sustainability_agency,environmental_science_associates,NA
0047,north_san_joaquin_water_conservation_district_groundwater_sustainability_agency,environmental_science_associates,NA
0047,oakdale_irrigation_district_groundwater_sustainability_agency,environmental_science_associates,NA
0047,south_delta_water_agency_groundwater_sustainability_agency,environmental_science_associates,NA
0047,south_san_joaquin_groundwater_sustainability_agency,environmental_science_associates,NA
0047,stockton_east_water_district_groundwater_sustainability_agency,environmental_science_associates,NA
0047,woodbridge_irrigation_district_groundwater_sustainability_agency,environmental_science_associates,NA
0048,alpaugh_groundwater_sustainability_agency,environmental_science_associates,NA
0049,new_stone_water_district_groundwater_sustainability_agency,environmental_science_associates,NA
0050,mid_kaweah_groundwater_sustainability_agency,environmental_science_associates,NA
0050,mkgsa,environmental_science_associates,NA
0051,buena_vista_water_storage_district_gsa,environmental_science_associates,NA
0052,groundwater_sustainability_agency,environmental_science_associates,NA
0052,yuba_water_agency,environmental_science_associates,NA
0054,groundwater_sustainability_agency,environmental_science_associates,NA
0054,kern_river_groundwater_sustainability_agency,environmental_science_associates,NA
0056,lower_tule_river_irrigation_district_groundwater_sustainability_agency,environmental_science_associates,NA
0056,ltridgsa,environmental_science_associates,NA
0057,tri_county_water_authority_groundwater_sustainability_agency_tule,environmental_science_associates,NA
0058,east_kaweah_groundwater_sustainability_agency,environmental_science_associates,NA
0058,groundwater_sustainability_agency,environmental_science_associates,NA
0059,indian_wells_valley_groundwater_authority,environmental_science_associates,NA
0059,indian_wells_valley_groundwater_authority_groundwater_sustainability_agency,environmental_science_associates,NA
0061,gravelly_ford_water_district_groundwater_sustainability_agency,environmental_science_associates,NA
0063,delano_earlimart_irrigation_district_groundwater_sustainability_agency,environmental_science_associates,NA
0065,pixley_irrigation_district_groundwater_sustainability_agency,environmental_science_associates,NA
0067,castac_basin_gsa,environmental_science_associates,NA
0070,county_of_humboldt_groundwater_sustainability_agency,environmental_science_associates,NA
0071,west_san_jacinto_groundwater_sustainability_agency,environmental_science_associates,NA
0072,fillmore_and_piru_basins_groundwater_sustainability_agency_piru,environmental_science_associates,NA
0072,fpbgsa,environmental_science_associates,NA
0073,fillmore_and_piru_basins_groundwater_sustainability_agency_fillmore,environmental_science_associates,NA
0073,fpbgsa,environmental_science_associates,NA
0074,santa_margarita_groundwater_agency,environmental_science_associates,NA
0074,santa_margarita_groundwater_agency_gsa,environmental_science_associates,NA
0075,san_pasqual_valley_groundwater_sustainability_agency,environmental_science_associates,NA
0075,san_pasqual_valley_gsa,environmental_science_associates,NA
0076,pauma_valley_groundwater_sustainability_agency,environmental_science_associates,NA
0076,pvgsa,environmental_science_associates,NA
0077,upper_ventura_river_groundwater_agency,environmental_science_associates,NA
0077,upper_ventura_river_groundwater_agency_gsa,environmental_science_associates,NA
0078,santa_ynez_river_valley_basin_western_management_area_groundwater_sustainability_agency,environmental_science_associates,NA
0079,santa_ynez_river_valley_basin_central_management_area_groundwater_sustainability_agency,environmental_science_associates,NA
0080,santa_ynez_river_valley_basin_eastern_management_area_groundwater_sustainability_agency,environmental_science_associates,NA
0081,temescal_subbasin_groundwater_sustainability_agency,environmental_science_associates,NA
0082,enterprise_anderson_groundwater_sustainability_agency_enterprise,environmental_science_associates,NA
0083,enterprise_anderson_groundwater_sustainability_agency_anderson,environmental_science_associates,NA
0084,ukiah_valley_basin_groundwater_sustainability_agency,environmental_science_associates,NA
0084,ukiah_valley_basin_gsa,environmental_science_associates,NA
0085,county_of_tuolumne_groundwater_sustainability_agency,environmental_science_associates,NA
0085,groundwater_sustainability_agency,environmental_science_associates,NA
0085,stanislaus_and_tuolumne_rivers_groundwater_basin_association,environmental_science_associates,NA
0085,stanislaus_and_tuolumne_rivers_groundwater_basin_association_groundwater_sustainability_agency,environmental_science_associates,NA
0086,groundwater_sustainability_agency,environmental_science_associates,NA
0086,rock_creek_reclamation_district_groundwater_sustainability_agency,environmental_science_associates,NA
0086,vina_groundwater_sustainability_agency,environmental_science_associates,NA
0087,san_antonio_basin_groundwater_sustainability_agency,environmental_science_associates,NA
0088,siskiyou_county_flood_control_and_water_conservation_district_groundwater_sustainability_agency_butte_valley,environmental_science_associates,NA
0090,siskiyou_county_flood_control_and_water_conservation_district_groundwater_sustainability_agency_shasta,environmental_science_associates,NA
0091,city_of_hayward_groundwater_sustainability_agency,environmental_science_associates,NA
0091,east_bay_municipal_utility_district_groundwater_sustainability_agency,environmental_science_associates,NA
0091,groundwater_sustainability_agency,environmental_science_associates,NA
0092,cga,environmental_science_associates,NA
0092,colusa_groundwater_authority_groundwater_sustainability_agency_colusa,environmental_science_associates,NA
0092,glenn_groundwater_authority,environmental_science_associates,NA
0092,glenn_groundwater_authority_groundwater_sustainability_agency,environmental_science_associates,NA
0092,groundwater_sustainability_agency,environmental_science_associates,NA
0093,bedford_coldwater_subbasin_groundwater_sustainability_agency,environmental_science_associates,NA
0094,csgsa,environmental_science_associates,NA
0094,groundwater_sustainability_agency,environmental_science_associates,NA
0094,tehama_county_flood_control_and_water_conservation_district,environmental_science_associates,NA
0095,county_of_lassen_groundwater_sustainability_agency,environmental_science_associates,NA
0095,county_of_modoc_groundwater_sustainability_agency_big_valley,environmental_science_associates,NA
0095,groundwater_sustainability_agency,environmental_science_associates,NA
0096,yolo_subbasin_groundwater_sustainability_agency,environmental_science_associates,NA
0097,groundwater_sustainability_agency,environmental_science_associates,NA
0097,tulelake_irrigation_district_groundwater_sustainability_agency,environmental_science_associates,NA
0098,groundwater_sustainability_agency,environmental_science_associates,NA
0099,wyandotte_creek_groundwater_sustainability_agency,environmental_science_associates,NA
0100,county_of_sutter_groundwater_sustainability_agency_north_american,environmental_science_associates,NA
0100,groundwater_sustainability_agency,environmental_science_associates,NA
0100,reclamation_district_no_1001_groundwater_sustainability_agency,environmental_science_associates,NA
0100,sacramento_groundwater_authority,environmental_science_associates,NA
0100,sacramento_groundwater_authority_groundwater_sustainability_agency,environmental_science_associates,NA
0100,south_sutter_water_district_groundwater_sustainability_agency,environmental_science_associates,NA
0100,west_placer_groundwater_sustainability_agency,environmental_science_associates,NA
0101,sonoma_valley_groundwater_sustainability_agency,environmental_science_associates,NA
0103,owens_valley_groundwater_authority,environmental_science_associates,NA
0103,owens_valley_groundwater_authority_groundwater_sustainability_agency_owens_valley,environmental_science_associates,NA
0104,yucaipa_basin_groundwater_sustainability_agency,environmental_science_associates,NA
0105,groundwater_sustainability_agency,environmental_science_associates,NA
0105,san_benito_county_water_district_groundwater_sustainability_agency,environmental_science_associates,NA
0105,santa_clara_valley_water_district_groundwater_sustainability_agency_north_san_benito,environmental_science_associates,NA
0106,amador_county_groundwater_management_authority,environmental_science_associates,NA
0106,amador_county_groundwater_management_authority_groundwater_sustainability_agency,environmental_science_associates,NA
0106,city_of_galt_groundwater_sustainability_agency,environmental_science_associates,NA
0106,clay_water_district_groundwater_sustainability_agency,environmental_science_associates,NA
0106,galt_irrigation_district_groundwater_sustainability_agency,environmental_science_associates,NA
0106,groundwater_sustainability_agency,environmental_science_associates,NA
0106,omochumne_hartnell_water_district_groundwater_sustainability_agency_cosumnes,environmental_science_associates,NA
0106,sacramento_county_groundwater_sustainability_agency_cosumnes,environmental_science_associates,NA
0106,sloughhouse_resource_conservation_district_groundwater_sustainability_agency_cosumnes,environmental_science_associates,NA
0110,east_turlock_subbasin_groundwater_sustainability_agency,environmental_science_associates,NA
0110,groundwater_sustainability_agency,environmental_science_associates,NA
0110,west_turlock_subbasin_groundwater_sustainability_agency,environmental_science_associates,NA
0111,county_of_sacramento_groundwater_sustainability_agency_south_american,environmental_science_associates,NA
0111,groundwater_sustainability_agency,environmental_science_associates,NA
0111,omochumne_hartnell_water_district_groundwater_sustainability_agency_south_american,environmental_science_associates,NA
0111,reclamation_district_no_551_groundwater_sustainability_agency,environmental_science_associates,NA
0111,sacramento_central_groundwater_authority,environmental_science_associates,NA
0111,sacramento_central_groundwater_authority_groundwater_sustainability_agency_1,environmental_science_associates,NA
0112,butte_water_district_groundwater_sustainability_agency_sutter,environmental_science_associates,NA
0112,groundwater_sustainability_agency,environmental_science_associates,NA
0113,salinas_valley_basin_groundwater_sustainability_agency_langley_area,environmental_science_associates,NA
0113,svbgsa,environmental_science_associates,NA
0114,salinas_valley_basin_groundwater_sustainability_agency_east_side_aquifer,environmental_science_associates,NA
0115,salinas_valley_basin_groundwater_sustainability_agency_upper_valley_aquifer,environmental_science_associates,NA
0116,arroyo_seco_groundwater_sustainability_agency_1,environmental_science_associates,NA
0116,groundwater_sustainability_agency,environmental_science_associates,NA
0116,salinas_valley_basin_groundwater_sustainability_agency_forebay_aquifer,environmental_science_associates,NA
0117,city_of_vacaville_groundwater_sustainability_agency,environmental_science_associates,NA
0117,groundwater_sustainability_agency,environmental_science_associates,NA
0117,reclamation_district_no_2111_groundwater_sustainability_agency,environmental_science_associates,NA
0117,reclamation_district_no_317_groundwater_sustainability_agency,environmental_science_associates,NA
0117,reclamation_district_no_349_groundwater_sustainability_agency,environmental_science_associates,NA
0117,reclamation_district_no_3_groundwater_sustainability_agency,environmental_science_associates,NA
0117,reclamation_district_no_501_groundwater_sustainability_agency_northern_delta_groundwater_sustainability_agency,environmental_science_associates,NA
0117,reclamation_district_no_554_groundwater_sustainability_agency,environmental_science_associates,NA
0117,reclamation_district_no_556_groundwater_sustainability_agency,environmental_science_associates,NA
0117,sacramento_county_groundwater_sustainability_agency_solano,environmental_science_associates,NA
0117,solano_irrigation_district_groundwater_sustainability_agency,environmental_science_associates,NA
0117,solano_subbasin_groundwater_sustainability_agency,environmental_science_associates,NA
0118,city_of_san_luis_obispo_groundwater_sustainability_agency,environmental_science_associates,NA
0118,county_of_san_luis_obispo_groundwater_sustainability_agency_san_luis_obispo_valley,environmental_science_associates,NA
0118,groundwater_sustainability_agency,environmental_science_associates,NA
0119,elsinore_valley_groundwater_sustainability_agency,environmental_science_associates,NA
0120,byron_bethany_irrigation_district_groundwater_sustainability_agency_east_contra_costa,environmental_science_associates,NA
0120,city_of_antioch_groundwater_sustainability_agency,environmental_science_associates,NA
0120,city_of_brentwood_groundwater_sustainability_agency,environmental_science_associates,NA
0120,county_of_contra_costa_groundwater_sustainability_agency,environmental_science_associates,NA
0120,diablo_water_district_groundwater_sustainability_agency,environmental_science_associates,NA
0120,discovery_bay_community_services_district_groundwater_sustainability_agency,environmental_science_associates,NA
0120,east_contra_costa_irrigation_district_groundwater_sustainability_agency,environmental_science_associates,NA
0120,groundwater_sustainability_agency,environmental_science_associates,NA
0121,groundwater_sustainability_agency,environmental_science_associates,NA
0121,san_gorgonio_pass_groundwater_sustainability_agency,environmental_science_associates,NA
0121,verbenia_groundwater_sustainability_agency,environmental_science_associates,NA
0122,banta_carbona_irrigation_district_groundwater_sustainability_agency,environmental_science_associates,NA
0122,byron_bethany_irrigation_district_groundwater_sustainability_agency_tracy,environmental_science_associates,NA
0122,city_of_lathrop_groundwater_sustainability_agency,environmental_science_associates,NA
0122,city_of_tracy_groundwater_sustainability_agency,environmental_science_associates,NA
0122,county_of_san_joaquin_groundwater_sustainability_agency_tracy,environmental_science_associates,NA
0122,groundwater_sustainability_agency,environmental_science_associates,NA
0122,stewart_tract_groundwater_sustainability_agency,environmental_science_associates,NA
0123,white_wolf_groundwater_sustainability_agency,environmental_science_associates,NA
0124,county_of_napa_groundwater_sustainability_agency,environmental_science_associates,NA
0125,county_of_plumas_groundwater_sustainability_agency,environmental_science_associates,NA
0125,groundwater_sustainability_agency,environmental_science_associates,NA
0125,sierra_valley_groundwater_management_district,environmental_science_associates,NA
0125,sierra_valley_groundwater_management_district_groundwater_sustainability_agency,environmental_science_associates,NA
0127,big_valley_groundwater_sustainability_agency,environmental_science_associates,NA
0128,groundwater_sustainability_agency,environmental_science_associates,NA
0128,marina_coast_water_district_groundwater_sustainability_agency_monterey,environmental_science_associates,NA
0128,salinas_valley_basin_groundwater_sustainability_agency_monterey,environmental_science_associates,NA
0129,santa_monica_basin_groundwater_sustainability_agency,environmental_science_associates,NA
0130,ojai_basin_groundwater_management_agency,environmental_science_associates,NA
0130,ojai_basin_groundwater_management_agency_gsa,environmental_science_associates,NA
0131,santa_clarita_valley_groundwater_sustainability_agency,environmental_science_associates,1
0132,petaluma_valley_groundwater_sustainability_agency,environmental_science_associates,NA
0133,atascadero_basin_groundwater_sustainability_agency,environmental_science_associates,NA
0134,tehama_county_flood_control_and_water_conservation_district_groundwater_sustainability_agency_antelope,environmental_science_associates,NA
0136,santa_rosa_plain_groundwater_sustainability_agency,environmental_science_associates,NA
0137,tehama_county_flood_control_and_water_conservation_district_groundwater_sustainability_agency_bowman,environmental_science_associates,NA
0138,bear_valley_basin_groundwater_sustainability_agency,environmental_science_associates,NA
0139,tehama_county_flood_control_and_water_conservation_district_groundwater_sustainability_agency_los_molinos,environmental_science_associates,NA
0140,tehama_county_flood_control_and_water_conservation_district_groundwater_sustainability_agency_red_bluff,environmental_science_associates,NA
0144,western_municipal_water_district_groundwater_sustainability_agency_riverside_arlington,environmental_science_associates,NA
0145,city_of_coalinga_groundwater_sustainability_agency,environmental_science_associates,NA
0145,pleasant_valley_groundwater_sustainability_agency,environmental_science_associates,NA
0149,spadra_basin_groundwater_sustainability_agency,environmental_science_associates,NA
0150,arvin_groundwater_sustainability_agency,environmental_science_associates,NA
0150,groundwater_sustainability_agency,environmental_science_associates,NA
0150,tejon_castac_water_district_groundwater_sustainability_agency,environmental_science_associates,NA
0150,wheeler_ridge_maricopa_groundwater_sustainability_agency,environmental_science_associates,NA
0155,montecito_groundwater_basin,environmental_science_associates,NA
0155,montecito_groundwater_basin_groundwater_sustainability_agency,environmental_science_associates,NA
0156,arroyo_santa_rosa_basin_groundwater_sustainability_agency,environmental_science_associates,NA
0156,arroyo_santa_rosa_groundwater_sustainability_agency,environmental_science_associates,NA
0156,fox_canyon_groundwater_management_agency,environmental_science_associates,NA
0156,groundwater_sustainability_agency,environmental_science_associates,NA
0007,aliso_water_district_groundwater_sustainability_agency,west_yost_associates,NA
0008,groundwater_sustainability_agency,west_yost_associates,NA
0008,westlands_water_district_groundwater_sustainability_agency,west_yost_associates,NA
0009,groundwater_sustainability_agency,west_yost_associates,NA
0009,merced_irrigation_urban_groundwater_sustainability_agency,west_yost_associates,NA
0009,merced_subbasin_groundwater_sustainability_agency,west_yost_associates,NA
0009,miugsa,west_yost_associates,NA
0009,turner_island_water_district_groundwater_sustainability_agency_merced,west_yost_associates,NA
0011,mga,west_yost_associates,NA
0011,santa_cruz_mid_county_groundwater_agency_gsa,west_yost_associates,NA
0012,chowchilla_water_district_groundwater_sustainability_agency,west_yost_associates,NA
0012,groundwater_sustainability_agency,west_yost_associates,NA
0012,triangle_t_water_district_groundwater_sustainability_agency,west_yost_associates,NA
0013,dm_ii_groundwater_sustainability_agency,west_yost_associates,NA
0013,groundwater_sustainability_agency,west_yost_associates,NA
0013,oro_loma_water_district_groundwater_sustainability_agency,west_yost_associates,NA
0014,farmers_water_district_groundwater_sustainability_agency,west_yost_associates,NA
0015,city_of_dos_palos_groundwater_sustainability_agency,west_yost_associates,NA
0015,city_of_firebaugh_groundwater_sustainability_agency,west_yost_associates,NA
0015,city_of_gustine_groundwater_sustainability_agency,west_yost_associates,NA
0015,city_of_los_banos_groundwater_sustainability_agency,west_yost_associates,NA
0015,city_of_mendota_groundwater_sustainability_agency,west_yost_associates,NA
0015,city_of_newman_groundwater_sustainability_agency,west_yost_associates,NA
0015,county_of_madera_groundwater_sustainability_agency_delta_mendota,west_yost_associates,NA
0015,county_of_merced_groundwater_sustainability_agency_delta_mendota,west_yost_associates,NA
0015,groundwater_sustainability_agency,west_yost_associates,NA
0015,san_joaquin_river_exchange_contractors_groundwater_sustainability_agency,west_yost_associates,NA
0015,turner_island_water_district_groundwater_sustainability_agency_delta_mendota,west_yost_associates,NA
0016,fox_canyon_groundwater_management_agency,west_yost_associates,NA
0016,fox_canyon_groundwater_management_agency_gsa_oxnard,west_yost_associates,NA
0017,fox_canyon_groundwater_management_agency,west_yost_associates,NA
0017,fox_canyon_groundwater_management_agency_gsa_pleasant_valley,west_yost_associates,NA
0018,fox_canyon_groundwater_management_agency,west_yost_associates,NA
0018,fox_canyon_groundwater_management_agency_gsa_las_posas_valley,west_yost_associates,NA
0019,mound_basin_groundwater_sustainability_agency,west_yost_associates,NA
0020,county_of_fresno_groundwater_sustainability_agency_delta_mendota_management_area_a,west_yost_associates,NA
0020,county_of_fresno_groundwater_sustainability_agency_delta_mendota_management_area_b,west_yost_associates,NA
0020,groundwater_sustainability_agency,west_yost_associates,NA
0021,city_of_madera_groundwater_sustainability_agency,west_yost_associates,NA
0021,county_of_madera_groundwater_sustainability_agency_madera,west_yost_associates,NA
0021,groundwater_sustainability_agency,west_yost_associates,NA
0021,madera_irrigation_district_groundwater_sustainability_agency,west_yost_associates,NA
0021,madera_water_district_groundwater_sustainability_agency,west_yost_associates,NA
0022,central_kings_groundwater_sustainability_agency,west_yost_associates,NA
0023,kings_river_east_groundwater_sustainability_agency,west_yost_associates,NA
0024,north_kings_groundwater_sustainability_agency,west_yost_associates,NA
0025,north_fork_kings_groundwater_sustainability_agency,west_yost_associates,NA
0026,south_kings_groundwater_sustainability_agency,west_yost_associates,NA
0028,mcmullin_area_groundwater_sustainability_agency,west_yost_associates,NA
0029,county_of_monterey_groundwater_sustainability_agency,west_yost_associates,NA
0029,groundwater_sustainability_agency,west_yost_associates,NA
0029,salinas_valley_basin_groundwater_sustainability_agency,west_yost_associates,NA
0030,greater_kaweah_groundwater_sustainability_agency,west_yost_associates,NA
0031,james_groundwater_sustainability_agency,west_yost_associates,NA
0032,cuyama_basin_groundwater_sustainability_agency,west_yost_associates,NA
0035,city_of_paso_robles_groundwater_sustainability_agency,west_yost_associates,NA
0035,groundwater_sustainability_agency,west_yost_associates,NA
0035,san_miguel_community_services_district_groundwater_sustainability_agency,west_yost_associates,NA
0035,shandon_san_juan_groundwater_sustainability_agency,west_yost_associates,NA
0036,groundwater_sustainability_agency,west_yost_associates,NA
0036,kern_groundwater_authority,west_yost_associates,NA
0036,kern_groundwater_authority_groundwater_sustainability_agency,west_yost_associates,NA
0037,henry_miller_water_district_gsa,west_yost_associates,NA
0038,county_of_merced_groundwater_sustainability_agency_delta_mendota,west_yost_associates,NA
0038,grasslands_groundwater_sustainability_agency,west_yost_associates,NA
0038,groundwater_sustainability_agency,west_yost_associates,NA
0042,el_rico_groundwater_sustainability_agency,west_yost_associates,NA
0042,groundwater_sustainability_agency,west_yost_associates,NA
0042,mid_kings_river_groundwater_sustainability_agency,west_yost_associates,NA
0042,sfkgsa,west_yost_associates,NA
0042,south_fork_kings_groundwater_sustainability_agency,west_yost_associates,NA
0042,southwest_kings_groundwater_sustainability_agency,west_yost_associates,NA
0042,tri_county_water_authority_groundwater_sustainability_agency_tulare_lake,west_yost_associates,NA
0043,eastern_tule_groundwater_sustainability_agency,west_yost_associates,NA
0044,olcese_water_district_groundwater_sustainability_agency,west_yost_associates,NA
0045,root_creek_water_district_groundwater_sustainability_agency,west_yost_associates,NA
0047,central_delta_water_agency_groundwater_sustainability_agency,west_yost_associates,NA
0047,central_san_joaquin_water_conservation_district_groundwater_sustainability_agency,west_yost_associates,NA
0047,city_of_lodi_groundwater_sustainability_agency,west_yost_associates,NA
0047,city_of_manteca_groundwater_sustainability_agency,west_yost_associates,NA
0047,city_of_stockton_groundwater_sustainability_agency,west_yost_associates,NA
0047,county_of_san_joaquin_groundwater_sustainability_agency_eastern_san_joaquin_1,west_yost_associates,NA
0047,county_of_san_joaquin_groundwater_sustainability_agency_eastern_san_joaquin_2,west_yost_associates,NA
0047,eastside_san_joaquin_groundwater_sustainability_agency,west_yost_associates,NA
0047,groundwater_sustainability_agency,west_yost_associates,NA
0047,linden_county_water_district_groundwater_sustainability_agency,west_yost_associates,NA
0047,lockeford_community_service_district_groundwater_sustainability_agency,west_yost_associates,NA
0047,north_san_joaquin_water_conservation_district_groundwater_sustainability_agency,west_yost_associates,NA
0047,oakdale_irrigation_district_groundwater_sustainability_agency,west_yost_associates,NA
0047,south_delta_water_agency_groundwater_sustainability_agency,west_yost_associates,NA
0047,south_san_joaquin_groundwater_sustainability_agency,west_yost_associates,NA
0047,stockton_east_water_district_groundwater_sustainability_agency,west_yost_associates,NA
0047,woodbridge_irrigation_district_groundwater_sustainability_agency,west_yost_associates,NA
0048,alpaugh_groundwater_sustainability_agency,west_yost_associates,NA
0049,new_stone_water_district_groundwater_sustainability_agency,west_yost_associates,NA
0050,mid_kaweah_groundwater_sustainability_agency,west_yost_associates,NA
0050,mkgsa,west_yost_associates,NA
0051,buena_vista_water_storage_district_gsa,west_yost_associates,NA
0052,groundwater_sustainability_agency,west_yost_associates,NA
0052,yuba_water_agency,west_yost_associates,NA
0054,groundwater_sustainability_agency,west_yost_associates,NA
0054,kern_river_groundwater_sustainability_agency,west_yost_associates,NA
0056,lower_tule_river_irrigation_district_groundwater_sustainability_agency,west_yost_associates,NA
0056,ltridgsa,west_yost_associates,NA
0057,tri_county_water_authority_groundwater_sustainability_agency_tule,west_yost_associates,NA
0058,east_kaweah_groundwater_sustainability_agency,west_yost_associates,NA
0058,groundwater_sustainability_agency,west_yost_associates,NA
0059,indian_wells_valley_groundwater_authority,west_yost_associates,NA
0059,indian_wells_valley_groundwater_authority_groundwater_sustainability_agency,west_yost_associates,NA
0061,gravelly_ford_water_district_groundwater_sustainability_agency,west_yost_associates,NA
0063,delano_earlimart_irrigation_district_groundwater_sustainability_agency,west_yost_associates,NA
0065,pixley_irrigation_district_groundwater_sustainability_agency,west_yost_associates,NA
0067,castac_basin_gsa,west_yost_associates,NA
0070,county_of_humboldt_groundwater_sustainability_agency,west_yost_associates,NA
0071,west_san_jacinto_groundwater_sustainability_agency,west_yost_associates,NA
0072,fillmore_and_piru_basins_groundwater_sustainability_agency_piru,west_yost_associates,NA
0072,fpbgsa,west_yost_associates,NA
0073,fillmore_and_piru_basins_groundwater_sustainability_agency_fillmore,west_yost_associates,NA
0073,fpbgsa,west_yost_associates,NA
0074,santa_margarita_groundwater_agency,west_yost_associates,NA
0074,santa_margarita_groundwater_agency_gsa,west_yost_associates,NA
0075,san_pasqual_valley_groundwater_sustainability_agency,west_yost_associates,NA
0075,san_pasqual_valley_gsa,west_yost_associates,NA
0076,pauma_valley_groundwater_sustainability_agency,west_yost_associates,NA
0076,pvgsa,west_yost_associates,NA
0077,upper_ventura_river_groundwater_agency,west_yost_associates,NA
0077,upper_ventura_river_groundwater_agency_gsa,west_yost_associates,NA
0078,santa_ynez_river_valley_basin_western_management_area_groundwater_sustainability_agency,west_yost_associates,NA
0079,santa_ynez_river_valley_basin_central_management_area_groundwater_sustainability_agency,west_yost_associates,NA
0080,santa_ynez_river_valley_basin_eastern_management_area_groundwater_sustainability_agency,west_yost_associates,NA
0081,temescal_subbasin_groundwater_sustainability_agency,west_yost_associates,NA
0082,enterprise_anderson_groundwater_sustainability_agency_enterprise,west_yost_associates,NA
0083,enterprise_anderson_groundwater_sustainability_agency_anderson,west_yost_associates,NA
0084,ukiah_valley_basin_groundwater_sustainability_agency,west_yost_associates,NA
0084,ukiah_valley_basin_gsa,west_yost_associates,NA
0085,county_of_tuolumne_groundwater_sustainability_agency,west_yost_associates,NA
0085,groundwater_sustainability_agency,west_yost_associates,NA
0085,stanislaus_and_tuolumne_rivers_groundwater_basin_association,west_yost_associates,NA
0085,stanislaus_and_tuolumne_rivers_groundwater_basin_association_groundwater_sustainability_agency,west_yost_associates,NA
0086,groundwater_sustainability_agency,west_yost_associates,NA
0086,rock_creek_reclamation_district_groundwater_sustainability_agency,west_yost_associates,NA
0086,vina_groundwater_sustainability_agency,west_yost_associates,NA
0087,san_antonio_basin_groundwater_sustainability_agency,west_yost_associates,NA
0088,siskiyou_county_flood_control_and_water_conservation_district_groundwater_sustainability_agency_butte_valley,west_yost_associates,NA
0090,siskiyou_county_flood_control_and_water_conservation_district_groundwater_sustainability_agency_shasta,west_yost_associates,NA
0091,city_of_hayward_groundwater_sustainability_agency,west_yost_associates,NA
0091,east_bay_municipal_utility_district_groundwater_sustainability_agency,west_yost_associates,NA
0091,groundwater_sustainability_agency,west_yost_associates,NA
0092,cga,west_yost_associates,NA
0092,colusa_groundwater_authority_groundwater_sustainability_agency_colusa,west_yost_associates,NA
0092,glenn_groundwater_authority,west_yost_associates,NA
0092,glenn_groundwater_authority_groundwater_sustainability_agency,west_yost_associates,NA
0092,groundwater_sustainability_agency,west_yost_associates,NA
0093,bedford_coldwater_subbasin_groundwater_sustainability_agency,west_yost_associates,NA
0094,csgsa,west_yost_associates,NA
0094,groundwater_sustainability_agency,west_yost_associates,NA
0094,tehama_county_flood_control_and_water_conservation_district,west_yost_associates,NA
0095,county_of_lassen_groundwater_sustainability_agency,west_yost_associates,NA
0095,county_of_modoc_groundwater_sustainability_agency_big_valley,west_yost_associates,NA
0095,groundwater_sustainability_agency,west_yost_associates,NA
0096,yolo_subbasin_groundwater_sustainability_agency,west_yost_associates,NA
0097,groundwater_sustainability_agency,west_yost_associates,NA
0097,tulelake_irrigation_district_groundwater_sustainability_agency,west_yost_associates,NA
0098,groundwater_sustainability_agency,west_yost_associates,NA
0099,wyandotte_creek_groundwater_sustainability_agency,west_yost_associates,NA
0100,county_of_sutter_groundwater_sustainability_agency_north_american,west_yost_associates,NA
0100,groundwater_sustainability_agency,west_yost_associates,NA
0100,reclamation_district_no_1001_groundwater_sustainability_agency,west_yost_associates,NA
0100,sacramento_groundwater_authority,west_yost_associates,NA
0100,sacramento_groundwater_authority_groundwater_sustainability_agency,west_yost_associates,NA
0100,south_sutter_water_district_groundwater_sustainability_agency,west_yost_associates,NA
0100,west_placer_groundwater_sustainability_agency,west_yost_associates,NA
0101,sonoma_valley_groundwater_sustainability_agency,west_yost_associates,NA
0103,owens_valley_groundwater_authority,west_yost_associates,NA
0103,owens_valley_groundwater_authority_groundwater_sustainability_agency_owens_valley,west_yost_associates,NA
0104,yucaipa_basin_groundwater_sustainability_agency,west_yost_associates,NA
0105,groundwater_sustainability_agency,west_yost_associates,NA
0105,san_benito_county_water_district_groundwater_sustainability_agency,west_yost_associates,NA
0105,santa_clara_valley_water_district_groundwater_sustainability_agency_north_san_benito,west_yost_associates,NA
0106,amador_county_groundwater_management_authority,west_yost_associates,NA
0106,amador_county_groundwater_management_authority_groundwater_sustainability_agency,west_yost_associates,NA
0106,city_of_galt_groundwater_sustainability_agency,west_yost_associates,NA
0106,clay_water_district_groundwater_sustainability_agency,west_yost_associates,NA
0106,galt_irrigation_district_groundwater_sustainability_agency,west_yost_associates,NA
0106,groundwater_sustainability_agency,west_yost_associates,NA
0106,omochumne_hartnell_water_district_groundwater_sustainability_agency_cosumnes,west_yost_associates,NA
0106,sacramento_county_groundwater_sustainability_agency_cosumnes,west_yost_associates,NA
0106,sloughhouse_resource_conservation_district_groundwater_sustainability_agency_cosumnes,west_yost_associates,NA
0110,east_turlock_subbasin_groundwater_sustainability_agency,west_yost_associates,NA
0110,groundwater_sustainability_agency,west_yost_associates,NA
0110,west_turlock_subbasin_groundwater_sustainability_agency,west_yost_associates,NA
0111,county_of_sacramento_groundwater_sustainability_agency_south_american,west_yost_associates,NA
0111,groundwater_sustainability_agency,west_yost_associates,NA
0111,omochumne_hartnell_water_district_groundwater_sustainability_agency_south_american,west_yost_associates,NA
0111,reclamation_district_no_551_groundwater_sustainability_agency,west_yost_associates,NA
0111,sacramento_central_groundwater_authority,west_yost_associates,NA
0111,sacramento_central_groundwater_authority_groundwater_sustainability_agency_1,west_yost_associates,NA
0112,butte_water_district_groundwater_sustainability_agency_sutter,west_yost_associates,NA
0112,groundwater_sustainability_agency,west_yost_associates,NA
0113,salinas_valley_basin_groundwater_sustainability_agency_langley_area,west_yost_associates,NA
0113,svbgsa,west_yost_associates,NA
0114,salinas_valley_basin_groundwater_sustainability_agency_east_side_aquifer,west_yost_associates,NA
0115,salinas_valley_basin_groundwater_sustainability_agency_upper_valley_aquifer,west_yost_associates,NA
0116,arroyo_seco_groundwater_sustainability_agency_1,west_yost_associates,NA
0116,groundwater_sustainability_agency,west_yost_associates,NA
0116,salinas_valley_basin_groundwater_sustainability_agency_forebay_aquifer,west_yost_associates,NA
0117,city_of_vacaville_groundwater_sustainability_agency,west_yost_associates,NA
0117,groundwater_sustainability_agency,west_yost_associates,NA
0117,reclamation_district_no_2111_groundwater_sustainability_agency,west_yost_associates,NA
0117,reclamation_district_no_317_groundwater_sustainability_agency,west_yost_associates,NA
0117,reclamation_district_no_349_groundwater_sustainability_agency,west_yost_associates,NA
0117,reclamation_district_no_3_groundwater_sustainability_agency,west_yost_associates,NA
0117,reclamation_district_no_501_groundwater_sustainability_agency_northern_delta_groundwater_sustainability_agency,west_yost_associates,NA
0117,reclamation_district_no_554_groundwater_sustainability_agency,west_yost_associates,NA
0117,reclamation_district_no_556_groundwater_sustainability_agency,west_yost_associates,NA
0117,sacramento_county_groundwater_sustainability_agency_solano,west_yost_associates,NA
0117,solano_irrigation_district_groundwater_sustainability_agency,west_yost_associates,NA
0117,solano_subbasin_groundwater_sustainability_agency,west_yost_associates,NA
0118,city_of_san_luis_obispo_groundwater_sustainability_agency,west_yost_associates,NA
0118,county_of_san_luis_obispo_groundwater_sustainability_agency_san_luis_obispo_valley,west_yost_associates,NA
0118,groundwater_sustainability_agency,west_yost_associates,NA
0119,elsinore_valley_groundwater_sustainability_agency,west_yost_associates,NA
0120,byron_bethany_irrigation_district_groundwater_sustainability_agency_east_contra_costa,west_yost_associates,NA
0120,city_of_antioch_groundwater_sustainability_agency,west_yost_associates,NA
0120,city_of_brentwood_groundwater_sustainability_agency,west_yost_associates,NA
0120,county_of_contra_costa_groundwater_sustainability_agency,west_yost_associates,NA
0120,diablo_water_district_groundwater_sustainability_agency,west_yost_associates,NA
0120,discovery_bay_community_services_district_groundwater_sustainability_agency,west_yost_associates,NA
0120,east_contra_costa_irrigation_district_groundwater_sustainability_agency,west_yost_associates,NA
0120,groundwater_sustainability_agency,west_yost_associates,NA
0121,groundwater_sustainability_agency,west_yost_associates,NA
0121,san_gorgonio_pass_groundwater_sustainability_agency,west_yost_associates,NA
0121,verbenia_groundwater_sustainability_agency,west_yost_associates,NA
0122,banta_carbona_irrigation_district_groundwater_sustainability_agency,west_yost_associates,NA
0122,byron_bethany_irrigation_district_groundwater_sustainability_agency_tracy,west_yost_associates,NA
0122,city_of_lathrop_groundwater_sustainability_agency,west_yost_associates,NA
0122,city_of_tracy_groundwater_sustainability_agency,west_yost_associates,NA
0122,county_of_san_joaquin_groundwater_sustainability_agency_tracy,west_yost_associates,NA
0122,groundwater_sustainability_agency,west_yost_associates,NA
0122,stewart_tract_groundwater_sustainability_agency,west_yost_associates,NA
0123,white_wolf_groundwater_sustainability_agency,west_yost_associates,NA
0124,county_of_napa_groundwater_sustainability_agency,west_yost_associates,NA
0125,county_of_plumas_groundwater_sustainability_agency,west_yost_associates,NA
0125,groundwater_sustainability_agency,west_yost_associates,NA
0125,sierra_valley_groundwater_management_district,west_yost_associates,NA
0125,sierra_valley_groundwater_management_district_groundwater_sustainability_agency,west_yost_associates,NA
0127,big_valley_groundwater_sustainability_agency,west_yost_associates,NA
0128,groundwater_sustainability_agency,west_yost_associates,NA
0128,marina_coast_water_district_groundwater_sustainability_agency_monterey,west_yost_associates,NA
0128,salinas_valley_basin_groundwater_sustainability_agency_monterey,west_yost_associates,NA
0129,santa_monica_basin_groundwater_sustainability_agency,west_yost_associates,NA
0130,ojai_basin_groundwater_management_agency,west_yost_associates,NA
0130,ojai_basin_groundwater_management_agency_gsa,west_yost_associates,NA
0131,santa_clarita_valley_groundwater_sustainability_agency,west_yost_associates,NA
0132,petaluma_valley_groundwater_sustainability_agency,west_yost_associates,NA
0133,atascadero_basin_groundwater_sustainability_agency,west_yost_associates,NA
0134,tehama_county_flood_control_and_water_conservation_district_groundwater_sustainability_agency_antelope,west_yost_associates,NA
0136,santa_rosa_plain_groundwater_sustainability_agency,west_yost_associates,1
0137,tehama_county_flood_control_and_water_conservation_district_groundwater_sustainability_agency_bowman,west_yost_associates,NA
0138,bear_valley_basin_groundwater_sustainability_agency,west_yost_associates,NA
0139,tehama_county_flood_control_and_water_conservation_district_groundwater_sustainability_agency_los_molinos,west_yost_associates,NA
0140,tehama_county_flood_control_and_water_conservation_district_groundwater_sustainability_agency_red_bluff,west_yost_associates,NA
0144,western_municipal_water_district_groundwater_sustainability_agency_riverside_arlington,west_yost_associates,NA
0145,city_of_coalinga_groundwater_sustainability_agency,west_yost_associates,NA
0145,pleasant_valley_groundwater_sustainability_agency,west_yost_associates,NA
0149,spadra_basin_groundwater_sustainability_agency,west_yost_associates,NA
0150,arvin_groundwater_sustainability_agency,west_yost_associates,NA
0150,groundwater_sustainability_agency,west_yost_associates,NA
0150,tejon_castac_water_district_groundwater_sustainability_agency,west_yost_associates,NA
0150,wheeler_ridge_maricopa_groundwater_sustainability_agency,west_yost_associates,NA
0155,montecito_groundwater_basin,west_yost_associates,NA
0155,montecito_groundwater_basin_groundwater_sustainability_agency,west_yost_associates,NA
0156,arroyo_santa_rosa_basin_groundwater_sustainability_agency,west_yost_associates,NA
0156,arroyo_santa_rosa_groundwater_sustainability_agency,west_yost_associates,NA
0156,fox_canyon_groundwater_management_agency,west_yost_associates,NA
0156,groundwater_sustainability_agency,west_yost_associates,NA
0007,aliso_water_district_groundwater_sustainability_agency,wildermuth_environmental_inc,NA
0008,groundwater_sustainability_agency,wildermuth_environmental_inc,NA
0008,westlands_water_district_groundwater_sustainability_agency,wildermuth_environmental_inc,NA
0009,groundwater_sustainability_agency,wildermuth_environmental_inc,NA
0009,merced_irrigation_urban_groundwater_sustainability_agency,wildermuth_environmental_inc,NA
0009,merced_subbasin_groundwater_sustainability_agency,wildermuth_environmental_inc,NA
0009,miugsa,wildermuth_environmental_inc,NA
0009,turner_island_water_district_groundwater_sustainability_agency_merced,wildermuth_environmental_inc,NA
0011,mga,wildermuth_environmental_inc,NA
0011,santa_cruz_mid_county_groundwater_agency_gsa,wildermuth_environmental_inc,NA
0012,chowchilla_water_district_groundwater_sustainability_agency,wildermuth_environmental_inc,NA
0012,groundwater_sustainability_agency,wildermuth_environmental_inc,NA
0012,triangle_t_water_district_groundwater_sustainability_agency,wildermuth_environmental_inc,NA
0013,dm_ii_groundwater_sustainability_agency,wildermuth_environmental_inc,NA
0013,groundwater_sustainability_agency,wildermuth_environmental_inc,NA
0013,oro_loma_water_district_groundwater_sustainability_agency,wildermuth_environmental_inc,NA
0014,farmers_water_district_groundwater_sustainability_agency,wildermuth_environmental_inc,NA
0015,city_of_dos_palos_groundwater_sustainability_agency,wildermuth_environmental_inc,NA
0015,city_of_firebaugh_groundwater_sustainability_agency,wildermuth_environmental_inc,NA
0015,city_of_gustine_groundwater_sustainability_agency,wildermuth_environmental_inc,NA
0015,city_of_los_banos_groundwater_sustainability_agency,wildermuth_environmental_inc,NA
0015,city_of_mendota_groundwater_sustainability_agency,wildermuth_environmental_inc,NA
0015,city_of_newman_groundwater_sustainability_agency,wildermuth_environmental_inc,NA
0015,county_of_madera_groundwater_sustainability_agency_delta_mendota,wildermuth_environmental_inc,NA
0015,county_of_merced_groundwater_sustainability_agency_delta_mendota,wildermuth_environmental_inc,NA
0015,groundwater_sustainability_agency,wildermuth_environmental_inc,NA
0015,san_joaquin_river_exchange_contractors_groundwater_sustainability_agency,wildermuth_environmental_inc,NA
0015,turner_island_water_district_groundwater_sustainability_agency_delta_mendota,wildermuth_environmental_inc,NA
0016,fox_canyon_groundwater_management_agency,wildermuth_environmental_inc,NA
0016,fox_canyon_groundwater_management_agency_gsa_oxnard,wildermuth_environmental_inc,NA
0017,fox_canyon_groundwater_management_agency,wildermuth_environmental_inc,NA
0017,fox_canyon_groundwater_management_agency_gsa_pleasant_valley,wildermuth_environmental_inc,NA
0018,fox_canyon_groundwater_management_agency,wildermuth_environmental_inc,NA
0018,fox_canyon_groundwater_management_agency_gsa_las_posas_valley,wildermuth_environmental_inc,NA
0019,mound_basin_groundwater_sustainability_agency,wildermuth_environmental_inc,NA
0020,county_of_fresno_groundwater_sustainability_agency_delta_mendota_management_area_a,wildermuth_environmental_inc,NA
0020,county_of_fresno_groundwater_sustainability_agency_delta_mendota_management_area_b,wildermuth_environmental_inc,NA
0020,groundwater_sustainability_agency,wildermuth_environmental_inc,NA
0021,city_of_madera_groundwater_sustainability_agency,wildermuth_environmental_inc,NA
0021,county_of_madera_groundwater_sustainability_agency_madera,wildermuth_environmental_inc,NA
0021,groundwater_sustainability_agency,wildermuth_environmental_inc,NA
0021,madera_irrigation_district_groundwater_sustainability_agency,wildermuth_environmental_inc,NA
0021,madera_water_district_groundwater_sustainability_agency,wildermuth_environmental_inc,NA
0022,central_kings_groundwater_sustainability_agency,wildermuth_environmental_inc,NA
0023,kings_river_east_groundwater_sustainability_agency,wildermuth_environmental_inc,NA
0024,north_kings_groundwater_sustainability_agency,wildermuth_environmental_inc,NA
0025,north_fork_kings_groundwater_sustainability_agency,wildermuth_environmental_inc,NA
0026,south_kings_groundwater_sustainability_agency,wildermuth_environmental_inc,NA
0028,mcmullin_area_groundwater_sustainability_agency,wildermuth_environmental_inc,NA
0029,county_of_monterey_groundwater_sustainability_agency,wildermuth_environmental_inc,NA
0029,groundwater_sustainability_agency,wildermuth_environmental_inc,NA
0029,salinas_valley_basin_groundwater_sustainability_agency,wildermuth_environmental_inc,NA
0030,greater_kaweah_groundwater_sustainability_agency,wildermuth_environmental_inc,NA
0031,james_groundwater_sustainability_agency,wildermuth_environmental_inc,NA
0032,cuyama_basin_groundwater_sustainability_agency,wildermuth_environmental_inc,NA
0035,city_of_paso_robles_groundwater_sustainability_agency,wildermuth_environmental_inc,NA
0035,groundwater_sustainability_agency,wildermuth_environmental_inc,NA
0035,san_miguel_community_services_district_groundwater_sustainability_agency,wildermuth_environmental_inc,NA
0035,shandon_san_juan_groundwater_sustainability_agency,wildermuth_environmental_inc,NA
0036,groundwater_sustainability_agency,wildermuth_environmental_inc,NA
0036,kern_groundwater_authority,wildermuth_environmental_inc,NA
0036,kern_groundwater_authority_groundwater_sustainability_agency,wildermuth_environmental_inc,NA
0037,henry_miller_water_district_gsa,wildermuth_environmental_inc,NA
0038,county_of_merced_groundwater_sustainability_agency_delta_mendota,wildermuth_environmental_inc,NA
0038,grasslands_groundwater_sustainability_agency,wildermuth_environmental_inc,NA
0038,groundwater_sustainability_agency,wildermuth_environmental_inc,NA
0042,el_rico_groundwater_sustainability_agency,wildermuth_environmental_inc,NA
0042,groundwater_sustainability_agency,wildermuth_environmental_inc,NA
0042,mid_kings_river_groundwater_sustainability_agency,wildermuth_environmental_inc,NA
0042,sfkgsa,wildermuth_environmental_inc,NA
0042,south_fork_kings_groundwater_sustainability_agency,wildermuth_environmental_inc,NA
0042,southwest_kings_groundwater_sustainability_agency,wildermuth_environmental_inc,NA
0042,tri_county_water_authority_groundwater_sustainability_agency_tulare_lake,wildermuth_environmental_inc,NA
0043,eastern_tule_groundwater_sustainability_agency,wildermuth_environmental_inc,NA
0044,olcese_water_district_groundwater_sustainability_agency,wildermuth_environmental_inc,NA
0045,root_creek_water_district_groundwater_sustainability_agency,wildermuth_environmental_inc,NA
0047,central_delta_water_agency_groundwater_sustainability_agency,wildermuth_environmental_inc,NA
0047,central_san_joaquin_water_conservation_district_groundwater_sustainability_agency,wildermuth_environmental_inc,NA
0047,city_of_lodi_groundwater_sustainability_agency,wildermuth_environmental_inc,NA
0047,city_of_manteca_groundwater_sustainability_agency,wildermuth_environmental_inc,NA
0047,city_of_stockton_groundwater_sustainability_agency,wildermuth_environmental_inc,NA
0047,county_of_san_joaquin_groundwater_sustainability_agency_eastern_san_joaquin_1,wildermuth_environmental_inc,NA
0047,county_of_san_joaquin_groundwater_sustainability_agency_eastern_san_joaquin_2,wildermuth_environmental_inc,NA
0047,eastside_san_joaquin_groundwater_sustainability_agency,wildermuth_environmental_inc,NA
0047,groundwater_sustainability_agency,wildermuth_environmental_inc,NA
0047,linden_county_water_district_groundwater_sustainability_agency,wildermuth_environmental_inc,NA
0047,lockeford_community_service_district_groundwater_sustainability_agency,wildermuth_environmental_inc,NA
0047,north_san_joaquin_water_conservation_district_groundwater_sustainability_agency,wildermuth_environmental_inc,NA
0047,oakdale_irrigation_district_groundwater_sustainability_agency,wildermuth_environmental_inc,NA
0047,south_delta_water_agency_groundwater_sustainability_agency,wildermuth_environmental_inc,NA
0047,south_san_joaquin_groundwater_sustainability_agency,wildermuth_environmental_inc,NA
0047,stockton_east_water_district_groundwater_sustainability_agency,wildermuth_environmental_inc,NA
0047,woodbridge_irrigation_district_groundwater_sustainability_agency,wildermuth_environmental_inc,NA
0048,alpaugh_groundwater_sustainability_agency,wildermuth_environmental_inc,NA
0049,new_stone_water_district_groundwater_sustainability_agency,wildermuth_environmental_inc,NA
0050,mid_kaweah_groundwater_sustainability_agency,wildermuth_environmental_inc,NA
0050,mkgsa,wildermuth_environmental_inc,NA
0051,buena_vista_water_storage_district_gsa,wildermuth_environmental_inc,NA
0052,groundwater_sustainability_agency,wildermuth_environmental_inc,NA
0052,yuba_water_agency,wildermuth_environmental_inc,NA
0054,groundwater_sustainability_agency,wildermuth_environmental_inc,NA
0054,kern_river_groundwater_sustainability_agency,wildermuth_environmental_inc,NA
0056,lower_tule_river_irrigation_district_groundwater_sustainability_agency,wildermuth_environmental_inc,NA
0056,ltridgsa,wildermuth_environmental_inc,NA
0057,tri_county_water_authority_groundwater_sustainability_agency_tule,wildermuth_environmental_inc,NA
0058,east_kaweah_groundwater_sustainability_agency,wildermuth_environmental_inc,NA
0058,groundwater_sustainability_agency,wildermuth_environmental_inc,NA
0059,indian_wells_valley_groundwater_authority,wildermuth_environmental_inc,NA
0059,indian_wells_valley_groundwater_authority_groundwater_sustainability_agency,wildermuth_environmental_inc,NA
0061,gravelly_ford_water_district_groundwater_sustainability_agency,wildermuth_environmental_inc,NA
0063,delano_earlimart_irrigation_district_groundwater_sustainability_agency,wildermuth_environmental_inc,NA
0065,pixley_irrigation_district_groundwater_sustainability_agency,wildermuth_environmental_inc,NA
0067,castac_basin_gsa,wildermuth_environmental_inc,NA
0070,county_of_humboldt_groundwater_sustainability_agency,wildermuth_environmental_inc,NA
0071,west_san_jacinto_groundwater_sustainability_agency,wildermuth_environmental_inc,NA
0072,fillmore_and_piru_basins_groundwater_sustainability_agency_piru,wildermuth_environmental_inc,NA
0072,fpbgsa,wildermuth_environmental_inc,NA
0073,fillmore_and_piru_basins_groundwater_sustainability_agency_fillmore,wildermuth_environmental_inc,NA
0073,fpbgsa,wildermuth_environmental_inc,NA
0074,santa_margarita_groundwater_agency,wildermuth_environmental_inc,NA
0074,santa_margarita_groundwater_agency_gsa,wildermuth_environmental_inc,NA
0075,san_pasqual_valley_groundwater_sustainability_agency,wildermuth_environmental_inc,NA
0075,san_pasqual_valley_gsa,wildermuth_environmental_inc,NA
0076,pauma_valley_groundwater_sustainability_agency,wildermuth_environmental_inc,NA
0076,pvgsa,wildermuth_environmental_inc,NA
0077,upper_ventura_river_groundwater_agency,wildermuth_environmental_inc,NA
0077,upper_ventura_river_groundwater_agency_gsa,wildermuth_environmental_inc,NA
0078,santa_ynez_river_valley_basin_western_management_area_groundwater_sustainability_agency,wildermuth_environmental_inc,NA
0079,santa_ynez_river_valley_basin_central_management_area_groundwater_sustainability_agency,wildermuth_environmental_inc,NA
0080,santa_ynez_river_valley_basin_eastern_management_area_groundwater_sustainability_agency,wildermuth_environmental_inc,NA
0081,temescal_subbasin_groundwater_sustainability_agency,wildermuth_environmental_inc,NA
0082,enterprise_anderson_groundwater_sustainability_agency_enterprise,wildermuth_environmental_inc,NA
0083,enterprise_anderson_groundwater_sustainability_agency_anderson,wildermuth_environmental_inc,NA
0084,ukiah_valley_basin_groundwater_sustainability_agency,wildermuth_environmental_inc,NA
0084,ukiah_valley_basin_gsa,wildermuth_environmental_inc,NA
0085,county_of_tuolumne_groundwater_sustainability_agency,wildermuth_environmental_inc,NA
0085,groundwater_sustainability_agency,wildermuth_environmental_inc,NA
0085,stanislaus_and_tuolumne_rivers_groundwater_basin_association,wildermuth_environmental_inc,NA
0085,stanislaus_and_tuolumne_rivers_groundwater_basin_association_groundwater_sustainability_agency,wildermuth_environmental_inc,NA
0086,groundwater_sustainability_agency,wildermuth_environmental_inc,NA
0086,rock_creek_reclamation_district_groundwater_sustainability_agency,wildermuth_environmental_inc,NA
0086,vina_groundwater_sustainability_agency,wildermuth_environmental_inc,NA
0087,san_antonio_basin_groundwater_sustainability_agency,wildermuth_environmental_inc,NA
0088,siskiyou_county_flood_control_and_water_conservation_district_groundwater_sustainability_agency_butte_valley,wildermuth_environmental_inc,NA
0090,siskiyou_county_flood_control_and_water_conservation_district_groundwater_sustainability_agency_shasta,wildermuth_environmental_inc,NA
0091,city_of_hayward_groundwater_sustainability_agency,wildermuth_environmental_inc,NA
0091,east_bay_municipal_utility_district_groundwater_sustainability_agency,wildermuth_environmental_inc,NA
0091,groundwater_sustainability_agency,wildermuth_environmental_inc,NA
0092,cga,wildermuth_environmental_inc,NA
0092,colusa_groundwater_authority_groundwater_sustainability_agency_colusa,wildermuth_environmental_inc,NA
0092,glenn_groundwater_authority,wildermuth_environmental_inc,NA
0092,glenn_groundwater_authority_groundwater_sustainability_agency,wildermuth_environmental_inc,NA
0092,groundwater_sustainability_agency,wildermuth_environmental_inc,NA
0093,bedford_coldwater_subbasin_groundwater_sustainability_agency,wildermuth_environmental_inc,NA
0094,csgsa,wildermuth_environmental_inc,NA
0094,groundwater_sustainability_agency,wildermuth_environmental_inc,NA
0094,tehama_county_flood_control_and_water_conservation_district,wildermuth_environmental_inc,NA
0095,county_of_lassen_groundwater_sustainability_agency,wildermuth_environmental_inc,NA
0095,county_of_modoc_groundwater_sustainability_agency_big_valley,wildermuth_environmental_inc,NA
0095,groundwater_sustainability_agency,wildermuth_environmental_inc,NA
0096,yolo_subbasin_groundwater_sustainability_agency,wildermuth_environmental_inc,NA
0097,groundwater_sustainability_agency,wildermuth_environmental_inc,NA
0097,tulelake_irrigation_district_groundwater_sustainability_agency,wildermuth_environmental_inc,NA
0098,groundwater_sustainability_agency,wildermuth_environmental_inc,NA
0099,wyandotte_creek_groundwater_sustainability_agency,wildermuth_environmental_inc,NA
0100,county_of_sutter_groundwater_sustainability_agency_north_american,wildermuth_environmental_inc,NA
0100,groundwater_sustainability_agency,wildermuth_environmental_inc,NA
0100,reclamation_district_no_1001_groundwater_sustainability_agency,wildermuth_environmental_inc,NA
0100,sacramento_groundwater_authority,wildermuth_environmental_inc,NA
0100,sacramento_groundwater_authority_groundwater_sustainability_agency,wildermuth_environmental_inc,NA
0100,south_sutter_water_district_groundwater_sustainability_agency,wildermuth_environmental_inc,NA
0100,west_placer_groundwater_sustainability_agency,wildermuth_environmental_inc,NA
0101,sonoma_valley_groundwater_sustainability_agency,wildermuth_environmental_inc,NA
0103,owens_valley_groundwater_authority,wildermuth_environmental_inc,NA
0103,owens_valley_groundwater_authority_groundwater_sustainability_agency_owens_valley,wildermuth_environmental_inc,NA
0104,yucaipa_basin_groundwater_sustainability_agency,wildermuth_environmental_inc,NA
0105,groundwater_sustainability_agency,wildermuth_environmental_inc,NA
0105,san_benito_county_water_district_groundwater_sustainability_agency,wildermuth_environmental_inc,NA
0105,santa_clara_valley_water_district_groundwater_sustainability_agency_north_san_benito,wildermuth_environmental_inc,NA
0106,amador_county_groundwater_management_authority,wildermuth_environmental_inc,NA
0106,amador_county_groundwater_management_authority_groundwater_sustainability_agency,wildermuth_environmental_inc,NA
0106,city_of_galt_groundwater_sustainability_agency,wildermuth_environmental_inc,NA
0106,clay_water_district_groundwater_sustainability_agency,wildermuth_environmental_inc,NA
0106,galt_irrigation_district_groundwater_sustainability_agency,wildermuth_environmental_inc,NA
0106,groundwater_sustainability_agency,wildermuth_environmental_inc,NA
0106,omochumne_hartnell_water_district_groundwater_sustainability_agency_cosumnes,wildermuth_environmental_inc,NA
0106,sacramento_county_groundwater_sustainability_agency_cosumnes,wildermuth_environmental_inc,NA
0106,sloughhouse_resource_conservation_district_groundwater_sustainability_agency_cosumnes,wildermuth_environmental_inc,NA
0110,east_turlock_subbasin_groundwater_sustainability_agency,wildermuth_environmental_inc,NA
0110,groundwater_sustainability_agency,wildermuth_environmental_inc,NA
0110,west_turlock_subbasin_groundwater_sustainability_agency,wildermuth_environmental_inc,NA
0111,county_of_sacramento_groundwater_sustainability_agency_south_american,wildermuth_environmental_inc,NA
0111,groundwater_sustainability_agency,wildermuth_environmental_inc,NA
0111,omochumne_hartnell_water_district_groundwater_sustainability_agency_south_american,wildermuth_environmental_inc,NA
0111,reclamation_district_no_551_groundwater_sustainability_agency,wildermuth_environmental_inc,NA
0111,sacramento_central_groundwater_authority,wildermuth_environmental_inc,NA
0111,sacramento_central_groundwater_authority_groundwater_sustainability_agency_1,wildermuth_environmental_inc,NA
0112,butte_water_district_groundwater_sustainability_agency_sutter,wildermuth_environmental_inc,NA
0112,groundwater_sustainability_agency,wildermuth_environmental_inc,NA
0113,salinas_valley_basin_groundwater_sustainability_agency_langley_area,wildermuth_environmental_inc,NA
0113,svbgsa,wildermuth_environmental_inc,NA
0114,salinas_valley_basin_groundwater_sustainability_agency_east_side_aquifer,wildermuth_environmental_inc,NA
0115,salinas_valley_basin_groundwater_sustainability_agency_upper_valley_aquifer,wildermuth_environmental_inc,NA
0116,arroyo_seco_groundwater_sustainability_agency_1,wildermuth_environmental_inc,NA
0116,groundwater_sustainability_agency,wildermuth_environmental_inc,NA
0116,salinas_valley_basin_groundwater_sustainability_agency_forebay_aquifer,wildermuth_environmental_inc,NA
0117,city_of_vacaville_groundwater_sustainability_agency,wildermuth_environmental_inc,NA
0117,groundwater_sustainability_agency,wildermuth_environmental_inc,NA
0117,reclamation_district_no_2111_groundwater_sustainability_agency,wildermuth_environmental_inc,NA
0117,reclamation_district_no_317_groundwater_sustainability_agency,wildermuth_environmental_inc,NA
0117,reclamation_district_no_349_groundwater_sustainability_agency,wildermuth_environmental_inc,NA
0117,reclamation_district_no_3_groundwater_sustainability_agency,wildermuth_environmental_inc,NA
0117,reclamation_district_no_501_groundwater_sustainability_agency_northern_delta_groundwater_sustainability_agency,wildermuth_environmental_inc,NA
0117,reclamation_district_no_554_groundwater_sustainability_agency,wildermuth_environmental_inc,NA
0117,reclamation_district_no_556_groundwater_sustainability_agency,wildermuth_environmental_inc,NA
0117,sacramento_county_groundwater_sustainability_agency_solano,wildermuth_environmental_inc,NA
0117,solano_irrigation_district_groundwater_sustainability_agency,wildermuth_environmental_inc,NA
0117,solano_subbasin_groundwater_sustainability_agency,wildermuth_environmental_inc,NA
0118,city_of_san_luis_obispo_groundwater_sustainability_agency,wildermuth_environmental_inc,NA
0118,county_of_san_luis_obispo_groundwater_sustainability_agency_san_luis_obispo_valley,wildermuth_environmental_inc,NA
0118,groundwater_sustainability_agency,wildermuth_environmental_inc,NA
0119,elsinore_valley_groundwater_sustainability_agency,wildermuth_environmental_inc,NA
0120,byron_bethany_irrigation_district_groundwater_sustainability_agency_east_contra_costa,wildermuth_environmental_inc,NA
0120,city_of_antioch_groundwater_sustainability_agency,wildermuth_environmental_inc,NA
0120,city_of_brentwood_groundwater_sustainability_agency,wildermuth_environmental_inc,NA
0120,county_of_contra_costa_groundwater_sustainability_agency,wildermuth_environmental_inc,NA
0120,diablo_water_district_groundwater_sustainability_agency,wildermuth_environmental_inc,NA
0120,discovery_bay_community_services_district_groundwater_sustainability_agency,wildermuth_environmental_inc,NA
0120,east_contra_costa_irrigation_district_groundwater_sustainability_agency,wildermuth_environmental_inc,NA
0120,groundwater_sustainability_agency,wildermuth_environmental_inc,NA
0121,groundwater_sustainability_agency,wildermuth_environmental_inc,NA
0121,san_gorgonio_pass_groundwater_sustainability_agency,wildermuth_environmental_inc,NA
0121,verbenia_groundwater_sustainability_agency,wildermuth_environmental_inc,NA
0122,banta_carbona_irrigation_district_groundwater_sustainability_agency,wildermuth_environmental_inc,NA
0122,byron_bethany_irrigation_district_groundwater_sustainability_agency_tracy,wildermuth_environmental_inc,NA
0122,city_of_lathrop_groundwater_sustainability_agency,wildermuth_environmental_inc,NA
0122,city_of_tracy_groundwater_sustainability_agency,wildermuth_environmental_inc,NA
0122,county_of_san_joaquin_groundwater_sustainability_agency_tracy,wildermuth_environmental_inc,NA
0122,groundwater_sustainability_agency,wildermuth_environmental_inc,NA
0122,stewart_tract_groundwater_sustainability_agency,wildermuth_environmental_inc,NA
0123,white_wolf_groundwater_sustainability_agency,wildermuth_environmental_inc,NA
0124,county_of_napa_groundwater_sustainability_agency,wildermuth_environmental_inc,NA
0125,county_of_plumas_groundwater_sustainability_agency,wildermuth_environmental_inc,NA
0125,groundwater_sustainability_agency,wildermuth_environmental_inc,NA
0125,sierra_valley_groundwater_management_district,wildermuth_environmental_inc,NA
0125,sierra_valley_groundwater_management_district_groundwater_sustainability_agency,wildermuth_environmental_inc,NA
0127,big_valley_groundwater_sustainability_agency,wildermuth_environmental_inc,NA
0128,groundwater_sustainability_agency,wildermuth_environmental_inc,NA
0128,marina_coast_water_district_groundwater_sustainability_agency_monterey,wildermuth_environmental_inc,NA
0128,salinas_valley_basin_groundwater_sustainability_agency_monterey,wildermuth_environmental_inc,NA
0129,santa_monica_basin_groundwater_sustainability_agency,wildermuth_environmental_inc,NA
0130,ojai_basin_groundwater_management_agency,wildermuth_environmental_inc,NA
0130,ojai_basin_groundwater_management_agency_gsa,wildermuth_environmental_inc,NA
0131,santa_clarita_valley_groundwater_sustainability_agency,wildermuth_environmental_inc,NA
0132,petaluma_valley_groundwater_sustainability_agency,wildermuth_environmental_inc,NA
0133,atascadero_basin_groundwater_sustainability_agency,wildermuth_environmental_inc,NA
0134,tehama_county_flood_control_and_water_conservation_district_groundwater_sustainability_agency_antelope,wildermuth_environmental_inc,NA
0136,santa_rosa_plain_groundwater_sustainability_agency,wildermuth_environmental_inc,NA
0137,tehama_county_flood_control_and_water_conservation_district_groundwater_sustainability_agency_bowman,wildermuth_environmental_inc,NA
0138,bear_valley_basin_groundwater_sustainability_agency,wildermuth_environmental_inc,NA
0139,tehama_county_flood_control_and_water_conservation_district_groundwater_sustainability_agency_los_molinos,wildermuth_environmental_inc,NA
0140,tehama_county_flood_control_and_water_conservation_district_groundwater_sustainability_agency_red_bluff,wildermuth_environmental_inc,NA
0144,western_municipal_water_district_groundwater_sustainability_agency_riverside_arlington,wildermuth_environmental_inc,NA
0145,city_of_coalinga_groundwater_sustainability_agency,wildermuth_environmental_inc,NA
0145,pleasant_valley_groundwater_sustainability_agency,wildermuth_environmental_inc,NA
0149,spadra_basin_groundwater_sustainability_agency,wildermuth_environmental_inc,1
0150,arvin_groundwater_sustainability_agency,wildermuth_environmental_inc,NA
0150,groundwater_sustainability_agency,wildermuth_environmental_inc,NA
0150,tejon_castac_water_district_groundwater_sustainability_agency,wildermuth_environmental_inc,NA
0150,wheeler_ridge_maricopa_groundwater_sustainability_agency,wildermuth_environmental_inc,NA
0155,montecito_groundwater_basin,wildermuth_environmental_inc,NA
0155,montecito_groundwater_basin_groundwater_sustainability_agency,wildermuth_environmental_inc,NA
0156,arroyo_santa_rosa_basin_groundwater_sustainability_agency,wildermuth_environmental_inc,NA
0156,arroyo_santa_rosa_groundwater_sustainability_agency,wildermuth_environmental_inc,NA
0156,fox_canyon_groundwater_management_agency,wildermuth_environmental_inc,NA
0156,groundwater_sustainability_agency,wildermuth_environmental_inc,NA
0007,aliso_water_district_groundwater_sustainability_agency,bondy_groundwater_consulting_inc,NA
0008,groundwater_sustainability_agency,bondy_groundwater_consulting_inc,NA
0008,westlands_water_district_groundwater_sustainability_agency,bondy_groundwater_consulting_inc,NA
0009,groundwater_sustainability_agency,bondy_groundwater_consulting_inc,NA
0009,merced_irrigation_urban_groundwater_sustainability_agency,bondy_groundwater_consulting_inc,NA
0009,merced_subbasin_groundwater_sustainability_agency,bondy_groundwater_consulting_inc,NA
0009,miugsa,bondy_groundwater_consulting_inc,NA
0009,turner_island_water_district_groundwater_sustainability_agency_merced,bondy_groundwater_consulting_inc,NA
0011,mga,bondy_groundwater_consulting_inc,NA
0011,santa_cruz_mid_county_groundwater_agency_gsa,bondy_groundwater_consulting_inc,NA
0012,chowchilla_water_district_groundwater_sustainability_agency,bondy_groundwater_consulting_inc,NA
0012,groundwater_sustainability_agency,bondy_groundwater_consulting_inc,NA
0012,triangle_t_water_district_groundwater_sustainability_agency,bondy_groundwater_consulting_inc,NA
0013,dm_ii_groundwater_sustainability_agency,bondy_groundwater_consulting_inc,NA
0013,groundwater_sustainability_agency,bondy_groundwater_consulting_inc,NA
0013,oro_loma_water_district_groundwater_sustainability_agency,bondy_groundwater_consulting_inc,NA
0014,farmers_water_district_groundwater_sustainability_agency,bondy_groundwater_consulting_inc,NA
0015,city_of_dos_palos_groundwater_sustainability_agency,bondy_groundwater_consulting_inc,NA
0015,city_of_firebaugh_groundwater_sustainability_agency,bondy_groundwater_consulting_inc,NA
0015,city_of_gustine_groundwater_sustainability_agency,bondy_groundwater_consulting_inc,NA
0015,city_of_los_banos_groundwater_sustainability_agency,bondy_groundwater_consulting_inc,NA
0015,city_of_mendota_groundwater_sustainability_agency,bondy_groundwater_consulting_inc,NA
0015,city_of_newman_groundwater_sustainability_agency,bondy_groundwater_consulting_inc,NA
0015,county_of_madera_groundwater_sustainability_agency_delta_mendota,bondy_groundwater_consulting_inc,NA
0015,county_of_merced_groundwater_sustainability_agency_delta_mendota,bondy_groundwater_consulting_inc,NA
0015,groundwater_sustainability_agency,bondy_groundwater_consulting_inc,NA
0015,san_joaquin_river_exchange_contractors_groundwater_sustainability_agency,bondy_groundwater_consulting_inc,NA
0015,turner_island_water_district_groundwater_sustainability_agency_delta_mendota,bondy_groundwater_consulting_inc,NA
0016,fox_canyon_groundwater_management_agency,bondy_groundwater_consulting_inc,NA
0016,fox_canyon_groundwater_management_agency_gsa_oxnard,bondy_groundwater_consulting_inc,NA
0017,fox_canyon_groundwater_management_agency,bondy_groundwater_consulting_inc,NA
0017,fox_canyon_groundwater_management_agency_gsa_pleasant_valley,bondy_groundwater_consulting_inc,NA
0018,fox_canyon_groundwater_management_agency,bondy_groundwater_consulting_inc,NA
0018,fox_canyon_groundwater_management_agency_gsa_las_posas_valley,bondy_groundwater_consulting_inc,NA
0019,mound_basin_groundwater_sustainability_agency,bondy_groundwater_consulting_inc,NA
0020,county_of_fresno_groundwater_sustainability_agency_delta_mendota_management_area_a,bondy_groundwater_consulting_inc,NA
0020,county_of_fresno_groundwater_sustainability_agency_delta_mendota_management_area_b,bondy_groundwater_consulting_inc,NA
0020,groundwater_sustainability_agency,bondy_groundwater_consulting_inc,NA
0021,city_of_madera_groundwater_sustainability_agency,bondy_groundwater_consulting_inc,NA
0021,county_of_madera_groundwater_sustainability_agency_madera,bondy_groundwater_consulting_inc,NA
0021,groundwater_sustainability_agency,bondy_groundwater_consulting_inc,NA
0021,madera_irrigation_district_groundwater_sustainability_agency,bondy_groundwater_consulting_inc,NA
0021,madera_water_district_groundwater_sustainability_agency,bondy_groundwater_consulting_inc,NA
0022,central_kings_groundwater_sustainability_agency,bondy_groundwater_consulting_inc,NA
0023,kings_river_east_groundwater_sustainability_agency,bondy_groundwater_consulting_inc,NA
0024,north_kings_groundwater_sustainability_agency,bondy_groundwater_consulting_inc,NA
0025,north_fork_kings_groundwater_sustainability_agency,bondy_groundwater_consulting_inc,NA
0026,south_kings_groundwater_sustainability_agency,bondy_groundwater_consulting_inc,NA
0028,mcmullin_area_groundwater_sustainability_agency,bondy_groundwater_consulting_inc,NA
0029,county_of_monterey_groundwater_sustainability_agency,bondy_groundwater_consulting_inc,NA
0029,groundwater_sustainability_agency,bondy_groundwater_consulting_inc,NA
0029,salinas_valley_basin_groundwater_sustainability_agency,bondy_groundwater_consulting_inc,NA
0030,greater_kaweah_groundwater_sustainability_agency,bondy_groundwater_consulting_inc,NA
0031,james_groundwater_sustainability_agency,bondy_groundwater_consulting_inc,NA
0032,cuyama_basin_groundwater_sustainability_agency,bondy_groundwater_consulting_inc,NA
0035,city_of_paso_robles_groundwater_sustainability_agency,bondy_groundwater_consulting_inc,NA
0035,groundwater_sustainability_agency,bondy_groundwater_consulting_inc,NA
0035,san_miguel_community_services_district_groundwater_sustainability_agency,bondy_groundwater_consulting_inc,NA
0035,shandon_san_juan_groundwater_sustainability_agency,bondy_groundwater_consulting_inc,NA
0036,groundwater_sustainability_agency,bondy_groundwater_consulting_inc,NA
0036,kern_groundwater_authority,bondy_groundwater_consulting_inc,NA
0036,kern_groundwater_authority_groundwater_sustainability_agency,bondy_groundwater_consulting_inc,NA
0037,henry_miller_water_district_gsa,bondy_groundwater_consulting_inc,NA
0038,county_of_merced_groundwater_sustainability_agency_delta_mendota,bondy_groundwater_consulting_inc,NA
0038,grasslands_groundwater_sustainability_agency,bondy_groundwater_consulting_inc,NA
0038,groundwater_sustainability_agency,bondy_groundwater_consulting_inc,NA
0042,el_rico_groundwater_sustainability_agency,bondy_groundwater_consulting_inc,NA
0042,groundwater_sustainability_agency,bondy_groundwater_consulting_inc,NA
0042,mid_kings_river_groundwater_sustainability_agency,bondy_groundwater_consulting_inc,NA
0042,sfkgsa,bondy_groundwater_consulting_inc,NA
0042,south_fork_kings_groundwater_sustainability_agency,bondy_groundwater_consulting_inc,NA
0042,southwest_kings_groundwater_sustainability_agency,bondy_groundwater_consulting_inc,NA
0042,tri_county_water_authority_groundwater_sustainability_agency_tulare_lake,bondy_groundwater_consulting_inc,NA
0043,eastern_tule_groundwater_sustainability_agency,bondy_groundwater_consulting_inc,NA
0044,olcese_water_district_groundwater_sustainability_agency,bondy_groundwater_consulting_inc,NA
0045,root_creek_water_district_groundwater_sustainability_agency,bondy_groundwater_consulting_inc,NA
0047,central_delta_water_agency_groundwater_sustainability_agency,bondy_groundwater_consulting_inc,NA
0047,central_san_joaquin_water_conservation_district_groundwater_sustainability_agency,bondy_groundwater_consulting_inc,NA
0047,city_of_lodi_groundwater_sustainability_agency,bondy_groundwater_consulting_inc,NA
0047,city_of_manteca_groundwater_sustainability_agency,bondy_groundwater_consulting_inc,NA
0047,city_of_stockton_groundwater_sustainability_agency,bondy_groundwater_consulting_inc,NA
0047,county_of_san_joaquin_groundwater_sustainability_agency_eastern_san_joaquin_1,bondy_groundwater_consulting_inc,NA
0047,county_of_san_joaquin_groundwater_sustainability_agency_eastern_san_joaquin_2,bondy_groundwater_consulting_inc,NA
0047,eastside_san_joaquin_groundwater_sustainability_agency,bondy_groundwater_consulting_inc,NA
0047,groundwater_sustainability_agency,bondy_groundwater_consulting_inc,NA
0047,linden_county_water_district_groundwater_sustainability_agency,bondy_groundwater_consulting_inc,NA
0047,lockeford_community_service_district_groundwater_sustainability_agency,bondy_groundwater_consulting_inc,NA
0047,north_san_joaquin_water_conservation_district_groundwater_sustainability_agency,bondy_groundwater_consulting_inc,NA
0047,oakdale_irrigation_district_groundwater_sustainability_agency,bondy_groundwater_consulting_inc,NA
0047,south_delta_water_agency_groundwater_sustainability_agency,bondy_groundwater_consulting_inc,NA
0047,south_san_joaquin_groundwater_sustainability_agency,bondy_groundwater_consulting_inc,NA
0047,stockton_east_water_district_groundwater_sustainability_agency,bondy_groundwater_consulting_inc,NA
0047,woodbridge_irrigation_district_groundwater_sustainability_agency,bondy_groundwater_consulting_inc,NA
0048,alpaugh_groundwater_sustainability_agency,bondy_groundwater_consulting_inc,NA
0049,new_stone_water_district_groundwater_sustainability_agency,bondy_groundwater_consulting_inc,NA
0050,mid_kaweah_groundwater_sustainability_agency,bondy_groundwater_consulting_inc,NA
0050,mkgsa,bondy_groundwater_consulting_inc,NA
0051,buena_vista_water_storage_district_gsa,bondy_groundwater_consulting_inc,NA
0052,groundwater_sustainability_agency,bondy_groundwater_consulting_inc,NA
0052,yuba_water_agency,bondy_groundwater_consulting_inc,NA
0054,groundwater_sustainability_agency,bondy_groundwater_consulting_inc,NA
0054,kern_river_groundwater_sustainability_agency,bondy_groundwater_consulting_inc,NA
0056,lower_tule_river_irrigation_district_groundwater_sustainability_agency,bondy_groundwater_consulting_inc,NA
0056,ltridgsa,bondy_groundwater_consulting_inc,NA
0057,tri_county_water_authority_groundwater_sustainability_agency_tule,bondy_groundwater_consulting_inc,NA
0058,east_kaweah_groundwater_sustainability_agency,bondy_groundwater_consulting_inc,NA
0058,groundwater_sustainability_agency,bondy_groundwater_consulting_inc,NA
0059,indian_wells_valley_groundwater_authority,bondy_groundwater_consulting_inc,NA
0059,indian_wells_valley_groundwater_authority_groundwater_sustainability_agency,bondy_groundwater_consulting_inc,NA
0061,gravelly_ford_water_district_groundwater_sustainability_agency,bondy_groundwater_consulting_inc,NA
0063,delano_earlimart_irrigation_district_groundwater_sustainability_agency,bondy_groundwater_consulting_inc,NA
0065,pixley_irrigation_district_groundwater_sustainability_agency,bondy_groundwater_consulting_inc,NA
0067,castac_basin_gsa,bondy_groundwater_consulting_inc,NA
0070,county_of_humboldt_groundwater_sustainability_agency,bondy_groundwater_consulting_inc,NA
0071,west_san_jacinto_groundwater_sustainability_agency,bondy_groundwater_consulting_inc,NA
0072,fillmore_and_piru_basins_groundwater_sustainability_agency_piru,bondy_groundwater_consulting_inc,NA
0072,fpbgsa,bondy_groundwater_consulting_inc,NA
0073,fillmore_and_piru_basins_groundwater_sustainability_agency_fillmore,bondy_groundwater_consulting_inc,NA
0073,fpbgsa,bondy_groundwater_consulting_inc,NA
0074,santa_margarita_groundwater_agency,bondy_groundwater_consulting_inc,NA
0074,santa_margarita_groundwater_agency_gsa,bondy_groundwater_consulting_inc,NA
0075,san_pasqual_valley_groundwater_sustainability_agency,bondy_groundwater_consulting_inc,NA
0075,san_pasqual_valley_gsa,bondy_groundwater_consulting_inc,NA
0076,pauma_valley_groundwater_sustainability_agency,bondy_groundwater_consulting_inc,NA
0076,pvgsa,bondy_groundwater_consulting_inc,NA
0077,upper_ventura_river_groundwater_agency,bondy_groundwater_consulting_inc,NA
0077,upper_ventura_river_groundwater_agency_gsa,bondy_groundwater_consulting_inc,NA
0078,santa_ynez_river_valley_basin_western_management_area_groundwater_sustainability_agency,bondy_groundwater_consulting_inc,NA
0079,santa_ynez_river_valley_basin_central_management_area_groundwater_sustainability_agency,bondy_groundwater_consulting_inc,NA
0080,santa_ynez_river_valley_basin_eastern_management_area_groundwater_sustainability_agency,bondy_groundwater_consulting_inc,NA
0081,temescal_subbasin_groundwater_sustainability_agency,bondy_groundwater_consulting_inc,NA
0082,enterprise_anderson_groundwater_sustainability_agency_enterprise,bondy_groundwater_consulting_inc,NA
0083,enterprise_anderson_groundwater_sustainability_agency_anderson,bondy_groundwater_consulting_inc,NA
0084,ukiah_valley_basin_groundwater_sustainability_agency,bondy_groundwater_consulting_inc,NA
0084,ukiah_valley_basin_gsa,bondy_groundwater_consulting_inc,NA
0085,county_of_tuolumne_groundwater_sustainability_agency,bondy_groundwater_consulting_inc,NA
0085,groundwater_sustainability_agency,bondy_groundwater_consulting_inc,NA
0085,stanislaus_and_tuolumne_rivers_groundwater_basin_association,bondy_groundwater_consulting_inc,NA
0085,stanislaus_and_tuolumne_rivers_groundwater_basin_association_groundwater_sustainability_agency,bondy_groundwater_consulting_inc,NA
0086,groundwater_sustainability_agency,bondy_groundwater_consulting_inc,NA
0086,rock_creek_reclamation_district_groundwater_sustainability_agency,bondy_groundwater_consulting_inc,NA
0086,vina_groundwater_sustainability_agency,bondy_groundwater_consulting_inc,NA
0087,san_antonio_basin_groundwater_sustainability_agency,bondy_groundwater_consulting_inc,NA
0088,siskiyou_county_flood_control_and_water_conservation_district_groundwater_sustainability_agency_butte_valley,bondy_groundwater_consulting_inc,NA
0090,siskiyou_county_flood_control_and_water_conservation_district_groundwater_sustainability_agency_shasta,bondy_groundwater_consulting_inc,NA
0091,city_of_hayward_groundwater_sustainability_agency,bondy_groundwater_consulting_inc,NA
0091,east_bay_municipal_utility_district_groundwater_sustainability_agency,bondy_groundwater_consulting_inc,NA
0091,groundwater_sustainability_agency,bondy_groundwater_consulting_inc,NA
0092,cga,bondy_groundwater_consulting_inc,NA
0092,colusa_groundwater_authority_groundwater_sustainability_agency_colusa,bondy_groundwater_consulting_inc,NA
0092,glenn_groundwater_authority,bondy_groundwater_consulting_inc,NA
0092,glenn_groundwater_authority_groundwater_sustainability_agency,bondy_groundwater_consulting_inc,NA
0092,groundwater_sustainability_agency,bondy_groundwater_consulting_inc,NA
0093,bedford_coldwater_subbasin_groundwater_sustainability_agency,bondy_groundwater_consulting_inc,NA
0094,csgsa,bondy_groundwater_consulting_inc,NA
0094,groundwater_sustainability_agency,bondy_groundwater_consulting_inc,NA
0094,tehama_county_flood_control_and_water_conservation_district,bondy_groundwater_consulting_inc,NA
0095,county_of_lassen_groundwater_sustainability_agency,bondy_groundwater_consulting_inc,NA
0095,county_of_modoc_groundwater_sustainability_agency_big_valley,bondy_groundwater_consulting_inc,NA
0095,groundwater_sustainability_agency,bondy_groundwater_consulting_inc,NA
0096,yolo_subbasin_groundwater_sustainability_agency,bondy_groundwater_consulting_inc,NA
0097,groundwater_sustainability_agency,bondy_groundwater_consulting_inc,NA
0097,tulelake_irrigation_district_groundwater_sustainability_agency,bondy_groundwater_consulting_inc,NA
0098,groundwater_sustainability_agency,bondy_groundwater_consulting_inc,NA
0099,wyandotte_creek_groundwater_sustainability_agency,bondy_groundwater_consulting_inc,NA
0100,county_of_sutter_groundwater_sustainability_agency_north_american,bondy_groundwater_consulting_inc,NA
0100,groundwater_sustainability_agency,bondy_groundwater_consulting_inc,NA
0100,reclamation_district_no_1001_groundwater_sustainability_agency,bondy_groundwater_consulting_inc,NA
0100,sacramento_groundwater_authority,bondy_groundwater_consulting_inc,NA
0100,sacramento_groundwater_authority_groundwater_sustainability_agency,bondy_groundwater_consulting_inc,NA
0100,south_sutter_water_district_groundwater_sustainability_agency,bondy_groundwater_consulting_inc,NA
0100,west_placer_groundwater_sustainability_agency,bondy_groundwater_consulting_inc,NA
0101,sonoma_valley_groundwater_sustainability_agency,bondy_groundwater_consulting_inc,NA
0103,owens_valley_groundwater_authority,bondy_groundwater_consulting_inc,NA
0103,owens_valley_groundwater_authority_groundwater_sustainability_agency_owens_valley,bondy_groundwater_consulting_inc,NA
0104,yucaipa_basin_groundwater_sustainability_agency,bondy_groundwater_consulting_inc,NA
0105,groundwater_sustainability_agency,bondy_groundwater_consulting_inc,NA
0105,san_benito_county_water_district_groundwater_sustainability_agency,bondy_groundwater_consulting_inc,NA
0105,santa_clara_valley_water_district_groundwater_sustainability_agency_north_san_benito,bondy_groundwater_consulting_inc,NA
0106,amador_county_groundwater_management_authority,bondy_groundwater_consulting_inc,NA
0106,amador_county_groundwater_management_authority_groundwater_sustainability_agency,bondy_groundwater_consulting_inc,NA
0106,city_of_galt_groundwater_sustainability_agency,bondy_groundwater_consulting_inc,NA
0106,clay_water_district_groundwater_sustainability_agency,bondy_groundwater_consulting_inc,NA
0106,galt_irrigation_district_groundwater_sustainability_agency,bondy_groundwater_consulting_inc,NA
0106,groundwater_sustainability_agency,bondy_groundwater_consulting_inc,NA
0106,omochumne_hartnell_water_district_groundwater_sustainability_agency_cosumnes,bondy_groundwater_consulting_inc,NA
0106,sacramento_county_groundwater_sustainability_agency_cosumnes,bondy_groundwater_consulting_inc,NA
0106,sloughhouse_resource_conservation_district_groundwater_sustainability_agency_cosumnes,bondy_groundwater_consulting_inc,NA
0110,east_turlock_subbasin_groundwater_sustainability_agency,bondy_groundwater_consulting_inc,NA
0110,groundwater_sustainability_agency,bondy_groundwater_consulting_inc,NA
0110,west_turlock_subbasin_groundwater_sustainability_agency,bondy_groundwater_consulting_inc,NA
0111,county_of_sacramento_groundwater_sustainability_agency_south_american,bondy_groundwater_consulting_inc,NA
0111,groundwater_sustainability_agency,bondy_groundwater_consulting_inc,NA
0111,omochumne_hartnell_water_district_groundwater_sustainability_agency_south_american,bondy_groundwater_consulting_inc,NA
0111,reclamation_district_no_551_groundwater_sustainability_agency,bondy_groundwater_consulting_inc,NA
0111,sacramento_central_groundwater_authority,bondy_groundwater_consulting_inc,NA
0111,sacramento_central_groundwater_authority_groundwater_sustainability_agency_1,bondy_groundwater_consulting_inc,NA
0112,butte_water_district_groundwater_sustainability_agency_sutter,bondy_groundwater_consulting_inc,NA
0112,groundwater_sustainability_agency,bondy_groundwater_consulting_inc,NA
0113,salinas_valley_basin_groundwater_sustainability_agency_langley_area,bondy_groundwater_consulting_inc,NA
0113,svbgsa,bondy_groundwater_consulting_inc,NA
0114,salinas_valley_basin_groundwater_sustainability_agency_east_side_aquifer,bondy_groundwater_consulting_inc,NA
0115,salinas_valley_basin_groundwater_sustainability_agency_upper_valley_aquifer,bondy_groundwater_consulting_inc,NA
0116,arroyo_seco_groundwater_sustainability_agency_1,bondy_groundwater_consulting_inc,NA
0116,groundwater_sustainability_agency,bondy_groundwater_consulting_inc,NA
0116,salinas_valley_basin_groundwater_sustainability_agency_forebay_aquifer,bondy_groundwater_consulting_inc,NA
0117,city_of_vacaville_groundwater_sustainability_agency,bondy_groundwater_consulting_inc,NA
0117,groundwater_sustainability_agency,bondy_groundwater_consulting_inc,NA
0117,reclamation_district_no_2111_groundwater_sustainability_agency,bondy_groundwater_consulting_inc,NA
0117,reclamation_district_no_317_groundwater_sustainability_agency,bondy_groundwater_consulting_inc,NA
0117,reclamation_district_no_349_groundwater_sustainability_agency,bondy_groundwater_consulting_inc,NA
0117,reclamation_district_no_3_groundwater_sustainability_agency,bondy_groundwater_consulting_inc,NA
0117,reclamation_district_no_501_groundwater_sustainability_agency_northern_delta_groundwater_sustainability_agency,bondy_groundwater_consulting_inc,NA
0117,reclamation_district_no_554_groundwater_sustainability_agency,bondy_groundwater_consulting_inc,NA
0117,reclamation_district_no_556_groundwater_sustainability_agency,bondy_groundwater_consulting_inc,NA
0117,sacramento_county_groundwater_sustainability_agency_solano,bondy_groundwater_consulting_inc,NA
0117,solano_irrigation_district_groundwater_sustainability_agency,bondy_groundwater_consulting_inc,NA
0117,solano_subbasin_groundwater_sustainability_agency,bondy_groundwater_consulting_inc,NA
0118,city_of_san_luis_obispo_groundwater_sustainability_agency,bondy_groundwater_consulting_inc,NA
0118,county_of_san_luis_obispo_groundwater_sustainability_agency_san_luis_obispo_valley,bondy_groundwater_consulting_inc,NA
0118,groundwater_sustainability_agency,bondy_groundwater_consulting_inc,NA
0119,elsinore_valley_groundwater_sustainability_agency,bondy_groundwater_consulting_inc,NA
0120,byron_bethany_irrigation_district_groundwater_sustainability_agency_east_contra_costa,bondy_groundwater_consulting_inc,NA
0120,city_of_antioch_groundwater_sustainability_agency,bondy_groundwater_consulting_inc,NA
0120,city_of_brentwood_groundwater_sustainability_agency,bondy_groundwater_consulting_inc,NA
0120,county_of_contra_costa_groundwater_sustainability_agency,bondy_groundwater_consulting_inc,NA
0120,diablo_water_district_groundwater_sustainability_agency,bondy_groundwater_consulting_inc,NA
0120,discovery_bay_community_services_district_groundwater_sustainability_agency,bondy_groundwater_consulting_inc,NA
0120,east_contra_costa_irrigation_district_groundwater_sustainability_agency,bondy_groundwater_consulting_inc,NA
0120,groundwater_sustainability_agency,bondy_groundwater_consulting_inc,NA
0121,groundwater_sustainability_agency,bondy_groundwater_consulting_inc,NA
0121,san_gorgonio_pass_groundwater_sustainability_agency,bondy_groundwater_consulting_inc,NA
0121,verbenia_groundwater_sustainability_agency,bondy_groundwater_consulting_inc,NA
0122,banta_carbona_irrigation_district_groundwater_sustainability_agency,bondy_groundwater_consulting_inc,NA
0122,byron_bethany_irrigation_district_groundwater_sustainability_agency_tracy,bondy_groundwater_consulting_inc,NA
0122,city_of_lathrop_groundwater_sustainability_agency,bondy_groundwater_consulting_inc,NA
0122,city_of_tracy_groundwater_sustainability_agency,bondy_groundwater_consulting_inc,NA
0122,county_of_san_joaquin_groundwater_sustainability_agency_tracy,bondy_groundwater_consulting_inc,NA
0122,groundwater_sustainability_agency,bondy_groundwater_consulting_inc,NA
0122,stewart_tract_groundwater_sustainability_agency,bondy_groundwater_consulting_inc,NA
0123,white_wolf_groundwater_sustainability_agency,bondy_groundwater_consulting_inc,NA
0124,county_of_napa_groundwater_sustainability_agency,bondy_groundwater_consulting_inc,NA
0125,county_of_plumas_groundwater_sustainability_agency,bondy_groundwater_consulting_inc,NA
0125,groundwater_sustainability_agency,bondy_groundwater_consulting_inc,NA
0125,sierra_valley_groundwater_management_district,bondy_groundwater_consulting_inc,NA
0125,sierra_valley_groundwater_management_district_groundwater_sustainability_agency,bondy_groundwater_consulting_inc,NA
0127,big_valley_groundwater_sustainability_agency,bondy_groundwater_consulting_inc,NA
0128,groundwater_sustainability_agency,bondy_groundwater_consulting_inc,NA
0128,marina_coast_water_district_groundwater_sustainability_agency_monterey,bondy_groundwater_consulting_inc,NA
0128,salinas_valley_basin_groundwater_sustainability_agency_monterey,bondy_groundwater_consulting_inc,NA
0129,santa_monica_basin_groundwater_sustainability_agency,bondy_groundwater_consulting_inc,NA
0130,ojai_basin_groundwater_management_agency,bondy_groundwater_consulting_inc,NA
0130,ojai_basin_groundwater_management_agency_gsa,bondy_groundwater_consulting_inc,NA
0131,santa_clarita_valley_groundwater_sustainability_agency,bondy_groundwater_consulting_inc,NA
0132,petaluma_valley_groundwater_sustainability_agency,bondy_groundwater_consulting_inc,NA
0133,atascadero_basin_groundwater_sustainability_agency,bondy_groundwater_consulting_inc,NA
0134,tehama_county_flood_control_and_water_conservation_district_groundwater_sustainability_agency_antelope,bondy_groundwater_consulting_inc,NA
0136,santa_rosa_plain_groundwater_sustainability_agency,bondy_groundwater_consulting_inc,NA
0137,tehama_county_flood_control_and_water_conservation_district_groundwater_sustainability_agency_bowman,bondy_groundwater_consulting_inc,NA
0138,bear_valley_basin_groundwater_sustainability_agency,bondy_groundwater_consulting_inc,NA
0139,tehama_county_flood_control_and_water_conservation_district_groundwater_sustainability_agency_los_molinos,bondy_groundwater_consulting_inc,NA
0140,tehama_county_flood_control_and_water_conservation_district_groundwater_sustainability_agency_red_bluff,bondy_groundwater_consulting_inc,NA
0144,western_municipal_water_district_groundwater_sustainability_agency_riverside_arlington,bondy_groundwater_consulting_inc,NA
0145,city_of_coalinga_groundwater_sustainability_agency,bondy_groundwater_consulting_inc,NA
0145,pleasant_valley_groundwater_sustainability_agency,bondy_groundwater_consulting_inc,NA
0149,spadra_basin_groundwater_sustainability_agency,bondy_groundwater_consulting_inc,NA
0150,arvin_groundwater_sustainability_agency,bondy_groundwater_consulting_inc,NA
0150,groundwater_sustainability_agency,bondy_groundwater_consulting_inc,NA
0150,tejon_castac_water_district_groundwater_sustainability_agency,bondy_groundwater_consulting_inc,NA
0150,wheeler_ridge_maricopa_groundwater_sustainability_agency,bondy_groundwater_consulting_inc,NA
0155,montecito_groundwater_basin,bondy_groundwater_consulting_inc,NA
0155,montecito_groundwater_basin_groundwater_sustainability_agency,bondy_groundwater_consulting_inc,NA
0156,arroyo_santa_rosa_basin_groundwater_sustainability_agency,bondy_groundwater_consulting_inc,0
0156,arroyo_santa_rosa_groundwater_sustainability_agency,bondy_groundwater_consulting_inc,1
0156,fox_canyon_groundwater_management_agency,bondy_groundwater_consulting_inc,0
0156,groundwater_sustainability_agency,bondy_groundwater_consulting_inc,0
