file,subject,predicate,object
0007,AWD,perform,DMGB
0007,AWD,coordinate,DMGB
0007,AWD,coordinate,Farmers_Water_District
0007,AWD,coordinate,GSA
0007,AWD,coordinate,SJRECGSA
0007,AWD,follow,Gravelly_Ford_GSA
0007,AWD,follow,GSA
0007,AWD,follow,Madera_County
0007,AWD,be,McMullin_Area_GSA
0007,Mendota_Coordination_Committee,work,the_Delta
0007,AWD,coordinate,SJRRP
0007,AWD,continue,SJRRP
0007,AWD,continue,SJRRP
0007,AWD,continue,USBR
0007,AWD,utilize,ILRP
0007,AWD,work,ESJWQC
0007,AWD,work,SWRCB
0007,AWD,review,District
0007,Agency,identify,Agency
0008,GSA,implement,the_ASR_Program
0008,GSA,coordinate,SCALMANINI
0008,WWD,complement,DWR
0008,GSA,perform,LUHDORFF_SCALMANINI
0008,GSA,adopt,California
0008,GSA,adopt,California
0008,GSPs,require,GSAs
0008,SGMA,require,GSAs
0008,SGMA,grant,GSA
0008,GSA,submit,DWR
0008,GSA,make,SGMA
0008,GSA,make,WWD
0008,Monitoring_Network,provide,the_Monitoring_Network_s
0008,The_WWD_Board,serve,WWD
0008,The_County_of_Fresno,serve,GSA
0008,GSP,allow,GSA
0008,The_WWD_GSA_Board,appoint,TAC
0008,TAC,maintain,WWD
0008,TAC,post,GSAs
0008,The_WWD_Board,establish,TAC
0008,Board_of_Supervisors,recognize,District
0008,Fresno_County_s,recognize,District
0008,Board_of_Supervisors,adopt,GSA
0008,Fresno_County_s,adopt,GSA
0008,District,reimburse,SGMA
0009,ESJWQC,develop,the_Irrigated_Lands_Regulatory_Program
0009,CASGEM,have,SGMA
0009,DWR,identify,CASGEM
0011,City_of_Santa_Cruz_s,base,City_of_Santa_Cruz
0011,City_of_Santa_Cruz,be,City
0011,MGA,monitor,GSP
0011,the_MGA_Board,discuss,MGA
0011,MGA,consider,Santa_Cruz
0011,SGMA,be,Santa_Cruz
0011,SCWD,consider,SqCWD
0011,SCWD,develop,Soquel_Creek_Water_District
0011,Soquel_Creek_Water_District,receive,the_State_Water_Resources_Control_Board
0011,Soquel_Creek_Water_District,receive,the_US_Bureau_of_Reclamation
0011,SqCWD,pursue,State_Revolving_Funds
0011,SqCWD,pursue,USEPA
0011,SCWD,deliver,SqCWD
0011,SCWD,serve,SqCWD
0011,MGA,leverage,RCD
0011,the_Pure_Water_Soquel_Project,size,Project
0011,Santa_Cruz,estimate,Los_Altos
0011,SCWD,conclude,WSAC
0011,RWFPS,provide,Santa_Cruz
0011,SqCWD,enter,DeepWater_Desal_LLC
0011,A_GSP_Advisory_Committee,help,GSP
0011,WSIP,be,CMIP5
0011,The_Catalog_Climate,have,Santa_Cruz
0011,The_Catalog_Climate,have,Santa_Cruz_Co
0011,The_Catalog_Climate,have,Watsonville
0011,City_of_Santa_Cruz,describe,SCWD
0011,City_of_Santa_Cruz,describe,SqCWD
0011,PWS,accommodate,Project
0011,GSP,include,ASR
0011,GSP,include,PWS
0011,Tu,achieve,Tu
0011,RWQCBs,oversee,SWRCB
0011,SWRCB,administer,California
0011,Santa_Cruz,oversee,Santa_Cruz_County
0011,the_Central_Water_District,oversee,Santa_Cruz_County
0011,the_City,oversee,Santa_Cruz_County
0011,the_County_of_Santa_Cruz,oversee,Santa_Cruz_County
0011,the_Soquel_Creek_Water_District,oversee,Santa_Cruz_County
0011,190_de_Minimis,yield,Non_de
0011,Non_de,yield,Non_de
0011,Board,base,Agency
0011,SGMA,give,MGA
0011,Raftelis,review,Borrego
0011,Raftelis,review,GSA
0011,Raftelis,review,GSAs
0011,Raftelis,review,Sonoma
0011,MGA,increase,MGA
0011,Raftelis,contact,KRCD
0011,KRCD,spend,GSA
0011,Kings_River_East_GSA,be,Fresno
0011,the_GSA_Board,use,MGA
0011,Raftelis,accord,the_Santa_Cruz_Mid_County_Groundwater_Agency
0012,GSAs,fund,GSA
0012,Madera_County,correspond,GSA
0012,Madera_County,correspond,the_Madera_County
0012,the_Rivers_and_Streams_System_Data,provide,GSA
0012,The_County,write,County
0012,The_County,write,JULIA_D_BERRY_FAX
0012,District,meet,Madera_County
0012,District,meet,Merced
0012,District,meet,the_City_of_Chowchilla
0012,District,intend,Board_of_Directors
0012,District,meet,City_of_Chowchilla
0012,District,meet,Madera
0012,District,meet,Merced
0012,District,meet,the_Chowchilla_Water_District
0012,The_Triangle_T,meet,SGMA
0012,MEETING_BOARD_OF_DIRECTORS,include,Dirk_Vlot
0012,MEETING_BOARD_OF_DIRECTORS,include,HNRG
0012,MEETING_BOARD_OF_DIRECTORS,include,Lucas_Avila_HNRG
0012,MEETING_BOARD_OF_DIRECTORS,include,Molly_Thurman
0013,DMC,be,the_CVP_Delta_Division
0013,DMC,be,the_San_Luis_Unit
0013,DMC,connect,DMC
0013,DPWD,provide,Merced
0013,DPWD,provide,San_Joaquin
0013,DPWD,provide,Stanislaus
0013,DPWD,be,USBR
0013,The_Kaljian_Drainwater_Reuse_Project,locate,Los_Banos
0013,The_Kaljian_Drainwater_Reuse_Project,locate,SLWD
0013,Turlock,deliver,DMC
0013,Turlock,deliver,DPWD
0013,Integrated_Regional_Water_Management,utilize,State_Revolving_Fund
0013,GSP,compile,GSA
0013,GSA,submit,GSP
0014,GSP,comply,SGMA
0014,the_SJREC_GSA,execute,Westlands_Water_District
0014,Chowchilla,be,Madera
0014,Chowchilla,be,Merced
0014,Chowchilla,be,Modesto
0014,Kings,be,Madera
0014,Kings,be,Merced
0014,Kings,be,Modesto
0014,Tracy,be,Madera
0014,Tracy,be,Merced
0014,Tracy,be,Modesto
0014,Turlock,be,Madera
0014,Turlock,be,Merced
0014,Turlock,be,Modesto
0015,Newman,impact,SJREC
0015,SJREC,work,the_City_of_Newman
0015,SJREC,reduce,City
0015,the_SJREC_GSA,offset,the_City_of_Newman_GSA
0015,the_SJREC_GSA,participate,the_SJREC_GSP_Group
0015,the_SJREC_GSA,participate,the_Sustainable_Groundwater_Planning_Grant_Program
0015,SJREC,prepare,SGMA
0015,The_City_of_Gustine,welcome,SJREC
0015,CCID,participate,City
0015,CCID,participate,KDSA
0015,City,participate,City
0015,City,participate,KDSA
0015,the_City_of_Gustine,complete,CCID
0015,the_City_of_Gustine_GSA,develop,GSP
0015,SWRCB,implement,City
0015,CCID,work,City
0015,CCID,recognize,the_City_of_Gustine
0015,the_City_of_Gustine,impact,SJREC
0015,SJREC,work,the_City_of_Gustine
0015,City,have,SGMA
0015,City,start,SJREC
0015,SJREC,reduce,City
0015,the_SJREC_GSA,offset,the_City_of_Gustine_GSA
0015,the_SJREC_GSA,participate,the_SJREC_GSP_Group
0015,the_SJREC_GSA,participate,the_Sustainable_Groundwater_Planning_Grant_Program
0015,The_Gustine_Drainage_District,provide,Gustine
0015,the_City_of_Los_Banos,impact,SJREC
0015,the_City_of_Los_Banos,impact,SLWD
0015,SJREC,work,the_City_of_Los_Banos
0015,SJREC,reduce,City
0015,SJREC,prepare,SGMA
0015,the_SJREC_GSA,offset,the_City_of_Los_Banos_GSA
0015,the_SJREC_GSA,participate,the_SJREC_GSP_Group
0015,the_SJREC_GSA,participate,the_Sustainable_Groundwater_Planning_Grant_Program
0015,the_City_of_Dos_Palos_GSA,develop,GSP
0015,the_SJREC_GSA,develop,GSP
0015,CCID,work,City
0015,CCID,recognize,the_City_of_Dos_Palos
0015,The_City_of_Dos_Palos,welcome,SJREC
0015,the_San_Joaquin_Kings_River_Canal_Irrigation_Company,agree,the_Canal_Company_s
0015,the_San_Joaquin_Kings_River_Canal_Irrigation_Company,agree,the_City_of_Dos_Palos
0015,the_City_of_Dos_Palos,work,CCID
0015,the_City_of_Dos_Palos,work,USBR
0015,The_City_of_Dos_Palos,take,CCID
0015,the_SJREC_GSA,offset,SDAC
0015,SJREC,prepare,SGMA
0015,the_City_of_Firebaugh_GSA,develop,GSP
0015,the_SJREC_GSA,develop,GSP
0015,SWRCB,implement,City
0015,CCID,work,City
0015,CCID,recognize,the_City_of_Firebaugh
0015,The_City_of_Firebaugh,welcome,SJREC
0015,KDSA,analyze,Firebaugh
0015,the_City_of_Firebaugh,work,Columbia_Canal_Company
0015,the_City_of_Firebaugh,impact,SJREC
0015,SJREC,work,the_City_of_Firebaugh
0015,the_County_of_Madera_3_GSA,impact,SJREC
0015,the_County_of_Madera,impact,SJREC
0015,Madera_County,manage,the_SJREC_GSA
0015,SJREC,work,the_County_of_Madera
0015,SJREC,offset,County
0015,the_SJREC_GSA,offset,the_County_of_Madera
0015,the_SJREC_GSA,participate,the_SJREC_GSP_Group
0015,the_SJREC_GSA,participate,the_Sustainable_Groundwater_Planning_Grant_Program
0015,SJREC,continue,the_County_of_Madera
0015,SJREC,prepare,SGMA
0015,The_County_of_Madera,plan,SJREC
0015,SJREC,continue,County
0015,SJREC,understand,SGMA
0015,SJREC,work,County
0015,SJREC,work,County
0015,Party,notify,Party
0015,Party,provide,Parties
0016,the_Conejo_Creek_Project,supply,Pleasant_Valley_County_Water_District
0016,United,report,Agency
0016,United,report,Agency
0016,United,mean,United_Water_Conservation_District
0016,Ng,assign,City_of_Oxnard
0016,FCGMA,gain,SGMA
0016,Works,see,City_of_Oxnard
0016,UWCD,propose,FCGMA
0016,The_RiverPark_Saticoy_GRRP_Recycled_Water_Project,be,the_GREAT_Program_AWPF_Expansion_Project
0016,FCGMA,describe,Oxnard
0016,Mugu,lie,FCA
0016,Dan,be,FCGMA
0016,Dan,be,Mukae
0016,Dan,be,Turner
0016,Dan,be,United
0016,Oxnard,focus,Dan
0016,City_of,lack,Agency
0016,City_of,lack,Rungren
0016,GSP,lack,Agency
0016,GSP,lack,Rungren
0016,Rungren,be,FCGMA
0016,City_of_Ventura,delete,Susan
0017,the_FCGMA_Board,approve,GSP
0017,The_Temporary_Agricultural_Land_Fallowing_Project,benefit,PVB
0017,The_FCGMA_Board,continue,the_Groundwater_Sustainability_Agency
0017,The_FCGMA_Board,use,PVB
0017,the_Conejo_Creek_Project,supply,Pleasant_Valley_County_Water_District
0017,United,report,Agency
0017,United,report,Agency
0017,United,mean,United_Water_Conservation_District
0018,Steven_Bachman,prepare,Calleguas_Municipal_Water_District
0018,CH2_M_Hill_Inc,prepare,CH2_M_Hill_Inc
0018,Thousand_Oaks,prepare,CH2_M_Hill_Inc
0018,Dudek,prepare,FCGMA
0018,JA_Izbicki,prepare,the_Calleguas_Municipal_Water_District
0018,P_Martin,prepare,the_Calleguas_Municipal_Water_District
0018,K,prepare,Koczot
0018,P_Martin,prepare,Koczot
0018,RT_Hanson,prepare,Koczot
0018,the_County_of,prepare,Ventura
0018,Camrosa_Water_District,use,a
0018,CMWD,=,Calleguas_Municipal_Water_District
0018,FCGMA,=,Fox_Canyon_Groundwater_Management_Agency
0018,CA_American_Water_Co,=,California_American_Water_Company
0018,CMWD,=,Calleguas_Municipal_Water_District
0018,MWC,=,Mutual_Water_Company
0018,VCWD,=,Ventura_County_Waterworks_District
0018,WLPMA,=,West_Las_Posas_Management_Area
0018,CWD,deliver,Ag
0018,USGS,=,US_Geological_Survey
0018,WLPMA,incorporate,Calleguas_Municipal_Water_District
0018,FCGMA,select,GSP
0018,the_Operations_Committee,select,GSP
0018,the_FCGMA_Board,approve,GSP
0018,Arundo,characterize,Bell
0018,The_Arroyo_Simi_Project,involve,the_City
0018,the_Arroyo_Simi_Las_Posas_Water_Acquisition_Project,investigate,ELPMA
0018,The_FCGMA_Board,continue,a_Groundwater_Sustainability_Agency
0018,The_FCGMA_Board,continue,LPVB
0018,The_FCGMA_Board,use,LPVB
0018,GSA,include,GSP
0018,Communicati,recommend,the_Administrative_of_Beneficial
0018,CA_DFW,attend,TAG_GDE
0018,FWS,attend,TAG_GDE
0018,US,attend,TAG_GDE
0018,ELPMA,provide,Intera
0019,MBGSA,update,GSP
0019,MBGSA,consult,Michelle_Sneed
0019,MBGSA,consult,USGS
0019,MBGSA,intend,United
0019,SWP,make,MBGSA
0019,the_City_of_Ventura,make,MBGSA
0020,GSP_Group,require,the_GSP_Group
0020,The_Coordination_Committee,compose,GSP
0020,The_Coordination_Committee,compose,GSP_Group
0020,GSP_Group,select,GSP_Group
0020,The_Coordination_Committee,recognize,GSP_Group
0020,Committee,consider,the_Coordination
0020,The_Coordination_Committee,approve,SGMA
0020,Party,provide,the_Coordination_Committee
0020,Party,notify,Party
0020,Party,provide,Parties
0020,GSP,comply,SGMA
0020,the_SJREC_GSA,execute,Westlands_Water_District
0020,Chowchilla,be,Madera
0020,Chowchilla,be,Merced
0020,Chowchilla,be,Modesto
0020,Kings,be,Madera
0020,Kings,be,Merced
0020,Kings,be,Modesto
0020,Tracy,be,Madera
0020,Tracy,be,Merced
0020,Tracy,be,Modesto
0020,Turlock,be,Madera
0020,Turlock,be,Merced
0020,Turlock,be,Modesto
0021,The_City_of_Madera_GSA,include,GSP
0021,Madera_County,use,Reclamation
0021,Madera_County,reduce,GSP
0021,Madera_County_s,be,GSA
0021,County,have,GSA
0021,Program_Operations_and_Monitoring,work,GSA
0021,Program_Operations_and_Monitoring,work,GSAs
0021,GFWD,coordinate,Reclamation
0021,GFWD,coordinate,the_State_Water_Board
0021,NSWD,participate,SGMA
0021,NSWD,coordinate,the_State_Water_Board
0021,RCWD,purchase,MID
0021,RCWD,help,MID_Lateral_62
0021,RCWD,participate,SGMA
0021,GSA,keep,GSAs
0021,GSA_Administration,estimate,Madera_Water_District
0021,The_Madera_Water_District_GSA,estimate,Madera_Water_District
0021,The_City_of_Madera,estimate,City_of_Madera_GSA
0021,The_City_of_Madera,estimate,Madera_County
0021,GSAs,fund,GSA
0021,GSAs,fund,GSA
0022,CKGSA,plan,ILRP
0022,CKGSA,set,GSP
0022,CKGSA,plan,the_Consolidated_Irrigation_District
0022,District,be,Agency
0022,District,implement,Agency
0022,CID,cooperate,GSAs
0022,GSA,make,GSA
0022,GSA,make,North_Fork
0022,GSA,make,North_Kings
0022,GSA,make,the_South_Kings_GSA
0022,KINGS_SUBBASIN_COORDINATION_AGREEMENT,make,GSA
0022,KINGS_SUBBASIN_COORDINATION_AGREEMENT,make,North_Fork
0022,KINGS_SUBBASIN_COORDINATION_AGREEMENT,make,North_Kings
0022,KINGS_SUBBASIN_COORDINATION_AGREEMENT,make,the_South_Kings_GSA
0022,GSA,desire,GSAs
0022,GSA,acknowledge,Kings_River_Water_Association
0022,Each_GSA_Party,be,GSA
0022,GSA,be,GSA
0022,GSA,mean,a_Groundwater_Sustainability_Agency
0022,GSA_Party,mean,a_Groundwater_Sustainability_Agency
0022,GSA,mean,the_Coordination_Workgroup
0022,Each_GSA_Party,understand,GSA
0022,GSA,establish,a_Coordination_Workgroup
0022,The_Coordination_Workgroup,consist,GSA
0022,GSA,incur,GSA_Party
0022,the_Coordination_Workgroup,convene,GSA
0022,the_Coordination_Workgroup,convene,GSA_Board_of_Directors
0022,the_Coordination_Workgroup,convene,GSA_Party_s
0022,the_Coordination_Workgroup,convene,SGMA
0022,GSA_Party,appoint,GSA_Party
0022,The_Coordination_Workgroup,recognize,GSA
0022,DMS,address,DMS
0022,GSA,provide,DMS
0022,Central_Kings_GSA_s,be,CKGSA
0023,Agency,rely,Department
0023,Agency,rely,Department
0023,Cutler_Public_Utility_District,join,the_Cutler_Orosi_Surface_Water_Plant_Authority
0023,Orosi_Public_Utility_District,join,the_Cutler_Orosi_Surface_Water_Plant_Authority
0023,Cutler_Public_Utility_District,form,the_Cutler_Orosi_Surface_Water_Plant_Authority
0023,Orosi_Public_Utility_District,form,the_Cutler_Orosi_Surface_Water_Plant_Authority
0023,COSWPA,pursue,SWTP
0023,Alta_Irrigation_District,use,District
0023,Alta_Irrigation_District,have,the_Kings_River_Water_Association
0023,Alta_Irrigation_District,provide,KREGSA
0023,Alta_Irrigation_District,use,District
0023,Alta_Irrigation_District,provide,KREGSA
0023,Alta_Irrigation_District,use,District
0023,Alta_Irrigation_District,provide,KREGSA
0023,Alta_Irrigation_District,use,District
0023,Alta_Irrigation_District,have,the_Kings_River_Water_Association
0023,Alta_Irrigation_District,provide,KREGSA
0023,Alta_Irrigation_District,use,District
0023,Alta_Irrigation_District,provide,KREGSA
0023,Alta_Irrigation_District,use,District
0023,Alta_Irrigation_District,provide,KREGSA
0024,Agency,utilize,Department
0024,the_Friant_Water_Authority,base,WISP
0024,DWR,develop,the_California_Water_Commission_s
0024,NKGSA,estimate,NKGSA
0024,the_US_Bureau_of_Reclamation,enter,Gravely_Ford
0024,the_Kings_River_Conservation_District,operate,the_Kings_River_Water
0024,NKGSA,plan,Groundwater_Sustainability_Agency
0024,Fresno_Regional_Groundwater_Management_Group,form,NKGSA
0024,Fresno_Regional_Groundwater_Management_Group,form,the
0024,Fresno_County,track,GIS
0024,NKGSA,identify,GSP
0024,NKGSA,coordinate,the_Division_of_Drinking_Water
0024,NASA,show,NKGSA
0024,USGS,obtain,University
0024,CGPS,locate,Coarsegold
0024,CGPS,locate,Madera
0024,CGPS,locate,Mendota
0024,CGPS,find,DWR_Monitoring_Network
0024,DWR,monitor,California
0024,DWR,work,NASA
0024,NKGSA,track,NKGSA
0024,USBR,obtain,DWR
0024,USBR,obtain,the_San_Joaquin_River_Restoration_Program
0024,USBR,obtain,USACE
0024,USBR,obtain,USGS
0024,KRCD,establish,National_Geodetic_Survey
0024,KRCD,have,NKGSA
0024,NKGSA,continue,San_Joaquin_River_Restoration_Program
0024,NKGSA,establish,Groundwater_Sustainability_Agency
0024,NKGSA,establish,NKGSA
0024,NKGSA,establish,North_Kings
0024,GSA,require,GSA
0024,NKGSA,promote,FCPHD
0024,NKGSA,request,County
0024,NKGSA,require,NKGSA
0024,NKGSA,adopt,NKGSA
0025,Monitoring_Network,select,North_Fork_Kings_GSA
0025,Agency,rely,Department
0025,GSA,apply,TSS
0025,USBR,obtain,DWR
0025,USBR,obtain,USACE
0025,USBR,obtain,USGS
0025,USBR,publish,the_San_Joaquin_River_Restoration_Program
0025,SJRRP,include,GSA
0025,SJRRP,include,NFKGSA
0025,Monitoring_Network,do,North_Fork_Kings_GSA
0025,USBR,monitor,SJRRP
0025,NFKGSA,supplement,NASA
0025,the_Scripps_Orbit_and_Permanent_Array_Center,process,CGPS
0025,NASA,cover,NFKGSA
0025,GSA,request,KRCD
0025,NASA,supplement,KRCD
0025,LID,manage,NFKGSA
0025,LID,obtain,State_Water_Resources_Control_Board
0025,LID,manage,NFKGSA
0025,LID,be,GSA
0025,NFRRP,locate,Fresno_County
0025,NFRRP,locate,NFKGSA
0025,NFRRP,be,County_of_Fresno
0025,NFRRP,be,Kings_Basin_Water_Authority
0025,NFRRP,be,Kings_River_Conservation_District
0025,NFRRP,be,Laguna_Irrigation_District
0025,NFRRP,be,Liberty
0025,LID,have,Beeler
0025,The_Supporting_Agency,be,NFKGSA
0025,LID,manage,NFKGSA
0025,NFKGSA,provide,SGMA
0025,NFKGSA,provide,SGMA
0025,NFKGSA,provide,SGMA
0025,NFKGSA,provide,SGMA
0026,Agency,take,GSA
0026,GSA,consider,GSP
0026,SKGSA,provide,SGMA
0026,South_Kings,draft,CID
0026,CSD,have,CID
0026,SKGSA,provide,SGMA
0026,CSD,have,CID
0026,SKGSA,provide,SGMA
0026,SKGSA,provide,SGMA
0026,SKGSA,provide,SGMA
0026,SKGSA,provide,SGMA
0026,SKGSA,provide,SGMA
0026,SKGSA,provide,SGMA
0028,Agency,rely,Department
0028,Agency,rely,McMullin_Area
0028,GSA,analyze,the_Groundwater_Ambient_Monitoring_and_Assessment_Program
0028,MAGSA,identify,GSP
0028,GAMA,utilize,GSA
0028,Fresno_County_s,accord,State
0028,The_Irrigated_Lands_Regulatory_Program,cover,GSA
0028,Agency,rely,Department
0028,MAGSA,identify,GSA
0028,CGPS,be,Madera
0028,CGPS,be,Mendota
0028,CGPS,find,Kings_River_Conservation_District
0028,USGS,obtain,University_NAVSTAR
0028,DWR,obtain,the_San_Joaquin_River_Restoration_Program
0028,USACE,obtain,the_San_Joaquin_River_Restoration_Program
0028,USBR,obtain,the_San_Joaquin_River_Restoration_Program
0028,USGS,obtain,the_San_Joaquin_River_Restoration_Program
0028,USBR,monitor,SJRRP
0028,KRCD,establish,National_Geodetic_Survey
0028,KRCD,establish,NGS
0028,Agency,rely,Department
0028,MAGSA,monitor,NASA
0028,MAGSA,monitor,NASA
0028,MAGSA,continue,USGS
0028,Agency,determine,Groundwater_Sustainability_Agency
0028,Agency,determine,GSA
0028,Agency,determine,McMullin_Area
0028,GSA,continue,the_San_Joaquin_River_Restoration
0028,Agency,rely,Department
0028,Agency,rely,McMullin_Area
0028,GSA_Board,elaborate,the
0028,USBR,utilize,SJRRP
0028,USBR,reference,SJRRP
0028,SJRRP,rely,SJR
0028,GSA,address,GSP
0028,MAGSA,connect,GSA
0028,the_GSA_Board,continue,SJRRP
0028,Fresno_Irrigation_District,be,Fresno
0028,Fresno_Irrigation_District,be,McMullin_Area
0028,the_City_of_Fresno,be,Fresno
0028,the_City_of_Fresno,be,McMullin_Area
0028,City,implement,MAGSA
0028,FID,send,JID
0028,FID,recharge,JID
0028,FID,be,MAGSA
0029,SVBGSA,coordinate,the_Pajaro_Valley_Water_Agency
0029,MCWRA,fund,HCP
0029,CSIP,ensure,CSIP
0029,SVBGSA,work,MCWRA
0029,SVBGSA,work,Monterey_County
0029,SVBGSA,comment,MCWRA
0029,M1W,maintain,MCWRA
0029,Legal_Authority,be,SVBGSA
0029,MCWRA,be,SVBGSA
0029,SVBGSA,work,MCWRA
0030,GKGSA,elect,GSA
0030,SWRCB,enforce,Federal_Environmental_Protection_Agency
0030,GKGSA,coordinate,GKGSA
0030,GKGSA,coordinate,SGMA
0030,GKGSA,share,GSP
0030,GKGSA,include,GSP
0030,Greater_Kaweah,manage,GSA
0030,GSA,apportion,GKGSA
0030,GKGSA,work,JPA
0030,GSA,propose,GSA
0030,GSA,propose,JPA
0030,GKGSA,utilize,GSAs
0030,KDWCD,participate,California
0030,KDWCD,participate,Greater_Kaweah
0030,KDWCD,participate,Wells
0030,Tulare_Irrigation_District,be,CASGEM
0030,Department_of_City_of_Exeter,establish,Geological_Survey
0030,Department_of_City_of_Exeter,establish,SWRCB
0030,Department_of_City_of_Exeter,establish,United_States
0030,Farmersville,establish,Geological_Survey
0030,Farmersville,establish,SWRCB
0030,Farmersville,establish,United_States
0030,Ivanhoe,establish,Geological_Survey
0030,Ivanhoe,establish,SWRCB
0030,Ivanhoe,establish,United_States
0030,USGS,establish,Geological_Survey
0030,USGS,establish,SWRCB
0030,USGS,establish,United_States
0030,Livermore_National,be,Kaweah
0030,Livermore_National,be,NWIS
0030,Livermore_National,be,Tulare_County
0030,The_Priority_Basin_Project_Quality_Control_Board,perform,Ambient_Regional_Water_Monitoring
0030,The_Priority_Basin_Project_Quality_Control_Board,perform,Assessment_Department_of_Water
0030,The_Priority_Basin_Project_Quality_Control_Board,perform,DPR
0030,The_Priority_Basin_Project_Quality_Control_Board,perform,GEI_Consultants
0030,The_Priority_Basin_Project_Quality_Control_Board,perform,General_Minerals
0030,The_Priority_Basin_Project_Quality_Control_Board,perform,Quality_Association_Program
0030,KDWCD,hold,the_US_Bureau_of_Reclamation
0030,KDWCD,work,the_Army_Corps_of_Engineers
0030,KSJRA,work,the_Army_Corps_of_Engineers
0030,SGMP,assist,GSAs
0030,GKGSA,construct,Caltrans
0030,KDWCD,construct,Caltrans
0030,GKGSA,plan,EKGSA
0030,GKGSA,plan,MKGSA
0030,SGMA,schedule,SGMA
0031,the_City_of,provide,San_Joaquin
0031,The_Kings_GSA,assume,North
0031,The_James_GSA,account,James_GSA
0031,The_James_GSA,consider,Alta_Irrigation_District
0031,The_James_GSA,consider,the_Kings_River_Conservation
0031,WSIP,be,DWR
0031,Friant_Contractors,have,SJRRP
0031,GSA,deliver,the_James_GSA
0031,the_Friant_Division,deliver,the_James_GSA
0031,James_ID,purchase,the_Delta_Division
0031,the_James_GSA,be,the_James_GSA
0031,The_James_GSA,identify,James_Groundwater_Sustainability_Agency
0031,Domestic_Well_Program,be,the_Fresno_County_Rural
0031,GSA,have,GSA
0031,GSA,provide,the_Data_Management_System
0031,GSA,provide,the_Plan_Manager_for_the_Basin
0031,GSA,apply,Technical_Support_Services
0031,Agency,rely,Department
0031,Agency,rely,James_Groundwater_Sustainability_Agency
0031,James_GSA,be,the_Kings_River_Water_Quality_Coalition
0031,James_GSA,be,the_Kings_River_Watershed_Coalition_Authority
0031,The_James_GSA,collect,GSA
0031,The_James_GSA,coordinate,KRWQC
0031,GSA,analyze,the_Groundwater_Ambient_Monitoring_and_Program
0031,Agency,rely,Department
0031,USGS,obtain,University_NAVSTAR
0031,USBR,obtain,DWR
0031,USBR,obtain,USACE
0031,USBR,obtain,USGS
0031,USBR,publish,the_San_Joaquin_River_Restoration_Program
0031,James_GSA,supplement,NASA
0031,The_Plate_Boundary_Observatory,process,CGPS
0031,the_Scripps_Orbit_and_Permanent_Array_Center,process,CGPS
0031,GSA,request,KRCD
0031,Agency,rely,Department
0031,The_James_GSA,plan,GSP
0032,The_Ventucopa_Management_Area,include,Ventucopa
0032,CBGSA,designate,the_Ventucopa_Management_Area
0032,CCSD,base,CCSD
0032,CBGSA,be,CBGSA
0032,CCSD,evaluate,GSP
0032,CBGSA,submit,GSP
0032,CBGSA,develop,SGMA
0032,CBGSA,make,USDA
0032,the_Cuyama_Basin_Water_District,make,USDA
0032,CBGSA,delay,GSP
0032,CBGSA,delay,Hispanic
0032,CBGSA,delay,SAC
0032,SAC,have,Hispanic
0032,SBGSA,have,Hispanic
0032,The_Nature_Conservancy,identify,GSP
0032,CDFW,enhance,GSP
0032,GSP,satisfy,SGMA
0032,GSP,satisfy,SGMA
0032,GSP,satisfy,SGMA
0032,GSP,develop,SGMA
0032,the_CBGSA_Board,confirm,Ventucopa_Area
0035,GSAs,comply,SGMA
0036,KGA,work,GSAs
0036,KGA,achieve,GSA
0036,GSAs,be,GSP
0036,KGA,be,GSP
0036,The_KGA_GSA_Managers_Group,include,KGA
0036,KGA_GSA,facilitate,GSA
0036,KGA,represent,KGA
0036,KGA,represent,the_KGA_GSA_Managers_Group
0036,The_South_Canal_Flood_Study,revise,FEMA
0036,NKWSD,be,NKWSD
0036,NKWSD,improve,District
0036,Spreading_Pond,expand,NKWSD
0036,RRBWSD,provide,RRBWSD
0036,Buena_Vista,be,Bakersfield
0036,James_Groundwater_Storage,be,Bakersfield
0036,Rosedale,be,Bakersfield
0036,The_James_Groundwater_Storage_and_Recovery_Project,be,Bakersfield
0036,RRBWSD,conduct,RRBWSD
0036,SSJMUD,have,Delano
0036,SSJMUD,have,SSJMUD
0036,SSJMUD,have,the_City
0036,SSJMUD,use,FKC
0036,Todd_Groundwater,revise,Kern_County
0036,Todd_Groundwater,develop,Kern_County
0036,the_Kern_River_GSA,enter,GSAs
0036,the_Kern_River_GSA,enter,Todd_Groundwater
0036,The_Kern_Groundwater_Authority,retain,GSAs
0036,The_Kern_Groundwater_Authority,retain,Kern_County
0036,The_Kern_Groundwater_Authority,retain,Woodard_Curran
0036,Todd_Groundwater,work,Woodard_Curran
0036,Charles_Brush,add,Todd_Groundwater
0036,Hydrolytics_LLC,add,Todd_Groundwater
0036,Todd_Groundwater,coordinate,a_Technical_Peer_Review_Team
0036,NOAA_Bakersfield_Meadows_Field_Airport,overlap,Kern_County
0036,Tejon_Castaic_WD,overlie,Kern_County
0036,Tejon_Castaic_WD,overlie,White_Wolf
0036,The_Arvin_Edison_WSD,overlie,Kern_County
0036,The_Arvin_Edison_WSD,overlie,White_Wolf
0036,Wheeler_Ridge_Maricopa_WSD,overlie,Kern_County
0036,Wheeler_Ridge_Maricopa_WSD,overlie,White_Wolf
0036,SGMA,represent,Kern_County
0036,GSP,require,GSP
0036,FWUA,use,SJRRP
0036,SGMA_Projects,compare,SGMA
0036,SGMA,attribute,Kern_County
0036,SGMA,attribute,SGMA
0036,IPUMS,access,Kern_County
0036,CVRWQCB,provide,the_County_of_Kern
0036,KGA_Board_of_Directors,include,GSAs
0036,KGA_Board_of_Directors,include,SGMA
0036,Bartow,provide,California_Geological_Survey
0036,The_Kern_County_Water_Agency,form,DWR
0036,The_Kern_County_Water_Agency,form,Kern_County
0036,DWR,complete,SWP
0036,SWP,construct,CVP
0036,KRWCA,lead,the_Irrigated_Lands_Regulatory_Program
0036,Environmental_Health_Department,comply,the_State_Water_Board_s
0036,Kern_County,comply,the_State_Water_Board_s
0036,Environmental_Health_Department,update,County
0036,Kern_County,update,County
0036,KGA,work,Kern_County
0036,GAMA,contain,Department_of_Toxic_Substances
0036,GAMA,contain,SWRCB
0037,DWR,utilize,GSA
0037,Kern_County,share,DWR
0037,Todd_Groundwater,work,Woodard_and_Curran
0037,WC,work,DWR
0038,DWR,use,each_GSP_Group
0038,the_Grassland_Plan_Area,maintain,the_Plan_Area
0038,The_Grassland_Plan_Area,consider,the_Plan_Area
0038,Plan_Area,commit,GSP
0038,Grassland_Plan_Area,be,Northern_and_Central_GSP
0038,Grassland_Plan_Area,be,Westlands_Water_District
0038,the_Grassland_Plan_Area,reevaluate,SMCs
0038,GGSA,use,the_Plan_Area
0038,MCDMGSA,use,the_Plan_Area
0038,each_GSP_Group,develop,GSP_Groups
0038,Board_of_Directors,submit,USBR
0038,District,submit,USBR
0038,USBR,approve,Refuge_Water_Supply_Program
0038,GWD,provide,CDFW
0038,GWD,provide,RWQCB
0038,GWD,provide,USBR
0038,GWD,provide,USFWS
0038,Merced_County,shift,USBR
0038,The_San_Joaquin_Valley_Drainage_Authority,agree,GGSA
0038,The_San_Joaquin_Valley_Drainage_Authority,agree,the_San_Joaquin_River_Improvement_Project
0042,the_SFK_GSA,have,North_Fork_Kings_GSA
0042,SFK,have,Westlands_WD
0042,SWK,have,Westlands_WD
0043,District,meet,Authority
0043,Agency,undertake,Agency
0043,The_Public_Agency,be,Public_Agency
0043,The_Public_Agency,be,Public_Agency
0043,ETGSA,become,Agencies
0043,ETGSA,encourage,Agency
0043,ETGSA,provide,Porterville
0043,ETGSA,provide,Tulare
0043,ETGSA,receive,GSP
0043,ETGSA,request,ETGSA
0043,ETGSA,add,ETGSA
0043,ETGSA,resolve,a_Groundwater_Sustainability_Agency
0043,CEP,explain,ETGSA
0043,CEP,provide,ETGSA
0043,ETGSA,require,DWR
0043,ETGSA,require,SGMA
0043,Alpaugh,make,Angiola_Water_District
0043,Alpaugh,make,Deer_Creek
0043,Alpaugh,make,Kern_Tulare
0043,Alpaugh,make,Lower_Tule_River_Irrigation_District
0043,Alpaugh,make,Pixley
0043,Alpaugh,make,Poplar_Community_Services
0043,Alpaugh,make,Porterville
0043,Alpaugh,make,Porterville_Irrigation_District
0043,Alpaugh,make,Saucelito_Irrigation_District
0043,Alpaugh,make,Tea_Pot_Dome
0043,Alpaugh,make,Terra_Bella
0043,Alpaugh,make,Tri_County_Water_Authority
0043,Alpaugh,make,Tulare_County
0043,Atwell_Island_Water_District,make,Angiola_Water_District
0043,Atwell_Island_Water_District,make,Deer_Creek
0043,Atwell_Island_Water_District,make,Kern_Tulare
0043,Atwell_Island_Water_District,make,Lower_Tule_River_Irrigation_District
0043,Atwell_Island_Water_District,make,Pixley
0043,Atwell_Island_Water_District,make,Poplar_Community_Services
0043,Atwell_Island_Water_District,make,Porterville
0043,Atwell_Island_Water_District,make,Porterville_Irrigation_District
0043,Atwell_Island_Water_District,make,Saucelito_Irrigation_District
0043,Atwell_Island_Water_District,make,Tea_Pot_Dome
0043,Atwell_Island_Water_District,make,Terra_Bella
0043,Atwell_Island_Water_District,make,Tri_County_Water_Authority
0043,Atwell_Island_Water_District,make,Tulare_County
0043,GSA,make,Angiola_Water_District
0043,GSA,make,Deer_Creek
0043,GSA,make,Kern_Tulare
0043,GSA,make,Lower_Tule_River_Irrigation_District
0043,GSA,make,Pixley
0043,GSA,make,Poplar_Community_Services
0043,GSA,make,Porterville
0043,GSA,make,Porterville_Irrigation_District
0043,GSA,make,Saucelito_Irrigation_District
0043,GSA,make,Tea_Pot_Dome
0043,GSA,make,Terra_Bella
0043,GSA,make,Tri_County_Water_Authority
0043,GSA,make,Tulare_County
0043,the_County_of_Tulare,represent,ETGSA
0043,ETGSA,coordinate,GSA
0043,ETGSA,encompass,Porterville
0043,ETGSA,encompass,Saucelito_Irrigation_District
0043,Terra_Bella_Irrigation_District,encompass,Porterville
0043,Terra_Bella_Irrigation_District,encompass,Saucelito_Irrigation_District
0043,Vandalia,encompass,Porterville
0043,Vandalia,encompass,Saucelito_Irrigation_District
0043,The_City_of_Porterville,sit,ETGSA
0043,ETGSA,include,Ducor
0043,ETGSA,include,East_Porterville
0043,ETGSA,include,Richgrove
0043,ETGSA,include,Terra_Bella
0043,ETGSA,give,DWR
0043,ETGSA,provide,SGMA
0043,ETGSA,submit,DWR
0043,ETGSA,submit,GSP
0043,the_Sequoia_Riverlands_Trust,serve,the_ETGSA_Stakeholder_Committee
0043,ETGSA,hold,the_Bureau_of_Reclamation
0043,Tribe,locate,ETGSA
0043,Tribe,locate,the_Tule_Indian
0043,Tule_White_Area_Growers_Inc,be,ETGSA
0043,Tule_Basin_Water_Quality_Coalition,monitor,the
0043,ETGSA,see,ETGSA
0043,ETGSA,encourage,SGMA
0043,ETGSA,work,4_Creeks
0043,ETGSA,work,Thomas_Harder_Company
0043,ETGSA,compose,a_Board_of_Directors
0043,ETGSA,compose,a_Stakeholder_Committee
0043,ETGSA,compose,an_Executive_Committee
0043,District,include,District
0043,District,execute,Hathaway_LLC
0043,District,receive,District
0043,District,consist,FKC
0044,Agency,include,Agency
0044,Agency,submit,Department
0044,Agency,utilize,Department
0044,Agency,describe,Plan
0045,RCWDGSA,continue,District
0045,RCWD_GSA_Board,hold,Madera
0045,Agency,demonstrate,Department
0045,Department,use,Department
0047,California,be,SWRCB
0047,DWR,provide,SGMA
0047,SWRCB,set,SWRCB
0047,DWR,require,GSP
0047,DWR,use,DWR
0047,CEQA_SEWD,represent,Environmental
0047,CSJWCD,represent,Environmental
0048,The_High_Speed_Rail_Project,pass,Alpaugh_GSA
0048,Alpaugh_GSA,conduct,TSMP
0048,TSMP,prepare,Alpaugh_Groundwater_Sustainability_Agency
0049,District,oversee,GSA
0049,NSWDGSA,utilize,NASA
0050,MKGSA,share,GSP
0050,Tulare_Irrigation_District,occupy,MKGSA
0050,MKGSA,set,GEI_Consultants_Inc
0050,GSAs,agree,GSA
0050,MKGSA,describe,GEI_Consultants_Inc
0050,City_of_Woodlake,be,City_of_Exeter
0050,City_of_Woodlake,be,Ivanhoe_Pesticide
0050,Kaweah,be,City_of_Exeter
0050,Kaweah,be,Ivanhoe_Pesticide
0050,the_Kaweah_Delta_Water_Conservation_District,participate,CASGEM
0050,TID,participate,CASGEM
0050,Corcoran,include,Lemon_Cove
0050,Hanford,include,Lemon_Cove
0050,Lindsay,include,Lemon_Cove
0050,Visalia,include,Lemon_Cove
0050,Groundwater_Sustainability_Plan,pende,Groundwater_Sustainability_Agency
0050,Groundwater_Sustainability_Plan,pende,Mid_Kaweah
0051,GAMA,report,GSA
0051,the_Buena_Vista_Coalition,conduct,ILRP
0051,BVGSA,complicate,KRGSA
0051,BVGSA,complicate,SGMA
0051,MMA,be,the_Kern_River_GSA
0051,BVGSA,adopt,BVWSD
0051,District,enhance,District
0051,BVGSA,fluctuate,BVGSA
0051,Authority_GSA,utilize,the_Kern_Groundwater
0051,BVGSA,base,SGMA
0051,BVGSA,choose,SGMA
0051,MA,align,GSA
0051,MA,align,MMA
0051,District,divert,BVWSD
0051,District,entitle,the_State_Water_Project
0051,the_Kern_County_Water_Agency,entitle,the_State_Water_Project
0051,BVWSD,use,GSA
0051,BVGSA,receive,the_State_Water_Project
0051,BVGSA,be,Belridge
0051,CIMIS,be,Belridge
0051,Belridge,present,Belridge
0051,Shafter,present,Belridge
0051,BVGSA,be,GSA
0051,GSA,share,the_Kern_Delta_Water_District
0051,GSA,share,the_Kern_Water_Bank_Authority
0051,GSA,share,the_West_Kern_Water_District
0051,BVGSA,continue,Corn_Camp
0051,BVGSA,continue,McAllister_Ranch
0051,The_Brackish_Groundwater_Recovery_Project,implement,NEPA
0051,BVWSD,implement,District
0051,The_Landowner_Well_Use_Program,implement,CEQA
0051,Program,follow,BVGSA
0051,BVGSA,be,Buena_Vista
0051,BVGSA,be,GEI_Consultants_Inc
0051,BVGSA,be,GSA
0051,BVGSA,be,Water_Storage_District
0051,GSA,achieve,ILRP
0051,the_Buena_Vista_Coalition,develop,the_Irrigated_Lands_Regulatory_Program
0051,Kern_County,guide,GSAs
0052,Yuba,revise,GSP
0052,the_Groundwater_Quality_Monitoring_Network,collaborate,DWR
0052,GSAs,request,Beale_AFB
0052,GSAs,request,Brophy_Water_District
0052,GSAs,request,BVID
0052,GSAs,request,California_Water_Service
0052,GSAs,request,Company
0052,GSAs,request,DDW
0052,GSAs,request,Dry_Creek
0052,GSAs,request,DWR
0052,GSAs,request,Hallwood_Irrigation_Company
0052,GSAs,request,Linda_County
0052,GSAs,request,Marysville
0052,GSAs,request,Mutual_Water_Company
0052,GSAs,request,Olivehurst_Utility_District
0052,GSAs,request,Wheatland
0052,GSAs,consider,CIMIS
0052,DWR,join,CIMIS
0052,GSAs,continue,DWR
0052,YWA,work,DWR
0052,GSAs,hold,the_Yuba_County_Community_Development_and_Services_Agency
0052,GSAs,work,the_City_of_Wheatland
0052,GSAs,work,Yuba_County
0052,GSAs,coordinate,DWR
0052,GSAs,coordinate,Reclamation
0052,GSAs,regard,Yuba_County
0052,GSAs,coordinate,Beale_AFB
0052,GSAs,coordinate,Community_Development_and_Services_Agency
0052,GSAs,coordinate,RWQCB
0052,GSAs,coordinate,Yuba_County
0052,YWA,track,GSP
0052,YWA,apply,DWR
0052,GSAs,take,GSP
0052,GSC,advise,GSAs
0052,GSAs,take,GSC
0052,GSAs,provide,GSC
0052,GSAs,inform,GSC
0052,DWR,monitor,Yuba_County
0052,YWA,monitor,Yuba_County
0052,Cordua_Irrigation_District,provide,EKI_Environment_Water_Inc
0052,Cordua_Irrigation_District,provide,Jacobs_Inc
0052,the_Beale_AFB,provide,EKI_Environment_Water_Inc
0052,the_Beale_AFB,provide,Jacobs_Inc
0052,DWR,instal,Yuba_County
0052,YGM,subtract,YGM
0052,YWA,continue,Yuba_County
0052,YWA,share,DWR
0052,YWA,share,USGS
0053,Yuba,revise,GSP
0053,the_Groundwater_Quality_Monitoring_Network,collaborate,DWR
0053,GSAs,request,Beale_AFB
0053,GSAs,request,Brophy_Water_District
0053,GSAs,request,BVID
0053,GSAs,request,California_Water_Service
0053,GSAs,request,Company
0053,GSAs,request,DDW
0053,GSAs,request,Dry_Creek
0053,GSAs,request,DWR
0053,GSAs,request,Hallwood_Irrigation_Company
0053,GSAs,request,Linda_County
0053,GSAs,request,Marysville
0053,GSAs,request,Mutual_Water_Company
0053,GSAs,request,Olivehurst_Utility_District
0053,GSAs,request,Wheatland
0053,GSAs,consider,CIMIS
0053,DWR,join,CIMIS
0053,GSAs,continue,DWR
0053,YWA,work,DWR
0053,GSAs,hold,the_Yuba_County_Community_Development_and_Services_Agency
0053,GSAs,work,the_City_of_Wheatland
0053,GSAs,work,Yuba_County
0053,GSAs,coordinate,DWR
0053,GSAs,coordinate,Reclamation
0053,GSAs,regard,Yuba_County
0053,GSAs,coordinate,Beale_AFB
0053,GSAs,coordinate,Community_Development_and_Services_Agency
0053,GSAs,coordinate,RWQCB
0053,GSAs,coordinate,Yuba_County
0053,YWA,track,GSP
0053,YWA,apply,DWR
0053,GSAs,take,GSP
0053,GSC,advise,GSAs
0053,GSAs,take,GSC
0053,GSAs,provide,GSC
0053,GSAs,inform,GSC
0053,DWR,monitor,Yuba_County
0053,YWA,monitor,Yuba_County
0053,Cordua_Irrigation_District,provide,EKI_Environment_Water_Inc
0053,Cordua_Irrigation_District,provide,Jacobs_Inc
0053,the_Beale_AFB,provide,EKI_Environment_Water_Inc
0053,the_Beale_AFB,provide,Jacobs_Inc
0053,DWR,instal,Yuba_County
0053,YGM,subtract,YGM
0053,YWA,continue,Yuba_County
0053,YWA,share,DWR
0053,YWA,share,USGS
0054,KRGSA,implement,City
0054,KDWD,work,City
0054,the_Kern_Sanitation_Authority,recycle,KRGSA
0054,KDWD,include,KDWD
0054,KCWA,manage,Berrenda_Mesa
0054,Cal_Water,be,Bakersfield
0054,City,include,Olcese
0054,ENCSD,be,KRGSA
0054,the_KRGSA_Plan_Area,report,ID4
0054,NORMWD,estimate,the_KRGSA_Plan_Area
0054,City,cover,Bakersfield
0054,Water_System,cover,Bakersfield
0054,Cal_Water,operate,City
0054,Lamont_Public_Utilities_District,provide,Lamont
0054,Lamont_Public_Utilities_District,provide,Weedpatch
0054,Lamont_PUD,be,the_KRGSA_Plan_Area
0054,Vaugh_WC,participate,ID4
0054,Greenfield_CWD,provide,GSP
0054,US,provide,Harner
0054,KCWA,be,KRGSA
0054,KCWA,share,KRGSA
0054,KDWD,recover,KRGSA
0054,KDWD,recover,Metropolitan
0054,KDWD,recover,SBVMWD
0054,City,share,City
0054,ID4,share,City
0054,KCWA,share,City
0054,City,provide,CEQA
0054,the_City_of_Los_Angeles,locate,KRGSA
0054,KDWD,cover,KDWD
0054,KDWD,cover,the_City_of_Bakersfield
0054,City,reside,City
0054,City,reside,the_City_Council
0054,ENCSD,require,ENCSD
0054,ENCSD,need,the_Fairfax_School_District
0054,ENCSD,document,GSP
0054,ENCSD,document,KRGSA
0054,GSA,recognize,KRGSA
0054,KDWD,deliver,ENCSD
0054,KDWD,deliver,ID4
0054,City,be,ID4
0054,ID4,be,ID4
0054,the_Board,regard,the_Kern_River_GSA
0054,the_Kern_Delta_Water_District,regard,the_Kern_River_GSA
0054,District,resolve,the_City_of_Bakersfield
0054,District,resolve,the_Kern_County_Water_Agency
0054,GSA,submit,DWR
0054,the_Buena_Vista_Water_Storage_District,submit,DWR
0054,the_Buena_Vista_Water_Storage_District,submit,Kern_County
0054,the_Kern_County_Water_Agency,resolve,the_City_of_Bakersfield
0054,the_Kern_County_Water_Agency,resolve,the_Kern_Delta_Water_District
0054,CITY,be,GSA
0054,KERN_DELTA,elect,CITY
0054,KERN_DELTA,elect,ID4
0054,CITY,hold,WHEREAS
0054,ID4,elect,CITY
0054,ID4,elect,KERN_DELTA
0054,CITY,enter,WHEREAS
0054,KERN_DELTA,enter,WHEREAS
0054,WHEREAS,enter,WHEREAS
0054,CITY,agree,ID4
0054,KERN_DELTA,agree,ID4
0054,CITY,be,KRGSA
0054,ID4,be,KRGSA
0054,KERN_DELTA,be,KERN_DELTA_s
0054,KERN_DELTA,be,KRGSA
0054,City,form,GSA
0054,ID4,form,GSA
0054,Bakersfield,elect,a_Groundwater_Sustainability_Agency
0054,Bakersfield,work,Kern_Delta_Water
0054,Bakersfield,work,the_City_of_Bakersfield
0054,Bakersfield,work,the_Kern_River_Groundwater_Sustainability_Agency
0054,Improvement_District_No,work,Kern_Delta_Water
0054,Improvement_District_No,work,the_City_of_Bakersfield
0054,Improvement_District_No,work,the_Kern_River_Groundwater_Sustainability_Agency
0054,Kern_Delta_Water_District,work,Kern_Delta_Water
0054,Kern_Delta_Water_District,work,the_City_of_Bakersfield
0054,Kern_Delta_Water_District,work,the_Kern_River_Groundwater_Sustainability_Agency
0054,Iht_ncyls,have,awattrsupply
0054,East_Niles,hold,District
0054,District,decide,a_Groundwater_Sustainability_Agency
0054,District,form,a_Groundwater_Sustainability_Agency
0054,District,form,Kern_County
0054,Kern_Delta_Water_District,coordinate,GSA
0054,the_City_of_Bakersfield,coordinate,GSA
0054,Ashe_Water_Company,believe,GSA
0054,City_of_Bakersfield,believe,GSA
0054,East_Niles,believe,GSA
0054,Greenfield_County,believe,GSA
0054,Kern_County,believe,GSA
0054,GSP,welcome,GSAs
0054,GSP,welcome,Kern_County
0054,GSP,welcome,KRGSA
0054,Greenfield,be,Department_of_Water_Resources
0054,the_KRGSA_GSp,include,Greenfield
0054,the_KRGSA_GSp,include,KRGSA
0054,Greenfield,participate,GSP
0054,Greenfield,participate,KRGSA
0054,Kern_County,be,Department_of_Water_Resources
0054,Kern_Delta,be,Department_of_Water_Resources
0054,KRGSA,be,Department_of_Water_Resources
0054,KRGSA,continue,KRGSA
0054,Greenfield,provide,KRGSA
0054,County,agree,KRGSA
0054,County,wish,KRGSA
0054,County,have,Kern_County
0054,KRGSA,consider,KRGSA
0054,County,commit,KRGSA
0054,KRGSA,indemnify,County
0054,KRGSA,indemnify,KRGSA
0054,County,ask,County
0054,KRGSA,ask,County
0054,KRGSA,agree,County
0054,KRGSA,file,the_Department_of_Water_Resources
0054,County,join,KRGSA
0054,KRGSA,consider,GSP
0054,KRGSA,cooperate,County
0054,GSP,incorporate,GSA
0054,KRGSA,indemnify,County
0054,KRGSA,manage,KRGSA
0054,County,have,Kern_County
0054,County,wish,KRGSA
0054,KRGSA,consider,KRGSA
0054,KRGSA,monitor,KRGSA
0054,District,resolve,ID4
0054,ID4,resolve,City
0054,ID4,resolve,GSA
0054,ID4,resolve,KDWD
0054,City,form,KRGSA
0054,ID4,form,KRGSA
0054,KDWD,form,KRGSA
0054,KRGSA,solicit,GSP
0054,KRGSA,remove,GSA
0054,KRGSA,remove,the_County_of_Kern_s
0054,KRGSA,become,GSA
0054,DWR,assess,GSP
0054,GSA,respond,GSP
0054,GSP,comply,GSP
0054,GSP,comply,SGMA
0054,KRGSA,participate,GSAs
0054,KRGSA,participate,Kern_County
0054,KRGSA,add,KRGSA
0054,KRGSA,nest,Kern_County_Subbasin
0054,KRGSA,send,DWR
0054,California_Water_Service_Company,be,KRGSA
0054,Vaughn_Water_Company,be,KRGSA
0054,KRGSA,manage,KRGSA
0054,Management_Group,manage,KRGSA
0054,KRGSA,guide,KRGSA
0054,Board,find,KRGSA
0054,KRGSA,find,KRGSA
0054,KRGSA,hold,GSP
0054,Agency,hold,GSP
0054,Agency,hold,KRGSA
0054,Agency,guide,GSP
0054,KRGSA,hold,GSP
0054,Agency,hold,GSP
0054,Agency,hold,KRGSA
0054,Agency,solicit,GSP
0054,KRGSA,understand,KRGSA
0054,KRGSA,conduct,SGMA
0054,KRGSA,conduct,SGMA
0054,KRGSA,provide,GSP
0054,California,define,DAC
0054,GSP,include,GSA
0054,KRGSA,engage,Self_Help_Enterprises
0054,KRGSA,follow,Board
0054,KRGSA,find,KRGSA
0054,The_Kern_Groundwater_Authority,provide,KERN_GROUNDWATER_AUTHORITY
0054,KGA,be,GSA
0054,KGA,form,GSA
0054,KGA,form,Kern_County
0054,KGA,organize,Kern_County
0054,KRGSA,prepare,Kern_County
0054,KRGSA,work,KGA
0054,KRGSA,see,Kern_County
0054,KRGSA,see,KGA
0054,KGA,develop,SGMA
0054,KRGSA,develop,SGMA
0054,KRGSA,see,KGA
0054,KRGSA,develop,KGA
0054,KRGSA,coordinate,KGA
0054,KRGSA,invite,GSAs
0054,KRGSA,participate,GSA
0054,KRGSA,participate,SGMA_Roundtable
0054,KRGSA,join,GSAs
0054,KRGSA,join,SGMA
0054,KRGSA,work,GSAs
0054,DWR,announce,SGM_Grant_Program
0054,KRGSA,submit,Kern_County
0054,KRGSA,participate,GSP
0054,KGA,participate,Kern_County
0054,KRGSA,participate,Kern_County
0054,Buena,include,Arvin_Edison_Water_Storage_District
0054,Buena,include,Deer_Creek
0054,Buena,include,Henry_Miller
0054,Buena,include,Kern_Fan_Authority
0054,Buena,include,Kern_Groundwater_Authority
0054,Buena,include,Kern_Tulare_Water_District
0054,Buena,include,Kern_Water_Bank_Authority
0054,Buena,include,North_Kern_Water_Storage_District
0054,Buena,include,Rosedale_Rio_Bravo_Water_Storage_District
0054,Buena,include,Semitropic_Water_Storage_District
0054,Buena,include,Shafter_Wasco_Irrigation_District
0056,The_Municipal_Management_Area,provide,Agency
0056,Agency,provide,Agency
0056,Agency,provide,SGMA
0056,Agency,become,District
0056,LTRID,encourage,Board_of_Director
0056,LTRID,encourage,GPC
0056,LTRID,create,a_Groundwater_Planning_Commission
0056,LTRID,create,GSA
0056,GPC,comprise,GSA
0056,the_Tule_Subbasin_TAC,be,David_De_Groot
0056,the_Tule_Subbasin_TAC,be,Visalia
0056,GSA,provide,DWR
0056,GSA,provide,the_Tule_Subbasin_TAC
0056,GSA,incorporate,GSP
0056,GSA,prepare,the_Tule_Subbasin_TAC
0056,the_Tule_Subbasin_TAC,review,DWR
0056,Tulare_County,define,the_Tulare_Lake_Basin_Water_Storage_District
0056,Tulare_County,define,the_Delano_Earlimart_Irrigation_District
0056,GSA,use,GSA
0056,EPA,be,EPA
0057,TCWA,divide,GSA
0057,The_Liberty_Project,be,Kings_County
0057,KENNETH_D_SCHMIDT,prepare,Corcoran
0057,KENNETH_D_SCHMIDT,prepare,Fresno
0057,Klausing,describe,Tulare
0057,Lofgren,describe,Tulare
0058,EKGSA,be,Strathmore
0058,EKGSA,base,the_County_of_Tulare_Health_and_Human_Services_Agency
0058,EKGSA,base,WRI
0058,USGS,use,USGS
0058,EKGSA,intend,a_Well_Observation_Program
0058,EKGSA,identify,EKGSA
0058,EKGSA,assess,EKGSA
0058,EKGSA,be,FKC
0058,EKGSA,impact,EKGSA
0058,EKGSA,rely,FKC
0058,EKGSA,make,the_Central_Valley_Project
0058,EKGSA,make,the_Friant_Division
0058,DWR,report,CASGEM
0058,CASGEM,reference,Hopkins
0058,Monitoring,reference,Hopkins
0058,CASGEM,locate,EKGSA
0058,GAMA,report,DHS
0058,GAMA,report,SDWIS
0058,ILRP,be,Provost_Pritchard_Consulting_Group
0058,SALTS,develop,a_Surveillance_and_Monitoring_Program
0058,SALTS,develop,CV
0058,EKGSA,include,the_City_of_Lindsay
0058,EKGSA,include,the_Strathmore_Public_Utility_District
0058,ILRP,administer,EKGSA
0058,the_Central_Valley_Regional_Water_Quality_Control_Board,administer,EKGSA
0058,The_Kaweah_Basin_Water_Quality_Coalition,establish,a_Joint_Powers_Agency
0058,The_Kaweah_Basin_Water_Quality_Coalition,establish,ILRP
0058,Stone_Corral,manage,EKGSA
0059,SWRCB,have,California
0059,SWRCB,advise,SWRCB
0059,City,consider,China_Lake_NAWS
0059,IWVGA,consider,China_Lake_NAWS
0059,Cerro_Coso,consider,City_NAWS
0059,CWSRF,submit,SWRCB
0059,WRFP,submit,SWRCB
0059,IWVGA,seek,SGWP
0059,Climate_Change_DRI,examine,IPCC
0059,IWVGA,coordinate,the_US_Navy
0059,SGMA,list,Federal
0059,IWVGA,explore,the_Fallowing_Program
0059,the_US_Navy,provide,IWVGA
0059,the_US_Supreme_Court,see,United_States
0059,the_US_Supreme_Court,see,Winters
0059,the_US_Supreme_Court,expand,Federal
0059,Federal,have,US_Supreme_Court
0059,IWVGA,adopt,SGMA
0059,Legal_Authority_SGMA,grant,IWVGA
0059,IWVGA,provide,IWVGA_TAC
0059,SGMA,grant,IWVGA
0061,District,install,District
0061,GSA,measure,the_San_Joaquin_River_Restoration_Project
0061,District,match,the_Madera_County
0061,District,decide,District
0061,GSA,recommend,DWR
0061,GSA,report,Department
0061,GSA,include,DWR
0061,GSA,include,GSA
0061,GSA,include,State
0061,District,be,District
0063,DEID_MA,reach,DEID
0063,the_DEID_Management_Area,project,SGMA
0063,DEID,have,the_Friant_Division
0063,DEID,have,the_US_Department_of_the_Interior
0063,DEID,recharge,the_Turnipseed_Project
0063,DEID,recover,DEID_Management_Area
0063,DEID,recover,the_Turnipseed_Project
0063,District,note,the_DEID_Management_Area
0063,DEID,have,the_US_Department_of_the_Interior
0063,DEID,have,the_US_Department_of_the_Interior
0063,DEID_MA,be,DEID
0065,District,be,District
0065,Agency,utilize,Agriculture
0065,The_Municipal_Management_Area,provide,Agency
0065,Agency,provide,Agency
0065,Agency,provide,SGMA
0065,Agency,become,District
0065,Groundwater_Sustainable_Agency,include,GSP
0065,GSA,follow,GSP
0065,PIXID_GSA,require,DWR
0065,PIXID_GSA,require,SGMA
0065,PIXID,inform,Pixley_Irrigation_Districts
0065,DCTRA,be,the_Southern_San_Joaquin_Valley_Water_Quality_Coalition
0065,DCTRA,be,the_Tule_Basin_Water_Quality_Coalition
0067,TCWD,assume,TCWD
0067,The_Castac_Basin_GSA,organize,LCWD
0067,The_Castac_Basin_GSA,organize,TCWD
0067,The_Castac_Basin_GSA,organize,the_County_of_Kern
0067,PMA,confirm,PMA
0067,Agency,submit,Department
0067,the_Castac_Basin_Groundwater_Sustainability_Agency,perform,GSP
0067,the_Castac_Basin_GSA,anticipate,187_EKI_Environment_Water
0067,the_Castac_Basin_GSA,move,PMA
0067,the_Castac_Basin_GSA,take,GSP
0067,NV5_Inc,prepare,Tejon_Ranch
0067,SGMA_Water_Budget_Development,use,Kern_County
0067,Agency,include,Agency
0067,Agency,submit,Department
0067,Agency,submit,Plan
0067,Agency,manage,Agency
0067,Agency,provide,Department
0070,GSA,achieve,DWR
0070,The_Humboldt_County_GSA,maintain,DWR
0070,The_Humboldt_County_GSA,provide,DWR
0071,N_A,describe,Agencies
0071,N_A,describe,Agency
0071,N_A,describe,GSPs
0071,N_A,describe,N
0071,Agencies,use,SGMA
0071,EMWD,submit,DWR
0071,EMWD,approve,Agency
0071,EMWD,approve,GSA
0071,DWR,approve,EMWD
0071,DWR,approve,EMWD
0071,The_Eastern_Municipal_Water_District,comprise,the_EMWD_Board_of_Directors
0071,The_Eastern_Municipal_Water_District,become,the_Groundwater_Sustainability_Agency
0071,EMWD,continue,GSA
0071,GSA,submit,DWR
0072,VCWPD,monitor,United
0072,DWR,describe,FPBGSA
0072,VCWPD,be,Agency
0072,Agency,use,United
0072,United,use,USGS
0072,United,maintain,VCWPD
0072,Groundwater_Sustainability_Plan,require,United
0072,VCWPD,be,Agency
0072,VCWPD,be,United
0072,FPBGSA,engage,CDFW
0072,GSP,adopt,FPBGSA
0072,GSP,submit,DWR
0072,FPBGSA,elect,United
0072,FPBGSA,work,United
0072,Pumpers_Association,express,FPBGSA
0072,FPBGSA,need,FPBGSA
0072,GSP,accord,DWR
0073,FPBGSA,seek,Pumpers_Association
0073,FPBGSA,continue,GSP
0073,DWR,describe,FPBGSA
0073,United,have,Fillmore
0073,Groundwater_Elevation,be,DWR
0073,Groundwater_Elevation,be,The_California_Statewide
0073,VCWPD,be,Agency
0073,Agency,use,United
0073,United,have,United
0073,United,use,USGS
0073,United,maintain,VCWPD
0073,FPBGSA,engage,CDFW
0073,GSP,adopt,FPBGSA
0073,GSP,submit,DWR
0073,GSP,accord,DWR
0074,SMGWA,develop,GSP
0074,SLVWD,be,the_Water_Conservation_Coalition_of_Santa_Cruz_County
0074,SVWD,promote,SLVWD
0074,County,be,the_Water_Conservation_Coalition_of_Santa_Cruz_County
0074,Santa_Cruz,be,the_Water_Conservation_Coalition_of_Santa_Cruz_County
0074,SLVWD,be,the_Water_Conservation_Coalition_of_Santa_Cruz_County
0074,SVWD,be,the_Water_Conservation_Coalition_of_Santa_Cruz_County
0074,SVWD,obtain,Santa_Cruz_County
0074,SVWD,obtain,SWRCB
0074,SVWD,work,the_Woodside_Homeowner_s_Association
0074,SVWD,record,Montgomery_Associates
0074,SVWD,record,Montgomery_Associates
0074,SVWD,be,the_Strategic_and_Technical_Resources_Advisory_Groups_for_Ecology_Action_s
0074,SGMA,grant,SMGWA
0074,The_Recycled_Water_Program,be,SVWD
0074,The_Recycled_Water_Program,be,the_City_of_Scotts_Valley
0074,Pasatiempo_Golf_Club,reduce,the_City_of_Santa_Cruz
0074,SLVWD,begin,Lompico
0074,SLVWD,limit,Felton
0074,SLVWD,purchase,City_of_Santa_Cruz
0074,SLVWD,sell,the_City_of_Santa_Cruz
0074,SLVWD,prepare,CEQA
0074,SGMA,grant,SMGWA
0074,Loch_Lomond,target,SLVWD
0074,Loch_Lomond,target,SVWD
0074,SGMA,grant,SMGWA
0074,the_City,treat,of_Santa_Cruz
0074,the_City,pip,Scotts_Valley
0074,SWRCB,require,SWRCB
0074,SMGWA,look,SMGWA
0074,Olympia,be,SLVWD
0074,SLVWD,extract,Pasatiempo
0074,Pasatiempo,provide,Lompico
0074,SLVWD,provide,Lompico
0074,CASGEM,migrate,SMGWA
0075,SGMA,require,GSA
0075,GSA,coordinate,the_Farm_Bureau
0075,GSA,coordinate,the_Water_Authority
0075,the_Water_Authority,receive,San_Diego
0075,GSA,coordinate,the_Farm_Bureau
0075,GSA,coordinate,the_Water_Authority
0075,GSA,coordinate,the_Farm_Bureau
0075,GSA,coordinate,the_Water_Authority
0075,GSA,collaborate,the_San_Diego_IRWM_Program
0075,City,serve,the_San_Diego_IRWM_Regional_Advisory_Committee
0075,County,serve,the_San_Diego_IRWM_Regional_Advisory_Committee
0075,City,manage,IRWM
0075,City,manage,the_Water_Authority
0075,The_Hodges_Watershed_Improvement_Project,manage,IRWM
0075,The_Hodges_Watershed_Improvement_Project,manage,the_Water_Authority
0075,The_Hodges_Watershed_Improvement_Project,consist,City_on_Hodges
0075,SGMA,require,GSAs
0075,Camp,prepare,McKee
0075,City,refer,the_City_of_San_Diego
0075,County,agree,City_and_County
0075,County,notify,City
0075,County,agree,County
0075,City,notify,County
0075,Mark_Nordberg,provide,County
0075,the_County_of_Diego,provide,County
0075,the_County_Board_of,approve,Supervisors
0075,the_County_Board_of,approve,the_City_Council
0075,San_Diego_County,be,SGMA
0075,Board_of_Supervisors,serve,GSA
0075,the_Board_of_Supervisors_of_the_County_of_San_Diego,elect,San_Luis_Rey
0075,the_Board_of_Supervisors_of_the_County_of_San_Diego,elect,San_Pasqual_Valley
0075,the_Califrwnia_Legislatme_and,pass,California
0075,SOMA,confinn,City
0075,Legislature,direct,the_Department_of_Water_Resources
0075,Legislature,require,Water_Resources_Control_Board
0075,DWR,commit,State
0075,Robert_Swartz,prepare,Derick
0075,Robert_Swartz,prepare,Doug_Osugi
0075,Robert_Swartz,prepare,Joe_Yun
0075,Robert_Swartz,prepare,Mary_Scruggs
0075,CALIFORNIA,provide,Brenda_Main
0075,CALIFORNIA,provide,Bruce_Ross
0075,CALIFORNIA,provide,San_Joaquin
0075,CALIFORNIA,provide,Southern_District
0075,The_State_Water_Resources_Control_Board,form,State
0075,The_State_Water_Resources_Control_Board,form,the_Groundwater_Resources_Information_Sharing_Team
0075,DWR,collaborate,State
0075,DWR,use,California
0075,DWR,develop,State
0075,Department_of_Water_Resources,update,the_California
0075,DWR,develop,Legislature
0076,GSAs,develop,GSP
0076,GSAs,consider,SGMA
0077,NMFS,identify,Hopkins
0077,UVRGA,add,GSP
0077,DWR,cite,Hopkins
0077,Agencies,report,CASGEM
0077,Agencies,report,DWR
0077,UVRGA,report,CASGEM
0077,UVRGA,report,DWR
0077,VCWPD,report,CASGEM
0077,VCWPD,report,DWR
0078,GSP,present,WMA
0078,The_Eastern_Portion_of_the_Basin,consist,the_Eastern_Management_Area_GSA
0078,District,augment,SWRCB
0078,The_County_Water_Agency,be,GSA
0078,GSA,represent,the_Western_Management_Area
0078,GSA,represent,the_Central_Management_Area
0078,GSA,represent,the_Eastern_Management_Area
0078,the_City_of_Lompoc,form,D
0078,the_Mission_Hills,form,D
0078,the_Santa_Barbara_County,form,D
0078,the_Santa_Ynez_River,form,D
0078,the_Vandenberg_Village_Community_Services_District,form,D
0078,Party,recognize,GSA
0078,SGMA,establish,Groundwater_Sustainable_Agencies
0078,GSA,allow,Native_American
0078,SGMA,lay,SGMA
0078,Committee,hire,DWR
0078,Committee,hire,GSA
0078,Committee,prepare,SGMA
0078,WMA,become,GSA
0078,WMA,become,WMA
0078,WMA,file,DWR
0078,Western_Management_WMA_GSA,form,a_GSA_Committee
0078,The_Santa_Barbara_County_Water_Agency,participate,the_WMA_GSA_Committee
0078,WMA,discuss,SGMA
0078,WMA,discuss,WMA
0078,WMA_GSA_Public_Outreach_and_Engagement_Plan,encourage,SYRVGB
0078,The_Citizen_Advisory_Group,expect,Committee
0078,Committee,request,CAG
0078,WMA,begin,GSA
0078,GSA,post,Santa_Barbara_County
0078,Committee,provide,GSP
0078,WMA,become,the_WMA_GSA_CAG
0078,The_City_of_Lompoc,be,the_WMA_GSA
0078,The_City_of_Lompoc,be,Santa_Barbara_County
0078,The_City_of_Lompoc,be,the_Santa_Barbara_County_Planning_and_Development_Department
0078,The_City_of_Lompoc,be,the_WMA_GSA
0078,Vandenberg_Air_Force_Base,locate,WMA
0078,VAFB,be,CAG
0078,VAFB,be,WMA
0078,DAC,represent,GSA
0078,DAC,represent,Lompoc
0078,DAC,represent,WMA
0078,the_City_of,represent,GSA
0078,the_City_of,represent,Lompoc
0078,the_City_of,represent,WMA
0078,Community,be,GSA
0078,Community_Services,be,GSA
0078,Lompoc,be,GSA
0078,Mission_Hills,be,GSA
0078,The_City,be,GSA
0078,Vandenberg_Village,be,GSA
0078,Lompoc,be,GSA
0078,MHCSD,be,GSA
0078,VVCSD,be,GSA
0078,MHCSD,be,GSA
0078,MHCSD,be,WMA
0078,VVCSD,be,GSA
0078,VVCSD,be,WMA
0078,City_of_Lompoc,be,GSA
0078,MHCSD,be,GSA
0078,VVCSD,be,GSA
0079,GSP,present,CMA
0079,Groundwater_Sustainability_Agencies,implement,GSPs
0079,GSP,manage,SGMA
0079,Buellton,give,Nordberg
0079,the_City,give,Nordberg
0079,the_Santa_Barbara_County_Water_Agency,give,Nordberg
0079,the_Santa_Ynez_River_Water_Conservation_District,give,Nordberg
0079,MOA,be,CMA
0079,Buellton,practice,CMA
0079,Buellton,practice,Districts
0079,Bob,invite,Advisory_Committee
0079,Bob,invite,Cat_Springs_Mutual_Water_Company
0079,Bob,invite,CMA
0079,Bob,invite,GSA
0079,the_Santa_Barbara_County_Planning_and_Development_Department,invite,Advisory_Committee
0079,the_Santa_Barbara_County_Planning_and_Development_Department,invite,Cat_Springs_Mutual_Water_Company
0079,the_Santa_Barbara_County_Planning_and_Development_Department,invite,CMA
0079,the_Santa_Barbara_County_Planning_and_Development_Department,invite,GSA
0079,The_GSA_Committee,adopt,MOA
0079,Buellton,have,CMA
0079,Buellton,have,GSA
0079,County_Water_Agency,be,GSA
0079,County_Water_Agency,be,The
0079,The_City_of_Buellton,be,the_CMA_GSA
0079,the_Santa_Barbara_County_Water_Agency,be,CASGEM
0079,the_Santa_Barbara_County_Water_Agency,be,CMA
0079,Santa_Ynez_River,be,GSA
0079,The_City,be,GSA
0079,The_City_of_Buellton,be,GSA
0079,Party,recognize,GSA
0079,the_Santa_Ynez_River_Valley_Groundwater_Basin_Central_Management_Area_Groundwater_Sustainability_Agency,make,Santa_Ynez_River
0079,the_Santa_Ynez_River_Valley_Groundwater_Basin_Groundwater_Sustainability_Agency,make,Santa_Ynez_River
0079,the_Santa_Ynez_River_Valley_Groundwater_Basin_Western_Management_Area_Groundwater_Sustainability_Agency,make,Santa_Ynez_River
0079,CMA_GSA,refer,GSA
0079,CMA_GSA,refer,Parties
0079,EMA_GSA,refer,GSA
0079,EMA_GSA,refer,Parties
0079,WMA_GSA,refer,GSA
0079,WMA_GSA,refer,Parties
0079,the_City_of_Solvang,form,WHEREAS
0079,the_EMA_GSA,form,WHEREAS
0079,the_Santa_Barbara_County_Water_Agency,form,WHEREAS
0079,the_Santa_Ynez_River_Water_Conservation_District,form,WHEREAS
0079,Cachuma_Project,base,CCWA
0079,Cachuma_Project,base,Reclamation
0079,State_Water_Project,base,CCWA
0079,State_Water_Project,base,Reclamation
0079,Santa_Ynez_River,understand,Groundwater_Sustainability_Agency
0079,Santa_Ynez_River,understand,Santa_Barbara_County
0079,Santa_Ynez_River,understand,Santa_Ynez_River
0079,Santa_Ynez_River,understand,Water_Agency
0079,Santa_Ynez_River,involve,Groundwater_Sustainability_Agency
0079,the_City_of_Buellton,contract,CMA
0079,the_City_of_Buellton,contract,the_State_Water_Project
0079,CMA,form,SYRWCD
0079,CMA,form,the_City_of_Buellton
0079,CMA,form,the_Santa_Barbara_County_Water_Agency
0079,CMA,become,CMA
0079,CMA,become,GSA
0079,CMA,file,DWR
0079,Committee,request,GSP
0079,CMA,form,a_GSA_Committee
0079,Committee,hire,DWR
0079,Committee,hire,GSA
0079,Committee,hire,SGMA
0080,the_Groundwater_Pumping_Fee_Program,be,GSA
0080,the_EMA_GSA,ensure,the_Groundwater_Pumping_Fee_Program
0080,The_EMA_GSA,initiate,GSP
0080,the_EMA_GSA,elect,a_Groundwater_BPA_Program
0080,SGMA,provide,the_EMA_GSA
0080,the_EMA_GSA,implement,a_Groundwater_BPA_Program
0080,EMA,pursue,a_Groundwater_BPA_Program
0080,EMA,pursue,a_Groundwater_Extraction_Credit
0080,GSA,pursue,a_Groundwater_BPA_Program
0080,GSA,pursue,a_Groundwater_Extraction_Credit
0080,a_GEC_Marketing_and_Trading_Program,support,EMA
0080,EMA,need,a_Groundwater_BPA_Program
0080,the_EMA_GSA,quantify,a_Groundwater_BPA_Program
0080,the_GEC_Marketing_and_Trading_Program,review,GSP
0080,the_EMA_GSA,consider,a_GEC_Marketing_and_Trading_Program
0080,A,provide,GEC_Marketing_and_Trading
0080,A_GEC_Marketing_and_Trading_Program,intend,EMA
0080,A_GEC_Marketing_and_Trading_Program,implement,a_Groundwater_BPA_Program
0080,A_GEC_Marketing_and_Trading_Program,be,a_Groundwater_GPA_Program
0080,a_GEC_Marketing_and_Trading_Program,result,EMA
0080,EMA,hold,EMA
0080,GSA,hold,EMA
0080,the_EMA_GSA,adopt,a_GEC_Marketing_and_Trading_Program
0080,a_GEC_Marketing_and_Trading_Program,implement,EMA
0080,a_GEC_Marketing_and_Trading_Program,result,a_Groundwater_BPA_Program
0080,a_GEC_Marketing_and_Trading_Program,result,EMA
0080,a_GEC_Marketing_and_Trading_Program,result,EMA
0080,the_EMA_GSA,develop,EMA
0080,A_Voluntary_Agricultural_Crop_Fallowing_Program,develop,GEC_Marketing
0080,a_Voluntary_Agricultural_Crop_Fallowing_and_Crop_Conversion_Program,focus,CEQA
0080,GSA,become,Santa_Barbara_County
0080,Santa_Ynez,become,Santa_Barbara_County
0080,SYCSD,utilize,Solvang
0080,GSA,become,Santa_Barbara_County
0080,Santa_Ynez_Band_of_Chumash_Indians,operate,WWTF
0080,HG_Thomasson_Jr,prepare,Santa_Barbara_County
0080,HG_Thomasson_Jr,prepare,the_US_Geological_Survey
0080,JE_Upson,prepare,Santa_Barbara_County
0080,JE_Upson,prepare,the_US_Geological_Survey
0080,the_EMA_GSA,elect,Group_3
0080,The_EMA_GSA,submit,DWR
0080,The_EMA_GSA,incur,the_EMA_GSA
0080,Newsom,roll,California_Comeback_Plan
0080,DWR,fund,EMA
0080,Santa_Barbara_County,fund,EMA
0080,Water_Agency,fund,EMA
0080,the_City_of_Buellton,form,a_Groundwater_Sustainability_Agency
0080,the_City_of_Buellton,form,Santa_Barbara_County
0080,the_City_of_Buellton,form,Water_Agency
0080,the_Santa_Ynez_River_Water_Conservation,form,a_Groundwater_Sustainability_Agency
0080,the_Santa_Ynez_River_Water_Conservation,form,Santa_Barbara_County
0080,the_Santa_Ynez_River_Water_Conservation,form,Water_Agency
0080,the_State_of_California,include,the_WMA_GSA
0080,GSA,make,GSAs
0080,Conservation_District,be,the_Santa_Ynez_River_Water
0080,SYRWCD,coordinate,GSAs
0081,DWR,designate,WHEREAS
0081,HGWD,negotiate,the_City_of_Corona
0081,HGWD,negotiate,the_City_of_Norco
0081,HGWD,negotiate,the_Home_Gardens
0081,Norco,negotiate,the_City_of_Corona
0081,Norco,negotiate,the_City_of_Norco
0081,Norco,negotiate,the_Home_Gardens
0081,The_City_of_Corona,elect,the_City_of_Norco
0081,The_City_of_Corona,elect,the_Home_Gardens
0081,The_City_of_Corona,elect,the_Temescal_Sub_Basin_Groundwater_Sustainability_Agency
0081,HGWD,submit,DWR
0081,Norco,submit,DWR
0081,the_Department_of_Water_Resources,determine,WHEREAS
0081,Home_Gardens_County,desire,the_Temescal_Sub_Basin_Groundwater_Sustainability_Agency
0081,the_City_of_Corona,desire,the_Temescal_Sub_Basin_Groundwater_Sustainability_Agency
0081,the_City_of_Norco,desire,the_Temescal_Sub_Basin_Groundwater_Sustainability_Agency
0081,Corona,conduct,Corona
0081,Corona,conduct,Sentinel_Weekly_News
0081,the_City_Council,conduct,Corona
0081,the_City_Council,conduct,Sentinel_Weekly_News
0081,the_Corona_Utility_Authority,conduct,Corona
0081,the_Corona_Utility_Authority,conduct,Sentinel_Weekly_News
0081,The_City_Council,consider,the_Home_Gardens_Water_District
0081,the_Corona_Utility_Authority,consider,the_Home_Gardens_Water_District
0081,Agency,include,Agency
0081,Agency,submit,Department
0081,Agency,utilize,Department
0081,GSAs,consider,SGMA
0081,The_Norco_City_Council,be,the_City_of_Norco
0081,The_Norco_City_Council,adopt,the_City_of_Norco
0081,The_City_Council,meet,Council_Chambers
0081,Norco_City_Council,post,City_of_Norco
0081,The_City_Council,meet,Corona
0081,American_Community_Survey,indicate,Corona
0082,CASGEM,transition,SGMA
0082,Department,provide,Agencies
0082,GSP,require,GSA
0082,GSP,require,GSP
0082,GSA,inform,GSP
0082,SGMA,identify,California
0082,the_City_of_Redding,take,GSA
0082,the_City_of_Redding,take,the_Redding_Rancheria
0082,GSA,reach,California
0082,GSA,reach,Nor_Rel_Muk
0082,GSA,reach,Pit_River_Tribe
0082,GSA,reach,Redding_Rancheria
0082,GSA,reach,Winnemum_Wintu_Tribe
0082,EAGSA,coordinate,Clear_Creek
0082,EAGSA,coordinate,EAGSA
0082,EAGSA,coordinate,Riverland
0082,EAGSA,coordinate,Sacramento_River
0082,EAGSA,coordinate,Shasta_County
0082,EAGSA,coordinate,the_Tehama_County
0082,EAGSA,coordinate,Tucker_Oaks
0082,EAGSA,coordinate,West_Valley
0082,EAGSA,coordinate,White_Oak_Mutual_Water_Company
0082,EAGSA,coordinate,Zufall
0082,Verde_Vale_Water_Company,coordinate,Clear_Creek
0082,Verde_Vale_Water_Company,coordinate,EAGSA
0082,Verde_Vale_Water_Company,coordinate,Riverland
0082,Verde_Vale_Water_Company,coordinate,Sacramento_River
0082,Verde_Vale_Water_Company,coordinate,Shasta_County
0082,Verde_Vale_Water_Company,coordinate,the_Tehama_County
0082,Verde_Vale_Water_Company,coordinate,Tucker_Oaks
0082,Verde_Vale_Water_Company,coordinate,West_Valley
0082,Verde_Vale_Water_Company,coordinate,White_Oak_Mutual_Water_Company
0082,Verde_Vale_Water_Company,coordinate,Zufall
0082,EAGSA,identify,GSP
0082,EAGSA,collect,the_Management_Committee
0082,GSP,coordinate,Public_Works
0082,GSP,coordinate,Shasta_County
0082,the_EAGSA_Board_of_Directors,describe,the_Enterprise_Anderson_Groundwater_Sustainability_Agency
0082,EAGSA,draft,the_Management_Committee
0082,GSP,be,GSA
0082,GSA,submit,DWR
0082,PRISM,use,Climate_Group
0082,IPCC,process,Boyce
0082,BVWD,hold,Reclamation
0082,COR,divert,Reclamation
0082,ACID,divert,Reclamation
0082,ACID,be,COR
0083,COR,divert,Reclamation
0083,ACID,divert,Reclamation
0083,ACID,be,COR
0083,CCCSD,divert,Reclamation
0083,CASGEM,transition,SGMA
0083,GSP,require,GSA
0083,GSP,require,GSP
0083,GSA,inform,GSP
0083,SGMA,require,GSAs
0083,SGMA,identify,California
0083,the_City_of_Redding,take,GSA
0083,the_City_of_Redding,take,the_Redding_Rancheria
0083,GSA,reach,California
0083,GSA,reach,Nor_Rel_Muk
0083,GSA,reach,Pit_River_Tribe
0083,GSA,reach,Redding_Rancheria
0083,GSA,reach,Winnemum_Wintu_Tribe
0083,EAGSA,coordinate,Clear_Creek
0083,EAGSA,coordinate,EAGSA
0083,EAGSA,coordinate,Riverland
0083,EAGSA,coordinate,Sacramento_River
0083,EAGSA,coordinate,Shasta_County
0083,EAGSA,coordinate,the_Tehama_County
0083,EAGSA,coordinate,Tucker_Oaks
0083,EAGSA,coordinate,West_Valley
0083,EAGSA,coordinate,White_Oak_Mutual_Water_Company
0083,EAGSA,coordinate,Zufall
0083,Verde_Vale_Water_Company,coordinate,Clear_Creek
0083,Verde_Vale_Water_Company,coordinate,EAGSA
0083,Verde_Vale_Water_Company,coordinate,Riverland
0083,Verde_Vale_Water_Company,coordinate,Sacramento_River
0083,Verde_Vale_Water_Company,coordinate,Shasta_County
0083,Verde_Vale_Water_Company,coordinate,the_Tehama_County
0083,Verde_Vale_Water_Company,coordinate,Tucker_Oaks
0083,Verde_Vale_Water_Company,coordinate,West_Valley
0083,Verde_Vale_Water_Company,coordinate,White_Oak_Mutual_Water_Company
0083,Verde_Vale_Water_Company,coordinate,Zufall
0083,EAGSA,identify,GSP
0083,EAGSA,collect,the_Management_Committee
0083,GSP,coordinate,Public_Works
0083,GSP,coordinate,Shasta_County
0083,Councils,discuss,EAGSA
0083,County,coordinate,Cottonwood_Water
0083,County,coordinate,Directors
0083,County,coordinate,the_Shasta_County
0083,Jacobs,reach,Community_Services
0083,Kearns,reach,Community_Services
0083,Kearns_West,reach,Community_Services
0083,Centerville,be,GSP
0083,Centerville,be,Kearns
0083,Kearns,send,the_Tehama_County
0083,Kearns,send,West
0083,EAGSA,contract,Jacobs_Engineering
0083,EAGSA,contract,Redding
0083,EAGSA,comprise,Anderson
0083,EAGSA,comprise,Anderson_Cottonwood
0083,EAGSA,comprise,Bella_Vista_Water_District
0083,EAGSA,comprise,City
0083,EAGSA,comprise,Clear_Creek_Community_Services_District
0083,EAGSA,comprise,Redding
0083,EAGSA,comprise,Shasta_County
0083,EAGSA,be,Anderson
0083,EAGSA,be,Enterprise
0083,GSP,be,GSA
0083,the_EAGSA_Board_of_Directors,compose,Board
0083,EAGSA,solicit,GSP
0083,EAGSA,draft,the_Management_Committee
0083,GSA,submit,DWR
0083,PRISM,use,GCM
0083,PRISM,process,Evapotranspirationa_Climate_Group
0083,the_GCM,process,Evapotranspirationa_Climate_Group
0084,Valley_Tribe,receive,The_Redwood
0084,Valley_Tribe,receive,the_Redwood_Valley_County_Water_District
0084,Mendocino_College,replace,College
0084,Ukiah,replace,College
0084,Ukiah,be,High_School
0084,Ukiah,be,Ukiah_Water
0084,MAR,develop,GSA
0084,GSA,coordinate,MCRCD
0084,GSA,coordinate,NRCS
0084,GSA,coordinate,Sonoma_Water
0084,GSA,include,the_Potter_Valley_Project
0084,GSA,provide,GSA
0084,GSA,submit,DWR
0084,GSA,deem,DWR
0084,GSA,need,GSP
0084,UVBGSA,execute,GSP
0084,UVBGSA,communicate,County_of_Mendocino
0084,UVBGSA,communicate,GSP
0084,UVBGSA,communicate,Mendocino
0084,UVBGSA,communicate,UVBGSA
0084,Dominic_Gutierrez,be,GSP
0084,the_Division_of_Integrated_Regional_Water_Management,be,GSP
0084,the_DWR_North_Central_Region_Office,be,GSP
0085,Project,provide,GSP
0085,Project,depend,Project
0085,OID,find,OID
0085,OID,be,OID
0085,OID,continue,District
0085,NDE,be,Modesto
0085,Project,involve,MID
0085,GSAs,plan,Project
0085,NDE,plan,Project
0085,Project,provide,GSP
0085,NDE,be,Oakdale_Irrigation_District
0085,NDE,design,OID
0085,NDE,be,Modesto
0085,Project,be,OID
0085,the_City_of_Modesto,facilitate,City_council
0085,Project,report,GSP
0085,Legal_Authority_SGMA,provide,GSAs
0085,GSAs,have,Modesto_Subbasin_GSP
0085,The_City_of_Modesto,include,Modesto
0085,The_City_of_Modesto,include,Turlock
0085,The_City_of,include,Modesto
0085,The_City_of,include,Turlock
0085,GSAs,fund,GSAs
0085,GSAs,take,GSP
0085,GSAs,incorporate,GSP
0085,GSAs,coordinate,GSAs
0085,Stanislaus,notify,the_Department_of_Water_Resources
0085,the_STRGBA_GSA,submit,DWR
0085,the_STRGBA_GSA,coordinate,Tuolumne_County
0085,Modesto_Irrigation_District,execute,STRBGA
0085,Oakdale,execute,STRBGA
0085,Oakdale_Irrigation_District,execute,STRBGA
0085,Riverbank,execute,STRBGA
0085,the_STRGBA_GSA,submit,DWR
0085,the_STRGBA_GSA,coordinate,the_Tuolumne_County_GSA
0085,the_STRGBA_GSA,coordinate,the_Waterford_City_Council
0085,the_City_Council,adopt,Waterford
0085,The_Stanislaus_and_Tuolumne_Rivers_Groundwater_Basin_Association,be,the_Modesto_Subbasin
0086,The_City_of_Chico,discharge,the_California_Water_Resources_Control_Board
0086,The_Vina_GSA,encourage,Butte_County
0086,GSAs,work,Butte_County
0087,the_California_Department_of,prepare,Water_Resources
0087,SABGSA,evaluate,DWR
0087,SABGSA,work,USGS
0087,SABGSA,consider,Barka_Slough
0087,SABGSA,plan,Barka_Slough
0087,The_Groundwater_Pumping_Fee_Program,develop,the_GEC_Marketing_and_Trading_Program
0087,SABGSA,ensure,the_Groundwater_Pumping_Fee_Program
0087,SGMA,include,California
0087,SABGSA,use,SABGSA
0087,SABGSA,consider,the_Groundwater_BPA_Program
0087,Santa_Barbara_County,identify,Santa_Barbara_County
0087,SABGSA,initiate,GSP
0087,SABGSA,incorporate,the_Groundwater_BPA_Program
0087,SABGSA,develop,the_Groundwater_BPA_Program
0087,The_Groundwater_BPA_Program,promote,SABGSA
0087,The,provide,GEC_Marketing_and_Trading
0087,The_GEC_Marketing_and_Trading_Program,promote,SABGSA
0087,SABGSA,develop,GEC_Marketing_and_Trading_Program
0087,SABGSA,develop,SABGSA
0087,SABGSA,intend,the_GEC_Marketing_and_Trading_Program
0088,Dorris,upgrade,City_of_Demand
0088,BVWA,have,Siskiyou_County
0088,County,send,the_United_States_Army_Corps_of_Engineers
0088,USFS,manage,USFS
0088,GSA,work,CDFW
0088,GSA,create,GSP
0088,GSA,work,the_County_of_Siskiyou
0088,GSA,have,SGMA
0088,the_Butte_Valley_Irrigation_District,construct,Bell
0088,the_Butte_Valley_Irrigation_District,construct,Harrington
0088,GSA,provide,GSA
0088,GSA,deem,DWR
0089,GSA,work,the_County_of_Siskiyou
0089,GSA,create,GSP
0089,GSA,thorize,ILR
0089,GSA,thorize,MAR
0090,The_US_Forest_Service,manage,US_Forest_Service
0090,GSA,work,the_County_of_Siskiyou
0090,GSA,create,GSP
0090,GSA,provide,GSA
0090,GSA,deem,DWR
0090,GSA,initiate,Native_American_Indian
0092,GCID,propose,GCID
0092,GCID,develop,the_Bureau_of_Reclamation
0092,GCID,work,Reclamation
0092,OUWUA,propose,OUWUA
0092,The_California_Water_Service_Willows_District,implement,Willows
0092,California_Water_Service,propose,Willows
0092,GCID,propose,GCID
0092,CGA,implement,Colusa
0092,CGA,implement,Glenn
0092,GGA,implement,Colusa
0092,GGA,implement,Glenn
0092,The_Sites_Project,utilize,Hamilton_City
0092,The_Sites_Project,utilize,Maxwell
0092,The_Sites_Project,utilize,Red_Bluff
0092,OUWUA,propose,OUWUA
0092,Orland_Unit_Water_Users_Association,divert,OUWUA
0092,Orland_Unit_Water_Users_Association,convey,OUWUA
0092,OAWD,propose,OAWD
0092,OAWD,complete,MAR
0092,OUWUA,be,Orland_Unit_Water_Users_Association
0092,GCID,explore,TCCA
0092,GCID,propose,TCCA
0092,CGA,accord,GSP
0092,GGA,accord,GSP
0093,BCGSA,continue,BCGSA
0093,the_BCGSA_Board_of_Directors,keep,BCGSA
0093,the_BCGSA_Board_of_Directors,keep,Board
0093,BCGSA,provide,DWR
0093,BCGSA,evaluate,GSP
0093,BCGSA,require,DWR
0093,LSCE,prepare,the_California_Water_Foundation
0093,GSA,file,DWR
0093,CORONA,enter,the_CITY_OF_CORONA
0093,CORONA,enter,the_TEMESCAL_VALLEY_WATER_DISTRICT
0093,JPA,mean,the_Bedford_Coldwater_Groundwater_Sustainability_Authority
0093,Board_of_Directors,mean,Authority
0093,Board_of_Directors,mean,the_Board_of_Directors
0093,Corona,enter,the_Corona_Utility_Authority
0093,Corona,enter,CUA
0093,the_Authority_Board,designate,Authority
0093,SWRCB,mean,the_California_State_Water_Resources_Control_Board
0093,SGMA,grant,GSAs
0093,Authority,utilize,Authority
0093,Authority,be,Authority
0093,Authority,hold,Authority
0093,a_Special_Project_Committee,deem,Authority
0093,a_Special_Project_Committee,take,Authority
0093,the_Authority,incur,Board
0093,Board,provide,Authority
0093,Board,serve,Board
0093,Authority,meet,GSA
0093,Authority,meet,SGMA
0093,Authority,determine,Board
0093,Authority,obtain,Board
0093,Corona,deem,Lake
0093,Temescal_Valley_Water_District,deem,Lake
0093,JPA,form,Elsinore_Valley_Municipal_Water_District
0093,JPA,form,Temescal_Valley_Water_District
0093,JPA,form,the_City_of_Corona
0093,SENTINEL_WEEKLY_NEWS,adopt,Sentinel
0093,the_Superior_Court_of_the_County_of_River_sources,adopt,Sentinel
0094,DWR,state,Towill_Inc
0094,GSAs,assist,Glenn_County
0094,GSAs,assist,Tehama_County
0094,Rural_Community_Assistance_Corporation,help,GSAs
0094,Self_Help_Enterprises,help,GSAs
0094,GSAs,consider,an_On_Farm_Working_Group
0094,Chico_State,conduct,California
0094,UC_Davis,conduct,California
0094,UCCE,conduct,California
0094,GSA,plan,Glenn
0094,GSA,plan,Tehama
0094,Corning_WD,estimate,Davids_Engineering
0094,GSAs,collaborate,USBR
0094,GSAs,implement,SGMA
0094,City_of_Corning,focus,Tehama_County
0094,GSAs,coordinate,OUWUA
0094,Northside_Phase_II,be,AWMP
0094,GSAs,collaborate,USBR
0094,Districts,need,Districts
0094,the_City_of_Orland_Fire_Department,offer,Corning
0094,GSA,develop,Glenn
0094,GSA,develop,Tehama_County
0094,Glenn_County,secure,CEQA
0094,The_Paskenta_Band_of_Nomlaki_Indians,have,the_Paskenta_Band_of_Nomlaki_Indians_Reservation
0095,GAMA,provide,Department_of_Pesticide_Regulation
0095,GAMA,provide,Division_of_Drinking_Water
0095,GSAs,instal,DDW
0095,CDFW,have,ACWA
0095,Modoc_County,include,Adin
0095,Modoc_County,include,Lookout
0095,Lassen_County,contain,Bieber
0095,Lassen_County,contain,Nubieber
0095,IRWMP,manage,RWMG
0095,the_North_Cal_Neva_Resource_Conservation_and_Development_Council,manage,RWMG
0096,Clarksburg,engage,YSGA
0096,Yolo,engage,YSGA
0096,YSGA,incorporate,YCEH
0096,EC,decrease,GEI_Consultants_Inc
0096,Yolo_Subbasin_Groundwater_Agency,be,Johnson
0096,DWR,provide,California
0096,The_Solano_GSA,take,YSGA
0096,RMC_Water_and_Environment,develop,YDWN
0096,YSGA,like,County
0096,Yolo_Subbasin_Groundwater_Agency,develop,YSGA
0096,TAC,work,YSGA
0096,YSGA,be,IGSM
0096,YSGA,be,IGSM
0096,MA,be,Yolo
0096,YSGA,establish,SGMA
0096,Coalition,monitor,ILRP
0096,YSGA,coordinate,Coalition
0096,YSGA,coordinate,the_Management
0096,YSGA,coordinate,the_Nitrate_Control_Program
0096,Coalition,monitor,ILRP
0096,YSGA,elect,DDW
0096,YSGA,elect,ILRP
0096,DWR,include,GEI_Consultants_Inc
0096,USGS,perform,California
0096,YSGA,analyze,GEI_Consultants_Inc
0096,YSGA,provide,the_Cacheville_Community_Services_District
0096,YSGA,instal,the_Cacheville_Community_Services_District
0096,Yolo_Subbasin_Groundwater_Agency,provide,DWR
0096,Well_Impact_Mitigation_Program,provide,The_Domestic
0096,Winters,purchase,Development_of_Surface_Water_P_35
0096,Winters,purchase,Solano_Project
0096,Winters,purchase,Winters
0096,YCFCWCD,propose,Cottonwood
0096,Willow_Slough,flood,Madison
0096,Woodland,have,City
0096,Yolo,have,City
0096,Yolo_County,propose,Coordinate
0096,Yolo_County,propose,Sacramento
0096,MABIA,adjust,YSGA
0096,Capay,have,Mullen_and_Nady
0096,Rumsey,have,Mullen_and_Nady
0096,GSP,include,YSGA
0097,GSAs,plan,Core_Team
0097,GSAs,coordinate,DWR
0097,Modoc_County,participate,TID
0097,Siskiyou_County,participate,TID
0097,the_City,participate,TID
0097,Tulelake,participate,TID
0097,SGMA,require,a_Groundwater_Sustainability_Agency
0097,TID,submit,GSA
0097,District,enter,District
0097,Reclamation,make,the_Klamath_Project
0097,GSAs,evaluate,GSP
0097,the_Newell_County_Water_District,obtain,Drinking_Water_Watch
0097,GSAs,elect,an_Ad_Hoc_Committee
0097,GSAs,review,DWR
0098,WCWD,work,Butte
0098,WCWD,work,DWR
0098,WCWD,work,Glenn_County
0098,GSAs,continue,GSP
0098,GSAs,fund,GSA
0099,BCDWRC,conduct,SFWPA
0099,SFWPA,expand,Palermo
0099,Butte_County,identify,Butte_County
0099,BBGM,cover,Butte
0099,Wyandotte_Creek_GSA,work,Butte_County
0099,Wyandotte_Creek_GSA,coordinate,Butte_County
0099,Wyandotte_Creek_GSA,coordinate,the_City_of_Oroville
0099,SGMA,require,GSA
0099,GSA,require,DWR
0099,The_Wyandotte_Creek_Subbasin,require,DWR
0100,GSP,develop,Coordination_Committee
0100,GSP,serve,the_Coordination_Committee
0100,The_Coordination_Committee,have,GSP
0100,SGMA,coordinate,GSP
0100,The_Coordination_Committee,reaffirm,GSP
0100,The_Coordination_Committee,reaffirm,the_Coordination
0100,The_Coordination_Committee,reaffirm,the_Fiscal_and_Contracting_Entity
0100,the_Coordination_Committee,reassign,GSA
0100,the_Coordination_Committee,reassign,NASb
0100,the_Coordination_Committee,retain,the_Fiscal_and_Contracting_Entity
0100,The_Coordination_Committee,pursue,California
0100,The_Coordination_Committee,pursue,State
0100,The_Fiscal_and_Contracting_Entity,maintain,the_Coordinating_Committee
0100,the_Fiscal_and_Contracting_Entity,be,the_Coordination_Committee
0100,SMC,establish,NASb
0100,Natomas_Levee_Improvement_Program,prepare,Sacramento_Area_Flood_Control_Agency
0101,SGMA,describe,DWR
0101,GSA,partner,DWR
0101,GSA,partner,Technical_Support_Services
0101,GSA,identify,the_Seawater_Intrusion_Monitoring_Network
0101,GSA,work,the_Seawater_Intrusion_Monitoring_Network
0101,GSA,evaluate,the_Surface_Water_Monitoring_Network
0101,GSA,consider,State
0101,GSA,perform,SVCSD
0101,GSA,participate,County
0101,Work_Group,present,ACs
0103,BCM,be,BCM
0103,LADWP,be,BCM
0103,City_of,own,Los
0103,Lake_Management_Area,have,the_Owens
0103,OVGA,have,SGMA
0103,the_Owens_Valley_Management,present,Owens_Valley_Management_Area
0103,SGMA,grant,GSAs
0103,Inyo_County,receive,LADWP
0103,OVGA,anticipate,Fish_Slough
0103,LADWP,propose,OLGDP
0103,OVGA,insist,the_Owens_Lake_Groundwater_Working_Group
0103,OVGA,attempt,Tri_Valley_Groundwater_Management_District
0103,OVGA,establish,OVGAus
0103,SGMA,grant,GSAs
0103,Inyo,provide,OVGA
0103,Mono_County,provide,OVGA
0103,SGMA,grant,GSAs
0103,SGMA,grant,GSAs
0103,OVGA,support,IRWMP
0104,YVWD,begin,WY
0104,The_Calimesa_Management_Area,include,Calimesa
0104,The_Calimesa_Management_Area,include,Live_Oak
0104,The_Calimesa_Management_Area,include,Singleton
0104,YVWD,extract,the_Calimesa_Management_Area
0104,the_Calimesa_Management_Area,be,Beaumont
0105,Silicon_Valley_Bank_s,identify,US
0105,City_of_Hollister,assume,Hollister
0105,Legal_Authority_PPWD,collaborate,CWC
0105,SBCWD,collaborate,CWC
0105,Valley_Water,collaborate,CWC
0105,Valley_Water,enter,CWC
0105,PPWD,be,a_California_Water_District
0105,Valley_Water,provide,CWC
0105,Valley_Water,evaluate,Santa_Clara_County
0105,SBCWD,use,DWR
0105,SBCWD,use,State_Water_Project
0105,The_Hollister_Urban_Area,define,San_Benito_County
0105,The_Hollister_Urban_Area,define,the_City_of_Hollister
0105,City_of_Hollister,convey,the_City_of_Hollister
0105,City_of_San_Juan_Bautista,convey,the_City_of_Hollister
0105,SBCWD,convey,the_City_of_Hollister
0105,HUA,include,Groundwater_Bank
0105,HUA,include,North_County
0105,HUA,include,Ridgemark
0105,WWTP,be,Stantec
0105,the_City_of_San_Juan_Bautista,work,City_of_Hollister
0105,the_City_of_San_Juan_Bautista,work,SBCWD
0105,SBCWD,provide,San_Juan_Bautista
0105,City_of_San_Juan_Bautista,resolve,City_of_San_Juan_Bautista
0105,San_Juan_Bautista,develop,WSP
0105,SBCWD,develop,WSP
0105,the_City_of_San_Juan_Bautista,develop,City_of_Hollister
0105,SBCWD,build,San_Juan_Bautista
0105,The_City_of_San_Juan_Bautista,seek,the_City_of_Hollister
0105,SBCWD,lead,SSCWD
0105,SBCWD,lead,the_City_of_Hollister
0105,SBCWD,evaluate,City
0105,SBCWD,evaluate,Hollister
0105,Project_Benefits_Project,relate,City_of_Hollister
0105,Project_Benefits_Project,relate,SSCWD
0105,the_North_County_Project,relate,City_of_Hollister
0105,the_North_County_Project,relate,SSCWD
0105,Valley_Water,have,Santa_Clara_County
0105,HUA,achieve,UWMP
0105,SBCWD,implement,an_Enhanced_Watershed_Management_Program
0105,SBCWD,implement,AWMP
0105,Valley_Water_GSA,utilize,Santa_Clara_County
0105,HUA,provide,WRA
0105,SBCWD,have,San_Benito_County
0105,SGMA,require,GSAs
0105,Valley_Water_GSA,utilize,Santa_Clara_County
0105,Valley_Water,prepare,Santa_Clara
0105,Santa_Clara_County,address,the_SBCWD_GSA
0105,Santa_Clara_County,address,Valley_Water_GSA
0105,the_San_Benito_County_Water_District,direct,the_California_Public_Utilities_Commission
0105,the_San_Benito_County_Water_District,direct,the_Water_Division
0105,SBCWD_GSA,furnish,Board_of_Supervisors
0105,SBCWD,secure,DWR
0105,SBCWD,secure,SCVWD
0105,the_North_County_Project,consider,Managed_Aquifer_Recharge
0106,the_City,represent,of_Galt
0106,GSAs,pursue,Working_Group
0106,the_Citizen_Advisory_Committee,help,CGA
0106,CGA,submit,DWR
0106,CGA,guide,GSAs
0106,the_OHWD_GSA,lead,SAFCA
0106,CGA,expand,FSC
0106,OHWD,work,Sacramento_Municipal_Utility_District
0106,FSC,need,the_Regional_Water_Authority
0106,FSC,need,the_Sacramento_Water_Forum
0106,SAFCA,work,CGA
0106,Agency,submit,Department
0106,CGA,meet,Department_of_Conservation
0106,CGA,meet,Sacramento_Flood_Control_Agency
0106,CGA,meet,SAFCA
0106,GSAs,determine,CGA
0106,Mintier_Harnish,prepare,Applied_Development_Economics
0106,Mintier_Harnish,prepare,Environmental_Science_Associates
0106,Mintier_Harnish,prepare,Omin_Means
0106,Agency,provide,Department
0106,Agency,include,Agency
0106,Agency,submit,Department
0106,Agency,submit,Plan
0110,NCCAG,be,State
0110,ETSGSA,result,WTSGSA
0110,WTSGSA,result,WTSGSA
0110,ETSGSA,be,WTSGSA
0110,ETSGSA,expect,ETSGSA
0110,ETSGSA,expect,WTSGSA
0110,TID,utilize,CalSim_II
0110,Ceres,vary,Hughson
0110,Modesto,vary,Hughson
0110,Turlock,vary,Hughson
0110,ETSGSA,include,ETSGSA
0110,ETSGSA,include,WTSGSA
0110,WTSGSA,include,ETSGSA
0110,WTSGSA,include,WTSGSA
0110,La_Grange,develop,TID
0110,TID,consider,the_City_of_Turlock
0110,Project,have,GSP
0110,Project,report,GSP
0110,GSA,update,GSP
0110,GSA,decide,Unsustainable_Pumping
0110,the_Groundwater_Extraction_Reporting_Program,vary,WTSGSA
0110,WTSGSA,circulate,Turlock_Subbasin
0110,Stanislaus_County,note,WTSGSA
0110,the_Valley_Water_Collaborative,initiate,the_Nitrate_Control_Program
0110,The_Regional_Surface_Water_Supply_Project,provide,Ceres
0110,The_Regional_Surface_Water_Supply_Project,provide,Turlock
0110,WTSGSA,incorporate,WTSGSA
0110,City_of_Modesto,include,Modesto
0110,City_of_Modesto,include,Turlock
0110,ETSGSA,add,ETSGSA
0110,ETSGSA_Agricultural_Recharge_Project,bring,GSA
0110,City_of_Modesto,include,Modesto
0110,City_of_Modesto,include,Turlock
0110,Modesto,include,Modesto
0110,Modesto,include,Turlock
0110,GSAs,use,GSA
0110,WTSGSA,use,GSA
0110,WTSGSA,use,GSA
0110,WTSGSA,plan,Denair
0110,WTSGSA,plan,Hickman
0110,WTSGSA,plan,Hughson
0110,WTSGSA,plan,WTSGSA
0110,GSA,provide,DWR
0110,GSA,provide,GSA
0110,Merced,be,WTSGSA
0110,Agricultural_Water_Management_Planning,coordinate,GSP
0110,School_Districts,be,TGBA
0110,Latino_Communities,identify,Cadre
0110,Latino_Communities,identify,Farm_Bureaus
0110,Farm_Bureau,promote,Latino_Community_Roundtable
0110,Latino_Emergency_Council,promote,Latino_Community_Roundtable
0110,GSA,pick,GSA
0110,Committee,identify,Communications
0110,Committee,identify,GSA
0110,GSA,identify,Communications
0110,GSA,identify,GSA
0110,the_Interested_Parties_List,have,the_West_Turlock_Subbasin_GSA
0110,Roduner,consider,DeVaurs
0110,Roduner,consider,Glendale
0110,Roduner,consider,Haun
0110,Roduner,consider,Slater
0110,Stevinson_Water_Dist,consider,DeVaurs
0110,Stevinson_Water_Dist,consider,Glendale
0110,Stevinson_Water_Dist,consider,Haun
0110,Stevinson_Water_Dist,consider,Slater
0110,Hutchins,be,Slater
0110,Los_Angeles,be,Slater
0110,Rogers,be,Slater
0110,Vernon_Irrig_Co,be,Slater
0111,the_Regional_San,implement,GSAs
0111,the_Regional_San,implement,GSP
0111,the_California_Water_Commission,award,the_Water_Storage_Improvement_Program
0111,the_California_Water_Commission,award,US_Bureau_of_Reclamation
0111,SCWA,implement,Rancho_Cordova
0111,SCWA,implement,the_City
0111,SCWA,implement,the_North_Vineyard_Well_Protection_Program
0111,GSAs,assist,GSAs
0111,SASb,assist,GSAs
0111,GSAs,scope,DWAG
0111,SASb,coordinate,the_EMD_Wells_Program
0111,GSAs,develop,the_Shallow_Well_Protection_Program
0111,GSAs,work,SWAG
0111,the_Regional_Water_Bank,project,GSAs
0111,the_Regional_Water_Bank,project,NASb
0111,the_Regional_Water_Bank,project,SASb
0111,GSAs,determine,the_Shallow_Wells_Advisory_Group
0111,Sacramento_Regional_Water_Bank,envision,The
0111,GSA,include,a_GSP_Implementation_Ad_hoc_Committee
0111,GSA,include,GSA
0111,GSA,include,GSAs
0111,GSA,provide,GSAs
0111,SGMA,require,SMC
0111,SGMA,require,WY
0111,GSAs,deem,DWR
0111,GSAs,give,SGMA
0111,Sacramento_County,include,GSA
0111,Sacramento_County,enter,SCGA
0111,OHWD,be,a_California_Water_District
0111,the_SCGA_GSA,contribute,SCGA
0111,The_Northern_Delta_GSA,form,a_Joint_Powers_Agency
0111,State_University,change,Engineers
0111,State_University,instal,DWR
0111,State_University,instal,United_States_Army_Corp
0111,DHS,provide,SGA
0111,MWH,develop,USACE
0111,MWH,evaluate,Sacramento
0112,Sutter_County,negotiate,DWR
0112,The_Sutter_Subbasin_GSAs,continue,the_Yolo_Subbasin_Groundwater_Agency
0112,Yuba_Water_Agency,submit,DWR
0112,Advanced,conduct,City_of_Yuba
0112,GSA,include,GSAs
0112,GSA,bring,SSGMCC
0113,SVBGSA,be,GSAs
0113,SVBGSA,bring,the_SVBGSA
0113,SVBGSA,pursue,SWRCB
0113,SVBGSA,bring,the_SVBGSA
0113,SVBGSA,pursue,SWRCB
0113,GSA,bring,the_SVBGSA_Board
0113,the_SVBGSA_Board,vote,SVBGSA
0113,SVBGSA,pursue,SWRCB
0113,National_Marine_Fisheries_Service,require,NMFS
0113,SVBGSA,bring,the_SVBGSA
0113,SVBGSA,partner,CCWG
0113,SVBGSA,partner,RWMG
0113,SVBGSA,bring,the_SVBGSA
0113,SVBGSA,have,California_Water_Code
0113,SVBGSA,bring,the_MCWRA_Board
0113,SVBGSA,bring,the_SVBGSA
0113,SVBGSA,work,MCWRA
0113,MCWRA,provide,SVBGSA
0113,the_Department_of_Drinking_Water_s,design,Californians
0113,the_Department_of_Drinking_Water_s,design,State
0113,The_Coordination_Group,help,GSAs
0113,The_Water_Quality_Coordination_Group,include,CCRWQCB
0113,the_Coordination_Group,be,GSA
0114,GAMA,focus,Burton
0114,GAMA,focus,Wright
0114,USGS,focus,Burton
0114,USGS,focus,Wright
0114,GAMA,include,CCRWQCB
0114,GAMA,include,Division_of_Drinking_Water
0114,GAMA,include,Irrigated_Lands_Regulatory_Program
0114,SVBGSA,evaluate,ISW
0114,SVBGSA,consult,MCWRA
0114,MCWRA,be,SVBGSA
0114,MCWRA,need,SVBGSA
0114,MCWRA,use,SVBGSA
0114,SVBGSA,consult,MCWRA
0114,National_Marine_Fisheries_Service,require,NMFS
0114,SVBGSA,bring,the_MCWRA_Board
0114,SVBGSA,bring,the_SVBGSA
0114,SVBGSA,bring,the_SVBGSA
0114,SVBGSA,have,California_Water_Code_107262
0114,GSA,have,CalTrans
0114,GSA,need,USACE
0114,the_SVBGSA_Board,vote,SVBGSA
0114,SVBGSA,bring,the_SVBGSA
0114,United_States_Fish_and_Wildlife_Service,require,USFWS
0114,SVBGSA,bring,the_MCWRA_Board
0114,SVBGSA,bring,the_SVBGSA
0114,the_SVBGSA_Board,notify,SVBGSA
0114,Fish_and_Wildlife_Service,require,USFWS
0114,United_States,require,USFWS
0114,National_Oceanic_Atmospheric_Administration,require,NMFS
0114,National_Oceanic_Atmospheric_Administration,require,NOAA
0114,CCC,ensure,Coastal_Management
0114,SVBGSA,bring,the_SVBGSA
0114,SVBGSA,have,California_Water_Code_107262
0115,SVBGSA,undertake,GSA
0115,SVBGSA,coordinate,Paso_Robles_Area_Subbasin
0115,SVBGSA,evaluate,ISW
0115,SVBGSA,work,MCWRA
0115,SVBGSA,work,National_Marine_Fisheries_Service
0115,Agricultural_Land,draw,A4
0115,Agricultural_Land,draw,Advisory_Committee
0115,Coordination_Program,form,Coordination_Group
0115,SVBGSA,work,the_Subbasin_Committee
0115,TAC,work,the_Upper_Valley_Subbasin_Committee
0115,The_SMC_TAC,make,the_Upper_Valley_Subbasin_Committee
0115,The_GSA_Board_of_Directors,need,the_SMC_TAC
0115,GSA,bring,the_SVBGSA_Board
0115,the_SVBGSA_Board,vote,SVBGSA
0115,MCWRA,refer,the_MCWRA_Board_of_Supervisors
0115,MCWRA,present,the_MCWRA_Reservoir_Operations_Advisory_Committee
0115,SVBGSA,collaborate,MCWRA
0115,MCWRA,be,SVBGSA
0115,SVBGSA,work,MCWRA
0115,SVBGSA,utilize,Advisory_Committee
0115,SVBGSA,utilize,Integrated_Implementation_Committee
0115,SVBGSA,utilize,Subbasin_Committees
0115,SVBGSA,utilize,SVBGSA
0115,MCWRA,develop,MCWRA
0115,SVBGSA,partner,Central_Coast_Wetlands_Group
0115,SVBGSA,partner,the_Integrated_Regional_Water_Management_Group
0115,NMFS,concur,California
0115,NMFS,concur,USACE
0115,USFWS,concur,California
0115,USFWS,concur,USACE
0115,the_Salinas_River_Arundo_Control_Program,receive,NMFS
0115,USFWS,issue,California
0115,NMFS,support,USACE
0115,NMFS,require,NMFS
0116,SVBGSA,work,MCWRA
0116,ASCMA,represent,TAC
0116,SVBGSA,work,the_Subbasin_Committee
0116,TAC,work,the_Forebay_Subbasin_Committee
0116,The_MCWRA_D_TAC,develop,Nacimiento
0116,The_MCWRA_D_TAC,develop,San_Antonio
0116,The_SMC_TAC,make,the_Forebay_Subbasin_Committee
0116,The_GSA_Board_of_Directors,need,the_SMC_TAC
0116,ASGSA,demonstrate,ASCMA
0116,SVBGSA,demonstrate,ASCMA
0116,the_SVBGSA_Board,vote,SVBGSA
0116,MCWRA,form,a_Drought_Operations_Technical_Advisory_Committee
0116,MCWRA_Drought_Reoperation,form,a_Drought_Operations_Technical_Advisory_Committee
0116,The_Coordination_Committee,refer,ASGSA
0116,The_Coordination_Committee,refer,SVBGSA
0116,SVBGSA,utilize,Advisory_Committee
0116,SVBGSA,utilize,Integrated_Implementation_Committee
0116,SVBGSA,utilize,Subbasin_Committees
0116,SVBGSA,utilize,the_SVBGSA_Board_of_Directors
0116,MCWRA,develop,MCWRA
0116,RCDMC,work,SMP
0116,Monterey_County,break,San_Ardo
0116,SVBGSA,partner,Central_Coast_Wetlands_Group
0116,SVBGSA,partner,the_Integrated_Regional_Water_Management_IRWM_Group
0116,USFWS,issue,Bell
0116,The_National_Marine_Fisheries_Service,concur,USACE
0116,the_US_Fish_and_Wildlife_Service,concur,USACE
0116,NMFS,have,USACE
0116,RCDMC,have,USACE
0116,SMP,enter,MCWRA
0116,SVBGSA,bring,the_SVBGSA
0116,NMFS,require,NMFS
0116,GSA,bring,the_SVBGSA_Board
0116,SVBGSA,pursue,SWRCB
0116,MCWRA,provide,SVBGSA
0116,The_Water_Quality_Coordination_Group,include,CCRWQCB
0116,the_Coordination_Group,be,GSAs
0116,SVBGSA,work,MCWRA
0116,SVBGSA,expand,GEMS_Program
0116,The_Coordination_Group,help,GSAs
0116,the_Department_of_Drinking_Water_s,design,Californians
0116,the_Department_of_Drinking_Water_s,design,State
0116,ASGSA,implement,ASCMA
0116,SVBGSA,rely,MCWRA
0116,MCWRA,collect,CASGEM
0116,MCWRA,make,ASGSA
0116,MCWRA,make,SVBGSA
0116,SVBGSA,compare,SMC
0116,SVBGSA,prepare,ASGSA
0116,GSA,compare,SMC
0116,SWRCB,compile,GAMA
0116,SVBGSA,work,MCWRA
0116,Groundwater_Extraction_SVBGSA,rely,MCWRA
0116,MCWRA,collect,GEMS
0116,SVBGSA,work,MCWRA
0116,SVBGSA,identify,ASGSA
0116,SVBGSA,improve,GEMS_Program
0116,SVBGSA,engage,ASGSA
0116,SVBGSA,fill,the_Deep_Aquifers_Study
0117,the_Solano_Collaborative,engage,DWR
0117,The_Solano_Collaborative,review,DWR
0117,GSAs,take,GSP
0117,GSAs,incur,GSA
0117,GSAs,incur,GSAs
0117,GSA,upload,the_Solano_GSP_Data_Management_System
0117,GSAs,have,Solano_Subbasin_GSA
0117,the_Solano_Collaborative,provide,GSP
0117,The_Solano_GSA,post,SCWA
0117,The_Solano_Collaborative,designate,the_Solano_County_Water_Agency
0117,The_Solano_Collaborative,designate,the_Solano_GSA
0117,The_Northern_Delta_GSA,submit,DWR
0117,NDGSA,join,Collaborative
0117,NDGSA,participate,Collaborative
0117,The_GSP_AC,act,GSP
0117,The_GSP_AC,act,GSP_Development
0118,the_City,deliver,Golden_State_Water_Company
0118,GSFLOW,transmit,GSFLOW
0118,GSFLOW,transmit,MODFLOW
0118,GSFLOW,incorporate,USGS
0118,GSWC,come,City
0118,GSWC,come,SWP
0118,GSWC,meet,SWP
0118,CHG,complete,San_Luis_Obispo
0118,Cleath_Harris_Geologists,complete,San_Luis_Obispo
0118,State_Water_Company,own,Edna_System
0118,State_Water_Company,own,Golden_M
0118,Toby,own,Edna_System
0118,Toby,own,Golden_M
0118,City,represent,Groundwa_Golden_State_Water_Company
0118,Flow,represent,Groundwa_Golden_State_Water_Company
0118,City_of_SLO,extend,Edna_Ranch
0118,Edna,be,SLO
0118,the_Central_Coast_Regional_Water_Quality_Control_Board,designate,CCRWQCB
0118,Sustainabl,indicate,Rick
0118,Golden_State,be,State
0118,Toby_Moore,bring,Workshop
0118,Stillwater_Sciences,prepare,GSP
0118,GSAs,use,Monitoring_Network
0118,GSAs,use,Stillwater_Sciences_TM
0118,GSAs,develop,SGMA
0118,Edna_Valley,be,the_City_of_San_Luis_Obispo
0118,Edna_Valley,be,City
0118,City,supply,City
0118,Delany,mandate,SGMA
0118,Delany,mandate,Timothy
0118,SGMA,mandate,SGMA
0118,SGMA,mandate,Timothy
0119,Riverside_County_Resource_Conservation_District,implement,the_Temescal_Creek_Native_Fish_Restoration_Project
0119,SWRCB,approve,EVMWD
0119,The_Nature_Conservancy,develop,DWR
0119,MA,be,Elsinore
0119,MA,be,Lee_Lake
0119,MA,be,Warm_Springs
0119,EVMWD,pump,MWDSC_Groundwater_Storage_Program
0119,EVMWD,pump,SARCCUP
0119,MWDSC,extract,the_Groundwater_Storage_Program
0119,Municipal_Water_District,conduct,Carollo_Engineers_Inc
0119,Municipal_Water_District,conduct,Kearns_West
0119,Municipal_Water_District,conduct,The_Elsinore_Valley
0119,Municipal_Water_District,conduct,Todd_Groundwater
0119,EVMWD,provide,EVMWD
0119,EVMWD,provide,Lake_Elsinore
0119,Kris_Anderson,provide,EVMWD
0119,Kris_Anderson,provide,Lake_Elsinore
0119,SGMA,require,Groundwater_Sustainability_Agency
0119,EVMWD,provide,Best_Best
0119,EVMWD,provide,Board_of_Directors
0119,EVMWD,provide,Greg_Thomas
0119,Kris_Anderson,provide,Best_Best
0119,Kris_Anderson,provide,Board_of_Directors
0119,Kris_Anderson,provide,Greg_Thomas
0119,EVGSA,continue,GSP
0119,EVMWD,provide,Lake_Elsinore
0119,EVMWD,provide,Board_of_Directors
0119,EVMWD,provide,Lake_Elsinore
0119,EVMWD,provide,Lake_Elsinore
0119,GPS,prepare,GSA
0119,Elsinore_Valley_GSA,plan,the
0119,EVMWD,conduct,Carollo_Engineers_Inc
0119,EVMWD,conduct,Kearns_West
0119,EVMWD,conduct,Todd_Groundwater
0119,EVMWD,provide,Zoom_Virtual_Meeting
0119,SGMA,require,Groundwater_Sustainability_Agency
0119,EVMWD,deliver,Board_of_Directors
0120,East_Contra_Costa_County,occur,California
0120,Department_of_Water_Resources,make,East_County
0121,TNC,be,DWR
0121,GSA,upload,the_SGP_Subbasin_s
0121,MBMI,cooperate,GSP
0121,MBMI,cooperate,Stakeholder_Outreach
0121,the_SGP_GSP_Working_Group,cooperate,GSP
0121,the_SGP_GSP_Working_Group,cooperate,Stakeholder_Outreach
0121,DWA_GSA,identify,GSA
0121,Agency,rely,Department
0121,GSAs,work,the_Regional_Board
0121,County,notify,GSAs
0121,GSA,require,GSA
0121,Riverside_County,manage,Environmental_Health_Division
0121,GSAs,work,EHD
0121,GSAs,promote,EHD
0121,SGP_GSP,plan,GSP
0121,GSA,require,Annual
0121,GSA,require,GSA
0121,GSAs,adopt,GSA
0121,GSAs,increase,EHD
0121,GSAs,adopt,GSA
0121,GSAs,report,GSAs
0121,GSA,require,Annual
0121,San_Gorgonio_Pass,impose,Desert_Water
0121,San_Gorgonio_Pass,impose,Implementing_Agency
0121,San_Gorgonio_Pass,impose,San_Gorgonio_Pass
0121,San_Gorgonio_Pass,impose,San_Gorgonio_Pass_Groundwater_Sustainability_Agency
0121,San_Gorgonio_Pass,impose,SGMA
0121,San_Gorgonio_Pass,impose,Verbenia_GSA
0121,GSA,require,Annual
0121,GSAs,provide,GSA
0121,GSAs,provide,GSAs
0121,GSAs,grant,SGMA
0121,SGMA,provide,GSAs
0121,GSA,require,Annual
0121,GSA,require,Annual_Report
0121,San_Gorgonio_Pass,receive,GSP
0123,GSA,supplement,the_SGMA_Monitoring_Network
0123,the_White_Wolf_GSA,define,a_SGMA_Monitoring_Network
0123,Wolf_GSA,conduct,The_White
0123,Ridge_Maricopa,be,Mettler_Recharge_Project
0123,Ridge_Maricopa,be,Provost_and_Pritchard_Consulting_Group
0123,Ridge_Maricopa,be,UNAVCO
0123,Ridge_Maricopa,be,Wheeler_Kern
0123,Ridge_Maricopa,be,White_Wolf
0123,TCWD,conduct,California_Resources_Corporation
0123,TCWD,sign,Patterson_Irrigation_District
0123,WRMWSD,sign,Patterson_Irrigation_District
0123,AEWSD,supply,AEWSD
0123,AEWSD,supply,the_In_lieu_Banking_Program
0123,The_Mettler_Recharge_Project,entail,WRMWSD
0123,AEWSD,be,the_Power_and_Water_Resources_Pooling_Authority
0123,WRMWSD_Land_Retirement_andor_Conversion_WRMWSD,fallow,WRMWSD
0123,District,direct,GSA
0123,GSP,direct,District
0123,GSP,direct,GSA
0123,The_White_Wolf_GSA,organize,a_Joint_Powers_Authority
0123,Agency,submit,Department
0123,GSA,plan,the_Irrigation_Training_and_Research_Center
0124,Committee,be,Napa_County
0124,Committee,invite,the_Groundwater_Sustainability_Plan_Advisory_Committee
0124,Committee,be,Napa_County
0124,Committee,invite,the_Groundwater_Sustainability_Plan_Advisory_Committee
0124,Committee,be,Napa_County
0124,Committee,invite,the_Groundwater_Sustainability_Plan_Advisory_Committee
0124,Committee,be,the_Napa_County
0124,SGMA,affect,David_Morrison
0124,SGMA,affect,David_Morrison
0124,SWRCB,share,California
0124,SWRCB,share,the_San_Francisco_Bay_Regional_Water_Quality_Control_Board
0124,DTSC,be,California
0124,DTSC,share,California
0124,DTSC,share,RWQCBs
0124,DWR,obtain,ESA
0124,Coast_Live_Oak_Alliance_GDEs,utilize,TNC
0124,Riparian_Valley_Oak,utilize,TNC
0124,Coast_Live_Oak_Alliance_GDEs,utilize,TNC
0124,Freemont_Cottonwood,utilize,TNC
0124,Flood_Control_and_Water_Conservation_District,be,SWP
0124,Napa_County,be,SWP
0124,WICC,include,American_Canyon
0124,WICC,include,Calistoga
0124,WICC,include,Conservation_Development_and_Planning_Commission
0124,WICC,include,Napa
0124,WICC,include,Napa_County
0124,WICC,include,Natural_Resource_Conservation_Service
0124,WICC,include,Resource_Conservation_District
0124,WICC,include,St_Helena
0124,WICC,include,Yountville
0124,WICC,choose,Napa_County_s
0124,WICC,be,Napa_County_s
0124,WICC,serve,Napa_County
0124,Planning_Building_and_Environmental_Services,request,Agency
0124,County_Executive_Officer,request,GSPAC
0124,Groundwater_Sustainability_Agency,request,GSPAC
0124,Napa_County,request,GSPAC
0124,City,appoint,Beth_Milliken
0124,City,appoint,Calistoga
0124,City,appoint,City
0124,City,appoint,Derek_Rayner
0124,City,appoint,Farm_Bureau
0124,City,appoint,Garrett_Buckland
0124,City,appoint,Johnnie_White
0124,City,appoint,Joy_Eldredge
0124,City,appoint,Michelle_Benvenuto
0124,City,appoint,Napa_County
0124,City,appoint,Napa_Sanitation_District
0124,City,appoint,Napa_Valley
0124,City,appoint,Yountville
0124,Harvest_Duhig,appoint,Beth_Milliken
0124,Harvest_Duhig,appoint,Calistoga
0124,Harvest_Duhig,appoint,City
0124,Harvest_Duhig,appoint,Derek_Rayner
0124,Harvest_Duhig,appoint,Farm_Bureau
0124,Harvest_Duhig,appoint,Garrett_Buckland
0124,Harvest_Duhig,appoint,Johnnie_White
0124,Harvest_Duhig,appoint,Joy_Eldredge
0124,Harvest_Duhig,appoint,Michelle_Benvenuto
0124,Harvest_Duhig,appoint,Napa_County
0124,Harvest_Duhig,appoint,Napa_Sanitation_District
0124,Harvest_Duhig,appoint,Napa_Valley
0124,Harvest_Duhig,appoint,Yountville
0124,St_Helena,appoint,Beth_Milliken
0124,St_Helena,appoint,Calistoga
0124,St_Helena,appoint,City
0124,St_Helena,appoint,Derek_Rayner
0124,St_Helena,appoint,Farm_Bureau
0124,St_Helena,appoint,Garrett_Buckland
0124,St_Helena,appoint,Johnnie_White
0124,St_Helena,appoint,Joy_Eldredge
0124,St_Helena,appoint,Michelle_Benvenuto
0124,St_Helena,appoint,Napa_County
0124,St_Helena,appoint,Napa_Sanitation_District
0124,St_Helena,appoint,Napa_Valley
0124,St_Helena,appoint,Yountville
0124,Planning_Building_and_Environmental_Services,follow,Duhig
0124,Planning_Building_and_Environmental_Services,follow,GSPAC
0124,Planning_Building_and_Environmental_Services,follow,Harvest
0124,Planning_Building_and_Environmental_Services,follow,Jeri_Hansen
0124,Planning_Building_and_Environmental_Services,request,the_Napa_County_Resource_Conservation_District_s
0124,Hoenicke,request,Pramuk
0124,Kanagy,request,Pramuk
0124,the_Napa_Valley_Unified_School_District,request,Pramuk
0124,21_154_Community_Outreach,request,CBG_Communications
0124,21_154_Community_Outreach,request,Central_Services
0124,K,request,Board_of_Supervisors
0124,K,establish,the_Juvenile_Hall
0124,Planning_Building_and_Environmental_Services,request,Board_of_Supervisors
0124,Health_and_Human_Services,request,County
0124,Health_and_Human_Services,request,Puertas_Abiertas_Community_Resource_Center
0124,Health_and_Human_Services,request,Department_of_State_Hospitals
0124,HACN,reimburse,County
0124,HACN,reimburse,the_Center_for_Common_Concerns
0124,Environmental_Services,request,Board_of_Supervisors
0124,Human_Resources,request,Board_of_Supervisors
0124,Library_Services_and_Community_Outreach,request,M
0124,Library_Services_and_Community_Outreach,request,the_21_670
0124,Health_and_Human,request,the_County_General_Fund
0124,Health_and_Human,request,the_Health_and_Human_Services_Agency
0124,Health_and_Human,request,the_Mental_Health_Division
0124,Health_and_Human,delete,Information_Technology_Services
0124,Health_and_Human_Services,request,Medi_Cal
0124,Health_and_Human_Services,request,On_the_Move_Inc
0124,Health_and_Human_Services,provide,Child_Welfare_Services
0124,Housing_and_Homeless,request,Board_of_Supervisors
0124,Housing_and_Homeless_Services,request,California
0124,Teeple,continue,County
0124,Teeple,continue,Grobstein
0124,Chair,sign,Frasier_Group_Investigations
0124,Chair,sign,Michael_Frasier
0124,Library_Services_and_Community_Outreach,request,Agreement
0124,Library_Services_and_Community_Outreach,request,the_21_1161_Board
0124,Groundwater_Sustainability_Plan_Advisory_Committee,use,Microsoft
0124,Committee,request,Committee
0124,Committee,be,Napa_County
0124,Committee,be,Napa_County
0124,Committee,invite,the_Groundwater_Sustainability_Plan_Advisory_Committee
0125,Sophocleous,estimate,Sophocleous
0125,DWR,document,InSAR
0125,GSAs,submit,DWR
0125,The_Sierra_Valley_Resource_Conservation_District,reduce,Loyalton
0125,The_Sierra_Valley_Resource_Conservation_District,reduce,Sierra_County
0125,The_Sierra_Valley_Resource_Conservation_District,reduce,US_Forest_Service
0125,GSAs,coordinate,the_City_of_Loyalton
0127,GSA,determine,GSPAC
0127,GSA,be,GSA
0127,GSA,make,GSPAC
0127,GSA,share,GSPAC
0127,GSA,implement,Adobe_Creek_Conjunctive_Use_Project
0127,GSA,develop,GSP
0127,Lake_County_Watershed_Protection_District,estimate,FINAL
0127,CDFW,incorporate,the_Big_Keep_hitch
0127,Valley_Band_of_Pomo_Indians,incorporate,the_Big_Keep_hitch
0127,GSA,decide,GSPAC
0127,GSA,inform,GSPAC
0127,GSA,share,OES
0127,GSA,inform,GSPAC
0127,GSPAC,advise,GSA
0128,DWR,use,InSAR
0128,SVBGSA,work,the_United_States_Geological_Survey
0128,SVBGSA,bring,the_SVBGSA_Board
0128,the_SVBGSA_Board,notify,SVBGSA
0128,MCWD,adopt,State
0128,MCWD,adopt,California
0128,Control_Board,be,The_Regional_Water_Quality
0128,National_Oceanic_Atmospheric_Administration,need,USFWS
0128,the_SVBGSA_Board,notify,SVBGSA
0128,SVBGSA,bring,the_MCWRA_Board
0128,SVBGSA,bring,the_SVBGSA_Board
0128,SVBGSA,bring,the_MCWRA_Board
0128,SVBGSA,bring,the_SVBGSA_Board
0128,the_SVBGSA_Board,notify,SVBGSA
0128,SVBGSA,bring,the_MCWRA_Board
0128,SVBGSA,bring,the_SVBGSA_Board
0128,the_SVBGSA_Board,notify,SVBGSA
0128,SVBGSA,bring,the_SVBGSA_Board
0128,SVBGSA,bring,the_SVBGSA_Board
0128,SVBGSA,pursue,SWRCB
0128,the_SVBGSA_Board,notify,SVBGSA
0128,SVBGSA,bring,the_MCWRA_Board
0128,SVBGSA,bring,the_SVBGSA_Board
0128,MCWD,work,SVBGSA
0128,SWIG,work,a_Technical_Advisory_Committee
0128,SVBGSA,support,County
0128,SVBGSA,create,the_Seawater_Intrusion_Working_Group
0128,TAC,be,SWIG
0128,MCWD,participate,SWIG
0128,MCWD,participate,TAC
0128,SVBGSA,participate,SWIG
0128,SVBGSA,participate,TAC
0128,SVBGSA,work,MCWD
0128,SVBGSA,establish,a_Seawater_Intrusion_Working_Group
0128,SWIG,advise,SVBGSA
0128,MCWRA,provide,SVBGSA
0128,SVBGSA,work,MCWRA
0128,SVBGSA,expand,GEMS_Program
0128,SVBGSA,work,the_Monterey_County_Health_Department
0128,MCWD,submit,DWR
0128,SVBGSA,submit,DWR
0128,SVBGSA,coordinate,MCWRA
0128,MCWRA,make,SVBGSA
0128,GSAs,improve,GEMS_Program
0128,MCWRA,improve,GEMS_Program
0128,SVBGSA,plan,Partnership
0129,The_Nature_Conservancy,adopt,Union_of_Concerned
0129,SMBGSA,have,Government_Commission
0129,The_City,have,Government_Commission
0129,GSP,confirm,Union_of_Concerned
0129,Audubon,invest,Government_Commission
0129,GSA,invest,Government_Commission
0129,Santa_Monica,invest,Government_Commission
0129,The_City_of,invest,Government_Commission
0129,GSA,continue,Audubon_California
0129,Santa_Monica,invest,Government_Commission
0129,SMBGSA,prepare,GSP
0129,GSP,cite,NCCAG
0129,Ballona,connect,Playa_Vista
0129,Group_Delta,prepare,Wetlands_Restoration_Plan
0129,the_Ballona_Wetland_Restoration_Project,be,Consultants
0129,the_US_Environmental_Protection,approve,Impairments_for_Receiving_Waters
0129,the_US_Environmental_Protection,approve,the_Santa_Monica_Subbasin
0129,SMBGSA,prepare,GSP
0129,CDFW,do,CDFW
0129,CDFW,do,SGMA
0129,GSA,do,CDFW
0129,GSA,do,SGMA
0129,the_Ballona_Wetland_Restoration_Project,contradict,Group_Delta_Consultants
0129,SMBGSA,acknowledge,the_Grassroots_Coalition
0129,SMBGSA,acknowledge,the_Grassroots_Coalition
0129,Army_Corp_of_Engineers,appear,The
0129,SMBGSA,acknowledge,the_Grassroots_Coalition
0129,The_Ballona_Ecosystem_Education_Project,work,Ballona
0129,The_Ballona_Ecosystem_Education_Project,work,Education_Foundation
0129,Grassroots_Coalition,have,Acknowledged
0129,Grassroots_Coalition,have,Ballona
0129,Grassroots_Coalition,have,Education_Foundation
0129,Grassroots_Coalition,have,Playa_Vista
0129,Grassroots_Coalition,have,SoCalGas
0129,SMBGSA,acknowledge,the_Grassroots_Coalition
0129,SMBGSA,acknowledge,US
0129,The_Santa_Monica_Basin_Groundwater_Sustainability_Agency,comprise,City
0129,SMBGSA,comprise,Culver_City
0129,SMBGSA,comprise,Department_of_Water_and_Power
0129,SMBGSA,comprise,Los_Angeles
0129,SMBGSA,comprise,Santa_Monica
0129,SMBGSA,comprise,the_Cities
0129,SMBGSA,comprise,the_City_of_Los_Angeles
0129,SMBGSA,comprise,the_County_of_Los_Angeles
0129,Beverly_Hills,comprise,GSA
0129,Culver_City,comprise,GSA
0129,the_County_of_Los_Angeles,comprise,GSA
0129,Sunny_Wang,invite,LA_Sanitation
0129,Sunny_Wang,invite,the_Grassroots_Coalition
0129,SMBGSA,invite,Margot_Griswold
0129,SMBGSA,invite,McPherson
0129,SMBGSA,invite,the_Grassroots_Coalition
0129,GSA,be,Grassroots_Coalition
0129,GSA,prepare,SGMA
0129,Grassroots_Coalition,believe,Ballona
0129,Grassroots_Coalition,believe,GSAs
0129,Grassroots_Coalition,believe,SMBGSA
0129,SMBGSA,acknowledge,LARWQCB
0129,Dark,document,Joel
0129,NPDES,exist,Playa_Vista
0129,Playa_Vista_s,send,LA_Sanitation
0129,Control_Board,send,Department_of_Sanitation
0129,Control_Board,send,Howard_Hughes_Aircraft_Company_s
0129,Control_Board,send,McDonnell_Douglas_Helicopter_Company
0129,Control_Board,send,Playa_Vista
0129,Control_Board,send,the_Los_Angeles_Regional_Water_Quality
0129,The_City_of_Los_Angeles,be,CDFW
0129,The_City_of_Los_Angeles,be,GSP
0129,The_City_of_Los_Angeles,include,LARWQCB
0129,The_City_of_Los_Angeles,include,Playa_Vista
0129,congress,accrue,Marina_del_Rey
0129,United_States,accrue,Marina_del_Rey
0129,Grassroots_Coalition,be,GSA
0129,Grassroots_Coalition,be,the_City_of_Santa_Monica_Grassroots_Coalition
0129,Angeles_Regional_Water_Quality_Control_Board,add,Los
0129,LARWQCB,express,Grassroots_Coalition
0129,GSA,include,CDFW
0129,US_Fish_and_Wildlife_Service,request,GDE
0129,SMBGSA,acknowledge,the_Grassroots_Coalition
0129,Grassroots_Coalition,have,CCC
0129,Grassroots_Coalition,have,CDFW
0129,SMBGSA,inform,GSP
0129,SMBGSA,reach,Medak
0129,SMBGSA,acknowledge,USFWS
0129,SMBGSA,acknowledge,the_Grassroots_Coalition
0129,SMBGSA,acknowledge,Bawden
0129,SMBGSA,acknowledge,Grassroots_Coalition
0129,Playa_Vista_s,submit,Endres
0129,Playa_Vista_s,submit,the_Los_Angeles_Dept_of_Building_Safety
0129,Endres,submit,Redondo_Beach
0129,Endres,submit,SoCalGas
0129,Endres,submit,Venice
0129,Grassroots_Coalition,submit,Redondo_Beach
0129,Grassroots_Coalition,submit,SoCalGas
0129,Grassroots_Coalition,submit,Venice
0129,Grassroots_Coalition,acknowledge,Playa_del_Rey
0129,NPDES,report,LARWQCB
0130,OBGMA,continue,OBGMA
0130,OBGMA,have,GSA
0130,OBGMA,have,SGMA
0130,OBGMA,coordinate,SWRCB
0130,OBGMA,inform,GDEs
0130,OBGMA,assess,GSP
0130,OBGMA,pursue,CMWD
0130,CMWD,present,Board
0130,OBGMA,need,CMWD
0130,The_Ojai_Valley_Sanitary_District,provide,Ojai
0130,OVSD,locate,OVGB
0130,OBGMA,work,OVSD
0130,OBGMA,partner,VCWPD
0130,OBGMA,partner,the_City_of_Ojai
0130,PROJECTS_AND_MANAGEMENT_ACTIONS_Control_District,contract,the_State_of_California
0130,VCFCD,assign,Casitas
0130,OBGMA,need,CMWD
0130,OBGMA,be,SGMA
0130,Meiners_Oaks,release,the_City_of_Ventura
0130,the_Rancho_Matilija_Mutual_Water_Company,release,the_City_of_Ventura
0130,Wood_Claeyssens_Foundation,release,the_City_of_Ventura
0130,SGMA,require,DWR
0130,SGMA,require,GSAs
0130,OBGMA,submit,DWR
0130,OBGMA,make,OBGMA
0130,OBGMA,submit,DWR
0130,OBGMA,submit,GSP
0130,OBGMA,submit,DWR
0130,OBGMA,submit,GSP
0131,DWR,prioritize,the_CASGEM_Program
0131,SGMA,require,DWR
0131,TNC,develop,DWR
0131,Groundwater_Sustainability_Agencies,consider,California
0131,Groundwater_Sustainability_Agencies,consider,Native_American
0132,GSA,accord,DWR_SGMA
0132,GSA,accord,GSP
0132,GSA,have,Sonoma_Land_Trust
0132,The_Petaluma_Valley_GSA,coordinate,GSAs
0132,GSA,develop,SWRCB
0132,GSA,work,SWRCB
0132,GSA,identify,the_Seawater_Intrusion_Monitoring_Network
0132,GSA,partner,DWR
0132,GSA,explore,the_Seawater_Intrusion_Monitoring_Network
0132,GSA,work,the_Seawater_Intrusion_Monitoring_Network
0132,GSA,coordinate,the_City_of_Petaluma
0132,The_City_of_Petaluma,be,North_Bay_Water_Reuse_Authority
0132,CEQA,include,Tribal
0132,GSA,base,GSA_Board
0132,GSA,base,the_Advisory_Committee
0132,GSA,participate,County
0132,Advisory_Committee,continue,Board
0132,Advisory_Committee,continue,GSA
0132,Advisory_Committee,continue,California
0132,GSA_Board,continue,California
0132,GSA,coordinate,Santa_Rosa
0132,GSA,meet,SGMA
0132,GSA,coordinate,SFBRWQCB
0132,GSA,coordinate,SWRCB_DDW
0132,GSA,engage,Petaluma
0132,Fisheries_Service,convene,a_Sonoma_Sustainable_Management_Criteria_for_Depletion_of_Interconnected_Surface_Water_Practitioner_Work_Group
0132,Fisheries_Service,convene,Comment
0132,GSAs,convene,a_Sonoma_Sustainable_Management_Criteria_for_Depletion_of_Interconnected_Surface_Water_Practitioner_Work_Group
0132,GSAs,convene,Comment
0132,Sonoma_County,convene,a_Sonoma_Sustainable_Management_Criteria_for_Depletion_of_Interconnected_Surface_Water_Practitioner_Work_Group
0132,Sonoma_County,convene,Comment
0132,NMFS,agree,Sonoma_County
0132,Adobe,have,Bobier
0132,Adobe,have,Hubacker
0132,Adobe,have,Robbins
0132,GSA,consider,Adobe
0132,GSA,consider,Lichau
0132,Department,encourage,GSA
0132,Chapter_of_CAFF,request,GSP
0132,Sonoma_County_s,request,GSP
0132,ECWRF,be,City
0132,GSA,coordinate,the_City_of_Petaluma
0132,SVCSD,have,Petaluma
0132,NBWRP,comprise,City_of_Petaluma
0132,Department,encourage,GSA
0132,SMC,require,GSP
0133,CCAC,sample,ILRP
0133,Agency,include,Agency
0133,NWP,implement,GSP
0134,GSA,obtain,County
0134,the_Tehama_County_Resource_Conservation_District,operate,Tehama_County
0134,Districts,have,Legal_Authority
0134,GSA,have,Legal_Authority
0136,GSA,apply,DWR
0136,GSA,be,Practitioners_Working_Group
0136,The_GSP_Implementation_Network,consist,Refined_Groundwater_level_Monitoring_Network
0136,GSA,partner,DWR
0136,GSA,look,the_City_of_Sebastopol
0136,GSA,plan,Santa_Rosa
0136,GSA,plan,DWR
0136,GSA,participate,County
0136,Advisory_Committee,continue,Board
0136,Advisory_Committee,continue,GSA
0136,Advisory_Committee,continue,California
0136,GSA_Board,continue,California
0136,GSA,contract,GSA
0136,GSA,contract,Sonoma_Water
0136,GSA,transition,GSP
0136,GSA,meet,SGMA
0136,GSA,coordinate,NCRWQCB
0136,GSA,coordinate,SWRCB_DDW
0136,Rohnert_Park,contain,City_of_Cotati
0136,Rohnert_Park,contain,Santa_Rosa
0136,Rohnert_Park,contain,Town_of_Windsor
0137,GSA,plan,GSP
0137,GSA,develop,GSP
0137,the_Tehama_County_Resource_Conservation_District,continue,Tehama
0137,the_Tehama_County_Resource_Conservation_District,continue,the_Mobile_Irrigation_Lab
0137,GSA,obtain,County
0137,the_Tehama_County_Resource_Conservation_District,operate,Tehama_County
0137,the_Tehama_County_Resource_Conservation_District,operate,Tehama_County
0137,Chico_State,conduct,California
0137,UC_Davis,conduct,California
0137,UCCE,conduct,California
0138,GSA,take,GSP
0138,SGMA,require,GSAs
0138,GSP,occur,GSP
0139,GSA,consider,GSP
0139,GSAs,consider,GSP_TEAM
0139,GSA,obtain,County
0140,GSA,consider,GSP
0140,Control,be,Conservation_District
0140,Control,be,Tehama_West
0140,Tehama_County,be,Conservation_District
0140,Tehama_County,be,Tehama_West
0140,GSA,conduct,GSP
0140,GSA,conduct,SGMA
0144,Western,receive,Metropolitan_Water_District
0144,Western,be,the_State_Water_Project
0144,Western,use,the_Metropolitan_Water_District
0144,Victoria,be,Arlington
0145,Agency,include,Plan
0145,SGMA,grant,GSAs
0149,CPP,be,Pomona
0149,LACSD,file,the_State_of_California_Water_Resources_Control_Board
0149,LACSD,reduce,Pomona
0149,LACSD,implement,the_US_Fish_and_Wildlife_Service
0150,Agency,include,Agency
0150,Agency,submit,Department
0150,Agency,utilize,Department
0150,Agency,utilize,the_d
0150,Landowner,desire,Agency
0150,Agency,include,Agency
0150,Agency,include,MAP
0150,Agency,participate,Joint_Powers_Authority
0150,Agency,participate,JPA
0150,Agency,participate,KGA
0150,Agency,participate,SGMA
0150,Agency,participate,the_Kern_Groundwater_Authority
0150,Agency,comport,SGMA
0150,Agency,recognize,GSA
0150,Agency,enter,County
0150,County,participate,GSA
0150,Agency,notify,DWR
0150,Wheeler_Ridge,notify,DWR
0150,Agency,commit,Agency
0150,Agency,manage,ACSD
0150,GSP,manage,ACSD
0150,Agency,indemnify,County
0150,Landowner,provide,Agency
0150,Agency,determine,Landowner
0150,District,determine,Landowner
0150,Agency,maintain,SGMA
0150,DWR,impose,Landowner
0150,DWR,impose,SGMA
0150,the_California_State_Water_Resources_Control_Board,impose,Landowner
0150,the_California_State_Water_Resources_Control_Board,impose,SGMA
0150,Agency,be,Agency
0150,Agency,be,District
0150,Agency,be,Landowner
0150,Agency,invoice,Landowner
0150,Agency,have,Landowner
0150,Agency,seek,Agency
0150,Agency,ensure,Agency
0150,Agency,ensure,MAP
0150,Agency,ensure,SGMA
0150,Agency,impose,Landowner
0150,GSA,request,County
0150,GSA,indemnify,County
0150,GSA,provide,County
0150,Arvin_Edison,become,Groundwater_Sustainability_Agency
0150,Wheeler_Ridge_Maricopa_Water_Storage_District,become,Groundwater_Sustainability_Agency
0150,Arvin_Community_Services_District,notify,KGA
0150,Arvin_GSA,notify,KGA
0150,GSA,notify,KGA
0150,Tejon_Castac_Water_District,notify,KGA
0150,Wheeler_Ridge_Maricopa,notify,KGA
0150,Wheeler_Ridge_Maricopa,manage,GSA
0150,GSA,defend,County
0150,GSA,cause,GSA
0150,GSAs,cooperate,County
0150,GSAs,cooperate,DWR
0150,GSAs,agree,County
0150,GSAs,manage,County
0150,ACSD,work,the_SOKR_GSP
0150,SOKR,work,the_SOKR_GSP
0150,ACSD,hold,SGMA
0150,AEWSD,notify,the_Tejon_Tribe
0150,Arvin_GSA,post,AEWSD
0150,Wheeler_Ridge_Maricopa_GSA,post,WRMWSD
0150,TCWD_GSA,mail,GSA
0150,ACSD,post,ACSD
0150,ACSD,host,AEWSD
0150,the_SOKR_GSAs,host,AEWSD
0150,ACSD,publish,Bakersfield
0150,ACSD,publish,Californian
0150,The_SOKR_GSAs,publish,Bakersfield
0150,The_SOKR_GSAs,publish,Californian
0150,AEWSD,file,the_KGA_GSA
0150,TCWD,file,the_KGA_GSA
0150,WRMWSD,file,the_KGA_GSA
0150,SOKR,participate,GSAs
0150,Control_Board,designate,the_State_Water_Resources
0150,DWR,identify,GSP
0155,The_Montecito_GSA,distribute,GSP
0155,The_Montecito_GSA,distribute,Montecito_GSA
0155,the_Montecito_GSA,distribute,Montecito_GSA
0155,the_Montecito_GSA,distribute,GSP
0155,the_Montecito_GSA,distribute,Montecito_GSA
