,,cached_contextual_semantic,triple_jaccard,size_similarity,structural_similarity
7,8,0.4693906605243683,0.0,0.76,0.9826519821703779
7,9,0.3439832925796509,0.0,0.1578947368421053,0.9279469602300384
7,11,0.45289838314056396,0.0,0.3653846153846154,0.993963083899528
7,12,0.39624840021133423,0.0,1.0,0.9867797326516544
7,13,0.4633464813232422,0.0,0.736842105263158,0.9912866845750691
7,14,0.36554571986198425,0.0,0.736842105263158,0.9769674082942744
7,15,0.412667840719223,0.0,0.26027397260273977,0.9681412791033251
7,16,0.3985552191734314,0.0,0.8636363636363636,0.993137909400716
7,17,0.3401428461074829,0.0,0.42105263157894735,0.9611630956893317
7,18,0.5089573860168457,0.0,0.5277777777777778,0.9609224426255566
7,19,0.30775266885757446,0.0,0.3157894736842105,0.9817967486206488
7,20,0.36951538920402527,0.0,0.7916666666666666,0.9971542244463487
7,21,0.4699442982673645,0.0,0.9047619047619048,0.9958927195125227
7,22,0.36397597193717957,0.0,0.5588235294117647,0.9926810989686337
7,23,0.39269137382507324,0.0,0.9047619047619048,0.9707086859343454
7,24,0.46335169672966003,0.0,0.5277777777777778,0.9920054434735843
7,25,0.4344905614852905,0.0,0.5588235294117647,0.9984024592116044
7,26,0.32530003786087036,0.0,0.6842105263157895,0.9829540880805668
7,28,0.46802306175231934,0.0,0.4222222222222223,0.9975521361690773
7,29,0.4049363136291504,0.0,0.5263157894736843,0.9812158318923183
7,30,0.5031068325042725,0.0,0.4130434782608695,0.9968991918240142
7,31,0.4531182646751404,0.0,0.5277777777777778,0.9931681407245884
7,32,0.3457556366920471,0.0,0.9047619047619048,0.9866172525963195
7,35,0.21379442512989044,0.0,0.052631578947368474,0.8150154366274501
7,36,0.4312458038330078,0.0,0.3015873015873016,0.9975138275397876
7,37,0.47207269072532654,0.0,0.21052631578947367,0.95459671518446
7,38,0.4373100697994232,0.0,0.95,0.9872195572592416
7,42,0.28610238432884216,0.0,0.1578947368421053,0.9031457724568884
7,43,0.4132761061191559,0.0,0.2134831460674157,0.9731639642039165
7,44,0.24878934025764465,0.0,0.21052631578947367,0.9041165513422283
7,45,0.4005798101425171,0.0,0.21052631578947367,0.9265776360349978
7,47,0.3787868320941925,0.0,0.368421052631579,0.9651763292898725
7,48,0.3780788779258728,0.0,0.1578947368421053,0.9376357062779027
7,49,0.368434339761734,0.0,0.10526315789473684,0.8939273585477199
7,50,0.37219077348709106,0.0,0.8947368421052632,0.9840940927143409
7,51,0.5103188157081604,0.0,0.4871794871794872,0.996050047010427
7,52,0.5097247362136841,0.0,0.39583333333333337,0.9894507576309861
7,53,0.5097247362136841,0.0,0.39583333333333337,0.9894507576309861
7,54,0.49178674817085266,0.0,0.09313725490196079,0.9462555921671808
7,56,0.3893345892429352,0.0,0.95,0.9984669617175157
7,57,0.2911042869091034,0.0,0.3157894736842105,0.9416032061881188
7,58,0.4447210133075714,0.0,0.6785714285714286,0.9963654585784332
7,59,0.3846569061279297,0.0,0.9047619047619048,0.9932169417863044
7,61,0.3703310489654541,0.0,0.5263157894736843,0.9609760230639621
7,63,0.4516834020614624,0.0,0.5789473684210527,0.9904222232633839
7,65,0.3913878798484802,0.0,0.6842105263157895,0.9892833265997317
7,67,0.3967173099517822,0.0,0.8947368421052632,0.9831235610781184
7,70,0.4743061065673828,0.0,0.1578947368421053,0.9293207432545134
7,71,0.5106022953987122,0.0,0.736842105263158,0.9985998818033297
7,72,0.44714951515197754,0.0,0.8947368421052632,0.9438861579655332
7,73,0.46242547035217285,0.0,0.7894736842105263,0.9811045605213858
7,74,0.4584934711456299,0.0,0.5428571428571429,0.9921286786100952
7,75,0.3972216546535492,0.0,0.37254901960784315,0.9970935991240161
7,76,0.230279341340065,0.0,0.10526315789473684,0.9177625492273894
7,77,0.39884889125823975,0.0,0.4736842105263158,0.9924675273684761
7,78,0.4641539454460144,0.0,0.30645161290322576,0.9936845425449585
7,79,0.3792506158351898,0.0,0.29230769230769227,0.9880359170669669
7,80,0.4271853566169739,0.0,0.3392857142857143,0.9930263395158417
7,81,0.42771339416503906,0.0,0.5588235294117647,0.9969559831568219
7,82,0.47360649704933167,0.0,0.4042553191489362,0.9942313633755755
7,83,0.46654313802719116,0.0,0.2676056338028169,0.9859340664512777
7,84,0.4256887435913086,0.0,0.8260869565217391,0.9989625825087547
7,85,0.4774095118045807,0.0,0.5,0.9971183144674673
7,86,0.3672030568122864,0.0,0.1578947368421053,0.9279469602300384
7,87,0.37799298763275146,0.0,0.95,0.9862671318292192
7,88,0.39443355798721313,0.0,0.631578947368421,0.9685923184874222
7,89,0.33572712540626526,0.0,0.21052631578947367,0.9660363625061634
7,90,0.3546768128871918,0.0,0.3157894736842105,0.9541833762060554
7,92,0.37619149684906006,0.0,0.7916666666666666,0.9969867987388896
7,93,0.3896175026893616,0.0,0.5135135135135135,0.9947560690607316
7,94,0.4975630044937134,0.0,0.7916666666666666,0.9835748028476327
7,95,0.37871432304382324,0.0,0.5263157894736843,0.9495903251796486
7,96,0.4040254056453705,0.0,0.45238095238095233,0.9956559087636533
7,97,0.4078562259674072,0.0,0.736842105263158,0.9736796970208713
7,98,0.4435102641582489,0.0,0.26315789473684215,0.9683969169805586
7,99,0.4131915867328644,0.0,0.5263157894736843,0.9800517181999951
7,100,0.29494157433509827,0.0,0.8421052631578947,0.9877111421592721
7,101,0.420665979385376,0.0,0.5263157894736843,0.9728890875067686
7,103,0.4030672013759613,0.0,1.0,0.990918100638601
7,104,0.33659297227859497,0.0,0.3157894736842105,0.9758730736240315
7,105,0.4166639447212219,0.0,0.34545454545454546,0.9970541338559783
7,106,0.3411315977573395,0.0,0.8260869565217391,0.9959649970255743
7,110,0.4296514093875885,0.0,0.2753623188405797,0.9924885727541196
7,111,0.46139371395111084,0.0,0.5135135135135135,0.9928335817943889
7,112,0.42740607261657715,0.0,0.3157894736842105,0.936664471211363
7,113,0.33925661444664,0.0,0.8260869565217391,0.9991067934492037
7,114,0.35681867599487305,0.0,0.5757575757575757,0.9970834880721726
7,115,0.37904593348503113,0.0,0.5588235294117647,0.9923516617193433
7,116,0.41681918501853943,0.0,0.3220338983050848,0.9943035433397751
7,117,0.36933860182762146,0.0,0.8421052631578947,0.9828844253421751
7,118,0.374232679605484,0.0,0.59375,0.9806847505891848
7,119,0.49048951268196106,0.0,0.5135135135135135,0.9929887963169319
7,120,0.28896331787109375,0.0,0.10526315789473684,0.8939273585477199
7,121,0.38091418147087097,0.0,0.5277777777777778,0.9933059823124568
7,123,0.5239220261573792,0.0,0.8636363636363636,0.981439172271863
7,124,0.4349421560764313,0.0,0.1610169491525424,0.9696192702538027
7,125,0.4289723038673401,0.0,0.368421052631579,0.9731752341230503
7,127,0.31390702724456787,0.0,0.736842105263158,0.9678323431940806
7,128,0.501431941986084,0.0,0.4130434782608695,0.9739123804661828
7,129,0.4776590168476105,0.0,0.19587628865979378,0.9886722117717678
7,130,0.41473764181137085,0.0,0.6551724137931034,0.9910278088669378
7,131,0.39489468932151794,0.0,0.26315789473684215,0.9641606313465928
7,132,0.43354707956314087,0.0,0.4130434782608695,0.9975483397690863
7,133,0.31057700514793396,0.0,0.1578947368421053,0.9002167825583014
7,134,0.32342764735221863,0.0,0.21052631578947367,0.95459671518446
7,136,0.3992209732532501,0.0,0.9047619047619048,0.9951610725463436
7,137,0.3373720645904541,0.0,0.5263157894736843,0.9906824651500593
7,138,0.23844066262245178,0.0,0.1578947368421053,0.9209491001619935
7,139,0.27984240651130676,0.0,0.1578947368421053,0.9323859218776392
7,140,0.35813745856285095,0.0,0.368421052631579,0.988791554781709
7,144,0.3395247161388397,0.0,0.21052631578947367,0.95459671518446
7,145,0.21013708412647247,0.0,0.10526315789473684,0.8939273585477199
7,149,0.2969631254673004,0.0,0.21052631578947367,0.946852411433184
7,150,0.5902990698814392,0.0,0.24675324675324672,0.9687316018704044
7,155,0.23249542713165283,0.0,0.26315789473684215,0.941370443242717
8,9,0.47711846232414246,0.0,0.12,0.9144023815631744
8,11,0.7090152502059937,0.0,0.4807692307692307,0.9851759819901256
8,12,0.7050016522407532,0.0,0.76,0.9454874595061143
8,13,0.6737228631973267,0.0,0.56,0.969269529015651
8,14,0.6384280920028687,0.0,0.56,0.9311340368420425
8,15,0.6708931922912598,0.0,0.34246575342465757,0.9530356186151638
8,16,0.5393800735473633,0.0,0.88,0.9754134624067461
8,17,0.6080948114395142,0.0,0.31999999999999995,0.951587665436707
8,18,0.6905855536460876,0.0,0.6944444444444444,0.9108322147320925
8,19,0.5271286368370056,0.0,0.24,0.9721055493839035
8,20,0.6659458875656128,0.0,0.96,0.9811679049535554
8,21,0.7531631588935852,0.0,0.84,0.9896383679459907
8,22,0.7578405141830444,0.0,0.7352941176470589,0.9929763517357866
8,23,0.395852267742157,0.0,0.84,0.9548409143310789
8,24,0.6724035739898682,0.0,0.6944444444444444,0.9863485778982005
8,25,0.7198347449302673,0.0,0.7352941176470589,0.9875500065491839
8,26,0.6703876256942749,0.0,0.52,0.9665921437571938
8,28,0.7364645600318909,0.0,0.5555555555555556,0.9809298085498506
8,29,0.5269120931625366,0.0,0.4,0.9918792278616392
8,30,0.7536335587501526,0.0,0.5434782608695652,0.9775780471912072
8,31,0.7390943765640259,0.0,0.6944444444444444,0.9725629630210874
8,32,0.6695515513420105,0.0,0.84,0.9983750089282376
8,35,0.652594804763794,0.0,0.040000000000000036,0.7871538646287477
8,36,0.7436531782150269,0.0,0.39682539682539686,0.9809131739074737
8,37,0.5563757419586182,0.0,0.16000000000000003,0.9308769916649964
8,38,0.5495744943618774,0.0,0.8,0.9648297045416563
8,42,0.414089173078537,0.0,0.12,0.8380734959921874
8,43,0.6736733317375183,0.0,0.2808988764044944,0.959063474122124
8,44,0.3345184028148651,0.0,0.16000000000000003,0.9409097610365745
8,45,0.4588111937046051,0.0,0.16000000000000003,0.9163488861039529
8,47,0.4586670994758606,0.0,0.28,0.9655299782985431
8,48,0.5012865662574768,0.0,0.12,0.9438986895796949
8,49,0.6208354234695435,0.0,0.07999999999999996,0.8654010721647409
8,50,0.6623052358627319,0.0,0.6799999999999999,0.9524378712454866
8,51,0.7532506585121155,0.0,0.641025641025641,0.9923613817277868
8,52,0.7619829773902893,0.0,0.5208333333333333,0.9800218273216258
8,53,0.7619829773902893,0.0,0.5208333333333333,0.9800218273216258
8,54,0.7736903429031372,0.004651162790697674,0.12254901960784315,0.9425044074306651
8,56,0.7793981432914734,0.0,0.8,0.9878291518178834
8,57,0.6075146794319153,0.0,0.24,0.9028603327306235
8,58,0.515285849571228,0.0,0.8928571428571429,0.9906027337985918
8,59,0.5999515056610107,0.0,0.84,0.9878067104537407
8,61,0.7233639359474182,0.0,0.4,0.9873628357939987
8,63,0.4153481423854828,0.0,0.43999999999999995,0.994158706119408
8,65,0.6524763703346252,0.0,0.52,0.9704964408570383
8,67,0.6141589879989624,0.0,0.6799999999999999,0.989044663694218
8,70,0.6431547403335571,0.0,0.12,0.9504414387721282
8,71,0.5833138227462769,0.027777777777777776,0.56,0.9868080364802407
8,72,0.5774469971656799,0.0,0.6799999999999999,0.9856397737466664
8,73,0.5865857005119324,0.0,0.6,0.9977447026714067
8,74,0.5783855319023132,0.0,0.7142857142857143,0.9966299027092783
8,75,0.7671953439712524,0.014285714285714285,0.4901960784313726,0.9739434402678132
8,76,0.6883696913719177,0.0,0.07999999999999996,0.9132816924054591
8,77,0.44020146131515503,0.0,0.36,0.9739495348783359
8,78,0.7664604187011719,0.0,0.4032258064516129,0.9708337594426683
8,79,0.7409704327583313,0.0,0.3846153846153846,0.9638704916804234
8,80,0.7470729351043701,0.0,0.4464285714285714,0.9901908435683827
8,81,0.7100382447242737,0.0,0.7352941176470589,0.9827740477790256
8,82,0.737925112247467,0.014285714285714285,0.5319148936170213,0.9698436596418119
8,83,0.7429352402687073,0.021505376344086023,0.352112676056338,0.9544535520903503
8,84,0.7627109289169312,0.021739130434782608,0.92,0.9849406372751183
8,85,0.7558454275131226,0.0,0.6578947368421053,0.9896794301532837
8,86,0.5779985189437866,0.0,0.12,0.9144023815631744
8,87,0.6336833834648132,0.0,0.8,0.9918381041531475
8,88,0.7701963186264038,0.0,0.48,0.9499593072712772
8,89,0.6832127571105957,0.0,0.16000000000000003,0.9578754352142503
8,90,0.7627509832382202,0.0,0.24,0.9680095004132426
8,92,0.518380343914032,0.0,0.96,0.9773752979639809
8,93,0.7071144580841064,0.0,0.6756756756756757,0.9935213255493548
8,94,0.7371803522109985,0.0,0.96,0.9704429433242892
8,95,0.5461888909339905,0.0,0.4,0.9082089698198309
8,96,0.5148489475250244,0.0,0.5952380952380952,0.9754754630050964
8,97,0.7036280632019043,0.0,0.56,0.9617392600482817
8,98,0.692635178565979,0.0,0.19999999999999996,0.9372220663343596
8,99,0.717263400554657,0.0,0.4,0.9647477167966175
8,100,0.6167101860046387,0.0,0.64,0.9928905662225807
8,101,0.7420362234115601,0.0,0.4,0.9860481452866158
8,103,0.6791332364082336,0.0,0.76,0.9845523309493082
8,104,0.34285977482795715,0.0,0.24,0.954594492496637
8,105,0.7228018045425415,0.012987012987012988,0.4545454545454546,0.9880857686311092
8,106,0.6939523220062256,0.0,0.92,0.9860123150895164
8,110,0.7853537797927856,0.0,0.3623188405797102,0.9697555615497353
8,111,0.7696631550788879,0.0,0.6756756756756757,0.9765013500521625
8,112,0.7265319228172302,0.0,0.24,0.9228883997207243
8,113,0.69617760181427,0.0,0.92,0.9877641252810118
8,114,0.665266752243042,0.0,0.7575757575757576,0.9730846605839583
8,115,0.649623692035675,0.0,0.7352941176470589,0.9965157482722826
8,116,0.6772478222846985,0.0,0.423728813559322,0.9924501181954005
8,117,0.7075541615486145,0.0,0.64,0.9906919566218414
8,118,0.7243524193763733,0.0,0.78125,0.9511350780978552
8,119,0.612235426902771,0.0,0.6756756756756757,0.958260355006932
8,120,0.2518998384475708,0.0,0.07999999999999996,0.8654010721647409
8,121,0.7788984775543213,0.0,0.6944444444444444,0.989973123187824
8,123,0.7487243413925171,0.0,0.88,0.9496947186659159
8,124,0.63055020570755,0.0,0.211864406779661,0.9222701716879483
8,125,0.653393030166626,0.0,0.28,0.9551963338778947
8,127,0.7349944114685059,0.0,0.56,0.9916533457435224
8,128,0.5905717015266418,0.0,0.5434782608695652,0.9757183604420078
8,129,0.7651588916778564,0.0,0.25773195876288657,0.9593857679047233
8,130,0.6876280307769775,0.020833333333333332,0.8620689655172413,0.9965354789178995
8,131,0.4758453667163849,0.0,0.19999999999999996,0.9503383475950504
8,132,0.7852925062179565,0.0,0.5434782608695652,0.9786072924855671
8,133,0.4511220455169678,0.0,0.12,0.879878658419072
8,134,0.669792652130127,0.0,0.16000000000000003,0.9308769916649964
8,136,0.7925845384597778,0.0,0.84,0.9930024832729845
8,137,0.7140781283378601,0.0,0.4,0.9728951271418341
8,138,0.6654423475265503,0.038461538461538464,0.12,0.9185135916057598
8,139,0.7144176959991455,0.0,0.12,0.8938831833665453
8,140,0.7282989621162415,0.0,0.28,0.9576859491823648
8,144,0.33851954340934753,0.0,0.16000000000000003,0.9308769916649964
8,145,0.6643862128257751,0.0,0.07999999999999996,0.8654010721647409
8,149,0.317762166261673,0.0,0.16000000000000003,0.9591328059666899
8,150,0.7727487087249756,0.0,0.3246753246753247,0.976595314236533
8,155,0.5765392184257507,0.0,0.19999999999999996,0.89517267122572
9,11,0.506136953830719,0.0,0.05769230769230771,0.9353475891259484
9,12,0.39641761779785156,0.0,0.1578947368421053,0.9320204662699676
9,13,0.3731272518634796,0.0,0.2142857142857143,0.9647690033804273
9,14,0.48855599761009216,0.0,0.2142857142857143,0.8806381197094257
9,15,0.4208946228027344,0.0,0.04109589041095896,0.811540036182363
9,16,0.4512464702129364,0.0,0.13636363636363635,0.9564108637385218
9,17,0.4193204939365387,0.0,0.375,0.9905549177132582
9,18,0.4224027097225189,0.0,0.08333333333333337,0.9448854511576695
9,19,0.3279556334018707,0.0,0.5,0.9690833652384652
9,20,0.4936176836490631,0.0,0.125,0.9182557879337201
9,21,0.48028382658958435,0.0,0.1428571428571429,0.9424158271624661
9,22,0.4513972997665405,0.0,0.08823529411764708,0.8962827298986323
9,23,0.36501097679138184,0.0,0.1428571428571429,0.8475840151328399
9,24,0.44232723116874695,0.0,0.08333333333333337,0.9460594908028331
9,25,0.42834052443504333,0.0,0.08823529411764708,0.913191172495523
9,26,0.45192456245422363,0.0,0.23076923076923073,0.8861283981763955
9,28,0.4826831817626953,0.0,0.06666666666666665,0.9026252602703807
9,29,0.3749820291996002,0.0,0.30000000000000004,0.9422948545921399
9,30,0.5152397751808167,0.0,0.06521739130434778,0.8973440275944835
9,31,0.48412492871284485,0.0,0.08333333333333337,0.9448781215543024
9,32,0.49708548188209534,0.0,0.1428571428571429,0.9199693379591503
9,35,0.39325442910194397,0.0,0.33333333333333337,0.911173372099127
9,36,0.659841775894165,0.0,0.04761904761904767,0.9186122422102904
9,37,0.4430791437625885,0.0,0.75,0.9943984593381783
9,38,0.4443776607513428,0.0,0.15000000000000002,0.95966352253734
9,42,0.25873884558677673,0.0,1.0,0.9298419505315139
9,43,0.45976659655570984,0.0,0.0337078651685393,0.8232670236640597
9,44,0.23589865863323212,0.0,0.75,0.9227235972704417
9,45,0.36833760142326355,0.0,0.75,0.9971418417398149
9,47,0.5410107374191284,0.0,0.4285714285714286,0.9860327633821578
9,48,0.3454665243625641,0.0,1.0,0.9844990050329139
9,49,0.344628244638443,0.0,0.6666666666666667,0.9910803154664327
9,50,0.5184796452522278,0.0,0.17647058823529416,0.9628526642533151
9,51,0.5567737221717834,0.0,0.07692307692307687,0.9230357849424844
9,52,0.5360572934150696,0.0,0.0625,0.868418196498815
9,53,0.5360572934150696,0.0,0.0625,0.868418196498815
9,54,0.540256679058075,0.0,0.014705882352941124,0.772732218376277
9,56,0.4575355052947998,0.0,0.15000000000000002,0.9395684060755579
9,57,0.34336698055267334,0.0,0.5,0.9844744348655352
9,58,0.7000770568847656,0.0,0.1071428571428571,0.935545522890956
9,59,0.4593101441860199,0.0,0.1428571428571429,0.9522547049031181
9,61,0.4591350257396698,0.0,0.30000000000000004,0.9244765928322052
9,63,0.35679957270622253,0.0,0.2727272727272727,0.9389533455447453
9,65,0.4590853154659271,0.0,0.23076923076923073,0.9698190822734697
9,67,0.3920501172542572,0.0,0.17647058823529416,0.9565023222097561
9,70,0.4715036451816559,0.0,1.0,0.9642950836944455
9,71,0.4640953838825226,0.0,0.2142857142857143,0.9300171986706439
9,72,0.46135541796684265,0.0,0.17647058823529416,0.8751824101950083
9,73,0.45119133591651917,0.0,0.19999999999999996,0.9297687633752381
9,74,0.46626707911491394,0.0,0.08571428571428574,0.9075596007448729
9,75,0.5596409440040588,0.0,0.05882352941176472,0.9186039918159733
9,76,0.39596131443977356,0.0,0.6666666666666667,0.9872914577172293
9,77,0.4611901044845581,0.0,0.33333333333333337,0.9264384175675281
9,78,0.5306517481803894,0.0,0.048387096774193505,0.8836093213120197
9,79,0.5056051015853882,0.0,0.0461538461538461,0.8610902636024867
9,80,0.5159944295883179,0.0,0.0535714285714286,0.9031673505350956
9,81,0.5277143120765686,0.0,0.08823529411764708,0.9026857418249999
9,82,0.6574870347976685,0.0,0.06382978723404253,0.8871876932426375
9,83,0.6421286463737488,0.0,0.04225352112676062,0.8592318193988167
9,84,0.49895527958869934,0.0,0.13043478260869568,0.9309895221000339
9,85,0.45615482330322266,0.0,0.07894736842105265,0.9150926092145923
9,86,0.3798511028289795,0.0,1.0,1.0
9,87,0.5235881209373474,0.0,0.15000000000000002,0.9515613817126762
9,88,0.539052426815033,0.0,0.25,0.9843135966001328
9,89,0.3549709618091583,0.0,0.75,0.9805769485403018
9,90,0.4642554223537445,0.0,0.5,0.9793846244455111
9,92,0.4931221902370453,0.0,0.125,0.9269917778189978
9,93,0.550960123538971,0.0,0.08108108108108103,0.9286056508719411
9,94,0.4246896803379059,0.0,0.125,0.9668646345134921
9,95,0.4712318480014801,0.0,0.30000000000000004,0.9756066541528077
9,96,0.4779169261455536,0.0,0.0714285714285714,0.9357098429453613
9,97,0.465076208114624,0.0,0.2142857142857143,0.9802845722057406
9,98,0.3253619968891144,0.0,0.6,0.9826456581062459
9,99,0.5017257332801819,0.0,0.30000000000000004,0.9811514806355272
9,100,0.37872663140296936,0.0,0.1875,0.9537529195878924
9,101,0.5279068350791931,0.0,0.30000000000000004,0.9643721153166767
9,103,0.5156801342964172,0.0,0.1578947368421053,0.9595889446863921
9,104,0.32164183259010315,0.0,0.5,0.9836132980268826
9,105,0.5146422982215881,0.0,0.054545454545454564,0.9141208957158027
9,106,0.5099458694458008,0.0,0.13043478260869568,0.9485226658962543
9,110,0.534923255443573,0.0,0.04347826086956519,0.8798895379711881
9,111,0.5625271797180176,0.0,0.08108108108108103,0.946432047756707
9,112,0.4408796727657318,0.0,0.5,0.9951284535044468
9,113,0.43948426842689514,0.0,0.13043478260869568,0.9282345660545275
9,114,0.48694148659706116,0.0,0.09090909090909094,0.9065855799052015
9,115,0.45573702454566956,0.0,0.08823529411764708,0.9244628793022044
9,116,0.4979725778102875,0.0,0.05084745762711862,0.9161683812429677
9,117,0.42533865571022034,0.0,0.1875,0.9568301532995296
9,118,0.5114392638206482,0.0,0.09375,0.9598927316531155
9,119,0.4296104907989502,0.0,0.08108108108108103,0.9121091696184334
9,120,0.24383385479450226,0.0,0.6666666666666667,0.9910803154664327
9,121,0.5080868601799011,0.0,0.08333333333333337,0.8942347171885199
9,123,0.517876148223877,0.0,0.13636363636363635,0.9615304309241204
9,124,0.5259806513786316,0.0,0.025423728813559365,0.8308032929717897
9,125,0.4950290620326996,0.0,0.4285714285714286,0.9882563159522767
9,127,0.4428178369998932,0.0,0.2142857142857143,0.9237038988572003
9,128,0.42100444436073303,0.0,0.06521739130434778,0.8400901052513381
9,129,0.5260996222496033,0.0,0.030927835051546393,0.8675744057725143
9,130,0.562065064907074,0.0,0.10344827586206895,0.9261921337858896
9,131,0.5857087969779968,0.0,0.6,0.992620245868192
9,132,0.5264266133308411,0.0,0.06521739130434778,0.9185351790250016
9,133,0.23585879802703857,0.0,1.0,0.9917460571884641
9,134,0.40547895431518555,0.0,0.75,0.9943984593381783
9,136,0.45632076263427734,0.0,0.1428571428571429,0.9326958627717182
9,137,0.44644784927368164,0.0,0.30000000000000004,0.9695492562177785
9,138,0.3985670506954193,0.0,1.0,0.9921746131311919
9,139,0.3748909533023834,0.0,1.0,0.9859196739525606
9,140,0.47060951590538025,0.0,0.4285714285714286,0.953447210171004
9,144,0.31602564454078674,0.0,0.75,0.9943984593381783
9,145,0.39368295669555664,0.0,0.6666666666666667,0.9910803154664327
9,149,0.3193177580833435,0.0,0.75,0.9778756935034632
9,150,0.5948043465614319,0.0,0.038961038961038974,0.8299826412760049
9,155,0.30420660972595215,0.0,0.6,0.8631615073053683
11,12,0.501266598701477,0.0,0.3653846153846154,0.9830360283817065
11,13,0.46498093008995056,0.0,0.2692307692307693,0.9921374137074443
11,14,0.49317842721939087,0.0,0.2692307692307693,0.9558152258952632
11,15,0.5235556960105896,0.0,0.7123287671232876,0.94848952263127
11,16,0.5130205154418945,0.0,0.42307692307692313,0.9965183680455861
11,17,0.4983105957508087,0.0,0.15384615384615385,0.9710749389886094
11,18,0.5473342537879944,0.0,0.6923076923076923,0.9652991016477611
11,19,0.39019373059272766,0.0,0.11538461538461542,0.9793082248363018
11,20,0.5065410137176514,0.0,0.46153846153846156,0.989088400989072
11,21,0.5270360708236694,0.0,0.40384615384615385,0.9979575369001001
11,22,0.46483275294303894,0.0,0.6538461538461539,0.9875307986770915
11,23,0.4178154766559601,0.0,0.40384615384615385,0.9489957378531456
11,24,0.4793663024902344,0.0,0.6923076923076923,0.9990284368586287
11,25,0.4694474935531616,0.0,0.6538461538461539,0.9950404954686802
11,26,0.41394349932670593,0.0,0.25,0.9654618702083176
11,28,0.540360152721405,0.0,0.8653846153846154,0.9926216097960641
11,29,0.44337785243988037,0.0,0.1923076923076923,0.976685760472313
11,30,0.5506460666656494,0.0,0.8846153846153846,0.9899070573458206
11,31,0.5310395359992981,0.0,0.6923076923076923,0.9974741631225131
11,32,0.488482266664505,0.0,0.40384615384615385,0.9854831635495316
11,35,0.28228452801704407,0.0,0.019230769230769273,0.8219873245089083
11,36,0.5583018660545349,0.0,0.8253968253968254,0.9968256259046783
11,37,0.41177743673324585,0.0,0.07692307692307687,0.9576001716618627
11,38,0.47536155581474304,0.0,0.3846153846153846,0.992937660529353
11,42,0.3269973397254944,0.0,0.05769230769230771,0.902163432467121
11,43,0.5052245259284973,0.0,0.5842696629213483,0.9563262156949627
11,44,0.25508981943130493,0.0,0.07692307692307687,0.8969054938391082
11,45,0.4017985165119171,0.0,0.07692307692307687,0.9341265506491168
11,47,0.3738955855369568,0.0,0.13461538461538458,0.9690383494481135
11,48,0.39320260286331177,0.0,0.05769230769230771,0.9391307751135797
11,49,0.35992857813835144,0.0,0.038461538461538436,0.9026779572738272
11,50,0.4824591875076294,0.0,0.32692307692307687,0.9867254996356148
11,51,0.5452244281768799,0.0,0.75,0.99784399706811
11,52,0.5163440108299255,0.0,0.9230769230769231,0.9792378891761897
11,53,0.5163440108299255,0.0,0.9230769230769231,0.9792378891761897
11,54,0.5949000716209412,0.0,0.2549019607843137,0.9262902215701773
11,56,0.4802882969379425,0.0,0.3846153846153846,0.9954249275436687
11,57,0.41547808051109314,0.0,0.11538461538461542,0.9483256987082084
11,58,0.41428235173225403,0.0,0.5384615384615384,0.9987257645218554
11,59,0.4666989743709564,0.0,0.40384615384615385,0.9977562484323744
11,61,0.4531390070915222,0.0,0.1923076923076923,0.9580915697004876
11,63,0.3684670627117157,0.0,0.21153846153846156,0.9860459381358517
11,65,0.46267077326774597,0.0,0.25,0.9914040467916386
11,67,0.5295282006263733,0.0,0.32692307692307687,0.9883943199359397
11,70,0.42564183473587036,0.0,0.05769230769230771,0.9268993144045726
11,71,0.4228658080101013,0.0,0.2692307692307693,0.9905157041023401
11,72,0.41146862506866455,0.0,0.32692307692307687,0.9431649159193767
11,73,0.4410005807876587,0.0,0.28846153846153844,0.980610548387468
11,74,0.591491162776947,0.0,0.6730769230769231,0.9919124708589262
11,75,0.5822062492370605,0.0,0.9807692307692307,0.9954070389891921
11,76,0.3179841637611389,0.0,0.038461538461538436,0.9184845824341085
11,77,0.37630894780158997,0.0,0.17307692307692313,0.9798905287646539
11,78,0.5704988241195679,0.0,0.8387096774193549,0.9850574847637082
11,79,0.5923669338226318,0.0,0.8,0.9755699881734957
11,80,0.5869842171669006,0.0,0.9285714285714286,0.9904624785978141
11,81,0.5483195185661316,0.0,0.6538461538461539,0.9883704074052194
11,82,0.5456230640411377,0.0,0.9038461538461539,0.9842517840926129
11,83,0.5517686605453491,0.0,0.7323943661971831,0.9726061956109177
11,84,0.530265748500824,0.0,0.4423076923076923,0.9970025354284937
11,85,0.5598455667495728,0.0,0.7307692307692308,0.9944656353862372
11,86,0.43751415610313416,0.0,0.05769230769230771,0.9353475891259484
11,87,0.5078191757202148,0.0,0.3846153846153846,0.9922441936428696
11,88,0.5027800798416138,0.0,0.23076923076923073,0.9770973328066435
11,89,0.4061906635761261,0.0,0.07692307692307687,0.9637564777530667
11,90,0.4405399560928345,0.0,0.11538461538461542,0.9605170712235336
11,92,0.4395803213119507,0.0,0.46153846153846156,0.9900540176033081
11,93,0.5183254480361938,0.0,0.7115384615384616,0.9975422988222982
11,94,0.5035610795021057,0.0,0.46153846153846156,0.9930184774671739
11,95,0.41453537344932556,0.0,0.1923076923076923,0.9567549477782648
11,96,0.49151623249053955,0.0,0.8076923076923077,0.9980542291833057
11,97,0.5062346458435059,0.0,0.2692307692307693,0.9838950698701117
11,98,0.41971996426582336,0.0,0.09615384615384615,0.9685341212435202
11,99,0.49548831582069397,0.0,0.1923076923076923,0.9842292703275346
11,100,0.46656304597854614,0.0,0.3076923076923077,0.9927703662870424
11,101,0.44659069180488586,0.0,0.1923076923076923,0.9809471320606085
11,103,0.48374319076538086,0.0,0.3653846153846154,0.9961072067172577
11,104,0.37390172481536865,0.0,0.11538461538461542,0.9775262604203143
11,105,0.6061453223228455,0.0,0.9454545454545454,0.9964011342947894
11,106,0.506766140460968,0.0,0.4423076923076923,0.9982709357758246
11,110,0.514803946018219,0.0,0.7536231884057971,0.9824860504893217
11,111,0.5728962421417236,0.0,0.7115384615384616,0.9985382865465329
11,112,0.4945746958255768,0.0,0.11538461538461542,0.9500124079252045
11,113,0.4760436415672302,0.0,0.4423076923076923,0.9956593570066697
11,114,0.4338000416755676,0.0,0.6346153846153846,0.9883501067985914
11,115,0.4612717926502228,0.0,0.6538461538461539,0.9950327372193524
11,116,0.5295714139938354,0.0,0.8813559322033898,0.9969524549584848
11,117,0.4793875515460968,0.0,0.3076923076923077,0.9910965566354424
11,118,0.5497114062309265,0.0,0.6153846153846154,0.9866005463960239
11,119,0.5186962485313416,0.0,0.7115384615384616,0.9849793997333096
11,120,0.336487740278244,0.0,0.038461538461538436,0.9026779572738272
11,121,0.5556276440620422,0.0,0.6923076923076923,0.9870012067499208
11,123,0.5445409417152405,0.0,0.42307692307692313,0.9863097690302112
11,124,0.5419756174087524,0.0,0.44067796610169496,0.9506296481958744
11,125,0.4481040835380554,0.0,0.13461538461538458,0.9763260566054522
11,127,0.45046404004096985,0.0,0.2692307692307693,0.9680387549624265
11,128,0.4837322533130646,0.0,0.8846153846153846,0.9601218788816179
11,129,0.5847201347351074,0.0,0.5360824742268041,0.9772275647406837
11,130,0.5140041708946228,0.0,0.5576923076923077,0.9930576833185703
11,131,0.35761868953704834,0.0,0.09615384615384615,0.9682851456611276
11,132,0.5538837909698486,0.0,0.8846153846153846,0.9966043698561141
11,133,0.30535560846328735,0.0,0.05769230769230771,0.9074106891124608
11,134,0.42500320076942444,0.0,0.07692307692307687,0.9576001716618627
11,136,0.5290079116821289,0.0,0.40384615384615385,0.996306609367828
11,137,0.49871236085891724,0.0,0.1923076923076923,0.990108241470979
11,138,0.32812511920928955,0.0,0.05769230769230771,0.9225407099927189
11,139,0.38200294971466064,0.0,0.05769230769230771,0.9349788341198876
11,140,0.4885748624801636,0.0,0.13461538461538458,0.9775777349241932
11,144,0.3618122637271881,0.0,0.07692307692307687,0.9576001716618627
11,145,0.31817182898521423,0.0,0.038461538461538436,0.9026779572738272
11,149,0.36913713812828064,0.0,0.07692307692307687,0.9500441589742549
11,150,0.5234119296073914,0.0,0.6753246753246753,0.9577879978039773
11,155,0.37831413745880127,0.0,0.09615384615384615,0.9152974651416238
12,13,0.419429212808609,0.0,0.736842105263158,0.9905745040322717
12,14,0.498713880777359,0.0,0.736842105263158,0.9754035551547232
12,15,0.518845796585083,0.0,0.26027397260273977,0.9356777505084801
12,16,0.46775221824645996,0.0,0.8636363636363636,0.9888642086693074
12,17,0.4615696370601654,0.0,0.42105263157894735,0.9584296725977682
12,18,0.5435071587562561,0.0,0.5277777777777778,0.987250068981579
12,19,0.3455318510532379,0.0,0.3157894736842105,0.9729707849249066
12,20,0.5276826620101929,0.0,0.7916666666666666,0.9781395209237799
12,21,0.5783727765083313,0.02702702702702703,0.9047619047619048,0.981279374604381
12,22,0.5931203961372375,0.0,0.5588235294117647,0.9620896851207899
12,23,0.5208479762077332,0.0,0.9047619047619048,0.9350957957604431
12,24,0.48676344752311707,0.0,0.5277777777777778,0.9788911903841647
12,25,0.4707776606082916,0.0,0.5588235294117647,0.9804336176269278
12,26,0.35586223006248474,0.0,0.6842105263157895,0.9532812916064181
12,28,0.5572029948234558,0.0,0.4222222222222223,0.9829366651882365
12,29,0.36874425411224365,0.0,0.5263157894736843,0.9452408672511522
12,30,0.5239911675453186,0.0,0.4130434782608695,0.982890552770619
12,31,0.49605560302734375,0.0,0.5277777777777778,0.9924420334578161
12,32,0.41604509949684143,0.0,0.9047619047619048,0.9499360506849626
12,35,0.2364659607410431,0.0,0.052631578947368474,0.8365774507444734
12,36,0.5791438221931458,0.0,0.3015873015873016,0.9859727418085877
12,37,0.42039138078689575,0.0,0.21052631578947367,0.9630657725400771
12,38,0.4226500391960144,0.0,0.95,0.9917914736683622
12,42,0.3142004907131195,0.0,0.1578947368421053,0.9451501831333172
12,43,0.6819537878036499,0.0,0.2134831460674157,0.942040698056285
12,44,0.35774677991867065,0.0,0.21052631578947367,0.8491848675452357
12,45,0.515071451663971,0.0,0.21052631578947367,0.9244727500309874
12,47,0.27571526169776917,0.0,0.368421052631579,0.948247724257133
12,48,0.4006544053554535,0.0,0.1578947368421053,0.9214210862441088
12,49,0.4299023747444153,0.0,0.10526315789473684,0.9131414017001657
12,50,0.513468325138092,0.0,0.8947368421052632,0.9930564461760202
12,51,0.6040746569633484,0.0,0.4871794871794872,0.9763376357016784
12,52,0.5347984433174133,0.0,0.39583333333333337,0.9622211004983448
12,53,0.5347984433174133,0.0,0.39583333333333337,0.9622211004983448
12,54,0.6971620321273804,0.0,0.09313725490196079,0.9006174751294115
12,56,0.543843150138855,0.0,0.95,0.9813277270403943
12,57,0.4464457631111145,0.0,0.3157894736842105,0.9642791893199717
12,58,0.41975080966949463,0.0,0.6785714285714286,0.9803441667479342
12,59,0.42025068402290344,0.0,0.9047619047619048,0.9798604709015157
12,61,0.6797694563865662,0.0,0.5263157894736843,0.911303896538225
12,63,0.4538339674472809,0.0,0.5789473684210527,0.9598939245399704
12,65,0.5772966742515564,0.0,0.6842105263157895,0.9867721127856847
12,67,0.5282143354415894,0.0,0.8947368421052632,0.9577091022321006
12,70,0.4374183416366577,0.0,0.1578947368421053,0.8930457185480172
12,71,0.4843505620956421,0.0,0.736842105263158,0.9796259311089811
12,72,0.37614884972572327,0.0,0.8947368421052632,0.8816054407221088
12,73,0.35364487767219543,0.0,0.7894736842105263,0.9429359581630811
12,74,0.45879262685775757,0.0,0.5428571428571429,0.9628579616710904
12,75,0.6388829946517944,0.0,0.37254901960784315,0.9920257471657993
12,76,0.23422203958034515,0.0,0.10526315789473684,0.9120566646771584
12,77,0.3466772139072418,0.0,0.4736842105263158,0.9789782521119923
12,78,0.6230579018592834,0.0,0.30645161290322576,0.9802570338051758
12,79,0.5754604339599609,0.0,0.29230769230769227,0.9735047925379797
12,80,0.5373837351799011,0.0,0.3392857142857143,0.965376687861513
12,81,0.5845207571983337,0.0,0.5588235294117647,0.9758632382933459
12,82,0.5488374829292297,0.0,0.4042553191489362,0.9811694284257034
12,83,0.641251266002655,0.0,0.2676056338028169,0.976989560532717
12,84,0.5332934856414795,0.0,0.8260869565217391,0.9872451151283275
12,85,0.5898874402046204,0.0,0.5,0.9751862450312679
12,86,0.4873332381248474,0.0,0.1578947368421053,0.9320204662699676
12,87,0.43127480149269104,0.0,0.95,0.961992296297219
12,88,0.5150856971740723,0.0,0.631578947368421,0.9711638156724476
12,89,0.37137046456336975,0.0,0.21052631578947367,0.9579347125156413
12,90,0.4169723391532898,0.0,0.3157894736842105,0.9297737591596912
12,92,0.4113178253173828,0.0,0.7916666666666666,0.98198080403469
12,93,0.5633284449577332,0.0,0.5135135135135135,0.9730859635857868
12,94,0.5648910999298096,0.0,0.7916666666666666,0.9808113657019065
12,95,0.46014177799224854,0.0,0.5263157894736843,0.973614909635457
12,96,0.5045914649963379,0.0,0.45238095238095233,0.9923409105838975
12,97,0.6055881381034851,0.0,0.736842105263158,0.971426139599416
12,98,0.41240689158439636,0.045454545454545456,0.26315789473684215,0.9802452576899738
12,99,0.5008346438407898,0.0,0.5263157894736843,0.9761444289243439
12,100,0.465913325548172,0.0,0.8421052631578947,0.9655170770398654
12,101,0.4260324239730835,0.0,0.5263157894736843,0.9487782068660584
12,103,0.45914679765701294,0.0,1.0,0.977917772351183
12,104,0.386308878660202,0.0,0.3157894736842105,0.9796874408038936
12,105,0.5784434080123901,0.0,0.34545454545454546,0.9785172292709008
12,106,0.5254480242729187,0.0,0.8260869565217391,0.9833543343401516
12,110,0.5289223194122314,0.0,0.2753623188405797,0.9767520469951666
12,111,0.5330508351325989,0.0,0.5135135135135135,0.9894648254434331
12,112,0.5058045983314514,0.0,0.3157894736842105,0.9427110505145474
12,113,0.4507778584957123,0.0,0.8260869565217391,0.9814351838054521
12,114,0.3673877716064453,0.0,0.5757575757575757,0.9846036631626359
12,115,0.4709872603416443,0.0,0.5588235294117647,0.9656354361362878
12,116,0.5025658011436462,0.0,0.3220338983050848,0.9723948358390864
12,117,0.44113585352897644,0.0,0.8421052631578947,0.9617614317298192
12,118,0.551455020904541,0.0,0.59375,0.988427598145437
12,119,0.5457905530929565,0.0,0.5135135135135135,0.990819311611223
12,120,0.4374965727329254,0.0,0.10526315789473684,0.9131414017001657
12,121,0.5148105025291443,0.0,0.5277777777777778,0.9640103943204088
12,123,0.5175864696502686,0.0,0.8636363636363636,0.9922111623356346
12,124,0.6344884634017944,0.0,0.1610169491525424,0.9691458096742318
12,125,0.46317070722579956,0.0,0.368421052631579,0.9729882297714378
12,127,0.44331249594688416,0.0,0.736842105263158,0.9210670558008385
12,128,0.41289666295051575,0.0,0.4130434782608695,0.9312298192573203
12,129,0.5877230167388916,0.0,0.19587628865979378,0.9783061753245647
12,130,0.49847742915153503,0.0,0.6551724137931034,0.9619225198641085
12,131,0.2792679965496063,0.0,0.26315789473684215,0.9641406357015886
12,132,0.5721037983894348,0.0,0.4130434782608695,0.9898225680976123
12,133,0.31909093260765076,0.0,0.1578947368421053,0.9071170433974776
12,134,0.5375996232032776,0.0,0.21052631578947367,0.9630657725400771
12,136,0.511105477809906,0.0,0.9047619047619048,0.9762257921948022
12,137,0.5342727899551392,0.0,0.5263157894736843,0.9849584183459225
12,138,0.2700362205505371,0.0,0.1578947368421053,0.9087571025249929
12,139,0.38229212164878845,0.0,0.1578947368421053,0.9542579569445778
12,140,0.5653506517410278,0.0,0.368421052631579,0.9867177785380326
12,144,0.433871328830719,0.0,0.21052631578947367,0.9630657725400771
12,145,0.3030926585197449,0.0,0.10526315789473684,0.9131414017001657
12,149,0.3677848279476166,0.0,0.21052631578947367,0.9253485311138557
12,150,0.5354211926460266,0.0,0.24675324675324672,0.9227438047594326
12,155,0.34743741154670715,0.0,0.26315789473684215,0.9415821734056141
13,14,0.47432002425193787,0.0,1.0,0.9611594008488771
13,15,0.4975352883338928,0.0,0.1917808219178082,0.9277936406313771
13,16,0.48379454016685486,0.0,0.6363636363636364,0.998779140916708
13,17,0.4164649546146393,0.0,0.5714285714285714,0.986247819737526
13,18,0.5379083752632141,0.0,0.38888888888888884,0.9813601743326144
13,19,0.33656415343284607,0.0,0.4285714285714286,0.9897129161793721
13,20,0.472186803817749,0.0,0.5833333333333333,0.984734553209517
13,21,0.4632716178894043,0.0,0.6666666666666667,0.9932536879043579
13,22,0.48184236884117126,0.0,0.4117647058823529,0.9723633221962057
13,23,0.3857388198375702,0.0,0.6666666666666667,0.9389337119643597
13,24,0.5267106890678406,0.0,0.38888888888888884,0.993331255374826
13,25,0.43870529532432556,0.0,0.4117647058823529,0.9853095881556122
13,26,0.3528912663459778,0.0,0.9285714285714286,0.9606833515146335
13,28,0.47211456298828125,0.0,0.3111111111111111,0.9825212830393302
13,29,0.3700518012046814,0.0,0.7142857142857143,0.9747025328452923
13,30,0.5536919236183167,0.0,0.30434782608695654,0.9802961552484145
13,31,0.5522088408470154,0.0,0.38888888888888884,0.9968052637602739
13,32,0.38245317339897156,0.0,0.6666666666666667,0.973476567537301
13,35,0.16334936022758484,0.0,0.0714285714285714,0.8576232180106191
13,36,0.5517104268074036,0.0,0.2222222222222222,0.988870609394899
13,37,0.4945220351219177,0.0,0.2857142857142857,0.9830781024755655
13,38,0.4920540452003479,0.0,0.7,0.998025807064114
13,42,0.2963004410266876,0.0,0.2142857142857143,0.9352272150640538
13,43,0.47215113043785095,0.0,0.1573033707865169,0.9357041612848169
13,44,0.2495419830083847,0.0,0.2857142857142857,0.9050012633546455
13,45,0.34526917338371277,0.0,0.2857142857142857,0.9620264564912738
13,47,0.40130090713500977,0.0,0.5,0.9822742902991898
13,48,0.35447946190834045,0.0,0.2142857142857143,0.9594530532623378
13,49,0.31174466013908386,0.0,0.1428571428571429,0.9416032552247345
13,50,0.4530963897705078,0.0,0.8235294117647058,0.9976096321541837
13,51,0.5472256541252136,0.0,0.3589743589743589,0.9867925951214548
13,52,0.572553277015686,0.0,0.29166666666666663,0.9623696231271087
13,53,0.572553277015686,0.0,0.29166666666666663,0.9623696231271087
13,54,0.5934792160987854,0.0,0.06862745098039214,0.897347892996644
13,56,0.4563792049884796,0.0,0.7,0.9929331957357188
13,57,0.39471450448036194,0.0,0.4285714285714286,0.9767622295596786
13,58,0.39814430475234985,0.0,0.5,0.991565668174755
13,59,0.3891095519065857,0.0,0.6666666666666667,0.9949889280234578
13,61,0.43667420744895935,0.0,0.7142857142857143,0.9513015570285236
13,63,0.4766462743282318,0.0,0.7857142857142857,0.9823748691272965
13,65,0.45080670714378357,0.0,0.9285714285714286,0.999656643766829
13,67,0.44948211312294006,0.0,0.8235294117647058,0.9858286702919447
13,70,0.431673139333725,0.0,0.2142857142857143,0.9415480875149327
13,71,0.4769400656223297,0.0,1.0,0.9884200153072864
13,72,0.430473268032074,0.0,0.8235294117647058,0.9217177116543726
13,73,0.4364366829395294,0.0,0.9333333333333333,0.9713646682122206
13,74,0.5310150384902954,0.0,0.4,0.9763489951461869
13,75,0.5329105257987976,0.0,0.27450980392156865,0.9900504420932803
13,76,0.1958298683166504,0.0,0.1428571428571429,0.9476857097324659
13,77,0.4341956079006195,0.0,0.6428571428571428,0.9824464758337069
13,78,0.5060461759567261,0.0,0.22580645161290325,0.9741481929329083
13,79,0.5023541450500488,0.0,0.2153846153846154,0.9624167762136012
13,80,0.4846385419368744,0.0,0.25,0.9764168469412169
13,81,0.5429206490516663,0.0,0.4117647058823529,0.9796216123882688
13,82,0.44400590658187866,0.0,0.2978723404255319,0.975334347668263
13,83,0.455351322889328,0.0,0.19718309859154926,0.9619018122642293
13,84,0.4275727868080139,0.0,0.6086956521739131,0.9924617116960623
13,85,0.49938151240348816,0.0,0.368421052631579,0.9841594625465162
13,86,0.3475681245326996,0.0,0.2142857142857143,0.9647690033804273
13,87,0.360004186630249,0.0,0.7,0.9871623765550662
13,88,0.44714218378067017,0.0,0.8571428571428572,0.9915783985806563
13,89,0.2877977192401886,0.0,0.2857142857142857,0.9809073713957328
13,90,0.33747342228889465,0.0,0.4285714285714286,0.970197482828136
13,92,0.4293367564678192,0.0,0.5833333333333333,0.9886933570740777
13,93,0.438296377658844,0.0,0.3783783783783784,0.987175654062221
13,94,0.4861268997192383,0.0,0.5833333333333333,0.9963878004531592
13,95,0.38614621758461,0.0,0.7142857142857143,0.9810285459007718
13,96,0.4744104743003845,0.0,0.33333333333333337,0.9949910603979748
13,97,0.4722462296485901,0.0,1.0,0.9930367563576828
13,98,0.495044469833374,0.0,0.3571428571428571,0.9903643589624438
13,99,0.4541173279285431,0.0,0.7142857142857143,0.996091256802708
13,100,0.4060089886188507,0.0,0.875,0.9887630243293821
13,101,0.42100757360458374,0.0,0.7142857142857143,0.9804398810233659
13,103,0.47473424673080444,0.0,0.736842105263158,0.995835452487513
13,104,0.3215639293193817,0.0,0.4285714285714286,0.9943044626936246
13,105,0.492580384016037,0.0,0.2545454545454545,0.9852053868550515
13,106,0.4265330135822296,0.0,0.6086956521739131,0.9960040333904053
13,110,0.4922606945037842,0.0,0.2028985507246377,0.9715138292431924
13,111,0.505004346370697,0.0,0.3783783783783784,0.9964722660310359
13,112,0.5195460915565491,0.0,0.4285714285714286,0.9726393541208455
13,113,0.3905809819698334,0.0,0.6086956521739131,0.9901403494634425
13,114,0.3616400361061096,0.0,0.4242424242424242,0.9834481249463298
13,115,0.4138509929180145,0.0,0.4117647058823529,0.9827071724542732
13,116,0.47241273522377014,0.0,0.23728813559322037,0.9833472835272036
13,117,0.49025940895080566,0.0,0.875,0.9869479613611722
13,118,0.4775989055633545,0.0,0.4375,0.9950229943823379
13,119,0.493328332901001,0.0,0.3783783783783784,0.9852013350853921
13,120,0.2681799829006195,0.0,0.1428571428571429,0.9416032552247345
13,121,0.5417041182518005,0.0,0.38888888888888884,0.9726338411292578
13,123,0.5056679844856262,0.0,0.6363636363636364,0.9963190626098877
13,124,0.48715856671333313,0.0,0.11864406779661019,0.9436281947298127
13,125,0.4477526545524597,0.0,0.5,0.9933569066351366
13,127,0.4249286651611328,0.0,1.0,0.9581604786212183
13,128,0.512729823589325,0.0,0.30434782608695654,0.9381143102655171
13,129,0.535556972026825,0.0,0.14432989690721654,0.9664460907962504
13,130,0.4559524655342102,0.0,0.48275862068965514,0.9815298072573435
13,131,0.4539432227611542,0.0,0.3571428571428571,0.9875828880111067
13,132,0.4707505404949188,0.0,0.30434782608695654,0.9896020590253646
13,133,0.25138798356056213,0.0,0.2142857142857143,0.9436646508032239
13,134,0.35590025782585144,0.0,0.2857142857142857,0.9830781024755655
13,136,0.3840203583240509,0.0,0.6666666666666667,0.9884557287921714
13,137,0.4195832908153534,0.0,0.7142857142857143,0.9990668280039041
13,138,0.2560320794582367,0.0,0.2142857142857143,0.9514875842921302
13,139,0.2700826823711395,0.0,0.2142857142857143,0.967811360645083
13,140,0.4175552427768707,0.0,0.5,0.9914175606501788
13,144,0.3633573055267334,0.0,0.2857142857142857,0.9830781024755655
13,145,0.21892571449279785,0.0,0.1428571428571429,0.9416032552247345
13,149,0.34420299530029297,0.0,0.2857142857142857,0.9636129397602737
13,150,0.5210140943527222,0.0,0.18181818181818177,0.9311146820846831
13,155,0.3094048500061035,0.0,0.3571428571428571,0.9271878753649063
14,15,0.3842613399028778,0.0,0.1917808219178082,0.9682642370463779
14,16,0.4393332898616791,0.0,0.6363636363636364,0.9607327126515617
14,17,0.23597346246242523,0.0,0.5714285714285714,0.9107140870497682
14,18,0.4245903193950653,0.0,0.38888888888888884,0.9497973602768103
14,19,0.26013630628585815,0.0,0.4285714285714286,0.9430734871459971
14,20,0.9911884665489197,0.5833333333333334,0.5833333333333333,0.9814078795073289
14,21,0.37132197618484497,0.0,0.6666666666666667,0.9560545803820559
14,22,0.326666921377182,0.0,0.4117647058823529,0.962426324470941
14,23,0.27594903111457825,0.0,0.6666666666666667,0.9716494884713612
14,24,0.2853561043739319,0.0,0.38888888888888884,0.9501474461819954
14,25,0.2829809784889221,0.0,0.4117647058823529,0.9710251313993837
14,26,0.2796374559402466,0.0,0.9285714285714286,0.9794196223589824
14,28,0.4296835958957672,0.0,0.3111111111111111,0.9763725697137761
14,29,0.2866647243499756,0.0,0.7142857142857143,0.9380745767306372
14,30,0.3737681210041046,0.0,0.30434782608695654,0.980398190890107
14,31,0.38650211691856384,0.0,0.38888888888888884,0.9620822319160547
14,32,0.28335827589035034,0.0,0.6666666666666667,0.9424717797303311
14,35,0.09177339822053909,0.0,0.0714285714285714,0.8174636546574594
14,36,0.37761634588241577,0.0,0.2222222222222222,0.9730942748977028
14,37,0.2195449322462082,0.0,0.2857142857142857,0.921019473189663
14,38,0.24604973196983337,0.0,0.7,0.952215332891724
14,42,0.20987841486930847,0.0,0.2142857142857143,0.9222380023076634
14,43,0.4732080399990082,0.0,0.1573033707865169,0.9707591903823108
14,44,0.10334748774766922,0.0,0.2857142857142857,0.8456518013229261
14,45,0.29184839129447937,0.0,0.2857142857142857,0.8787729457801852
14,47,0.28220340609550476,0.0,0.5,0.9162936995216591
14,48,0.22736139595508575,0.0,0.2142857142857143,0.8833535308575832
14,49,0.1386348158121109,0.0,0.1428571428571429,0.8613670993064875
14,50,0.3914084732532501,0.0,0.8235294117647058,0.9593762443752697
14,51,0.4763006567955017,0.0,0.3589743589743589,0.9591987339155057
14,52,0.28430476784706116,0.0,0.29166666666666663,0.9723158987071536
14,53,0.28430476784706116,0.0,0.29166666666666663,0.9723158987071536
14,54,0.4477379024028778,0.004878048780487805,0.06862745098039214,0.9448551808247005
14,56,0.41954463720321655,0.0,0.7,0.9690636452366199
14,57,0.39182665944099426,0.0,0.4285714285714286,0.9141397591683517
14,58,0.21400423347949982,0.0,0.5,0.9573843248254771
14,59,0.3107958137989044,0.0,0.6666666666666667,0.9502353292057334
14,61,0.413320392370224,0.0,0.7142857142857143,0.9078048408967055
14,63,0.2939658761024475,0.0,0.7857142857142857,0.9511441445470856
14,65,0.3348940312862396,0.0,0.9285714285714286,0.955766004314691
14,67,0.3418896496295929,0.0,0.8235294117647058,0.934418789562718
14,70,0.20058158040046692,0.0,0.2142857142857143,0.8715251897436356
14,71,0.2553209066390991,0.0,1.0,0.9739420306290926
14,72,0.21767708659172058,0.0,0.8235294117647058,0.8826887605788868
14,73,0.21013697981834412,0.0,0.9333333333333333,0.9311607042969844
14,74,0.3973133862018585,0.0,0.4,0.9530733313621079
14,75,0.3735694885253906,0.0,0.27450980392156865,0.9758135234927897
14,76,0.08395755290985107,0.0,0.1428571428571429,0.8782152639277506
14,77,0.18844595551490784,0.0,0.6428571428571428,0.9803313283261085
14,78,0.42434701323509216,0.0,0.22580645161290325,0.9832276220018951
14,79,0.4156400263309479,0.0,0.2153846153846154,0.9812623294339022
14,80,0.38580918312072754,0.0,0.25,0.9643257410443817
14,81,0.38701027631759644,0.0,0.4117647058823529,0.9793501216276509
14,82,0.3823377788066864,0.0,0.2978723404255319,0.9861259291934207
14,83,0.40566733479499817,0.0,0.19718309859154926,0.9854261083878242
14,84,0.38276034593582153,0.0,0.6086956521739131,0.969124275279165
14,85,0.5313311219215393,0.0,0.368421052631579,0.9686056686559609
14,86,0.30465200543403625,0.0,0.2142857142857143,0.8806381197094257
14,87,0.284524530172348,0.0,0.7,0.9371188399494244
14,88,0.29617294669151306,0.0,0.8571428571428572,0.9283507186885331
14,89,0.25911274552345276,0.0,0.2857142857142857,0.9277562261130228
14,90,0.2146996706724167,0.0,0.4285714285714286,0.8909675838450751
14,92,0.38006529211997986,0.0,0.5833333333333333,0.9805129231906297
14,93,0.3709142804145813,0.0,0.3783783783783784,0.9554960430578038
14,94,0.3109029233455658,0.0,0.5833333333333333,0.9412728006004558
14,95,0.31759652495384216,0.0,0.7142857142857143,0.9240654549933612
14,96,0.464458703994751,0.0,0.33333333333333337,0.9669775080448827
14,97,0.3247775435447693,0.0,1.0,0.928243581051845
14,98,0.2821142375469208,0.0,0.3571428571428571,0.9450323891309181
14,99,0.2881607711315155,0.0,0.7142857142857143,0.9415602979288229
14,100,0.2462262362241745,0.0,0.875,0.9368996702517035
14,101,0.16204795241355896,0.0,0.7142857142857143,0.909936065002987
14,103,0.35106533765792847,0.0,0.736842105263158,0.9484019008576727
14,104,0.2608175575733185,0.0,0.4285714285714286,0.9421205492728385
14,105,0.39122119545936584,0.0,0.2545454545454545,0.9676305395137531
14,106,0.3560985028743744,0.0,0.6086956521739131,0.959685141403595
14,110,0.596799373626709,0.0,0.2028985507246377,0.9837842936556119
14,111,0.33785495162010193,0.0,0.3783783783783784,0.9577565443704524
14,112,0.2732856571674347,0.0,0.4285714285714286,0.883553448006292
14,113,0.26184704899787903,0.0,0.6086956521739131,0.9711871202660224
14,114,0.26470306515693665,0.0,0.4242424242424242,0.9848988790764247
14,115,0.28993600606918335,0.0,0.4117647058823529,0.9502260135586111
14,116,0.35496488213539124,0.0,0.23728813559322037,0.9574365103245918
14,117,0.2572379410266876,0.0,0.875,0.9262690815338651
14,118,0.48525792360305786,0.0,0.4375,0.9546490668707402
14,119,0.48747918009757996,0.0,0.3783783783783784,0.9882954214672662
14,120,0.24399280548095703,0.0,0.1428571428571429,0.8613670993064875
14,121,0.41918522119522095,0.0,0.38888888888888884,0.9669810481881451
14,123,0.4139869809150696,0.0,0.6363636363636364,0.9554707656963433
14,124,0.42449647188186646,0.0,0.11864406779661019,0.9869594992761661
14,125,0.2042275220155716,0.0,0.5,0.9368254784862498
14,127,0.2705822288990021,0.0,1.0,0.9139132277754909
14,128,0.29869213700294495,0.0,0.30434782608695654,0.9566906267488157
14,129,0.42975467443466187,0.0,0.14432989690721654,0.9854895693445531
14,130,0.3806748688220978,0.0,0.48275862068965514,0.9484382917261509
14,131,0.15415748953819275,0.0,0.3571428571428571,0.9208405489397379
14,132,0.41091203689575195,0.0,0.30434782608695654,0.972308448378247
14,133,0.12705427408218384,0.0,0.2142857142857143,0.8620930059190862
14,134,0.22042010724544525,0.0,0.2857142857142857,0.921019473189663
14,136,0.28593939542770386,0.0,0.6666666666666667,0.9536014748396442
14,137,0.28345778584480286,0.0,0.7142857142857143,0.958231040268384
14,138,0.21249954402446747,0.0,0.2142857142857143,0.8766351508630515
14,139,0.1969253569841385,0.0,0.2142857142857143,0.9150660775235114
14,140,0.3909916281700134,0.0,0.5,0.9815859014732544
14,144,0.3373986780643463,0.0,0.2857142857142857,0.921019473189663
14,145,0.09436243027448654,0.0,0.1428571428571429,0.8613670993064875
14,149,0.2908880412578583,0.0,0.2857142857142857,0.8852945129649195
14,150,0.2920099198818207,0.0,0.18181818181818177,0.9460508909002528
14,155,0.2623888850212097,0.0,0.3571428571428571,0.9819284525134347
15,16,0.4991135895252228,0.0,0.3013698630136986,0.9357730016340391
15,17,0.4608193635940552,0.0,0.1095890410958904,0.8667341247037295
15,18,0.5585571527481079,0.0,0.4931506849315068,0.8859062107450509
15,19,0.3973817825317383,0.0,0.0821917808219178,0.9125436208205437
15,20,0.6080013513565063,0.02531645569620253,0.3287671232876712,0.9752332395372516
15,21,0.5746294856071472,0.0,0.28767123287671237,0.9493177786858684
15,22,0.4966389834880829,0.0,0.4657534246575342,0.9805336479205259
15,23,0.4487702250480652,0.0,0.28767123287671237,0.989817008055281
15,24,0.485937237739563,0.0,0.4931506849315068,0.9407186785200957
15,25,0.5220233201980591,0.0,0.4657534246575342,0.9740470916164972
15,26,0.4252745509147644,0.0,0.17808219178082196,0.9827569189157077
15,28,0.59090656042099,0.0,0.6164383561643836,0.9783544128858453
15,29,0.4444192945957184,0.0,0.136986301369863,0.9405242426498366
15,30,0.5510244369506836,0.0,0.6301369863013699,0.9813290929536098
15,31,0.5963077545166016,0.0,0.4931506849315068,0.9395244211223284
15,32,0.4429320693016052,0.0,0.28767123287671237,0.9590893309618855
15,35,0.29869553446769714,0.0,0.013698630136986356,0.6984322218053676
15,36,0.5523699522018433,0.0,0.863013698630137,0.967598850628178
15,37,0.42851078510284424,0.0,0.0547945205479452,0.8541536172646859
15,38,0.4774434268474579,0.0,0.273972602739726,0.919159248592018
15,42,0.3674895465373993,0.0,0.04109589041095896,0.8107556259105748
15,43,0.5463449954986572,0.0,0.8202247191011236,0.9995362773845098
15,44,0.2719210088253021,0.0,0.0547945205479452,0.8452934617486105
15,45,0.4386554956436157,0.0,0.0547945205479452,0.815363775841374
15,47,0.3546205163002014,0.0,0.09589041095890416,0.883368763853089
15,48,0.43453946709632874,0.0,0.04109589041095896,0.8408864209240084
15,49,0.347380131483078,0.0,0.0273972602739726,0.7640737220285394
15,50,0.514400839805603,0.0,0.23287671232876717,0.9150420747513247
15,51,0.5391005873680115,0.0,0.5342465753424658,0.9632089066425917
15,52,0.5133059024810791,0.0,0.6575342465753424,0.9925477458807882
15,53,0.5133059024810791,0.0,0.6575342465753424,0.9925477458807882
15,54,0.6812776923179626,0.0,0.3578431372549019,0.9953169755627208
15,56,0.47920048236846924,0.0,0.273972602739726,0.9603198957186734
15,57,0.44772574305534363,0.0,0.0821917808219178,0.83538336059178
15,58,0.3924444019794464,0.0,0.3835616438356164,0.9546174067451468
15,59,0.4789154827594757,0.0,0.28767123287671237,0.9389545656668951
15,61,0.5084932446479797,0.0,0.136986301369863,0.9250817777671322
15,63,0.38967570662498474,0.0,0.15068493150684936,0.9536512880558732
15,65,0.46733060479164124,0.0,0.17808219178082196,0.9223416113152703
15,67,0.5466281175613403,0.0,0.23287671232876717,0.9284077413644954
15,70,0.4479239583015442,0.0,0.04109589041095896,0.850491673758441
15,71,0.37973934412002563,0.0,0.1917808219178082,0.9676971394767381
15,72,0.40222081542015076,0.0,0.23287671232876717,0.9285744890872024
15,73,0.406769335269928,0.0,0.20547945205479456,0.9448195187907574
15,74,0.5384942293167114,0.0,0.4794520547945206,0.9699705598127027
15,75,0.6432129740715027,0.0,0.6986301369863014,0.9641825648890034
15,76,0.31834301352500916,0.0,0.0273972602739726,0.8099392325099728
15,77,0.3932117223739624,0.0,0.12328767123287676,0.9608296320041892
15,78,0.61090487241745,0.0,0.8493150684931507,0.9855212529652406
15,79,0.5839985609054565,0.0,0.8904109589041096,0.9902391842737577
15,80,0.5912138819694519,0.0,0.7671232876712328,0.9770057423419941
15,81,0.5699538588523865,0.0,0.4657534246575342,0.9830056536019198
15,82,0.5551605224609375,0.0,0.6438356164383562,0.9852693640467777
15,83,0.552317202091217,0.0,0.9726027397260274,0.9873228798236134
15,84,0.5496743321418762,0.0,0.31506849315068497,0.9613381627736682
15,85,0.5719043016433716,0.0,0.5205479452054795,0.9735508689810164
15,86,0.5119320750236511,0.0,0.04109589041095896,0.811540036182363
15,87,0.46105673909187317,0.0,0.273972602739726,0.9341842320329162
15,88,0.5286118388175964,0.0,0.1643835616438356,0.8810029848827503
15,89,0.47069841623306274,0.0,0.0547945205479452,0.8840339594505924
15,90,0.4800467789173126,0.0,0.0821917808219178,0.8695286763344097
15,92,0.4022589325904846,0.0,0.3287671232876712,0.9685232203484668
15,93,0.5148510932922363,0.0,0.5068493150684932,0.9591704892578543
15,94,0.5242263078689575,0.0,0.3287671232876712,0.9125817082902111
15,95,0.38966336846351624,0.0,0.136986301369863,0.8510239225707011
15,96,0.4838203489780426,0.0,0.5753424657534247,0.9499434931014709
15,97,0.5374792218208313,0.0,0.1917808219178082,0.8908244576610257
15,98,0.43267592787742615,0.0,0.06849315068493156,0.8809208833664689
15,99,0.482475608587265,0.0,0.136986301369863,0.903110435116244
15,100,0.46955546736717224,0.0,0.2191780821917808,0.9327697508890482
15,101,0.48601433634757996,0.0,0.136986301369863,0.9030594878299842
15,103,0.5091629028320312,0.0,0.26027397260273977,0.9325730399712683
15,104,0.3927896320819855,0.0,0.0821917808219178,0.8920677878005026
15,105,0.5767420530319214,0.0,0.7534246575342466,0.9713732835115052
15,106,0.5080298185348511,0.0,0.31506849315068497,0.9470626443242404
15,110,0.5073974132537842,0.0,0.9452054794520548,0.9880038030304054
15,111,0.5814516544342041,0.0,0.5068493150684932,0.9382917759278652
15,112,0.511445164680481,0.0,0.0821917808219178,0.8235959526201242
15,113,0.46423161029815674,0.0,0.31506849315068497,0.9677055564467495
15,114,0.4259648025035858,0.0,0.452054794520548,0.9785266740511637
15,115,0.4910455048084259,0.0,0.4657534246575342,0.9596380817026575
15,116,0.5294755101203918,0.0,0.8082191780821918,0.9654821282868691
15,117,0.4768592119216919,0.0,0.2191780821917808,0.9214953112160184
15,118,0.6085754632949829,0.0,0.4383561643835616,0.9121260544368318
15,119,0.4806126654148102,0.0,0.5068493150684932,0.966766123477603
15,120,0.36409229040145874,0.0,0.0273972602739726,0.7640737220285394
15,121,0.5631016492843628,0.0,0.4931506849315068,0.9834455885657716
15,123,0.5050130486488342,0.0,0.3013698630136986,0.9102965232598788
15,124,0.586297333240509,0.0,0.6186440677966102,0.980107194223573
15,125,0.5020354390144348,0.0,0.09589041095890416,0.888118854184764
15,127,0.4607759118080139,0.0,0.1917808219178082,0.9335580048932958
15,128,0.46121692657470703,0.0,0.6301369863013699,0.9938542894172654
15,129,0.6314235329627991,0.0,0.7525773195876289,0.9872489411298028
15,130,0.5108143091201782,0.0,0.3972602739726028,0.9585093164234012
15,131,0.3277294337749481,0.0,0.06849315068493156,0.8700362828657964
15,132,0.5801438093185425,0.0,0.6301369863013699,0.9647700942608385
15,133,0.29822832345962524,0.0,0.04109589041095896,0.7791503227314108
15,134,0.4327033460140228,0.0,0.0547945205479452,0.8541536172646859
15,136,0.5385491251945496,0.0,0.28767123287671237,0.9547626397077844
15,137,0.4906911551952362,0.0,0.136986301369863,0.9269871674091205
15,138,0.35141709446907043,0.0,0.04109589041095896,0.8162433484120366
15,139,0.4104103446006775,0.0,0.04109589041095896,0.8245986984287529
15,140,0.47821927070617676,0.0,0.09589041095890416,0.9387125577762082
15,144,0.3929896950721741,0.0,0.0547945205479452,0.8541536172646859
15,145,0.3095637559890747,0.0,0.0273972602739726,0.7640737220285394
15,149,0.3587775230407715,0.0,0.0547945205479452,0.8578434986822827
15,150,0.5161754488945007,0.0,0.948051948051948,0.9911187757744067
15,155,0.3948914706707001,0.0,0.06849315068493156,0.9291115625626263
16,17,0.5461168885231018,0.12,0.36363636363636365,0.9835697671484347
16,18,0.5386260151863098,0.0,0.6111111111111112,0.9791327965003479
16,19,0.3825882077217102,0.0,0.2727272727272727,0.9852574947181454
16,20,0.4652119576931,0.0,0.9166666666666666,0.9882176680364387
16,21,0.4423947036266327,0.0,0.9545454545454546,0.9956106926039165
16,22,0.46257683634757996,0.0,0.6470588235294117,0.9785459992098183
16,23,0.41403862833976746,0.0,0.9545454545454546,0.9449328328720339
16,24,0.4577210545539856,0.0,0.6111111111111112,0.9973546174144967
16,25,0.45235729217529297,0.0,0.6470588235294117,0.9896999580724093
16,26,0.35905808210372925,0.0,0.5909090909090908,0.96492995734032
16,28,0.5194313526153564,0.0,0.48888888888888893,0.9870832610882856
16,29,0.38817721605300903,0.0,0.4545454545454546,0.9762773695452683
16,30,0.4875730276107788,0.0,0.4782608695652174,0.9846154380759863
16,31,0.5094709396362305,0.0,0.6111111111111112,0.9987385349417642
16,32,0.4170601963996887,0.0,0.9545454545454546,0.9789010844486837
16,35,0.24645787477493286,0.0,0.045454545454545414,0.8483761384620786
16,36,0.49288272857666016,0.0,0.3492063492063492,0.9934980771632312
16,37,0.38425424695014954,0.0,0.18181818181818177,0.9756380221690133
16,38,0.3966725170612335,0.0,0.9090909090909091,0.9975767217536725
16,42,0.2866031527519226,0.0,0.13636363636363635,0.9268061152642197
16,43,0.48713579773902893,0.0,0.2471910112359551,0.9439640556425236
16,44,0.3287726044654846,0.0,0.18181818181818177,0.9016921241582998
16,45,0.3776436746120453,0.0,0.18181818181818177,0.9554353332333885
16,47,0.3135873079299927,0.0,0.31818181818181823,0.9796914251347987
16,48,0.3633731007575989,0.0,0.13636363636363635,0.95180685581486
16,49,0.33990299701690674,0.0,0.09090909090909094,0.9313009851773327
16,50,0.46513861417770386,0.0,0.7727272727272727,0.9960437064603386
16,51,0.5210257172584534,0.0,0.5641025641025641,0.9918626481999313
16,52,0.45639726519584656,0.0,0.45833333333333337,0.969017240091231
16,53,0.45639726519584656,0.0,0.45833333333333337,0.969017240091231
16,54,0.5558701157569885,0.0,0.10784313725490191,0.9087811638341372
16,56,0.4716285467147827,0.0,0.9090909090909091,0.9952356053734326
16,57,0.3807949125766754,0.0,0.2727272727272727,0.9698575018989186
16,58,0.3972027599811554,0.0,0.7857142857142857,0.995077225726742
16,59,0.40956249833106995,0.0,0.9545454545454546,0.9971208213357642
16,61,0.4296618402004242,0.0,0.4545454545454546,0.9548370763054849
16,63,0.3833184242248535,0.0,0.5,0.9846633702823058
16,65,0.4754452705383301,0.0,0.5909090909090908,0.9984642383255985
16,67,0.4530853033065796,0.0,0.7727272727272727,0.9891776678777394
16,70,0.3733893632888794,0.0,0.13636363636363635,0.9365428200163902
16,71,0.4173257648944855,0.0,0.6363636363636364,0.9896092676865457
16,72,0.5024019479751587,0.0,0.7727272727272727,0.9295868733249012
16,73,0.49078628420829773,0.0,0.6818181818181819,0.9752193108517806
16,74,0.4757141172885895,0.0,0.6285714285714286,0.982654817456568
16,75,0.5170828104019165,0.0,0.43137254901960786,0.9932869637854634
16,76,0.2735794186592102,0.0,0.09090909090909094,0.937634615693525
16,77,0.3768460154533386,0.0,0.40909090909090906,0.9809839339957619
16,78,0.5321929454803467,0.0,0.3548387096774194,0.9792157773219997
16,79,0.5292551517486572,0.0,0.3384615384615385,0.9673067959822034
16,80,0.5027991533279419,0.0,0.3928571428571429,0.9834222640695742
16,81,0.4966002404689789,0.0,0.6470588235294117,0.9840863988964186
16,82,0.5207016468048096,0.0,0.46808510638297873,0.9797495917302184
16,83,0.49901971220970154,0.0,0.3098591549295775,0.9662400389854232
16,84,0.49668779969215393,0.0,0.9565217391304348,0.9946868796824583
16,85,0.5053837895393372,0.0,0.5789473684210527,0.9894358727559555
16,86,0.4123867154121399,0.0,0.13636363636363635,0.9564108637385218
16,87,0.407222718000412,0.0,0.9090909090909091,0.991076853849539
16,88,0.4570609927177429,0.0,0.5454545454545454,0.9896028109311757
16,89,0.37536337971687317,0.0,0.18181818181818177,0.9742814409061399
16,90,0.3914637565612793,0.0,0.2727272727272727,0.9676676817115809
16,92,0.4593002498149872,0.0,0.9166666666666666,0.9915306309508009
16,93,0.4612875282764435,0.0,0.5945945945945945,0.9924223412836186
16,94,0.43933096528053284,0.0,0.9166666666666666,0.9976892927516118
16,95,0.3678502142429352,0.0,0.4545454545454546,0.9756701622547443
16,96,0.46796929836273193,0.0,0.5238095238095238,0.9975982933588206
16,97,0.42986640334129333,0.0,0.6363636363636364,0.9926520819612826
16,98,0.38615667819976807,0.0,0.2272727272727273,0.9839046330984111
16,99,0.38725194334983826,0.0,0.4545454545454546,0.994265067969395
16,100,0.4202306568622589,0.0,0.7272727272727273,0.9912146531755339
16,101,0.3854520916938782,0.0,0.4545454545454546,0.981198075279893
16,103,0.4596099853515625,0.0,0.8636363636363636,0.9978761557200286
16,104,0.26146653294563293,0.0,0.2727272727272727,0.9892501060497313
16,105,0.4607943594455719,0.0,0.4,0.9907294868358327
16,106,0.4960363209247589,0.0,0.9565217391304348,0.9984266259416213
16,110,0.4666767120361328,0.0,0.3188405797101449,0.9769182220518595
16,111,0.47531282901763916,0.0,0.5945945945945945,0.9988856021192578
16,112,0.4722822904586792,0.0,0.2727272727272727,0.9676471782829755
16,113,0.45419901609420776,0.0,0.9565217391304348,0.9934966187238343
16,114,0.40529918670654297,0.0,0.6666666666666667,0.9869230751150558
16,115,0.42555439472198486,0.0,0.6470588235294117,0.9885248035697806
16,116,0.4771985113620758,0.0,0.3728813559322034,0.9897117155067293
16,117,0.43399879336357117,0.0,0.7272727272727273,0.989398805497291
16,118,0.5074725151062012,0.0,0.6875,0.9953213262331595
16,119,0.4558446705341339,0.0,0.5945945945945945,0.9874972872420116
16,120,0.3195600211620331,0.0,0.09090909090909094,0.9313009851773327
16,121,0.4913840591907501,0.0,0.6111111111111112,0.9789097887613439
16,123,0.4618108868598938,0.0,1.0,0.9952747454552913
16,124,0.4759282171726227,0.0,0.18644067796610164,0.9470843447371953
16,125,0.39671003818511963,0.0,0.31818181818181823,0.9893390315586432
16,127,0.41451165080070496,0.0,0.6363636363636364,0.9634773441008857
16,128,0.4068372845649719,0.0,0.4782608695652174,0.9469229658686181
16,129,0.5454118251800537,0.0,0.22680412371134018,0.9713885630214398
16,130,0.4874347448348999,0.0,0.7586206896551724,0.9873641416450352
16,131,0.32651597261428833,0.0,0.2272727272727273,0.9818284149914673
16,132,0.48414695262908936,0.0,0.4782608695652174,0.9931008469886108
16,133,0.3274991512298584,0.0,0.13636363636363635,0.9351726630480961
16,134,0.37747466564178467,0.0,0.18181818181818177,0.9756380221690133
16,136,0.45416948199272156,0.0,0.9545454545454546,0.9914653064237213
16,137,0.40708234906196594,0.0,0.4545454545454546,0.9974717635492037
16,138,0.32286885380744934,0.0,0.13636363636363635,0.9435245399206362
16,139,0.35015779733657837,0.0,0.13636363636363635,0.9587347878095245
16,140,0.4445750117301941,0.0,0.31818181818181823,0.9876635992409609
16,144,0.3553333580493927,0.0,0.18181818181818177,0.9756380221690133
16,145,0.29723888635635376,0.0,0.09090909090909094,0.9313009851773327
16,149,0.31416282057762146,0.0,0.18181818181818177,0.958162333037852
16,150,0.5010578632354736,0.0,0.2857142857142857,0.941509021955043
16,155,0.3095576763153076,0.0,0.2272727272727273,0.923301384235536
17,18,0.6643749475479126,0.024390243902439025,0.2222222222222222,0.9652596722157544
17,19,0.39508846402168274,0.0,0.75,0.9800392710512874
17,20,0.5488759279251099,0.0,0.33333333333333337,0.9538153308198994
17,21,0.4955742061138153,0.0,0.38095238095238093,0.9734153374365597
17,22,0.5532222986221313,0.0,0.23529411764705888,0.938943890269844
17,23,0.5151379108428955,0.0,0.38095238095238093,0.8937496946251449
17,24,0.5469534993171692,0.0,0.2222222222222222,0.9789110589329898
17,25,0.5169112682342529,0.0,0.23529411764705888,0.9526447256203012
17,26,0.34818726778030396,0.0,0.6153846153846154,0.9244975365464024
17,28,0.6098868250846863,0.0,0.1777777777777778,0.944384797329021
17,29,0.42114484310150146,0.0,0.8,0.9659796443272841
17,30,0.5876138806343079,0.0,0.17391304347826086,0.9391897699239578
17,31,0.6031708121299744,0.0,0.2222222222222222,0.9757988193017991
17,32,0.5330200791358948,0.0,0.38095238095238093,0.9558541692231853
17,35,0.2604515254497528,0.0,0.125,0.8803285774072538
17,36,0.5708909034729004,0.0,0.12698412698412698,0.9580546271880089
17,37,0.38497793674468994,0.0,0.5,0.9920336700057498
17,38,0.46851614117622375,0.0,0.4,0.983500991844808
17,42,0.22057723999023438,0.0,0.375,0.9240543947633214
17,43,0.5601497888565063,0.0,0.0898876404494382,0.8777910573627548
17,44,0.39644426107406616,0.0,0.5,0.9226229679394582
17,45,0.42627987265586853,0.0,0.5,0.9912167333803268
17,47,0.26619088649749756,0.0,0.875,0.9944736115195487
17,48,0.45674461126327515,0.0,0.375,0.9771851492596451
17,49,0.36412185430526733,0.0,0.25,0.9728056380143421
17,50,0.5585610866546631,0.0,0.47058823529411764,0.9839208409590703
17,51,0.5813916325569153,0.0,0.20512820512820518,0.9613875920106654
17,52,0.5608490705490112,0.0,0.16666666666666663,0.916348244268771
17,53,0.5608490705490112,0.0,0.16666666666666663,0.916348244268771
17,54,0.5940697193145752,0.0,0.039215686274509776,0.8348868576058526
17,56,0.5606759786605835,0.0,0.4,0.9707545368406022
17,57,0.32078278064727783,0.0,0.75,0.985692249600281
17,58,0.5320978164672852,0.0,0.2857142857142857,0.9698089486630458
17,59,0.4345969259738922,0.0,0.38095238095238093,0.9809572000557211
17,61,0.4416377544403076,0.0,0.8,0.9495082638102043
17,63,0.37950557470321655,0.0,0.7272727272727273,0.9673010921772558
17,65,0.5715237855911255,0.0,0.6153846153846154,0.9899096053694137
17,67,0.5800072550773621,0.0,0.47058823529411764,0.9834820168757414
17,70,0.3952890932559967,0.0,0.375,0.9616867717587249
17,71,0.5111581087112427,0.0,0.5714285714285714,0.9602148933791058
17,72,0.6159929037094116,0.0,0.47058823529411764,0.9116094673321152
17,73,0.6196255087852478,0.0,0.5333333333333333,0.9596614369962956
17,74,0.4958823323249817,0.0,0.22857142857142854,0.9487889362077849
17,75,0.606059730052948,0.0,0.1568627450980392,0.9563529295681907
17,76,0.3034217357635498,0.0,0.25,0.9693736804172972
17,77,0.45546478033065796,0.0,0.8888888888888888,0.9490827922500337
17,78,0.5517473816871643,0.0,0.12903225806451613,0.9284420085034246
17,79,0.5794743895530701,0.0,0.12307692307692308,0.908350017973456
17,80,0.6498250961303711,0.0,0.1428571428571429,0.9467152969636854
17,81,0.5589561462402344,0.0,0.23529411764705888,0.9430630316658734
17,82,0.6144904494285583,0.0,0.17021276595744683,0.9301668798349607
17,83,0.5530550479888916,0.0,0.11267605633802813,0.9059294305251342
17,84,0.5161178708076477,0.0,0.34782608695652173,0.9644272767864996
17,85,0.5425013899803162,0.0,0.21052631578947367,0.9550933227526752
17,86,0.46272021532058716,0.0,0.375,0.9905549177132582
17,87,0.5627248883247375,0.0,0.4,0.9811242367913617
17,88,0.5073214769363403,0.0,0.6666666666666667,0.9977889854806955
17,89,0.34954530000686646,0.0,0.5,0.9811899204326631
17,90,0.44580185413360596,0.0,0.75,0.9866090469655052
17,92,0.5362808704376221,0.0,0.33333333333333337,0.961080563618236
17,93,0.5295272469520569,0.0,0.21621621621621623,0.9660172837236657
17,94,0.4670019745826721,0.0,0.33333333333333337,0.9912386063921423
17,95,0.46195143461227417,0.0,0.8,0.9833133023361514
17,96,0.5135417580604553,0.0,0.19047619047619047,0.9695096825770678
17,97,0.5285528898239136,0.0,0.5714285714285714,0.9975838091218633
17,98,0.36881351470947266,0.0,0.625,0.9863965965886742
17,99,0.4136674106121063,0.0,0.8,0.9964608736407844
17,100,0.5312677621841431,0.0,0.5,0.980756983235209
17,101,0.44496387243270874,0.0,0.8,0.983938755452338
17,103,0.47511178255081177,0.0,0.42105263157894735,0.9866321158300876
17,104,0.3287604749202728,0.0,0.75,0.9913319980717763
17,105,0.5333071947097778,0.0,0.1454545454545455,0.955145063486623
17,106,0.5822199583053589,0.0,0.34782608695652173,0.9788881760059719
17,110,0.5122033357620239,0.0,0.1159420289855072,0.9256788579236492
17,111,0.5701637268066406,0.0,0.21621621621621623,0.9775818096230862
17,112,0.521720826625824,0.0,0.75,0.9963473013452172
17,113,0.5303886532783508,0.0,0.34782608695652173,0.963502051619786
17,114,0.46363577246665955,0.0,0.24242424242424243,0.9458858567563424
17,115,0.5098137855529785,0.0,0.23529411764705888,0.9624687333200821
17,116,0.5654005408287048,0.0,0.13559322033898302,0.9574001775273479
17,117,0.46610990166664124,0.0,0.5,0.9827885880544401
17,118,0.5208726525306702,0.0,0.25,0.9840351892736872
17,119,0.5454034805297852,0.0,0.21621621621621623,0.9483637568720467
17,120,0.4151836037635803,0.0,0.25,0.9728056380143421
17,121,0.5712862610816956,0.0,0.2222222222222222,0.9378593408820679
17,123,0.540641725063324,0.0,0.36363636363636365,0.9834269990563526
17,124,0.5126098394393921,0.0,0.06779661016949157,0.8785933763201015
17,125,0.4601283371448517,0.0,0.875,0.9967186802373497
17,127,0.4705585539340973,0.0,0.5714285714285714,0.9544955864527435
17,128,0.48475539684295654,0.0,0.17391304347826086,0.8918657625235581
17,129,0.5788906812667847,0.0,0.08247422680412375,0.9144695039650135
17,130,0.4386756420135498,0.0,0.27586206896551724,0.9636289243453658
17,131,0.43162375688552856,0.0,0.625,0.995510494492941
17,132,0.5477006435394287,0.0,0.17391304347826086,0.9565573397502594
17,133,0.4014650583267212,0.0,0.375,0.9785313968559657
17,134,0.4524609446525574,0.0,0.5,0.9920336700057498
17,136,0.47037196159362793,0.0,0.38095238095238093,0.9658886339576284
17,137,0.49910810589790344,0.0,0.8,0.9889009832032162
17,138,0.2677728831768036,0.0,0.375,0.9803178006584609
17,139,0.35671067237854004,0.0,0.375,0.9771288092248679
17,140,0.47454363107681274,0.0,0.875,0.9687565959701885
17,144,0.45023584365844727,0.0,0.5,0.9920336700057498
17,145,0.37676045298576355,0.0,0.25,0.9728056380143421
17,149,0.40350502729415894,0.0,0.5,0.9780991326100494
17,150,0.5806169509887695,0.0,0.10389610389610393,0.8850185608911043
17,155,0.3568907380104065,0.0,0.625,0.8766838271237722
18,19,0.39944368600845337,0.0,0.16666666666666663,0.9506246677147587
18,20,0.5192990303039551,0.0,0.6666666666666667,0.953785342263997
18,21,0.49252641201019287,0.0,0.5833333333333333,0.9580533923583906
18,22,0.4789133667945862,0.0,0.9444444444444444,0.9254371399322368
18,23,0.4636448323726654,0.0,0.5833333333333333,0.898721548499159
18,24,0.5073472261428833,0.0,1.0,0.96478564369762
18,25,0.44248166680336,0.0,0.9444444444444444,0.95116073623628
18,26,0.35772234201431274,0.0,0.36111111111111116,0.9238503714836789
18,28,0.5413467884063721,0.0,0.8,0.9532617183234897
18,29,0.41426393389701843,0.0,0.2777777777777778,0.916938899770425
18,30,0.5489742159843445,0.0,0.782608695652174,0.9519967255585086
18,31,0.5068712830543518,0.0,1.0,0.980543199632064
18,32,0.46977487206459045,0.0,0.5833333333333333,0.9186628384487845
18,35,0.26800763607025146,0.0,0.02777777777777779,0.8600504735113097
18,36,0.5569745302200317,0.0,0.5714285714285714,0.9648123134468715
18,37,0.3892393708229065,0.0,0.11111111111111116,0.968275524224167
18,38,0.44928625226020813,0.0,0.5555555555555556,0.9838778993922641
18,42,0.28037360310554504,0.0,0.08333333333333337,0.9661403967871497
18,43,0.5468763709068298,0.0,0.4044943820224719,0.8956130682750025
18,44,0.28085750341415405,0.0,0.11111111111111116,0.8176230824963455
18,45,0.36216607689857483,0.0,0.11111111111111116,0.9415738011584831
18,47,0.289527028799057,0.0,0.19444444444444442,0.9445486553801129
18,48,0.42363831400871277,0.0,0.08333333333333337,0.9088829905964986
18,49,0.3255547285079956,0.0,0.05555555555555558,0.9423990666463651
18,50,0.5170379877090454,0.0,0.4722222222222222,0.9922179150732623
18,51,0.5503183603286743,0.0,0.9230769230769231,0.9501944001562009
18,52,0.5327313542366028,0.0,0.75,0.9213287467470539
18,53,0.5327313542366028,0.0,0.75,0.9213287467470539
18,54,0.5791760683059692,0.0,0.17647058823529416,0.8460718805659183
18,56,0.4892526865005493,0.0,0.5555555555555556,0.9592610669441972
18,57,0.4079110026359558,0.0,0.16666666666666663,0.9845995280127151
18,58,0.45422446727752686,0.0,0.7777777777777778,0.9568809983787006
18,59,0.43295228481292725,0.0,0.5833333333333333,0.9619490256487715
18,61,0.4278593063354492,0.0,0.2777777777777778,0.8802347263805664
18,63,0.3777082562446594,0.0,0.3055555555555556,0.9318655685492823
18,65,0.4983885586261749,0.0,0.36111111111111116,0.9791104557361324
18,67,0.5016288161277771,0.0,0.4722222222222222,0.9446308107346904
18,70,0.36391112208366394,0.0,0.08333333333333337,0.8740449972692068
18,71,0.46033594012260437,0.0,0.38888888888888884,0.9495898394287816
18,72,0.4408169388771057,0.0,0.4722222222222222,0.8366012626172605
18,73,0.46144920587539673,0.0,0.41666666666666663,0.9107812820982164
18,74,0.48744964599609375,0.0,0.9722222222222222,0.929206567537639
18,75,0.588054895401001,0.0,0.7058823529411764,0.9708147424221454
18,76,0.29180753231048584,0.0,0.05555555555555558,0.9095931689957529
18,77,0.3359929323196411,0.0,0.25,0.9448322600057724
18,78,0.5485014319419861,0.0,0.5806451612903225,0.9490331463041677
18,79,0.5755813121795654,0.0,0.5538461538461539,0.9337881928044424
18,80,0.5734552145004272,0.0,0.6428571428571428,0.9374550549685423
18,81,0.5108027458190918,0.0,0.9444444444444444,0.9454490558032194
18,82,0.5692080855369568,0.0,0.7659574468085106,0.9506223998232012
18,83,0.5660059452056885,0.0,0.5070422535211268,0.940790566477771
18,84,0.4934256374835968,0.0,0.6388888888888888,0.9616942911475366
18,85,0.5266053080558777,0.0,0.9473684210526316,0.9485873200714025
18,86,0.42035728693008423,0.0,0.08333333333333337,0.9448854511576695
18,87,0.48244863748550415,0.0,0.5555555555555556,0.9463035484366086
18,88,0.48078665137290955,0.0,0.33333333333333337,0.979706052328743
18,89,0.37394043803215027,0.0,0.11111111111111116,0.9410220500853478
18,90,0.41120487451553345,0.0,0.16666666666666663,0.9186573986264044
18,92,0.46397489309310913,0.0,0.6666666666666667,0.9630899751666459
18,93,0.5065755248069763,0.0,0.972972972972973,0.9497228848732392
18,94,0.4559907913208008,0.0,0.6666666666666667,0.9784043713955074
18,95,0.43104636669158936,0.0,0.2777777777777778,0.9921681278339033
18,96,0.4767184257507324,0.0,0.8571428571428572,0.9763767916903843
18,97,0.5197601318359375,0.0,0.38888888888888884,0.9751397908238825
18,98,0.4011601507663727,0.0,0.13888888888888884,0.9800285973685575
18,99,0.43560945987701416,0.0,0.2777777777777778,0.9750519867327879
18,100,0.4555774927139282,0.0,0.4444444444444444,0.9451101334670093
18,101,0.41326019167900085,0.0,0.2777777777777778,0.9303076919378098
18,103,0.4425313472747803,0.0,0.5277777777777778,0.9658838302899883
18,104,0.3532661199569702,0.0,0.16666666666666663,0.9740788347523629
18,105,0.5196199417114258,0.0,0.6545454545454545,0.9528911157457488
18,106,0.5120353102684021,0.0,0.6388888888888888,0.9666559605050138
18,110,0.5098980069160461,0.0,0.5217391304347826,0.9458069189213257
18,111,0.502952516078949,0.0,0.972972972972973,0.9770139625144452
18,112,0.4828990697860718,0.0,0.16666666666666663,0.960196852138531
18,113,0.48224523663520813,0.0,0.6388888888888888,0.9569832340800059
18,114,0.42273959517478943,0.0,0.9166666666666666,0.9598650812635665
18,115,0.4528602957725525,0.0,0.9444444444444444,0.9395078297996111
18,116,0.5093283653259277,0.0,0.6101694915254237,0.9466749241257981
18,117,0.45980820059776306,0.0,0.4444444444444444,0.9433303208325037
18,118,0.5062501430511475,0.0,0.8888888888888888,0.9927117846507286
18,119,0.5381086468696594,0.0,0.972972972972973,0.9746759660397498
18,120,0.348638653755188,0.0,0.05555555555555558,0.9423990666463651
18,121,0.4961862564086914,0.0,1.0,0.9292078526602713
18,123,0.5144187211990356,0.0,0.6111111111111112,0.9935845658378909
18,124,0.5044882297515869,0.0,0.30508474576271183,0.9357158668935961
18,125,0.40614956617355347,0.0,0.19444444444444442,0.9734094971678728
18,127,0.44445642828941345,0.0,0.38888888888888884,0.8937757120846325
18,128,0.4627901613712311,0.0,0.782608695652174,0.8840660861502475
18,129,0.5617740154266357,0.0,0.3711340206185567,0.9457307098506621
18,130,0.46918216347694397,0.0,0.8055555555555556,0.9369403337496095
18,131,0.34272289276123047,0.0,0.13888888888888884,0.9623140337422486
18,132,0.5214824080467224,0.0,0.782608695652174,0.9660092867694593
18,133,0.3088275194168091,0.0,0.08333333333333337,0.9362996561985328
18,134,0.42053014039993286,0.0,0.11111111111111116,0.968275524224167
18,136,0.4648890495300293,0.0,0.5833333333333333,0.9474711390477706
18,137,0.4730011522769928,0.0,0.2777777777777778,0.9746495324400188
18,138,0.31777501106262207,0.0,0.08333333333333337,0.9159965970951708
18,139,0.35823652148246765,0.0,0.08333333333333337,0.9707111897631264
18,140,0.4711417555809021,0.0,0.19444444444444442,0.9709130659657111
18,144,0.4154559075832367,0.0,0.11111111111111116,0.968275524224167
18,145,0.29153189063072205,0.0,0.05555555555555558,0.9423990666463651
18,149,0.38350364565849304,0.0,0.11111111111111116,0.9078186239183114
18,150,0.5120975375175476,0.0,0.4675324675324676,0.8736147463969303
18,155,0.3887510895729065,0.0,0.13888888888888884,0.9110616623822573
19,20,0.5092509388923645,0.0,0.25,0.9714488600107009
19,21,0.6399649977684021,0.0,0.2857142857142857,0.9883385307303497
19,22,0.6175581812858582,0.0,0.17647058823529416,0.966074887069756
19,23,0.35741984844207764,0.0,0.2857142857142857,0.9214259136000361
19,24,0.5957161784172058,0.0,0.16666666666666663,0.9813903202908106
19,25,0.5625702142715454,0.0,0.17647058823529416,0.9747359276749596
19,26,0.5473806858062744,0.0,0.46153846153846156,0.9458494978567196
19,28,0.6585178971290588,0.0,0.1333333333333333,0.9685125321419512
19,29,0.6414458751678467,0.0,0.6,0.9817330059075249
19,30,0.6710748672485352,0.0,0.13043478260869568,0.965912693504477
19,31,0.6219099164009094,0.0,0.16666666666666663,0.9811380983853059
19,32,0.6585631966590881,0.0,0.2857142857142857,0.9729252606057307
19,35,0.5199045538902283,0.0,0.16666666666666663,0.8646365705650313
19,36,0.6371254920959473,0.0,0.09523809523809523,0.9717710654250656
19,37,0.38420191407203674,0.0,0.6666666666666667,0.9831724341572705
19,38,0.452923446893692,0.0,0.30000000000000004,0.9858652960490313
19,42,0.3969457149505615,0.0,0.5,0.9145699821290395
19,43,0.6320210099220276,0.0,0.0674157303370787,0.9194893344112032
19,44,0.24508416652679443,0.0,0.6666666666666667,0.9399539924805063
19,45,0.42241597175598145,0.0,0.6666666666666667,0.9610074019515181
19,47,0.32405152916908264,0.0,0.8571428571428572,0.9850219666308389
19,48,0.4396662712097168,0.0,0.5,0.9829775295496069
19,49,0.47073793411254883,0.0,0.33333333333333337,0.9380788223312506
19,50,0.6457901000976562,0.0,0.3529411764705882,0.9799186040820536
19,51,0.6984872221946716,0.0,0.15384615384615385,0.9777443864320894
19,52,0.6184423565864563,0.0,0.125,0.9510063663365892
19,53,0.6184423565864563,0.0,0.125,0.9510063663365892
19,54,0.6490323543548584,0.0,0.02941176470588236,0.8814000532836679
19,56,0.6007950305938721,0.0,0.30000000000000004,0.9846436212273447
19,57,0.4266299903392792,0.0,1.0,0.9606981706944147
19,58,0.509983479976654,0.0,0.2142857142857143,0.9840701592599913
19,59,0.4522159993648529,0.0,0.2857142857142857,0.9890822405298718
19,61,0.571657121181488,0.0,0.6,0.9628036057551075
19,63,0.34019505977630615,0.0,0.5454545454545454,0.9836975499775035
19,65,0.5383960604667664,0.0,0.46153846153846156,0.9904804775220918
19,67,0.5462639331817627,0.0,0.3529411764705882,0.9804440503315198
19,70,0.47217002511024475,0.0,0.5,0.9676990100829153
19,71,0.41960516571998596,0.0,0.4285714285714286,0.9852435004309081
19,72,0.609004020690918,0.0,0.3529411764705882,0.9368417100598647
19,73,0.5979830026626587,0.0,0.4,0.9779960198204223
19,74,0.5673972964286804,0.0,0.17142857142857137,0.9713676426442845
19,75,0.6082994341850281,0.0,0.11764705882352944,0.9729242531291223
19,76,0.5743952393531799,0.0,0.33333333333333337,0.969778517388371
19,77,0.4050966203212738,0.0,0.6666666666666667,0.9857028444074819
19,78,0.6560360789299011,0.0,0.09677419354838712,0.9560529441741582
19,79,0.7009879946708679,0.0,0.09230769230769231,0.9471175985131505
19,80,0.635373592376709,0.0,0.1071428571428571,0.9629336384133188
19,81,0.528430163860321,0.0,0.17647058823529416,0.9668874511964826
19,82,0.6222264766693115,0.0,0.12765957446808507,0.9576885025910383
19,83,0.6265273094177246,0.0,0.08450704225352113,0.9426894195858382
19,84,0.6579886674880981,0.0,0.26086956521739135,0.9843328948273804
19,85,0.6408513188362122,0.0,0.1578947368421053,0.9720017025263797
19,86,0.5056370496749878,0.0,0.5,0.9690833652384652
19,87,0.6138994693756104,0.0,0.30000000000000004,0.9814863388192288
19,88,0.6281206011772156,0.0,0.5,0.9781560567097648
19,89,0.6054984927177429,0.0,0.6666666666666667,0.9963366563824148
19,90,0.6091150045394897,0.0,1.0,0.9831063794960563
19,92,0.45921483635902405,0.0,0.25,0.9724515903689092
19,93,0.6790160536766052,0.0,0.16216216216216217,0.9777406434595838
19,94,0.6242149472236633,0.0,0.25,0.9826063442220843
19,95,0.47843167185783386,0.0,0.6,0.9601648593816673
19,96,0.4920133352279663,0.0,0.1428571428571429,0.9793038531518821
19,97,0.5605378746986389,0.0,0.4285714285714286,0.9815444736027673
19,98,0.5616183876991272,0.0,0.8333333333333334,0.986500659984696
19,99,0.5067877173423767,0.0,0.6,0.9876442493248582
19,100,0.48947611451148987,0.0,0.375,0.9885798589511032
19,101,0.5997220873832703,0.0,0.6,0.988062311128495
19,103,0.49984249472618103,0.0,0.3157894736842105,0.9870716616203153
19,104,0.33353114128112793,0.0,1.0,0.9936980035696902
19,105,0.503492534160614,0.0,0.10909090909090913,0.9716085032423348
19,106,0.5466778874397278,0.0,0.26086956521739135,0.9861356233448386
19,110,0.6841577887535095,0.0,0.08695652173913049,0.9520631208816069
19,111,0.620641827583313,0.0,0.16216216216216217,0.9822667131390765
19,112,0.6288414597511292,0.0,1.0,0.9659861754570872
19,113,0.6026925444602966,0.0,0.26086956521739135,0.9796936762789531
19,114,0.5868739485740662,0.0,0.18181818181818177,0.9654763611307434
19,115,0.6173922419548035,0.0,0.17647058823529416,0.9758399927019034
19,116,0.6761753559112549,0.0,0.10169491525423724,0.9719564676115453
19,117,0.5884427428245544,0.0,0.375,0.9876754982980381
19,118,0.5542653203010559,0.0,0.1875,0.9720349086482603
19,119,0.5278820991516113,0.0,0.16216216216216217,0.9614311500702243
19,120,0.2566898763179779,0.0,0.33333333333333337,0.9380788223312506
19,121,0.6202841997146606,0.0,0.16666666666666663,0.963088329410913
19,123,0.5809957385063171,0.0,0.2727272727272727,0.9767741141148887
19,124,0.47642526030540466,0.0,0.05084745762711862,0.9164350205925509
19,125,0.5155133008956909,0.0,0.8571428571428572,0.9888845653473313
19,127,0.6168993711471558,0.0,0.4285714285714286,0.9621766067937625
19,128,0.5864892601966858,0.0,0.13043478260869568,0.9291800034898743
19,129,0.6860780715942383,0.0,0.061855670103092786,0.9453994281645873
19,130,0.6056479215621948,0.0,0.2068965517241379,0.974490431493604
19,131,0.29560062289237976,0.0,0.8333333333333334,0.9908897013337528
19,132,0.6590073108673096,0.0,0.13043478260869568,0.9752371800040522
19,133,0.384022980928421,0.0,0.5,0.9376686320966187
19,134,0.5024635791778564,0.0,0.6666666666666667,0.9831724341572705
19,136,0.6547214388847351,0.0,0.2857142857142857,0.9862518353635019
19,137,0.5888235569000244,0.0,0.6,0.9920248191493143
19,138,0.521553099155426,0.0,0.5,0.9626090393620765
19,139,0.5818225145339966,0.0,0.5,0.9613410614480175
19,140,0.5719015002250671,0.0,0.8571428571428572,0.9856531915184228
19,144,0.33078253269195557,0.0,0.6666666666666667,0.9831724341572705
19,145,0.46942198276519775,0.0,0.33333333333333337,0.9380788223312506
19,149,0.30832797288894653,0.0,0.6666666666666667,0.986152215242354
19,150,0.6120612025260925,0.0,0.07792207792207795,0.9226684262809374
19,155,0.5979999899864197,0.0,0.8333333333333334,0.9241317990148098
20,21,0.42684969305992126,0.0,0.875,0.9898553811791488
20,22,0.48320865631103516,0.0,0.7058823529411764,0.9937750610259568
20,23,0.3143055737018585,0.0,0.875,0.9826770908145894
20,24,0.35435381531715393,0.0,0.6666666666666667,0.9879785466448918
20,25,0.3803615868091583,0.0,0.7058823529411764,0.9962833903179128
20,26,0.35933494567871094,0.0,0.5416666666666667,0.992608203838816
20,28,0.4714679419994354,0.0,0.5333333333333333,0.9956348702305701
20,29,0.3053692877292633,0.0,0.41666666666666663,0.9818911064705652
20,30,0.44003215432167053,0.0,0.5217391304347826,0.9956085016149216
20,31,0.4547387361526489,0.0,0.6666666666666667,0.9866428616750186
20,32,0.38880491256713867,0.0,0.875,0.9877672318044788
20,35,0.20892389118671417,0.0,0.04166666666666663,0.8147619446064511
20,36,0.44939374923706055,0.0,0.38095238095238093,0.9958758385418195
20,37,0.25430747866630554,0.0,0.16666666666666663,0.9450667370207887
20,38,0.37419596314430237,0.0,0.8333333333333334,0.9775657362079877
20,42,0.2446022629737854,0.0,0.125,0.8981202105496915
20,43,0.4944648742675781,0.0,0.2696629213483146,0.9800800091175111
20,44,0.21368415653705597,0.0,0.16666666666666663,0.9059785613144252
20,45,0.3263746500015259,0.0,0.16666666666666663,0.9212903192238368
20,47,0.2727843225002289,0.0,0.29166666666666663,0.9615630353158219
20,48,0.30711624026298523,0.0,0.125,0.927816613903257
20,49,0.2648485600948334,0.0,0.08333333333333337,0.8858367839055046
20,50,0.4495352804660797,0.0,0.7083333333333333,0.977104582920804
20,51,0.5044088959693909,0.0,0.6153846153846154,0.9931839268044662
20,52,0.38431426882743835,0.0,0.5,0.9916322556317587
20,53,0.38431426882743835,0.0,0.5,0.9916322556317587
20,54,0.5149334073066711,0.004651162790697674,0.11764705882352944,0.958419297028418
20,56,0.48596277832984924,0.0,0.8333333333333334,0.9968578826255505
20,57,0.3975059986114502,0.0,0.25,0.932009487215051
20,58,0.30395761132240295,0.0,0.8571428571428572,0.9915041680974271
20,59,0.3494008481502533,0.0,0.875,0.9872052574206004
20,61,0.45734384655952454,0.0,0.41666666666666663,0.9646211190220582
20,63,0.3058488667011261,0.0,0.45833333333333337,0.9901017103634476
20,65,0.4426834285259247,0.0,0.5416666666666667,0.98303091470309
20,67,0.42737242579460144,0.0,0.7083333333333333,0.9826230617958229
20,70,0.25467756390571594,0.0,0.125,0.926291021628044
20,71,0.3219119608402252,0.0,0.5833333333333333,0.9964412635107998
20,72,0.31610390543937683,0.0,0.7083333333333333,0.9481870748040475
20,73,0.308077871799469,0.0,0.625,0.9805021776165829
20,74,0.4122282564640045,0.0,0.6857142857142857,0.991063014937086
20,75,0.45689019560813904,0.0,0.47058823529411764,0.9929731292870624
20,76,0.23331893980503082,0.0,0.08333333333333337,0.90970309659252
20,77,0.26342707872390747,0.0,0.375,0.9894132545490767
20,78,0.5275063514709473,0.0,0.3870967741935484,0.9939926911872536
20,79,0.5229841470718384,0.0,0.36923076923076925,0.987257683875968
20,80,0.4408750832080841,0.0,0.4285714285714286,0.9961046593743644
20,81,0.4348897635936737,0.0,0.7058823529411764,0.9986893490411921
20,82,0.46529421210289,0.0,0.5106382978723405,0.9950474934183701
20,83,0.4761156141757965,0.0,0.3380281690140845,0.985305161969191
20,84,0.45136794447898865,0.0,0.9583333333333334,0.9937449820526335
20,85,0.5477681756019592,0.0,0.631578947368421,0.9975285465225857
20,86,0.33104464411735535,0.0,0.125,0.9182557879337201
20,87,0.36251458525657654,0.0,0.8333333333333334,0.9845706332525963
20,88,0.3828997313976288,0.0,0.5,0.9625903625451834
20,89,0.33775487542152405,0.0,0.16666666666666663,0.9563714624632577
20,90,0.330796480178833,0.0,0.25,0.9475811593282499
20,92,0.39865541458129883,0.0,1.0,0.9991892328720765
20,93,0.4384815990924835,0.0,0.6486486486486487,0.9929447607472157
20,94,0.38783302903175354,0.0,1.0,0.9773140313904335
20,95,0.3519791066646576,0.0,0.41666666666666663,0.9399636940287703
20,96,0.46548280119895935,0.0,0.5714285714285714,0.9899990008072105
20,97,0.4220221936702728,0.0,0.5833333333333333,0.9674892496580221
20,98,0.35633113980293274,0.0,0.20833333333333337,0.9590871373387039
20,99,0.34464946389198303,0.0,0.41666666666666663,0.9746792466825721
20,100,0.46373966336250305,0.0,0.6666666666666667,0.982741151939849
20,101,0.3105017840862274,0.0,0.41666666666666663,0.9652339947568813
20,103,0.39394745230674744,0.0,0.7916666666666666,0.9865645026570946
20,104,0.2504971921443939,0.0,0.25,0.9660431139348375
20,105,0.4401048421859741,0.0,0.4363636363636364,0.9960753108899076
20,106,0.4505496025085449,0.0,0.9583333333333334,0.9919894280264665
20,110,0.5990849137306213,0.0,0.34782608695652173,0.994490037749515
20,111,0.42034387588500977,0.0,0.6486486486486487,0.9863531162091272
20,112,0.3722919523715973,0.0,0.25,0.926912871981788
20,113,0.4118787348270416,0.0,0.9583333333333334,0.9977727825395689
20,114,0.3294048607349396,0.0,0.7272727272727273,0.9978406638028167
20,115,0.40781041979789734,0.0,0.7058823529411764,0.9913409017550405
20,116,0.48061099648475647,0.0,0.4067796610169492,0.9929681397010431
20,117,0.3897610604763031,0.0,0.6666666666666667,0.9763494725221622
20,118,0.49393340945243835,0.0,0.75,0.9760102096593438
20,119,0.4766785204410553,0.0,0.6486486486486487,0.9934560127726392
20,120,0.23730157315731049,0.0,0.08333333333333337,0.8858367839055046
20,121,0.5081052184104919,0.0,0.6666666666666667,0.9954882255628728
20,123,0.4690888226032257,0.0,0.9166666666666666,0.9741271226382888
20,124,0.4910249412059784,0.0,0.2033898305084746,0.9707106042159934
20,125,0.2811737358570099,0.0,0.29166666666666663,0.9664758227992256
20,127,0.3765218257904053,0.0,0.5833333333333333,0.9716908603666137
20,128,0.3376173973083496,0.0,0.5217391304347826,0.9817256672291278
20,129,0.5161317586898804,0.0,0.24742268041237114,0.9891962253652454
20,130,0.40558019280433655,0.0,0.8275862068965517,0.9912628451719611
20,131,0.199114128947258,0.0,0.20833333333333337,0.9541161463690975
20,132,0.49363383650779724,0.0,0.5217391304347826,0.9928067738814305
20,133,0.2673049867153168,0.0,0.125,0.8965230681478724
20,134,0.3233509361743927,0.0,0.16666666666666663,0.9450667370207887
20,136,0.4192008972167969,0.0,0.875,0.9891210868097495
20,137,0.3793856203556061,0.0,0.41666666666666663,0.9852230265791123
20,138,0.3191263675689697,0.0,0.125,0.9178323067784915
20,139,0.3279714286327362,0.0,0.125,0.9243013828500204
20,140,0.4542032778263092,0.0,0.29166666666666663,0.9866490159260181
20,144,0.31072500348091125,0.0,0.16666666666666663,0.9450667370207887
20,145,0.24317550659179688,0.0,0.08333333333333337,0.8858367839055046
20,149,0.27645424008369446,0.0,0.16666666666666663,0.9365571907857951
20,150,0.4071442186832428,0.0,0.3116883116883117,0.9763968775533645
20,155,0.34888604283332825,0.0,0.20833333333333337,0.9475752703939944
21,22,0.6182534694671631,0.0,0.6176470588235294,0.9897667256091315
21,23,0.43665918707847595,0.0,1.0,0.9512504170041314
21,24,0.5760943293571472,0.0,0.5833333333333333,0.9976254566202261
21,25,0.5868024230003357,0.0,0.6176470588235294,0.9955400443671099
21,26,0.5317349433898926,0.0,0.6190476190476191,0.9679058402723902
21,28,0.6512333750724792,0.0,0.4666666666666667,0.9919358297034925
21,29,0.4690677225589752,0.0,0.47619047619047616,0.9853408020495578
21,30,0.6239863634109497,0.0,0.4565217391304348,0.9893371210811658
21,31,0.6282944679260254,0.0,0.5833333333333333,0.9950910401063106
21,32,0.5587458610534668,0.0,1.0,0.9899628030671351
21,35,0.4775819778442383,0.0,0.04761904761904767,0.8241080973957678
21,36,0.6750450730323792,0.0,0.33333333333333337,0.9944333762176327
21,37,0.4819382131099701,0.0,0.19047619047619047,0.9628904285855536
21,38,0.5224630832672119,0.0,0.9523809523809523,0.9919779093603697
21,42,0.34105032682418823,0.0,0.1428571428571429,0.897335509212684
21,43,0.6095223426818848,0.0,0.2359550561797753,0.9561892067918333
21,44,0.3007580637931824,0.0,0.19047619047619047,0.9171468788338487
21,45,0.4822526276111603,0.0,0.19047619047619047,0.9398421770947109
21,47,0.38290032744407654,0.0,0.33333333333333337,0.9757111008759046
21,48,0.45976606011390686,0.0,0.1428571428571429,0.9533744007240079
21,49,0.5034323334693909,0.0,0.09523809523809523,0.9062814660877067
21,50,0.5863526463508606,0.0,0.8095238095238095,0.9848192504450171
21,51,0.6500287055969238,0.0,0.5384615384615384,0.9979312960983269
21,52,0.6689329147338867,0.0,0.4375,0.9801040131537309
21,53,0.6689329147338867,0.0,0.4375,0.9801040131537309
21,54,0.6938208937644958,0.0,0.1029411764705882,0.9265825900176714
21,56,0.6087834239006042,0.0,0.9523809523809523,0.9975026588304833
21,57,0.47775113582611084,0.0,0.2857142857142857,0.9475152243666418
21,58,0.4723454415798187,0.0,0.75,0.9996398106511378
21,59,0.4915219247341156,0.0,1.0,0.9992497436290001
21,61,0.6266730427742004,0.0,0.47619047619047616,0.9682756310264641
21,63,0.42944449186325073,0.0,0.5238095238095238,0.9923886688443545
21,65,0.5484031438827515,0.0,0.6190476190476191,0.9928532393246264
21,67,0.5789731740951538,0.0,0.8095238095238095,0.9907869684578241
21,70,0.5524606108665466,0.0,0.1428571428571429,0.9434347695957064
21,71,0.49614614248275757,0.0,0.6666666666666667,0.9952001743737784
21,72,0.47293177247047424,0.0,0.8095238095238095,0.9530646773640445
21,73,0.5099462270736694,0.0,0.7142857142857143,0.9877709743686619
21,74,0.519903838634491,0.0,0.6,0.9937034576042431
21,75,0.6736828088760376,0.0,0.4117647058823529,0.9931342482150087
21,76,0.507382869720459,0.0,0.09523809523809523,0.9316598318654279
21,77,0.40760448575019836,0.0,0.4285714285714286,0.9866637331923075
21,78,0.6626255512237549,0.0,0.33870967741935487,0.9832322136703778
21,79,0.6600903868675232,0.0,0.32307692307692304,0.975122510299524
21,80,0.6366056799888611,0.0,0.375,0.9898356036933526
21,81,0.5972892045974731,0.0,0.6176470588235294,0.9892043334292853
21,82,0.6578751802444458,0.0,0.44680851063829785,0.9829773485624728
21,83,0.6570540070533752,0.0,0.295774647887324,0.9708823781167559
21,84,0.6370322704315186,0.0,0.9130434782608696,0.9983898200222628
21,85,0.6440626978874207,0.0,0.5526315789473684,0.9944876192796732
21,86,0.5374346971511841,0.0,0.1428571428571429,0.9424158271624661
21,87,0.5332906246185303,0.0,0.9523809523809523,0.994029314358414
21,88,0.6288326382637024,0.0,0.5714285714285714,0.976669600811922
21,89,0.563662588596344,0.0,0.19047619047619047,0.9747486046712669
21,90,0.6100928783416748,0.0,0.2857142857142857,0.9703722808193364
21,92,0.46291059255599976,0.0,0.875,0.9900175965070809
21,93,0.5751892924308777,0.0,0.5675675675675675,0.9976056537374548
21,94,0.6548342704772949,0.0,0.875,0.9911928117554614
21,95,0.5271965861320496,0.0,0.47619047619047616,0.9538076109551582
21,96,0.5121373534202576,0.0,0.5,0.9958265322399968
21,97,0.5979399681091309,0.0,0.6666666666666667,0.9834417316202531
21,98,0.5651297569274902,0.041666666666666664,0.23809523809523814,0.9720708923822915
21,99,0.5928776860237122,0.0,0.47619047619047616,0.9862098563053804
21,100,0.5087125301361084,0.0,0.7619047619047619,0.9965418721511559
21,101,0.6509494781494141,0.0,0.47619047619047616,0.9875685642486665
21,103,0.5348049402236938,0.0,0.9047619047619048,0.9968886461072274
21,104,0.3776526153087616,0.0,0.2857142857142857,0.982194329419789
21,105,0.6097660660743713,0.0,0.38181818181818183,0.9952671522973197
21,106,0.6048340201377869,0.0,0.9130434782608696,0.9987885835722339
21,110,0.622235894203186,0.0,0.30434782608695654,0.9806477737272933
21,111,0.6478530168533325,0.0,0.5675675675675675,0.9964078940929475
21,112,0.6095033288002014,0.0,0.2857142857142857,0.9520461727729663
21,113,0.5774455070495605,0.0,0.9130434782608696,0.9967882300799186
21,114,0.5622800588607788,0.0,0.6363636363636364,0.9875035527234901
21,115,0.5056511759757996,0.0,0.6176470588235294,0.9960208175801007
21,116,0.5841437578201294,0.0,0.35593220338983056,0.9958967229584483
21,117,0.571254551410675,0.0,0.7619047619047619,0.994640717014523
21,118,0.6280888915061951,0.0,0.65625,0.9820957242855015
21,119,0.5894397497177124,0.0,0.5675675675675675,0.9818817988823507
21,120,0.36040714383125305,0.0,0.09523809523809523,0.9062814660877067
21,121,0.6249614953994751,0.0,0.5833333333333333,0.9884023527429616
21,123,0.6244736909866333,0.0,0.9545454545454546,0.9831494293703918
21,124,0.5766463279724121,0.0,0.17796610169491522,0.9469885089689575
21,125,0.5845616459846497,0.0,0.33333333333333337,0.9799438980804933
21,127,0.6237028241157532,0.0,0.6666666666666667,0.974884354380501
21,128,0.5148465037345886,0.0,0.4565217391304348,0.9626588695673634
21,129,0.6572397947311401,0.0,0.21649484536082475,0.974719295928811
21,130,0.555454671382904,0.0,0.7241379310344828,0.9944461393286511
21,131,0.39013612270355225,0.0,0.23809523809523814,0.974631689879151
21,132,0.6497129797935486,0.0,0.4565217391304348,0.995107952532003
21,133,0.36578550934791565,0.0,0.1428571428571429,0.9116248394861962
21,134,0.5658255815505981,0.0,0.19047619047619047,0.9628904285855536
21,136,0.6450669169425964,0.0,1.0,0.9992839241933684
21,137,0.6062580943107605,0.0,0.47619047619047616,0.9930822827900638
21,138,0.48719069361686707,0.0,0.1428571428571429,0.9333820803797577
21,139,0.5897706747055054,0.0,0.1428571428571429,0.9373457661051638
21,140,0.6089828014373779,0.0,0.33333333333333337,0.9820829242838317
21,144,0.40977218747138977,0.0,0.19047619047619047,0.9628904285855536
21,145,0.4665103256702423,0.0,0.09523809523809523,0.9062814660877067
21,149,0.33642375469207764,0.0,0.19047619047619047,0.9636339468360751
21,150,0.6727959513664246,0.0,0.2727272727272727,0.9596152112842712
21,155,0.4987751245498657,0.0,0.23809523809523814,0.9196778996871869
22,23,0.45885899662971497,0.0,0.6176470588235294,0.9788930645255927
22,24,0.6977605819702148,0.0,0.9444444444444444,0.9853499656574608
22,25,0.7111838459968567,0.0,1.0,0.9967669956424804
22,26,0.6553378105163574,0.0,0.38235294117647056,0.9854032772579592
22,28,0.7436425089836121,0.0,0.7555555555555555,0.9946810413657374
22,29,0.5049130320549011,0.0,0.2941176470588235,0.9843422463436916
22,30,0.7727217078208923,0.0,0.7391304347826086,0.9937287602736565
22,31,0.7987974882125854,0.0,0.9444444444444444,0.9783833048472869
22,32,0.664582371711731,0.0,0.6176470588235294,0.9948219857644838
22,35,0.6334213614463806,0.0,0.02941176470588236,0.7767339105388423
22,36,0.7603635787963867,0.0,0.5396825396825398,0.9918258002574845
22,37,0.4728582501411438,0.0,0.11764705882352944,0.9230619848994827
22,38,0.5586776733398438,0.0,0.5882352941176471,0.9669712556374933
22,42,0.5199994444847107,0.0,0.08823529411764708,0.8545938233238155
22,43,0.7257685661315918,0.0,0.3820224719101124,0.9846938129671503
22,44,0.3748825192451477,0.0,0.11764705882352944,0.9126656949575778
22,45,0.4708236753940582,0.0,0.11764705882352944,0.8983509130898016
22,47,0.36691465973854065,0.0,0.20588235294117652,0.9511659503049978
22,48,0.5059109926223755,0.0,0.08823529411764708,0.9207532403670119
22,49,0.629579484462738,0.0,0.05882352941176472,0.8511223786357502
22,50,0.6917780041694641,0.0,0.5,0.9590617430509224
22,51,0.7701317071914673,0.0,0.8717948717948718,0.9955971037398832
22,52,0.7433863282203674,0.0,0.7083333333333333,0.9964733722613952
22,53,0.7433863282203674,0.0,0.7083333333333333,0.9964733722613952
22,54,0.7802353501319885,0.0,0.16666666666666663,0.969349883445363
22,56,0.7805435061454773,0.0,0.5882352941176471,0.9927307452908677
22,57,0.5807422399520874,0.0,0.17647058823529416,0.9015084724234397
22,58,0.5097951292991638,0.0,0.8235294117647058,0.9920830771195568
22,59,0.5394589304924011,0.0,0.6176470588235294,0.9853278967945047
22,61,0.7082095146179199,0.0,0.2941176470588235,0.9730319776316063
22,63,0.4186002314090729,0.0,0.32352941176470584,0.991586945388862
22,65,0.6876208186149597,0.0,0.38235294117647056,0.9709243932324844
22,67,0.6360079050064087,0.0,0.5,0.9806997914533887
22,70,0.5602867603302002,0.0,0.08823529411764708,0.9248172456092596
22,71,0.5453050136566162,0.0,0.4117647058823529,0.9940028615437777
22,72,0.5551685690879822,0.0,0.5,0.969611334536829
22,73,0.5625268816947937,0.0,0.4411764705882353,0.9887595530297906
22,74,0.5215195417404175,0.0,0.9714285714285714,0.9986592167871168
22,75,0.751575231552124,0.0,0.6666666666666667,0.9871339353180538
22,76,0.6737780570983887,0.0,0.05882352941176472,0.8924271741870017
22,77,0.41405367851257324,0.0,0.2647058823529411,0.9839989203258831
22,78,0.7913995385169983,0.0,0.5483870967741935,0.9910884639946227
22,79,0.7708634734153748,0.0,0.523076923076923,0.9874685252858639
22,80,0.7341930270195007,0.0,0.6071428571428572,0.9981184357189159
22,81,0.6582229137420654,0.0,1.0,0.9967133132731569
22,82,0.760095477104187,0.0,0.7234042553191489,0.9905850830904024
22,83,0.7414137721061707,0.0,0.47887323943661975,0.9816265456727795
22,84,0.7640652656555176,0.0,0.6764705882352942,0.9916654780604122
22,85,0.7585635185241699,0.0,0.8947368421052632,0.99756378167875
22,86,0.5718532800674438,0.0,0.08823529411764708,0.8962827298986323
22,87,0.6330903768539429,0.0,0.5882352941176471,0.9845301363402967
22,88,0.7581045031547546,0.0,0.3529411764705882,0.9443561825876611
22,89,0.7060865163803101,0.0,0.11764705882352944,0.947017970131091
22,90,0.7547063231468201,0.0,0.17647058823529416,0.9454344628212695
22,92,0.5030922889709473,0.0,0.7058823529411764,0.9899262089693754
22,93,0.6698012948036194,0.0,0.9189189189189189,0.9947515056239694
22,94,0.7544999718666077,0.0,0.7058823529411764,0.967322775588895
22,95,0.5073918700218201,0.0,0.2941176470588235,0.910774991115688
22,96,0.5673149228096008,0.0,0.8095238095238095,0.9834160869280942
22,97,0.7183459997177124,0.0,0.4117647058823529,0.9542591698633772
22,98,0.6689527630805969,0.0,0.1470588235294118,0.937330776078234
22,99,0.6300150752067566,0.0,0.2941176470588235,0.9603707256900177
22,100,0.6809194684028625,0.0,0.47058823529411764,0.9845793215922756
22,101,0.7343029975891113,0.0,0.2941176470588235,0.9687645771681738
22,103,0.6072158217430115,0.0,0.5588235294117647,0.9814754161532228
22,104,0.2980841100215912,0.0,0.17647058823529416,0.950696752246672
22,105,0.640460729598999,0.0,0.6181818181818182,0.9962579122785884
22,106,0.7455400228500366,0.0,0.6764705882352942,0.9875727877239078
22,110,0.7754560708999634,0.0,0.49275362318840576,0.9910340174316348
22,111,0.7706449031829834,0.0,0.9189189189189189,0.9799066632868823
22,112,0.738198459148407,0.0,0.17647058823529416,0.906617942299316
22,113,0.7683730721473694,0.0,0.6764705882352942,0.995101100238893
22,114,0.6384737491607666,0.0,0.9705882352941176,0.9907511361555265
22,115,0.6296761631965637,0.0,1.0,0.9957667000278033
22,116,0.7494004368782043,0.0,0.576271186440678,0.9961438925502312
22,117,0.7052946090698242,0.0,0.47058823529411764,0.9791383102947786
22,118,0.6723662614822388,0.0,0.9411764705882353,0.957291544708491
22,119,0.6040859222412109,0.0,0.9189189189189189,0.9793474006506582
22,120,0.302166223526001,0.0,0.05882352941176472,0.8511223786357502
22,121,0.7587924599647522,0.0,0.9444444444444444,0.9995909800911987
22,123,0.7500721216201782,0.0,0.6470588235294117,0.9559247002596603
22,124,0.6005228757858276,0.0,0.288135593220339,0.9600909073197555
22,125,0.6306218504905701,0.0,0.20588235294117652,0.9494755901969965
22,127,0.7518455982208252,0.021739130434782608,0.4117647058823529,0.9796145477130308
22,128,0.529085099697113,0.0,0.7391304347826086,0.9912120884917647
22,129,0.770220160484314,0.0,0.35051546391752575,0.9848230383245085
22,130,0.6116977334022522,0.0,0.8529411764705882,0.9951133252159984
22,131,0.37192386388778687,0.0,0.1470588235294118,0.9393222763335013
22,132,0.7761521339416504,0.0,0.7391304347826086,0.989620870183134
22,133,0.4849204421043396,0.0,0.08823529411764708,0.8640560328507562
22,134,0.6741039156913757,0.0,0.11764705882352944,0.9230619848994827
22,136,0.7804155349731445,0.0,0.6176470588235294,0.9927308933126757
22,137,0.72093266248703,0.0,0.2941176470588235,0.9735556574429668
22,138,0.6266852021217346,0.0,0.08823529411764708,0.8978737781687293
22,139,0.6972735524177551,0.0,0.08823529411764708,0.8916342525002321
22,140,0.7111344337463379,0.0,0.20588235294117652,0.9688943807737669
22,144,0.3764078915119171,0.0,0.11764705882352944,0.9230619848994827
22,145,0.6289086937904358,0.0,0.05882352941176472,0.8511223786357502
22,149,0.2877628803253174,0.0,0.11764705882352944,0.9353648855648838
22,150,0.7887530326843262,0.0,0.4415584415584416,0.9898451785738592
22,155,0.5964546799659729,0.0,0.1470588235294118,0.9250425119872879
23,24,0.660602867603302,0.0,0.5833333333333333,0.946750676111244
23,25,0.580550491809845,0.02702702702702703,0.6176470588235294,0.9721321190008595
23,26,0.27136921882629395,0.0,0.6190476190476191,0.9965522325602751
23,28,0.6846920847892761,0.020833333333333332,0.4666666666666667,0.9739234568191125
23,29,0.4220333695411682,0.0,0.47619047619047616,0.9572349286135553
23,30,0.7120566368103027,0.0,0.4565217391304348,0.9763598256939711
23,31,0.6350935101509094,0.023809523809523808,0.5833333333333333,0.9422850971689362
23,32,0.5033081769943237,0.0,1.0,0.966818640858862
23,35,0.24072624742984772,0.0,0.04761904761904767,0.7348515030547095
23,36,0.6226723790168762,0.0,0.33333333333333337,0.9677991021177353
23,37,0.4402919411659241,0.0,0.19047619047619047,0.8802426513522523
23,38,0.5456679463386536,0.0,0.9523809523809523,0.9243486585842603
23,42,0.2277752310037613,0.0,0.1428571428571429,0.8309839667182274
23,43,0.7708166837692261,0.0,0.2359550561797753,0.9903306990785977
23,44,0.43655404448509216,0.0,0.19047619047619047,0.8787047381206938
23,45,0.5176362991333008,0.0,0.19047619047619047,0.8581367435139207
23,47,0.28143173456192017,0.0,0.33333333333333337,0.9127201577950995
23,48,0.4960407018661499,0.0,0.1428571428571429,0.8673119864246781
23,49,0.4335217773914337,0.0,0.09523809523809523,0.8076654919408727
23,50,0.5820261836051941,0.0,0.8095238095238095,0.9271809651043184
23,51,0.665482223033905,0.0,0.5384615384615384,0.9626670258717652
23,52,0.733269989490509,0.0,0.4375,0.9855384456044862
23,53,0.733269989490509,0.0,0.4375,0.9855384456044862
23,54,0.6990458369255066,0.0,0.1029411764705882,0.9855616160674061
23,56,0.599098265171051,0.0,0.9523809523809523,0.9679010947533203
23,57,0.3681117594242096,0.0,0.2857142857142857,0.8636908096705698
23,58,0.5619175434112549,0.0,0.75,0.9557855341607586
23,59,0.42635804414749146,0.0,1.0,0.9446434379082385
23,61,0.51242595911026,0.0,0.47619047619047616,0.945782409155629
23,63,0.5487496256828308,0.0,0.5238095238095238,0.9658741553753833
23,65,0.6639026999473572,0.0,0.6190476190476191,0.9358685476724309
23,67,0.6184682250022888,0.0,0.8095238095238095,0.9464891973103031
23,70,0.4354526996612549,0.0,0.1428571428571429,0.8839777015421405
23,71,0.626223087310791,0.0,0.6666666666666667,0.9719443070743254
23,72,0.40734776854515076,0.0,0.8095238095238095,0.9372005422270481
23,73,0.5218892693519592,0.0,0.7142857142857143,0.9542885910158396
23,74,0.504521906375885,0.0,0.6,0.9680931817963563
23,75,0.6987749934196472,0.0,0.4117647058823529,0.9615699017938408
23,76,0.22914449870586395,0.0,0.09523809523809523,0.8425921757136648
23,77,0.34974223375320435,0.0,0.4285714285714286,0.9619681114352425
23,78,0.575432300567627,0.0,0.33870967741935487,0.9795346590425896
23,79,0.6306125521659851,0.0,0.32307692307692304,0.9779024019832238
23,80,0.6296322345733643,0.0,0.375,0.9801759754681936
23,81,0.6472299098968506,0.0,0.6176470588235294,0.9845076127548353
23,82,0.6941524147987366,0.0,0.44680851063829785,0.9811883411918462
23,83,0.6583947539329529,0.0,0.295774647887324,0.9755323071477593
23,84,0.5285426378250122,0.0,0.9130434782608696,0.9606589155398905
23,85,0.6355933547019958,0.0,0.5526315789473684,0.9760465458461935
23,86,0.5097494125366211,0.0,0.1428571428571429,0.8475840151328399
23,87,0.531851589679718,0.0,0.9523809523809523,0.9476588733585244
23,88,0.6152793169021606,0.0,0.5714285714285714,0.9055243768530804
23,89,0.34706366062164307,0.0,0.19047619047619047,0.9008314965386768
23,90,0.4017150402069092,0.0,0.2857142857142857,0.8951729581216302
23,92,0.5758088827133179,0.0,0.875,0.9789700548998016
23,93,0.6640822291374207,0.0,0.5675675675675675,0.9623741652499371
23,94,0.5243390798568726,0.0,0.875,0.9252660571727452
23,95,0.5583564043045044,0.0,0.47619047619047616,0.8742608457985372
23,96,0.6157456040382385,0.0,0.5,0.9504388218895736
23,97,0.5813748240470886,0.0,0.6666666666666667,0.9113054906140207
23,98,0.30539584159851074,0.0,0.23809523809523814,0.8990166819108983
23,99,0.5030821561813354,0.0,0.47619047619047616,0.9244944680222404
23,100,0.5452877879142761,0.0,0.7619047619047619,0.9418668419993192
23,101,0.4331413507461548,0.0,0.47619047619047616,0.9162037081454025
23,103,0.48281246423721313,0.0,0.9047619047619048,0.9440936879666333
23,104,0.47461849451065063,0.0,0.2857142857142857,0.9080883580026008
23,105,0.6115347146987915,0.0,0.38181818181818183,0.9710468873329758
23,106,0.6141342520713806,0.0,0.9130434782608696,0.9542150670728197
23,110,0.5308380722999573,0.0,0.30434782608695654,0.9842607359262321
23,111,0.5802028179168701,0.0,0.5675675675675675,0.9412345899150463
23,112,0.5178430676460266,0.0,0.2857142857142857,0.8559820919321053
23,113,0.5019415616989136,0.0,0.9130434782608696,0.9721184149461037
23,114,0.4389529824256897,0.0,0.6363636363636364,0.9808566638897275
23,115,0.5104649662971497,0.0,0.6176470588235294,0.9630579620075157
23,116,0.5174084901809692,0.0,0.35593220338983056,0.9650148729410047
23,117,0.42824435234069824,0.0,0.7619047619047619,0.9303100977492889
23,118,0.5606186389923096,0.0,0.65625,0.9266792196955675
23,119,0.6817596554756165,0.0,0.5675675675675675,0.9714078877838053
23,120,0.5800049901008606,0.0,0.09523809523809523,0.8076654919408727
23,121,0.5837693810462952,0.02564102564102564,0.5833333333333333,0.9832273284865337
23,123,0.6225584745407104,0.0,0.9545454545454546,0.9216619962797151
23,124,0.613875687122345,0.0,0.17796610169491522,0.9681647379088094
23,125,0.50279301404953,0.0,0.33333333333333337,0.9114706432168849
23,127,0.474334180355072,0.0,0.6666666666666667,0.9524678342624199
23,128,0.5643178224563599,0.0,0.4565217391304348,0.9906609675692651
23,129,0.5700578093528748,0.0,0.21649484536082475,0.9788123836419601
23,130,0.5681899785995483,0.0,0.7241379310344828,0.9652891359652351
23,131,0.4531993865966797,0.0,0.23809523809523814,0.8924872634907335
23,132,0.5484396815299988,0.0,0.4565217391304348,0.9607633516489371
23,133,0.34136322140693665,0.0,0.1428571428571429,0.8301034372969178
23,134,0.5704357624053955,0.0,0.19047619047619047,0.8802426513522523
23,136,0.47783392667770386,0.0,1.0,0.9537209345958665
23,137,0.6152878999710083,0.0,0.47619047619047616,0.9420806875222071
23,138,0.2278374284505844,0.0,0.1428571428571429,0.8606574776124417
23,139,0.3384692966938019,0.0,0.1428571428571429,0.8546345311524305
23,140,0.6012426018714905,0.0,0.33333333333333337,0.9529294711883525
23,144,0.6211584806442261,0.0,0.19047619047619047,0.8802426513522523
23,145,0.297726035118103,0.0,0.09523809523809523,0.8076654919408727
23,149,0.4886876046657562,0.0,0.19047619047619047,0.8794857252088589
23,150,0.6083461046218872,0.0,0.2727272727272727,0.9849427375450811
23,155,0.3220877945423126,0.0,0.23809523809523814,0.9325834587808356
24,25,0.6736171245574951,0.04838709677419355,0.9444444444444444,0.9922738064205187
24,26,0.4019860029220581,0.0,0.36111111111111116,0.9648859658894777
24,28,0.6738694906234741,0.02702702702702703,0.8,0.988437034944552
24,29,0.47022947669029236,0.0,0.2777777777777778,0.9813702974507099
24,30,0.6072024703025818,0.0,0.782608695652174,0.9851513753069165
24,31,0.6865090727806091,0.04477611940298507,1.0,0.9962911467614031
24,32,0.5094208121299744,0.0,0.5833333333333333,0.9874616090703301
24,35,0.34196165204048157,0.0,0.02777777777777779,0.8311604754499042
24,36,0.6326743960380554,0.0,0.5714285714285714,0.9942817481227548
24,37,0.4491492807865143,0.0,0.11111111111111116,0.96403639130385
24,38,0.5113191604614258,0.0,0.5555555555555556,0.992864243133307
24,42,0.3631419837474823,0.0,0.08333333333333337,0.9026766907802
24,43,0.5606030821800232,0.0,0.4044943820224719,0.9491310989217919
24,44,0.2916027009487152,0.02564102564102564,0.11111111111111116,0.9092149481981282
24,45,0.43244850635528564,0.0,0.11111111111111116,0.9466089808055325
24,47,0.3501289188861847,0.0,0.19444444444444442,0.9777882725765339
24,48,0.4159972071647644,0.0,0.08333333333333337,0.9484325623121039
24,49,0.43973007798194885,0.0,0.05555555555555558,0.9144201066022694
24,50,0.5519921183586121,0.0,0.4722222222222222,0.987507244823021
24,51,0.5866234302520752,0.0,0.9230769230769231,0.9965144295832347
24,52,0.5909608006477356,0.0,0.75,0.9740903564122266
24,53,0.5909608006477356,0.0,0.75,0.9740903564122266
24,54,0.6719861030578613,0.0,0.17647058823529416,0.9189808613951339
24,56,0.5138599872589111,0.0,0.5555555555555556,0.9956441356190792
24,57,0.39474454522132874,0.0,0.16666666666666663,0.9542076389561366
24,58,0.528717041015625,0.0,0.7777777777777778,0.998035888145745
24,59,0.42812904715538025,0.0,0.5833333333333333,0.9988014043467294
24,61,0.49874722957611084,0.0,0.2777777777777778,0.9651181253096979
24,63,0.36149826645851135,0.0,0.3055555555555556,0.9887580760747792
24,65,0.5100196003913879,0.0,0.36111111111111116,0.9936639550906368
24,67,0.4977586567401886,0.0,0.4722222222222222,0.9936365980616321
24,70,0.4684561491012573,0.0,0.08333333333333337,0.9385752424650247
24,71,0.4723208248615265,0.0,0.38888888888888884,0.9894455095420605
24,72,0.4927186369895935,0.0,0.4722222222222222,0.9477950472990024
24,73,0.5086086392402649,0.0,0.41666666666666663,0.9838945327894618
24,74,0.4362894892692566,0.0,0.9722222222222222,0.9905579854653657
24,75,0.590106725692749,0.0,0.7058823529411764,0.991675976169713
24,76,0.35710379481315613,0.0,0.05555555555555558,0.9287273630967571
24,77,0.4180040955543518,0.0,0.25,0.9773695427647877
24,78,0.5491052269935608,0.0,0.5806451612903225,0.9793677931724584
24,79,0.5602331757545471,0.0,0.5538461538461539,0.9677252048701958
24,80,0.5620285272598267,0.0,0.6428571428571428,0.9893507315728051
24,81,0.4955240786075592,0.014492753623188406,0.9444444444444444,0.9856282554771112
24,82,0.5661118030548096,0.0,0.7659574468085106,0.978905940786579
24,83,0.551306962966919,0.0,0.5070422535211268,0.9642208935576922
24,84,0.5573112964630127,0.0,0.6388888888888888,0.9948461894751874
24,85,0.5198147892951965,0.0,0.9473684210526316,0.9930823834127209
24,86,0.4524514973163605,0.0,0.08333333333333337,0.9460594908028331
24,87,0.5113537907600403,0.0,0.5555555555555556,0.9961904715296086
24,88,0.5123323202133179,0.0,0.33333333333333337,0.9831018857976973
24,89,0.4294424057006836,0.0,0.11111111111111116,0.968506453772142
24,90,0.5025467276573181,0.0,0.16666666666666663,0.9698403641430569
24,92,0.4451349675655365,0.0,0.6666666666666667,0.9896582521984505
24,93,0.5216841697692871,0.0,0.972972972972973,0.9975083595544464
24,94,0.5246644020080566,0.0,0.6666666666666667,0.9958414933661377
24,95,0.4530549645423889,0.0,0.2777777777777778,0.9607812924699853
24,96,0.5423810482025146,0.0,0.8571428571428572,0.9959791399008364
24,97,0.494293749332428,0.0,0.38888888888888884,0.9893216086830469
24,98,0.4432402551174164,0.0,0.13888888888888884,0.9716278818140502
24,99,0.48979344964027405,0.0,0.2777777777777778,0.9892477012149886
24,100,0.475000262260437,0.0,0.4444444444444444,0.9957276578248804
24,101,0.5408535003662109,0.0,0.2777777777777778,0.9864099274553249
24,103,0.436578631401062,0.0,0.5277777777777778,0.9986908347068392
24,104,0.3191143274307251,0.0,0.16666666666666663,0.9809208482126908
24,105,0.4613247513771057,0.0,0.6545454545454545,0.9942769890292811
24,106,0.5317369103431702,0.0,0.6388888888888888,0.9989754566030313
24,110,0.5409448146820068,0.0,0.5217391304347826,0.9771976625687379
24,111,0.5584818720817566,0.0,0.972972972972973,0.9978588479888254
24,112,0.5208418369293213,0.0,0.16666666666666663,0.9596945057645321
24,113,0.5064893364906311,0.0,0.6388888888888888,0.9947246547618129
24,114,0.4641786217689514,0.0,0.9166666666666666,0.9850792656776782
24,115,0.49372851848602295,0.0,0.9444444444444444,0.9954455688839147
24,116,0.5470566749572754,0.0,0.6101694915254237,0.9956388546856676
24,117,0.4754985272884369,0.0,0.4444444444444444,0.9945598880313369
24,118,0.49390777945518494,0.0,0.8888888888888888,0.9881715997944842
24,119,0.5084286332130432,0.0,0.972972972972973,0.9815862299425853
24,120,0.35326340794563293,0.0,0.05555555555555558,0.9144201066022694
24,121,0.5224230289459229,0.015151515151515152,1.0,0.9847180778606821
24,123,0.5523302555084229,0.0,0.6111111111111112,0.9869954872022793
24,124,0.5054861307144165,0.0,0.30508474576271183,0.9402781407432058
24,125,0.5189902186393738,0.0,0.19444444444444442,0.9819318111326765
24,127,0.4746973216533661,0.0,0.38888888888888884,0.9743119182503632
24,128,0.4984124004840851,0.0,0.782608695652174,0.9562556265503414
24,129,0.5432212352752686,0.0,0.3711340206185567,0.970013106785631
24,130,0.42878711223602295,0.0,0.8055555555555556,0.9944255914590582
24,131,0.4042259156703949,0.0,0.13888888888888884,0.9745105077829526
24,132,0.5555884838104248,0.0,0.782608695652174,0.9929332744161121
24,133,0.36488351225852966,0.0,0.08333333333333337,0.9214120918737042
24,134,0.4653206467628479,0.0,0.11111111111111116,0.96403639130385
24,136,0.5222234725952148,0.0,0.5833333333333333,0.9953588658293316
24,137,0.4914878308773041,0.0,0.2777777777777778,0.9926913933190676
24,138,0.35950967669487,0.0,0.08333333333333337,0.9358317676468421
24,139,0.42203426361083984,0.0,0.08333333333333337,0.9412671941088626
24,140,0.46285930275917053,0.0,0.19444444444444442,0.9779294713608161
24,144,0.39967861771583557,0.0,0.11111111111111116,0.96403639130385
24,145,0.3570941090583801,0.0,0.05555555555555558,0.9144201066022694
24,149,0.3720884323120117,0.0,0.11111111111111116,0.9584178299019136
24,150,0.6161100268363953,0.009009009009009009,0.4675324675324676,0.9536827245264856
24,155,0.38277459144592285,0.0,0.13888888888888884,0.9096522596650702
25,26,0.4259262681007385,0.0,0.38235294117647056,0.9821151242823101
25,28,0.6305138468742371,0.029850746268656716,0.7555555555555555,0.9991701858242857
25,29,0.43873172998428345,0.0,0.2941176470588235,0.9799115114771779
25,30,0.5477261543273926,0.0,0.7391304347826086,0.9982020026187042
25,31,0.6615644097328186,0.125,0.9444444444444444,0.9909316495186272
25,32,0.47005578875541687,0.0,0.6176470588235294,0.9897058623929172
25,35,0.36452391743659973,0.0,0.02941176470588236,0.7968637929561198
25,36,0.561087429523468,0.0,0.5396825396825398,0.9983473530849232
25,37,0.39057454466819763,0.0,0.11764705882352944,0.9411010884634908
25,38,0.48730894923210144,0.0,0.5882352941176471,0.9825215431854759
25,42,0.34368985891342163,0.0,0.08823529411764708,0.8854413751782589
25,43,0.5092944502830505,0.0,0.3820224719101124,0.979107391248375
25,44,0.2579527497291565,0.0,0.11764705882352944,0.8990103141927948
25,45,0.42260217666625977,0.0,0.11764705882352944,0.9126566062268849
25,47,0.33394482731819153,0.0,0.20588235294117652,0.9574735905181613
25,48,0.42668452858924866,0.0,0.08823529411764708,0.9268122102083609
25,49,0.4509742259979248,0.0,0.05882352941176472,0.8749033351630551
25,50,0.4766961336135864,0.0,0.5,0.9767413234864492
25,51,0.5447551012039185,0.0,0.8717948717948718,0.9984671117534516
25,52,0.524746835231781,0.0,0.7083333333333333,0.9939737329863134
25,53,0.524746835231781,0.0,0.7083333333333333,0.9939737329863134
25,54,0.6019030809402466,0.0,0.16666666666666663,0.9559648538706629
25,56,0.5132647156715393,0.0,0.5882352941176471,0.9970069837140396
25,57,0.3656078577041626,0.0,0.17647058823529416,0.9268420084995028
25,58,0.4853954315185547,0.0,0.8235294117647058,0.9970972645922325
25,59,0.4392698407173157,0.0,0.6176470588235294,0.9921437027144264
25,61,0.48722076416015625,0.0,0.2941176470588235,0.9621234880059906
25,63,0.33401381969451904,0.0,0.32352941176470584,0.9897024259383669
25,65,0.48103204369544983,0.0,0.38235294117647056,0.9832401632316446
25,67,0.42893528938293457,0.0,0.5,0.9822952898288296
25,70,0.42191797494888306,0.0,0.08823529411764708,0.9211868477676508
25,71,0.4683220684528351,0.0,0.4117647058823529,0.9967734840024576
25,72,0.47951367497444153,0.0,0.5,0.951611517209544
25,73,0.4853363037109375,0.0,0.4411764705882353,0.9830861482391302
25,74,0.43064868450164795,0.0,0.9714285714285714,0.9965688235093854
25,75,0.5320728421211243,0.0,0.6666666666666667,0.9966524235325125
25,76,0.3738219738006592,0.0,0.05882352941176472,0.9028585278098278
25,77,0.4121900200843811,0.0,0.2647058823529411,0.9882730466265772
25,78,0.5064875483512878,0.0,0.5483870967741935,0.9954588279567546
25,79,0.5159911513328552,0.0,0.523076923076923,0.9906308104387027
25,80,0.5127878785133362,0.0,0.6071428571428572,0.996703587512726
25,81,0.46187928318977356,0.0,1.0,0.9979843060832844
25,82,0.5471533536911011,0.0,0.7234042553191489,0.9950910097125072
25,83,0.5289653539657593,0.0,0.47887323943661975,0.9873431160942819
25,84,0.5499201416969299,0.0,0.6764705882352942,0.9982955642409324
25,85,0.5229213237762451,0.0,0.8947368421052632,0.9990826010460614
25,86,0.38334527611732483,0.0,0.08823529411764708,0.913191172495523
25,87,0.48565495014190674,0.0,0.5882352941176471,0.9864921906863452
25,88,0.49563485383987427,0.0,0.3529411764705882,0.960173905623783
25,89,0.4442874789237976,0.0,0.11764705882352944,0.9560966601496484
25,90,0.47930648922920227,0.0,0.17647058823529416,0.9482852188985043
25,92,0.4059790074825287,0.0,0.7058823529411764,0.9948488252859887
25,93,0.4746277332305908,0.0,0.9189189189189189,0.9969818058646902
25,94,0.49273738265037537,0.0,0.7058823529411764,0.9799414449166909
25,95,0.3952440917491913,0.0,0.2941176470588235,0.9365795059065105
25,96,0.43232861161231995,0.0,0.8095238095238095,0.9943934733455501
25,97,0.4839823246002197,0.0,0.4117647058823529,0.9676617774785918
25,98,0.40546905994415283,0.0,0.1470588235294118,0.9561821760787936
25,99,0.4722112715244293,0.0,0.2941176470588235,0.9726355958119827
25,100,0.4500989317893982,0.0,0.47058823529411764,0.9873851349748213
25,101,0.5185484886169434,0.0,0.2941176470588235,0.971302975871398
25,103,0.4454311430454254,0.0,0.5588235294117647,0.9888280350117781
25,104,0.28197216987609863,0.0,0.17647058823529416,0.9660471234863167
25,105,0.46391502022743225,0.0,0.6181818181818182,0.9994066006883815
25,106,0.5066109299659729,0.0,0.6764705882352942,0.9945635391109071
25,110,0.5495521426200867,0.0,0.49275362318840576,0.9942955706620465
25,111,0.5275079011917114,0.0,0.9189189189189189,0.9913020354632879
25,112,0.4902990460395813,0.0,0.17647058823529416,0.925046324291407
25,113,0.5103110671043396,0.0,0.6764705882352942,0.9989199382624414
25,114,0.49349212646484375,0.0,0.9705882352941176,0.9963123201420513
25,115,0.4900414049625397,0.0,1.0,0.9955080603986343
25,116,0.5000921487808228,0.0,0.576271186440678,0.9978880650703761
25,117,0.47156453132629395,0.0,0.47058823529411764,0.9827504515051404
25,118,0.491984099149704,0.0,0.9411764705882353,0.9745554492230848
25,119,0.4728763699531555,0.0,0.9189189189189189,0.989870003297057
25,120,0.2763793468475342,0.0,0.05882352941176472,0.8749033351630551
25,121,0.5245357751846313,0.01694915254237288,0.9444444444444444,0.9969871561938157
25,123,0.548136293888092,0.0,0.6470588235294117,0.9745180923164593
25,124,0.4620021879673004,0.0,0.288135593220339,0.9690970163213283
25,125,0.45095255970954895,0.0,0.20588235294117652,0.963437700009836
25,127,0.47296878695487976,0.0,0.4117647058823529,0.970368140296779
25,128,0.47425341606140137,0.0,0.7391304347826086,0.9808232612840118
25,129,0.5284324884414673,0.0,0.35051546391752575,0.9902288844474076
25,130,0.43580514192581177,0.0,0.8529411764705882,0.9938835055190943
25,131,0.35030803084373474,0.0,0.1470588235294118,0.9535162711773435
25,132,0.5587139129638672,0.0,0.7391304347826086,0.9978849321565763
25,133,0.39971470832824707,0.0,0.08823529411764708,0.8826108950309457
25,134,0.43252888321876526,0.0,0.11764705882352944,0.9411010884634908
25,136,0.5250087976455688,0.0,0.6176470588235294,0.9961871434675369
25,137,0.4654013216495514,0.0,0.2941176470588235,0.9842866478427261
25,138,0.3772677481174469,0.0,0.08823529411764708,0.906481982084062
25,139,0.43320026993751526,0.0,0.08823529411764708,0.9154556272184629
25,140,0.4712957441806793,0.0,0.20588235294117652,0.979700433292731
25,144,0.31587809324264526,0.0,0.11764705882352944,0.9411010884634908
25,145,0.3600611984729767,0.0,0.05882352941176472,0.8749033351630551
25,149,0.3604421615600586,0.0,0.11764705882352944,0.9390881152862345
25,150,0.5337321162223816,0.0,0.4415584415584416,0.9778166111221595
25,155,0.3785453736782074,0.0,0.1470588235294118,0.9322349989100507
26,28,0.6044600009918213,0.0,0.28888888888888886,0.9822910509058436
26,29,0.4269599914550781,0.0,0.7692307692307692,0.9726113121925132
26,30,0.6975974440574646,0.0,0.28260869565217395,0.9838016357350704
26,31,0.5877109169960022,0.0,0.36111111111111116,0.9610370724192389
26,32,0.6219866871833801,0.0,0.6190476190476191,0.9777929219413053
26,35,0.5989096760749817,0.0,0.07692307692307687,0.7857617264025213
26,36,0.713647186756134,0.0,0.2063492063492064,0.9795322971016841
26,37,0.36879128217697144,0.0,0.3076923076923077,0.9147079967123699
26,38,0.3798624277114868,0.0,0.65,0.9473450712551756
26,42,0.4080198407173157,0.0,0.23076923076923073,0.8679035249343172
26,43,0.500042200088501,0.0,0.1460674157303371,0.9852074099923837
26,44,0.24604937434196472,0.0,0.3076923076923077,0.9005513504003182
26,45,0.3243612051010132,0.0,0.3076923076923077,0.8944377530760078
26,47,0.41407471895217896,0.0,0.5384615384615384,0.9403292033897989
26,48,0.35562917590141296,0.0,0.23076923076923073,0.9007345048364264
26,49,0.4091351628303528,0.0,0.15384615384615385,0.8519824910335507
26,50,0.5330730676651001,0.0,0.7647058823529411,0.9505071797735322
26,51,0.5807411670684814,0.0,0.33333333333333337,0.975330826533409
26,52,0.5423465967178345,0.0,0.27083333333333337,0.9873476074565679
26,53,0.5423465967178345,0.0,0.27083333333333337,0.9873476074565679
26,54,0.7264743447303772,0.0,0.06372549019607843,0.973391380148803
26,56,0.5793597102165222,0.0,0.65,0.9821989051630798
26,57,0.4738556146621704,0.0,0.46153846153846156,0.8984577569873954
26,58,0.4520118534564972,0.0,0.4642857142857143,0.9709073126781472
26,59,0.5224208831787109,0.0,0.6190476190476191,0.9635741202361914
26,61,0.5630128383636475,0.0,0.7692307692307692,0.9596209804279455
26,63,0.32335954904556274,0.0,0.8461538461538461,0.9798021829996141
26,65,0.573907196521759,0.0,1.0,0.958704256276027
26,67,0.4327120780944824,0.0,0.7647058823529411,0.9655674923535947
26,70,0.4236907660961151,0.0,0.23076923076923073,0.9117503165927223
26,71,0.5132643580436707,0.0,0.9285714285714286,0.9842568220301173
26,72,0.4113558530807495,0.0,0.7647058823529411,0.9447565945234966
26,73,0.4186277687549591,0.0,0.8666666666666667,0.9681317769107578
26,74,0.5828834772109985,0.0,0.37142857142857144,0.9775991827903483
26,75,0.7154524922370911,0.0,0.2549019607843137,0.974068903225645
26,76,0.6044366359710693,0.0,0.15384615384615385,0.8818895157615532
26,77,0.3418079614639282,0.0,0.6923076923076923,0.9765605250600129
26,78,0.670500636100769,0.0,0.20967741935483875,0.9847889357852632
26,79,0.6226464509963989,0.0,0.19999999999999996,0.9798116258570397
26,80,0.5705825090408325,0.0,0.2321428571428571,0.987776958458957
26,81,0.6973288059234619,0.0,0.38235294117647056,0.9914686425533508
26,82,0.6514589786529541,0.0,0.276595744680851,0.9868203481669604
26,83,0.7129229307174683,0.0,0.18309859154929575,0.9777477306669917
26,84,0.5953546762466431,0.0,0.5652173913043479,0.9746360784254938
26,85,0.6330875158309937,0.0,0.3421052631578947,0.9858293512403754
26,86,0.36964845657348633,0.0,0.23076923076923073,0.8861283981763955
26,87,0.5445484519004822,0.0,0.65,0.965949084474299
26,88,0.6561269164085388,0.0,0.9230769230769231,0.9342923096226716
26,89,0.5393142104148865,0.0,0.3076923076923077,0.9304331801468304
26,90,0.5646228790283203,0.0,0.46153846153846156,0.9232934617533025
26,92,0.4356391727924347,0.0,0.5416666666666667,0.9903617871369557
26,93,0.639956533908844,0.0,0.3513513513513513,0.9757847489826338
26,94,0.5993166565895081,0.0,0.5416666666666667,0.9491457713958905
26,95,0.42357221245765686,0.0,0.7692307692307692,0.9062392728742031
26,96,0.3817301094532013,0.0,0.30952380952380953,0.9667919765851175
26,97,0.5633089542388916,0.0,0.9285714285714286,0.9388181738153162
26,98,0.5652340054512024,0.0,0.3846153846153846,0.929944821857969
26,99,0.6323238611221313,0.0,0.7692307692307692,0.9503326978736406
26,100,0.4887557029724121,0.0,0.8125,0.9610393832965906
26,101,0.5864686369895935,0.0,0.7692307692307692,0.9396761297189422
26,103,0.680984616279602,0.0,0.6842105263157895,0.9642094408576406
26,104,0.22115491330623627,0.0,0.46153846153846156,0.9370956812684214
26,105,0.7001975178718567,0.0,0.23636363636363633,0.9814557875979659
26,106,0.5530186295509338,0.0,0.5652173913043479,0.9715534208809737
26,110,0.6307588219642639,0.0,0.18840579710144922,0.9882196397693654
26,111,0.7365635633468628,0.0,0.3513513513513513,0.9602980961504877
26,112,0.6281004548072815,0.0,0.46153846153846156,0.8921101978385013
26,113,0.5456461310386658,0.0,0.5652173913043479,0.9842488776208994
26,114,0.5468783378601074,0.0,0.3939393939393939,0.9889652985383514
26,115,0.5002609491348267,0.0,0.38235294117647056,0.975681411172256
26,116,0.5637679696083069,0.0,0.22033898305084743,0.9764863330812606
26,117,0.5788024663925171,0.0,0.8125,0.9512889394895795
26,118,0.6550954580307007,0.0,0.40625,0.9498744540038142
26,119,0.5264257192611694,0.0,0.3513513513513513,0.9820918996018669
26,120,0.1008325144648552,0.0,0.15384615384615385,0.8519824910335507
26,121,0.6619741916656494,0.0,0.36111111111111116,0.9889014584883926
26,123,0.6078433990478516,0.0,0.5909090909090908,0.9456705157107339
26,124,0.560205340385437,0.0,0.11016949152542377,0.9674453690541326
26,125,0.42722052335739136,0.0,0.5384615384615384,0.9403917124484666
26,127,0.5615503191947937,0.0,0.9285714285714286,0.965259252418576
26,128,0.4789694547653198,0.0,0.28260869565217395,0.9874006985588205
26,129,0.6236754059791565,0.0,0.134020618556701,0.9818037962157613
26,130,0.6852986812591553,0.0,0.4482758620689655,0.9777196095330828
26,131,0.38723891973495483,0.0,0.3846153846153846,0.9242255607475856
26,132,0.6122834086418152,0.0,0.28260869565217395,0.9732432648199795
26,133,0.3394494354724884,0.0,0.23076923076923073,0.8699924543845126
26,134,0.4798811078071594,0.0,0.3076923076923077,0.9147079967123699
26,136,0.5998035669326782,0.0,0.6190476190476191,0.9684978090230718
26,137,0.5776126384735107,0.0,0.7692307692307692,0.9639339425420128
26,138,0.6549987196922302,0.0,0.23076923076923073,0.896438440889725
26,139,0.5592046976089478,0.14285714285714285,0.23076923076923073,0.8930433274117778
26,140,0.6469515562057495,0.09090909090909091,0.5384615384615384,0.9726371166281432
26,144,0.19315074384212494,0.0,0.3076923076923077,0.9147079967123699
26,145,0.5723850727081299,0.0,0.15384615384615385,0.8519824910335507
26,149,0.20917455852031708,0.0,0.3076923076923077,0.9095812872084029
26,150,0.6055868864059448,0.0,0.16883116883116878,0.9809388381368216
26,155,0.4246099591255188,0.0,0.3846153846153846,0.9464900107181249
28,29,0.4737938344478607,0.0,0.2222222222222222,0.9718174240199895
28,30,0.5759228467941284,0.0,0.9782608695652174,0.9997260824973364
28,31,0.6910325288772583,0.027777777777777776,0.8,0.9897551816523971
28,32,0.5254418253898621,0.0,0.4666666666666667,0.9836779878932564
28,35,0.3890323340892792,0.0,0.022222222222222254,0.7886692371518157
28,36,0.6320784091949463,0.0,0.7142857142857143,0.9983237818418418
28,37,0.4033380150794983,0.0,0.0888888888888889,0.934237106351383
28,38,0.524290919303894,0.0,0.4444444444444444,0.9802680176688388
28,42,0.2896917462348938,0.0,0.06666666666666665,0.8874926434706364
28,43,0.5762004256248474,0.0,0.5056179775280899,0.9829194897269782
28,44,0.3416462242603302,0.0,0.0888888888888889,0.8824178990341707
28,45,0.43926021456718445,0.0,0.0888888888888889,0.9016225008990316
28,47,0.3284483551979065,0.0,0.15555555555555556,0.9475849341925432
28,48,0.4447810649871826,0.0,0.06666666666666665,0.9139928930111035
28,49,0.45697852969169617,0.0,0.0444444444444444,0.8656993357146407
28,50,0.5324793457984924,0.0,0.37777777777777777,0.9755168754637221
28,51,0.615103542804718,0.0,0.8666666666666667,0.995848674538092
28,52,0.5913341641426086,0.0,0.9375,0.9951245079523013
28,53,0.5913341641426086,0.0,0.9375,0.9951245079523013
28,54,0.6599616408348083,0.0,0.22058823529411764,0.9596653170926469
28,56,0.592337965965271,0.0,0.4444444444444444,0.9942239997552467
28,57,0.4264545440673828,0.0,0.1333333333333333,0.9228407770894071
28,58,0.48555421829223633,0.0,0.6222222222222222,0.9939689778609866
28,59,0.4631885588169098,0.0,0.4666666666666667,0.9876688670526319
28,61,0.5510152578353882,0.0,0.2222222222222222,0.9513034714200758
28,63,0.42153802514076233,0.0,0.24444444444444446,0.9837101874526204
28,65,0.5906965732574463,0.0,0.28888888888888886,0.9794591539192016
28,67,0.5707743167877197,0.0,0.37777777777777777,0.9748700887482994
28,70,0.4604758322238922,0.0,0.06666666666666665,0.9063342216030795
28,71,0.48767468333244324,0.0,0.3111111111111111,0.9945356483734559
28,72,0.480337917804718,0.0,0.37777777777777777,0.9407221832609811
28,73,0.5074372887611389,0.0,0.33333333333333337,0.9751371685958176
28,74,0.4860560894012451,0.0,0.7777777777777778,0.9932079139934847
28,75,0.6155843734741211,0.0,0.8823529411764706,0.9976966135139322
28,76,0.4100838005542755,0.0,0.0444444444444444,0.8905543172128852
28,77,0.40477102994918823,0.0,0.19999999999999996,0.9868553876723989
28,78,0.596139132976532,0.0,0.7258064516129032,0.9983228508089633
28,79,0.6092657446861267,0.0,0.6923076923076923,0.9947215353837076
28,80,0.606321394443512,0.0,0.8035714285714286,0.9949088579829152
28,81,0.5596522688865662,0.0,0.7555555555555555,0.9980755387725055
28,82,0.6145338416099548,0.0,0.9574468085106383,0.9979135957402293
28,83,0.599436342716217,0.0,0.6338028169014085,0.9927078116582284
28,84,0.5969018936157227,0.0,0.5111111111111111,0.9968477109350694
28,85,0.5813230872154236,0.0,0.8444444444444444,0.9974801225176344
28,86,0.4875282645225525,0.0,0.06666666666666665,0.9026252602703807
28,87,0.5470743775367737,0.0,0.4444444444444444,0.9797499966931966
28,88,0.5749422311782837,0.0,0.2666666666666667,0.9544240104519508
28,89,0.48409101366996765,0.0,0.0888888888888889,0.9477863762120623
28,90,0.5286577939987183,0.0,0.1333333333333333,0.9358721191075081
28,92,0.4684494435787201,0.0,0.5333333333333333,0.9942590482546434
28,93,0.5528182983398438,0.0,0.8222222222222222,0.9934979561419847
28,94,0.5669394731521606,0.0,0.5333333333333333,0.9755386621903499
28,95,0.4794032573699951,0.0,0.2222222222222222,0.9342559136400148
28,96,0.5107128620147705,0.0,0.9333333333333333,0.9938401291520914
28,97,0.5477818846702576,0.0,0.3111111111111111,0.9614593894591034
28,98,0.46217629313468933,0.0,0.11111111111111116,0.9522484077843557
28,99,0.5144458413124084,0.0,0.2222222222222222,0.9669369439956685
28,100,0.5130552649497986,0.0,0.3555555555555555,0.980554204710209
28,101,0.5411553978919983,0.0,0.2222222222222222,0.9614639609878709
28,103,0.4901810884475708,0.0,0.4222222222222223,0.9838906180843026
28,104,0.3840785622596741,0.0,0.1333333333333333,0.9608029323970712
28,105,0.5486002564430237,0.0,0.8181818181818181,0.9982977219787498
28,106,0.5894573926925659,0.0,0.5111111111111111,0.9912145611822827
28,110,0.5853742957115173,0.0,0.6521739130434783,0.9972315775127468
28,111,0.5946827530860901,0.0,0.8222222222222222,0.989319890545674
28,112,0.531739354133606,0.0,0.1333333333333333,0.9158576407565452
28,113,0.5362038016319275,0.0,0.5111111111111111,0.9971060062866952
28,114,0.5046327114105225,0.0,0.7333333333333334,0.9978808301390305
28,115,0.4917794466018677,0.0,0.7555555555555555,0.9911913001055488
28,116,0.5460760593414307,0.0,0.7627118644067796,0.995409164335189
28,117,0.4991755485534668,0.0,0.3555555555555555,0.9751256203296164
28,118,0.5601999163627625,0.0,0.7111111111111111,0.9732193813030771
28,119,0.5658634901046753,0.0,0.8222222222222222,0.9927902675408606
28,120,0.35858848690986633,0.0,0.0444444444444444,0.8656993357146407
28,121,0.6129693388938904,0.014285714285714285,0.8,0.9956614154554427
28,123,0.5907117128372192,0.0,0.48888888888888893,0.9734120808105459
28,124,0.5547984838485718,0.0,0.3813559322033898,0.9779649617475336
28,125,0.5299596786499023,0.0,0.15555555555555556,0.9571889716294439
28,127,0.5439492464065552,0.0,0.3111111111111111,0.9607394347550827
28,128,0.4677586555480957,0.0,0.9782608695652174,0.9807724646471792
28,129,0.6116005182266235,0.0,0.4639175257731959,0.9949022082519782
28,130,0.5136278867721558,0.0,0.6444444444444444,0.9890561181692012
28,131,0.3951542377471924,0.0,0.11111111111111116,0.94565154667881
28,132,0.5884583592414856,0.0,0.9782608695652174,0.9982497246850619
28,133,0.3904687762260437,0.0,0.06666666666666665,0.8721106971472808
28,134,0.4982205331325531,0.0,0.0888888888888889,0.934237106351383
28,136,0.5676589012145996,0.0,0.4666666666666667,0.9924331667584184
28,137,0.5464650988578796,0.0,0.2222222222222222,0.9802251835507095
28,138,0.4136960804462433,0.0,0.06666666666666665,0.893643087135186
28,139,0.4763490557670593,0.0,0.06666666666666665,0.910520052129315
28,140,0.5405848622322083,0.0,0.15555555555555556,0.9784233496203013
28,144,0.3998444974422455,0.0,0.0888888888888889,0.934237106351383
28,145,0.41122668981552124,0.0,0.0444444444444444,0.8656993357146407
28,149,0.39562463760375977,0.0,0.0888888888888889,0.926349771464785
28,150,0.6299310326576233,0.0,0.5844155844155844,0.9772923586195947
28,155,0.41956186294555664,0.0,0.11111111111111116,0.9364730525930396
29,30,0.5168152451515198,0.0,0.21739130434782605,0.9690462586330308
29,31,0.4844880998134613,0.0,0.2777777777777778,0.9683419044941162
29,32,0.5430886149406433,0.0,0.47619047619047616,0.9954037596535088
29,35,0.3928779065608978,0.0,0.09999999999999998,0.823248575670756
29,36,0.5349560379981995,0.0,0.15873015873015872,0.9735292859952983
29,37,0.4597644805908203,0.0,0.4,0.9529139402570722
29,38,0.45719829201698303,0.0,0.5,0.9643537427323233
29,42,0.3530506193637848,0.0,0.30000000000000004,0.8609124642000512
29,43,0.5114114284515381,0.0,0.1123595505617978,0.9462786044494
29,44,0.23478050529956818,0.0,0.4,0.9673257483013746
29,45,0.44369539618492126,0.0,0.4,0.9459787510932319
29,47,0.38955387473106384,0.0,0.7,0.9836016240530336
29,48,0.3799361288547516,0.0,0.30000000000000004,0.9677844201800165
29,49,0.351870596408844,0.0,0.19999999999999996,0.9004542357652134
29,50,0.5077253580093384,0.0,0.5882352941176471,0.9581221672010475
29,51,0.6413055658340454,0.0,0.2564102564102564,0.983663347973752
29,52,0.5339497327804565,0.0,0.20833333333333337,0.968637257872568
29,53,0.5339497327804565,0.0,0.20833333333333337,0.968637257872568
29,54,0.5724990963935852,0.0,0.0490196078431373,0.9267280806200283
29,56,0.48697429895401,0.0,0.5,0.988421070911451
29,57,0.3966972231864929,0.0,0.6,0.9235237979454338
29,58,0.4679989218711853,0.0,0.3571428571428571,0.984390808783797
29,59,0.48988476395606995,0.0,0.47619047619047616,0.9854102858689411
29,61,0.4726307988166809,0.0,1.0,0.9955417683598495
29,63,0.3010781407356262,0.0,0.9090909090909091,0.9981763283867651
29,65,0.41207534074783325,0.0,0.7692307692307692,0.9771131515550728
29,67,0.5133383274078369,0.0,0.5882352941176471,0.99284855434165
29,70,0.46238431334495544,0.0,0.30000000000000004,0.9766585101776425
29,71,0.43198394775390625,0.0,0.7142857142857143,0.9881110873477531
29,72,0.5116980075836182,0.0,0.5882352941176471,0.9813247758519928
29,73,0.4988836646080017,0.0,0.6666666666666667,0.9977878106948964
29,74,0.5803362131118774,0.0,0.2857142857142857,0.9864549694695428
29,75,0.5274916887283325,0.0,0.196078431372549,0.966473002578823
29,76,0.4042285978794098,0.0,0.19999999999999996,0.9452426930814756
29,77,0.4786604940891266,0.0,0.9,0.97887155010615
29,78,0.5710460543632507,0.0,0.16129032258064513,0.9612047214763322
29,79,0.6128858327865601,0.0,0.15384615384615385,0.9514697996650507
29,80,0.5364863276481628,0.0,0.1785714285714286,0.9827216910428453
29,81,0.4118199944496155,0.0,0.2941176470588235,0.9785749581001462
29,82,0.5263190865516663,0.0,0.21276595744680848,0.9625430223076769
29,83,0.5264698266983032,0.0,0.14084507042253525,0.9431175443414735
29,84,0.5814026594161987,0.0,0.4347826086956522,0.9801121802951446
29,85,0.49905505776405334,0.0,0.26315789473684215,0.9836267162483286
29,86,0.43006324768066406,0.0,0.30000000000000004,0.9422948545921399
29,87,0.5730893015861511,0.0,0.5,0.9919664497680729
29,88,0.4841832220554352,0.0,0.8333333333333334,0.9623314714138506
29,89,0.45999008417129517,0.0,0.4,0.9755954698704712
29,90,0.4643743634223938,0.0,0.6,0.9832795022959676
29,92,0.4277946352958679,0.0,0.41666666666666663,0.9799345477782675
29,93,0.5109231472015381,0.0,0.2702702702702703,0.9866417048548893
29,94,0.5000532865524292,0.0,0.41666666666666663,0.971732859308341
29,95,0.42444032430648804,0.0,1.0,0.9235513594287672
29,96,0.45287400484085083,0.0,0.23809523809523814,0.9696052325501707
29,97,0.4303964078426361,0.0,0.7142857142857143,0.969554005291904
29,98,0.4024399220943451,0.0,0.5,0.954067832537931
29,99,0.4576224386692047,0.0,1.0,0.9763503197104706
29,100,0.40374165773391724,0.0,0.625,0.9923217610993705
29,101,0.5343142747879028,0.0,1.0,0.9891557966631255
29,103,0.4798707365989685,0.0,0.5263157894736843,0.98553955110968
29,104,0.37714019417762756,0.0,0.6,0.9678667616403341
29,105,0.4696280062198639,0.0,0.18181818181818177,0.979465282457092
29,106,0.511674165725708,0.0,0.4347826086956522,0.9846565608066363
29,110,0.5551586151123047,0.0,0.14492753623188404,0.9613514695256057
29,111,0.5133967995643616,0.0,0.2702702702702703,0.9715900461366141
29,112,0.49047383666038513,0.0,0.6,0.9421868443255276
29,113,0.7798787355422974,0.04,0.4347826086956522,0.9851494062808619
29,114,0.8188743591308594,0.029411764705882353,0.303030303030303,0.9701275141194396
29,115,0.8246662020683289,0.05,0.2941176470588235,0.9893201189290226
29,116,0.8352022171020508,0.015625,0.1694915254237288,0.9821400638698096
29,117,0.4472416937351227,0.0,0.625,0.9890976355555571
29,118,0.45328912138938904,0.0,0.3125,0.9553634732855554
29,119,0.42211490869522095,0.0,0.2702702702702703,0.9578435732035768
29,120,0.2549293339252472,0.0,0.19999999999999996,0.9004542357652134
29,121,0.4961290955543518,0.0,0.2777777777777778,0.9822056549724836
29,123,0.47100725769996643,0.0,0.4545454545454546,0.953752427289206
29,124,0.4416780471801758,0.0,0.0847457627118644,0.912951526505846
29,125,0.4408276677131653,0.0,0.7,0.971154035263222
29,127,0.47798585891723633,0.0,0.7142857142857143,0.9954036495781204
29,128,0.7832148671150208,0.024390243902439025,0.21739130434782605,0.9654319788441996
29,129,0.6112907528877258,0.0,0.1030927835051546,0.948888486261721
29,130,0.5285871624946594,0.0,0.3448275862068966,0.9914416540831186
29,131,0.36235010623931885,0.0,0.5,0.9676399386210928
29,132,0.5702662467956543,0.0,0.21739130434782605,0.9698938231032281
29,133,0.28694993257522583,0.0,0.30000000000000004,0.9169806140284964
29,134,0.41695651412010193,0.0,0.4,0.9529139402570722
29,136,0.5447560548782349,0.0,0.47619047619047616,0.9864670185464787
29,137,0.42244935035705566,0.0,1.0,0.9815705350623053
29,138,0.3939342796802521,0.0,0.30000000000000004,0.9535352848893295
29,139,0.4157238006591797,0.0,0.30000000000000004,0.9210412733013557
29,140,0.42567363381385803,0.0,0.7,0.972173654976665
29,144,0.3498583137989044,0.0,0.4,0.9529139402570722
29,145,0.3712860941886902,0.0,0.19999999999999996,0.9004542357652134
29,149,0.32633522152900696,0.0,0.4,0.976604189972879
29,150,0.514076828956604,0.0,0.1298701298701299,0.962065559748622
29,155,0.4839867949485779,0.0,0.5,0.910784629614879
30,31,0.6151746511459351,0.0,0.782608695652174,0.9875473232566669
30,32,0.547296941280365,0.0,0.4565217391304348,0.980978134408229
30,35,0.3748810887336731,0.0,0.021739130434782594,0.7867608237903053
30,36,0.6784898638725281,0.0,0.7301587301587302,0.9972657751399084
30,37,0.46720215678215027,0.0,0.08695652173913049,0.9307520789754004
30,38,0.49144524335861206,0.0,0.4347826086956522,0.9774596167231169
30,42,0.36987239122390747,0.0,0.06521739130434778,0.8883342604014169
30,43,0.5912175178527832,0.0,0.5168539325842696,0.9854284757847005
30,44,0.31673529744148254,0.0,0.08695652173913049,0.878004917488314
30,45,0.4118734896183014,0.0,0.08695652173913049,0.8961436945613397
30,47,0.3714827299118042,0.0,0.15217391304347827,0.9430082249570002
30,48,0.4574253261089325,0.0,0.06521739130434778,0.9091290944631525
30,49,0.44959375262260437,0.0,0.04347826086956519,0.860989676248343
30,50,0.6187070608139038,0.0,0.3695652173913043,0.9734695374950025
30,51,0.6292974352836609,0.0,0.8478260869565217,0.9936847167345683
30,52,0.6222188472747803,0.0,0.9583333333333334,0.9958030030645711
30,53,0.6222188472747803,0.0,0.9583333333333334,0.9958030030645711
30,54,0.6763424873352051,0.0,0.22549019607843135,0.9626637825923157
30,56,0.561108410358429,0.0,0.4347826086956522,0.9926765335603147
30,57,0.47489991784095764,0.0,0.13043478260869568,0.9194187120524749
30,58,0.5343765616416931,0.0,0.6086956521739131,0.9914768096824487
30,59,0.4948717951774597,0.0,0.4565217391304348,0.9844721521338583
30,61,0.5302072763442993,0.0,0.21739130434782605,0.9475662789188893
30,63,0.40688347816467285,0.0,0.23913043478260865,0.9813738894650235
30,65,0.563523530960083,0.0,0.28260869565217395,0.976784198734187
30,67,0.5490525364875793,0.0,0.3695652173913043,0.9707984466036234
30,70,0.4715268611907959,0.0,0.06521739130434778,0.90141037676213
30,71,0.47835537791252136,0.0,0.30434782608695654,0.9938783048641724
30,72,0.5049091577529907,0.0,0.3695652173913043,0.936780193582737
30,73,0.5056453943252563,0.0,0.32608695652173914,0.9718352310673272
30,74,0.5343154668807983,0.0,0.7608695652173914,0.9911586069165956
30,75,0.6216392517089844,0.0,0.9019607843137255,0.9970026912055836
30,76,0.4035400450229645,0.0,0.04347826086956519,0.8864971163163652
30,77,0.40922799706459045,0.0,0.19565217391304346,0.9875337357553569
30,78,0.6041147112846375,0.0,0.7419354838709677,0.9992534414353268
30,79,0.6236894726753235,0.0,0.7076923076923076,0.9964891012341233
30,80,0.6329920887947083,0.0,0.8214285714285714,0.9936976012136222
30,81,0.5918831825256348,0.0,0.7391304347826086,0.9982046137125904
30,82,0.6148536801338196,0.0,0.9787234042553191,0.999054057088556
30,83,0.630052924156189,0.0,0.647887323943662,0.9949729807295137
30,84,0.5868024230003357,0.0,0.5,0.9954439054481227
30,85,0.6318507194519043,0.0,0.8260869565217391,0.9962473436728267
30,86,0.4823130667209625,0.0,0.06521739130434778,0.8973440275944835
30,87,0.5327673554420471,0.0,0.4347826086956522,0.9757583211527356
30,88,0.6282902956008911,0.0,0.26086956521739135,0.9502425045575926
30,89,0.4827359616756439,0.0,0.08695652173913049,0.944814319166933
30,90,0.5329293608665466,0.0,0.13043478260869568,0.9301434283982782
30,92,0.513948380947113,0.0,0.5217391304347826,0.993943778225446
30,93,0.5842676162719727,0.0,0.8043478260869565,0.9909434027637845
30,94,0.5660374760627747,0.0,0.5217391304347826,0.9716576839230048
30,95,0.4816727340221405,0.0,0.21739130434782605,0.9311836197822365
30,96,0.5318147540092468,0.0,0.9130434782608696,0.9920919507967609
30,97,0.580710232257843,0.0,0.30434782608695654,0.956931089262148
30,98,0.5096970796585083,0.0,0.10869565217391308,0.9500997303428964
30,99,0.5488384366035461,0.0,0.21739130434782605,0.9633959172270398
30,100,0.5219345688819885,0.0,0.34782608695652173,0.9766235654345893
30,101,0.5325462222099304,0.0,0.21739130434782605,0.9561432334491834
30,103,0.5219720005989075,0.0,0.4130434782608695,0.9804565620865393
30,104,0.3449122905731201,0.0,0.13043478260869568,0.9578881340641773
30,105,0.5889012217521667,0.0,0.8363636363636364,0.9969190978784066
30,106,0.5718459486961365,0.0,0.5,0.9886792071145968
30,110,0.6140995621681213,0.0,0.6666666666666667,0.9983548399641701
30,111,0.6346070170402527,0.0,0.8043478260869565,0.9867010214937848
30,112,0.5956193804740906,0.0,0.13043478260869568,0.9098689848225521
30,113,0.5747256875038147,0.0,0.5,0.9958439863771741
30,114,0.5207263827323914,0.0,0.7173913043478262,0.9983462288963043
30,115,0.5324376821517944,0.0,0.7391304347826086,0.9884497641421778
30,116,0.5739906430244446,0.0,0.7796610169491526,0.9932119712499097
30,117,0.551170289516449,0.0,0.34782608695652173,0.9704823507634502
30,118,0.5903530716896057,0.0,0.6956521739130435,0.9707629422720816
30,119,0.6001320481300354,0.0,0.8043478260869565,0.9936156066109539
30,120,0.36367881298065186,0.0,0.04347826086956519,0.860989676248343
30,121,0.5628510117530823,0.0,0.782608695652174,0.9950570953062561
30,123,0.621155858039856,0.0,0.4782608695652174,0.9711104954870661
30,124,0.5597055554389954,0.0,0.38983050847457623,0.9820320962601793
30,125,0.516553521156311,0.0,0.15217391304347827,0.9537397927452228
30,127,0.5440192222595215,0.0,0.30434782608695654,0.9567934419784571
30,128,0.5495202541351318,0.0,1.0,0.98172339530777
30,129,0.6358952522277832,0.0,0.4742268041237113,0.9967066263250304
30,130,0.5225385427474976,0.0,0.6304347826086957,0.9862203188100491
30,131,0.379133015871048,0.0,0.10869565217391308,0.941552703854585
30,132,0.617226779460907,0.0,1.0,0.9972532195528034
30,133,0.3553413450717926,0.0,0.06521739130434778,0.8669993758391061
30,134,0.5292056202888489,0.0,0.08695652173913049,0.9307520789754004
30,136,0.5866284370422363,0.0,0.4565217391304348,0.9899181226789797
30,137,0.583925724029541,0.0,0.21739130434782605,0.977797336213183
30,138,0.3842816948890686,0.0,0.06521739130434778,0.8888712490873432
30,139,0.45781567692756653,0.0,0.06521739130434778,0.9080320415750283
30,140,0.5903955698013306,0.0,0.15217391304347827,0.9787857121825645
30,144,0.3979196548461914,0.0,0.08695652173913049,0.9307520789754004
30,145,0.39310118556022644,0.0,0.04347826086956519,0.860989676248343
30,149,0.33909329771995544,0.0,0.08695652173913049,0.9210530086284313
30,150,0.6222512722015381,0.0,0.5974025974025974,0.9777386468213717
30,155,0.4012277126312256,0.0,0.10869565217391308,0.9420595603145336
31,32,0.5089663863182068,0.0,0.5833333333333333,0.9746397666160745
31,35,0.40996918082237244,0.0,0.02777777777777779,0.8362548375856811
31,36,0.651183545589447,0.0,0.5714285714285714,0.9951151658698538
31,37,0.42395567893981934,0.0,0.11111111111111116,0.9680882313287793
31,38,0.5504429340362549,0.0,0.5555555555555556,0.9980008564074544
31,42,0.37814202904701233,0.0,0.08333333333333337,0.9250756664098625
31,43,0.5818140506744385,0.0,0.4044943820224719,0.9475063080965289
31,44,0.30687054991722107,0.0,0.11111111111111116,0.8838387688427763
31,45,0.39967718720436096,0.0,0.11111111111111116,0.9419822845852435
31,47,0.3199235200881958,0.0,0.19444444444444442,0.9692514846051333
31,48,0.47088468074798584,0.0,0.08333333333333337,0.9399002555240122
31,49,0.4701029062271118,0.0,0.05555555555555558,0.9189723733449525
31,50,0.5409138202667236,0.0,0.4722222222222222,0.995173431930715
31,51,0.6233441829681396,0.0,0.9230769230769231,0.9922547345231704
31,52,0.6164308190345764,0.0,0.75,0.9714784005736101
31,53,0.6164308190345764,0.0,0.75,0.9714784005736101
31,54,0.6571589708328247,0.0,0.17647058823529416,0.9115992278974769
31,56,0.5932703614234924,0.0,0.5555555555555556,0.9931671908493552
31,57,0.40645280480384827,0.0,0.16666666666666663,0.9643697026616823
31,58,0.4914555549621582,0.0,0.7777777777777778,0.9950080062549201
31,59,0.45099157094955444,0.0,0.5833333333333333,0.995542223674965
31,61,0.5509808659553528,0.0,0.2777777777777778,0.9442127897240726
31,63,0.36884114146232605,0.0,0.3055555555555556,0.979241246275712
31,65,0.563187837600708,0.0,0.36111111111111116,0.9954540080298235
31,67,0.5788300037384033,0.0,0.4722222222222222,0.9827579912520891
31,70,0.45290815830230713,0.0,0.08333333333333337,0.9209213956332746
31,71,0.4648740589618683,0.0,0.38888888888888884,0.9879847967412722
31,72,0.4836036264896393,0.0,0.4722222222222222,0.9215360304135602
31,73,0.48555004596710205,0.0,0.41666666666666663,0.9694346603046395
31,74,0.47394588589668274,0.0,0.9722222222222222,0.9824345274024867
31,75,0.6201493144035339,0.0,0.7058823529411764,0.9962709705366489
31,76,0.4433142840862274,0.0,0.05555555555555558,0.9242804603592295
31,77,0.40965956449508667,0.0,0.25,0.9798192723885375
31,78,0.6241002678871155,0.0,0.5806451612903225,0.9829464455980298
31,79,0.6288444995880127,0.0,0.5538461538461539,0.9727926032901432
31,80,0.6182680130004883,0.0,0.6428571428571428,0.9826656584405871
31,81,0.5602561831474304,0.0,0.9444444444444444,0.9843118311128718
31,82,0.6320765018463135,0.0,0.7659574468085106,0.9828385166857571
31,83,0.6053312420845032,0.0,0.5070422535211268,0.972351061915911
31,84,0.6092334985733032,0.0,0.6388888888888888,0.9956278454833394
31,85,0.587291955947876,0.0,0.9473684210526316,0.9891414765534202
31,86,0.4719685912132263,0.0,0.08333333333333337,0.9448781215543024
31,87,0.5297273993492126,0.0,0.5555555555555556,0.9862413376269488
31,88,0.5690643191337585,0.0,0.33333333333333337,0.9837609952474545
31,89,0.5050271153450012,0.0,0.11111111111111116,0.9669415238261586
31,90,0.5710951685905457,0.0,0.16666666666666663,0.9567902245183414
31,92,0.4384000599384308,0.0,0.6666666666666667,0.9896341427016981
31,93,0.5487735867500305,0.0,0.972972972972973,0.9915155873899193
31,94,0.5759308934211731,0.0,0.6666666666666667,0.9953334554351729
31,95,0.4259430468082428,0.0,0.2777777777777778,0.9724731363219601
31,96,0.523954451084137,0.0,0.8571428571428572,0.999459528920624
31,97,0.5483242869377136,0.0,0.38888888888888884,0.9875536025972295
31,98,0.4999481737613678,0.0,0.13888888888888884,0.9795953780295921
31,99,0.5065550208091736,0.0,0.2777777777777778,0.9885350584656531
31,100,0.48670756816864014,0.0,0.4444444444444444,0.9873223123449434
31,101,0.5677486062049866,0.0,0.2777777777777778,0.9749905754668923
31,103,0.48916923999786377,0.0,0.5277777777777778,0.9947662836347269
31,104,0.3092848062515259,0.0,0.16666666666666663,0.9848000150512092
31,105,0.524036705493927,0.0,0.6545454545454545,0.9916861121477932
31,106,0.5567426681518555,0.0,0.6388888888888888,0.9969056295655933
31,110,0.6016653776168823,0.0,0.5217391304347826,0.9799759584314289
31,111,0.6114184260368347,0.0,0.972972972972973,0.9997240475207619
31,112,0.5686746835708618,0.0,0.16666666666666663,0.9586974434311745
31,113,0.5562074184417725,0.0,0.6388888888888888,0.9927079333383045
31,114,0.49836623668670654,0.0,0.9166666666666666,0.9880765016520352
31,115,0.5063607096672058,0.0,0.9444444444444444,0.9869247270032638
31,116,0.5531103014945984,0.0,0.6101694915254237,0.9901749403933318
31,117,0.5508017539978027,0.0,0.4444444444444444,0.9855235079909614
31,118,0.5508351922035217,0.0,0.8888888888888888,0.9941024894722881
31,119,0.5374885201454163,0.0,0.972972972972973,0.989150121303176
31,120,0.3285275101661682,0.0,0.05555555555555558,0.9189723733449525
31,121,0.6179758310317993,0.015625,1.0,0.9787885573644394
31,123,0.598822295665741,0.0,0.6111111111111112,0.9949212796619867
31,124,0.5464961528778076,0.0,0.30508474576271183,0.9547881375906285
31,125,0.5372311472892761,0.0,0.19444444444444442,0.9827143039970578
31,127,0.5430363416671753,0.0,0.38888888888888884,0.9544711752410076
31,128,0.45852863788604736,0.0,0.782608695652174,0.9469338650712389
31,129,0.6089289784431458,0.0,0.3711340206185567,0.9765093244578992
31,130,0.47027719020843506,0.0,0.8055555555555556,0.9845883425056887
31,131,0.3837205171585083,0.0,0.13888888888888884,0.9746204730661228
31,132,0.5980618000030518,0.0,0.782608695652174,0.9960424042133593
31,133,0.39174509048461914,0.0,0.08333333333333337,0.9201394646921466
31,134,0.5062628388404846,0.0,0.11111111111111116,0.9680882313287793
31,136,0.5895899534225464,0.0,0.5833333333333333,0.9913508266984744
31,137,0.5450584888458252,0.0,0.2777777777777778,0.9935928369449953
31,138,0.4469163119792938,0.0,0.08333333333333337,0.9274373892470766
31,139,0.508892834186554,0.0,0.08333333333333337,0.9513151318576474
31,140,0.5354912281036377,0.0,0.19444444444444442,0.9840857319909625
31,144,0.38200417160987854,0.0,0.11111111111111116,0.9680882313287793
31,145,0.4380611181259155,0.0,0.05555555555555558,0.9189723733449525
31,149,0.329677551984787,0.0,0.11111111111111116,0.9476618121594522
31,150,0.649837851524353,0.0,0.4675324675324676,0.9421581854667553
31,155,0.44934096932411194,0.0,0.13888888888888884,0.9225081469488975
32,35,0.5430111885070801,0.0,0.04761904761904767,0.7942383445727307
32,36,0.6316093802452087,0.0,0.33333333333333337,0.9841062463622298
32,37,0.3974328339099884,0.0,0.19047619047619047,0.9363766973834611
32,38,0.5045619010925293,0.0,0.9523809523809523,0.9664294965023612
32,42,0.329045832157135,0.0,0.1428571428571429,0.8486348080842175
32,43,0.5633223056793213,0.0,0.2359550561797753,0.9647073741345666
32,44,0.26026540994644165,0.0,0.19047619047619047,0.9440512781210152
32,45,0.3652099072933197,0.0,0.19047619047619047,0.9243723251152237
32,47,0.36056944727897644,0.0,0.33333333333333337,0.9705325736946969
32,48,0.4175398349761963,0.0,0.1428571428571429,0.9452086570725997
32,49,0.45081886649131775,0.0,0.09523809523809523,0.8743216313609398
32,50,0.5397919416427612,0.0,0.8095238095238095,0.9578630593683919
32,51,0.6561974287033081,0.0,0.5384615384615384,0.9929065514798663
32,52,0.6167408227920532,0.0,0.4375,0.9831707096563024
32,53,0.6167408227920532,0.0,0.4375,0.9831707096563024
32,54,0.6757224202156067,0.0,0.1029411764705882,0.9487222319448092
32,56,0.6095438599586487,0.0,0.9523809523809523,0.99182652756969
32,57,0.5095105171203613,0.0,0.2857142857142857,0.9108480293619516
32,58,0.49705177545547485,0.0,0.75,0.9910998165084315
32,59,0.4904756546020508,0.0,1.0,0.9884564046722908
32,61,0.5824196338653564,0.0,0.47619047619047616,0.9902510572067124
32,63,0.3249073326587677,0.0,0.5238095238095238,0.9976026237328048
32,65,0.5874842405319214,0.0,0.6190476190476191,0.9746444600152673
32,67,0.5229440331459045,0.0,0.8095238095238095,0.9921998237643022
32,70,0.4756390154361725,0.0,0.1428571428571429,0.9538225072464043
32,71,0.409598708152771,0.0,0.6666666666666667,0.9906488413563403
32,72,0.5509955883026123,0.0,0.8095238095238095,0.9840743586083053
32,73,0.5557164549827576,0.0,0.7142857142857143,0.9982665903247546
32,74,0.5233092904090881,0.0,0.6,0.9965819513481884
32,75,0.6248445510864258,0.0,0.4117647058823529,0.9768441206338848
32,76,0.6074414253234863,0.0,0.09523809523809523,0.9171485952736805
32,77,0.4182701110839844,0.0,0.4285714285714286,0.9776515133636636
32,78,0.6217541098594666,0.0,0.33870967741935487,0.9752378097722839
32,79,0.6811039447784424,0.0,0.32307692307692304,0.9673726497777643
32,80,0.6238751411437988,0.0,0.375,0.9937856649463334
32,81,0.5972949862480164,0.0,0.6176470588235294,0.9878593107584588
32,82,0.6556267738342285,0.0,0.44680851063829785,0.9751020453606963
32,83,0.6515303254127502,0.0,0.295774647887324,0.9592106866411695
32,84,0.6337083578109741,0.0,0.9130434782608696,0.9865750921645434
32,85,0.6380622386932373,0.0,0.5526315789473684,0.992945119009261
32,86,0.4762580990791321,0.0,0.1428571428571429,0.9199693379591503
32,87,0.5982867479324341,0.0,0.9523809523809523,0.9937051205167272
32,88,0.6265637874603271,0.0,0.5714285714285714,0.9555918466612893
32,89,0.5588630437850952,0.0,0.19047619047619047,0.9597571723180033
32,90,0.5955913066864014,0.0,0.2857142857142857,0.969220030630906
32,92,0.4999361038208008,0.0,0.875,0.9848695535604512
32,93,0.6479895710945129,0.0,0.5675675675675675,0.9946959586280427
32,94,0.5799192190170288,0.0,0.875,0.9728824342604433
32,95,0.4407302737236023,0.0,0.47619047619047616,0.9157035741846159
32,96,0.42565464973449707,0.0,0.5,0.9775765308414415
32,97,0.5932512283325195,0.0,0.6666666666666667,0.9653943323134444
32,98,0.5626823306083679,0.0,0.23809523809523814,0.9425591703208285
32,99,0.5368954539299011,0.0,0.47619047619047616,0.9699631771507117
32,100,0.5903494954109192,0.0,0.7619047619047619,0.9929740949298236
32,101,0.5988004207611084,0.0,0.47619047619047616,0.9845837620220995
32,103,0.5507153868675232,0.0,0.9047619047619048,0.9869445015710268
32,104,0.28751513361930847,0.0,0.2857142857142857,0.9580736306733396
32,105,0.5597872138023376,0.0,0.38181818181818183,0.9903475824791611
32,106,0.6246507167816162,0.0,0.9130434782608696,0.9885066637794707
32,110,0.6602969169616699,0.0,0.30434782608695654,0.975343923289398
32,111,0.6442364454269409,0.0,0.5675675675675675,0.9778615699071548
32,112,0.6010218858718872,0.0,0.2857142857142857,0.9275765132733036
32,113,0.6047549247741699,0.0,0.9130434782608696,0.9914589235682904
32,114,0.5585817098617554,0.0,0.6363636363636364,0.9794806757707869
32,115,0.5508342981338501,0.0,0.6176470588235294,0.9972269572825606
32,116,0.593054473400116,0.0,0.35593220338983056,0.9931633635042633
32,117,0.6202006340026855,0.0,0.7619047619047619,0.9895145609587613
32,118,0.5900402665138245,0.0,0.65625,0.9571180597384861
32,119,0.5310760736465454,0.0,0.5675675675675675,0.966321101096416
32,120,0.1731640249490738,0.0,0.09523809523809523,0.8743216313609398
32,121,0.6461107134819031,0.0,0.5833333333333333,0.9931359596330417
32,123,0.6099178194999695,0.0,0.9545454545454546,0.9546119627190108
32,124,0.4932757318019867,0.0,0.17796610169491522,0.9304453335328238
32,125,0.4927685558795929,0.0,0.33333333333333337,0.9606124894181516
32,127,0.6155864000320435,0.0,0.6666666666666667,0.9944923352391745
32,128,0.5084236264228821,0.0,0.4565217391304348,0.9802663152724422
32,129,0.6649845838546753,0.0,0.21649484536082475,0.964673301153501
32,130,0.5555758476257324,0.0,0.7241379310344828,0.9982337312369957
32,131,0.385713666677475,0.0,0.23809523809523814,0.9537326851381277
32,132,0.6571054458618164,0.0,0.4565217391304348,0.9803597586944335
32,133,0.43949705362319946,0.0,0.1428571428571429,0.8911978929232988
32,134,0.4902908205986023,0.0,0.19047619047619047,0.9363766973834611
32,136,0.6500552892684937,0.0,1.0,0.9922955034467869
32,137,0.6037688255310059,0.0,0.47619047619047616,0.9777911294457191
32,138,0.5524042844772339,0.0,0.1428571428571429,0.9266452772747505
32,139,0.5891409516334534,0.0,0.1428571428571429,0.9021749979819107
32,140,0.618195652961731,0.0,0.33333333333333337,0.9659328478090607
32,144,0.26317161321640015,0.0,0.19047619047619047,0.9363766973834611
32,145,0.522585391998291,0.0,0.09523809523809523,0.8743216313609398
32,149,0.31517913937568665,0.0,0.19047619047619047,0.9586809262775858
32,150,0.6178077459335327,0.0,0.2727272727272727,0.9793582391035796
32,155,0.5088217854499817,0.0,0.23809523809523814,0.9060600045196865
35,36,0.7899409532546997,0.0,0.015873015873015928,0.8081065129531428
35,37,0.4130236506462097,0.0,0.25,0.914431310087237
35,38,0.4624747931957245,0.0,0.050000000000000044,0.851625723677835
35,42,0.3625781834125519,0.0,0.33333333333333337,0.9424108117684866
35,43,0.6087242364883423,0.0,0.011235955056179803,0.7130454049598821
35,44,0.2782340943813324,0.0,0.25,0.8126650413382093
35,45,0.2838517725467682,0.0,0.25,0.9003238230620567
35,47,0.4528067708015442,0.0,0.1428571428571429,0.8766022350199718
35,48,0.4590890109539032,0.0,0.33333333333333337,0.8886039291601721
35,49,0.6063100695610046,0.0,0.5,0.9393939393939393
35,50,0.7428393959999084,0.0,0.05882352941176472,0.8621991344395485
35,51,0.7574081420898438,0.0,0.02564102564102566,0.8054425436827237
35,52,0.7546404600143433,0.0,0.02083333333333337,0.7524973065865904
35,53,0.7546404600143433,0.0,0.02083333333333337,0.7524973065865904
35,54,0.7846143245697021,0.0,0.004901960784313708,0.6581391969455755
35,56,0.8005839586257935,0.0,0.050000000000000044,0.8263070923475445
35,57,0.5945021510124207,0.0,0.16666666666666663,0.8999159030851623
35,58,0.5223007202148438,0.0,0.0357142857142857,0.8162479870325359
35,59,0.6283659934997559,0.0,0.04761904761904767,0.8344640333873324
35,61,0.7628983855247498,0.0,0.09999999999999998,0.7992551394008283
35,63,0.3529217839241028,0.0,0.09090909090909094,0.818864952686304
35,65,0.7157596349716187,0.0,0.07692307692307687,0.8622179232698235
35,67,0.5210220813751221,0.0,0.05882352941176472,0.8364180552070176
35,70,0.575840413570404,0.0,0.33333333333333337,0.8588770405519943
35,71,0.6147682666778564,0.0,0.0714285714285714,0.8178804173549884
35,72,0.5035251379013062,0.0,0.05882352941176472,0.7413565624350507
35,73,0.5185964107513428,0.0,0.06666666666666665,0.804435386477674
35,74,0.5559433698654175,0.0,0.02857142857142858,0.7859315817445218
35,75,0.8887119293212891,0.0,0.019607843137254943,0.8093204940159237
35,76,0.9029448628425598,0.0,0.5,0.9328708673705111
35,77,0.3516428470611572,0.0,0.11111111111111116,0.8425237001788536
35,78,0.7764958143234253,0.0,0.016129032258064502,0.7761743232780788
35,79,0.7512417435646057,0.0,0.01538461538461533,0.7505665477478005
35,80,0.7573122978210449,0.0,0.017857142857142905,0.7864805449258933
35,81,0.9193974137306213,0.0,0.02941176470588236,0.7900835139843143
35,82,0.7338463664054871,0.0,0.021276595744680882,0.7822660592610071
35,83,0.8667846918106079,0.0,0.014084507042253502,0.7542428741543569
35,84,0.7911027073860168,0.0,0.04347826086956519,0.8161597039407874
35,85,0.855015754699707,0.0,0.02631578947368418,0.7986867013514674
35,86,0.46910715103149414,0.0,0.33333333333333337,0.911173372099127
35,87,0.6387898325920105,0.0,0.050000000000000044,0.8306160539438525
35,88,0.8420811295509338,0.0,0.08333333333333337,0.8793976533758003
35,89,0.6968743801116943,0.0,0.25,0.894845907007804
35,90,0.7854366898536682,0.0,0.16666666666666663,0.8583655609985241
35,92,0.4650326073169708,0.0,0.04166666666666663,0.8201074866129848
35,93,0.8360390067100525,0.0,0.027027027027026973,0.8096974115921038
35,94,0.7895768880844116,0.0,0.04166666666666663,0.8564144702634293
35,95,0.5405879020690918,0.0,0.09999999999999998,0.8852290718263776
35,96,0.4273007810115814,0.0,0.023809523809523836,0.8257879351023754
35,97,0.7267637252807617,0.0,0.0714285714285714,0.8723988810856153
35,98,0.7700978517532349,0.0,0.19999999999999996,0.9081142623526846
35,99,0.8641877174377441,0.0,0.09999999999999998,0.8743322719110558
35,100,0.624860405921936,0.0,0.0625,0.8313887144062784
35,101,0.779437780380249,0.0,0.09999999999999998,0.837488539531865
35,103,0.8334025144577026,0.0,0.052631578947368474,0.8435140480154614
35,104,0.18559901416301727,0.0,0.16666666666666663,0.891887184717825
35,105,0.917186975479126,0.0,0.018181818181818188,0.7984153990907975
35,106,0.7646545171737671,0.0,0.04347826086956519,0.8335774200076119
35,110,0.8310023546218872,0.0,0.01449275362318836,0.7706559735495407
35,111,0.8562664985656738,0.0,0.027027027027026973,0.8360850381521089
35,112,0.8220936059951782,0.0,0.16666666666666663,0.889342728421342
35,113,0.703082799911499,0.0,0.04347826086956519,0.8132994234145347
35,114,0.6896163821220398,0.0,0.030303030303030276,0.797015081814413
35,115,0.5768510699272156,0.0,0.02941176470588236,0.8036836150464339
35,116,0.6176866292953491,0.0,0.016949152542372836,0.7986131375312318
35,117,0.816906750202179,0.0,0.0625,0.8323021238080773
35,118,0.8832610845565796,0.0,0.03125,0.8605326068415756
35,119,0.6887634992599487,0.0,0.027027027027026973,0.8135389879766097
35,120,0.08685857057571411,0.0,0.5,0.9393939393939393
35,121,0.8878681659698486,0.0,0.02777777777777779,0.7752587692614915
35,123,0.7979212999343872,0.0,0.045454545454545414,0.8624280439082971
35,124,0.6074173450469971,0.0,0.008474576271186418,0.7348980233021054
35,125,0.6463356018066406,0.0,0.1428571428571429,0.8914232412972188
35,127,0.8000203967094421,0.0,0.0714285714285714,0.7930346093975122
35,128,0.48767828941345215,0.0,0.021739130434782594,0.7205822092335703
35,129,0.7811189889907837,0.0,0.010309278350515427,0.7611653471675153
35,130,0.8714979290962219,0.0,0.03448275862068961,0.8036854743816533
35,131,0.4482008218765259,0.0,0.19999999999999996,0.8947572685745792
35,132,0.798841118812561,0.0,0.021739130434782594,0.8066488880644217
35,133,0.4395046830177307,0.0,0.33333333333333337,0.9141115459507145
35,134,0.6999267339706421,0.0,0.25,0.914431310087237
35,136,0.799129843711853,0.0,0.04761904761904767,0.8111127186092225
35,137,0.7711026668548584,0.0,0.09999999999999998,0.8606659565932703
35,138,0.917186975479126,0.0,0.33333333333333337,0.9078586488800958
35,139,0.7692086696624756,0.0,0.33333333333333337,0.9403414537764438
35,140,0.8890259265899658,0.0,0.1428571428571429,0.8747938547086546
35,144,0.18453200161457062,0.0,0.25,0.914431310087237
35,145,0.81607586145401,0.0,0.5,0.9393939393939393
35,149,0.18736189603805542,0.0,0.25,0.8645555975709982
35,150,0.773402214050293,0.0,0.012987012987012991,0.7078004638602532
35,155,0.5460091829299927,0.0,0.19999999999999996,0.8660254037844386
36,37,0.5151472687721252,0.0,0.06349206349206349,0.9465294273007538
36,38,0.4906356930732727,0.0,0.31746031746031744,0.9872899437860978
36,42,0.3681022524833679,0.0,0.04761904761904767,0.9016570553998852
36,43,0.5775560736656189,0.0,0.7078651685393258,0.9737366977379011
36,44,0.2759040296077728,0.0,0.06349206349206349,0.8853361025641289
36,45,0.3948236405849457,0.0,0.06349206349206349,0.9189415864950183
36,47,0.33441561460494995,0.0,0.11111111111111116,0.9581275071796571
36,48,0.4364502429962158,0.0,0.04761904761904767,0.922630833876863
36,49,0.37613850831985474,0.0,0.031746031746031744,0.8863701525401249
36,50,0.5354682207107544,0.0,0.2698412698412699,0.984009125928192
36,51,0.6424412727355957,0.0,0.6190476190476191,0.9971188521995269
36,52,0.5774968266487122,0.0,0.7619047619047619,0.9893224269808397
36,53,0.5774968266487122,0.0,0.7619047619047619,0.9893224269808397
36,54,0.759299635887146,0.0,0.3088235294117647,0.947443698290358
36,56,0.5436463952064514,0.0,0.31746031746031744,0.9963172247296839
36,57,0.46812060475349426,0.0,0.09523809523809523,0.9388422020921166
36,58,0.47379329800605774,0.0,0.4444444444444444,0.9962514506629273
36,59,0.4518465995788574,0.0,0.33333333333333337,0.992308251739003
36,61,0.5038567781448364,0.0,0.15873015873015872,0.9530498035253292
36,63,0.3995794653892517,0.0,0.17460317460317465,0.9848096951276695
36,65,0.5203870534896851,0.0,0.2063492063492064,0.9867331400899586
36,67,0.5631065368652344,0.0,0.2698412698412699,0.9819314317966162
36,70,0.43684762716293335,0.0,0.04761904761904767,0.9130873566188976
36,71,0.47734811902046204,0.0,0.2222222222222222,0.9935374590285997
36,72,0.4082513153553009,0.0,0.2698412698412699,0.9383329063083456
36,73,0.4888022840023041,0.0,0.23809523809523814,0.9760181270280692
36,74,0.5346153974533081,0.0,0.5555555555555556,0.9921954463179425
36,75,0.6296526789665222,0.0,0.8095238095238095,0.998877903962706
36,76,0.31563058495521545,0.0,0.031746031746031744,0.9022824882014838
36,77,0.3586811125278473,0.0,0.1428571428571429,0.9842168200054353
36,78,0.6133787631988525,0.0,0.9841269841269842,0.9951221555833901
36,79,0.6261400580406189,0.0,0.9692307692307692,0.9880481551826523
36,80,0.608028769493103,0.0,0.8888888888888888,0.9948691687731424
36,81,0.5755380392074585,0.0,0.5396825396825398,0.9960678699434564
36,82,0.6030124425888062,0.009174311926605505,0.746031746031746,0.9948229367872954
36,83,0.6288049817085266,0.007518796992481203,0.8873239436619719,0.9865867798991897
36,84,0.5588172078132629,0.0,0.3650793650793651,0.9975296333170777
36,85,0.5921759605407715,0.0,0.6031746031746033,0.9977927087897412
36,86,0.5158919095993042,0.0,0.04761904761904767,0.9186122422102904
36,87,0.5313060283660889,0.0,0.31746031746031744,0.9858862035980431
36,88,0.5893635153770447,0.0,0.19047619047619047,0.9677357794909792
36,89,0.425372451543808,0.0,0.06349206349206349,0.9535066402977764
36,90,0.45702219009399414,0.0,0.09523809523809523,0.9451205246181945
36,92,0.46622538566589355,0.0,0.38095238095238093,0.996165255029319
36,93,0.5618569254875183,0.0,0.5873015873015873,0.9959775014036817
36,94,0.5737485885620117,0.0,0.38095238095238093,0.985297437095193
36,95,0.46807849407196045,0.0,0.15873015873015872,0.9491970475305159
36,96,0.5460043549537659,0.0,0.6666666666666667,0.9975703343614131
36,97,0.5683047771453857,0.0,0.2222222222222222,0.9736818201201692
36,98,0.46725302934646606,0.0,0.07936507936507942,0.9617948516920974
36,99,0.594958484172821,0.0,0.15873015873015872,0.9769661525812848
36,100,0.4776139557361603,0.0,0.25396825396825395,0.9852218866875339
36,101,0.4695332646369934,0.0,0.15873015873015872,0.9678777668288503
36,103,0.5119023323059082,0.0,0.3015873015873016,0.9904976818432006
36,104,0.38006672263145447,0.0,0.09523809523809523,0.9692158297050372
36,105,0.6232949495315552,0.0,0.873015873015873,0.9989553472765205
36,106,0.533888578414917,0.0,0.3650793650793651,0.9956341658123311
36,110,0.5421435832977295,0.0,0.9130434782608696,0.9938982968010084
36,111,0.5778457522392273,0.0,0.5873015873015873,0.9949285152600085
36,112,0.5662140250205994,0.0,0.09523809523809523,0.9332316989951622
36,113,0.5140690207481384,0.0,0.3650793650793651,0.9980677452522576
36,114,0.45955872535705566,0.0,0.5238095238095238,0.9970422518243326
36,115,0.4663478136062622,0.0,0.5396825396825398,0.9930859758884825
36,116,0.5413041710853577,0.0,0.9365079365079365,0.9968356121574643
36,117,0.5047589540481567,0.0,0.25396825396825395,0.9809283690164482
36,118,0.5661180019378662,0.0,0.5079365079365079,0.9836279815042422
36,119,0.5977853536605835,0.0,0.5873015873015873,0.9942269540957769
36,120,0.42896878719329834,0.0,0.031746031746031744,0.8863701525401249
36,121,0.5729492902755737,0.0,0.5714285714285714,0.9929666424534462
36,123,0.6115105748176575,0.0,0.3492063492063492,0.9827625884740939
36,124,0.5900564193725586,0.0,0.5338983050847458,0.9707744539333611
36,125,0.5029110312461853,0.0,0.11111111111111116,0.9678213882274784
36,127,0.5160468220710754,0.0,0.2222222222222222,0.9635070871979741
36,128,0.46765655279159546,0.0,0.7301587301587302,0.9729447306580123
36,129,0.6077993512153625,0.0,0.6494845360824743,0.990315609305914
36,130,0.5354562401771545,0.0,0.46031746031746035,0.9913504500566148
36,131,0.42271021008491516,0.0,0.07936507936507942,0.9561847177059426
36,132,0.5979121923446655,0.0,0.7301587301587302,0.9989482318126648
36,133,0.30782851576805115,0.0,0.04761904761904767,0.8927925477316245
36,134,0.5262293815612793,0.0,0.06349206349206349,0.9465294273007538
36,136,0.5299004912376404,0.0,0.33333333333333337,0.9931871049633544
36,137,0.5709668397903442,0.0,0.15873015873015872,0.9864876726421288
36,138,0.3441539406776428,0.0,0.04761904761904767,0.9081762910018543
36,139,0.4282698929309845,0.0,0.04761904761904767,0.9256668827861113
36,140,0.5701403617858887,0.0,0.11111111111111116,0.9813331267867131
36,144,0.42758217453956604,0.0,0.06349206349206349,0.9465294273007538
36,145,0.32793954014778137,0.0,0.031746031746031744,0.8863701525401249
36,149,0.41843223571777344,0.0,0.06349206349206349,0.9335067287220327
36,150,0.6303654313087463,0.0,0.8181818181818181,0.9692771013877174
36,155,0.35809409618377686,0.0,0.07936507936507942,0.9321898286117979
37,38,0.4855772852897644,0.0,0.19999999999999996,0.9793127084273355
37,42,0.3204028308391571,0.0,0.75,0.953704984754373
37,43,0.5103335380554199,0.0,0.0449438202247191,0.8644730530625877
37,44,0.29360729455947876,0.0,1.0,0.9134015823971878
37,45,0.46246016025543213,0.0,1.0,0.9887356112971218
37,47,0.6417117714881897,0.0,0.5714285714285714,0.9864073159533925
37,48,0.4013287425041199,0.0,0.75,0.9807118773656652
37,49,0.4174845218658447,0.0,0.5,0.9848188561855247
37,50,0.47855323553085327,0.0,0.23529411764705888,0.9824972664789691
37,51,0.6015967726707458,0.0,0.10256410256410253,0.9466227621167153
37,52,0.7516465187072754,0.0,0.08333333333333337,0.9030866129200652
37,53,0.7516465187072754,0.0,0.08333333333333337,0.9030866129200652
37,54,0.7266548871994019,0.0,0.019607843137254943,0.814731337565177
37,56,0.5250470042228699,0.0,0.19999999999999996,0.9611282666173959
37,57,0.4760807454586029,0.0,0.6666666666666667,0.9917368381462474
37,58,0.5444139242172241,0.0,0.1428571428571429,0.9571604578473575
37,59,0.4358316659927368,0.0,0.19047619047619047,0.969478466728044
37,61,0.5371404886245728,0.0,0.4,0.9292001485806703
37,63,0.4138162136077881,0.0,0.36363636363636365,0.954373784342428
37,65,0.4315488338470459,0.0,0.3076923076923077,0.9855436860705501
37,67,0.49186310172080994,0.0,0.23529411764705888,0.9653634712469197
37,70,0.6904593706130981,0.0,0.75,0.9566032394250724
37,71,0.6634794473648071,0.0,0.2857142857142857,0.9545619332867892
37,72,0.5801082849502563,0.0,0.23529411764705888,0.8833890742902675
37,73,0.6123050451278687,0.0,0.2666666666666667,0.9421221492762843
37,74,0.5222721099853516,0.0,0.11428571428571432,0.9311664326237681
37,75,0.6827797293663025,0.0,0.07843137254901966,0.9488194811912852
37,76,0.30492836236953735,0.0,0.5,0.9832391998365062
37,77,0.5917928814888,0.0,0.4444444444444444,0.9548707260977091
37,78,0.553947925567627,0.0,0.06451612903225812,0.9199545472504024
37,79,0.5471980571746826,0.0,0.06153846153846154,0.9018812046588571
37,80,0.5685346722602844,0.0,0.0714285714285714,0.9284706987617154
37,81,0.6879343390464783,0.0,0.11764705882352944,0.9324085162769375
37,82,0.5703980922698975,0.0,0.08510638297872342,0.9231877932095484
37,83,0.5667552947998047,0.0,0.05633802816901412,0.9019049789085013
37,84,0.5375572443008423,0.0,0.17391304347826086,0.9566792102355549
37,85,0.5270583629608154,0.0,0.10526315789473684,0.9405266589536356
37,86,0.4787236452102661,0.0,0.75,0.9943984593381783
37,87,0.4670587182044983,0.0,0.19999999999999996,0.9628883797732051
37,88,0.5717604756355286,0.0,0.33333333333333337,0.991177540538672
37,89,0.3973127007484436,0.0,1.0,0.9889905356358576
37,90,0.49958300590515137,0.0,0.6666666666666667,0.9758146209349059
37,92,0.4290619492530823,0.0,0.16666666666666663,0.9522187877558004
37,93,0.6146286725997925,0.0,0.10810810810810811,0.9494454100363158
37,94,0.5566275119781494,0.0,0.16666666666666663,0.9803472878997131
37,95,0.46593379974365234,0.0,0.4,0.9871155734037135
37,96,0.6872933506965637,0.0,0.09523809523809523,0.9612747667546199
37,97,0.5959561467170715,0.0,0.2857142857142857,0.9878483541536356
37,98,0.5882040858268738,0.0,0.8,0.996724241073955
37,99,0.6698724627494812,0.0,0.4,0.9906623220830453
37,100,0.358695387840271,0.0,0.25,0.9661558879813789
37,101,0.6425682306289673,0.0,0.4,0.9692343966996114
37,103,0.4291175603866577,0.0,0.21052631578947367,0.9740982004992598
37,104,0.33737048506736755,0.0,0.6666666666666667,0.9958860412073258
37,105,0.5003112554550171,0.0,0.07272727272727275,0.9406894138369692
37,106,0.4780835211277008,0.0,0.17391304347826086,0.9677926647603053
37,110,0.5638086795806885,0.0,0.05797101449275366,0.9159715119230237
37,111,0.5694168210029602,0.0,0.10810810810810811,0.9681165039162958
37,112,0.6888460516929626,0.0,0.6666666666666667,0.9913329344243131
37,113,0.4765769839286804,0.0,0.17391304347826086,0.9525487525160239
37,114,0.432866632938385,0.0,0.12121212121212122,0.9379993063096773
37,115,0.5003175735473633,0.0,0.11764705882352944,0.9441089045226797
37,116,0.5259867906570435,0.0,0.06779661016949157,0.9400198011234291
37,117,0.6033105850219727,0.0,0.25,0.9670607203682015
37,118,0.4971234202384949,0.0,0.125,0.9781840970794861
37,119,0.5852727293968201,0.0,0.10810810810810811,0.9445092602228945
37,120,0.35385534167289734,0.0,0.5,0.9848188561855247
37,121,0.5295321345329285,0.0,0.11111111111111116,0.9220216730611978
37,123,0.5301525592803955,0.0,0.18181818181818177,0.9811021300660969
37,124,0.572565495967865,0.0,0.03389830508474578,0.8796591488256413
37,125,0.6496322154998779,0.0,0.5714285714285714,0.9962969979769326
37,127,0.4256232678890228,0.0,0.2857142857142857,0.9302554745136247
37,128,0.6399046778678894,0.0,0.08695652173913049,0.872852575985926
37,129,0.5315388441085815,0.0,0.04123711340206182,0.9078697988197252
37,130,0.5639810562133789,0.0,0.13793103448275867,0.9441117733634742
37,131,0.6756386756896973,0.0,0.8,0.9975747672225995
37,132,0.556794285774231,0.0,0.08695652173913049,0.9480113692189938
37,133,0.3055720925331116,0.0,0.75,0.981112137329572
37,134,0.40513843297958374,0.0,1.0,1.0
37,136,0.5515905618667603,0.0,0.19047619047619047,0.9541985905843705
37,137,0.436173677444458,0.0,0.4,0.9850208233149517
37,138,0.3047672212123871,0.0,0.75,0.9824754252566029
37,139,0.3609309792518616,0.0,0.75,0.993629429463044
37,140,0.4052455425262451,0.0,0.5714285714285714,0.976929579556967
37,144,0.443415105342865,0.0,1.0,1.0
37,145,0.2943620979785919,0.0,0.5,0.9848188561855247
37,149,0.3460693061351776,0.0,1.0,0.9753199913198175
37,150,0.7512837648391724,0.0,0.051948051948051965,0.8624229323162608
37,155,0.3209174871444702,0.0,0.8,0.904639390673717
38,42,0.2717536389827728,0.0,0.15000000000000002,0.9346365418533579
38,43,0.4726811945438385,0.0,0.2247191011235955,0.9278809587451838
38,44,0.285305917263031,0.0,0.19999999999999996,0.8865308978522319
38,45,0.3670913577079773,0.0,0.19999999999999996,0.9544952398008142
38,47,0.3651532828807831,0.0,0.35,0.9745575451531456
38,48,0.3765659034252167,0.0,0.15000000000000002,0.9515032771275701
38,49,0.3448013365268707,0.0,0.09999999999999998,0.9368101815700942
38,50,0.45623937249183655,0.0,0.85,0.997380935619971
38,51,0.4962213933467865,0.0,0.5128205128205128,0.9851540574506467
38,52,0.5097403526306152,0.0,0.41666666666666663,0.9570205711626356
38,53,0.5097403526306152,0.0,0.41666666666666663,0.9570205711626356
38,54,0.6123508214950562,0.0,0.0980392156862745,0.8864861814657617
38,56,0.49247732758522034,0.0,1.0,0.9880134776311137
38,57,0.3547288477420807,0.0,0.30000000000000004,0.9759888879643791
38,58,0.39742445945739746,0.0,0.7142857142857143,0.9903621937031479
38,59,0.40554293990135193,0.0,0.9523809523809523,0.9938265151576186
38,61,0.45514053106307983,0.0,0.5,0.9386201797135637
38,63,0.4210384488105774,0.0,0.55,0.9741447041569016
38,65,0.4576304852962494,0.0,0.65,0.9972766592817085
38,67,0.47643589973449707,0.0,0.85,0.9801376465235186
38,70,0.4340680241584778,0.0,0.15000000000000002,0.9278225766199989
38,71,0.43803852796554565,0.0,0.7,0.9822877958268884
38,72,0.4431788921356201,0.0,0.85,0.9108139043175894
38,73,0.4798249304294586,0.0,0.75,0.9638615410154203
38,74,0.4700621962547302,0.0,0.5714285714285714,0.9729656084455893
38,75,0.4863058626651764,0.0,0.3921568627450981,0.9898275698599301
38,76,0.34624940156936646,0.0,0.09999999999999998,0.9387345748140786
38,77,0.3710929751396179,0.0,0.44999999999999996,0.9756681461230358
38,78,0.48625048995018005,0.0,0.32258064516129037,0.9710173548089737
38,79,0.4702604413032532,0.0,0.3076923076923077,0.9594389551943867
38,80,0.47906678915023804,0.0,0.3571428571428571,0.9711123220327359
38,81,0.47143587470054626,0.0,0.5882352941176471,0.9736085607919225
38,82,0.5017975568771362,0.0,0.42553191489361697,0.9712756620427752
38,83,0.49789971113204956,0.0,0.2816901408450704,0.9592530341760348
38,84,0.4977112412452698,0.0,0.8695652173913043,0.9908114935394198
38,85,0.49557337164878845,0.0,0.5263157894736843,0.9799065051586663
38,86,0.3694027364253998,0.0,0.15000000000000002,0.95966352253734
38,87,0.4546658992767334,0.0,1.0,0.9830210987493754
38,88,0.4469512104988098,0.0,0.6,0.9895106205088117
38,89,0.38482025265693665,0.0,0.19999999999999996,0.9750189894469332
38,90,0.43748611211776733,0.0,0.30000000000000004,0.9633280690863592
38,92,0.4307686388492584,0.0,0.8333333333333334,0.9819405997147419
38,93,0.4582943022251129,0.0,0.5405405405405406,0.9846976328425094
38,94,0.45919162034988403,0.0,0.8333333333333334,0.9967084296590537
38,95,0.426760733127594,0.0,0.5,0.9818899422755591
38,96,0.4305969178676605,0.0,0.47619047619047616,0.9956983920177224
38,97,0.4598781168460846,0.0,0.7,0.9918541385589478
38,98,0.392007052898407,0.0,0.25,0.9878755788078859
38,99,0.44589391350746155,0.0,0.5,0.9923794889135734
38,100,0.4497990608215332,0.0,0.8,0.9857218253529048
38,101,0.431445837020874,0.0,0.5,0.9773710522352065
38,103,0.46661561727523804,0.0,0.95,0.9935516906891688
38,104,0.3780045509338379,0.0,0.30000000000000004,0.991952174001961
38,105,0.48650282621383667,0.0,0.36363636363636365,0.9828088419395313
38,106,0.45907488465309143,0.0,0.8695652173913043,0.9937745573210359
38,110,0.5043460130691528,0.0,0.28985507246376807,0.9670667516660515
38,111,0.4883386492729187,0.0,0.5405405405405406,0.9977191501063696
38,112,0.45416077971458435,0.0,0.30000000000000004,0.971068645447008
38,113,0.4267420768737793,0.0,0.8695652173913043,0.9858615880588707
38,114,0.4180392324924469,0.0,0.6060606060606061,0.9785341216239877
38,115,0.48464369773864746,0.0,0.5882352941176471,0.9793942757824077
38,116,0.45276474952697754,0.0,0.3389830508474576,0.9816127924737456
38,117,0.4221990704536438,0.0,0.8,0.9852791009271159
38,118,0.4507649838924408,0.0,0.625,0.9950400744030211
38,119,0.5226606726646423,0.0,0.5405405405405406,0.9812941786923335
38,120,0.29536867141723633,0.0,0.09999999999999998,0.9368101815700942
38,121,0.4657799303531647,0.0,0.5555555555555556,0.966720282909552
38,123,0.5182802081108093,0.0,0.9090909090909091,0.9972667574216346
38,124,0.4794716238975525,0.0,0.1694915254237288,0.9402403180673793
38,125,0.4736116826534271,0.0,0.35,0.9892086933841323
38,127,0.43834537267684937,0.0,0.7,0.9475249158108979
38,128,0.46790701150894165,0.0,0.4347826086956522,0.9283142250040136
38,129,0.5459350347518921,0.0,0.20618556701030932,0.9634209730436541
38,130,0.4663243293762207,0.0,0.6896551724137931,0.9769046532414913
38,131,0.3829277455806732,0.0,0.25,0.984117220298326
38,132,0.5065196752548218,0.0,0.4347826086956522,0.9896164532499617
38,133,0.3378107249736786,0.0,0.15000000000000002,0.9350831749122313
38,134,0.379386842250824,0.0,0.19999999999999996,0.9793127084273355
38,136,0.47980037331581116,0.0,0.9523809523809523,0.987000256028846
38,137,0.44760027527809143,0.0,0.5,0.9950213600716864
38,138,0.3387482762336731,0.0,0.15000000000000002,0.9395796784784252
38,139,0.3963127136230469,0.0,0.15000000000000002,0.9643369434237155
38,140,0.4297415614128113,0.0,0.35,0.9837431492621345
38,144,0.3572476804256439,0.0,0.19999999999999996,0.9793127084273355
38,145,0.3244270086288452,0.0,0.09999999999999998,0.9368101815700942
38,149,0.3501989245414734,0.0,0.19999999999999996,0.956954853784949
38,150,0.48687416315078735,0.0,0.2597402597402597,0.9225303917281564
38,155,0.37315934896469116,0.0,0.25,0.9152674790156372
42,43,0.37123820185661316,0.0,0.0337078651685393,0.8218263813405203
42,44,0.07582330703735352,0.0,0.75,0.782696504189202
42,45,0.3369622528553009,0.0,0.75,0.9190836938326302
42,47,0.3025185465812683,0.0,0.4285714285714286,0.9048323927778478
42,48,0.2418307512998581,0.0,1.0,0.8889094325265199
42,49,0.21515941619873047,0.0,0.6666666666666667,0.9518255051927473
42,50,0.38326382637023926,0.0,0.17647058823529416,0.9497123638182949
42,51,0.38179728388786316,0.0,0.07692307692307687,0.883189827201411
42,52,0.37550902366638184,0.0,0.0625,0.8494353201469417
42,53,0.37550902366638184,0.0,0.0625,0.8494353201469417
42,54,0.4651840627193451,0.0,0.014705882352941124,0.7625635331005451
42,56,0.2712448537349701,0.0,0.15000000000000002,0.901712285827687
42,57,0.29131224751472473,0.0,0.5,0.9651372089388686
42,58,0.2538132071495056,0.0,0.1071428571428571,0.8927503510766703
42,59,0.40273991227149963,0.0,0.1428571428571429,0.9027264529773038
42,61,0.310213565826416,0.0,0.30000000000000004,0.8178026533449692
42,63,0.35849180817604065,0.0,0.2727272727272727,0.8721296292357991
42,65,0.2856108546257019,0.0,0.23076923076923073,0.9333023566578712
42,67,0.3311265707015991,0.0,0.17647058823529416,0.8837762653503597
42,70,0.27180415391921997,0.0,1.0,0.8441850843074336
42,71,0.2616802752017975,0.0,0.2142857142857143,0.894663807047489
42,72,0.3228934705257416,0.0,0.17647058823529416,0.7587476470901735
42,73,0.3056325316429138,0.0,0.19999999999999996,0.8455623066008559
42,74,0.41409286856651306,0.0,0.08571428571428574,0.8574126873089504
42,75,0.42937424778938293,0.0,0.05882352941176472,0.9106512427255978
42,76,0.1601223200559616,0.0,0.6666666666666667,0.9180423756569929
42,77,0.28192654252052307,0.0,0.33333333333333337,0.9109226327092431
42,78,0.42426976561546326,0.0,0.048387096774193505,0.8847206646360989
42,79,0.47622355818748474,0.0,0.0461538461538461,0.8669929521755225
42,80,0.3752969801425934,0.0,0.0535714285714286,0.8666440338046586
42,81,0.34286174178123474,0.0,0.08823529411764708,0.881644602366108
42,82,0.41505730152130127,0.0,0.06382978723404253,0.8893952298414023
42,83,0.41505730152130127,0.0,0.04225352112676062,0.8777325033924034
42,84,0.3673349618911743,0.0,0.13043478260869568,0.9020170980454413
42,85,0.35789990425109863,0.0,0.07894736842105265,0.8816252137915896
42,86,0.30367857217788696,0.0,1.0,0.9298419505315139
42,87,0.28344613313674927,0.0,0.15000000000000002,0.8829768263223866
42,88,0.5100612044334412,0.0,0.25,0.9387656516552566
42,89,0.3226264417171478,0.0,0.75,0.921599295587158
42,90,0.30188170075416565,0.0,0.5,0.8731631353838604
42,92,0.28852108120918274,0.0,0.125,0.90712882691927
42,93,0.35352182388305664,0.0,0.08108108108108103,0.8823145178955889
42,94,0.43352165818214417,0.0,0.125,0.9255579039250988
42,95,0.304395467042923,0.0,0.30000000000000004,0.9649514767899356
42,96,0.3507951498031616,0.0,0.0714285714285714,0.9182408086861871
42,97,0.3662818372249603,0.0,0.2142857142857143,0.9288198178904806
42,98,0.45698484778404236,0.0,0.6,0.964408101660357
42,99,0.3761993944644928,0.0,0.30000000000000004,0.9324627845964776
42,100,0.21295779943466187,0.0,0.1875,0.8839514055841757
42,101,0.29114148020744324,0.0,0.30000000000000004,0.8719065780496801
42,103,0.39544010162353516,0.0,0.1578947368421053,0.9084524822365818
42,104,0.28547385334968567,0.0,0.5,0.9462823811393997
42,105,0.4187107980251312,0.0,0.054545454545454564,0.8852807779745445
42,106,0.29369622468948364,0.0,0.13043478260869568,0.9080060606353494
42,110,0.4133929908275604,0.0,0.04347826086956519,0.8799020067190386
42,111,0.3731355369091034,0.0,0.08108108108108103,0.9199060989382691
42,112,0.3675760328769684,0.0,0.5,0.9273359379367561
42,113,0.3602473735809326,0.0,0.13043478260869568,0.8953011739288113
42,114,0.3891998827457428,0.0,0.09090909090909094,0.8992076636894144
42,115,0.3811739385128021,0.0,0.08823529411764708,0.8701920142761469
42,116,0.38110318779945374,0.0,0.05084745762711862,0.8767524864285858
42,117,0.2947959005832672,0.0,0.1875,0.8812374129095744
42,118,0.3995983898639679,0.0,0.09375,0.9470696088376583
42,119,0.4534319341182709,0.0,0.08108108108108103,0.9223596978349621
42,120,0.21766065061092377,0.0,0.6666666666666667,0.9518255051927473
42,121,0.31765010952949524,0.0,0.08333333333333337,0.8582039290291869
42,123,0.4495154917240143,0.0,0.13636363636363635,0.9506377938382518
42,124,0.39248695969581604,0.0,0.025423728813559365,0.877923775320116
42,125,0.2969723045825958,0.0,0.4285714285714286,0.9416107347143834
42,127,0.24088798463344574,0.0,0.2142857142857143,0.8236381440407459
42,128,0.3491406738758087,0.0,0.06521739130434778,0.8061925396518719
42,129,0.4713246822357178,0.0,0.030927835051546393,0.8811735813920891
42,130,0.3145004212856293,0.0,0.10344827586206895,0.8670842584478179
42,131,0.20367111265659332,0.0,0.6,0.9343223970628853
42,132,0.387042760848999,0.0,0.06521739130434778,0.9039993500281525
42,133,0.24079185724258423,0.0,1.0,0.9289033877584383
42,134,0.2838672697544098,0.0,0.75,0.953704984754373
42,136,0.3626067638397217,0.0,0.1428571428571429,0.8832570793738037
42,137,0.2739326059818268,0.0,0.30000000000000004,0.9291765955502119
42,138,0.27312517166137695,0.0,1.0,0.90469431049347
42,139,0.3037910759449005,0.0,1.0,0.9780310641200302
42,140,0.3779616355895996,0.0,0.4285714285714286,0.9458949470308269
42,144,0.3188910186290741,0.0,0.75,0.953704984754373
42,145,0.18213267624378204,0.0,0.6666666666666667,0.9518255051927473
42,149,0.22844405472278595,0.0,0.75,0.872867532434826
42,150,0.5136125087738037,0.0,0.038961038961038974,0.7906264075361281
42,155,0.2639453113079071,0.0,0.6,0.9282604543135893
43,44,0.3738909959793091,0.0,0.0449438202247191,0.8511333060338852
43,45,0.4843449890613556,0.0,0.0449438202247191,0.8272179325887119
43,47,0.3083016872406006,0.0,0.0786516853932584,0.8928729841196864
43,48,0.5299891233444214,0.0,0.0337078651685393,0.849989130773232
43,49,0.4801103472709656,0.0,0.022471910112359605,0.7775396242878376
43,50,0.6218402981758118,0.0,0.1910112359550562,0.923746594265498
43,51,0.6784732937812805,0.0,0.4382022471910112,0.9695879342568136
43,52,0.6571701765060425,0.0,0.5393258426966292,0.9950791348129172
43,53,0.6571701765060425,0.0,0.5393258426966292,0.9950791348129172
43,54,0.6975748538970947,0.0,0.4362745098039216,0.9941048928586613
43,56,0.636432409286499,0.0,0.2247191011235955,0.966374466113366
43,57,0.47534504532814026,0.0,0.0674157303370787,0.846841383517577
43,58,0.5755777955055237,0.0,0.3146067415730337,0.9613934883843014
43,59,0.48659518361091614,0.0,0.2359550561797753,0.9467674483143957
43,61,0.5829900503158569,0.0,0.1123595505617978,0.9308393255497963
43,63,0.4914815127849579,0.0,0.1235955056179775,0.9591768893525685
43,65,0.6121432185173035,0.0,0.1460674157303371,0.9306888270439857
43,67,0.6054898500442505,0.0,0.1910112359550562,0.9368483063569407
43,70,0.4535415768623352,0.0,0.0337078651685393,0.8582033608682925
43,71,0.5607065558433533,0.0,0.1573033707865169,0.9722747914715308
43,72,0.48014071583747864,0.0,0.1910112359550562,0.9331895771302354
43,73,0.49573826789855957,0.0,0.1685393258426966,0.9507773630363021
43,74,0.48968127369880676,0.0,0.3932584269662921,0.9753510823747685
43,75,0.6675922274589539,0.0,0.5730337078651686,0.9700821059984628
43,76,0.3927866518497467,0.0,0.022471910112359605,0.8203397005570442
43,77,0.3599871098995209,0.0,0.101123595505618,0.964907710487004
43,78,0.6517258286476135,0.0,0.696629213483146,0.9891200426541814
43,79,0.6557579636573792,0.0,0.7303370786516854,0.9922595432692799
43,80,0.6737329959869385,0.0,0.6292134831460674,0.9822467400040803
43,81,0.5584402680397034,0.0,0.3820224719101124,0.9869833641093331
43,82,0.7047770619392395,0.0,0.5280898876404494,0.9887659015688148
43,83,0.7244221568107605,0.0,0.797752808988764,0.9893909840897785
43,84,0.6151220202445984,0.0,0.2584269662921348,0.9671462533424069
43,85,0.6194868683815002,0.0,0.4269662921348315,0.9789731447786341
43,86,0.5525827407836914,0.0,0.0337078651685393,0.8232670236640597
43,87,0.5656730532646179,0.0,0.2247191011235955,0.9424644973172611
43,88,0.6268386244773865,0.0,0.1348314606741573,0.8917921940253503
43,89,0.500271201133728,0.0,0.0449438202247191,0.8919970149156552
43,90,0.5482001304626465,0.0,0.0674157303370787,0.8789297005539158
43,92,0.5266209840774536,0.0,0.2696629213483146,0.9739023105422191
43,93,0.5931458473205566,0.0,0.4157303370786517,0.9659876530885824
43,94,0.6277680993080139,0.0,0.2696629213483146,0.9224758506564091
43,95,0.5145716667175293,0.0,0.1123595505617978,0.8621179100600601
43,96,0.5863770842552185,0.0,0.4719101123595506,0.9571724607454063
43,97,0.6022560596466064,0.0,0.1573033707865169,0.9015426165008861
43,98,0.4901019334793091,0.0,0.0561797752808989,0.8901774157119771
43,99,0.5259380340576172,0.0,0.1123595505617978,0.912473778494762
43,100,0.5087583065032959,0.0,0.1797752808988764,0.9406254642122399
43,101,0.5394304394721985,0.0,0.1123595505617978,0.9118020663032383
43,103,0.5032979249954224,0.0,0.2134831460674157,0.9409816152413398
43,104,0.4138573110103607,0.0,0.0674157303370787,0.9010289177690077
43,105,0.5659134387969971,0.0,0.6179775280898876,0.97717421906418
43,106,0.5764421820640564,0.0,0.2584269662921348,0.9544790256295017
43,110,0.6745014190673828,0.0,0.7752808988764045,0.9912885149759167
43,111,0.6083009839057922,0.0,0.4157303370786517,0.9465314802055423
43,112,0.5659648776054382,0.0,0.0674157303370787,0.8361220337186029
43,113,0.56639164686203,0.0,0.2584269662921348,0.973292666876495
43,114,0.48689377307891846,0.0,0.3707865168539326,0.9827839771843008
43,115,0.5174376964569092,0.0,0.3820224719101124,0.9662543939998087
43,116,0.5717635154724121,0.0,0.6629213483146068,0.9719507578994575
43,117,0.5192710161209106,0.0,0.1797752808988764,0.9300728545935678
43,118,0.5965177416801453,0.0,0.3595505617977528,0.921720629833275
43,119,0.5999882817268372,0.0,0.4157303370786517,0.9718536375704347
43,120,0.516227662563324,0.0,0.022471910112359605,0.7775396242878376
43,121,0.5811624526977539,0.0,0.4044943820224719,0.9874355543807445
43,123,0.6183935403823853,0.0,0.2471910112359551,0.919534749562265
43,124,0.6069758534431458,0.0,0.7542372881355932,0.9809516128693656
43,125,0.5518629550933838,0.0,0.0786516853932584,0.89772504016602
43,127,0.5611460208892822,0.0,0.1573033707865169,0.9398530653142165
43,128,0.5136964917182922,0.0,0.5168539325842696,0.9950922140228861
43,129,0.6576957106590271,0.0,0.9175257731958762,0.9899770512991294
43,130,0.5162820816040039,0.0,0.3258426966292135,0.9650853680864214
43,131,0.38374701142311096,0.0,0.0561797752808989,0.8798302215045262
43,132,0.6350283622741699,0.0,0.5168539325842696,0.9706447455540806
43,133,0.3424158990383148,0.0,0.0337078651685393,0.7919498401394213
43,134,0.5706136226654053,0.0,0.0449438202247191,0.8644730530625877
43,136,0.5878422260284424,0.0,0.2359550561797753,0.9609824431515046
43,137,0.5975286960601807,0.0,0.1123595505617978,0.9346671343524332
43,138,0.38664960861206055,0.0,0.0337078651685393,0.8268602269601485
43,139,0.4757097661495209,0.0,0.0337078651685393,0.8359649258007887
43,140,0.5891664028167725,0.0,0.0786516853932584,0.9444694235021044
43,144,0.4821406602859497,0.0,0.0449438202247191,0.8644730530625877
43,145,0.40086227655410767,0.0,0.022471910112359605,0.7775396242878376
43,149,0.42520397901535034,0.0,0.0449438202247191,0.8664996200281182
43,150,0.648923933506012,0.0,0.8651685393258427,0.9926153569054593
43,155,0.4381169378757477,0.0,0.0561797752808989,0.9317656950223552
44,45,0.7715809941291809,0.0,1.0,0.9274903839234776
44,47,0.27996116876602173,0.0,0.5714285714285714,0.9567747806596719
44,48,0.39522284269332886,0.0,0.75,0.9681037958397457
44,49,0.4988459348678589,0.0,0.5,0.8769073370961706
44,50,0.3823503255844116,0.0,0.23529411764705888,0.8778863728400559
44,51,0.45601797103881836,0.0,0.10256410256410253,0.9085739325759868
44,52,0.4361884593963623,0.0,0.08333333333333337,0.8822726760460878
44,53,0.4361884593963623,0.0,0.08333333333333337,0.8822726760460878
44,54,0.47516894340515137,0.0,0.019607843137254943,0.8355985462690529
44,56,0.8442044258117676,0.0,0.19999999999999996,0.9202472652282134
44,57,0.2539989650249481,0.0,0.6666666666666667,0.8624903783681703
44,58,0.446643590927124,0.0,0.1428571428571429,0.9122694459092621
44,59,0.4123002886772156,0.0,0.19047619047619047,0.920319978608604
44,61,0.4086416959762573,0.0,0.4,0.9780745332829048
44,63,0.45352649688720703,0.0,0.36363636363636365,0.9506626399729363
44,65,0.8514897227287292,0.0,0.3076923076923077,0.9123078220569721
44,67,0.9623572826385498,0.1111111111111111,0.23529411764705888,0.9446601726552161
44,70,0.34612107276916504,0.0,0.75,0.9911839849145797
44,71,0.7218750715255737,0.0,0.2857142857142857,0.9225399053874593
44,72,0.5688927173614502,0.0,0.23529411764705888,0.9619116549963106
44,73,0.6218299865722656,0.0,0.2666666666666667,0.9592130356528037
44,74,0.3088747560977936,0.0,0.11428571428571432,0.9175282629720178
44,75,0.5174409747123718,0.0,0.07843137254901966,0.873445074521059
44,76,0.30206406116485596,0.0,0.5,0.9490306542081433
44,77,0.4886761009693146,0.0,0.4444444444444444,0.9176894216545652
44,78,0.49599209427833557,0.0,0.06451612903225812,0.8636078397513596
44,79,0.4841713309288025,0.0,0.06153846153846154,0.8506853898825836
44,80,0.4234204888343811,0.0,0.0714285714285714,0.9060790303041515
44,81,0.9572803974151611,0.08571428571428572,0.11764705882352944,0.8975735440246606
44,82,0.7923644185066223,0.0,0.08510638297872342,0.8670091120912317
44,83,0.42140573263168335,0.0,0.05633802816901412,0.836022452298119
44,84,0.3886958658695221,0.0,0.17391304347826086,0.9027121167235532
44,85,0.4512619972229004,0.0,0.10526315789473684,0.9063250241654227
44,86,0.3010978698730469,0.0,0.75,0.9227235972704417
44,87,0.37135404348373413,0.0,0.19999999999999996,0.9384325547081788
44,88,0.3586803078651428,0.0,0.33333333333333337,0.9047782780831257
44,89,0.29264041781425476,0.0,1.0,0.9499504878895372
44,90,0.3693595826625824,0.0,0.6666666666666667,0.9700072450649203
44,92,0.36873823404312134,0.0,0.16666666666666663,0.9020662065440326
44,93,0.48552852869033813,0.0,0.10810810810810811,0.9156327469660983
44,94,0.4334113597869873,0.0,0.16666666666666663,0.9024513888052982
44,95,0.41588351130485535,0.0,0.4,0.8501342254788798
44,96,0.4866800904273987,0.0,0.09523809523809523,0.8826569323214455
44,97,0.41359788179397583,0.0,0.2857142857142857,0.9118609433900412
44,98,0.2794569730758667,0.0,0.8,0.8986583213526297
44,99,0.28540825843811035,0.0,0.4,0.9217831415384489
44,100,0.4777148365974426,0.0,0.25,0.9411188459664924
44,101,0.3587419390678406,0.0,0.4,0.9548616084929415
44,103,0.31934821605682373,0.0,0.21052631578947367,0.9224792956229546
44,104,0.21505847573280334,0.0,0.6666666666666667,0.9165318840187214
44,105,0.41511237621307373,0.0,0.07272727272727275,0.8972054499109247
44,106,0.9454784393310547,0.08333333333333333,0.17391304347826086,0.9145055944104805
44,110,0.36199671030044556,0.0,0.05797101449275366,0.864258136077158
44,111,0.4236316978931427,0.0,0.10810810810810811,0.8904094635373263
44,112,0.40604087710380554,0.0,0.6666666666666667,0.9043030172109351
44,113,0.3924611508846283,0.0,0.17391304347826086,0.9104909428145513
44,114,0.3389354944229126,0.0,0.12121212121212122,0.8802982165274809
44,115,0.372433602809906,0.0,0.11764705882352944,0.9234481695409693
44,116,0.40723946690559387,0.0,0.06779661016949157,0.9048791623439855
44,117,0.38527029752731323,0.0,0.25,0.9398663467598118
44,118,0.4368094205856323,0.0,0.125,0.8720211869053691
44,119,0.4079609215259552,0.0,0.10810810810810811,0.8606263746084138
44,120,0.3725937604904175,0.0,0.5,0.8769073370961706
44,121,0.8236973285675049,0.0,0.11111111111111116,0.906619540246454
44,123,0.7498376965522766,0.04,0.18181818181818177,0.8707059178156363
44,124,0.5141741633415222,0.0,0.03389830508474578,0.7919607556567261
44,125,0.36970746517181396,0.0,0.5714285714285714,0.9234514884838004
44,127,0.35757285356521606,0.0,0.2857142857142857,0.9654116781579796
44,128,0.35809966921806335,0.0,0.08695652173913049,0.8899221779364895
44,129,0.5521340370178223,0.0,0.04123711340206182,0.8433925085070673
44,130,0.4601638913154602,0.0,0.13793103448275867,0.92895767045141
44,131,0.3098486661911011,0.0,0.8,0.9304759719596137
44,132,0.3872416317462921,0.0,0.08695652173913049,0.880097496078162
44,133,0.8661624193191528,0.16666666666666666,0.75,0.899492043837516
44,134,0.4447188973426819,0.0,1.0,0.9134015823971878
44,136,0.3997657299041748,0.0,0.19047619047619047,0.9197598427589477
44,137,0.39089006185531616,0.0,0.4,0.9207591798114196
44,138,0.2735230326652527,0.0,0.75,0.9552035965757791
44,139,0.34220290184020996,0.0,0.75,0.8749634544908313
44,140,0.40730714797973633,0.0,0.5714285714285714,0.9091142588756974
44,144,0.32183027267456055,0.0,1.0,0.9134015823971878
44,145,0.8038762211799622,0.0,0.5,0.8769073370961706
44,149,0.32126283645629883,0.0,1.0,0.9715885399598913
44,150,0.8932281732559204,0.03896103896103896,0.051948051948051965,0.886322038795976
44,155,0.18560749292373657,0.0,0.8,0.8414863343728939
45,47,0.31943437457084656,0.0,0.5714285714285714,0.9885539612860487
45,48,0.33294880390167236,0.0,0.75,0.9787826677844249
45,49,0.4627310335636139,0.0,0.5,0.9879978841060044
45,50,0.40906357765197754,0.0,0.23529411764705888,0.9599858410312264
45,51,0.5410032272338867,0.0,0.10256410256410253,0.9229259641943687
45,52,0.44052067399024963,0.0,0.08333333333333337,0.8698512886185026
45,53,0.44052067399024963,0.0,0.08333333333333337,0.8698512886185026
45,54,0.5358478426933289,0.0,0.019607843137254943,0.7812859395250767
45,56,0.5802872180938721,0.0,0.19999999999999996,0.9403403002439572
45,57,0.2994515597820282,0.0,0.6666666666666667,0.9810202311916243
45,58,0.38877376914024353,0.0,0.1428571428571429,0.9341544482004844
45,59,0.40262794494628906,0.0,0.19047619047619047,0.950633093778339
45,61,0.4900367259979248,0.0,0.4,0.9320970784065133
45,63,0.48397308588027954,0.0,0.36363636363636365,0.9416187111555511
45,65,0.5964640378952026,0.0,0.3076923076923077,0.9678669132212399
45,67,0.6338596343994141,0.0,0.23529411764705888,0.9616852655206718
45,70,0.4279681444168091,0.0,0.75,0.9656940376844195
45,71,0.5312032699584961,0.0,0.2857142857142857,0.928665446327369
45,72,0.4875882565975189,0.0,0.23529411764705888,0.8827945696248013
45,73,0.517691969871521,0.0,0.2666666666666667,0.9325998811631678
45,74,0.3830837309360504,0.0,0.11428571428571432,0.908710414155929
45,75,0.4826880991458893,0.0,0.07843137254901966,0.9161783568702595
45,76,0.2420770227909088,0.0,0.5,0.980020905625618
45,77,0.42042076587677,0.0,0.4444444444444444,0.9200932686735964
45,78,0.47997522354125977,0.0,0.06451612903225812,0.8832902841288586
45,79,0.4806271493434906,0.0,0.06153846153846154,0.8585956727285099
45,80,0.41674789786338806,0.0,0.0714285714285714,0.9080853990232518
45,81,0.6571286916732788,0.0,0.11764705882352944,0.9047728784065323
45,82,0.6578774452209473,0.0,0.08510638297872342,0.8870446483662148
45,83,0.45739638805389404,0.0,0.05633802816901412,0.8564798619634647
45,84,0.420093834400177,0.0,0.17391304347826086,0.9279210872736522
45,85,0.4678456485271454,0.0,0.10526315789473684,0.9175090004147083
45,86,0.3735303580760956,0.0,0.75,0.9971418417398149
45,87,0.3711056113243103,0.0,0.19999999999999996,0.9552968044860721
45,88,0.3941127359867096,0.0,0.33333333333333337,0.9852551758222386
45,89,0.35169753432273865,0.0,1.0,0.9722841084353978
45,90,0.4100833237171173,0.0,0.6666666666666667,0.9799578043842411
45,92,0.40210455656051636,0.0,0.16666666666666663,0.9305940456998687
45,93,0.4999043345451355,0.0,0.10810810810810811,0.9302214577756553
45,94,0.4367341101169586,0.0,0.16666666666666663,0.9665456812041708
45,95,0.4002056121826172,0.0,0.4,0.9722182781395257
45,96,0.409473717212677,0.0,0.09523809523809523,0.933044371463635
45,97,0.4830377697944641,0.0,0.2857142857142857,0.9809662130576081
45,98,0.31748834252357483,0.0,0.8,0.9751454701645211
45,99,0.3681914508342743,0.0,0.4,0.9813680820892586
45,100,0.4146813452243805,0.0,0.25,0.9537861376683345
45,101,0.3869500160217285,0.0,0.4,0.9633759568855049
45,103,0.3177153170108795,0.0,0.21052631578947367,0.960306071404141
45,104,0.3167843222618103,0.0,0.6666666666666667,0.9770745547026314
45,105,0.44841745495796204,0.0,0.07272727272727275,0.915293714071703
45,106,0.6372874975204468,0.0,0.17391304347826086,0.9483796345551941
45,110,0.4150558114051819,0.0,0.05797101449275366,0.8813627543310848
45,111,0.45378243923187256,0.0,0.10810810810810811,0.9439160794530106
45,112,0.41325947642326355,0.0,0.6666666666666667,0.9948193766496062
45,113,0.4434703588485718,0.0,0.17391304347826086,0.9290860811122559
45,114,0.3778594732284546,0.0,0.12121212121212122,0.9079586101435447
45,115,0.41737887263298035,0.0,0.11764705882352944,0.9268405264385714
45,116,0.45386803150177,0.0,0.06779661016949157,0.9176370660723286
45,117,0.3515031039714813,0.0,0.25,0.9562139009921804
45,118,0.40508341789245605,0.0,0.125,0.9599959406264025
45,119,0.4468938112258911,0.0,0.10810810810810811,0.9128831627145134
45,120,0.36622336506843567,0.0,0.5,0.9879978841060044
45,121,0.616417646408081,0.0,0.11111111111111116,0.8973785864345798
45,123,0.6360407471656799,0.0,0.18181818181818177,0.958598700588128
45,124,0.48658668994903564,0.0,0.03389830508474578,0.8282796781016873
45,125,0.42543187737464905,0.0,0.5714285714285714,0.9863243955182731
45,127,0.33292317390441895,0.0,0.2857142857142857,0.932632539033955
45,128,0.43193739652633667,0.0,0.08695652173913049,0.8466406501491024
45,129,0.530730664730072,0.0,0.04123711340206182,0.8667679010878259
45,130,0.4359920918941498,0.0,0.13793103448275867,0.9302063714763169
45,131,0.3169412314891815,0.0,0.8,0.987687529723685
45,132,0.4492502212524414,0.0,0.08695652173913049,0.9156229361753467
45,133,0.40923166275024414,0.0,0.75,0.9956596927161623
45,134,0.45665884017944336,0.0,1.0,0.9887356112971218
45,136,0.436381459236145,0.0,0.19047619047619047,0.9297805525414974
45,137,0.4354780316352844,0.0,0.4,0.9681212486738273
45,138,0.25920847058296204,0.0,0.75,0.9942564720239372
45,139,0.33659255504608154,0.0,0.75,0.9791762900784072
45,140,0.46646806597709656,0.0,0.5714285714285714,0.9499273018911508
45,144,0.3421006202697754,0.0,1.0,0.9887356112971218
45,145,0.3501865863800049,0.0,0.5,0.9879978841060044
45,149,0.31130003929138184,0.0,1.0,0.9730651682433616
45,150,0.615876317024231,0.0,0.051948051948051965,0.8367481397878049
45,155,0.2645777463912964,0.0,0.8,0.8550305706024263
47,48,0.27401143312454224,0.0,0.4285714285714286,0.9876726554890554
47,49,0.31486353278160095,0.0,0.2857142857142857,0.9611129141515495
47,50,0.3257303535938263,0.0,0.4117647058823529,0.9736365206237956
47,51,0.417656272649765,0.0,0.17948717948717952,0.9654911539396426
47,52,0.49324408173561096,0.0,0.14583333333333337,0.9277978451335672
47,53,0.49324408173561096,0.0,0.14583333333333337,0.9277978451335672
47,54,0.5481029748916626,0.0,0.03431372549019607,0.8577329172059506
47,56,0.4442567825317383,0.0,0.35,0.9760605048775364
47,57,0.2964499592781067,0.0,0.8571428571428572,0.9688256868480927
47,58,0.3621186912059784,0.0,0.25,0.972129638007047
47,59,0.504253089427948,0.0,0.33333333333333337,0.981751032656796
47,61,0.40689995884895325,0.0,0.7,0.9736079390235001
47,63,0.30600816011428833,0.0,0.6363636363636364,0.9807307491242208
47,65,0.3687821924686432,0.0,0.5384615384615384,0.9865929885029018
47,67,0.33595404028892517,0.0,0.4117647058823529,0.9901520035972883
47,70,0.4778168797492981,0.0,0.4285714285714286,0.9831051064278216
47,71,0.47896501421928406,0.0,0.5,0.9691179060446604
47,72,0.46212339401245117,0.0,0.4117647058823529,0.9408661258990313
47,73,0.4424145519733429,0.0,0.4666666666666667,0.9762849355823912
47,74,0.47855326533317566,0.0,0.19999999999999996,0.9586564691614837
47,75,0.5096107125282288,0.0,0.13725490196078427,0.9535784690451009
47,76,0.22011950612068176,0.0,0.2857142857142857,0.9772462726670381
47,77,0.42553383111953735,0.0,0.7777777777777778,0.959820695725077
47,78,0.42491790652275085,0.0,0.11290322580645162,0.9320202420236997
47,79,0.3925585448741913,0.0,0.10769230769230764,0.9139160294704638
47,80,0.4362885057926178,0.0,0.125,0.9556257175402649
47,81,0.4844681918621063,0.0,0.20588235294117652,0.9513328770933598
47,82,0.4048589766025543,0.0,0.14893617021276595,0.9343775723804485
47,83,0.40464720129966736,0.0,0.09859154929577463,0.9087129412788215
47,84,0.4214167594909668,0.0,0.30434782608695654,0.9663134331419925
47,85,0.3780028522014618,0.0,0.1842105263157895,0.9614767007904623
47,86,0.2510102689266205,0.0,0.4285714285714286,0.9860327633821578
47,87,0.3583431541919708,0.0,0.35,0.9867035393201484
47,88,0.41528916358947754,0.0,0.5833333333333333,0.9893719093719169
47,89,0.25262054800987244,0.0,0.5714285714285714,0.987845965609476
47,90,0.36965349316596985,0.0,0.8571428571428572,0.9959117171680986
47,92,0.30176129937171936,0.0,0.29166666666666663,0.965771715346417
47,93,0.5827005505561829,0.0,0.18918918918918914,0.9706916571115435
47,94,0.38297006487846375,0.0,0.29166666666666663,0.9843380586187649
47,95,0.375875324010849,0.0,0.7,0.9643739580915283
47,96,0.5012320280075073,0.0,0.16666666666666663,0.9647551102144394
47,97,0.3787277638912201,0.0,0.5,0.990855675691856
47,98,0.36388325691223145,0.0,0.7142857142857143,0.9795951383316571
47,99,0.5119529366493225,0.0,0.7,0.9933542373767252
47,100,0.2899715006351471,0.0,0.4375,0.986465872299113
47,101,0.46340182423591614,0.0,0.7,0.9906077932175997
47,103,0.3731723129749298,0.0,0.368421052631579,0.9867088340966738
47,104,0.24444155395030975,0.0,0.8571428571428572,0.9874343957461891
47,105,0.4205663502216339,0.0,0.12727272727272732,0.9588653612550176
47,106,0.34482526779174805,0.0,0.30434782608695654,0.9796214631371913
47,110,0.4308040738105774,0.0,0.10144927536231885,0.9305751608677257
47,111,0.46555694937705994,0.0,0.18918918918918914,0.9719870128470709
47,112,0.4065292775630951,0.0,0.8571428571428572,0.9856820437293546
47,113,0.3843850791454315,0.0,0.30434782608695654,0.968471181433408
47,114,0.3748120665550232,0.0,0.21212121212121215,0.9491607271498816
47,115,0.38025110960006714,0.0,0.20588235294117652,0.9699869349666321
47,116,0.500062882900238,0.0,0.11864406779661019,0.9618525074295433
47,117,0.3885602056980133,0.0,0.4375,0.986843249045873
47,118,0.4308914244174957,0.0,0.21875,0.9724334161663784
47,119,0.41625937819480896,0.0,0.18918918918918914,0.946128072109327
47,120,0.21622829139232635,0.0,0.2857142857142857,0.9611129141515495
47,121,0.4557955265045166,0.0,0.19444444444444442,0.9493115378815721
47,123,0.42779356241226196,0.0,0.31818181818181823,0.9711988952808739
47,124,0.5066512823104858,0.0,0.05932203389830504,0.8783306990123139
47,125,0.4541475474834442,0.0,1.0,0.9935217001602181
47,127,0.31084683537483215,0.0,0.5,0.9743181342203637
47,128,0.5585834980010986,0.0,0.15217391304347827,0.912394675585764
47,129,0.41221627593040466,0.0,0.07216494845360821,0.9169863163630931
47,130,0.4755033552646637,0.0,0.24137931034482762,0.9724277750113252
47,131,0.5204295516014099,0.0,0.7142857142857143,0.9930890135296654
47,132,0.4462108314037323,0.0,0.15217391304347827,0.9550957977543915
47,133,0.2696935832500458,0.0,0.4285714285714286,0.9719942835513126
47,134,0.27093505859375,0.0,0.5714285714285714,0.9864073159533925
47,136,0.3558291792869568,0.0,0.33333333333333337,0.9707722237874123
47,137,0.36468860507011414,0.0,0.7,0.988300308267504
47,138,0.2448071390390396,0.0,0.4285714285714286,0.9878915893303404
47,139,0.22786350548267365,0.0,0.4285714285714286,0.9659141394852838
47,140,0.41643887758255005,0.0,1.0,0.9723816755087175
47,144,0.28792667388916016,0.0,0.5714285714285714,0.9864073159533925
47,145,0.21741421520709991,0.0,0.2857142857142857,0.9611129141515495
47,149,0.22708122432231903,0.0,0.5714285714285714,0.9891781972060621
47,150,0.5614078044891357,0.0,0.09090909090909094,0.9059467973933562
47,155,0.19387316703796387,0.0,0.7142857142857143,0.8898022053230533
48,49,0.3591156005859375,0.0,0.6666666666666667,0.9574356614295598
48,50,0.5453562140464783,0.0,0.17647058823529416,0.9460992914646777
48,51,0.5866150856018066,0.0,0.07692307692307687,0.9363412557415985
48,52,0.5488128662109375,0.0,0.0625,0.8922345238488424
48,53,0.5488128662109375,0.0,0.0625,0.8922345238488424
48,54,0.563425600528717,0.0,0.014705882352941124,0.8097674612923946
48,56,0.5591005682945251,0.0,0.15000000000000002,0.9489271917586213
48,57,0.42482373118400574,0.0,0.5,0.949964086293814
48,58,0.527047872543335,0.0,0.1071428571428571,0.9462292105877154
48,59,0.4335802495479584,0.0,0.1428571428571429,0.9590990065248473
48,61,0.47187355160713196,0.0,0.30000000000000004,0.9583175026251294
48,63,0.3863206207752228,0.0,0.2727272727272727,0.9599155205435759
48,65,0.5208683609962463,0.0,0.23076923076923073,0.9646072431750932
48,67,0.5929084420204163,0.0,0.17647058823529416,0.9643856951652842
48,70,0.424778550863266,0.0,1.0,0.9910905295384068
48,71,0.4791562259197235,0.0,0.2142857142857143,0.9468108912529254
48,72,0.4650975167751312,0.0,0.17647058823529416,0.9246881708647351
48,73,0.44252511858940125,0.0,0.19999999999999996,0.9589662611297454
48,74,0.46774908900260925,0.0,0.08571428571428574,0.9304916372043537
48,75,0.5972318649291992,0.0,0.05882352941176472,0.9202539232266967
48,76,0.4442974627017975,0.0,0.6666666666666667,0.9929448543656839
48,77,0.38642749190330505,0.0,0.33333333333333337,0.9471721171580254
48,78,0.5900986194610596,0.0,0.048387096774193505,0.8939728262096995
48,79,0.6074544787406921,0.0,0.0461538461538461,0.8781633402248964
48,80,0.5980760455131531,0.0,0.0535714285714286,0.918372846638346
48,81,0.4893978536128998,0.0,0.08823529411764708,0.9169680872584721
48,82,0.60579913854599,0.0,0.06382978723404253,0.897047373616865
48,83,0.5776466727256775,0.0,0.04225352112676062,0.8705580482522947
48,84,0.5839362740516663,0.0,0.13043478260869568,0.9409679618978434
48,85,0.542523980140686,0.0,0.07894736842105265,0.9277939252324919
48,86,0.4511026442050934,0.0,1.0,0.9844990050329139
48,87,0.5367757081985474,0.0,0.15000000000000002,0.9607755702824903
48,88,0.5112324357032776,0.0,0.25,0.9654919030530129
48,89,0.4996849298477173,0.0,0.75,0.9929192430406855
48,90,0.5265735983848572,0.0,0.5,0.9925137630338151
48,92,0.4777463376522064,0.0,0.125,0.9302150727776072
48,93,0.4896700382232666,0.0,0.08108108108108103,0.9406090548319939
48,94,0.5385496616363525,0.0,0.125,0.9572908745610462
48,95,0.4345872700214386,0.0,0.30000000000000004,0.9400308757224464
48,96,0.4954848289489746,0.0,0.0714285714285714,0.9341531357952518
48,97,0.5621553063392639,0.0,0.2142857142857143,0.9672252451087453
48,98,0.41962990164756775,0.0,0.6,0.9699372693162144
48,99,0.41393980383872986,0.0,0.30000000000000004,0.9723035614079837
48,100,0.474655419588089,0.0,0.1875,0.9673853171740707
48,101,0.5314750075340271,0.0,0.30000000000000004,0.9803268737118624
48,103,0.4486628472805023,0.0,0.1578947368421053,0.9612385753709272
48,104,0.32334208488464355,0.0,0.5,0.9782215763234816
48,105,0.5105280876159668,0.0,0.054545454545454564,0.9247488642867058
48,106,0.4631344974040985,0.0,0.13043478260869568,0.9526006461779454
48,110,0.5871673226356506,0.0,0.04347826086956519,0.8901109690813821
48,111,0.5541071891784668,0.0,0.08108108108108103,0.9434278474364668
48,112,0.5047025680541992,0.0,0.5,0.9719066560329378
48,113,0.48364484310150146,0.0,0.13043478260869568,0.9383914113165386
48,114,0.4806291162967682,0.0,0.09090909090909094,0.9119427820779806
48,115,0.4889991283416748,0.0,0.08823529411764708,0.9410279457541981
48,116,0.5038574934005737,0.0,0.05084745762711862,0.929241949811478
48,117,0.5236687064170837,0.0,0.1875,0.9693939427995057
48,118,0.5205307602882385,0.0,0.09375,0.9386677672275135
48,119,0.5526736378669739,0.0,0.08108108108108103,0.9063667080067049
48,120,0.36071160435676575,0.0,0.6666666666666667,0.9574356614295598
48,121,0.5921836495399475,0.0,0.08333333333333337,0.9155887475761192
48,123,0.5346704721450806,0.0,0.13636363636363635,0.9423188640370052
48,124,0.5599651336669922,0.0,0.025423728813559365,0.8339849722721979
48,125,0.447469025850296,0.0,0.4285714285714286,0.9787434214792863
48,127,0.4967622458934784,0.0,0.2142857142857143,0.9513149532635773
48,128,0.4535191059112549,0.0,0.06521739130434778,0.874031101208225
48,129,0.5665336847305298,0.0,0.030927835051546393,0.8764064832741063
48,130,0.42158961296081543,0.0,0.10344827586206895,0.9424904322879902
48,131,0.41136518120765686,0.0,0.6,0.9874890617335431
48,132,0.5941086411476135,0.0,0.06521739130434778,0.923925864186893
48,133,0.3350194990634918,0.0,1.0,0.9607231228814839
48,134,0.4351379871368408,0.0,0.75,0.9807118773656652
48,136,0.5799084901809692,0.0,0.1428571428571429,0.9497371292099517
48,137,0.4814559519290924,0.0,0.30000000000000004,0.9674731096312853
48,138,0.4400302469730377,0.0,1.0,0.9885648100745192
48,139,0.4658290445804596,0.0,1.0,0.9584880553989739
48,140,0.4985087811946869,0.0,0.4285714285714286,0.9542887138655735
48,144,0.4451456069946289,0.0,0.75,0.9807118773656652
48,145,0.40159139037132263,0.0,0.6666666666666667,0.9574356614295598
48,149,0.40581217408180237,0.0,0.75,0.9978720768978423
48,150,0.5783704519271851,0.0,0.038961038961038974,0.8669527104755365
48,155,0.4556061327457428,0.0,0.6,0.8762243693452313
49,50,0.505462646484375,0.0,0.11764705882352944,0.9470011440849131
49,51,0.6064484119415283,0.0,0.05128205128205132,0.8843586323171316
49,52,0.6333131194114685,0.0,0.04166666666666663,0.8237413965671962
49,53,0.6333131194114685,0.0,0.04166666666666663,0.8237413965671962
49,54,0.5929005146026611,0.0,0.009803921568627416,0.7196147191706116
49,56,0.5848813056945801,0.0,0.09999999999999998,0.9058346222733417
49,57,0.4631788432598114,0.0,0.33333333333333337,0.9847420137251504
49,58,0.4948461949825287,0.0,0.0714285714285714,0.8987459285430469
49,59,0.4783821702003479,0.0,0.09523809523809523,0.9187067229703386
49,61,0.59687340259552,0.0,0.19999999999999996,0.8766758723394312
49,63,0.488536536693573,0.0,0.18181818181818177,0.8983347562148057
49,65,0.5429974794387817,0.0,0.15384615384615385,0.9466744277752727
49,67,0.47375544905662537,0.0,0.11764705882352944,0.9224730613740253
49,70,0.5526233911514282,0.0,0.6666666666666667,0.9290233828705211
49,71,0.508812665939331,0.0,0.1428571428571429,0.8930756116243631
49,72,0.4788880944252014,0.0,0.11764705882352944,0.8148460420152344
49,73,0.4425441324710846,0.0,0.1333333333333333,0.8831168941275619
49,74,0.37242844700813293,0.0,0.05714285714285716,0.8625693294583003
49,75,0.6542706489562988,0.0,0.039215686274509776,0.8882459811403103
49,76,0.5531634092330933,0.0,1.0,0.9747233974296369
49,77,0.37958282232284546,0.0,0.2222222222222222,0.8939392470862032
49,78,0.6045708656311035,0.0,0.032258064516129004,0.8481955136964531
49,79,0.579653799533844,0.0,0.03076923076923077,0.8213650120482806
49,80,0.5720813870429993,0.0,0.0357142857142857,0.8632316313974089
49,81,0.5139621496200562,0.0,0.05882352941176472,0.8652044089024572
49,82,0.5536679029464722,0.0,0.04255319148936165,0.8530118491966979
49,83,0.5555394887924194,0.0,0.028169014084507005,0.8238250227637454
49,84,0.6172745227813721,0.0,0.08695652173913049,0.8959396189913772
49,85,0.6029602289199829,0.0,0.052631578947368474,0.877212640009229
49,86,0.49273815751075745,0.0,0.6666666666666667,0.9910803154664327
49,87,0.5270270109176636,0.0,0.09999999999999998,0.9159820695393333
49,88,0.6133290529251099,0.0,0.16666666666666663,0.9698980054951887
49,89,0.515937864780426,0.0,0.5,0.955554584552431
49,90,0.6161239743232727,0.0,0.33333333333333337,0.9461240694161972
49,92,0.4141577482223511,0.0,0.08333333333333337,0.8976888763064346
49,93,0.5888020992279053,0.0,0.05405405405405406,0.8905620588787232
49,94,0.6098998785018921,0.0,0.08333333333333337,0.9440111460002814
49,95,0.45985132455825806,0.0,0.19999999999999996,0.9741678800314556
49,96,0.4537985622882843,0.0,0.04761904761904767,0.907336503842738
49,97,0.5976136922836304,0.0,0.1428571428571429,0.9611439944744748
49,98,0.5296795964241028,0.0,0.4,0.9724461627769855
49,99,0.5497545599937439,0.0,0.19999999999999996,0.9609139865425326
49,100,0.4661356508731842,0.0,0.125,0.9160065788858588
49,101,0.6207199692726135,0.0,0.19999999999999996,0.9257028959411864
49,103,0.4928494691848755,0.0,0.10526315789473684,0.9295105359939062
49,104,0.27904224395751953,0.0,0.33333333333333337,0.9655486540635996
49,105,0.5005136728286743,0.0,0.036363636363636376,0.8770379055035858
49,106,0.571363627910614,0.0,0.08695652173913049,0.9169422238006094
49,110,0.6320146918296814,0.0,0.02898550724637683,0.844282308303327
49,111,0.6327164769172668,0.0,0.05405405405405406,0.9189469429315094
49,112,0.532329261302948,0.0,0.33333333333333337,0.9849262102986295
49,113,0.5519096851348877,0.0,0.08695652173913049,0.8929587772920656
49,114,0.5255996584892273,0.0,0.06060606060606055,0.874728973623249
49,115,0.5171312093734741,0.0,0.05882352941176472,0.8835020819319302
49,116,0.5589649677276611,0.0,0.03389830508474578,0.8770085476887638
49,117,0.5713064670562744,0.0,0.125,0.9191520387191967
49,118,0.5868328809738159,0.0,0.0625,0.9458678156054149
49,119,0.4766046404838562,0.0,0.05405405405405406,0.8887902896477913
49,120,0.26392829418182373,0.0,1.0,1.0
49,121,0.615268349647522,0.0,0.05555555555555558,0.8508563211535295
49,123,0.6612570285797119,0.0,0.09090909090909094,0.9468851659386084
49,124,0.531951904296875,0.0,0.016949152542372836,0.8019522770959349
49,125,0.5793520212173462,0.0,0.2857142857142857,0.9714842641578082
49,127,0.5998618602752686,0.0,0.1428571428571429,0.8769468326932671
49,128,0.44798707962036133,0.0,0.04347826086956519,0.7890612170591607
49,129,0.5933945178985596,0.0,0.020618556701030966,0.8331069727281902
49,130,0.4981793165206909,0.0,0.06896551724137934,0.8853055244044197
49,131,0.3833519518375397,0.0,0.4,0.9741588463284927
49,132,0.6389660835266113,0.0,0.04347826086956519,0.885505610249523
49,133,0.38941606879234314,0.0,0.6666666666666667,0.9944191659581205
49,134,0.5605504512786865,0.0,0.5,0.9848188561855247
49,136,0.6356094479560852,0.0,0.09523809523809523,0.8922920071499109
49,137,0.5760849714279175,0.0,0.19999999999999996,0.9448584284245453
49,138,0.5005136728286743,0.0,0.6666666666666667,0.9788665007325132
49,139,0.5558029413223267,0.0,0.6666666666666667,0.990982337533028
49,140,0.5672252178192139,0.0,0.2857142857142857,0.9342014776016514
49,144,0.32217976450920105,0.0,0.5,0.9848188561855247
49,145,0.5023736357688904,0.0,1.0,1.0
49,149,0.2878913879394531,0.0,0.5,0.943716999572267
49,150,0.6183663606643677,0.0,0.025974025974025983,0.7758699331644622
49,155,0.38524359464645386,0.0,0.4,0.8529038067574017
50,51,0.536609411239624,0.0,0.4358974358974359,0.9776531721749117
50,52,0.5374993681907654,0.0,0.35416666666666663,0.950701401572462
50,53,0.5374993681907654,0.0,0.35416666666666663,0.950701401572462
50,54,0.6285122036933899,0.0,0.08333333333333337,0.8810236723037143
50,56,0.46503329277038574,0.0,0.85,0.9847956430612261
50,57,0.44045397639274597,0.0,0.3529411764705882,0.9844255796464514
50,58,0.46420174837112427,0.0,0.6071428571428572,0.9832695988814943
50,59,0.43002450466156006,0.0,0.8095238095238095,0.9875344232074498
50,61,0.4590979814529419,0.0,0.5882352941176471,0.930073188604186
50,63,0.401009202003479,0.0,0.6470588235294117,0.9683528289055591
50,65,0.5093314051628113,0.0,0.7647058823529411,0.9967078342428574
50,67,0.49115344882011414,0.0,1.0,0.9756865213190289
50,70,0.3178260922431946,0.0,0.17647058823529416,0.9220542777301302
50,71,0.4117558002471924,0.0,0.8235294117647058,0.9781278629507862
50,72,0.3855513632297516,0.0,1.0,0.8951784677855682
50,73,0.38866424560546875,0.0,0.8823529411764706,0.9538147176361338
50,74,0.47932034730911255,0.0,0.48571428571428577,0.9632824723445099
50,75,0.5799429416656494,0.0,0.33333333333333337,0.9868547256498622
50,76,0.28468841314315796,0.0,0.11764705882352944,0.938590060171194
50,77,0.3194339871406555,0.0,0.5294117647058824,0.9721139951684986
50,78,0.5447656512260437,0.0,0.27419354838709675,0.9682648904262515
50,79,0.5788864493370056,0.0,0.2615384615384615,0.954953317569884
50,80,0.5510672330856323,0.0,0.3035714285714286,0.9661240356929888
50,81,0.4997422695159912,0.0,0.5,0.9707328459987096
50,82,0.5651753544807434,0.0,0.36170212765957444,0.9695572258248422
50,83,0.5578151941299438,0.0,0.23943661971830987,0.9570459000908109
50,84,0.5091156363487244,0.0,0.7391304347826086,0.9852970825925867
50,85,0.5353119373321533,0.0,0.4473684210526315,0.9751563077369023
50,86,0.4335901737213135,0.0,0.17647058823529416,0.9628526642533151
50,87,0.4528966248035431,0.0,0.85,0.9770934136574525
50,88,0.5033627152442932,0.0,0.7058823529411764,0.9922595662526006
50,89,0.39863550662994385,0.0,0.23529411764705888,0.9709312299171976
50,90,0.4087855815887451,0.0,0.3529411764705882,0.9567797036271255
50,92,0.45454466342926025,0.0,0.7083333333333333,0.9831577024746494
50,93,0.48666122555732727,0.0,0.45945945945945943,0.9778590492367044
50,94,0.5104549527168274,0.0,0.7083333333333333,0.9946619113371271
50,95,0.4636724591255188,0.0,0.5882352941176471,0.9897719221771554
50,96,0.5163888931274414,0.0,0.40476190476190477,0.9923505696307627
50,97,0.5249685049057007,0.0,0.8235294117647058,0.9915850136232053
50,98,0.4285357594490051,0.0,0.2941176470588235,0.9909898249085393
50,99,0.43657389283180237,0.0,0.5882352941176471,0.9932613544245156
50,100,0.4120839536190033,0.0,0.9411764705882353,0.9776458576468231
50,101,0.4221506714820862,0.0,0.5882352941176471,0.9673759296737328
50,103,0.4650571048259735,0.0,0.8947368421052632,0.9896253856931552
50,104,0.3609464168548584,0.0,0.3529411764705882,0.9915547203536519
50,105,0.51576828956604,0.0,0.3090909090909091,0.9774067293901728
50,106,0.5062859654426575,0.0,0.7391304347826086,0.9897262372859851
50,110,0.5537893772125244,0.0,0.24637681159420288,0.9653749692699566
50,111,0.5300450325012207,0.0,0.45945945945945943,0.9937810071107364
50,112,0.4730638563632965,0.0,0.3529411764705882,0.973643729494917
50,113,0.48035481572151184,0.0,0.7391304347826086,0.9820926861674399
50,114,0.41534245014190674,0.0,0.5151515151515151,0.9783773986527083
50,115,0.4055424630641937,0.0,0.5,0.9713250949171531
50,116,0.4747977554798126,0.0,0.288135593220339,0.9741610685885914
50,117,0.4407343566417694,0.0,0.9411764705882353,0.9760334727769772
50,118,0.5543278455734253,0.0,0.53125,0.9986208999815348
50,119,0.5220634341239929,0.0,0.45945945945945943,0.9847978835045589
50,120,0.3754354417324066,0.0,0.11764705882352944,0.9470011440849131
50,121,0.4670592248439789,0.0,0.4722222222222222,0.9605336953749979
50,123,0.5391893982887268,0.0,0.7727272727272727,0.9997246632800064
50,124,0.5633124113082886,0.0,0.14406779661016944,0.94303458134555
50,125,0.4261966049671173,0.0,0.4117647058823529,0.9909002569620575
50,127,0.457826167345047,0.0,0.8235294117647058,0.9394426896261449
50,128,0.42204374074935913,0.0,0.3695652173913043,0.9215522761319771
50,129,0.5707392692565918,0.0,0.17525773195876293,0.9618939127373755
50,130,0.48152992129325867,0.0,0.5862068965517242,0.9697023668428155
50,131,0.29528743028640747,0.0,0.2941176470588235,0.9833607763477494
50,132,0.5357174277305603,0.0,0.3695652173913043,0.9848889016590512
50,133,0.28356146812438965,0.0,0.17647058823529416,0.9462734794768797
50,134,0.4451712667942047,0.0,0.23529411764705888,0.9824972664789691
50,136,0.5321206450462341,0.0,0.8095238095238095,0.9778530361835688
50,137,0.49361374974250793,0.0,0.5882352941176471,0.9946782947734911
50,138,0.3104231357574463,0.0,0.17647058823529416,0.9436841462364534
50,139,0.3865956962108612,0.0,0.17647058823529416,0.9733343225308453
50,140,0.5081229209899902,0.0,0.4117647058823529,0.9875854562071764
50,144,0.41044309735298157,0.0,0.23529411764705888,0.9824972664789691
50,145,0.29485005140304565,0.0,0.11764705882352944,0.9470011440849131
50,149,0.36831194162368774,0.0,0.23529411764705888,0.9484787786837217
50,150,0.5462313890457153,0.0,0.22077922077922074,0.9133678686240206
50,155,0.37189796566963196,0.0,0.2941176470588235,0.922935916550674
51,52,0.6483984589576721,0.0,0.8125,0.988646879023453
51,53,0.6483984589576721,0.0,0.8125,0.988646879023453
51,54,0.7022691369056702,0.0,0.19117647058823528,0.94549168326366
51,56,0.604992687702179,0.0,0.5128205128205128,0.9971506529931226
51,57,0.4757534861564636,0.0,0.15384615384615385,0.931416113455972
51,58,0.5481653809547424,0.0,0.717948717948718,0.9992113816380873
51,59,0.5087710022926331,0.0,0.5384615384615384,0.9960420732742832
51,61,0.585952877998352,0.0,0.2564102564102564,0.9685056405967765
51,63,0.42879632115364075,0.0,0.28205128205128205,0.9918529208847274
51,65,0.5788540244102478,0.0,0.33333333333333337,0.9859130592109069
51,67,0.5752357840538025,0.0,0.4358974358974359,0.9887618410462891
51,70,0.4984471797943115,0.0,0.07692307692307687,0.9309811118653905
51,71,0.49136224389076233,0.0,0.3589743589743589,0.9948276156903672
51,72,0.5460008382797241,0.0,0.4358974358974359,0.9586574041213689
51,73,0.5598171353340149,0.0,0.3846153846153846,0.9879853940229235
51,74,0.5201359987258911,0.0,0.8974358974358975,0.9979824349000284
51,75,0.6450814008712769,0.0,0.7647058823529411,0.9942680826288735
51,76,0.4785049557685852,0.0,0.05128205128205132,0.9119479872344346
51,77,0.4431384205818176,0.0,0.23076923076923073,0.984317539481885
51,78,0.6904259920120239,0.0,0.6290322580645161,0.9893879115870088
51,79,0.6886484026908875,0.0,0.6,0.9823104631229145
51,80,0.6595696806907654,0.0,0.6964285714285714,0.9962042327817554
51,81,0.5540797114372253,0.0,0.8717948717948718,0.9940732165480034
51,82,0.6406183838844299,0.0,0.8297872340425532,0.9886315540269194
51,83,0.6441611647605896,0.0,0.5492957746478873,0.9777946757532574
51,84,0.6697877645492554,0.0,0.5897435897435898,0.9977120220409871
51,85,0.6144906282424927,0.0,0.9743589743589743,0.9984027117059288
51,86,0.5408480763435364,0.0,0.07692307692307687,0.9230357849424844
51,87,0.5911660194396973,0.0,0.5128205128205128,0.9926320367831114
51,88,0.6178086400032043,0.0,0.3076923076923077,0.9665454899171363
51,89,0.5513021945953369,0.0,0.10256410256410253,0.960895254768232
51,90,0.572259247303009,0.0,0.15384615384615385,0.9589796221394352
51,92,0.4918472170829773,0.0,0.6153846153846154,0.9920831074797237
51,93,0.6362695693969727,0.0,0.9487179487179487,0.9995219994543882
51,94,0.608771026134491,0.0,0.6153846153846154,0.9854802297790035
51,95,0.5053252577781677,0.0,0.2564102564102564,0.9399604706859468
51,96,0.5699229836463928,0.0,0.9285714285714286,0.9945915585749716
51,97,0.5917366147041321,0.0,0.3589743589743589,0.9748939296594291
51,98,0.5231343507766724,0.0,0.1282051282051282,0.9584851201826811
51,99,0.5241172313690186,0.0,0.2564102564102564,0.9775052185342051
51,100,0.4908371865749359,0.0,0.41025641025641024,0.9932578945571164
51,101,0.6002576947212219,0.0,0.2564102564102564,0.9804731006764292
51,103,0.5648804306983948,0.0,0.4871794871794872,0.9933377777562117
51,104,0.36191076040267944,0.0,0.15384615384615385,0.9697638318190533
51,105,0.5626816153526306,0.0,0.7090909090909091,0.9989917617120662
51,106,0.5797364711761475,0.0,0.5897435897435898,0.9968873182166471
51,110,0.6669180393218994,0.0,0.5652173913043479,0.9877257646575286
51,111,0.6395634412765503,0.0,0.9487179487179487,0.9936938830399217
51,112,0.5979645848274231,0.0,0.15384615384615385,0.9357012743723337
51,113,0.6342191696166992,0.0,0.5897435897435898,0.9981561190335753
51,114,0.5913693904876709,0.0,0.8461538461538461,0.991240217006656
51,115,0.6126322150230408,0.0,0.8717948717948718,0.9986441886535831
51,116,0.622900128364563,0.0,0.6610169491525424,0.9995964205732343
51,117,0.5591512322425842,0.0,0.41025641025641024,0.9902580740337177
51,118,0.5773947238922119,0.0,0.8205128205128205,0.9766566607053684
51,119,0.5835948586463928,0.0,0.9487179487179487,0.9840700362671928
51,120,0.3651006519794464,0.0,0.05128205128205132,0.8843586323171316
51,121,0.5891737937927246,0.0,0.9230769230769231,0.9948665947098098
51,123,0.6244842410087585,0.0,0.5641025641025641,0.9760787879850471
51,124,0.5455228090286255,0.0,0.3305084745762712,0.9550598090799245
51,125,0.5304509401321411,0.0,0.17948717948717952,0.9684461173439726
51,127,0.5900452136993408,0.0,0.3589743589743589,0.9768188350442175
51,128,0.5922896265983582,0.0,0.8478260869565217,0.9752549294337489
51,129,0.645563542842865,0.0,0.4020618556701031,0.9818419600095278
51,130,0.5631780028343201,0.0,0.7435897435897436,0.99720911317684
51,131,0.38191652297973633,0.0,0.1282051282051282,0.9600719119514295
51,132,0.6532316207885742,0.0,0.8478260869565217,0.9962424056014003
51,133,0.36084407567977905,0.0,0.07692307692307687,0.8925007418582088
51,134,0.5230496525764465,0.0,0.10256410256410253,0.9466227621167153
51,136,0.6336401700973511,0.0,0.5384615384615384,0.9983553141927909
51,137,0.5628939270973206,0.0,0.2564102564102564,0.9862866389208236
51,138,0.4582078456878662,0.0,0.07692307692307687,0.9162370420616983
51,139,0.5238870978355408,0.0,0.07692307692307687,0.9195384146505058
51,140,0.5704958438873291,0.0,0.17948717948717952,0.9761944184946553
51,144,0.4691859483718872,0.0,0.10256410256410253,0.9466227621167153
51,145,0.44776031374931335,0.0,0.05128205128205132,0.8843586323171316
51,149,0.3605410158634186,0.0,0.10256410256410253,0.9490069595463918
51,150,0.6392709016799927,0.0,0.5064935064935066,0.9735161996726786
51,155,0.46685439348220825,0.0,0.1282051282051282,0.9199105738807486
52,53,1.0,1.0,1.0,0.9999999999999999
52,54,0.8161481022834778,0.0,0.23529411764705888,0.981820952598126
52,56,0.7278867363929749,0.0,0.41666666666666663,0.9854066321736533
52,57,0.5693235397338867,0.0,0.125,0.8847725743461714
52,58,0.567035436630249,0.0,0.5833333333333333,0.9835223411105561
52,59,0.5453776717185974,0.0,0.4375,0.9732443486449183
52,61,0.7362406849861145,0.0,0.20833333333333337,0.9531990259179293
52,63,0.4816765785217285,0.0,0.22916666666666663,0.9795868666489285
52,65,0.66452956199646,0.0,0.27083333333333337,0.9588791174166218
52,67,0.6201664805412292,0.0,0.35416666666666663,0.9634805864774381
52,70,0.655171811580658,0.0,0.0625,0.8949266652318297
52,71,0.5652545690536499,0.0,0.29166666666666663,0.9889004561446519
52,72,0.5813049674034119,0.0,0.35416666666666663,0.9514264768398024
52,73,0.6051282286643982,0.0,0.3125,0.9733068327914991
52,74,0.5209508538246155,0.0,0.7291666666666667,0.9917634736557758
52,75,0.7853525280952454,0.0,0.9411764705882353,0.9862824677788746
52,76,0.6307451128959656,0.0,0.04166666666666663,0.8636230681571133
52,77,0.49619027972221375,0.0,0.1875,0.9808251970189582
52,78,0.7653588652610779,0.0,0.7741935483870968,0.9960360977731303
52,79,0.755133867263794,0.0,0.7384615384615385,0.9959126242900086
52,80,0.749070405960083,0.0,0.8571428571428572,0.9941605393981531
52,81,0.6653719544410706,0.0,0.7083333333333333,0.9966716240852486
52,82,0.7623121738433838,0.0,0.9791666666666666,0.9954880335090486
52,83,0.7622964978218079,0.0,0.676056338028169,0.9920175118044088
52,84,0.7736207842826843,0.0,0.47916666666666663,0.9866490969314029
52,85,0.7804741859436035,0.012195121951219513,0.7916666666666666,0.9933566550373282
52,86,0.6405757069587708,0.0,0.0625,0.868418196498815
52,87,0.6299877762794495,0.0,0.41666666666666663,0.9686598371316305
52,88,0.7620572447776794,0.0,0.25,0.926346958872472
52,89,0.6593084931373596,0.0,0.08333333333333337,0.9274241538645878
52,90,0.7532515525817871,0.0,0.125,0.9178603382759231
52,92,0.5173478722572327,0.0,0.5,0.9871031782076423
52,93,0.6756264567375183,0.0,0.7708333333333334,0.9859754289978352
52,94,0.785376787185669,0.0,0.5,0.9530366545780371
52,95,0.5681862235069275,0.0,0.20833333333333337,0.8973230391416145
52,96,0.6155146956443787,0.0,0.875,0.9784375712623606
52,97,0.7447803616523743,0.01639344262295082,0.29166666666666663,0.935890563089957
52,98,0.670233964920044,0.0,0.10416666666666663,0.9235313420365001
52,99,0.6791958808898926,0.0,0.20833333333333337,0.9440343437434584
52,100,0.5983429551124573,0.0,0.33333333333333337,0.9686729970844749
52,101,0.7722840309143066,0.0,0.20833333333333337,0.9465838865201498
52,103,0.6170465350151062,0.0,0.39583333333333337,0.9680355487070093
52,104,0.39899298548698425,0.0,0.125,0.9351002848756707
52,105,0.6444546580314636,0.0,0.8727272727272728,0.9924749608307672
52,106,0.7067835927009583,0.0,0.47916666666666663,0.9778537291550948
52,110,0.7621541619300842,0.0,0.6956521739130435,0.9964764953000588
52,111,0.7813706398010254,0.0,0.7708333333333334,0.9715092046591557
52,112,0.7388362884521484,0.0,0.125,0.8804348923212164
52,113,0.6844102740287781,0.0,0.47916666666666663,0.9900117004034781
52,114,0.6493241190910339,0.0,0.6875,0.9925956013550242
52,115,0.5934888124465942,0.0,0.7083333333333333,0.9859567057659576
52,116,0.6594164967536926,0.0,0.8135593220338984,0.9895893380890735
52,117,0.7065331339836121,0.015873015873015872,0.33333333333333337,0.9611056784238956
52,118,0.705202579498291,0.0,0.6666666666666667,0.9482094362312874
52,119,0.6365679502487183,0.0,0.7708333333333334,0.9823930208012651
52,120,0.3797055184841156,0.0,0.04166666666666663,0.8237413965671962
52,121,0.7551414370536804,0.0,0.75,0.9975188753217034
52,123,0.75166255235672,0.0,0.45833333333333337,0.9472860075114059
52,124,0.7085651755332947,0.0,0.4067796610169492,0.9772883776259098
52,125,0.7580415606498718,0.0,0.14583333333333337,0.9317231929881196
52,127,0.7229477763175964,0.0,0.29166666666666663,0.9613642905476173
52,128,0.5650699734687805,0.0,0.9583333333333334,0.9945707175489308
52,129,0.7491691708564758,0.0,0.4948453608247423,0.9935416430081349
52,130,0.6065168380737305,0.0,0.6041666666666667,0.9845065507602323
52,131,0.43722543120384216,0.0,0.10416666666666663,0.9183439248592575
52,132,0.7851779460906982,0.0,0.9583333333333334,0.9877171324430588
52,133,0.44621220231056213,0.0,0.0625,0.8352713143600337
52,134,0.6764619946479797,0.0,0.08333333333333337,0.9030866129200652
52,136,0.7824928164482117,0.0,0.4375,0.9836086814093218
52,137,0.7224728465080261,0.0,0.20833333333333337,0.9616805438073327
52,138,0.5800545811653137,0.0,0.0625,0.8678646156283027
52,139,0.6878198981285095,0.0,0.0625,0.8738623851250168
52,140,0.6898319125175476,0.0,0.14583333333333337,0.9637497273516549
52,144,0.4562869966030121,0.0,0.08333333333333337,0.9030866129200652
52,145,0.5836213231086731,0.0,0.04166666666666663,0.8237413965671962
52,149,0.39360156655311584,0.0,0.08333333333333337,0.9075713685701426
52,150,0.7947103977203369,0.0,0.6233766233766234,0.9924204154521621
52,155,0.5669044256210327,0.0,0.10416666666666663,0.9335606474777947
53,54,0.8161481022834778,0.0,0.23529411764705888,0.981820952598126
53,56,0.7278867363929749,0.0,0.41666666666666663,0.9854066321736533
53,57,0.5693235397338867,0.0,0.125,0.8847725743461714
53,58,0.567035436630249,0.0,0.5833333333333333,0.9835223411105561
53,59,0.5453776717185974,0.0,0.4375,0.9732443486449183
53,61,0.7362406849861145,0.0,0.20833333333333337,0.9531990259179293
53,63,0.4816765785217285,0.0,0.22916666666666663,0.9795868666489285
53,65,0.66452956199646,0.0,0.27083333333333337,0.9588791174166218
53,67,0.6201664805412292,0.0,0.35416666666666663,0.9634805864774381
53,70,0.655171811580658,0.0,0.0625,0.8949266652318297
53,71,0.5652545690536499,0.0,0.29166666666666663,0.9889004561446519
53,72,0.5813049674034119,0.0,0.35416666666666663,0.9514264768398024
53,73,0.6051282286643982,0.0,0.3125,0.9733068327914991
53,74,0.5209508538246155,0.0,0.7291666666666667,0.9917634736557758
53,75,0.7853525280952454,0.0,0.9411764705882353,0.9862824677788746
53,76,0.6307451128959656,0.0,0.04166666666666663,0.8636230681571133
53,77,0.49619027972221375,0.0,0.1875,0.9808251970189582
53,78,0.7653588652610779,0.0,0.7741935483870968,0.9960360977731303
53,79,0.755133867263794,0.0,0.7384615384615385,0.9959126242900086
53,80,0.749070405960083,0.0,0.8571428571428572,0.9941605393981531
53,81,0.6653719544410706,0.0,0.7083333333333333,0.9966716240852486
53,82,0.7623121738433838,0.0,0.9791666666666666,0.9954880335090486
53,83,0.7622964978218079,0.0,0.676056338028169,0.9920175118044088
53,84,0.7736207842826843,0.0,0.47916666666666663,0.9866490969314029
53,85,0.7804741859436035,0.012195121951219513,0.7916666666666666,0.9933566550373282
53,86,0.6405757069587708,0.0,0.0625,0.868418196498815
53,87,0.6299877762794495,0.0,0.41666666666666663,0.9686598371316305
53,88,0.7620572447776794,0.0,0.25,0.926346958872472
53,89,0.6593084931373596,0.0,0.08333333333333337,0.9274241538645878
53,90,0.7532515525817871,0.0,0.125,0.9178603382759231
53,92,0.5173478722572327,0.0,0.5,0.9871031782076423
53,93,0.6756264567375183,0.0,0.7708333333333334,0.9859754289978352
53,94,0.785376787185669,0.0,0.5,0.9530366545780371
53,95,0.5681862235069275,0.0,0.20833333333333337,0.8973230391416145
53,96,0.6155146956443787,0.0,0.875,0.9784375712623606
53,97,0.7447803616523743,0.01639344262295082,0.29166666666666663,0.935890563089957
53,98,0.670233964920044,0.0,0.10416666666666663,0.9235313420365001
53,99,0.6791958808898926,0.0,0.20833333333333337,0.9440343437434584
53,100,0.5983429551124573,0.0,0.33333333333333337,0.9686729970844749
53,101,0.7722840309143066,0.0,0.20833333333333337,0.9465838865201498
53,103,0.6170465350151062,0.0,0.39583333333333337,0.9680355487070093
53,104,0.39899298548698425,0.0,0.125,0.9351002848756707
53,105,0.6444546580314636,0.0,0.8727272727272728,0.9924749608307672
53,106,0.7067835927009583,0.0,0.47916666666666663,0.9778537291550948
53,110,0.7621541619300842,0.0,0.6956521739130435,0.9964764953000588
53,111,0.7813706398010254,0.0,0.7708333333333334,0.9715092046591557
53,112,0.7388362884521484,0.0,0.125,0.8804348923212164
53,113,0.6844102740287781,0.0,0.47916666666666663,0.9900117004034781
53,114,0.6493241190910339,0.0,0.6875,0.9925956013550242
53,115,0.5934888124465942,0.0,0.7083333333333333,0.9859567057659576
53,116,0.6594164967536926,0.0,0.8135593220338984,0.9895893380890735
53,117,0.7065331339836121,0.015873015873015872,0.33333333333333337,0.9611056784238956
53,118,0.705202579498291,0.0,0.6666666666666667,0.9482094362312874
53,119,0.6365679502487183,0.0,0.7708333333333334,0.9823930208012651
53,120,0.3797055184841156,0.0,0.04166666666666663,0.8237413965671962
53,121,0.7551414370536804,0.0,0.75,0.9975188753217034
53,123,0.75166255235672,0.0,0.45833333333333337,0.9472860075114059
53,124,0.7085651755332947,0.0,0.4067796610169492,0.9772883776259098
53,125,0.7580415606498718,0.0,0.14583333333333337,0.9317231929881196
53,127,0.7229477763175964,0.0,0.29166666666666663,0.9613642905476173
53,128,0.5650699734687805,0.0,0.9583333333333334,0.9945707175489308
53,129,0.7491691708564758,0.0,0.4948453608247423,0.9935416430081349
53,130,0.6065168380737305,0.0,0.6041666666666667,0.9845065507602323
53,131,0.43722543120384216,0.0,0.10416666666666663,0.9183439248592575
53,132,0.7851779460906982,0.0,0.9583333333333334,0.9877171324430588
53,133,0.44621220231056213,0.0,0.0625,0.8352713143600337
53,134,0.6764619946479797,0.0,0.08333333333333337,0.9030866129200652
53,136,0.7824928164482117,0.0,0.4375,0.9836086814093218
53,137,0.7224728465080261,0.0,0.20833333333333337,0.9616805438073327
53,138,0.5800545811653137,0.0,0.0625,0.8678646156283027
53,139,0.6878198981285095,0.0,0.0625,0.8738623851250168
53,140,0.6898319125175476,0.0,0.14583333333333337,0.9637497273516549
53,144,0.4562869966030121,0.0,0.08333333333333337,0.9030866129200652
53,145,0.5836213231086731,0.0,0.04166666666666663,0.8237413965671962
53,149,0.39360156655311584,0.0,0.08333333333333337,0.9075713685701426
53,150,0.7947103977203369,0.0,0.6233766233766234,0.9924204154521621
53,155,0.5669044256210327,0.0,0.10416666666666663,0.9335606474777947
54,56,0.5883215665817261,0.0,0.0980392156862745,0.9400010898869207
54,57,0.4741305410861969,0.0,0.02941176470588236,0.7918114840587438
54,58,0.5517175197601318,0.0,0.13725490196078427,0.9336733744124283
54,59,0.4929637014865875,0.0,0.1029411764705882,0.9153337440754821
54,61,0.5988610982894897,0.0,0.0490196078431373,0.9185670170234479
54,63,0.4519474506378174,0.0,0.05392156862745101,0.9383079976064896
54,65,0.5584846138954163,0.0,0.06372549019607843,0.892437538213891
54,67,0.5860437750816345,0.0,0.08333333333333337,0.9112477431409688
54,70,0.5059337019920349,0.0,0.014705882352941124,0.830683564767582
54,71,0.5028828382492065,0.004901960784313725,0.06862745098039214,0.9474629611259517
54,72,0.49282050132751465,0.0,0.08333333333333337,0.9305675614653274
54,73,0.5114985704421997,0.0,0.07352941176470584,0.9330417061949348
54,74,0.5475136041641235,0.0,0.17156862745098034,0.957303686650859
54,75,0.6584957838058472,0.0,0.25,0.940206481646676
54,76,0.4189469516277313,0.0,0.009803921568627416,0.7741195319048112
54,77,0.41377320885658264,0.0,0.044117647058823484,0.9368442553286265
54,78,0.6886042952537537,0.0,0.303921568627451,0.9680836054311938
54,79,0.6809806227684021,0.0,0.31862745098039214,0.9734527998766083
54,80,0.6346415281295776,0.0,0.27450980392156865,0.9657632723780121
54,81,0.5576377511024475,0.0,0.16666666666666663,0.9676550038813521
54,82,0.6652621626853943,0.004201680672268907,0.23039215686274506,0.9673642097489235
54,83,0.6781976819038391,0.003816793893129771,0.3480392156862745,0.9684301756194524
54,84,0.6321007013320923,0.004672897196261682,0.11274509803921573,0.9382379350829717
54,85,0.648486852645874,0.0,0.18627450980392157,0.9580995989712429
54,86,0.5774112939834595,0.0,0.014705882352941124,0.772732218376277
54,87,0.5548263788223267,0.0,0.0980392156862745,0.9167460177490111
54,88,0.6343726515769958,0.0,0.05882352941176472,0.8484454028218754
54,89,0.5792477130889893,0.0,0.019607843137254943,0.8510759890234258
54,90,0.5782611966133118,0.0,0.02941176470588236,0.8456139163594729
54,92,0.49453720450401306,0.0,0.11764705882352944,0.9495235669188858
54,93,0.5690576434135437,0.0,0.18137254901960786,0.942386284436456
54,94,0.6294224262237549,0.0,0.11764705882352944,0.8842866568450883
54,95,0.4580117166042328,0.0,0.0490196078431373,0.8082434548586367
54,96,0.5664477348327637,0.0,0.20588235294117652,0.9238993804483056
54,97,0.6004729866981506,0.0,0.06862745098039214,0.8609107874556983
54,98,0.5037505030632019,0.0,0.02450980392156865,0.8414354111897641
54,99,0.5554445385932922,0.0,0.0490196078431373,0.873199361308479
54,100,0.5264714956283569,0.0,0.07843137254901966,0.9125938871424881
54,101,0.5879838466644287,0.0,0.0490196078431373,0.8812293035452112
54,103,0.538534939289093,0.0,0.09313725490196079,0.909099737549523
54,104,0.4079541265964508,0.0,0.02941176470588236,0.8559892653048393
54,105,0.5794633030891418,0.0,0.26960784313725494,0.9544782106275823
54,106,0.5984371900558472,0.0,0.11274509803921573,0.924193577468474
54,110,0.6119984984397888,0.0,0.3382352941176471,0.9722533358502219
54,111,0.6452750563621521,0.0,0.18137254901960786,0.9114916635988125
54,112,0.5949903130531311,0.0,0.02941176470588236,0.786356016273908
54,113,0.5768176913261414,0.0,0.11274509803921573,0.9486955911616769
54,114,0.5126922726631165,0.0,0.16176470588235292,0.9592751989913724
54,115,0.5326099991798401,0.0,0.16666666666666663,0.9452768865537092
54,116,0.5611295700073242,0.0,0.2892156862745098,0.9499949117804616
54,117,0.5249440670013428,0.0,0.07843137254901966,0.9003060827137168
54,118,0.6187169551849365,0.0,0.1568627450980392,0.8804534036816606
54,119,0.5754998326301575,0.0,0.18137254901960786,0.9430124904035805
54,120,0.42607611417770386,0.0,0.009803921568627416,0.7196147191706116
54,121,0.6027694940567017,0.0,0.17647058823529416,0.9723510070502809
54,123,0.6094303727149963,0.0,0.10784313725490191,0.875879144125256
54,124,0.6200550198554993,0.0,0.5784313725490196,0.9593306658243836
54,125,0.5753413438796997,0.0,0.03431372549019607,0.8549120857289388
54,127,0.5601652264595032,0.0,0.06862745098039214,0.9272731223894355
54,128,0.5422263145446777,0.0,0.22549019607843135,0.9923845609259666
54,129,0.6755929589271545,0.0,0.47549019607843135,0.9693175096483689
54,130,0.5234336256980896,0.0,0.1421568627450981,0.9453450271996592
54,131,0.3820405900478363,0.0,0.02450980392156865,0.8344381695053401
54,132,0.6719054579734802,0.0,0.22549019607843135,0.941635043595943
54,133,0.34682008624076843,0.0,0.014705882352941124,0.7414883930396432
54,134,0.5670456290245056,0.0,0.019607843137254943,0.814731337565177
54,136,0.6247102618217468,0.0,0.1029411764705882,0.9341988707143087
54,137,0.5983850359916687,0.0,0.0490196078431373,0.8982451821018166
54,138,0.4299905002117157,0.0,0.014705882352941124,0.7855181175747796
54,139,0.5240938067436218,0.0,0.014705882352941124,0.7802658627121002
54,140,0.5881325006484985,0.0,0.03431372549019607,0.9089901045130899
54,144,0.4764808118343353,0.0,0.019607843137254943,0.814731337565177
54,145,0.40763556957244873,0.0,0.009803921568627416,0.7196147191706116
54,149,0.4121529459953308,0.0,0.019607843137254943,0.8299628526265077
54,150,0.6866954565048218,0.0,0.37745098039215685,0.9919470296405943
54,155,0.4541119635105133,0.0,0.02450980392156865,0.9037230188171915
56,57,0.4934485852718353,0.0,0.30000000000000004,0.9467397195852009
56,58,0.47736793756484985,0.0,0.7142857142857143,0.9977767151850367
56,59,0.47105246782302856,0.0,0.9523809523809523,0.9964604594368732
56,61,0.5920356512069702,0.0,0.5,0.9718553942878053
56,63,0.44431933760643005,0.0,0.55,0.995111555088133
56,65,0.6772221922874451,0.13793103448275862,0.65,0.9923403399441958
56,67,0.62964928150177,0.0,0.85,0.9915458730041675
56,70,0.517249584197998,0.0,0.15000000000000002,0.9437325625225478
56,71,0.5669016242027283,0.0,0.7,0.998237991699616
56,72,0.5195482969284058,0.0,0.85,0.9541017735222024
56,73,0.5438842177391052,0.0,0.75,0.987936173202512
56,74,0.4613482356071472,0.0,0.5714285714285714,0.9936935167299098
56,75,0.6397696137428284,0.0,0.3921568627450981,0.9939661644817607
56,76,0.49505311250686646,0.0,0.09999999999999998,0.9295335702357791
56,77,0.44479113817214966,0.0,0.44999999999999996,0.9900045355360549
56,78,0.6415465474128723,0.0,0.32258064516129037,0.9882448144163143
56,79,0.6303108930587769,0.0,0.3076923076923077,0.9798800573810231
56,80,0.62507563829422,0.0,0.3571428571428571,0.9942793703008186
56,81,0.6253163814544678,0.0,0.5882352941176471,0.9950176994580799
56,82,0.6759657263755798,0.0,0.42553191489361697,0.9889135401407557
56,83,0.6223675608634949,0.0,0.2816901408450704,0.9766462647999992
56,84,0.6390910148620605,0.0,0.8695652173913043,0.9978526981231113
56,85,0.6531562209129333,0.0,0.5263157894736843,0.9975510338216178
56,86,0.4541134238243103,0.0,0.15000000000000002,0.9395684060755579
56,87,0.5475930571556091,0.0,1.0,0.9934646443849283
56,88,0.6228631138801575,0.0,0.6,0.9758459566881228
56,89,0.534138560295105,0.0,0.19999999999999996,0.9716975798480586
56,90,0.5982097387313843,0.0,0.30000000000000004,0.9666257460036384
56,92,0.5053045749664307,0.0,0.8333333333333334,0.9970418348772967
56,93,0.6126986145973206,0.0,0.5405405405405406,0.9974221974328816
56,94,0.6028023958206177,0.0,0.8333333333333334,0.9884546951956904
56,95,0.4829387664794922,0.0,0.5,0.9528327930764485
56,96,0.5210185050964355,0.0,0.47619047619047616,0.9946900075418623
56,97,0.6213120222091675,0.0,0.7,0.9811122888283188
56,98,0.5111476182937622,0.0,0.25,0.9710516704765919
56,99,0.5635863542556763,0.0,0.5,0.9861728931844403
56,100,0.5481997728347778,0.0,0.8,0.9936301791600721
56,101,0.5648739337921143,0.0,0.5,0.9817944964469056
56,103,0.5310854911804199,0.0,0.95,0.9956734299059259
56,104,0.3022606670856476,0.0,0.30000000000000004,0.9795708976818558
56,105,0.5789109468460083,0.0,0.36363636363636365,0.9968435918965889
56,106,0.638078510761261,0.0,0.8695652173913043,0.9984261777673206
56,110,0.6402008533477783,0.011764705882352941,0.28985507246376807,0.9873340777911718
56,111,0.6268693208694458,0.0,0.5405405405405406,0.9938072570644954
56,112,0.6068233847618103,0.0,0.30000000000000004,0.947843806227154
56,113,0.5758458375930786,0.0,0.8695652173913043,0.9993948665560728
56,114,0.506933331489563,0.0,0.6060606060606061,0.9937369740385106
56,115,0.5719901323318481,0.0,0.5882352941176471,0.9958950924511466
56,116,0.5883291363716125,0.0,0.3389830508474576,0.9957836438879168
56,117,0.5699365735054016,0.0,0.8,0.9897149786435285
56,118,0.5755804777145386,0.0,0.625,0.9828911492533184
56,119,0.5579214692115784,0.0,0.5405405405405406,0.9888843216973262
56,120,0.31528207659721375,0.0,0.09999999999999998,0.9058346222733417
56,121,0.6854829788208008,0.0,0.5555555555555556,0.9928580091633205
56,123,0.6525145769119263,0.0,0.9090909090909091,0.9823276944227082
56,124,0.5490428805351257,0.0,0.1694915254237288,0.9566641875379871
56,125,0.5541177988052368,0.0,0.35,0.9795113189340935
56,127,0.6079151630401611,0.0,0.7,0.9781325934497218
56,128,0.47437435388565063,0.0,0.4347826086956522,0.9718192534517264
56,129,0.6472207307815552,0.0,0.20618556701030932,0.9809418994000306
56,130,0.5432888269424438,0.0,0.6896551724137931,0.9955034885302325
56,131,0.4389500617980957,0.0,0.25,0.9712271720031935
56,132,0.6425706148147583,0.0,0.4347826086956522,0.9948384690336202
56,133,0.46803635358810425,0.0,0.15000000000000002,0.9147440769427476
56,134,0.5701771974563599,0.0,0.19999999999999996,0.9611282666173959
56,136,0.6156949400901794,0.0,0.9523809523809523,0.996359209470126
56,137,0.6003915071487427,0.0,0.5,0.9937669530519043
56,138,0.4738551080226898,0.0,0.15000000000000002,0.9357677269050784
56,139,0.5459362268447876,0.0,0.15000000000000002,0.9379606240055481
56,140,0.6171420216560364,0.0,0.35,0.9881300241965862
56,144,0.35164982080459595,0.0,0.19999999999999996,0.9611282666173959
56,145,0.5021129250526428,0.0,0.09999999999999998,0.9058346222733417
56,149,0.3242431581020355,0.0,0.19999999999999996,0.957744287183124
56,150,0.6883825659751892,0.0,0.2597402597402597,0.9672051929210279
56,155,0.45369774103164673,0.0,0.25,0.9338604731613914
57,58,0.29129961133003235,0.0,0.2142857142857143,0.9427917778690188
57,59,0.2997037172317505,0.0,0.2857142857142857,0.9558353720746954
57,61,0.3445172607898712,0.0,0.6,0.8931213245798264
57,63,0.2605907917022705,0.0,0.5454545454545454,0.9298877952256336
57,65,0.3351278007030487,0.0,0.46153846153846156,0.978283536678267
57,67,0.3958733379840851,0.0,0.3529411764705882,0.9485214090252758
57,70,0.28731343150138855,0.0,0.5,0.9176783293405598
57,71,0.3036815822124481,0.0,0.4285714285714286,0.9355314936912137
57,72,0.25921061635017395,0.0,0.3529411764705882,0.8398882824328604
57,73,0.24625414609909058,0.0,0.4,0.9119980671572814
57,74,0.3872583210468292,0.0,0.17142857142857137,0.9097913343276869
57,75,0.4245796501636505,0.0,0.11764705882352944,0.9432055676972869
57,76,0.14052997529506683,0.0,0.33333333333333337,0.955769476269727
57,77,0.24717028439044952,0.0,0.6666666666666667,0.9316917080165675
57,78,0.4103752672672272,0.0,0.09677419354838712,0.9107296147682457
57,79,0.4350520372390747,0.0,0.09230769230769231,0.8898398905659659
57,80,0.44580593705177307,0.0,0.1071428571428571,0.9129901467115631
57,81,0.3870570957660675,0.0,0.17647058823529416,0.9180804909047123
57,82,0.35958775877952576,0.0,0.12765957446808507,0.913786370774294
57,83,0.3990829288959503,0.0,0.08450704225352113,0.8941074325910872
57,84,0.37432923913002014,0.0,0.26086956521739135,0.9435138707669191
57,85,0.4254129230976105,0.0,0.1578947368421053,0.9262806918854237
57,86,0.3326467275619507,0.0,0.5,0.9844744348655352
57,87,0.32165610790252686,0.0,0.30000000000000004,0.9461680636869325
57,88,0.3766947090625763,0.0,0.5,0.9904596483814414
57,89,0.2860739827156067,0.0,0.6666666666666667,0.9636519154282734
57,90,0.2870052754878998,0.0,1.0,0.9498788134651844
57,92,0.3311562240123749,0.0,0.25,0.9431690034561879
57,93,0.36672499775886536,0.0,0.16216216216216217,0.9343265276457933
57,94,0.3921014070510864,0.0,0.25,0.9765084283930419
57,95,0.3447369635105133,0.0,0.6,0.9985131454685341
57,96,0.394002765417099,0.0,0.1428571428571429,0.9561932870241188
57,97,0.4072301685810089,0.0,0.4285714285714286,0.9837872349649782
57,98,0.3382751941680908,0.0,0.8333333333333334,0.9904260818067101
57,99,0.3374686539173126,0.0,0.6,0.9835744226046885
57,100,0.32317981123924255,0.0,0.375,0.9464108995773262
57,101,0.2639653980731964,0.0,0.6,0.945251301306435
57,103,0.3348684012889862,0.0,0.3157894736842105,0.9629677330777251
57,104,0.2844680845737457,0.0,1.0,0.9853193721560491
57,105,0.4069056510925293,0.0,0.10909090909090913,0.9284198575222253
57,106,0.387020468711853,0.0,0.26086956521739135,0.9566155118249464
57,110,0.4719816744327545,0.0,0.08695652173913049,0.9069722130859675
57,111,0.3854418992996216,0.0,0.16216216216216217,0.9627160773117118
57,112,0.37179407477378845,0.0,1.0,0.9897997464767416
57,113,0.3038039207458496,0.0,0.26086956521739135,0.9389319166249098
57,114,0.29233232140541077,0.0,0.18181818181818177,0.9300797817386519
57,115,0.3604871928691864,0.0,0.17647058823529416,0.9256462602669678
57,116,0.4034017026424408,0.0,0.10169491525423724,0.9254851550275423
57,117,0.34124693274497986,0.0,0.375,0.9476111779328265
57,118,0.3937159776687622,0.0,0.1875,0.9833728675917962
57,119,0.37956467270851135,0.0,0.16216216216216217,0.9438467840751432
57,120,0.2573782205581665,0.0,0.33333333333333337,0.9847420137251504
57,121,0.4047911465167999,0.0,0.16666666666666663,0.9029780457025456
57,123,0.42087021470069885,0.0,0.2727272727272727,0.9848905530545519
57,124,0.4465380012989044,0.0,0.05084745762711862,0.8793587853143905
57,125,0.3343750536441803,0.0,0.8571428571428572,0.9878814460860083
57,127,0.32523196935653687,0.0,0.4285714285714286,0.9000860651395295
57,128,0.31023362278938293,0.0,0.13043478260869568,0.8477680521536727
57,129,0.419797420501709,0.0,0.061855670103092786,0.9011921482301518
57,130,0.3993280827999115,0.0,0.2068965517241379,0.9252840899440851
57,131,0.23896260559558868,0.0,0.8333333333333334,0.9846943460933646
57,132,0.3834606111049652,0.0,0.13043478260869568,0.9397285664304619
57,133,0.177891805768013,0.0,0.5,0.9801381750627722
57,134,0.3183356821537018,0.0,0.6666666666666667,0.9917368381462474
57,136,0.3527921140193939,0.0,0.2857142857142857,0.9352987171832504
57,137,0.37389132380485535,0.0,0.6,0.9752104004170423
57,138,0.2230590134859085,0.0,0.5,0.9625396692146106
57,139,0.24976301193237305,0.0,0.5,0.9931812184308363
57,140,0.3741508722305298,0.0,0.8571428571428572,0.9649989062142676
57,144,0.22241461277008057,0.0,0.6666666666666667,0.9917368381462474
57,145,0.14390774071216583,0.0,0.33333333333333337,0.9847420137251504
57,149,0.24695777893066406,0.0,0.6666666666666667,0.9436253508772015
57,150,0.35850417613983154,0.0,0.07792207792207795,0.8358899309282554
57,155,0.24560542404651642,0.0,0.8333333333333334,0.8853591842180053
58,59,0.4243505299091339,0.0,0.75,0.9985954719336364
58,61,0.47486940026283264,0.0,0.3571428571428571,0.9678409195793258
58,63,0.37300580739974976,0.0,0.3928571428571429,0.9921511857901477
58,65,0.46444272994995117,0.0,0.4642857142857143,0.9909688191291088
58,67,0.4538242816925049,0.0,0.6071428571428572,0.9905512989660545
58,70,0.4328582286834717,0.0,0.1071428571428571,0.9377526398829497
58,71,0.4643469750881195,0.0,0.5,0.9950903293941551
58,72,0.44810229539871216,0.0,0.6071428571428572,0.9543603103764406
58,73,0.4566071331501007,0.0,0.5357142857142857,0.9875789188611543
58,74,0.37897777557373047,0.0,0.8,0.9955258388652698
58,75,0.523892343044281,0.0,0.5490196078431373,0.9943943758500744
58,76,0.388571172952652,0.0,0.0714285714285714,0.9233806075233673
58,77,0.4251691699028015,0.0,0.3214285714285714,0.9852727195280622
58,78,0.5173301696777344,0.0,0.4516129032258065,0.9861421416723974
58,79,0.5109595060348511,0.0,0.4307692307692308,0.9782025699539931
58,80,0.5400119423866272,0.0,0.5,0.9927476524417942
58,81,0.4169674515724182,0.0,0.8235294117647058,0.9914162407632239
58,82,0.5867466330528259,0.0,0.5957446808510638,0.9856383838994538
58,83,0.5858789682388306,0.0,0.3943661971830986,0.9740173819928575
58,84,0.522750973701477,0.0,0.8214285714285714,0.9985872195803449
58,85,0.47653183341026306,0.0,0.736842105263158,0.9964783666982568
58,86,0.43558114767074585,0.0,0.1071428571428571,0.935545522890956
58,87,0.5041037797927856,0.0,0.7142857142857143,0.9940443524977045
58,88,0.4737679958343506,0.0,0.4285714285714286,0.9740194160345246
58,89,0.4387405812740326,0.0,0.1428571428571429,0.9689760198864911
58,90,0.4643186926841736,0.0,0.2142857142857143,0.9659841356327924
58,92,0.4123588502407074,0.0,0.8571428571428572,0.9914410772331574
58,93,0.49327126145362854,0.0,0.7567567567567568,0.9988810298271222
58,94,0.4730828106403351,0.0,0.8571428571428572,0.9901295439032154
58,95,0.41237422823905945,0.0,0.3571428571428571,0.9501518060079945
58,96,0.4931085705757141,0.0,0.6666666666666667,0.9962694936564666
58,97,0.49863842129707336,0.0,0.5,0.9812869940082662
58,98,0.36294540762901306,0.0,0.1785714285714286,0.9673732347448599
58,99,0.4163271486759186,0.0,0.3571428571428571,0.9837225016829219
58,100,0.4133896827697754,0.0,0.5714285714285714,0.995608227431979
58,101,0.533744215965271,0.0,0.3571428571428571,0.9850116472333905
58,103,0.41437020897865295,0.0,0.6785714285714286,0.9962708975926304
58,104,0.33104416728019714,0.0,0.2142857142857143,0.9778656845021779
58,105,0.41484397649765015,0.0,0.509090909090909,0.9972990059470961
58,106,0.4700523018836975,0.0,0.8214285714285714,0.9987320096775059
58,110,0.5609005689620972,0.0,0.4057971014492754,0.9839372232333851
58,111,0.5157526731491089,0.0,0.7567567567567568,0.9963265540368638
58,112,0.4369407594203949,0.0,0.2142857142857143,0.9470165226905717
58,113,0.4766007959842682,0.0,0.8214285714285714,0.997791606232407
58,114,0.4548063278198242,0.0,0.8484848484848485,0.989587561117057
58,115,0.4696071147918701,0.0,0.8235294117647058,0.9974152051250417
58,116,0.5075398683547974,0.0,0.47457627118644063,0.9978775797166972
58,117,0.4296835958957672,0.0,0.5714285714285714,0.9933555125843166
58,118,0.5065467357635498,0.0,0.875,0.9814649443422812
58,119,0.4889298379421234,0.0,0.7567567567567568,0.9836640443674779
58,120,0.30779093503952026,0.0,0.0714285714285714,0.8987459285430469
58,121,0.48747920989990234,0.0,0.7777777777777778,0.9910963097596993
58,123,0.5139673352241516,0.0,0.7857142857142857,0.9817557533095137
58,124,0.44903162121772766,0.0,0.23728813559322037,0.9507940847023845
58,125,0.48299241065979004,0.0,0.25,0.9762005565608322
58,127,0.439544141292572,0.0,0.5,0.9755216097520477
58,128,0.46879738569259644,0.0,0.6086956521739131,0.9673187484124869
58,129,0.5066770911216736,0.0,0.28865979381443296,0.9780671789641681
58,130,0.4577901065349579,0.0,0.9655172413793104,0.9959037408166637
58,131,0.35544753074645996,0.0,0.1785714285714286,0.9694585889476668
58,132,0.5495482087135315,0.0,0.6086956521739131,0.9962557796526622
58,133,0.31257349252700806,0.0,0.1071428571428571,0.9053167193152588
58,134,0.3983112871646881,0.0,0.1428571428571429,0.9571604578473575
58,136,0.5132017731666565,0.0,0.75,0.9991909399363098
58,137,0.4369494616985321,0.0,0.3571428571428571,0.9911051918371673
58,138,0.34723779559135437,0.0,0.1071428571428571,0.9267757678219236
58,139,0.4046253561973572,0.0,0.1071428571428571,0.931203206505285
58,140,0.42833560705184937,0.0,0.25,0.9799416806135737
58,144,0.3541164696216583,0.0,0.1428571428571429,0.9571604578473575
58,145,0.3491683006286621,0.0,0.0714285714285714,0.8987459285430469
58,149,0.3904394507408142,0.0,0.1428571428571429,0.9575188050001965
58,150,0.5216085314750671,0.0,0.36363636363636365,0.9647762291768546
58,155,0.34634003043174744,0.0,0.1785714285714286,0.9186809908293911
59,61,0.4020530581474304,0.0,0.47619047619047616,0.9689267726153715
59,63,0.30433332920074463,0.0,0.5238095238095238,0.9915766913287094
59,65,0.40938982367515564,0.0,0.6190476190476191,0.9953591811599458
59,67,0.40660586953163147,0.0,0.8095238095238095,0.9937168437012555
59,70,0.36877474188804626,0.0,0.1428571428571429,0.9485541347873508
59,71,0.43489038944244385,0.0,0.6666666666666667,0.9922655406363763
59,72,0.4203825891017914,0.0,0.8095238095238095,0.950815098904478
59,73,0.3907388150691986,0.0,0.7142857142857143,0.9870018935487024
59,74,0.5395281910896301,0.0,0.6,0.9905560105740071
59,75,0.5234648585319519,0.0,0.4117647058823529,0.9905680504519127
59,76,0.3044545352458954,0.0,0.09523809523809523,0.9390999159357856
59,77,0.3962112069129944,0.0,0.4285714285714286,0.9825395390918833
59,78,0.5383440256118774,0.0,0.33870967741935487,0.9776140066747662
59,79,0.47241806983947754,0.0,0.32307692307692304,0.9672091886033376
59,80,0.4718112051486969,0.0,0.375,0.9870020628364564
59,81,0.473054975271225,0.0,0.6176470588235294,0.9850074440847786
59,82,0.45820382237434387,0.0,0.44680851063829785,0.9774875065487687
59,83,0.47249507904052734,0.0,0.295774647887324,0.9630749087766386
59,84,0.43131333589553833,0.0,0.9130434782608696,0.9961374867651166
59,85,0.4554991126060486,0.0,0.5526315789473684,0.9919196271283234
59,86,0.37931081652641296,0.0,0.1428571428571429,0.9522547049031181
59,87,0.44644400477409363,0.0,0.9523809523809523,0.9961520881224065
59,88,0.4401877224445343,0.0,0.5714285714285714,0.9833654272363183
59,89,0.3514522910118103,0.0,0.19047619047619047,0.9775183523331814
59,90,0.39673060178756714,0.0,0.2857142857142857,0.976152048403951
59,92,0.41571298241615295,0.0,0.875,0.9884842997357637
59,93,0.5575705766677856,0.0,0.5675675675675675,0.99665690865097
59,94,0.4318256378173828,0.0,0.875,0.9950719878889891
59,95,0.42093345522880554,0.0,0.47619047619047616,0.9610059691264058
59,96,0.4024791717529297,0.0,0.5,0.995129969014168
59,97,0.39778485894203186,0.0,0.6666666666666667,0.989385276442509
59,98,0.39149612188339233,0.0,0.23809523809523814,0.9762005718433271
59,99,0.4582527279853821,0.0,0.47619047619047616,0.9909077806460278
59,100,0.4039459824562073,0.0,0.7619047619047619,0.9978415064519229
59,101,0.40837398171424866,0.0,0.47619047619047616,0.9907210797918473
59,103,0.5334303379058838,0.0,0.9047619047619048,0.9989992667466556
59,104,0.2950555980205536,0.0,0.2857142857142857,0.9858728405501833
59,105,0.49010413885116577,0.0,0.38181818181818183,0.9927165025870011
59,106,0.4926667809486389,0.0,0.9130434782608696,0.999199006843282
59,110,0.49368390440940857,0.0,0.30434782608695654,0.97499572160653
59,111,0.5001981258392334,0.0,0.5675675675675675,0.9971245978244299
59,112,0.46267545223236084,0.0,0.2857142857142857,0.9622240855972605
59,113,0.48123282194137573,0.0,0.9130434782608696,0.994810171850552
59,114,0.44994285702705383,0.0,0.6363636363636364,0.9838061103069313
59,115,0.47902947664260864,0.0,0.6176470588235294,0.9948646828102643
59,116,0.5297468900680542,0.0,0.35593220338983056,0.9939825993906481
59,117,0.42063507437705994,0.0,0.7619047619047619,0.9967593958572386
59,118,0.5168949365615845,0.0,0.65625,0.9858414611100632
59,119,0.41801008582115173,0.0,0.5675675675675675,0.9793019450803165
59,120,0.2650739252567291,0.0,0.09523809523809523,0.9187067229703386
59,121,0.4598449170589447,0.0,0.5833333333333333,0.9839637012795653
59,123,0.48002079129219055,0.0,0.9545454545454546,0.9862662405486615
59,124,0.4877551794052124,0.0,0.17796610169491522,0.9380104047363647
59,125,0.40781673789024353,0.0,0.33333333333333337,0.9852281003134236
59,127,0.40170854330062866,0.0,0.6666666666666667,0.9757669738399567
59,128,0.4865775406360626,0.0,0.4565217391304348,0.9548673821553171
59,129,0.5257704854011536,0.0,0.21649484536082475,0.9679563820806408
59,130,0.4531398415565491,0.0,0.7241379310344828,0.9937183282213733
59,131,0.3936612606048584,0.0,0.23809523809523814,0.980292604249536
59,132,0.49065521359443665,0.0,0.4565217391304348,0.9923509351838822
59,133,0.3181576132774353,0.0,0.1428571428571429,0.9245238572815169
59,134,0.37701088190078735,0.0,0.19047619047619047,0.969478466728044
59,136,0.459579735994339,0.0,1.0,0.9974806233679558
59,137,0.3900116980075836,0.0,0.47619047619047616,0.9951465727586146
59,138,0.3412308692932129,0.0,0.1428571428571429,0.9429155429718439
59,139,0.3458075225353241,0.0,0.1428571428571429,0.9452327488492906
59,140,0.40639883279800415,0.0,0.33333333333333337,0.9815961684218338
59,144,0.33967575430870056,0.0,0.19047619047619047,0.969478466728044
59,145,0.3454901874065399,0.0,0.09523809523809523,0.9187067229703386
59,149,0.3046617805957794,0.0,0.19047619047619047,0.9683416305808247
59,150,0.47123846411705017,0.0,0.2727272727272727,0.951651666913514
59,155,0.2826453745365143,0.0,0.23809523809523814,0.9132375199061257
61,63,0.487307608127594,0.0,0.9090909090909091,0.9897247482919751
61,65,0.7893608808517456,0.045454545454545456,0.7692307692307692,0.9554613491636688
61,67,0.5702102184295654,0.0,0.5882352941176471,0.9849489256338084
61,70,0.6266481280326843,0.0,0.30000000000000004,0.9779935066041161
61,71,0.5283779501914978,0.0,0.7142857142857143,0.9709563582426681
61,72,0.5343848466873169,0.0,0.5882352941176471,0.9916773338975041
61,73,0.5303946733474731,0.0,0.6666666666666667,0.9944133270025418
61,74,0.4718990921974182,0.0,0.2857142857142857,0.9758497486038742
61,75,0.7342077493667603,0.0,0.196078431372549,0.9419809012078552
61,76,0.5296645164489746,0.0,0.19999999999999996,0.9314508416292967
61,77,0.4404982924461365,0.0,0.9,0.9577018297034049
61,78,0.7206891775131226,0.0,0.16129032258064513,0.9386792946887439
61,79,0.6611473560333252,0.0,0.15384615384615385,0.927856669674691
61,80,0.6624524593353271,0.0,0.1785714285714286,0.9708446459749112
61,81,0.6619790196418762,0.0,0.2941176470588235,0.9613993050918027
61,82,0.6598908305168152,0.0,0.21276595744680848,0.9397632470582008
61,83,0.715907633304596,0.0,0.14084507042253525,0.9162787089383482
61,84,0.7255970239639282,0.0,0.4347826086956522,0.9598006335420929
61,85,0.7149756550788879,0.0,0.26315789473684215,0.9686644397978473
61,86,0.5375064611434937,0.0,0.30000000000000004,0.9244765928322052
61,87,0.5476976633071899,0.0,0.5,0.9828782129208324
61,88,0.7069343328475952,0.0,0.8333333333333334,0.9416873137525404
61,89,0.5637094378471375,0.0,0.4,0.958256901188363
61,90,0.657984733581543,0.0,0.6,0.9781706233703746
61,92,0.4346087872982025,0.0,0.41666666666666663,0.9611939104173659
61,93,0.6494054198265076,0.0,0.2702702702702703,0.9733348015879351
61,94,0.7509924173355103,0.0,0.41666666666666663,0.9518964344499328
61,95,0.535366415977478,0.0,1.0,0.891295392296279
61,96,0.5210886597633362,0.0,0.23809523809523814,0.9458957209627548
61,97,0.8155068159103394,0.0,0.7142857142857143,0.9512483479060686
61,98,0.6138845682144165,0.0,0.5,0.9260193544078498
61,99,0.6610459089279175,0.0,1.0,0.9574563936748912
61,100,0.5073562860488892,0.0,0.625,0.9815605906260639
61,101,0.6656886339187622,0.0,1.0,0.9816905697299824
61,103,0.571082353591919,0.0,0.5263157894736843,0.9698174934753634
61,104,0.3371841609477997,0.0,0.6,0.9440912270067267
61,105,0.6376538872718811,0.0,0.18181818181818177,0.9627662409539387
61,106,0.663784384727478,0.0,0.4347826086956522,0.9670926955072283
61,110,0.7393867373466492,0.0,0.14492753623188404,0.9399401444846942
61,111,0.7305675745010376,0.021739130434782608,0.2702702702702703,0.9493246302828204
61,112,0.7025952339172363,0.0,0.6,0.9234989770542018
61,113,0.5641853213310242,0.0,0.4347826086956522,0.968142773392753
61,114,0.564900279045105,0.0,0.303030303030303,0.9482840790496688
61,115,0.5180257558822632,0.0,0.2941176470588235,0.9788418163209996
61,116,0.530657172203064,0.0,0.1694915254237288,0.9682459807971486
61,117,0.6071354150772095,0.0,0.625,0.9787680182328945
61,118,0.6590580940246582,0.0,0.3125,0.9289198118548698
61,119,0.6158338785171509,0.0,0.2702702702702703,0.9309379796648642
61,120,0.34554582834243774,0.0,0.19999999999999996,0.8766758723394312
61,121,0.7001475095748901,0.0,0.2777777777777778,0.9699221970143822
61,123,0.7020494341850281,0.0,0.4545454545454546,0.9251950036537508
61,124,0.6365183591842651,0.0,0.0847457627118644,0.8801149659341285
61,125,0.6430243849754333,0.0,0.7,0.9507754882085574
61,127,0.6495747566223145,0.0,0.7142857142857143,0.9982880927270427
61,128,0.471191942691803,0.0,0.21739130434782605,0.9581317144940696
61,129,0.6804549694061279,0.0,0.1030927835051546,0.923607129209195
61,130,0.6065491437911987,0.0,0.3448275862068966,0.982569198653109
61,131,0.41556185483932495,0.0,0.5,0.9480317555384085
61,132,0.7041985988616943,0.0,0.21739130434782605,0.9469257140591024
61,133,0.39941203594207764,0.0,0.30000000000000004,0.8999330280343142
61,134,0.6643577814102173,0.0,0.4,0.9292001485806703
61,136,0.6744141578674316,0.0,0.47619047619047616,0.9711325046372417
61,137,0.7023888826370239,0.0,1.0,0.9612216233794066
61,138,0.5179646611213684,0.0,0.30000000000000004,0.9443570623429881
61,139,0.6304422616958618,0.0,0.30000000000000004,0.8910150861146663
61,140,0.7465952038764954,0.0,0.7,0.9470165953957053
61,144,0.4256505072116852,0.0,0.4,0.9292001485806703
61,145,0.4956916272640228,0.0,0.19999999999999996,0.8766758723394312
61,149,0.31945106387138367,0.0,0.4,0.9693306820569276
61,150,0.6828683614730835,0.0,0.1298701298701299,0.9569390856898431
61,155,0.4529317021369934,0.0,0.5,0.8799969148825869
63,65,0.5142285823822021,0.0,0.8461538461538461,0.983516525823331
63,67,0.44670769572257996,0.0,0.6470588235294117,0.994219338758599
63,70,0.41227200627326965,0.0,0.2727272727272727,0.9647614108581521
63,71,0.4663465619087219,0.0,0.7857142857142857,0.9946079582580376
63,72,0.38123685121536255,0.0,0.6470588235294117,0.9757735818032552
63,73,0.40757647156715393,0.0,0.7333333333333334,0.9972271666835778
63,74,0.4708494246006012,0.0,0.3142857142857143,0.9930602098813383
63,75,0.47158554196357727,0.0,0.21568627450980393,0.9793713528175875
63,76,0.14510920643806458,0.0,0.18181818181818177,0.93680523744165
63,77,0.37883660197257996,0.0,0.8181818181818181,0.9849252835686676
63,78,0.47338181734085083,0.0,0.17741935483870963,0.9749944885190314
63,79,0.44544732570648193,0.0,0.16923076923076918,0.9664686474389967
63,80,0.4311264753341675,0.0,0.1964285714285714,0.9906730597164121
63,81,0.4449726939201355,0.0,0.32352941176470584,0.9881460613470952
63,82,0.4523066580295563,0.0,0.23404255319148937,0.9758632317993075
63,83,0.46607911586761475,0.0,0.15492957746478875,0.9597026540253217
63,84,0.4186747372150421,0.0,0.4782608695652174,0.9894656843134512
63,85,0.6020829677581787,0.0,0.2894736842105263,0.9921314516458893
63,86,0.3711380064487457,0.0,0.2727272727272727,0.9389533455447453
63,87,0.3666316866874695,0.0,0.55,0.9947113893452114
63,88,0.4678749144077301,0.0,0.9166666666666666,0.966785383822773
63,89,0.3168517053127289,0.0,0.36363636363636365,0.9739344776586261
63,90,0.4011748433113098,0.0,0.5454545454545454,0.9775138289991332
63,92,0.4194801449775696,0.0,0.45833333333333337,0.9886393594945009
63,93,0.4526435136795044,0.0,0.29729729729729726,0.9936432953338192
63,94,0.43502771854400635,0.0,0.45833333333333337,0.9787473068126789
63,95,0.406222939491272,0.0,0.9090909090909091,0.9326760511228236
63,96,0.5336814522743225,0.0,0.26190476190476186,0.9810414664888947
63,97,0.4464055299758911,0.0,0.7857142857142857,0.9739126944403224
63,98,0.39183303713798523,0.0,0.4545454545454546,0.9593238024167088
63,99,0.38222983479499817,0.0,0.9090909090909091,0.9802010604942845
63,100,0.37392884492874146,0.0,0.6875,0.9950466568571
63,101,0.33079802989959717,0.0,0.9090909090909091,0.9882519179685274
63,103,0.3918565511703491,0.0,0.5789473684210527,0.9909901115698422
63,104,0.5340209603309631,0.0,0.5454545454545454,0.9719577671083155
63,105,0.45510607957839966,0.0,0.19999999999999996,0.9892209358569068
63,106,0.4340691566467285,0.0,0.4782608695652174,0.9918498200566283
63,110,0.4328489303588867,0.0,0.1594202898550725,0.9748586568900084
63,111,0.49721086025238037,0.0,0.29729729729729726,0.9815936013016003
63,112,0.4263179898262024,0.0,0.5454545454545454,0.9425952604552079
63,113,0.3621411621570587,0.0,0.4782608695652174,0.9933796797050162
63,114,0.3299661874771118,0.0,0.33333333333333337,0.9820082668652556
63,115,0.3905598819255829,0.0,0.32352941176470584,0.9949980116313855
63,116,0.4049738049507141,0.0,0.18644067796610164,0.9905581049664952
63,117,0.38078248500823975,0.0,0.6875,0.9914241042905362
63,118,0.3926551938056946,0.0,0.34375,0.96576450455623
63,119,0.5098947882652283,0.0,0.29729729729729726,0.9715516445365956
63,120,0.42917272448539734,0.0,0.18181818181818177,0.8983347562148057
63,121,0.4621889293193817,0.0,0.3055555555555556,0.9902954553738468
63,123,0.5297995209693909,0.0,0.5,0.9645766195587929
63,124,0.5209720730781555,0.0,0.09322033898305082,0.9331390430806814
63,125,0.4362434148788452,0.0,0.6363636363636364,0.9737836473129587
63,127,0.36017295718193054,0.0,0.7857142857142857,0.9922262300264449
63,128,0.4335400462150574,0.0,0.23913043478260865,0.9733004531800896
63,129,0.49187591671943665,0.0,0.11340206185567014,0.964755282939383
63,130,0.4420609474182129,0.0,0.3793103448275862,0.9962015286449841
63,131,0.34580641984939575,0.0,0.4545454545454546,0.9683325927149504
63,132,0.38570424914360046,0.0,0.23913043478260865,0.9820553593406177
63,133,0.2351297289133072,0.0,0.2727272727272727,0.9125431616139409
63,134,0.4367779493331909,0.0,0.36363636363636365,0.954373784342428
63,136,0.36104080080986023,0.0,0.5238095238095238,0.9932149004742321
63,137,0.4614318609237671,0.0,0.9090909090909091,0.9871232764869725
63,138,0.21411432325839996,0.0,0.2727272727272727,0.944519075137969
63,139,0.23488640785217285,0.0,0.2727272727272727,0.9243106845233756
63,140,0.5094065070152283,0.0,0.6363636363636364,0.9785864508248175
63,144,0.4267376959323883,0.0,0.36363636363636365,0.954373784342428
63,145,0.2061765193939209,0.0,0.18181818181818177,0.8983347562148057
63,149,0.4067651033401489,0.0,0.36363636363636365,0.9697719488418988
63,150,0.4559554159641266,0.0,0.1428571428571429,0.9698441408653637
63,155,0.2892818748950958,0.0,0.4545454545454546,0.9191058993758624
65,67,0.6833342909812927,0.0,0.7647058823529411,0.9885555090013786
65,70,0.45914873480796814,0.0,0.23076923076923073,0.9481048981096796
65,71,0.6117798686027527,0.0,0.9285714285714286,0.9870560579215781
65,72,0.5002186894416809,0.0,0.7647058823529411,0.9254205883435496
65,73,0.5400135517120361,0.0,0.8666666666666667,0.9734923775262557
65,74,0.4690999686717987,0.0,0.37142857142857144,0.9756971763354813
65,75,0.6613167524337769,0.0,0.2549019607843137,0.9870986253637077
65,76,0.416125625371933,0.0,0.15384615384615385,0.953022255807537
65,77,0.40536218881607056,0.0,0.6923076923076923,0.9802251912972106
65,78,0.6082811951637268,0.0,0.20967741935483875,0.9699349671233612
65,79,0.6139592528343201,0.0,0.19999999999999996,0.9570111781386224
65,80,0.5910395383834839,0.0,0.2321428571428571,0.9753555392013168
65,81,0.6855605244636536,0.0,0.38235294117647056,0.9771640495668688
65,82,0.7032492160797119,0.0,0.276595744680851,0.971185130480817
65,83,0.6103218793869019,0.0,0.18309859154929575,0.9558981192612094
65,84,0.5602072477340698,0.0,0.5652173913043479,0.9907016714596172
65,85,0.604752779006958,0.0,0.3421052631578947,0.9828466470127741
65,86,0.44981539249420166,0.0,0.23076923076923073,0.9698190822734697
65,87,0.5201558470726013,0.0,0.65,0.989301361874239
65,88,0.563813328742981,0.0,0.9230769230769231,0.9938941082943918
65,89,0.4411380887031555,0.0,0.3076923076923077,0.983159215590928
65,90,0.5055462718009949,0.0,0.46153846153846156,0.9755181081455869
65,92,0.46419626474380493,0.0,0.5416666666666667,0.9871761491093386
65,93,0.5835005044937134,0.0,0.3513513513513513,0.9870139890136995
65,94,0.5693172216415405,0.0,0.5416666666666667,0.9974294276743785
65,95,0.5279483199119568,0.0,0.7692307692307692,0.9814982217017526
65,96,0.5196219086647034,0.0,0.30952380952380953,0.993139273924955
65,97,0.6182554960250854,0.0,0.9285714285714286,0.995420178059435
65,98,0.4464302062988281,0.0,0.3846153846153846,0.990832656527677
65,99,0.49405086040496826,0.0,0.7692307692307692,0.9979459117957579
65,100,0.538322925567627,0.0,0.8125,0.9904989518824343
65,101,0.5133122801780701,0.0,0.7692307692307692,0.9838940977219801
65,103,0.4858379065990448,0.0,0.6842105263157895,0.9968635134571622
65,104,0.3287816345691681,0.0,0.46153846153846156,0.9953149964184215
65,105,0.5760366916656494,0.0,0.23636363636363633,0.9835695982662492
65,106,0.6726951003074646,0.0,0.5652173913043479,0.9958813255213675
65,110,0.5833723545074463,0.0,0.18840579710144922,0.9673837254620914
65,111,0.5813323259353638,0.0,0.3513513513513513,0.9955905433991593
65,112,0.5385047197341919,0.0,0.46153846153846156,0.9771913152174234
65,113,0.5135061740875244,0.0,0.5652173913043479,0.9889092479067715
65,114,0.4533791244029999,0.0,0.3939393939393939,0.9803084131771843
65,115,0.4755541682243347,0.0,0.38235294117647056,0.9829734882665273
65,116,0.5141012072563171,0.0,0.22033898305084743,0.9825272456958148
65,117,0.5255164504051208,0.0,0.8125,0.9891712012017104
65,118,0.5941706299781799,0.0,0.40625,0.9946123705829986
65,119,0.5850352048873901,0.0,0.3513513513513513,0.9816085956711587
65,120,0.3821455240249634,0.0,0.15384615384615385,0.9466744277752727
65,121,0.6692004799842834,0.0,0.36111111111111116,0.9708991669371678
65,123,0.6415022611618042,0.0,0.5909090909090908,0.9954476083670337
65,124,0.6016656160354614,0.0,0.11016949152542377,0.9357608104909733
65,125,0.4901330769062042,0.0,0.5384615384615384,0.9954719358804437
65,127,0.5351661443710327,0.0,0.9285714285714286,0.9618547622822492
65,128,0.45180273056030273,0.0,0.28260869565217395,0.9354419300022806
65,129,0.6205250024795532,0.0,0.134020618556701,0.9611079820445375
65,130,0.5408913493156433,0.0,0.4482758620689655,0.982237711106958
65,131,0.43033143877983093,0.0,0.3846153846153846,0.9903309914906
65,132,0.5849917531013489,0.0,0.28260869565217395,0.9869031501026633
65,133,0.5268006920814514,0.0,0.23076923076923073,0.9498207831945739
65,134,0.5428558588027954,0.0,0.3076923076923077,0.9855436860705501
65,136,0.5477980971336365,0.0,0.6190476190476191,0.9879017043372782
65,137,0.57187420129776,0.0,0.7692307692307692,0.9994962487232283
65,138,0.4153841733932495,0.0,0.23076923076923073,0.9579865059579042
65,139,0.45958152413368225,0.0,0.23076923076923073,0.9696933834059085
65,140,0.5937183499336243,0.0,0.5384615384615384,0.9900027566006374
65,144,0.4216908812522888,0.0,0.3076923076923077,0.9855436860705501
65,145,0.48835137486457825,0.0,0.15384615384615385,0.9466744277752727
65,149,0.37328946590423584,0.0,0.3076923076923077,0.968525250939528
65,150,0.7299336194992065,0.0,0.16883116883116878,0.9286701175211456
65,155,0.38065630197525024,0.0,0.3846153846153846,0.9221521976779554
67,70,0.4141514003276825,0.0,0.17647058823529416,0.965629188463581
67,71,0.573638379573822,0.0,0.8235294117647058,0.9849309000244932
67,72,0.4720173478126526,0.0,1.0,0.9661066573860286
67,73,0.49612975120544434,0.0,0.8823529411764706,0.9921541225361349
67,74,0.46530818939208984,0.0,0.48571428571428577,0.9861015101541217
67,75,0.5699130296707153,0.0,0.33333333333333337,0.975500113725094
67,76,0.3350481688976288,0.0,0.11764705882352944,0.9443327028027377
67,77,0.41597336530685425,0.0,0.5294117647058824,0.9704528789760608
67,78,0.5801616907119751,0.0,0.27419354838709675,0.9631354864723647
67,79,0.5926367044448853,0.0,0.2615384615384615,0.948674193756603
67,80,0.5581627488136292,0.0,0.3035714285714286,0.9848380697816331
67,81,0.692014217376709,0.041666666666666664,0.5,0.9776638122464185
67,82,0.6566937565803528,0.0,0.36170212765957444,0.9636522914869957
67,83,0.5283905267715454,0.0,0.23943661971830987,0.9425613975577843
67,84,0.5059375762939453,0.0,0.7391304347826086,0.9843108427876783
67,85,0.522951602935791,0.0,0.4473684210526315,0.9866149601149795
67,86,0.448994517326355,0.0,0.17647058823529416,0.9565023222097561
67,87,0.46927323937416077,0.0,0.85,0.9994431674416602
67,88,0.4625959098339081,0.0,0.7058823529411764,0.9823894025632572
67,89,0.3973991870880127,0.0,0.23529411764705888,0.9733151221399802
67,90,0.44344332814216614,0.0,0.3529411764705882,0.9855844637626645
67,92,0.4564913213253021,0.0,0.7083333333333333,0.9840930913257557
67,93,0.5242503881454468,0.0,0.45945945945945943,0.9925767480841854
67,94,0.49601516127586365,0.0,0.7083333333333333,0.9897915350169251
67,95,0.4475145936012268,0.0,0.5882352941176471,0.9504436105684148
67,96,0.5083117485046387,0.0,0.40476190476190477,0.981782726444484
67,97,0.48425647616386414,0.0,0.8235294117647058,0.9884027732808924
67,98,0.3770660161972046,0.0,0.2941176470588235,0.9657168100695708
67,99,0.408529132604599,0.0,0.5882352941176471,0.9896131761420506
67,100,0.501174807548523,0.0,0.9411764705882353,0.997133054089296
67,101,0.447588711977005,0.0,0.5882352941176471,0.9932989796654501
67,103,0.4095211625099182,0.0,0.8947368421052632,0.9961895190995725
67,104,0.35997653007507324,0.0,0.3529411764705882,0.9774369166753091
67,105,0.5065861344337463,0.0,0.3090909090909091,0.9848480575724715
67,106,0.6595258116722107,0.11764705882352941,0.7391304347826086,0.9932178022883484
67,110,0.4857442378997803,0.0,0.24637681159420288,0.9625793197115212
67,111,0.5029397010803223,0.0,0.45945945945945943,0.9858021308358591
67,112,0.5057101249694824,0.0,0.3529411764705882,0.9650067292957173
67,113,0.4716299772262573,0.0,0.7391304347826086,0.9883321481835465
67,114,0.4189566671848297,0.0,0.5151515151515151,0.9733771252331339
67,115,0.4804061949253082,0.0,0.5,0.9929841926036257
67,116,0.504689633846283,0.0,0.288135593220339,0.9881138427905408
67,117,0.4592626690864563,0.0,0.9411764705882353,0.9960272631745245
67,118,0.48708462715148926,0.0,0.53125,0.9770645197741026
67,119,0.5072897672653198,0.0,0.45945945945945943,0.9664036227411236
67,120,0.41728711128234863,0.0,0.11764705882352944,0.9224730613740253
67,121,0.6355090737342834,0.0,0.4722222222222222,0.9795053330569432
67,123,0.6634793281555176,0.02702702702702703,0.7727272727272727,0.9738546497160354
67,124,0.5794890522956848,0.0,0.14406779661016944,0.9133662378345865
67,125,0.4485257863998413,0.0,0.4117647058823529,0.9832040030749369
67,127,0.45672595500946045,0.0,0.8235294117647058,0.99039302363189
67,128,0.4494699239730835,0.0,0.3695652173913043,0.9534364087071578
67,129,0.5842651724815369,0.0,0.17525773195876293,0.9504142535652504
67,130,0.4778847396373749,0.0,0.5862068965517242,0.9946136374292394
67,131,0.38729721307754517,0.0,0.2941176470588235,0.9774424954441733
67,132,0.52904212474823,0.0,0.3695652173913043,0.9776051912612563
67,133,0.4794516861438751,0.05555555555555555,0.17647058823529416,0.9371638075499994
67,134,0.4828589856624603,0.0,0.23529411764705888,0.9653634712469197
67,136,0.497273325920105,0.0,0.8095238095238095,0.9888538373909315
67,137,0.4853244125843048,0.0,0.5882352941176471,0.9898428135361713
67,138,0.3463001251220703,0.0,0.17647058823529416,0.9578324170673025
67,139,0.3970772325992584,0.0,0.17647058823529416,0.9387549562759923
67,140,0.4894309937953949,0.0,0.4117647058823529,0.9726544200550927
67,144,0.43190473318099976,0.0,0.23529411764705888,0.9653634712469197
67,145,0.47588276863098145,0.0,0.11764705882352944,0.9224730613740253
67,149,0.41096511483192444,0.0,0.23529411764705888,0.9732034695478191
67,150,0.6672126650810242,0.022222222222222223,0.22077922077922074,0.950638651204646
67,155,0.35761135816574097,0.0,0.2941176470588235,0.8968331395376238
70,71,0.726030170917511,0.0,0.2142857142857143,0.9424597660170405
70,72,0.7377176284790039,0.0,0.17647058823529416,0.9513645287254552
70,73,0.7325084209442139,0.0,0.19999999999999996,0.967494640154109
70,74,0.4870792627334595,0.0,0.08571428571428574,0.9321730250372734
70,75,0.6928662657737732,0.0,0.05882352941176472,0.9052820887563247
70,76,0.5652677416801453,0.0,0.6666666666666667,0.9780585705982385
70,77,0.6411849856376648,0.0,0.33333333333333337,0.9377503416247657
70,78,0.6373060345649719,0.0,0.048387096774193505,0.8868449412960221
70,79,0.6113706231117249,0.0,0.0461538461538461,0.8711075884856239
70,80,0.6493701934814453,0.0,0.0535714285714286,0.9219271641756543
70,81,0.6669842600822449,0.0,0.08823529411764708,0.915992643789261
70,82,0.7066176533699036,0.0,0.06382978723404253,0.890142933367574
70,83,0.7066176533699036,0.0,0.04225352112676062,0.8602358223557977
70,84,0.7481231093406677,0.0,0.13043478260869568,0.9297305387787521
70,85,0.6241692900657654,0.0,0.07894736842105265,0.9263160542278136
70,86,0.5806443095207214,0.0,1.0,0.9642950836944455
70,87,0.5810198783874512,0.0,0.15000000000000002,0.9601604369433502
70,88,0.7402045726776123,0.0,0.25,0.9469054832159682
70,89,0.5824180841445923,0.0,0.75,0.9779020434597596
70,90,0.7458823323249817,0.0,0.5,0.9907228828655359
70,92,0.4622834622859955,0.0,0.125,0.9264007880142452
70,93,0.8038728833198547,0.0,0.08108108108108103,0.9373627274284899
70,94,0.6668195724487305,0.0,0.125,0.940419747557253
70,95,0.5535315871238708,0.0,0.30000000000000004,0.9064312154295887
70,96,0.7174674868583679,0.0,0.0714285714285714,0.9171865802443846
70,97,0.7410534024238586,0.0,0.2142857142857143,0.9509477497889741
70,98,0.5267447829246521,0.0,0.6,0.9428888589887323
70,99,0.8118129372596741,0.0,0.30000000000000004,0.9579901836198917
70,100,0.43705126643180847,0.0,0.1875,0.963292216380715
70,101,0.8220576643943787,0.0,0.30000000000000004,0.9765342098136046
70,103,0.5342547297477722,0.0,0.1578947368421053,0.9520098202520041
70,104,0.3325802683830261,0.0,0.5,0.9559061943304901
70,105,0.5261911749839783,0.0,0.054545454545454564,0.9199493566139757
70,106,0.5792748928070068,0.0,0.13043478260869568,0.9429920611733672
70,110,0.6964821815490723,0.0,0.04347826086956519,0.8858143706751088
70,111,0.7430656552314758,0.0,0.08108108108108103,0.9259872040729117
70,112,0.6866486072540283,0.0,0.5,0.950220867695954
70,113,0.5436294078826904,0.0,0.13043478260869568,0.9336568443421706
70,114,0.5657556056976318,0.0,0.09090909090909094,0.9054456133172517
70,115,0.5305220484733582,0.0,0.08823529411764708,0.9413709554624323
70,116,0.5494036674499512,0.0,0.05084745762711862,0.9260070558143321
70,117,0.6482188105583191,0.0,0.1875,0.9636372456871354
70,118,0.5896201729774475,0.0,0.09375,0.9165138049780797
70,119,0.5945205092430115,0.0,0.08108108108108103,0.8932437005853893
70,120,0.3160320222377777,0.0,0.6666666666666667,0.9290233828705211
70,121,0.6442565321922302,0.0,0.08333333333333337,0.9198097439499194
70,123,0.6927778124809265,0.0,0.13636363636363635,0.9166842349025643
70,124,0.5827598571777344,0.0,0.025423728813559365,0.8201497674693347
70,125,0.8298583626747131,0.0,0.4285714285714286,0.9614053758761973
70,127,0.6035016179084778,0.0,0.2142857142857143,0.9691257637194532
70,128,0.6740992665290833,0.0,0.06521739130434778,0.8902986777844235
70,129,0.6617858409881592,0.0,0.030927835051546393,0.8677307726880702
70,130,0.6969696879386902,0.0,0.10344827586206895,0.9455632668295931
70,131,0.7477721571922302,0.0,0.6,0.9682275570060837
70,132,0.7196243405342102,0.0,0.06521739130434778,0.9100704704777156
70,133,0.3942923843860626,0.0,1.0,0.9437536028475804
70,134,0.5868908762931824,0.0,0.75,0.9566032394250724
70,136,0.7261252999305725,0.0,0.1428571428571429,0.9423549420228656
70,137,0.6162772178649902,0.0,0.30000000000000004,0.9539723325669553
70,138,0.5109845995903015,0.0,1.0,0.9826170196405445
70,139,0.6132475137710571,0.0,1.0,0.926685964276407
70,140,0.5797205567359924,0.0,0.4285714285714286,0.9398675819572817
70,144,0.4074343144893646,0.0,0.75,0.9566032394250724
70,145,0.5179932713508606,0.0,0.6666666666666667,0.9290233828705211
70,149,0.35267090797424316,0.0,0.75,0.9918740293196653
70,150,0.8665599226951599,0.0,0.038961038961038974,0.8847379706657845
70,155,0.4741455614566803,0.0,0.6,0.8621426392751469
71,72,0.5345259308815002,0.0,0.8235294117647058,0.955371512454378
71,73,0.5348036885261536,0.0,0.9333333333333333,0.9873624272893499
71,74,0.4677378833293915,0.0,0.4,0.9931769544450888
71,75,0.5881136655807495,0.0,0.27450980392156865,0.992043770532184
71,76,0.3821130394935608,0.0,0.1428571428571429,0.9264052175778823
71,77,0.48239055275917053,0.0,0.6428571428571428,0.9952120941031697
71,78,0.573088526725769,0.0,0.22580645161290325,0.9897287471022286
71,79,0.577608585357666,0.0,0.2153846153846154,0.9845473032287354
71,80,0.6695279479026794,0.0,0.25,0.9924309689416276
71,81,0.6414260864257812,0.0,0.4117647058823529,0.9959891158110453
71,82,0.5736144185066223,0.01694915254237288,0.2978723404255319,0.9906857881667954
71,83,0.5468835234642029,0.012048192771084338,0.19718309859154926,0.9809143705643303
71,84,0.5358067750930786,0.02857142857142857,0.6086956521739131,0.9971351557774859
71,85,0.5187698602676392,0.0,0.368421052631579,0.9960052086968162
71,86,0.37891095876693726,0.0,0.2142857142857143,0.9300171986706439
71,87,0.48304954171180725,0.0,0.7,0.987367041642438
71,88,0.5232629776000977,0.0,0.8571428571428572,0.9651895058620729
71,89,0.42183637619018555,0.0,0.2857142857142857,0.9716031909674264
71,90,0.513620913028717,0.0,0.4285714285714286,0.9610069754443861
71,92,0.4309360682964325,0.0,0.5833333333333333,0.9950502465894977
71,93,0.584461510181427,0.0,0.3783783783783784,0.9939469066707322
71,94,0.49367427825927734,0.0,0.5833333333333333,0.9796308156844896
71,95,0.4421412944793701,0.0,0.7142857142857143,0.9416092246232918
71,96,0.521307110786438,0.0,0.33333333333333337,0.990732001979201
71,97,0.542021632194519,0.0,1.0,0.9708665624286619
71,98,0.40768828988075256,0.0,0.3571428571428571,0.9665218249915553
71,99,0.5261502265930176,0.0,0.7142857142857143,0.9787028347937613
71,100,0.42988109588623047,0.0,0.875,0.9895598475501192
71,101,0.5330177545547485,0.0,0.7142857142857143,0.9769642848632654
71,103,0.44501036405563354,0.0,0.736842105263158,0.9896687863628517
71,104,0.28963083028793335,0.0,0.4285714285714286,0.9753411524108199
71,105,0.4878239035606384,0.0,0.2545454545454545,0.9947553799299113
71,106,0.5306321382522583,0.0,0.6086956521739131,0.9942435867367393
71,110,0.5387527346611023,0.0,0.2028985507246377,0.9887568624331756
71,111,0.5662290453910828,0.0,0.3783783783783784,0.9882781199738527
71,112,0.5863479971885681,0.0,0.4285714285714286,0.9347502894559241
71,113,0.4681117534637451,0.0,0.6086956521739131,0.9980232991532655
71,114,0.4199729561805725,0.0,0.4242424242424242,0.9936853403060808
71,115,0.46648362278938293,0.0,0.4117647058823529,0.9928822940304081
71,116,0.5082913637161255,0.0,0.23728813559322037,0.9927618614448428
71,117,0.5164488554000854,0.0,0.875,0.9845398104668718
71,118,0.5035122632980347,0.0,0.4375,0.973639162702762
71,119,0.5498684048652649,0.0,0.3783783783783784,0.9871434635436671
71,120,0.323289692401886,0.0,0.1428571428571429,0.8930756116243631
71,121,0.5436132550239563,0.0,0.38888888888888884,0.9937795519301513
71,123,0.5274894833564758,0.0,0.6363636363636364,0.9746057482302544
71,124,0.5563664436340332,0.0,0.11864406779661019,0.9619373713920497
71,125,0.5573197603225708,0.0,0.5,0.9727130243530843
71,127,0.47313639521598816,0.0,1.0,0.9750835352546193
71,128,0.5759005546569824,0.0,0.30434782608695654,0.9765962947646225
71,129,0.5284820795059204,0.0,0.14432989690721654,0.9835297618212193
71,130,0.5274125933647156,0.0,0.48275862068965514,0.9921095804979253
71,131,0.5049347281455994,0.0,0.3571428571428571,0.965412020503164
71,132,0.5440529584884644,0.0,0.30434782608695654,0.9933277462843737
71,133,0.4007604420185089,0.0,0.2142857142857143,0.9008748756074559
71,134,0.45607057213783264,0.0,0.2857142857142857,0.9545619332867892
71,136,0.5241374373435974,0.0,0.6666666666666667,0.995432235453658
71,137,0.45227494835853577,0.0,0.7142857142857143,0.9896365434977934
71,138,0.37373894453048706,0.0,0.2142857142857143,0.9282906602551579
71,139,0.40222373604774475,0.0,0.2142857142857143,0.9297908700055807
71,140,0.47958412766456604,0.0,0.5,0.9887872865546683
71,144,0.35334691405296326,0.0,0.2857142857142857,0.9545619332867892
71,145,0.385804146528244,0.0,0.1428571428571429,0.8930756116243631
71,149,0.3158744275569916,0.0,0.2857142857142857,0.9556645109147197
71,150,0.6857433319091797,0.0,0.18181818181818177,0.9714871794522616
71,155,0.3194580674171448,0.0,0.3571428571428571,0.943380428947207
72,73,0.9245156645774841,0.4090909090909091,0.8823529411764706,0.9873410787840448
72,74,0.49730759859085083,0.0,0.48571428571428577,0.9722016183526093
72,75,0.5253028273582458,0.0,0.33333333333333337,0.9250436839906697
72,76,0.3797052502632141,0.0,0.11764705882352944,0.887606463165243
72,77,0.5047699809074402,0.0,0.5294117647058824,0.9393975283599267
72,78,0.516957700252533,0.0,0.27419354838709675,0.9286112433951623
72,79,0.5180891752243042,0.0,0.2615384615384615,0.9220908361308564
72,80,0.5023251175880432,0.0,0.3035714285714286,0.9635244488150414
72,81,0.4692767560482025,0.0,0.5,0.9501787284721167
72,82,0.5595008134841919,0.0,0.36170212765957444,0.9279738226994184
72,83,0.545948326587677,0.0,0.23943661971830987,0.9071519141001114
72,84,0.6093252301216125,0.0,0.7391304347826086,0.944371523488621
72,85,0.49659425020217896,0.0,0.4473684210526315,0.9579493441251478
72,86,0.40002062916755676,0.0,0.17647058823529416,0.8751824101950083
72,87,0.473019540309906,0.0,0.85,0.9665494523130159
72,88,0.5066463351249695,0.0,0.7058823529411764,0.9028130826960794
72,89,0.42810800671577454,0.0,0.23529411764705888,0.926133255955564
72,90,0.4730067551136017,0.0,0.3529411764705882,0.951837595909822
72,92,0.5338693261146545,0.0,0.7083333333333333,0.9406782160955164
72,93,0.5422176122665405,0.0,0.45945945945945943,0.962339765266658
72,94,0.48379307985305786,0.0,0.7083333333333333,0.9243033786465639
72,95,0.46254265308380127,0.0,0.5882352941176471,0.841216343633078
72,96,0.48945650458335876,0.0,0.40476190476190477,0.9260996993722768
72,97,0.47443652153015137,0.0,0.8235294117647058,0.9180043164885322
72,98,0.4808201491832733,0.0,0.2941176470588235,0.8834391997098466
72,99,0.5207286477088928,0.0,0.5882352941176471,0.9232752315518885
72,100,0.4588496685028076,0.0,0.9411764705882353,0.9660404553450258
72,101,0.4875522553920746,0.0,0.5882352941176471,0.9642627954621892
72,103,0.46082672476768494,0.0,0.8947368421052632,0.9480031278134903
72,104,0.23869310319423676,0.0,0.3529411764705882,0.9075070644737212
72,105,0.4687427282333374,0.0,0.3090909090909091,0.9523199866486741
72,106,0.5480093359947205,0.0,0.7391304347826086,0.9476951084887979
72,110,0.548470139503479,0.0,0.24637681159420288,0.9298006897155624
72,111,0.5172658562660217,0.0,0.45945945945945943,0.9281664342219751
72,112,0.5040449500083923,0.0,0.3529411764705882,0.8775177832620578
72,113,0.48692455887794495,0.0,0.7391304347826086,0.9530498196456746
72,114,0.48166802525520325,0.0,0.5151515151515151,0.9317718885062906
72,115,0.4922318160533905,0.0,0.5,0.9705649422080216
72,116,0.5004594922065735,0.0,0.288135593220339,0.9601933501992233
72,117,0.4839852750301361,0.0,0.9411764705882353,0.9631714794552285
72,118,0.4921070635318756,0.0,0.53125,0.8943717811318306
72,119,0.47456443309783936,0.0,0.45945945945945943,0.9074312449768548
72,120,0.2535473108291626,0.0,0.11764705882352944,0.8148460420152344
72,121,0.5302807688713074,0.0,0.4722222222222222,0.9649143514957278
72,123,0.5247810482978821,0.0,0.7727272727272727,0.8903431576055502
72,124,0.4433467984199524,0.0,0.14406779661016944,0.866528418894365
72,125,0.45583465695381165,0.0,0.4117647058823529,0.9124223046239573
72,127,0.46841731667518616,0.0,0.8235294117647058,0.9906296081353169
72,128,0.5055947303771973,0.0,0.3695652173913043,0.9629816859396512
72,129,0.5618793964385986,0.0,0.17525773195876293,0.9134576591819867
72,130,0.46077486872673035,0.0,0.5862068965517242,0.9734419651226071
72,131,0.37890464067459106,0.0,0.2941176470588235,0.9094792394204111
72,132,0.5235188007354736,0.0,0.3695652173913043,0.9323095824166285
72,133,0.44729405641555786,0.0,0.17647058823529416,0.8406672636541277
72,134,0.39126551151275635,0.0,0.23529411764705888,0.8833890742902675
72,136,0.5221318006515503,0.0,0.8095238095238095,0.9601418034028635
72,137,0.46480754017829895,0.0,0.5882352941176471,0.9314386292008469
72,138,0.4069100618362427,0.0,0.17647058823529416,0.8979505547191121
72,139,0.43808674812316895,0.0,0.17647058823529416,0.8355401642080852
72,140,0.46428182721138,0.0,0.4117647058823529,0.9140859840067285
72,144,0.3504338264465332,0.0,0.23529411764705888,0.8833890742902675
72,145,0.41085073351860046,0.0,0.11764705882352944,0.8148460420152344
72,149,0.2868398427963257,0.0,0.23529411764705888,0.9424052198873378
72,150,0.5760326385498047,0.0,0.22077922077922074,0.9663044560853655
72,155,0.40804558992385864,0.0,0.2941176470588235,0.851976954145499
73,74,0.4480801522731781,0.0,0.4285714285714286,0.9920542664644973
73,75,0.5042339563369751,0.0,0.2941176470588235,0.9686403298861351
73,76,0.35534217953681946,0.0,0.1333333333333333,0.9316129791604606
73,77,0.4572862684726715,0.0,0.6,0.9759069128471907
73,78,0.47702881693840027,0.0,0.24193548387096775,0.9640396200594314
73,79,0.496743381023407,0.0,0.23076923076923073,0.9555593171557589
73,80,0.49441200494766235,0.0,0.2678571428571429,0.9860850532466533
73,81,0.49518126249313354,0.0,0.4411764705882353,0.9796511940031181
73,82,0.561433732509613,0.0,0.3191489361702128,0.9642112358229677
73,83,0.5266965627670288,0.0,0.21126760563380287,0.9460780600945887
73,84,0.5618595480918884,0.0,0.6521739130434783,0.9820089935237004
73,85,0.496148943901062,0.0,0.39473684210526316,0.986178631494825
73,86,0.36672723293304443,0.0,0.19999999999999996,0.9297687633752381
73,87,0.44634708762168884,0.0,0.75,0.9929889187692336
73,88,0.4943338632583618,0.0,0.8,0.9560389911930177
73,89,0.39732640981674194,0.0,0.2666666666666667,0.968246482510147
73,90,0.4494578540325165,0.0,0.4,0.9786926976913233
73,92,0.4910995662212372,0.0,0.625,0.9773880195290175
73,93,0.5434820055961609,0.0,0.4054054054054054,0.9902609017261959
73,94,0.45133695006370544,0.0,0.625,0.9709393600157308
73,95,0.4507399797439575,0.0,0.6666666666666667,0.9142039305216387
73,96,0.46551206707954407,0.0,0.3571428571428571,0.9714272365125647
73,97,0.4736270010471344,0.0,0.9333333333333333,0.9658981987474246
73,98,0.46313804388046265,0.0,0.33333333333333337,0.9449564688754266
73,99,0.49162405729293823,0.0,0.6666666666666667,0.9706728325129623
73,100,0.4316067695617676,0.0,0.9375,0.993937061928366
73,101,0.4677633047103882,0.0,0.6666666666666667,0.9900260709264832
73,103,0.4049888551235199,0.0,0.7894736842105263,0.9853507696341339
73,104,0.21759891510009766,0.0,0.4,0.9613036988377937
73,105,0.4312206506729126,0.0,0.2727272727272727,0.98313571253873
73,106,0.5148018598556519,0.0,0.6521739130434783,0.9852062587341719
73,110,0.5104058980941772,0.0,0.21739130434782605,0.9635031965107432
73,111,0.5368127226829529,0.0,0.4054054054054054,0.9733647657150708
73,112,0.4928656816482544,0.0,0.4,0.9334732050541835
73,113,0.44104158878326416,0.0,0.6521739130434783,0.9859389350015858
73,114,0.4388273060321808,0.0,0.4545454545454546,0.9697996154076167
73,115,0.4536019563674927,0.0,0.4411764705882353,0.9935128436167742
73,116,0.4921165406703949,0.0,0.2542372881355932,0.9872095404100055
73,117,0.47045737504959106,0.0,0.9375,0.9915189461383586
73,118,0.46466776728630066,0.0,0.46875,0.9516839940875862
73,119,0.49380725622177124,0.0,0.4054054054054054,0.9554660526729297
73,120,0.22795388102531433,0.0,0.1333333333333333,0.8831168941275619
73,121,0.5242623090744019,0.0,0.41666666666666663,0.9857532456935454
73,123,0.5078200101852417,0.0,0.6818181818181819,0.9502005663599812
73,124,0.41801711916923523,0.0,0.1271186440677966,0.9134477692639126
73,125,0.4541737139225006,0.0,0.4666666666666667,0.9633972705303402
73,127,0.44237184524536133,0.0,0.9333333333333333,0.9959848292629985
73,128,0.4625450372695923,0.0,0.32608695652173914,0.9701553224167371
73,129,0.5256544351577759,0.0,0.15463917525773196,0.9515298509549984
73,130,0.42216935753822327,0.0,0.5172413793103448,0.9946882535827057
73,131,0.3970144987106323,0.0,0.33333333333333337,0.959929388526928
73,132,0.504623532295227,0.0,0.32608695652173914,0.9730434556652761
73,133,0.43912479281425476,0.0,0.19999999999999996,0.8991605907503885
73,134,0.36851245164871216,0.0,0.2666666666666667,0.9421221492762843
73,136,0.505172610282898,0.0,0.7142857142857143,0.9902384878252145
73,137,0.467376708984375,0.0,0.6666666666666667,0.9770373609087477
73,138,0.395860880613327,0.0,0.19999999999999996,0.9383238388596586
73,139,0.4176596403121948,0.0,0.19999999999999996,0.9064319119214836
73,140,0.4531215727329254,0.0,0.4666666666666667,0.9636436236279743
73,144,0.3315759301185608,0.0,0.2666666666666667,0.9421221492762843
73,145,0.3763333857059479,0.0,0.1333333333333333,0.8831168941275619
73,149,0.27630478143692017,0.0,0.2666666666666667,0.9712486575756699
73,150,0.5745804309844971,0.0,0.19480519480519476,0.9692090991783036
73,155,0.37270602583885193,0.0,0.33333333333333337,0.8997834401406027
74,75,0.531988263130188,0.0,0.6862745098039216,0.9874412381301965
74,76,0.24593661725521088,0.0,0.05714285714285716,0.9019289328741563
74,77,0.4252423644065857,0.0,0.2571428571428571,0.9818944098219341
74,78,0.5833558440208435,0.0,0.564516129032258,0.9869837078747377
74,79,0.5760688781738281,0.0,0.5384615384615384,0.9816760328624886
74,80,0.5703591108322144,0.0,0.625,0.9971448312421177
74,81,0.593022346496582,0.0,0.9714285714285714,0.9935162314033451
74,82,0.5284236669540405,0.0,0.7446808510638299,0.9860249205839388
74,83,0.5355398058891296,0.0,0.49295774647887325,0.9751257982864082
74,84,0.5180236101150513,0.0,0.6571428571428571,0.9931879188159283
74,85,0.5332085490226746,0.0,0.9210526315789473,0.9972995315947852
74,86,0.4463479518890381,0.0,0.08571428571428574,0.9075596007448729
74,87,0.4920462965965271,0.0,0.5714285714285714,0.9900448099890611
74,88,0.484809935092926,0.0,0.34285714285714286,0.952350607006872
74,89,0.41307079792022705,0.0,0.11428571428571432,0.9535174689943947
74,90,0.3958717882633209,0.0,0.17142857142857137,0.9552521974793764
74,92,0.4648348093032837,0.0,0.6857142857142857,0.9878667245173057
74,93,0.5445297360420227,0.0,0.9459459459459459,0.9976107507222874
74,94,0.47030508518218994,0.0,0.6857142857142857,0.9745727829084403
74,95,0.4202015697956085,0.0,0.2857142857142857,0.9182820065288028
74,96,0.46754541993141174,0.0,0.8333333333333334,0.9862357015596237
74,97,0.46318456530570984,0.0,0.4,0.9627982767602976
74,98,0.4367915093898773,0.0,0.1428571428571429,0.9430571594501301
74,99,0.4465627670288086,0.0,0.2857142857142857,0.966615167615335
74,100,0.4228736460208893,0.0,0.4571428571428572,0.9906291691485765
74,101,0.40196913480758667,0.0,0.2857142857142857,0.977849000936536
74,103,0.5170189738273621,0.0,0.5428571428571429,0.9868659669376221
74,104,0.4113200604915619,0.0,0.17142857142857137,0.9572661543420252
74,105,0.6418132781982422,0.0,0.6363636363636364,0.9967496135001258
74,106,0.4689788818359375,0.0,0.6571428571428571,0.9911457738759722
74,110,0.511393129825592,0.0,0.5072463768115942,0.9860251171589975
74,111,0.5612487196922302,0.0,0.9459459459459459,0.984675410987259
74,112,0.5186986923217773,0.0,0.17142857142857137,0.9189309056422389
74,113,0.5543747544288635,0.0,0.6571428571428571,0.9953226907258974
74,114,0.506613552570343,0.0,0.9428571428571428,0.9873424485231035
74,115,0.5292200446128845,0.0,0.9714285714285714,0.9986358154590925
74,116,0.5772039294242859,0.0,0.5932203389830508,0.9982722121727294
74,117,0.46766623854637146,0.0,0.4571428571428572,0.9869278688494522
74,118,0.561038076877594,0.0,0.9142857142857143,0.962000437455834
74,119,0.5695599317550659,0.0,0.9459459459459459,0.9759869303961782
74,120,0.34345343708992004,0.0,0.05714285714285716,0.8625693294583003
74,121,0.5354096293449402,0.0,0.9722222222222222,0.9973452389799553
74,123,0.5106986165046692,0.0,0.6285714285714286,0.9608866735593269
74,124,0.5454904437065125,0.0,0.2966101694915254,0.9500317710371573
74,125,0.451322078704834,0.0,0.19999999999999996,0.9562132846663092
74,127,0.4293023645877838,0.0,0.4,0.9827645522193984
74,128,0.608566164970398,0.0,0.7608695652173914,0.9841768637330348
74,129,0.6328842639923096,0.0,0.3608247422680413,0.9789709117516544
74,130,0.5301390290260315,0.0,0.8285714285714285,0.9977195113817717
74,131,0.361284464597702,0.0,0.1428571428571429,0.9479458377057838
74,132,0.529971182346344,0.0,0.7608695652173914,0.990513135034657
74,133,0.2685331702232361,0.0,0.08571428571428574,0.8741910083022943
74,134,0.38624149560928345,0.0,0.11428571428571432,0.9311664326237681
74,136,0.4672122001647949,0.0,0.6,0.9962523936884343
74,137,0.43557387590408325,0.0,0.2857142857142857,0.9773933174271312
74,138,0.3117522895336151,0.0,0.08571428571428574,0.9065479585940371
74,139,0.322641521692276,0.0,0.08571428571428574,0.8989958027610355
74,140,0.4558123052120209,0.0,0.19999999999999996,0.9675820687521172
74,144,0.4054199457168579,0.0,0.11428571428571432,0.9311664326237681
74,145,0.26810264587402344,0.0,0.05714285714285716,0.8625693294583003
74,149,0.41641101241111755,0.0,0.11428571428571432,0.9453406655264301
74,150,0.4818495213985443,0.0,0.4545454545454546,0.9837543505388981
74,155,0.36965546011924744,0.0,0.1428571428571429,0.9146935854439598
75,76,0.28811076283454895,0.0,0.039215686274509776,0.9012825907228942
75,77,0.392981618642807,0.0,0.17647058823529416,0.9849905244681615
75,78,0.6386675834655762,0.0,0.8225806451612903,0.9949503938208856
75,79,0.6603630185127258,0.0,0.7846153846153846,0.988999307229222
75,80,0.6713714599609375,0.0,0.9107142857142857,0.9895271733883804
75,81,0.6359928846359253,0.0,0.6666666666666667,0.9935066200771688
75,82,0.5885610580444336,0.0,0.9215686274509804,0.9947104569885834
75,83,0.6222802996635437,0.008547008547008548,0.7183098591549295,0.9887345466870647
75,84,0.5535393357276917,0.0,0.4509803921568627,0.997488300049454
75,85,0.6154888868331909,0.0,0.7450980392156863,0.9942868064383348
75,86,0.5526947975158691,0.0,0.05882352941176472,0.9186039918159733
75,87,0.5783745050430298,0.0,0.3921568627450981,0.9801609303024181
75,88,0.5726984143257141,0.0,0.23529411764705888,0.9672002556751002
75,89,0.38234931230545044,0.0,0.07843137254901966,0.9540492712303675
75,90,0.4541935324668884,0.0,0.11764705882352944,0.9395924513413532
75,92,0.4914999306201935,0.0,0.47058823529411764,0.9938160126314763
75,93,0.5825256109237671,0.0,0.7254901960784313,0.9920592988638107
75,94,0.6180561184883118,0.0,0.47058823529411764,0.9844141190916023
75,95,0.514912486076355,0.0,0.196078431372549,0.9541188079402266
75,96,0.6037154197692871,0.0,0.8235294117647058,0.9984888181442173
75,97,0.5694666504859924,0.0,0.27450980392156865,0.9722098370781346
75,98,0.4240580201148987,0.0,0.0980392156862745,0.9657598699665256
75,99,0.5675703287124634,0.017857142857142856,0.196078431372549,0.9759480811764809
75,100,0.5140810012817383,0.0,0.3137254901960784,0.9811374422010651
75,101,0.48827284574508667,0.0,0.196078431372549,0.9632348586852644
75,103,0.5231438279151917,0.0,0.37254901960784315,0.9879289299078429
75,104,0.4041486382484436,0.0,0.11764705882352944,0.9715818083957
75,105,0.65985107421875,0.01,0.9272727272727272,0.9963057943566314
75,106,0.5871790051460266,0.0,0.4509803921568627,0.9938522844326092
75,110,0.5479248762130737,0.0,0.7391304347826086,0.9929492334843288
75,111,0.6256108283996582,0.0,0.7254901960784313,0.9952910174679719
75,112,0.5793877840042114,0.0,0.11764705882352944,0.9328787683660577
75,113,0.543283998966217,0.0,0.4509803921568627,0.9958299720234443
75,114,0.4358832538127899,0.0,0.6470588235294117,0.9964060454153904
75,115,0.5090528726577759,0.0,0.6666666666666667,0.9879703881315431
75,116,0.5835890769958496,0.0,0.864406779661017,0.9930336284605608
75,117,0.5093585252761841,0.0,0.3137254901960784,0.9769007597375049
75,118,0.6146928071975708,0.0,0.6274509803921569,0.9849573658494203
75,119,0.6258761286735535,0.0,0.7254901960784313,0.995442866022926
75,120,0.5127621293067932,0.0,0.039215686274509776,0.8882459811403103
75,121,0.618453860282898,0.0,0.7058823529411764,0.988377354160233
75,123,0.5945652723312378,0.0,0.43137254901960786,0.9857159384593946
75,124,0.6757895350456238,0.0,0.43220338983050843,0.9751890015193917
75,125,0.5243906378746033,0.0,0.13725490196078427,0.9678926385070427
75,127,0.5236571431159973,0.0,0.27450980392156865,0.9525732233279125
75,128,0.5137508511543274,0.0,0.9019607843137255,0.965828902149869
75,129,0.6271266341209412,0.0,0.5257731958762887,0.9913560017095128
75,130,0.5637334585189819,0.014084507042253521,0.5686274509803921,0.9853454598210019
75,131,0.44603288173675537,0.0,0.0980392156862745,0.956959404055514
75,132,0.6332804560661316,0.0,0.9019607843137255,0.9996503659976569
75,133,0.314773827791214,0.0,0.05882352941176472,0.8909417283247716
75,134,0.5523725748062134,0.0,0.07843137254901966,0.9488194811912852
75,136,0.5587201118469238,0.0,0.4117647058823529,0.9913794606976333
75,137,0.5882390737533569,0.0,0.196078431372549,0.9863796968925126
75,138,0.30547666549682617,0.02040816326530612,0.05882352941176472,0.9037765932842396
75,139,0.4126943349838257,0.0,0.05882352941176472,0.9300851739106119
75,140,0.5839990973472595,0.0,0.13725490196078427,0.9830541581045865
75,144,0.4938420355319977,0.0,0.07843137254901966,0.9488194811912852
75,145,0.3519198000431061,0.0,0.039215686274509776,0.8882459811403103
75,149,0.4593454599380493,0.0,0.07843137254901966,0.9302290208326377
75,150,0.6383258700370789,0.0,0.6623376623376623,0.9612440570198285
75,155,0.33094245195388794,0.0,0.0980392156862745,0.9356388018526662
76,77,0.3816007077693939,0.0,0.2222222222222222,0.9340475009733397
76,78,0.7791720628738403,0.0,0.032258064516129004,0.8716044966012995
76,79,0.8232172131538391,0.0,0.03076923076923077,0.8527737748513032
76,80,0.8001400828361511,0.0,0.0357142857142857,0.8927787240742344
76,81,0.9362048506736755,0.02857142857142857,0.05882352941176472,0.8941397076699568
76,82,0.8049584627151489,0.0,0.04255319148936165,0.876127471422038
76,83,0.8234736323356628,0.0,0.028169014084507005,0.8481120621180075
76,84,0.8491135835647583,0.0,0.08695652173913049,0.9199593567632829
76,85,0.92447829246521,0.0,0.052631578947368474,0.9039974814259554
76,86,0.5097463130950928,0.0,0.6666666666666667,0.9872914577172293
76,87,0.7105976343154907,0.0,0.09999999999999998,0.9391944818274325
76,88,0.8973528146743774,0.0,0.16666666666666663,0.9594098410999791
76,89,0.7955234050750732,0.0,0.5,0.9868766925113064
76,90,0.8550688028335571,0.0,0.33333333333333337,0.9763858778160684
76,92,0.5302963256835938,0.0,0.08333333333333337,0.9135056729538228
76,93,0.8066510558128357,0.0,0.05405405405405406,0.9165816639153658
76,94,0.8380309343338013,0.0,0.08333333333333337,0.9440456954011075
76,95,0.554139256477356,0.0,0.19999999999999996,0.9429997482867173
76,96,0.4341157078742981,0.0,0.04761904761904767,0.9166821493137137
76,97,0.8550242185592651,0.0,0.1428571428571429,0.9575012817448159
76,98,0.8630197048187256,0.0,0.4,0.9717994609215622
76,99,0.8419276475906372,0.0,0.19999999999999996,0.9630787800277103
76,100,0.6987356543540955,0.0,0.125,0.9450511857887883
76,101,0.833075761795044,0.0,0.19999999999999996,0.9580978594630066
76,103,0.8275036215782166,0.0,0.10526315789473684,0.9435401950265816
76,104,0.17083126306533813,0.0,0.33333333333333337,0.9733119812420086
76,105,0.8872361183166504,0.0,0.036363636363636376,0.901022347605286
76,106,0.8221561908721924,0.0,0.08695652173913049,0.9338112069100872
76,110,0.8816556334495544,0.0,0.02898550724637683,0.8673658622923445
76,111,0.9123165607452393,0.0,0.05405405405405406,0.9266856655013047
76,112,0.8715288639068604,0.0,0.33333333333333337,0.969563697012161
76,113,0.7806509137153625,0.0,0.08695652173913049,0.9170975545861985
76,114,0.7399356365203857,0.0,0.06060606060606055,0.8924503155250728
76,115,0.6306647658348083,0.0,0.05882352941176472,0.9151901692891047
76,116,0.6814043521881104,0.0,0.03389830508474578,0.9039641632159002
76,117,0.8856515884399414,0.0,0.125,0.9467437897437266
76,118,0.8676866292953491,0.0,0.0625,0.9314406779220046
76,119,0.7167287468910217,0.0,0.05405405405405406,0.8930170405776329
76,120,0.046980515122413635,0.0,1.0,0.9747233974296369
76,121,0.9162455201148987,0.0,0.05555555555555558,0.8881229234902656
76,123,0.8493301272392273,0.0,0.09090909090909094,0.9352234702925085
76,124,0.5792732834815979,0.0,0.016949152542372836,0.8157458177636561
76,125,0.669835090637207,0.0,0.2857142857142857,0.9738063495232047
76,127,0.890180230140686,0.0,0.1428571428571429,0.9230001916443292
76,128,0.5226783156394958,0.0,0.04347826086956519,0.8411615382262781
76,129,0.8072121143341064,0.0,0.020618556701030966,0.8542401482145658
76,130,0.8252314329147339,0.0,0.06896551724137934,0.9166712377167465
76,131,0.4340721666812897,0.0,0.4,0.9824314906619431
76,132,0.8465854525566101,0.0,0.04347826086956519,0.9031811315770352
76,133,0.580510675907135,0.0,0.6666666666666667,0.9713625500351314
76,134,0.6940860748291016,0.0,0.5,0.9832391998365062
76,136,0.8498293161392212,0.0,0.09523809523809523,0.9250272532059327
76,137,0.893925666809082,0.0,0.19999999999999996,0.955277395397168
76,138,0.8872361183166504,0.0,0.6666666666666667,0.9908799153972281
76,139,0.8646997213363647,0.0,0.6666666666666667,0.9733813226401771
76,140,0.9237518310546875,0.0,0.2857142857142857,0.9499498901463613
76,144,0.16972720623016357,0.0,0.5,0.9832391998365062
76,145,0.8329172134399414,0.0,1.0,0.9747233974296369
76,149,0.16630738973617554,0.0,0.5,0.9836016990796537
76,150,0.8105967044830322,0.0,0.025974025974025983,0.8312331396639695
76,155,0.6359817981719971,0.0,0.4,0.8865804413069183
77,78,0.490285724401474,0.0,0.14516129032258063,0.9833991745164906
77,79,0.4958420991897583,0.0,0.1384615384615384,0.9803158499259115
77,80,0.4116511642932892,0.0,0.1607142857142857,0.9798654432007665
77,81,0.5602653622627258,0.0,0.2647058823529411,0.9881114242995511
77,82,0.44317424297332764,0.0,0.19148936170212771,0.9852100402162021
77,83,0.4383162260055542,0.0,0.12676056338028174,0.9777115254109731
77,84,0.49978044629096985,0.0,0.3913043478260869,0.9904924497592998
77,85,0.4233158826828003,0.0,0.23684210526315785,0.9853524510177774
77,86,0.32177260518074036,0.0,0.33333333333333337,0.9264384175675281
77,87,0.3773312568664551,0.0,0.44999999999999996,0.9732008398321293
77,88,0.3902626633644104,0.0,0.75,0.9548438142837652
77,89,0.3070928752422333,0.0,0.4444444444444444,0.9753407766584328
77,90,0.38986456394195557,0.0,0.6666666666666667,0.9509697135431917
77,92,0.38273361325263977,0.0,0.375,0.9867403641537092
77,93,0.4931308329105377,0.0,0.2432432432432432,0.9819046521689319
77,94,0.4691469371318817,0.0,0.375,0.9683160961236523
77,95,0.3932572603225708,0.0,0.9,0.936291828516417
77,96,0.5210868716239929,0.0,0.2142857142857143,0.9827013770431016
77,97,0.44829103350639343,0.0,0.6428571428571428,0.9594257889050637
77,98,0.3601033687591553,0.0,0.5555555555555556,0.9692534323733191
77,99,0.49502766132354736,0.0,0.9,0.9700628485218257
77,100,0.38649746775627136,0.0,0.5625,0.9782796599841973
77,101,0.5225128531455994,0.0,0.9,0.9652666762176427
77,103,0.403580904006958,0.0,0.4736842105263158,0.9783853331728688
77,104,0.289021372795105,0.0,0.6666666666666667,0.9745553862066775
77,105,0.3916811943054199,0.0,0.1636363636363637,0.9841711003572097
77,106,0.4753637909889221,0.0,0.3913043478260869,0.9844745703570512
77,110,0.4149034321308136,0.0,0.13043478260869568,0.9813875113453753
77,111,0.46544116735458374,0.0,0.2432432432432432,0.9792164547653188
77,112,0.5435659885406494,0.0,0.6666666666666667,0.9241102536982398
77,113,0.4286789894104004,0.0,0.3913043478260869,0.9891196957361228
77,114,0.4241831600666046,0.0,0.2727272727272727,0.9864140333270087
77,115,0.4764065146446228,0.0,0.2647058823529411,0.9801935953881152
77,116,0.4673818349838257,0.0,0.15254237288135597,0.9806872086762937
77,117,0.49437713623046875,0.0,0.5625,0.972344684795115
77,118,0.37244004011154175,0.0,0.28125,0.9644720843872638
77,119,0.47011056542396545,0.0,0.2432432432432432,0.9815189091253664
77,120,0.2538483142852783,0.0,0.2222222222222222,0.8939392470862032
77,121,0.45532143115997314,0.0,0.25,0.9833593310289231
77,123,0.43902963399887085,0.0,0.40909090909090906,0.9679205202914323
77,124,0.4266759753227234,0.0,0.07627118644067798,0.9612012930284229
77,125,0.5806959271430969,0.0,0.7777777777777778,0.9677165263159783
77,127,0.37551939487457275,0.0,0.6428571428571428,0.9584812093674279
77,128,0.5577492713928223,0.0,0.19565217391304346,0.9657737327343305
77,129,0.4598338305950165,0.0,0.09278350515463918,0.9782605265378757
77,130,0.44049403071403503,0.0,0.31034482758620685,0.9783084614928563
77,131,0.5439919829368591,0.0,0.5555555555555556,0.9623503297037673
77,132,0.4384671449661255,0.0,0.19565217391304346,0.986059890862142
77,133,0.34678277373313904,0.0,0.33333333333333337,0.8944168745448098
77,134,0.33447325229644775,0.0,0.4444444444444444,0.9548707260977091
77,136,0.43199366331100464,0.0,0.4285714285714286,0.9869110282450274
77,137,0.3422660231590271,0.0,0.9,0.9831530359236745
77,138,0.27622491121292114,0.0,0.33333333333333337,0.9251598036774116
77,139,0.32243454456329346,0.0,0.33333333333333337,0.9354319262140217
77,140,0.3409368395805359,0.0,0.7777777777777778,0.9919470720996938
77,144,0.31374022364616394,0.0,0.4444444444444444,0.9548707260977091
77,145,0.2902112603187561,0.0,0.2222222222222222,0.8939392470862032
77,149,0.29189497232437134,0.0,0.4444444444444444,0.9519543023842107
77,150,0.5862026810646057,0.0,0.11688311688311692,0.9589602256899958
77,155,0.2712034583091736,0.0,0.5555555555555556,0.9660894763506802
78,79,0.8037869334220886,0.03418803418803419,0.9538461538461538,0.9980563802353368
78,80,0.7258490324020386,0.0,0.9032258064516129,0.9917128359470266
78,81,0.6435326933860779,0.0,0.5483870967741935,0.9971215277355386
78,82,0.6952313780784607,0.0,0.7580645161290323,0.9998053545017941
78,83,0.7093243598937988,0.0,0.8732394366197183,0.997439650695201
78,84,0.6963907480239868,0.0,0.3709677419354839,0.9912030700334736
78,85,0.6680673360824585,0.0,0.6129032258064516,0.9935758588001431
78,86,0.5774945020675659,0.0,0.048387096774193505,0.8836093213120197
78,87,0.5863135457038879,0.0,0.32258064516129037,0.9684050988872871
78,88,0.6945601105690002,0.0,0.19354838709677424,0.9417078492342714
78,89,0.5966600179672241,0.0,0.06451612903225812,0.933186068214302
78,90,0.659144937992096,0.0,0.09677419354838712,0.9166648728059648
78,92,0.4642237424850464,0.0,0.3870967741935484,0.9921353656660776
78,93,0.6327786445617676,0.0,0.5967741935483871,0.9862339539807453
78,94,0.6703536510467529,0.0,0.3870967741935484,0.9644987551682007
78,95,0.5004643201828003,0.0,0.16129032258064513,0.9239392021824274
78,96,0.5474945902824402,0.0,0.6774193548387097,0.9883015442155043
78,97,0.6282815337181091,0.0,0.22580645161290325,0.9482092478913113
78,98,0.5512584447860718,0.0,0.08064516129032262,0.941680347436582
78,99,0.6163089871406555,0.0,0.16129032258064513,0.9551937018119747
78,100,0.5745276808738708,0.0,0.25806451612903225,0.9683205050462278
78,101,0.6464183926582336,0.0,0.16129032258064513,0.9447762395632594
78,103,0.6215723156929016,0.0,0.30645161290322576,0.9735832115995893
78,104,0.36441704630851746,0.0,0.09677419354838712,0.9486161614709817
78,105,0.623969316482544,0.0,0.8870967741935484,0.9942789983879351
78,106,0.6338432431221008,0.0,0.3709677419354839,0.9831858434037587
78,110,0.6959551572799683,0.0,0.8985507246376812,0.9996296673702332
78,111,0.701825737953186,0.0,0.5967741935483871,0.9815449706547569
78,112,0.654298722743988,0.0,0.09677419354838712,0.8975027105667659
78,113,0.6401798129081726,0.0,0.3709677419354839,0.9923898710691476
78,114,0.5889894366264343,0.0,0.532258064516129,0.9980125231942026
78,115,0.5961167812347412,0.0,0.5483870967741935,0.983397261334297
78,116,0.6417310833930969,0.0,0.9516129032258065,0.9895084479144828
78,117,0.6065253615379333,0.0,0.25806451612903225,0.9611782807218567
78,118,0.6542780995368958,0.0,0.5161290322580645,0.9661210540391368
78,119,0.5594222545623779,0.0,0.5967741935483871,0.9939584334684758
78,120,0.33456358313560486,0.0,0.032258064516129004,0.8481955136964531
78,121,0.6696141362190247,0.0,0.5806451612903225,0.9932720095169427
78,123,0.6620052456855774,0.0,0.3548387096774194,0.965919472423165
78,124,0.6430152654647827,0.0,0.5254237288135593,0.9875263407780749
78,125,0.5963195562362671,0.0,0.11290322580645162,0.9445231467869651
78,127,0.6552224159240723,0.0,0.22580645161290325,0.9490082836649293
78,128,0.5163241624832153,0.0,0.7419354838709677,0.9827751362000123
78,129,0.7450605034828186,0.0,0.6391752577319587,0.9989308955693238
78,130,0.6316640973091125,0.0,0.467741935483871,0.9811069116821319
78,131,0.40430381894111633,0.0,0.08064516129032262,0.9301808248769317
78,132,0.7258928418159485,0.0,0.7419354838709677,0.9945930259344787
78,133,0.39425739645957947,0.0,0.048387096774193505,0.8545911187382645
78,134,0.5952066779136658,0.0,0.06451612903225812,0.9199545472504024
78,136,0.7095320820808411,0.0,0.33870967741935487,0.9838570353991655
78,137,0.6264913082122803,0.0,0.16129032258064513,0.9709709065680555
78,138,0.5450794100761414,0.0,0.048387096774193505,0.8750549728771984
78,139,0.5886582732200623,0.0,0.048387096774193505,0.8986299331611637
78,140,0.6488980054855347,0.0,0.11290322580645162,0.974577187410298
78,144,0.43058720231056213,0.0,0.06451612903225812,0.9199545472504024
78,145,0.5317434072494507,0.0,0.032258064516129004,0.8481955136964531
78,149,0.3493903577327728,0.0,0.06451612903225812,0.9061976550784332
78,150,0.7015427350997925,0.0,0.8051948051948052,0.9785743372247813
78,155,0.5402554273605347,0.0,0.08064516129032262,0.94379965316867
79,80,0.7390403747558594,0.0,0.8615384615384616,0.9851063213471357
79,81,0.6104665994644165,0.0,0.523076923076923,0.9929753705230259
79,82,0.6552269458770752,0.0,0.7230769230769231,0.9976153781680265
79,83,0.6584168076515198,0.0,0.9154929577464789,0.9991247012042379
79,84,0.6321908831596375,0.0,0.3538461538461538,0.9852191251069423
79,85,0.65226149559021,0.0,0.5846153846153845,0.9870354622539819
79,86,0.5921552777290344,0.0,0.0461538461538461,0.8610902636024867
79,87,0.576270580291748,0.0,0.3076923076923077,0.9552610622053139
79,88,0.6198806166648865,0.0,0.18461538461538463,0.9224243974039393
79,89,0.5045391321182251,0.0,0.06153846153846154,0.9212364225424582
79,90,0.5499104857444763,0.0,0.09230769230769231,0.8998044730400253
79,92,0.507615327835083,0.0,0.36923076923076925,0.983813139101549
79,93,0.6119475364685059,0.0,0.5692307692307692,0.9775683813496503
79,94,0.5938051342964172,0.0,0.36923076923076925,0.9492015571340282
79,95,0.46021395921707153,0.0,0.15384615384615385,0.9045526308605066
79,96,0.5752033591270447,0.0,0.6461538461538461,0.9797443303556531
79,97,0.5936636328697205,0.0,0.2153846153846154,0.9299701785633618
79,98,0.4557754397392273,0.0,0.07692307692307687,0.927011061692333
79,99,0.5608980655670166,0.0,0.15384615384615385,0.9389062851898526
79,100,0.5618966221809387,0.0,0.24615384615384617,0.9571222634473371
79,101,0.5518431067466736,0.0,0.15384615384615385,0.9315611183388416
79,103,0.5310715436935425,0.0,0.29230769230769227,0.960805615120546
79,104,0.41096147894859314,0.0,0.09230769230769231,0.9347813998416337
79,105,0.6292920708656311,0.0,0.8461538461538461,0.9878292332259228
79,106,0.6050177216529846,0.0,0.3538461538461538,0.9728837116196445
79,110,0.6384678483009338,0.0,0.9420289855072463,0.997505648769921
79,111,0.6354896426200867,0.0,0.5692307692307692,0.9709760167708381
79,112,0.6262151598930359,0.0,0.09230769230769231,0.8740556186370275
79,113,0.5854253172874451,0.0,0.3538461538461538,0.9853294360994092
79,114,0.4987354576587677,0.0,0.5076923076923077,0.993174250952749
79,115,0.5611216425895691,0.0,0.523076923076923,0.9749898807814628
79,116,0.6051620841026306,0.0,0.9076923076923077,0.9821239256607868
79,117,0.5521186590194702,0.0,0.24615384615384617,0.9489995979869056
79,118,0.6070288419723511,0.0,0.49230769230769234,0.9506517367503748
79,119,0.5774369239807129,0.0,0.5692307692307692,0.9873211571718136
79,120,0.4123079776763916,0.0,0.03076923076923077,0.8213650120482806
79,121,0.5993446707725525,0.0,0.5538461538461539,0.9894515035260913
79,123,0.5880736112594604,0.0,0.3384615384615385,0.9519367276888003
79,124,0.6266442537307739,0.0,0.5508474576271186,0.9908338302822524
79,125,0.554399311542511,0.0,0.10769230769230764,0.9277250509398676
79,127,0.5626019835472107,0.0,0.2153846153846154,0.937474196247159
79,128,0.510870099067688,0.0,0.7076923076923076,0.983442279543814
79,129,0.6919962763786316,0.0,0.6701030927835052,0.998747764700026
79,130,0.5764842629432678,0.0,0.4461538461538461,0.9719037080546473
79,131,0.4229673743247986,0.0,0.07692307692307687,0.9136418735333228
79,132,0.6752060651779175,0.0,0.7076923076923076,0.9890712971223892
79,133,0.34843844175338745,0.0,0.0461538461538461,0.8265510690757241
79,134,0.5522258877754211,0.0,0.06153846153846154,0.9018812046588571
79,136,0.6276746392250061,0.0,0.32307692307692304,0.9774365119695797
79,137,0.5937340259552002,0.0,0.15384615384615385,0.9587032421797101
79,138,0.4191931188106537,0.0,0.0461538461538461,0.852320124813863
79,139,0.5001585483551025,0.0,0.0461538461538461,0.8781744618526757
79,140,0.5740297436714172,0.0,0.10769230769230764,0.9657375069284354
79,144,0.46838295459747314,0.0,0.06153846153846154,0.9018812046588571
79,145,0.4287871718406677,0.0,0.03076923076923077,0.8213650120482806
79,149,0.4002408981323242,0.0,0.06153846153846154,0.8919207315604781
79,150,0.6517215371131897,0.0,0.8441558441558441,0.9794790360072421
79,155,0.46522217988967896,0.0,0.07692307692307687,0.9427241598553063
80,81,0.5673627257347107,0.0,0.6071428571428572,0.9972169478170836
80,82,0.6397815942764282,0.0,0.8392857142857143,0.9913347195622734
80,83,0.6375762224197388,0.0,0.7887323943661972,0.9806071691585376
80,84,0.6042680740356445,0.0,0.4107142857142857,0.9915589143651844
80,85,0.6001051068305969,0.0,0.6785714285714286,0.999002738246038
80,86,0.527500331401825,0.0,0.0535714285714286,0.9031673505350956
80,87,0.6732659935951233,0.0,0.3571428571428571,0.9878280884936598
80,88,0.59771728515625,0.0,0.2142857142857143,0.9537193405585761
80,89,0.4897986948490143,0.0,0.0714285714285714,0.944554103111573
80,90,0.5528945922851562,0.0,0.1071428571428571,0.9461049942091387
80,92,0.5174392461776733,0.0,0.4285714285714286,0.9939949893687317
80,93,0.5575349926948547,0.0,0.6607142857142857,0.9964184775811691
80,94,0.5903944373130798,0.0,0.4285714285714286,0.9740607676919135
80,95,0.49732357263565063,0.0,0.1785714285714286,0.9225240054422063
80,96,0.5717690587043762,0.0,0.75,0.9867942955325408
80,97,0.5687397718429565,0.0,0.25,0.9622514004276543
80,98,0.49048253893852234,0.0,0.0892857142857143,0.9418158482758869
80,99,0.5239226222038269,0.0,0.1785714285714286,0.9666563242162308
80,100,0.5093312859535217,0.0,0.2857142857142857,0.9851477467009256
80,101,0.550057590007782,0.0,0.1785714285714286,0.968289527102574
80,103,0.5163068771362305,0.0,0.3392857142857143,0.9854342851421704
80,104,0.4006049633026123,0.0,0.1071428571428571,0.9535015859598597
80,105,0.5726896524429321,0.0,0.9821428571428571,0.9979027044794594
80,106,0.5619710683822632,0.0,0.4107142857142857,0.9904392193405694
80,110,0.617455780506134,0.0,0.8115942028985508,0.99224558130474
80,111,0.6352267861366272,0.0,0.6607142857142857,0.9839468103564935
80,112,0.567008912563324,0.0,0.1071428571428571,0.91657874056797
80,113,0.5481101274490356,0.0,0.4107142857142857,0.996435103696299
80,114,0.5014815330505371,0.0,0.5892857142857143,0.9931635549621607
80,115,0.5530731081962585,0.0,0.6071428571428572,0.9965679750432537
80,116,0.5917965769767761,0.0,0.9491525423728814,0.9975562557449197
80,117,0.5541535019874573,0.0,0.2857142857142857,0.9798722313499331
80,118,0.5856210589408875,0.0,0.5714285714285714,0.9670170165626912
80,119,0.5824112892150879,0.0,0.6607142857142857,0.9845459966194338
80,120,0.42957422137260437,0.0,0.0357142857142857,0.8632316313974089
80,121,0.5943821668624878,0.0,0.6428571428571428,0.998836581446928
80,123,0.6037334203720093,0.0,0.3928571428571429,0.9637926718367188
80,124,0.5923852920532227,0.0,0.47457627118644063,0.9607858676976909
80,125,0.5118281841278076,0.0,0.125,0.9551471546806498
80,127,0.5636349320411682,0.0,0.25,0.9796687371710424
80,128,0.47553205490112305,0.0,0.8214285714285714,0.9880564739984967
80,129,0.644167959690094,0.0,0.5773195876288659,0.9853669625965984
80,130,0.5458933115005493,0.0,0.5178571428571428,0.9965102164945789
80,131,0.44816485047340393,0.0,0.0892857142857143,0.94263044600689
80,132,0.6406440734863281,0.0,0.8214285714285714,0.9909055575198963
80,133,0.3206441104412079,0.0,0.0535714285714286,0.8775913633478261
80,134,0.4998595416545868,0.0,0.0714285714285714,0.9284706987617154
80,136,0.6134324073791504,0.0,0.375,0.9910288675046419
80,137,0.5712431073188782,0.0,0.1785714285714286,0.9771322668580222
80,138,0.41979026794433594,0.0,0.0535714285714286,0.9035426981796908
80,139,0.48341241478919983,0.0,0.0535714285714286,0.9007304566121985
80,140,0.5626813173294067,0.0,0.125,0.9708746671604306
80,144,0.44600173830986023,0.0,0.0714285714285714,0.9284706987617154
80,145,0.4311409592628479,0.0,0.0357142857142857,0.8632316313974089
80,149,0.4341069757938385,0.0,0.0714285714285714,0.9320041832667809
80,150,0.6074138283729553,0.0,0.7272727272727273,0.9862305803113617
80,155,0.4592418074607849,0.0,0.0892857142857143,0.9231656024924879
81,82,0.557862401008606,0.0,0.7234042553191489,0.9974801545490481
81,83,0.5202162265777588,0.0,0.47887323943661975,0.9903632842492732
81,84,0.4850319027900696,0.0,0.6764705882352942,0.9940605490664861
81,85,0.5838788151741028,0.0,0.8947368421052632,0.9982000715448527
81,86,0.520713746547699,0.0,0.08823529411764708,0.9026857418249999
81,87,0.4342435598373413,0.0,0.5882352941176471,0.9809875590827831
81,88,0.461215615272522,0.0,0.3529411764705882,0.952292752855972
81,89,0.2932898998260498,0.0,0.11764705882352944,0.9480970681515892
81,90,0.33342933654785156,0.0,0.17647058823529416,0.939070190356686
81,92,0.45960962772369385,0.0,0.7058823529411764,0.9967691969671737
81,93,0.651340663433075,0.0,0.9189189189189189,0.9928003825668315
81,94,0.47592803835868835,0.0,0.7058823529411764,0.971496517072549
81,95,0.4022185206413269,0.0,0.2941176470588235,0.9279853595318084
81,96,0.4975667893886566,0.0,0.8095238095238095,0.9888941910885459
81,97,0.480819970369339,0.0,0.4117647058823529,0.9588504317201775
81,98,0.3702544569969177,0.0,0.1470588235294118,0.9488412263070686
81,99,0.4384579658508301,0.0,0.2941176470588235,0.9662255397276562
81,100,0.45532289147377014,0.0,0.47058823529411764,0.9801864418250456
81,101,0.3537899851799011,0.0,0.2941176470588235,0.961163728485008
81,103,0.48933684825897217,0.0,0.5588235294117647,0.9825023240079248
81,104,0.37681883573532104,0.0,0.17647058823529416,0.9576908979566788
81,105,0.5750525593757629,0.0,0.6181818181818182,0.9971861993759704
81,106,0.5668799877166748,0.037037037037037035,0.6764705882352942,0.9895419795242625
81,110,0.4864466190338135,0.0,0.49275362318840576,0.9974303689549987
81,111,0.5234687924385071,0.0,0.9189189189189189,0.9840815859691375
81,112,0.548453152179718,0.0,0.17647058823529416,0.9131619665199823
81,113,0.4699707329273224,0.0,0.6764705882352942,0.9973338906606867
81,114,0.3417570888996124,0.0,0.9705882352941176,0.998272032820129
81,115,0.463918000459671,0.0,1.0,0.9915824835799549
81,116,0.5307354927062988,0.0,0.576271186440678,0.9941088236421888
81,117,0.46833041310310364,0.0,0.47058823529411764,0.9735641316786098
81,118,0.5442554950714111,0.0,0.9411764705882353,0.9688896663650522
81,119,0.5481246709823608,0.0,0.9189189189189189,0.9918509696378259
81,120,0.41676071286201477,0.0,0.05882352941176472,0.8652044089024572
81,121,0.5747348070144653,0.0,0.9444444444444444,0.9981374303283524
81,123,0.5181612968444824,0.01818181818181818,0.6470588235294117,0.9676559532537424
81,124,0.550544261932373,0.0,0.288135593220339,0.9756951194068706
81,125,0.49031174182891846,0.0,0.20588235294117652,0.9564459136489539
81,127,0.4166865944862366,0.0,0.4117647058823529,0.9691459596040894
81,128,0.4481205940246582,0.0,0.7391304347826086,0.9875258831154604
81,129,0.5875729322433472,0.0,0.35051546391752575,0.9932694612953331
81,130,0.5413420796394348,0.0,0.8529411764705882,0.9908455491513508
81,131,0.4221886992454529,0.0,0.1470588235294118,0.9439529859316114
81,132,0.5388670563697815,0.0,0.7391304347826086,0.9939471273031609
81,133,0.28730520606040955,0.027777777777777776,0.08823529411764708,0.876062278422004
81,134,0.4533080756664276,0.0,0.11764705882352944,0.9324085162769375
81,136,0.44639456272125244,0.0,0.6176470588235294,0.989976844952908
81,137,0.5091643929481506,0.0,0.2941176470588235,0.9794238722556314
81,138,0.2180059552192688,0.0,0.08823529411764708,0.9009650301327478
81,139,0.25180041790008545,0.0,0.08823529411764708,0.9080218030894264
81,140,0.4617880582809448,0.0,0.20588235294117652,0.9802104503452711
81,144,0.43158847093582153,0.0,0.11764705882352944,0.9324085162769375
81,145,0.22141721844673157,0.0,0.05882352941176472,0.8652044089024572
81,149,0.3661213517189026,0.0,0.11764705882352944,0.9284725303548332
81,150,0.5508265495300293,0.028037383177570093,0.4415584415584416,0.9833550693566496
81,155,0.26354745030403137,0.0,0.1470588235294118,0.9419060662761506
82,83,0.9437682032585144,0.5526315789473685,0.6619718309859155,0.9972817831112963
82,84,0.6537594795227051,0.014492753623188406,0.4893617021276596,0.9911288698921119
82,85,0.6469361186027527,0.0,0.8085106382978724,0.9933827512877923
82,86,0.5726920962333679,0.0,0.06382978723404253,0.8871876932426375
82,87,0.5672240853309631,0.0,0.42553191489361697,0.9684375204047759
82,88,0.6206342577934265,0.0,0.25531914893617025,0.9434307474050264
82,89,0.5192871689796448,0.0,0.08510638297872342,0.9359037552358769
82,90,0.5703027844429016,0.0,0.12765957446808507,0.9183149394593342
82,92,0.5009187459945679,0.0,0.5106382978723405,0.9933458209112052
82,93,0.6122255325317383,0.0,0.7872340425531915,0.9856392529396201
82,94,0.6172512769699097,0.0,0.5106382978723405,0.9647770589689065
82,95,0.47659212350845337,0.0,0.21276595744680848,0.9263412828758644
82,96,0.5364325642585754,0.0,0.8936170212765957,0.9880622510272293
82,97,0.6171443462371826,0.0,0.2978723404255319,0.9492301603535578
82,98,0.5019247531890869,0.0,0.1063829787234043,0.9445372504454566
82,99,0.6027092337608337,0.0,0.21276595744680848,0.9569288517764596
82,100,0.544267475605011,0.0,0.34042553191489366,0.9682508465470251
82,101,0.5931417942047119,0.0,0.21276595744680848,0.9448549270205203
82,103,0.5383751392364502,0.0,0.4042553191489362,0.9738761730715314
82,104,0.39432618021965027,0.0,0.12765957446808507,0.9507496423783788
82,105,0.6034650802612305,0.0,0.8545454545454545,0.9937135053516615
82,106,0.5788370370864868,0.0,0.4893617021276596,0.9833600817840809
82,110,0.6470364332199097,0.0,0.6811594202898551,0.9996304197073613
82,111,0.6291734576225281,0.0,0.7872340425531915,0.9812520770023276
82,112,0.5896280407905579,0.0,0.12765957446808507,0.8997241986171591
82,113,0.573514997959137,0.0,0.4893617021276596,0.9926479260806493
82,114,0.5343078374862671,0.0,0.7021276595744681,0.9986114751001596
82,115,0.5086879134178162,0.0,0.7234042553191489,0.9827121464412718
82,116,0.565697431564331,0.0,0.7966101694915254,0.9885352812912629
82,117,0.5605520009994507,0.0,0.34042553191489366,0.9608059421149477
82,118,0.607987642288208,0.0,0.6808510638297872,0.9671638949905893
82,119,0.6090966463088989,0.0,0.7872340425531915,0.9950539131282433
82,120,0.41975945234298706,0.0,0.04255319148936165,0.8530118491966979
82,121,0.6172000169754028,0.0,0.7659574468085106,0.9929419379108924
82,123,0.6452375650405884,0.0,0.46808510638297873,0.966960283942927
82,124,0.5970229506492615,0.0,0.39830508474576276,0.9880325136823751
82,125,0.5763957500457764,0.0,0.14893617021276595,0.9468990017169984
82,127,0.5855122208595276,0.0,0.2978723404255319,0.9494456538846077
82,128,0.50261390209198,0.0,0.9787234042553191,0.9823973688528022
82,129,0.662256121635437,0.0,0.48453608247422686,0.9987908437462519
82,130,0.526066780090332,0.0,0.6170212765957447,0.980671982832502
82,131,0.3898390233516693,0.0,0.1063829787234043,0.9325651405620037
82,132,0.6732717752456665,0.0,0.9787234042553191,0.9941036231439355
82,133,0.3920742869377136,0.0,0.06382978723404253,0.8595036157520831
82,134,0.5630308389663696,0.0,0.08510638297872342,0.9231877932095484
82,136,0.6218059062957764,0.0,0.44680851063829785,0.9832760358160418
82,137,0.6065719127655029,0.0,0.21276595744680848,0.9725278157326506
82,138,0.4464975595474243,0.0,0.06382978723404253,0.879732338777573
82,139,0.5195959210395813,0.0,0.06382978723404253,0.9029162270847866
82,140,0.603879988193512,0.0,0.14893617021276595,0.9776475467650761
82,144,0.44537848234176636,0.0,0.08510638297872342,0.9231877932095484
82,145,0.43364980816841125,0.0,0.04255319148936165,0.8530118491966979
82,149,0.411990225315094,0.0,0.08510638297872342,0.9082372362467253
82,150,0.6507711410522461,0.0,0.6103896103896104,0.9774952426987266
82,155,0.46114853024482727,0.0,0.1063829787234043,0.9484737110832001
83,84,0.6374989748001099,0.010752688172043012,0.323943661971831,0.9824971494552965
83,85,0.6371937394142151,0.0,0.5352112676056338,0.9833129638675608
83,86,0.5756115317344666,0.0,0.04225352112676062,0.8592318193988167
83,87,0.572789192199707,0.0,0.2816901408450704,0.9491580697423506
83,88,0.6207290291786194,0.0,0.16901408450704225,0.9222053921708129
83,89,0.5264546871185303,0.0,0.05633802816901412,0.9166443206994241
83,90,0.5705607533454895,0.0,0.08450704225352113,0.8912236010452089
83,92,0.48539847135543823,0.0,0.3380281690140845,0.9828157328532006
83,93,0.5986014604568481,0.0,0.5211267605633803,0.9727030779238112
83,94,0.6368305683135986,0.0,0.3380281690140845,0.947619383688219
83,95,0.48067715764045715,0.0,0.14084507042253525,0.9094766055772477
83,96,0.548179030418396,0.0,0.5915492957746479,0.9790586455947
83,97,0.5982692837715149,0.0,0.19718309859154926,0.92825330111407
83,98,0.5059753060340881,0.0,0.07042253521126762,0.9284937363916335
83,99,0.5871482491493225,0.0,0.14084507042253525,0.9373486370965515
83,100,0.5315420627593994,0.0,0.22535211267605637,0.9505772612675671
83,101,0.5840290784835815,0.0,0.14084507042253525,0.923142217942313
83,103,0.5310190916061401,0.0,0.2676056338028169,0.957216834326679
83,104,0.40694403648376465,0.0,0.08450704225352113,0.933870850625999
83,105,0.5779628753662109,0.008064516129032258,0.7746478873239436,0.9845588953970137
83,106,0.5792046189308167,0.0,0.323943661971831,0.9698488046005785
83,110,0.6416503190994263,0.0,0.971830985915493,0.9969085282038921
83,111,0.6255990862846375,0.0,0.5211267605633803,0.9696514296522606
83,112,0.5810855627059937,0.0,0.08450704225352113,0.8729255551287175
83,113,0.5621002316474915,0.0,0.323943661971831,0.9822522367052496
83,114,0.5230451226234436,0.0,0.46478873239436624,0.9928669964172583
83,115,0.5075017213821411,0.0,0.47887323943661975,0.9688834126013401
83,116,0.5751875638961792,0.0,0.8309859154929577,0.9774607355636054
83,117,0.5467692613601685,0.0,0.22535211267605637,0.9420178583532036
83,118,0.5953044891357422,0.0,0.45070422535211263,0.9529368790161608
83,119,0.6106686592102051,0.0,0.5211267605633803,0.9897649335308102
83,120,0.4336620271205902,0.0,0.028169014084507005,0.8238250227637454
83,121,0.6154617071151733,0.0,0.5070422535211268,0.9844976343781645
83,123,0.6351963877677917,0.0,0.3098591549295775,0.9543064096278364
83,124,0.6073417067527771,0.0,0.6016949152542372,0.9952612186378599
83,125,0.5650005340576172,0.0,0.09859154929577463,0.9265805181949538
83,127,0.5850894451141357,0.0,0.19718309859154926,0.9269085937872302
83,128,0.47687578201293945,0.0,0.647887323943662,0.9771027784296402
83,129,0.6553875803947449,0.0,0.731958762886598,0.9994367628189439
83,130,0.5153108239173889,0.010526315789473684,0.4084507042253521,0.9655500080665146
83,131,0.3690991997718811,0.0,0.07042253521126762,0.9112108366283127
83,132,0.6672559380531311,0.0,0.647887323943662,0.9877689169113468
83,133,0.3768453598022461,0.0,0.04225352112676062,0.827261355489988
83,134,0.572678804397583,0.0,0.05633802816901412,0.9019049789085013
83,136,0.6220324635505676,0.0,0.295774647887324,0.9720613918908049
83,137,0.6061839461326599,0.0,0.14084507042253525,0.9571099548683324
83,138,0.44617941975593567,0.0136986301369863,0.04225352112676062,0.8478261732583812
83,139,0.5257598161697388,0.0,0.04225352112676062,0.8821590723361027
83,140,0.5969979763031006,0.0,0.09859154929577463,0.9665801845510071
83,144,0.4373665452003479,0.0,0.05633802816901412,0.9019049789085013
83,145,0.4359680116176605,0.0,0.028169014084507005,0.8238250227637454
83,149,0.40692171454429626,0.0,0.05633802816901412,0.8829099111828262
83,150,0.6394628882408142,0.0,0.922077922077922,0.971989910733743
83,155,0.4450339376926422,0.0,0.07042253521126762,0.9468234119369354
84,85,0.7155242562294006,0.0,0.6052631578947368,0.9963004156444423
84,86,0.5455527305603027,0.0,0.13043478260869568,0.9309895221000339
84,87,0.5737152099609375,0.0,0.8695652173913043,0.9882226013970892
84,88,0.7218935489654541,0.06060606060606061,0.5217391304347826,0.9708317958656794
84,89,0.6296699643135071,0.0,0.17391304347826086,0.9682970965676825
84,90,0.6818410754203796,0.07407407407407407,0.26086956521739135,0.9576680259257383
84,92,0.49872058629989624,0.0,0.9583333333333334,0.993619723530516
84,93,0.6143755912780762,0.0,0.6216216216216216,0.9962191583210861
84,94,0.6803740859031677,0.0,0.9583333333333334,0.9869959864205118
84,95,0.4806192219257355,0.0,0.4347826086956522,0.9516705535754898
84,96,0.4975733458995819,0.0,0.5476190476190477,0.9975110247012092
84,97,0.6549121737480164,0.0,0.6086956521739131,0.9769193313170451
84,98,0.6042787432670593,0.0,0.21739130434782605,0.9698516023691698
84,99,0.6252440214157104,0.0,0.4347826086956522,0.9814083612480374
84,100,0.585537314414978,0.0,0.6956521739130435,0.9907454233682456
84,101,0.66196608543396,0.0,0.4347826086956522,0.9776397323261655
84,103,0.5873445272445679,0.0,0.8260869565217391,0.9930805079990502
84,104,0.3095264434814453,0.0,0.26086956521739135,0.978284930377111
84,105,0.6136040091514587,0.0,0.4181818181818182,0.997235228131955
84,106,0.6039039492607117,0.0,1.0,0.9973967376521309
84,110,0.7204927206039429,0.011363636363636364,0.33333333333333337,0.9889782144051388
84,111,0.7152809500694275,0.0,0.6216216216216216,0.9958128012508368
84,112,0.6572678685188293,0.0,0.26086956521739135,0.9410383389227901
84,113,0.6334065198898315,0.0,1.0,0.9983710111892331
84,114,0.6034515500068665,0.0,0.696969696969697,0.9938898367939492
84,115,0.5692209005355835,0.0,0.6764705882352942,0.9937905278606233
84,116,0.5881806015968323,0.0,0.38983050847457623,0.9957521681224639
84,117,0.6361117362976074,0.0,0.6956521739130435,0.9872913080750425
84,118,0.6446062326431274,0.0,0.71875,0.9818980442785696
84,119,0.6183776259422302,0.0,0.6216216216216216,0.9895020438118877
84,120,0.31761297583580017,0.0,0.08695652173913049,0.8959396189913772
84,121,0.6769962906837463,0.0,0.6388888888888888,0.9913717266835503
84,123,0.6993749141693115,0.0,0.9565217391304348,0.9833259373290504
84,124,0.5938368439674377,0.0,0.19491525423728817,0.963491177130214
84,125,0.6207758188247681,0.0,0.30434782608695654,0.9746223066432224
84,127,0.6580148339271545,0.0,0.6086956521739131,0.96716514143702
84,128,0.521734893321991,0.0,0.5,0.9687574144138684
84,129,0.6909773349761963,0.0,0.23711340206185572,0.9852228886657969
84,130,0.6048632264137268,0.0,0.7931034482758621,0.9917544746651001
84,131,0.4021582305431366,0.0,0.21739130434782605,0.9671886030133326
84,132,0.7290376424789429,0.0,0.5,0.9985963888051831
84,133,0.4530104696750641,0.0,0.13043478260869568,0.9001662634123214
84,134,0.5895940661430359,0.0,0.17391304347826086,0.9566792102355549
84,136,0.7101879715919495,0.0,0.9130434782608696,0.997775208499212
84,137,0.6844325065612793,0.0,0.4347826086956522,0.9911352525890411
84,138,0.5728420615196228,0.0,0.13043478260869568,0.9207844095655239
84,139,0.6232655644416809,0.0,0.13043478260869568,0.9332891554833282
84,140,0.6746134757995605,0.0,0.30434782608695654,0.9854562406741423
84,144,0.38396868109703064,0.0,0.17391304347826086,0.9566792102355549
84,145,0.4930013120174408,0.0,0.08695652173913049,0.8959396189913772
84,149,0.29577621817588806,0.0,0.17391304347826086,0.9510745728985494
84,150,0.6906355023384094,0.0,0.2987012987012987,0.9647354187750443
84,155,0.5697263479232788,0.0,0.21739130434782605,0.9327507684726909
85,86,0.47333189845085144,0.0,0.07894736842105265,0.9150926092145923
85,87,0.516451358795166,0.0,0.5263157894736843,0.9897996600770128
85,88,0.5539082884788513,0.0,0.3157894736842105,0.9620613897380369
85,89,0.45629414916038513,0.0,0.10526315789473684,0.9544833426622455
85,90,0.48440608382225037,0.0,0.1578947368421053,0.9518004104236932
85,92,0.4787735044956207,0.0,0.631578947368421,0.9962660556205596
85,93,0.523139238357544,0.0,0.9736842105263158,0.9980967618007689
85,94,0.5702646970748901,0.0,0.631578947368421,0.9805966876814964
85,95,0.44093966484069824,0.0,0.26315789473684215,0.9353248776257587
85,96,0.5049266219139099,0.0,0.9047619047619048,0.9924659647114957
85,97,0.5832422971725464,0.0,0.368421052631579,0.9695195205779691
85,98,0.4406556189060211,0.0,0.13157894736842102,0.9537926423929405
85,99,0.4916885793209076,0.0,0.26315789473684215,0.9740660411114441
85,100,0.4993504583835602,0.0,0.42105263157894735,0.9887196518236678
85,101,0.483080118894577,0.0,0.26315789473684215,0.9729895172955171
85,103,0.5261601209640503,0.0,0.5,0.9900449773555785
85,104,0.36699143052101135,0.0,0.1578947368421053,0.9641557161785032
85,105,0.5909424424171448,0.0,0.6909090909090909,0.9995307511884596
85,106,0.5513469576835632,0.0,0.6052631578947368,0.9947987756786846
85,110,0.6883420348167419,0.01,0.5507246376811594,0.993266961998246
85,111,0.5854840874671936,0.0,0.9736842105263158,0.9899581299140666
85,112,0.5280042886734009,0.0,0.1578947368421053,0.9273874060907037
85,113,0.5132622718811035,0.0,0.6052631578947368,0.9991120342814965
85,114,0.4378626346588135,0.0,0.868421052631579,0.995705312467128
85,115,0.4656309187412262,0.0,0.8947368421052632,0.9972626092635812
85,116,0.5207738876342773,0.0,0.6440677966101696,0.9986190595438846
85,117,0.49430957436561584,0.02,0.42105263157894735,0.9839676161792299
85,118,0.5604198575019836,0.0,0.8421052631578947,0.9746434878136514
85,119,0.5458696484565735,0.0,0.9736842105263158,0.9887872983931086
85,120,0.3627886474132538,0.0,0.052631578947368474,0.877212640009229
85,121,0.5620006918907166,0.0,0.9473684210526316,0.9980858309818509
85,123,0.5681716203689575,0.0,0.5789473684210527,0.9729186973910252
85,124,0.5875148177146912,0.0,0.3220338983050848,0.9641314974643671
85,125,0.49032115936279297,0.0,0.1842105263157895,0.9641866199837297
85,127,0.5183364152908325,0.0,0.368421052631579,0.9770657810223341
85,128,0.44476547837257385,0.0,0.8260869565217391,0.9831744901723067
85,129,0.6118506789207458,0.0,0.3917525773195877,0.9874469906667974
85,130,0.5478795766830444,0.0,0.7631578947368421,0.9966186888080788
85,131,0.327380895614624,0.0,0.13157894736842102,0.9531937337509743
85,132,0.5862411856651306,0.0,0.8260869565217391,0.9954335175879527
85,133,0.33587098121643066,0.0,0.07894736842105265,0.888315334550229
85,134,0.47476378083229065,0.0,0.10526315789473684,0.9405266589536356
85,136,0.5653043389320374,0.0,0.5526315789473684,0.9949032721267241
85,137,0.5455068349838257,0.0,0.26315789473684215,0.984208146911615
85,138,0.3552923798561096,0.0,0.07894736842105265,0.911876782329132
85,139,0.4213005304336548,0.0,0.07894736842105265,0.9145798609167891
85,140,0.5453410148620605,0.0,0.1842105263157895,0.9783490743018578
85,144,0.3866708278656006,0.0,0.10526315789473684,0.9405266589536356
85,145,0.37772002816200256,0.0,0.052631578947368474,0.877212640009229
85,149,0.36111125349998474,0.0,0.10526315789473684,0.9400511653086494
85,150,0.5616211891174316,0.0,0.49350649350649356,0.9803861044567694
85,155,0.39013174176216125,0.0,0.13157894736842102,0.9287299713915711
86,87,0.6102848052978516,0.0,0.15000000000000002,0.9515613817126762
86,88,0.6218360066413879,0.0,0.25,0.9843135966001328
86,89,0.5214303135871887,0.0,0.75,0.9805769485403018
86,90,0.5663871169090271,0.0,0.5,0.9793846244455111
86,92,0.5102899074554443,0.0,0.125,0.9269917778189978
86,93,0.6048832535743713,0.0,0.08108108108108103,0.9286056508719411
86,94,0.6908912658691406,0.0,0.125,0.9668646345134921
86,95,0.43551966547966003,0.0,0.30000000000000004,0.9756066541528077
86,96,0.5584385991096497,0.0,0.0714285714285714,0.9357098429453613
86,97,0.5664864182472229,0.0,0.2142857142857143,0.9802845722057406
86,98,0.4085008203983307,0.0,0.6,0.9826456581062459
86,99,0.7273824214935303,0.0,0.30000000000000004,0.9811514806355272
86,100,0.5346723794937134,0.0,0.1875,0.9537529195878924
86,101,0.5322912335395813,0.0,0.30000000000000004,0.9643721153166767
86,103,0.4861290454864502,0.0,0.1578947368421053,0.9595889446863921
86,104,0.4914294481277466,0.0,0.5,0.9836132980268826
86,105,0.7196372151374817,0.0,0.054545454545454564,0.9141208957158027
86,106,0.5840998291969299,0.0,0.13043478260869568,0.9485226658962543
86,110,0.5842157006263733,0.0,0.04347826086956519,0.8798895379711881
86,111,0.7235726714134216,0.0,0.08108108108108103,0.946432047756707
86,112,0.5549353957176208,0.0,0.5,0.9951284535044468
86,113,0.6128737330436707,0.0,0.13043478260869568,0.9282345660545275
86,114,0.4844790995121002,0.0,0.09090909090909094,0.9065855799052015
86,115,0.49007654190063477,0.0,0.08823529411764708,0.9244628793022044
86,116,0.592747688293457,0.0,0.05084745762711862,0.9161683812429677
86,117,0.5246190428733826,0.0,0.1875,0.9568301532995296
86,118,0.5761061906814575,0.0,0.09375,0.9598927316531155
86,119,0.6065889596939087,0.0,0.08108108108108103,0.9121091696184334
86,120,0.5796262621879578,0.0,0.6666666666666667,0.9910803154664327
86,121,0.5954059362411499,0.0,0.08333333333333337,0.8942347171885199
86,123,0.5780593752861023,0.0,0.13636363636363635,0.9615304309241204
86,124,0.690364420413971,0.0,0.025423728813559365,0.8308032929717897
86,125,0.5852120518684387,0.0,0.4285714285714286,0.9882563159522767
86,127,0.5428099036216736,0.0,0.2142857142857143,0.9237038988572003
86,128,0.48452138900756836,0.0,0.06521739130434778,0.8400901052513381
86,129,0.7314097285270691,0.0,0.030927835051546393,0.8675744057725143
86,130,0.5792198181152344,0.0,0.10344827586206895,0.9261921337858896
86,131,0.460688978433609,0.0,0.6,0.992620245868192
86,132,0.7148372530937195,0.0,0.06521739130434778,0.9185351790250016
86,133,0.24533002078533173,0.0,1.0,0.9917460571884641
86,134,0.6241565346717834,0.0,0.75,0.9943984593381783
86,136,0.6297324299812317,0.0,0.1428571428571429,0.9326958627717182
86,137,0.6428658962249756,0.0,0.30000000000000004,0.9695492562177785
86,138,0.34480953216552734,0.0,1.0,0.9921746131311919
86,139,0.5018441677093506,0.0,1.0,0.9859196739525606
86,140,0.5543735027313232,0.0,0.4285714285714286,0.953447210171004
86,144,0.464328795671463,0.0,0.75,0.9943984593381783
86,145,0.36793509125709534,0.0,0.6666666666666667,0.9910803154664327
86,149,0.5351254343986511,0.0,0.75,0.9778756935034632
86,150,0.6901541352272034,0.0,0.038961038961038974,0.8299826412760049
86,155,0.4132660925388336,0.0,0.6,0.8631615073053683
87,88,0.6601341962814331,0.0,0.6,0.9807998065678869
87,89,0.5800095796585083,0.0,0.19999999999999996,0.9722843705805959
87,90,0.6397161483764648,0.0,0.30000000000000004,0.9826447441729266
87,92,0.4879845678806305,0.0,0.8333333333333334,0.9855324424687653
87,93,0.616042971611023,0.0,0.5405405405405406,0.9955906455661606
87,94,0.6515607833862305,0.0,0.8333333333333334,0.9909657056761221
87,95,0.5416887998580933,0.0,0.5,0.9494524444332963
87,96,0.5542861819267273,0.0,0.47619047619047616,0.9857503918748544
87,97,0.6424139738082886,0.0,0.7,0.9877101812764166
87,98,0.5717490911483765,0.0,0.25,0.9652026049316117
87,99,0.6044504046440125,0.0,0.5,0.9885442777239589
87,100,0.5702558755874634,0.0,0.8,0.9985410928254277
87,101,0.6609576940536499,0.0,0.5,0.9935651280798714
87,103,0.5742931365966797,0.0,0.95,0.9973881673242895
87,104,0.324109822511673,0.0,0.30000000000000004,0.9773406990894347
87,105,0.617685079574585,0.0,0.36363636363636365,0.9887793636545018
87,106,0.6443651914596558,0.0,0.8695652173913043,0.9954132509571898
87,110,0.687096357345581,0.0,0.28985507246376807,0.9673414999535938
87,111,0.7611525654792786,0.0,0.5405405405405406,0.9891952468002247
87,112,0.637946605682373,0.0,0.30000000000000004,0.9614440455759987
87,113,0.6637443900108337,0.0,0.8695652173913043,0.9910842785762242
87,114,0.5728180408477783,0.0,0.6060606060606061,0.9767785477109623
87,115,0.6615681052207947,0.0,0.5882352941176471,0.9958157561527529
87,116,0.689853310585022,0.0,0.3389830508474576,0.9920158908132858
87,117,0.6384864449501038,0.0,0.8,0.997523448060766
87,118,0.666535496711731,0.0,0.625,0.9780668283089036
87,119,0.5898584127426147,0.0,0.5405405405405406,0.9694762755619469
87,120,0.31135377287864685,0.0,0.09999999999999998,0.9159820695393333
87,121,0.6746429204940796,0.0,0.5555555555555556,0.9831193713280411
87,123,0.7011331915855408,0.0,0.9090909090909091,0.9755226368594032
87,124,0.5809576511383057,0.0,0.1694915254237288,0.9201607896570065
87,125,0.5471878051757812,0.0,0.35,0.9815168985277525
87,127,0.6605901718139648,0.0,0.7,0.9890933274421319
87,128,0.6245081424713135,0.0,0.4347826086956522,0.9574241533738322
87,129,0.6746765971183777,0.0,0.20618556701030932,0.9563166567218394
87,130,0.6142171621322632,0.0,0.6896551724137931,0.9966714120189476
87,131,0.4515501856803894,0.0,0.25,0.975737800510355
87,132,0.7125483155250549,0.0,0.4347826086956522,0.9825014337669465
87,133,0.42352619767189026,0.0,0.15000000000000002,0.9289681932385009
87,134,0.5167601704597473,0.0,0.19999999999999996,0.9628883797732051
87,136,0.7003287076950073,0.0,0.9523809523809523,0.9926637946232981
87,137,0.6304149627685547,0.0,0.5,0.990152655178963
87,138,0.5485836267471313,0.0,0.15000000000000002,0.950371251224334
87,139,0.5618727803230286,0.0,0.15000000000000002,0.9354984302485212
87,140,0.6493076086044312,0.0,0.35,0.9728187073385612
87,144,0.3971520662307739,0.0,0.19999999999999996,0.9628883797732051
87,145,0.5419917702674866,0.0,0.09999999999999998,0.9159820695393333
87,149,0.4213322699069977,0.0,0.19999999999999996,0.970814501981607
87,150,0.6454009413719177,0.0,0.2597402597402597,0.9552947593563755
87,155,0.4825626015663147,0.0,0.25,0.8985284456371664
88,89,0.5746410489082336,0.14285714285714285,0.33333333333333337,0.9763947437480988
88,90,0.6574185490608215,0.2857142857142857,0.5,0.9765312345313769
88,92,0.48048755526542664,0.0,0.5,0.9702197376577498
88,93,0.6262140870094299,0.0,0.32432432432432434,0.9702234437917053
88,94,0.6690847277641296,0.0,0.5,0.9950248428658868
88,95,0.49573588371276855,0.0,0.8333333333333334,0.9907277902899595
88,96,0.5030387043952942,0.0,0.2857142857142857,0.9782124604188998
88,97,0.6462263464927673,0.0,0.8571428571428572,0.9988599552653318
88,98,0.6039556264877319,0.0,0.41666666666666663,0.9898549678800669
88,99,0.6809277534484863,0.0,0.8333333333333334,0.9979855084688338
88,100,0.5568625330924988,0.0,0.75,0.9793899696328018
88,101,0.5963618159294128,0.0,0.8333333333333334,0.9774606995287537
88,103,0.6153252720832825,0.0,0.631578947368421,0.988968743913008
88,104,0.34006598591804504,0.0,0.5,0.99237075084215
88,105,0.6760397553443909,0.0,0.21818181818181814,0.9628786613447287
88,106,0.6242391467094421,0.0,0.5217391304347826,0.9833748668471499
88,110,0.6754748821258545,0.012987012987012988,0.17391304347826086,0.9392247438659195
88,111,0.7162206172943115,0.0,0.32432432432432434,0.9843378310538021
88,112,0.6533685326576233,0.0,0.5,0.9929881107765867
88,113,0.6123838424682617,0.0,0.5217391304347826,0.9699103763183143
88,114,0.5902647376060486,0.0,0.36363636363636365,0.957595392554148
88,115,0.5540721416473389,0.0,0.3529411764705882,0.96527098209331
88,116,0.5978485345840454,0.0,0.2033898305084746,0.9631145710107822
88,117,0.6289833784103394,0.0,0.75,0.9801884238236276
88,118,0.6362324357032776,0.0,0.375,0.9931746140460308
88,119,0.6115640997886658,0.0,0.32432432432432434,0.9628342297845232
88,120,0.3206426799297333,0.0,0.16666666666666663,0.9698980054951887
88,121,0.6849455833435059,0.0,0.33333333333333337,0.9446807456083715
88,123,0.69024658203125,0.0,0.5454545454545454,0.9921922172255072
88,124,0.5741585493087769,0.0,0.10169491525423724,0.9003021460539357
88,125,0.6086369156837463,0.0,0.5833333333333333,0.9971676040796738
88,127,0.6619440913200378,0.0,0.8571428571428572,0.9490771135054898
88,128,0.4566415548324585,0.0,0.26086956521739135,0.9000383027766328
88,129,0.6890983581542969,0.0,0.12371134020618557,0.930260277241782
88,130,0.6215100288391113,0.0,0.4137931034482759,0.9657938249096581
88,131,0.4201832115650177,0.0,0.41666666666666663,0.992622551316926
88,132,0.702826201915741,0.0,0.26086956521739135,0.9660985363560411
88,133,0.3586091995239258,0.0,0.25,0.974242951700056
88,134,0.6073605418205261,0.0,0.33333333333333337,0.991177540538672
88,136,0.6570309400558472,0.0,0.5714285714285714,0.9684349659490997
88,137,0.6877539753913879,0.0,0.8333333333333334,0.9921282435627201
88,138,0.4865065813064575,0.0,0.25,0.9709485542579395
88,139,0.5684053301811218,0.0,0.25,0.980185276768597
88,140,0.6786189079284668,0.0,0.5833333333333333,0.9760865232899473
88,144,0.35956230759620667,0.0,0.33333333333333337,0.991177540538672
88,145,0.4850560426712036,0.0,0.16666666666666663,0.9698980054951887
88,149,0.3164404034614563,0.0,0.33333333333333337,0.9662159154328495
88,150,0.6918625831604004,0.0,0.1558441558441559,0.8924279222475152
88,155,0.46017512679100037,0.0,0.41666666666666663,0.8923466260956608
89,90,0.8535184860229492,0.25,0.6666666666666667,0.9864425465955073
89,92,0.5335821509361267,0.0,0.16666666666666663,0.9580698405293427
89,93,0.6462093591690063,0.0,0.10810810810810811,0.9623189692435647
89,94,0.7738820910453796,0.0,0.16666666666666663,0.9742226321721383
89,95,0.4902743101119995,0.0,0.4,0.9587400953815464
89,96,0.5471817255020142,0.0,0.09523809523809523,0.9632799438545198
89,97,0.730653703212738,0.0,0.2857142857142857,0.9780464725014302
89,98,0.7462574243545532,0.0,0.8,0.9875264123564205
89,99,0.6783965826034546,0.0,0.4,0.9845007193629199
89,100,0.6224066019058228,0.0,0.25,0.9793134261909182
89,101,0.7793264985084534,0.0,0.4,0.983426966207914
89,103,0.6455220580101013,0.0,0.21052631578947367,0.9774800312676319
89,104,0.2555469274520874,0.0,0.6666666666666667,0.9927278656805213
89,105,0.6614128351211548,0.0,0.07272727272727275,0.9530766493837436
89,106,0.6971583366394043,0.0,0.17391304347826086,0.9737499562542211
89,110,0.8110500574111938,0.0,0.05797101449275366,0.9290660958767176
89,111,0.7989010810852051,0.0,0.10810810810810811,0.9684651666889672
89,112,0.7892661094665527,0.0,0.6666666666666667,0.9715647677951946
89,113,0.7379260659217834,0.0,0.17391304347826086,0.9641812000572184
89,114,0.6897093653678894,0.0,0.12121212121212122,0.9464230122561792
89,115,0.6636219024658203,0.0,0.11764705882352944,0.9606669712953743
89,116,0.6644647717475891,0.0,0.06779661016949157,0.9541793738861016
89,117,0.785807728767395,0.0,0.25,0.979107443543789
89,118,0.6931756734848022,0.0,0.125,0.9627975381539648
89,119,0.6450834274291992,0.0,0.10810810810810811,0.9436931853792363
89,120,0.20046362280845642,0.0,0.5,0.955554584552431
89,121,0.8015605211257935,0.0,0.11111111111111116,0.9435003427799443
89,123,0.7401551604270935,0.0,0.18181818181818177,0.9675043126519627
89,124,0.5738930702209473,0.0,0.03389830508474578,0.8882454371794948
89,125,0.6597822308540344,0.0,0.5714285714285714,0.9892597587626707
89,127,0.8026297092437744,0.0,0.2857142857142857,0.9544682346288058
89,128,0.528195321559906,0.0,0.08695652173913049,0.9054638062612779
89,129,0.7978916168212891,0.0,0.04123711340206182,0.9202807693269914
89,130,0.6474750638008118,0.0,0.13793103448275867,0.960253877397373
89,131,0.3363211154937744,0.0,0.8,0.9937840876854269
89,132,0.8270227909088135,0.0,0.08695652173913049,0.956300061562333
89,133,0.5128324031829834,0.0,0.75,0.953667077272881
89,134,0.7032852172851562,0.0,1.0,0.9889905356358576
89,136,0.8276283144950867,0.0,0.19047619047619047,0.9712903524323858
89,137,0.8033468127250671,0.0,0.4,0.9852117926649808
89,138,0.7130074501037598,0.0,0.75,0.977947815492688
89,139,0.7956629395484924,0.0,0.75,0.9711723802149571
89,140,0.7769735455513,0.0,0.5714285714285714,0.9801485508972696
89,144,0.2805227041244507,0.0,1.0,0.9889905356358576
89,145,0.6624717116355896,0.0,0.5,0.955554584552431
89,149,0.26484203338623047,0.0,1.0,0.991623416731397
89,150,0.812343418598175,0.0,0.051948051948051965,0.8976139889552955
89,155,0.6506506204605103,0.0,0.8,0.9195412446467496
90,92,0.49558892846107483,0.0,0.25,0.9501046199277693
90,93,0.7147302031517029,0.0,0.16216216216216217,0.9642701172276584
90,94,0.7872595191001892,0.0,0.25,0.9739320321469143
90,95,0.5609931945800781,0.0,0.6,0.9439123706087814
90,96,0.5321479439735413,0.0,0.1428571428571429,0.9523117902881273
90,97,0.7397063374519348,0.0,0.4285714285714286,0.980838266728207
90,98,0.7301560044288635,0.0,0.8333333333333334,0.9659862398025467
90,99,0.7412962913513184,0.0,0.6,0.9827320592015052
90,100,0.6234919428825378,0.0,0.375,0.9850517755370255
90,101,0.7821677327156067,0.0,0.6,0.9943592642791814
90,103,0.6816105246543884,0.0,0.3157894736842105,0.9791574258006632
90,104,0.2911742627620697,0.0,1.0,0.9783570372141717
90,105,0.7144052982330322,0.0,0.10909090909090913,0.9489776353368274
90,106,0.7091476321220398,0.0,0.26086956521739135,0.9708345491487101
90,110,0.8283209204673767,0.014084507042253521,0.08695652173913049,0.9142976149959543
90,111,0.818321943283081,0.0,0.16216216216216217,0.961175209245097
90,112,0.7771908640861511,0.0,1.0,0.9769340933003942
90,113,0.706564724445343,0.0,0.26086956521739135,0.9584562150697136
90,114,0.7530233860015869,0.0,0.18181818181818177,0.9328599812844817
90,115,0.617153525352478,0.0,0.17647058823529416,0.9656057032225932
90,116,0.6748020648956299,0.0,0.10169491525423724,0.9548013381561387
90,117,0.7808341979980469,0.0,0.375,0.9870498777434812
90,118,0.7175219655036926,0.0,0.1875,0.9539302423496802
90,119,0.680336058139801,0.0,0.16216216216216217,0.9248275270429935
90,120,0.2826758921146393,0.0,0.33333333333333337,0.9461240694161972
90,121,0.8368318676948547,0.0,0.16666666666666663,0.9412335577618784
90,123,0.7869064807891846,0.0,0.2727272727272727,0.9539645707188795
90,124,0.6296648979187012,0.0,0.05084745762711862,0.853485450914573
90,125,0.7419652342796326,0.0,0.8571428571428572,0.9831412955061715
90,127,0.7912080883979797,0.0,0.4285714285714286,0.9764061332638156
90,128,0.5063921809196472,0.0,0.13043478260869568,0.9045621090614476
90,129,0.8047640919685364,0.0,0.061855670103092786,0.8991074621553202
90,130,0.6760132908821106,0.0,0.2068965517241379,0.9678494932791365
90,131,0.43555748462677,0.0,0.8333333333333334,0.9871244841146044
90,132,0.8247838020324707,0.0,0.13043478260869568,0.9434098673322938
90,133,0.5058416724205017,0.0,0.5,0.9577108373863246
90,134,0.7480873465538025,0.0,0.6666666666666667,0.9758146209349059
90,136,0.8261998295783997,0.0,0.2857142857142857,0.9676294018798437
90,137,0.81277996301651,0.0,0.6,0.9777419630858615
90,138,0.6676599979400635,0.0,0.5,0.9834821571765139
90,139,0.7758476734161377,0.0,0.5,0.9476463295912201
90,140,0.8032994866371155,0.0,0.8571428571428572,0.9562760409395418
90,144,0.33880746364593506,0.0,0.6666666666666667,0.9758146209349059
90,145,0.6787257194519043,0.0,0.33333333333333337,0.9461240694161972
90,149,0.3104354739189148,0.0,0.6666666666666667,0.9965002371702474
90,150,0.8153224587440491,0.0,0.07792207792207795,0.9003742716004456
90,155,0.6228668093681335,0.0,0.8333333333333334,0.8656812483247857
92,93,0.49877429008483887,0.0,0.6486486486486487,0.9923038666780924
92,94,0.46669209003448486,0.0,1.0,0.982149928370821
92,95,0.4072597026824951,0.0,0.41666666666666663,0.9508607004261634
92,96,0.453023761510849,0.0,0.5714285714285714,0.9920114988909418
92,97,0.4819676876068115,0.0,0.5833333333333333,0.9737297361886471
92,98,0.37193742394447327,0.0,0.20833333333333337,0.9650728714394592
92,99,0.40676936507225037,0.0,0.41666666666666663,0.9801344108360907
92,100,0.43453916907310486,0.0,0.6666666666666667,0.9830783210687308
92,101,0.40832409262657166,0.0,0.41666666666666663,0.9661616696593852
92,103,0.48490190505981445,0.0,0.7916666666666666,0.989054061288204
92,104,0.31174883246421814,0.0,0.25,0.9708840335878836
92,105,0.4564610421657562,0.0,0.4363636363636364,0.9951065989664739
92,106,0.5213412642478943,0.0,0.9583333333333334,0.9935041913525521
92,110,0.49149760603904724,0.0,0.34782608695652173,0.9926309156512589
92,111,0.497970849275589,0.0,0.6486486486486487,0.9890276602978867
92,112,0.45530879497528076,0.0,0.25,0.9368734682602003
92,113,0.4720630645751953,0.0,0.9583333333333334,0.9974631476234948
92,114,0.4112268388271332,0.0,0.7272727272727273,0.9977170416531401
92,115,0.42707014083862305,0.0,0.7058823529411764,0.9898026062304964
92,116,0.4834710657596588,0.0,0.4067796610169492,0.9916323029143123
92,117,0.43809035420417786,0.0,0.6666666666666667,0.977154217337042
92,118,0.4569424092769623,0.0,0.75,0.982651597057636
92,119,0.45758914947509766,0.0,0.6486486486486487,0.9954034081201585
92,120,0.29890885949134827,0.0,0.08333333333333337,0.8976888763064346
92,121,0.42859020829200745,0.0,0.6666666666666667,0.9921536339305606
92,123,0.4794798791408539,0.0,0.9166666666666666,0.9805475123390922
92,124,0.4511454999446869,0.0,0.2033898305084746,0.9692335962504591
92,125,0.3977592885494232,0.0,0.29166666666666663,0.9723469964872526
92,127,0.4390040934085846,0.0,0.5833333333333333,0.9691964572047832
92,128,0.43041834235191345,0.0,0.5217391304347826,0.9748877786278417
92,129,0.50034099817276,0.0,0.24742268041237114,0.9873134349148218
92,130,0.46583613753318787,0.0,0.8275862068965517,0.9899389806118668
92,131,0.387470006942749,0.0,0.20833333333333337,0.959747824621664
92,132,0.5005349516868591,0.0,0.5217391304347826,0.9929918382577807
92,133,0.2902317941188812,0.0,0.125,0.9083599225111887
92,134,0.3853524625301361,0.0,0.16666666666666663,0.9522187877558004
92,136,0.46500077843666077,0.0,0.875,0.987958965367368
92,137,0.4449038803577423,0.0,0.41666666666666663,0.988869361099798
92,138,0.2891680896282196,0.0,0.125,0.924147121217007
92,139,0.3576838970184326,0.0,0.125,0.9334796045880545
92,140,0.43610072135925293,0.0,0.29166666666666663,0.9886352197775061
92,144,0.3347441256046295,0.0,0.16666666666666663,0.9522187877558004
92,145,0.30343329906463623,0.0,0.08333333333333337,0.8976888763064346
92,149,0.342108815908432,0.0,0.16666666666666663,0.9380081567663691
92,150,0.4691103398799896,0.0,0.3116883116883117,0.9687681148592939
92,155,0.3227943181991577,0.0,0.20833333333333337,0.9434848260292896
93,94,0.4828227162361145,0.0,0.6486486486486487,0.9873755317005516
93,95,0.42623987793922424,0.0,0.2702702702702703,0.9419120101279406
93,96,0.472835898399353,0.0,0.8809523809523809,0.9933552104174403
93,97,0.5085253715515137,0.0,0.3783783783783784,0.9783104426394084
93,98,0.3908873498439789,0.0,0.1351351351351351,0.9592246104358104
93,99,0.4522593319416046,0.0,0.2702702702702703,0.9804231227888017
93,100,0.5189580321311951,0.0,0.43243243243243246,0.9951295985110613
93,101,0.43833279609680176,0.0,0.2702702702702703,0.9835886622543173
93,103,0.4543023407459259,0.019230769230769232,0.5135135135135135,0.9951094704141482
93,104,0.34590715169906616,0.0,0.16216216216216217,0.9708153587639728
93,105,0.6220384836196899,0.0,0.6727272727272727,0.9981932953637559
93,106,0.539171040058136,0.0,0.6216216216216216,0.99745951401103
93,110,0.5055240392684937,0.0,0.536231884057971,0.9849804906299144
93,111,0.5289918184280396,0.0,1.0,0.9933273332307408
93,112,0.47292545437812805,0.0,0.16216216216216217,0.9412536402734755
93,113,0.5473443865776062,0.0,0.6216216216216216,0.9978164722518812
93,114,0.4176480174064636,0.0,0.8918918918918919,0.9895608794913098
93,115,0.5225197076797485,0.0,0.9189189189189189,0.9994690638123508
93,116,0.5639234781265259,0.0,0.6271186440677966,0.9993930606387742
93,117,0.4811120927333832,0.0,0.43243243243243246,0.9924054834984755
93,118,0.5197240114212036,0.0,0.8648648648648649,0.9778325933714173
93,119,0.5111561417579651,0.0,1.0,0.9822776257982676
93,120,0.3577193319797516,0.0,0.05405405405405406,0.8905620588787232
93,121,0.5249189138412476,0.0,0.972972972972973,0.9940709687713796
93,123,0.5188438892364502,0.0,0.5945945945945945,0.9763121795565988
93,124,0.562000572681427,0.0,0.31355932203389836,0.9487567777935662
93,125,0.44544973969459534,0.0,0.18918918918918914,0.9713482711743013
93,127,0.4837498962879181,0.0,0.3783783783783784,0.9815310779950537
93,128,0.48471084237098694,0.0,0.8043478260869565,0.9738723644923626
93,129,0.5806795358657837,0.0,0.38144329896907214,0.9777075137279457
93,130,0.508682370185852,0.0,0.7837837837837838,0.9987345200011926
93,131,0.37623438239097595,0.0,0.1351351351351351,0.9628941744542125
93,132,0.6054977774620056,0.0,0.8043478260869565,0.9940239220151554
93,133,0.34555312991142273,0.0,0.08108108108108103,0.9007509385957746
93,134,0.5758246779441833,0.0,0.10810810810810811,0.9494454100363158
93,136,0.573406994342804,0.0,0.5675675675675675,0.9976278183999937
93,137,0.48193103075027466,0.0,0.2702702702702703,0.9875280531839604
93,138,0.33615973591804504,0.0,0.08108108108108103,0.9237084982794789
93,139,0.38534098863601685,0.0,0.08108108108108103,0.9221988971553002
93,140,0.5048182606697083,0.0,0.18918918918918914,0.9756925161836291
93,144,0.35276517271995544,0.0,0.10810810810810811,0.9494454100363158
93,145,0.356611967086792,0.02631578947368421,0.05405405405405406,0.8905620588787232
93,149,0.36783668398857117,0.0,0.10810810810810811,0.9529372543286954
93,150,0.5622454285621643,0.0,0.48051948051948057,0.9721503913444657
93,155,0.3305158019065857,0.0,0.1351351351351351,0.915411672021677
94,95,0.47020307183265686,0.0,0.41666666666666663,0.9807689847756458
94,96,0.5295159220695496,0.0,0.5714285714285714,0.9922730879460664
94,97,0.6443487405776978,0.0,0.5833333333333333,0.9978482391716039
94,98,0.5731433629989624,0.0,0.20833333333333337,0.9843682620862992
94,99,0.5946683287620544,0.0,0.41666666666666663,0.9964888180200906
94,100,0.5198987722396851,0.0,0.6666666666666667,0.9904967346169717
94,101,0.6062082052230835,0.0,0.41666666666666663,0.9844825390545561
94,103,0.5592589378356934,0.0,0.7916666666666666,0.9973113299008028
94,104,0.35501599311828613,0.0,0.25,0.9901711475646519
94,105,0.6010425090789795,0.0,0.4363636363636364,0.9823911122232056
94,106,0.6256541013717651,0.0,0.9583333333333334,0.9948743005460932
94,110,0.654614269733429,0.0,0.34782608695652173,0.9616406876543547
94,111,0.6884407997131348,0.0,0.6486486486486487,0.9963225949028403
94,112,0.6296320557594299,0.0,0.25,0.9795320665635402
94,113,0.6118177771568298,0.0,0.9583333333333334,0.9853604072382439
94,114,0.5456822514533997,0.0,0.7272727272727273,0.974496407038055
94,115,0.5284342765808105,0.0,0.7058823529411764,0.9834159027573649
94,116,0.5887337327003479,0.0,0.4067796610169492,0.9832666344755782
94,117,0.5617262125015259,0.0,0.6666666666666667,0.9907429628589667
94,118,0.6127898097038269,0.0,0.75,0.9954831195571296
94,119,0.5737018585205078,0.0,0.6486486486486487,0.9759416936254414
94,120,0.3733783960342407,0.0,0.08333333333333337,0.9440111460002814
94,121,0.6455164551734924,0.0,0.6666666666666667,0.9670462273923557
94,123,0.6784541606903076,0.0,0.9166666666666666,0.9948304617648916
94,124,0.5953834056854248,0.0,0.2033898305084746,0.9247365207970891
94,125,0.5893186330795288,0.0,0.29166666666666663,0.9922116852022513
94,127,0.6091712117195129,0.0,0.5833333333333333,0.961122377563506
94,128,0.45704755187034607,0.0,0.5217391304347826,0.9289276565448742
94,129,0.6663686633110046,0.0,0.24742268041237114,0.9543172873858885
94,130,0.5644883513450623,0.0,0.8275862068965517,0.9825768531860126
94,131,0.37823042273521423,0.0,0.20833333333333337,0.9863091748405027
94,132,0.6756172180175781,0.0,0.5217391304347826,0.9845036813944011
94,133,0.3575204312801361,0.0,0.125,0.9480102115190409
94,134,0.5960731506347656,0.0,0.16666666666666663,0.9803472878997131
94,136,0.6742456555366516,0.0,0.875,0.9858295548224131
94,137,0.7112757563591003,0.10344827586206896,0.41666666666666663,0.9953738417774993
94,138,0.4701240062713623,0.0,0.125,0.9520846348539967
94,139,0.5549668073654175,0.0,0.125,0.9637493362989259
94,140,0.6209429502487183,0.0,0.29166666666666663,0.9789122900947599
94,144,0.36577415466308594,0.0,0.16666666666666663,0.9803472878997131
94,145,0.4847210645675659,0.0,0.08333333333333337,0.9440111460002814
94,149,0.34178081154823303,0.0,0.16666666666666663,0.9631462850564025
94,150,0.6818094253540039,0.0,0.3116883116883117,0.9242014481220886
94,155,0.4515092074871063,0.0,0.20833333333333337,0.9016793451365573
95,96,0.48523664474487305,0.0,0.23809523809523814,0.9653146315372991
95,97,0.47415342926979065,0.0,0.7142857142857143,0.984865709856536
95,98,0.3972528874874115,0.0,0.5,0.9893566241957423
95,99,0.4957807660102844,0.0,1.0,0.9840803473110892
95,100,0.3370749056339264,0.0,0.625,0.9493695867917579
95,101,0.37930312752723694,0.0,1.0,0.9445759034996127
95,103,0.44715046882629395,0.0,0.5263157894736843,0.9671283429497165
95,104,0.3566039204597473,0.0,0.6,0.9845726414123941
95,105,0.48213300108909607,0.0,0.18181818181818177,0.9383655917869254
95,106,0.4501722753047943,0.0,0.4347826086956522,0.9626285316401165
95,110,0.4906918406486511,0.0,0.14492753623188404,0.9201919168319134
95,111,0.4589555263519287,0.0,0.2702702702702703,0.970386001164553
95,112,0.39576512575149536,0.0,0.6,0.9850379446101195
95,113,0.39086848497390747,0.0,0.4347826086956522,0.9467049649179038
95,114,0.43383750319480896,0.0,0.303030303030303,0.9407787622249627
95,115,0.40341442823410034,0.0,0.2941176470588235,0.9327157117739814
95,116,0.45378828048706055,0.0,0.1694915254237288,0.9347438332034966
95,117,0.38567018508911133,0.0,0.625,0.9500857452710987
95,118,0.4379671514034271,0.0,0.3125,0.9893256433266339
95,119,0.44898390769958496,0.0,0.2702702702702703,0.9547335409456483
95,120,0.3655897378921509,0.0,0.19999999999999996,0.9741678800314556
95,121,0.4414578974246979,0.0,0.2777777777777778,0.9128076473909177
95,123,0.5077030658721924,0.0,0.4545454545454546,0.9906908856946407
95,124,0.5107189416885376,0.0,0.0847457627118644,0.8969576140484493
95,125,0.419542133808136,0.0,0.7,0.9862848308482525
95,127,0.3997734487056732,0.0,0.7142857142857143,0.9007247797411513
95,128,0.4067593514919281,0.0,0.21739130434782605,0.8596317826814552
95,129,0.4934849739074707,0.0,0.1030927835051546,0.9160566007102087
95,130,0.4346409738063812,0.0,0.3448275862068966,0.9316148536632534
95,131,0.33705154061317444,0.0,0.5,0.9809549330417519
95,132,0.485286146402359,0.0,0.21739130434782605,0.9503686807551678
95,133,0.2798839211463928,0.0,0.30000000000000004,0.9694645433772434
95,134,0.42275261878967285,0.0,0.4,0.9871155734037135
95,136,0.4464678168296814,0.0,0.47619047619047616,0.9420475634171535
95,137,0.4394795298576355,0.0,1.0,0.9777486706058157
95,138,0.2257172167301178,0.0,0.30000000000000004,0.9504325049336982
95,139,0.3198698163032532,0.0,0.30000000000000004,0.9878846750903642
95,140,0.46702510118484497,0.0,0.7,0.9675248338486645
95,144,0.367809921503067,0.0,0.4,0.9871155734037135
95,145,0.27840203046798706,0.0,0.19999999999999996,0.9741678800314556
95,149,0.30978965759277344,0.0,0.4,0.9359285497112642
95,150,0.4567027986049652,0.0,0.1298701298701299,0.8484728044282327
95,155,0.2988896071910858,0.0,0.5,0.889678920148241
96,97,0.4490097165107727,0.0,0.33333333333333337,0.9827825987148394
96,98,0.3602481484413147,0.0,0.11904761904761907,0.9746177981040933
96,99,0.41036611795425415,0.0,0.23809523809523814,0.9846712319097584
96,100,0.4246087670326233,0.0,0.38095238095238093,0.9868419195712765
96,101,0.426479697227478,0.0,0.23809523809523814,0.9726923966394708
96,103,0.4470917880535126,0.0,0.45238095238095233,0.9935429520761048
96,104,0.4466749429702759,0.0,0.1428571428571429,0.9805104432730936
96,105,0.4686688780784607,0.0,0.7636363636363637,0.994780591333305
96,106,0.4821617901325226,0.0,0.5476190476190477,0.9970112058792516
96,110,0.5256559252738953,0.0,0.6086956521739131,0.9856727637744666
96,111,0.48214957118034363,0.0,0.8809523809523809,0.9990891088836409
96,112,0.48270899057388306,0.0,0.1428571428571429,0.9497525280830446
96,113,0.4789282977581024,0.0,0.5476190476190477,0.9951073470896474
96,114,0.3829013705253601,0.0,0.7857142857142857,0.9919295667288414
96,115,0.44653433561325073,0.0,0.8095238095238095,0.9891647393446918
96,116,0.4895073473453522,0.0,0.711864406779661,0.9928904491099833
96,117,0.43941375613212585,0.0,0.38095238095238093,0.9842337125242501
96,118,0.47250425815582275,0.0,0.7619047619047619,0.9910050671182161
96,119,0.4614126682281494,0.0,0.8809523809523809,0.991760233000077
96,120,0.34663063287734985,0.0,0.04761904761904767,0.907336503842738
96,121,0.43283000588417053,0.0,0.8571428571428572,0.9839705087620573
96,123,0.47622230648994446,0.0,0.5238095238095238,0.9917609830658676
96,124,0.49149632453918457,0.0,0.35593220338983056,0.9623282220605416
96,125,0.43299606442451477,0.0,0.16666666666666663,0.9778676181640121
96,127,0.44395819306373596,0.0,0.33333333333333337,0.9562046246468273
96,128,0.428350031375885,0.0,0.9130434782608696,0.9558066325631509
96,129,0.5186315178871155,0.0,0.4329896907216495,0.9826911316766401
96,130,0.4460388422012329,0.0,0.6904761904761905,0.9867371394606532
96,131,0.3142709732055664,0.0,0.11904761904761907,0.9688872361506191
96,132,0.5153917670249939,0.0,0.9130434782608696,0.9984046657175646
96,133,0.2808544933795929,0.0,0.0714285714285714,0.9093622446476403
96,134,0.3986564874649048,0.0,0.09523809523809523,0.9612747667546199
96,136,0.4813689589500427,0.0,0.5,0.9930310540406565
96,137,0.414901465177536,0.0,0.23809523809523814,0.9917385973438765
96,138,0.28801989555358887,0.0,0.0714285714285714,0.9195766918908768
96,139,0.35658174753189087,0.0,0.0714285714285714,0.9430391167854506
96,140,0.42622435092926025,0.0,0.16666666666666663,0.9839809924840687
96,144,0.3576691150665283,0.0,0.09523809523809523,0.9612747667546199
96,145,0.29898011684417725,0.0,0.04761904761904767,0.907336503842738
96,149,0.32911568880081177,0.0,0.09523809523809523,0.9430746983856897
96,150,0.5029963254928589,0.0,0.5454545454545454,0.9513668662444025
96,155,0.3267710208892822,0.0,0.11904761904761907,0.9270130690683329
97,98,0.5259854793548584,0.0,0.3571428571428571,0.987133663047657
97,99,0.5797568559646606,0.0,0.7142857142857143,0.9984263827702163
97,100,0.5427302718162537,0.0,0.875,0.9867077945539231
97,101,0.5863103866577148,0.0,0.7142857142857143,0.9848094414411354
97,103,0.5203309655189514,0.0,0.736842105263158,0.993724922094645
97,104,0.3227170407772064,0.0,0.4285714285714286,0.9920764711001677
97,105,0.6081773042678833,0.0,0.2545454545454545,0.9705060086224452
97,106,0.5954559445381165,0.0,0.6086956521739131,0.988552158407914
97,110,0.6631110310554504,0.0,0.2028985507246377,0.9455023732285572
97,111,0.6592246294021606,0.0,0.3783783783783784,0.988889731851291
97,112,0.5786295533180237,0.0,0.4285714285714286,0.9900799135851771
97,113,0.5638842582702637,0.0,0.6086956521739131,0.9759603759890594
97,114,0.49044981598854065,0.0,0.4242424242424242,0.9620687724130669
97,115,0.4913596510887146,0.0,0.4117647058823529,0.9744060774749058
97,116,0.5706225633621216,0.0,0.23728813559322037,0.972023136207392
97,117,0.575882613658905,0.0,0.875,0.9878032206974248
97,118,0.627052366733551,0.0,0.4375,0.9926470928371365
97,119,0.5995465517044067,0.0,0.3783783783783784,0.9645892534900841
97,120,0.3270621597766876,0.0,0.1428571428571429,0.9611439944744748
97,121,0.597864031791687,0.0,0.38888888888888884,0.9537988486302972
97,123,0.6296505331993103,0.0,0.6363636363636364,0.9916074718700569
97,124,0.5850841403007507,0.0,0.11864406779661019,0.9035386866060855
97,125,0.572093665599823,0.0,0.5,0.9962626556306274
97,127,0.5647810697555542,0.0,1.0,0.9588155567352066
97,128,0.5003129839897156,0.0,0.30434782608695654,0.91151741663346
97,129,0.6459837555885315,0.0,0.14432989690721654,0.9361522739912744
97,130,0.5321905016899109,0.0,0.48275862068965514,0.9746283466820511
97,131,0.39842429757118225,0.0,0.3571428571428571,0.9920965025995613
97,132,0.6336790919303894,0.0,0.30434782608695654,0.9721358693165821
97,133,0.34594979882240295,0.0,0.2142857142857143,0.9660646724210203
97,134,0.5323010683059692,0.0,0.2857142857142857,0.9878483541536356
97,136,0.5992788672447205,0.0,0.6666666666666667,0.9766920879044442
97,137,0.6069822907447815,0.0,0.7142857142857143,0.9936881215557106
97,138,0.4533827602863312,0.0,0.2142857142857143,0.9676651243258649
97,139,0.5235541462898254,0.0,0.2142857142857143,0.9730404769789593
97,140,0.6244192123413086,0.0,0.5,0.975476853766251
97,144,0.37529516220092773,0.0,0.2857142857142857,0.9878483541536356
97,145,0.41763588786125183,0.0,0.1428571428571429,0.9611439944744748
97,149,0.33148494362831116,0.0,0.2857142857142857,0.9703812813817427
97,150,0.6427937746047974,0.0,0.18181818181818177,0.9056979828968239
97,155,0.42779412865638733,0.0,0.3571428571428571,0.8913560836337856
98,99,0.5846918821334839,0.0,0.5,0.991115075380412
98,100,0.4120404124259949,0.0,0.3125,0.9690978549365337
98,101,0.5093514323234558,0.0,0.5,0.9662156920148767
98,103,0.5652580857276917,0.0,0.26315789473684215,0.9787465550174663
98,104,0.29204726219177246,0.0,0.8333333333333334,0.9979300613018901
98,105,0.6118811964988708,0.0,0.09090909090909094,0.9549306227399054
98,106,0.5269293785095215,0.0,0.21739130434782605,0.9761130379077542
98,110,0.6346607208251953,0.0,0.07246376811594202,0.9375374538937936
98,111,0.5937221646308899,0.0,0.1351351351351351,0.978480779768361
98,112,0.6347567439079285,0.0,0.8333333333333334,0.9816902315590217
98,113,0.5130382776260376,0.0,0.21739130434782605,0.9647098630141562
98,114,0.5172885060310364,0.0,0.1515151515151515,0.9557412049327889
98,115,0.4938168525695801,0.0,0.1470588235294118,0.9529725840836966
98,116,0.5098589062690735,0.0,0.0847457627118644,0.9522554616916155
98,117,0.5878415107727051,0.0,0.3125,0.9684142756769553
98,118,0.5746280550956726,0.0,0.15625,0.985951581209556
98,119,0.542681097984314,0.0,0.1351351351351351,0.9630253256784016
98,120,0.1954762488603592,0.0,0.4,0.9724461627769855
98,121,0.6711395978927612,0.0,0.13888888888888884,0.9371075264350128
98,123,0.6346272230148315,0.0,0.2272727272727273,0.9896679018995537
98,124,0.5358461737632751,0.0,0.0423728813559322,0.9111214921367293
98,125,0.48144349455833435,0.0,0.7142857142857143,0.9953023295855845
98,127,0.5689570903778076,0.0,0.3571428571428571,0.9288365860379497
98,128,0.5120377540588379,0.0,0.10869565217391308,0.8919766594059055
98,129,0.6220575571060181,0.0,0.05154639175257736,0.9327108200947271
98,130,0.5263394713401794,0.0,0.1724137931034483,0.9516243601252156
98,131,0.3733355700969696,0.0,1.0,0.9939816019037447
98,132,0.5569045543670654,0.0,0.10869565217391308,0.9643682314142764
98,133,0.3541026711463928,0.0,0.6,0.9657616272066528
98,134,0.4480009973049164,0.0,0.8,0.996724241073955
98,136,0.5253115892410278,0.0,0.23809523809523814,0.964180191604614
98,137,0.5359355807304382,0.0,0.5,0.9899418365625128
98,138,0.42468804121017456,0.0,0.6,0.9673572493564145
98,139,0.48646003007888794,0.0,0.6,0.9918109069611026
98,140,0.5843414068222046,0.0,0.7142857142857143,0.9874512672417991
98,144,0.2913868725299835,0.0,0.8,0.996724241073955
98,145,0.3575029969215393,0.0,0.4,0.9724461627769855
98,149,0.24073326587677002,0.0,0.8,0.9658115824038158
98,150,0.6356709003448486,0.0,0.06493506493506496,0.8815192965162502
98,155,0.36923453211784363,0.0,1.0,0.9284599311767167
99,100,0.4061817228794098,0.0,0.625,0.9883492635675907
99,101,0.5219011902809143,0.0,1.0,0.9854670845565765
99,103,0.528468906879425,0.0,0.5263157894736843,0.9947500329243595
99,104,0.37573572993278503,0.0,0.6,0.995470490421758
99,105,0.6266466379165649,0.0,0.18181818181818177,0.9739834153927137
99,106,0.4992659091949463,0.0,0.4347826086956522,0.9909006256766828
99,110,0.5415714979171753,0.0,0.14492753623188404,0.9530387990742439
99,111,0.5993348956108093,0.0,0.2702702702702703,0.9892975973624903
99,112,0.51260906457901,0.0,0.6,0.9872137072669943
99,113,0.43380483984947205,0.0,0.4347826086956522,0.9810172383742461
99,114,0.4338058829307556,0.0,0.303030303030303,0.9691371926141543
99,115,0.4329870641231537,0.0,0.2941176470588235,0.9767358490222878
99,116,0.4856890141963959,0.0,0.1694915254237288,0.9740573919841765
99,117,0.5072134733200073,0.0,0.625,0.9879560967873071
99,118,0.5219203233718872,0.0,0.3125,0.9923947517515549
99,119,0.517641544342041,0.0,0.2702702702702703,0.9709717910955354
99,120,0.36697232723236084,0.0,0.19999999999999996,0.9609139865425326
99,121,0.5271736979484558,0.0,0.2777777777777778,0.9602336106068565
99,123,0.5463192462921143,0.0,0.4545454545454546,0.9920776675139251
99,124,0.5706958770751953,0.0,0.0847457627118644,0.9147468491432398
99,125,0.5470782518386841,0.0,0.7,0.9986578319018031
99,127,0.47346949577331543,0.0,0.7142857142857143,0.9629850064066767
99,128,0.4406002163887024,0.0,0.21739130434782605,0.9214815853040007
99,129,0.5555593967437744,0.0,0.1030927835051546,0.9442377124092087
99,130,0.5493225455284119,0.0,0.3448275862068966,0.9772439108846765
99,131,0.4762558937072754,0.0,0.5,0.9945117028890647
99,132,0.5811206102371216,0.0,0.21739130434782605,0.9756941712617968
99,133,0.314544141292572,0.0,0.30000000000000004,0.9663193269474544
99,134,0.47968053817749023,0.0,0.4,0.9906623220830453
99,136,0.5353726148605347,0.0,0.47619047619047616,0.9800515540827445
99,137,0.5362035632133484,0.0,1.0,0.9976395758385629
99,138,0.38975945115089417,0.0,0.30000000000000004,0.971907654362894
99,139,0.44674015045166016,0.0,0.30000000000000004,0.9757291211715362
99,140,0.5275574326515198,0.0,0.7,0.9848560014412037
99,144,0.37293925881385803,0.0,0.4,0.9906623220830453
99,145,0.34399428963661194,0.0,0.19999999999999996,0.9609139865425326
99,149,0.35953664779663086,0.0,0.4,0.9744676057848658
99,150,0.5657989382743835,0.0,0.1298701298701299,0.9142822491881291
99,155,0.3636850118637085,0.0,0.5,0.9084709570073003
100,101,0.4718385338783264,0.0,0.625,0.9964943358434225
100,103,0.4055945575237274,0.0,0.8421052631578947,0.9972319397595903
100,104,0.34853458404541016,0.0,0.375,0.9815913813409352
100,105,0.5577110052108765,0.0,0.2909090909090909,0.9881900417110844
100,106,0.5961107611656189,0.0,0.6956521739130435,0.9957713084329753
100,110,0.5809817910194397,0.0,0.23188405797101452,0.9661596680163121
100,111,0.5578653812408447,0.0,0.43243243243243246,0.9902131715710747
100,112,0.4892416000366211,0.0,0.375,0.961309933007884
100,113,0.6215697526931763,0.0,0.6956521739130435,0.9910523386520276
100,114,0.4432815909385681,0.0,0.48484848484848486,0.9756908967994676
100,115,0.5967886447906494,0.0,0.47058823529411764,0.995265526914623
100,116,0.6809418201446533,0.0,0.27118644067796616,0.9914241872277717
100,117,0.541586697101593,0.0,1.0,0.9994165337562029
100,118,0.49532634019851685,0.0,0.5,0.9760982575871948
100,119,0.49935299158096313,0.0,0.43243243243243246,0.9676750517778183
100,120,0.3407970070838928,0.0,0.125,0.9160065788858588
100,121,0.6035656929016113,0.0,0.4444444444444444,0.9821861179994381
100,123,0.527512788772583,0.0,0.7272727272727273,0.9757719516448734
100,124,0.6376917362213135,0.0,0.13559322033898302,0.9205395497607975
100,125,0.448625385761261,0.0,0.4375,0.9826990340170493
100,127,0.5104657411575317,0.0,0.875,0.9862412944785184
100,128,0.4336429238319397,0.0,0.34782608695652173,0.9549865331289946
100,129,0.6567025184631348,0.0,0.1649484536082474,0.9563200882361212
100,130,0.49875912070274353,0.0,0.5517241379310345,0.995187380609087
100,131,0.3491371273994446,0.0,0.3125,0.979550553809538
100,132,0.6737757921218872,0.0,0.34782608695652173,0.9841391308511539
100,133,0.4229447841644287,0.0,0.1875,0.9255891031032827
100,134,0.4665370583534241,0.0,0.25,0.9661558879813789
100,136,0.6682702898979187,0.0,0.7619047619047619,0.9958607758983503
100,137,0.49599915742874146,0.0,0.625,0.9913932393939172
100,138,0.3777000904083252,0.0,0.1875,0.9504897551259993
100,139,0.4234636425971985,0.0,0.1875,0.9374442485061086
100,140,0.4816555380821228,0.0,0.4375,0.9748440926573823
100,144,0.3423513174057007,0.0,0.25,0.9661558879813789
100,145,0.3807900846004486,0.0,0.125,0.9160065788858588
100,149,0.35699376463890076,0.0,0.25,0.9773632503369805
100,150,0.5578159689903259,0.0,0.20779220779220775,0.9528001030917989
100,155,0.39957720041275024,0.0,0.3125,0.9015608879337308
101,103,0.6684029698371887,0.0,0.5263157894736843,0.9907232831467115
101,104,0.29013246297836304,0.0,0.6,0.9803229800100662
101,105,0.702354907989502,0.0,0.18181818181818177,0.9720210133762176
101,106,0.732919454574585,0.0,0.4347826086956522,0.9859453287902765
101,110,0.8201596140861511,0.0,0.14492753623188404,0.9418554140659299
101,111,0.8347911834716797,0.0,0.2702702702702703,0.9790835968200665
101,112,0.7403417229652405,0.0,0.6,0.9685263791439782
101,113,0.7268358469009399,0.0,0.4347826086956522,0.9769895776802483
101,114,0.6842389702796936,0.0,0.303030303030303,0.9550396727937746
101,115,0.6248575448989868,0.0,0.2941176470588235,0.9846256249684101
101,116,0.6725171804428101,0.0,0.1694915254237288,0.9775056146589672
101,117,0.7387357950210571,0.0,0.625,0.9979746026926166
101,118,0.778335690498352,0.0,0.3125,0.9649159377155235
101,119,0.664454996585846,0.0,0.2702702702702703,0.945618105437799
101,120,0.26120609045028687,0.0,0.19999999999999996,0.9257028959411864
101,121,0.7870364785194397,0.0,0.2777777777777778,0.9647374212852192
101,123,0.8105875849723816,0.0,0.4545454545454546,0.9653746218324504
101,124,0.6277841329574585,0.0,0.0847457627118644,0.8871293717294635
101,125,0.7243632078170776,0.0,0.7,0.9821106499969655
101,127,0.7637747526168823,0.0,0.7142857142857143,0.9837247149327191
101,128,0.5979089736938477,0.0,0.21739130434782605,0.932355708208206
101,129,0.7689043283462524,0.0,0.1030927835051546,0.9296236783885796
101,130,0.6923401355743408,0.0,0.3448275862068966,0.9851083186472035
101,131,0.5208510160446167,0.0,0.5,0.9834953391084624
101,132,0.8475815057754517,0.08,0.21739130434782605,0.9674056045900026
101,133,0.5088217854499817,0.0,0.30000000000000004,0.9353321074341148
101,134,0.683670699596405,0.0,0.4,0.9692343966996114
101,136,0.8304694890975952,0.06896551724137931,0.47619047619047616,0.9866828077476802
101,137,0.7511996030807495,0.0,1.0,0.9850366154803765
101,138,0.6818641424179077,0.0,0.30000000000000004,0.9625225141693544
101,139,0.7448786497116089,0.0,0.30000000000000004,0.9381215767113239
101,140,0.7498361468315125,0.0,0.7,0.9630009129100819
101,144,0.38507479429244995,0.0,0.4,0.9692343966996114
101,145,0.6596044301986694,0.0,0.19999999999999996,0.9257028959411864
101,149,0.3102968633174896,0.0,0.4,0.9892296025768149
101,150,0.8198390007019043,0.0,0.1298701298701299,0.9304945835508099
101,155,0.5829683542251587,0.0,0.5,0.8773435457738648
103,104,0.3180432915687561,0.0,0.3157894736842105,0.9874270917122848
103,105,0.5619978904724121,0.0,0.34545454545454546,0.9903483259116347
103,106,0.5547187924385071,0.0,0.8260869565217391,0.9988502611618804
103,110,0.5449181795120239,0.0,0.2753623188405797,0.9716076306650914
103,111,0.5668543577194214,0.0,0.5135135135135135,0.996337590206962
103,112,0.5101014375686646,0.0,0.3157894736842105,0.969857013512009
103,113,0.49076518416404724,0.0,0.8260869565217391,0.9932846872971752
103,114,0.48194560408592224,0.0,0.5757575757575757,0.982094784279688
103,115,0.49575623869895935,0.0,0.5588235294117647,0.9930913489365318
103,116,0.49938201904296875,0.0,0.3220338983050848,0.9915825627656809
103,117,0.46755850315093994,0.0,0.8421052631578947,0.9962140903385142
103,118,0.5619407296180725,0.0,0.59375,0.9893829207757273
103,119,0.5224846601486206,0.0,0.5135135135135135,0.9790072481736681
103,120,0.31634339690208435,0.0,0.10526315789473684,0.9295105359939062
103,121,0.5522930026054382,0.0,0.5277777777777778,0.9807517975833242
103,123,0.5576927065849304,0.0,0.8636363636363636,0.9885097353515423
103,124,0.5215010643005371,0.0,0.1610169491525424,0.9326128628112164
103,125,0.4370501637458801,0.0,0.368421052631579,0.9892897752104216
103,127,0.49908262491226196,0.0,0.736842105263158,0.9770484379450023
103,128,0.48541414737701416,0.0,0.4130434782608695,0.950181704912401
103,129,0.5905608534812927,0.0,0.19587628865979378,0.9633403104082457
103,130,0.629872739315033,0.0,0.6551724137931034,0.9928462694655206
103,131,0.3800174295902252,0.0,0.26315789473684215,0.9834383167730641
103,132,0.5508798360824585,0.0,0.4130434782608695,0.9890704538363165
103,133,0.29197630286216736,0.0,0.1578947368421053,0.9372410712715997
103,134,0.4693019390106201,0.0,0.21052631578947367,0.9740982004992598
103,136,0.5195838212966919,0.0,0.9047619047619048,0.9939009705526821
103,137,0.48745420575141907,0.0,0.5263157894736843,0.99666504555072
103,138,0.45931917428970337,0.0,0.1578947368421053,0.9515171927360745
103,139,0.4317099452018738,0.0,0.1578947368421053,0.9519845886795147
103,140,0.5332375764846802,0.0,0.368421052631579,0.982230993398447
103,144,0.3449496030807495,0.0,0.21052631578947367,0.9740982004992598
103,145,0.45089104771614075,0.058823529411764705,0.10526315789473684,0.9295105359939062
103,149,0.36494359374046326,0.0,0.21052631578947367,0.9691490250969941
103,150,0.52312171459198,0.0,0.24675324675324672,0.9462579901969547
103,155,0.3825286328792572,0.0,0.26315789473684215,0.9102768278358428
104,105,0.4423162043094635,0.0,0.10909090909090913,0.9649248064253679
104,106,0.4033184349536896,0.0,0.26086956521739135,0.9844811863016406
104,110,0.4046541154384613,0.0,0.08695652173913049,0.9445972020686257
104,111,0.4168137311935425,0.0,0.16216216216216217,0.9848439138929624
104,112,0.325857549905777,0.0,1.0,0.9839924568716301
104,113,0.3472060263156891,0.0,0.26086956521739135,0.9736670984558052
104,114,0.3906656801700592,0.0,0.18181818181818177,0.9616284942957497
104,115,0.3929425776004791,0.0,0.17647058823529416,0.9661789606283312
104,116,0.42727187275886536,0.0,0.10169491525423724,0.9640467054574907
104,117,0.31507161259651184,0.0,0.375,0.9814777171468672
104,118,0.3618316948413849,0.0,0.1875,0.9865740492270902
104,119,0.43235278129577637,0.0,0.16216216216216217,0.9647719522170106
104,120,0.365688294172287,0.0,0.33333333333333337,0.9655486540635996
104,121,0.4017285108566284,0.0,0.16666666666666663,0.9494736964130202
104,123,0.45565128326416016,0.0,0.2727272727272727,0.9899816213419979
104,124,0.4849053919315338,0.0,0.05084745762711862,0.9120185585691837
104,125,0.4480917453765869,0.0,0.8571428571428572,0.9978676338085433
104,127,0.3540619909763336,0.0,0.4285714285714286,0.9467152556894056
104,128,0.3798908293247223,0.0,0.13043478260869568,0.9069640115468421
104,129,0.4397011697292328,0.0,0.061855670103092786,0.9383416285261504
104,130,0.4627734124660492,0.0,0.2068965517241379,0.9650895149604898
104,131,0.2899210751056671,0.0,0.8333333333333334,0.9975474776768004
104,132,0.41711947321891785,0.0,0.13043478260869568,0.9715988579618671
104,133,0.20353691279888153,0.0,0.5,0.9625505926113764
104,134,0.37203359603881836,0.0,0.6666666666666667,0.9958860412073258
104,136,0.4153035879135132,0.0,0.2857142857142857,0.9760914591991814
104,137,0.40910831093788147,0.0,0.6,0.9949251545206124
104,138,0.1633208692073822,0.0,0.5,0.9706185309818067
104,139,0.20323388278484344,0.0,0.5,0.9839124946023449
104,140,0.4354621469974518,0.0,0.8571428571428572,0.9874480298614864
104,144,0.3448460102081299,0.0,0.6666666666666667,0.9958860412073258
104,145,0.15977664291858673,0.0,0.33333333333333337,0.9655486540635996
104,149,0.41666877269744873,0.0,0.6666666666666667,0.9775591892197295
104,150,0.3868294656276703,0.0,0.07792207792207795,0.8984668688990699
104,155,0.2682811915874481,0.0,0.8333333333333334,0.9204397098032098
105,106,0.4653806984424591,0.0,0.4181818181818182,0.9953039465007449
105,110,0.47174087166786194,0.0,0.7971014492753623,0.9933467535142319
105,111,0.5392489433288574,0.0,0.6727272727272727,0.9923609421988117
105,112,0.4485132396221161,0.0,0.10909090909090913,0.9280865070956127
105,113,0.4571807384490967,0.0,0.4181818181818182,0.9987329637804316
105,114,0.380503386259079,0.0,0.6,0.9955659129433388
105,115,0.417082816362381,0.0,0.6181818181818182,0.9967572962902957
105,116,0.4919764995574951,0.0,0.9322033898305084,0.9991238767241524
105,117,0.4093247056007385,0.0,0.2909090909090909,0.9839520850846072
105,118,0.5497161746025085,0.0,0.5818181818181818,0.9769858993026794
105,119,0.5207114219665527,0.0,0.6727272727272727,0.9895739888653022
105,120,0.4196847975254059,0.0,0.036363636363636376,0.8770379055035858
105,121,0.4876086413860321,0.0,0.6545454545454545,0.9966824241066299
105,123,0.47751495242118835,0.0,0.4,0.9757398316181886
105,124,0.5650755167007446,0.0,0.4661016949152542,0.9656598706334043
105,125,0.41786402463912964,0.0,0.12727272727272732,0.9639911178470492
105,127,0.38711434602737427,0.0,0.2545454545454545,0.9722447342178236
105,128,0.46111348271369934,0.0,0.8363636363636364,0.9797835727735635
105,129,0.5752560496330261,0.0,0.5670103092783505,0.9884460749930556
105,130,0.511488139629364,0.01282051282051282,0.5272727272727273,0.9954253250309548
105,131,0.36020660400390625,0.0,0.09090909090909094,0.9530752696318642
105,132,0.4901391863822937,0.0,0.8363636363636364,0.9973889771925454
105,133,0.23445619642734528,0.0,0.054545454545454564,0.8860135487534405
105,134,0.3925480842590332,0.0,0.07272727272727275,0.9406894138369692
105,136,0.44044288992881775,0.0,0.38181818181818183,0.9954323207944753
105,137,0.432674378156662,0.0,0.18181818181818177,0.9840755631654828
105,138,0.22201940417289734,0.017857142857142856,0.054545454545454564,0.9073685111916243
105,139,0.2736530303955078,0.0,0.054545454545454564,0.9155511783093682
105,140,0.4290165901184082,0.0,0.12727272727272732,0.9771833990360984
105,144,0.43504977226257324,0.0,0.07272727272727275,0.9406894138369692
105,145,0.2216600477695465,0.0,0.036363636363636376,0.8770379055035858
105,149,0.4155070185661316,0.0,0.07272727272727275,0.937344442767313
105,150,0.46527528762817383,0.0,0.7142857142857143,0.9773423177232611
105,155,0.3058771789073944,0.0,0.09090909090909094,0.9266098637719768
106,110,0.5488100647926331,0.0,0.33333333333333337,0.9813231059434353
106,111,0.6113885045051575,0.0,0.6216216216216216,0.9978515547994643
106,112,0.5654101967811584,0.0,0.26086956521739135,0.9592320345802712
106,113,0.5532687902450562,0.0,1.0,0.9973214853719568
106,114,0.46392935514450073,0.0,0.696969696969697,0.9893880832057461
106,115,0.5054951310157776,0.0,0.6764705882352942,0.9952174618664148
106,116,0.5689504146575928,0.0,0.38983050847457623,0.9953028381682519
106,117,0.4982666075229645,0.0,0.6956521739130435,0.9935777928984131
106,118,0.5548035502433777,0.0,0.71875,0.9886912496930685
106,119,0.48888713121414185,0.0,0.6216216216216216,0.9860502982513386
106,120,0.3467133939266205,0.0,0.08695652173913049,0.9169422238006094
106,121,0.6192445158958435,0.0,0.6388888888888888,0.9872773762593137
106,123,0.6454578638076782,0.023255813953488372,0.9565217391304348,0.9883283474486089
106,124,0.5489267706871033,0.0,0.19491525423728817,0.9480189063810702
106,125,0.5103211402893066,0.0,0.30434782608695654,0.9845930971460076
106,127,0.5111332535743713,0.0,0.6086956521739131,0.9747646094116239
106,128,0.482453316450119,0.0,0.5,0.9603434107829422
106,129,0.6234815120697021,0.0,0.23711340206185572,0.9748080495469867
106,130,0.5002796053886414,0.0,0.7931034482758621,0.9943607587577898
106,131,0.3924827575683594,0.0,0.21739130434782605,0.9773978785298804
106,132,0.5878189206123352,0.0,0.5,0.9947862782995327
106,133,0.4287799000740051,0.041666666666666664,0.13043478260869568,0.923792807081692
106,134,0.48291662335395813,0.0,0.17391304347826086,0.9677926647603053
106,136,0.5685085654258728,0.0,0.9130434782608696,0.9966134119135016
106,137,0.49919745326042175,0.0,0.4347826086956522,0.9958856568920106
106,138,0.3870828449726105,0.0,0.13043478260869568,0.9398856206119681
106,139,0.4375849962234497,0.0,0.13043478260869568,0.9456125281821163
106,140,0.5200227499008179,0.0,0.30434782608695654,0.9852569137186901
106,144,0.3652936816215515,0.0,0.17391304347826086,0.9677926647603053
106,145,0.4984360635280609,0.0,0.08695652173913049,0.9169422238006094
106,149,0.3762533366680145,0.0,0.17391304347826086,0.9613892625791635
106,150,0.6384340524673462,0.020833333333333332,0.2987012987012987,0.9563341896351986
106,155,0.3282339870929718,0.0,0.21739130434782605,0.9217292961734906
110,111,0.5558072924613953,0.0,0.536231884057971,0.9785319605716739
110,112,0.530606746673584,0.0,0.08695652173913049,0.8939245191629737
110,113,0.5013377666473389,0.0,0.33333333333333337,0.9916181336423907
110,114,0.475128173828125,0.0,0.4782608695652174,0.9980921428113989
110,115,0.47902795672416687,0.0,0.49275362318840576,0.9824171099338881
110,116,0.5226725935935974,0.0,0.855072463768116,0.9882854254355903
110,117,0.5077816843986511,0.0,0.23188405797101452,0.9584194839047306
110,118,0.5448703169822693,0.0,0.46376811594202894,0.9638124621564428
110,119,0.5074437856674194,0.0,0.536231884057971,0.9937236202739719
110,120,0.29709911346435547,0.0,0.02898550724637683,0.844282308303327
110,121,0.5375431180000305,0.0,0.5217391304347826,0.9937047192493534
110,123,0.5485987067222595,0.0,0.3188405797101449,0.9627547019749152
110,124,0.5237454771995544,0.0,0.5847457627118644,0.9877873248519178
110,125,0.47620689868927,0.0,0.10144927536231885,0.9417620821836145
110,127,0.5137271285057068,0.0,0.2028985507246377,0.9503483925346474
110,128,0.45595112442970276,0.0,0.6666666666666667,0.9853594227322416
110,129,0.59079509973526,0.0,0.711340206185567,0.998776616261098
110,130,0.4926258623600006,0.0,0.42028985507246375,0.9807181971087174
110,131,0.3310931324958801,0.0,0.07246376811594202,0.9263079447037981
110,132,0.5890443921089172,0.0,0.6666666666666667,0.9923558708541139
110,133,0.3634849190711975,0.0,0.04347826086956519,0.853016901664057
110,134,0.457855224609375,0.0,0.05797101449275366,0.9159715119230237
110,136,0.5734612941741943,0.0,0.30434782608695654,0.9813154058644892
110,137,0.5243513584136963,0.0,0.14492753623188404,0.9689164660300228
110,138,0.39767202734947205,0.0,0.04347826086956519,0.8735900798090896
110,139,0.46323269605636597,0.0,0.04347826086956519,0.8943984927209904
110,140,0.5322537422180176,0.0,0.10144927536231885,0.9731772657673341
110,144,0.3625546097755432,0.0,0.05797101449275366,0.9159715119230237
110,145,0.35681504011154175,0.0,0.02898550724637683,0.844282308303327
110,149,0.32073885202407837,0.0,0.05797101449275366,0.9024616305722666
110,150,0.5507732629776001,0.0,0.8961038961038961,0.9809405405182944
110,155,0.4135494828224182,0.0,0.07246376811594202,0.943056665608653
111,112,0.6885473132133484,0.023809523809523808,0.16216216216216217,0.9602671628408029
111,113,0.6623476147651672,0.0,0.6216216216216216,0.9931527404481774
111,114,0.5884950757026672,0.0,0.8918918918918919,0.9867258662786849
111,115,0.5703011751174927,0.0,0.9189189189189189,0.9893470651204698
111,116,0.635186493396759,0.0,0.6271186440677966,0.9918012503924257
111,117,0.6411787867546082,0.0,0.43243243243243246,0.9888570530001873
111,118,0.6806054711341858,0.0,0.8648648648648649,0.9930336309921797
111,119,0.6076744794845581,0.0,1.0,0.9866306391436888
111,120,0.3181765079498291,0.0,0.05405405405405406,0.9189469429315094
111,121,0.6881067752838135,0.0,0.972972972972973,0.9798384505219111
111,123,0.6894878149032593,0.0,0.5945945945945945,0.9935769098346643
111,124,0.5920311212539673,0.0,0.31355932203389836,0.9499394922764721
111,125,0.5980803966522217,0.0,0.18918918918918914,0.9832450104734295
111,127,0.6421377658843994,0.0,0.3783783783783784,0.9593060879168939
111,128,0.5386241674423218,0.0,0.8043478260869565,0.9480504911393868
111,129,0.6968095898628235,0.0,0.38144329896907214,0.9741721667789167
111,130,0.6144829988479614,0.0,0.7837837837837838,0.9871806974337198
111,131,0.4626162350177765,0.0,0.1351351351351351,0.9757586201732544
111,132,0.7110075354576111,0.0,0.8043478260869565,0.9955706630755723
111,133,0.39145708084106445,0.0,0.08108108108108103,0.9210034597991134
111,134,0.5793172717094421,0.0,0.10810810810810811,0.9681165039162958
111,136,0.6826838850975037,0.0,0.5675675675675675,0.9930444778024983
111,137,0.667037844657898,0.0,0.2702702702702703,0.9937748212965767
111,138,0.5409989953041077,0.0,0.08108108108108103,0.9301314587603978
111,139,0.5725961327552795,0.0,0.08108108108108103,0.9496688438337753
111,140,0.642214834690094,0.0,0.18918918918918914,0.9823114241371905
111,144,0.4150545597076416,0.0,0.10810810810810811,0.9681165039162958
111,145,0.5437071323394775,0.0,0.05405405405405406,0.9189469429315094
111,149,0.37020400166511536,0.0,0.10810810810810811,0.9518176956479435
111,150,0.6882871389389038,0.0,0.48051948051948057,0.9439974809291046
111,155,0.47506847977638245,0.0,0.1351351351351351,0.9180910820857927
112,113,0.5978126525878906,0.0,0.26086956521739135,0.9384711943914442
112,114,0.5092728734016418,0.0,0.18181818181818177,0.9186408067697356
112,115,0.5574120879173279,0.0,0.17647058823529416,0.9362800772977347
112,116,0.6100100874900818,0.0,0.10169491525423724,0.9305286170962626
112,117,0.66326504945755,0.0,0.375,0.965100028974301
112,118,0.637877881526947,0.0,0.1875,0.9739993462443584
112,119,0.6209876537322998,0.0,0.16216216216216217,0.9251054596687792
112,120,0.3508526086807251,0.0,0.33333333333333337,0.9849262102986295
112,121,0.6268064379692078,0.0,0.16666666666666663,0.9054628091404019
112,123,0.6201010942459106,0.0,0.2727272727272727,0.9739144015034269
112,124,0.5520231127738953,0.0,0.05084745762711862,0.8454864048747099
112,125,0.5931577086448669,0.0,0.8571428571428572,0.9903099513374974
112,127,0.596274197101593,0.0,0.4285714285714286,0.9282778541509966
112,128,0.5414305925369263,0.0,0.13043478260869568,0.8505530035648917
112,129,0.6371385455131531,0.0,0.061855670103092786,0.8823336268769622
112,130,0.5715746879577637,0.0,0.2068965517241379,0.937541376860195
112,131,0.4790835678577423,0.0,0.8333333333333334,0.9912085981063239
112,132,0.639266312122345,0.0,0.13043478260869568,0.9323524024783185
112,133,0.36194321513175964,0.0,0.5,0.987861094517913
112,134,0.5478824973106384,0.0,0.6666666666666667,0.9913329344243131
112,136,0.5994063019752502,0.0,0.2857142857142857,0.9419271526525343
112,137,0.6427375674247742,0.0,0.6,0.975028885773866
112,138,0.42323926091194153,0.0,0.5,0.9809047906060182
112,139,0.4939863681793213,0.0,0.5,0.9814106046212483
112,140,0.6050048470497131,0.0,0.8571428571428572,0.952077866067148
112,144,0.4283415973186493,0.0,0.6666666666666667,0.9913329344243131
112,145,0.43531644344329834,0.0,0.33333333333333337,0.9849262102986295
112,149,0.35195550322532654,0.0,0.6666666666666667,0.9693144055198889
112,150,0.7145810723304749,0.0,0.07792207792207795,0.8423082213899385
112,155,0.43618202209472656,0.0,0.8333333333333334,0.8509228548677473
113,114,0.8609505295753479,0.10256410256410256,0.696969696969697,0.9961234801587561
113,115,0.847830057144165,0.06382978723404255,0.6764705882352942,0.9962512464383743
113,116,0.9368855953216553,0.15873015873015872,0.38983050847457623,0.997298864536276
113,117,0.5355348587036133,0.0,0.6956521739130435,0.9866558473722922
113,118,0.5490066409111023,0.0,0.71875,0.9803879931380388
113,119,0.5024082064628601,0.0,0.6216216216216216,0.9907654753117088
113,120,0.22781388461589813,0.0,0.08695652173913049,0.8929587772920656
113,121,0.5348002910614014,0.0,0.6388888888888888,0.9955563599504222
113,123,0.5063247084617615,0.0,0.9565217391304348,0.9797178693593299
113,124,0.4614427387714386,0.0,0.19491525423728817,0.9635367867747487
113,125,0.4622979462146759,0.0,0.30434782608695654,0.9730042998476254
113,127,0.5635721683502197,0.0,0.6086956521739131,0.9755774060946032
113,128,0.8711058497428894,0.08695652173913043,0.5,0.9769829050495281
113,129,0.6824228167533875,0.0,0.23711340206185572,0.9861326997776195
113,130,0.5446866154670715,0.0,0.7931034482758621,0.9955296020625823
113,131,0.37697163224220276,0.0,0.21739130434782605,0.9634732379040744
113,132,0.6554421186447144,0.0,0.5,0.9966734762307513
113,133,0.32206442952156067,0.0,0.13043478260869568,0.9019668039875323
113,134,0.4487760066986084,0.0,0.17391304347826086,0.9525487525160239
113,136,0.6037805676460266,0.0,0.9130434782608696,0.9962860812956886
113,137,0.49591660499572754,0.0,0.4347826086956522,0.990266837127769
113,138,0.4385457932949066,0.0,0.13043478260869568,0.9233652042169179
113,139,0.48574405908584595,0.0,0.13043478260869568,0.9285977324869575
113,140,0.5033411979675293,0.0,0.30434782608695654,0.9851113921022169
113,144,0.3260304033756256,0.0,0.17391304347826086,0.9525487525160239
113,145,0.4392668604850769,0.0,0.08695652173913049,0.8929587772920656
113,149,0.2843620181083679,0.0,0.17391304347826086,0.948710711461875
113,150,0.5622074604034424,0.0,0.2987012987012987,0.9729339814745643
113,155,0.454636812210083,0.0,0.21739130434782605,0.9334339868436199
114,115,0.7209081649780273,0.05357142857142857,0.9705882352941176,0.9864716903789285
114,116,0.7286403179168701,0.025,0.5593220338983051,0.9908386484755644
114,117,0.45004236698150635,0.0,0.48484848484848486,0.9689850735507225
114,118,0.4831433594226837,0.0,0.9696969696969697,0.9766716821304235
114,119,0.4427993595600128,0.0,0.8918918918918919,0.9974428406651218
114,120,0.24187126755714417,0.0,0.06060606060606055,0.874728973623249
114,121,0.4761793315410614,0.0,0.9166666666666666,0.9932425735420383
114,123,0.49101170897483826,0.0,0.6666666666666667,0.975822560709376
114,124,0.4265766441822052,0.0,0.2796610169491526,0.9823213759791227
114,125,0.42454901337623596,0.0,0.21212121212121215,0.9600262323109261
114,127,0.465851753950119,0.0,0.4242424242424242,0.957661446714235
114,128,0.7465552091598511,0.03508771929824561,0.7173913043478262,0.9789510238320518
114,129,0.6040629744529724,0.0,0.3402061855670103,0.995628845335041
114,130,0.4810781180858612,0.0,0.8787878787878788,0.9853364040448019
114,131,0.34389543533325195,0.0,0.1515151515151515,0.9463921346004461
114,132,0.5572130084037781,0.0,0.7173913043478262,0.9955295246249788
114,133,0.2949867248535156,0.0,0.09090909090909094,0.8829694563136685
114,134,0.4021630585193634,0.0,0.12121212121212122,0.9379993063096773
114,136,0.517304003238678,0.0,0.6363636363636364,0.9865403979951209
114,137,0.4295239746570587,0.0,0.303030303030303,0.9817110526108963
114,138,0.39467498660087585,0.0,0.09090909090909094,0.8997612102673743
114,139,0.4179043769836426,0.0,0.09090909090909094,0.9184847520596738
114,140,0.4521288573741913,0.0,0.21212121212121215,0.9839242471064603
114,144,0.31619101762771606,0.0,0.12121212121212122,0.9379993063096773
114,145,0.37925466895103455,0.0,0.06060606060606055,0.874728973623249
114,149,0.2957216203212738,0.0,0.12121212121212122,0.9217647237556098
114,150,0.49356621503829956,0.0,0.4285714285714286,0.9732775360891346
114,155,0.40410134196281433,0.0,0.1515151515151515,0.9453990485715877
115,116,0.884448230266571,0.14102564102564102,0.576271186440678,0.9988250813883378
115,117,0.48493531346321106,0.0,0.47058823529411764,0.9925256580012819
115,118,0.4908292293548584,0.0,0.9411764705882353,0.9713568985625675
115,119,0.4344216585159302,0.0,0.9189189189189189,0.9770644535758402
115,120,0.2906644940376282,0.0,0.05882352941176472,0.8835020819319302
115,121,0.4919750690460205,0.0,0.9444444444444444,0.9946059466854956
115,123,0.5040239095687866,0.0,0.6470588235294117,0.9694548101715458
115,124,0.488616943359375,0.0,0.288135593220339,0.942825139736872
115,125,0.45183366537094116,0.0,0.20588235294117652,0.9672217101393872
115,127,0.49295398592948914,0.0,0.4117647058823529,0.9861678741948146
115,128,0.7257746458053589,0.015384615384615385,0.7391304347826086,0.9766899738213408
115,129,0.5992439389228821,0.0,0.35051546391752575,0.9740761435880883
115,130,0.48771151900291443,0.0,0.8529411764705882,0.9996384246108464
115,131,0.3483530879020691,0.0,0.1470588235294118,0.9592398129812082
115,132,0.6166424751281738,0.0,0.7391304347826086,0.9905984371555546
115,133,0.3076721429824829,0.0,0.08823529411764708,0.8955586075205757
115,134,0.4233497083187103,0.0,0.11764705882352944,0.9441089045226797
115,136,0.5755510330200195,0.0,0.6176470588235294,0.9969513341166666
115,137,0.48500627279281616,0.0,0.2941176470588235,0.9840637813092732
115,138,0.3616325855255127,0.0,0.08823529411764708,0.9226960856512323
115,139,0.4076460599899292,0.0,0.08823529411764708,0.9142400525296632
115,140,0.46334922313690186,0.0,0.20588235294117652,0.9713861820828625
115,144,0.35121428966522217,0.0,0.11764705882352944,0.9441089045226797
115,145,0.376865416765213,0.0,0.05882352941176472,0.8835020819319302
115,149,0.34229224920272827,0.0,0.11764705882352944,0.9542496966871088
115,150,0.5185428857803345,0.0,0.4415584415584416,0.9757324956174948
115,155,0.40637990832328796,0.0,0.1470588235294118,0.9109095210286376
116,117,0.508865475654602,0.0,0.27118644067796616,0.9882169348392118
116,118,0.5407191514968872,0.0,0.5423728813559322,0.9744011957982358
116,119,0.46211546659469604,0.0,0.6271186440677966,0.9832276078703788
116,120,0.25877848267555237,0.0,0.03389830508474578,0.8770085476887638
116,121,0.5213479995727539,0.0,0.6101694915254237,0.9956864542990165
116,123,0.5184534788131714,0.0,0.3728813559322034,0.9727911458518825
116,124,0.4574924111366272,0.0,0.5,0.9547636739324621
116,125,0.4545042812824249,0.0,0.11864406779661019,0.9637870995798207
116,127,0.5293645262718201,0.0,0.23728813559322037,0.9774989044476302
116,128,0.752853274345398,0.05952380952380952,0.7796610169491526,0.9779185229956449
116,129,0.6244606375694275,0.0,0.6082474226804124,0.9819928532446373
116,130,0.510422945022583,0.0,0.4915254237288136,0.9976186819281516
116,131,0.3867188096046448,0.0,0.0847457627118644,0.9540832823600351
116,132,0.6147941946983337,0.0,0.7796610169491526,0.994973076969711
116,133,0.3203689455986023,0.0,0.05084745762711862,0.8867816946876951
116,134,0.4305132329463959,0.0,0.06779661016949157,0.9400198011234291
116,136,0.5721993446350098,0.0,0.35593220338983056,0.9965297403498583
116,137,0.485780268907547,0.0,0.1694915254237288,0.9828126101363794
116,138,0.4109902083873749,0.0,0.05084745762711862,0.9103454339163126
116,139,0.43830606341362,0.0,0.05084745762711862,0.9124776792276666
116,140,0.48755890130996704,0.0,0.11864406779661019,0.9720387626881827
116,144,0.340741902589798,0.0,0.06779661016949157,0.9400198011234291
116,145,0.40407130122184753,0.0,0.03389830508474578,0.8770085476887638
116,149,0.31463444232940674,0.0,0.06779661016949157,0.9428225868112882
116,150,0.5380393862724304,0.0,0.7662337662337663,0.9768167539548255
116,155,0.4318491518497467,0.0,0.0847457627118644,0.9162776058605364
117,118,0.5877531170845032,0.0,0.5,0.9747286026459326
117,119,0.5506906509399414,0.0,0.43243243243243246,0.9610190040458216
117,120,0.202920600771904,0.0,0.125,0.9191520387191967
117,121,0.6621810793876648,0.0,0.4444444444444444,0.9761467897760877
117,123,0.6172419190406799,0.0,0.7272727272727273,0.974641006041062
117,124,0.5154314637184143,0.0,0.13559322033898302,0.909794877795434
117,125,0.5558211803436279,0.0,0.4375,0.9826430898410827
117,127,0.6352540254592896,0.0,0.875,0.9836567204024531
117,128,0.49574655294418335,0.0,0.34782608695652173,0.9458506825030444
117,129,0.6482412815093994,0.0,0.1649484536082474,0.9481197783547057
117,130,0.5687399506568909,0.0,0.5517241379310345,0.9922599332513644
117,131,0.4070033133029938,0.0,0.3125,0.9808134284225135
117,132,0.6670336127281189,0.0,0.34782608695652173,0.9802801594409057
117,133,0.43449896574020386,0.0,0.1875,0.9279024508896879
117,134,0.526146411895752,0.0,0.25,0.9670607203682015
117,136,0.6653397083282471,0.0,0.7619047619047619,0.9936938530490925
117,137,0.625180721282959,0.0,0.625,0.9894480535307968
117,138,0.5566145777702332,0.0,0.1875,0.951713887972019
117,139,0.616375207901001,0.0,0.1875,0.937800112049735
117,140,0.6212430000305176,0.0,0.4375,0.9694408905980418
117,144,0.2801694869995117,0.0,0.25,0.9670607203682015
117,145,0.5327445268630981,0.0,0.125,0.9191520387191967
117,149,0.29011982679367065,0.0,0.25,0.9795639973940488
117,150,0.661885678768158,0.0,0.20779220779220775,0.9442701297376901
117,155,0.5254002809524536,0.0,0.3125,0.8900055151938626
118,119,0.5346996784210205,0.0,0.8648648648648649,0.9837773044529875
118,120,0.29723531007766724,0.0,0.0625,0.9458678156054149
118,121,0.5377370715141296,0.0,0.8888888888888888,0.9593108885294505
118,123,0.5233803391456604,0.0,0.6875,0.9990913234460048
118,124,0.5131475925445557,0.0,0.27118644067796616,0.9387458428888731
118,125,0.4313599765300751,0.0,0.21875,0.988559369929188
118,127,0.46320584416389465,0.0,0.4375,0.9402806283734311
118,128,0.43773406744003296,0.0,0.6956521739130435,0.9203588791470709
118,129,0.5679837465286255,0.0,0.3298969072164949,0.959231370076961
118,130,0.4998892545700073,0.0,0.90625,0.9702461420915658
118,131,0.3539435565471649,0.0,0.15625,0.9789410894526138
118,132,0.5353639125823975,0.0,0.6956521739130435,0.9826216360203412
118,133,0.3342125415802002,0.0,0.09375,0.9474960685169443
118,134,0.4126998782157898,0.0,0.125,0.9781840970794861
118,136,0.4992193579673767,0.0,0.65625,0.9744836412660273
118,137,0.46869251132011414,0.0,0.3125,0.9919068935253621
118,138,0.42396652698516846,0.0,0.09375,0.9411457049049634
118,139,0.4154633581638336,0.0,0.09375,0.9699513315112624
118,140,0.48950299620628357,0.0,0.21875,0.9822067959504533
118,144,0.36809268593788147,0.0,0.125,0.9781840970794861
118,145,0.3510918617248535,0.0,0.0625,0.9458678156054149
118,149,0.31364503502845764,0.0,0.125,0.9416104560124706
118,150,0.5257367491722107,0.0,0.4155844155844156,0.9129252043653935
118,155,0.38751643896102905,0.0,0.15625,0.9146287020207216
119,120,0.3825604319572449,0.0,0.05405405405405406,0.8887902896477913
119,121,0.4422299563884735,0.0,0.972972972972973,0.982958376005657
119,123,0.5611141324043274,0.0,0.5945945945945945,0.9830192644445104
119,124,0.5062745213508606,0.0,0.31355932203389836,0.9835895621374026
119,125,0.36654606461524963,0.0,0.18918918918918914,0.9632573993062
119,127,0.37871572375297546,0.0,0.3783783783783784,0.9418118725793269
119,128,0.5061757564544678,0.0,0.8043478260869565,0.9635704998298079
119,129,0.5519192814826965,0.0,0.38144329896907214,0.9927252962667419
119,130,0.5113289952278137,0.0,0.7837837837837838,0.9755553854981835
119,131,0.32309067249298096,0.0,0.1351351351351351,0.9483719698218315
119,132,0.46432924270629883,0.0,0.8043478260869565,0.9929475890881952
119,133,0.25513067841529846,0.0,0.08108108108108103,0.8935339763430641
119,134,0.3834129869937897,0.0,0.10810810810810811,0.9445092602228945
119,136,0.42491045594215393,0.0,0.5675675675675675,0.9784753265328514
119,137,0.4119930863380432,0.0,0.2702702702702703,0.9817833867373033
119,138,0.26236462593078613,0.0,0.08108108108108103,0.9004364366603484
119,139,0.30184394121170044,0.0,0.08108108108108103,0.9322222067834468
119,140,0.46947985887527466,0.0,0.18918918918918914,0.986285266387409
119,144,0.41559046506881714,0.0,0.10810810810810811,0.9445092602228945
119,145,0.23121388256549835,0.0,0.05405405405405406,0.8887902896477913
119,149,0.3965928256511688,0.0,0.10810810810810811,0.9131274488354696
119,150,0.5543340444564819,0.0,0.48051948051948057,0.9560663514652915
119,155,0.31634727120399475,0.0,0.1351351351351351,0.9497405140276027
120,121,0.5622539520263672,0.0,0.05555555555555558,0.8508563211535295
120,123,0.5072021484375,0.0,0.09090909090909094,0.9468851659386084
120,124,0.6116385459899902,0.0,0.016949152542372836,0.8019522770959349
120,125,0.5328959226608276,0.0,0.2857142857142857,0.9714842641578082
120,127,0.4773540794849396,0.0,0.1428571428571429,0.8769468326932671
120,128,0.3927379846572876,0.0,0.04347826086956519,0.7890612170591607
120,129,0.5571702718734741,0.0,0.020618556701030966,0.8331069727281902
120,130,0.5191521644592285,0.0,0.06896551724137934,0.8853055244044197
120,131,0.39840006828308105,0.0,0.4,0.9741588463284927
120,132,0.609362781047821,0.0,0.04347826086956519,0.885505610249523
120,133,0.20689529180526733,0.0,0.6666666666666667,0.9944191659581205
120,134,0.6020554304122925,0.0,0.5,0.9848188561855247
120,136,0.40716812014579773,0.0,0.09523809523809523,0.8922920071499109
120,137,0.624557375907898,0.0,0.19999999999999996,0.9448584284245453
120,138,0.06745276600122452,0.0,0.6666666666666667,0.9788665007325132
120,139,0.23769007623195648,0.0,0.6666666666666667,0.990982337533028
120,140,0.5742517113685608,0.0,0.2857142857142857,0.9342014776016514
120,144,0.5051069259643555,0.0,0.5,0.9848188561855247
120,145,0.127781942486763,0.0,1.0,1.0
120,149,0.48968270421028137,0.0,0.5,0.943716999572267
120,150,0.5431503057479858,0.0,0.025974025974025983,0.7758699331644622
120,155,0.16899514198303223,0.0,0.4,0.8529038067574017
121,123,0.7404648661613464,0.0,0.6111111111111112,0.9573949712976024
121,124,0.6017729043960571,0.0,0.30508474576271183,0.9652739691337708
121,125,0.6150742173194885,0.0,0.19444444444444442,0.9489407781737331
121,127,0.7368739247322083,0.0,0.38888888888888884,0.9773109815029435
121,128,0.5004526972770691,0.0,0.782608695652174,0.9923379793840329
121,129,0.7664981484413147,0.0,0.3711340206185567,0.9878634523635752
121,130,0.6765515804290771,0.0,0.8055555555555556,0.9941758832250572
121,131,0.4018380343914032,0.0,0.13888888888888884,0.9372759006519118
121,132,0.7690141797065735,0.0,0.782608695652174,0.9901954955019298
121,133,0.4576556384563446,0.0,0.08333333333333337,0.864494190953133
121,134,0.6532652974128723,0.0,0.11111111111111116,0.9220216730611978
121,136,0.7575055360794067,0.0,0.5833333333333333,0.9908764939030729
121,137,0.7338292598724365,0.0,0.2777777777777778,0.9735612518805181
121,138,0.6943619847297668,0.0,0.08333333333333337,0.8956293797254425
121,139,0.7115123867988586,0.0,0.08333333333333337,0.8922184223681096
121,140,0.7451110482215881,0.0,0.19444444444444442,0.9702595043746571
121,144,0.2931530475616455,0.0,0.11111111111111116,0.9220216730611978
121,145,0.6699011325836182,0.0,0.05555555555555558,0.8508563211535295
121,149,0.30596625804901123,0.0,0.11111111111111116,0.9298361995361248
121,150,0.7655827403068542,0.0,0.4675324675324676,0.9903531866375002
121,155,0.586627721786499,0.0,0.13888888888888884,0.9279566074480137
123,124,0.5701229572296143,0.0,0.18644067796610164,0.9401688987432498
123,125,0.5019412636756897,0.0,0.31818181818181823,0.989465136383823
123,127,0.508284330368042,0.0,0.6363636363636364,0.9355652882003537
123,128,0.4528237283229828,0.0,0.4782608695652174,0.9168765672015722
123,129,0.596782922744751,0.0,0.22680412371134018,0.9594231866506019
123,130,0.5202423930168152,0.0,0.7586206896551724,0.9675778845586203
123,131,0.37754639983177185,0.0,0.2272727272727273,0.9816703504641715
123,132,0.558938205242157,0.0,0.4782608695652174,0.9836485083409278
123,133,0.35867342352867126,0.0,0.13636363636363635,0.945338984852585
123,134,0.5035140514373779,0.0,0.18181818181818177,0.9811021300660969
123,136,0.5233445763587952,0.0,0.9545454545454546,0.9757977955365487
123,137,0.545769989490509,0.0,0.4545454545454546,0.992723981182933
123,138,0.3689998686313629,0.0,0.13636363636363635,0.940412773255504
123,139,0.4226805865764618,0.0,0.13636363636363635,0.9727955266921386
123,140,0.5712281465530396,0.0,0.31818181818181823,0.9841889611335694
123,144,0.43344008922576904,0.0,0.18181818181818177,0.9811021300660969
123,145,0.35492074489593506,0.0,0.09090909090909094,0.9468851659386084
123,149,0.36629629135131836,0.0,0.18181818181818177,0.9448559840545819
123,150,0.6563007235527039,0.010309278350515464,0.2857142857142857,0.9090760094048578
123,155,0.39672186970710754,0.0,0.2272727272727273,0.9179161154378561
124,125,0.45951372385025024,0.0,0.05932203389830504,0.9039152432148932
124,127,0.40479615330696106,0.0,0.11864406779661019,0.8924435195573467
124,128,0.42132675647735596,0.0,0.38983050847457623,0.9603364793789088
124,129,0.5601950287818909,0.0,0.8220338983050848,0.9936042247225871
124,130,0.49077507853507996,0.0,0.2457627118644068,0.9391678365566737
124,131,0.3544882535934448,0.0,0.0423728813559322,0.8847536097127942
124,132,0.535642683506012,0.0,0.38983050847457623,0.9720266196646723
124,133,0.31200364232063293,0.0,0.025423728813559365,0.8036071874542642
124,134,0.4802895784378052,0.0,0.03389830508474578,0.8796591488256413
124,136,0.4967763423919678,0.0,0.17796610169491522,0.9468702665305005
124,137,0.5041415095329285,0.0,0.0847457627118644,0.9368990184908399
124,138,0.22628816962242126,0.0,0.025423728813559365,0.8165319845391928
124,139,0.3286418616771698,0.0,0.025423728813559365,0.8667561241500055
124,140,0.5223110914230347,0.0,0.05932203389830504,0.9544988437036286
124,144,0.42447179555892944,0.0,0.03389830508474578,0.8796591488256413
124,145,0.27562958002090454,0.0,0.016949152542372836,0.8019522770959349
124,149,0.41613733768463135,0.0,0.03389830508474578,0.8443251722307284
124,150,0.5255972743034363,0.0,0.652542372881356,0.9527487917294725
124,155,0.3027713894844055,0.0,0.0423728813559322,0.9478629865159162
125,127,0.5373325943946838,0.0,0.5,0.9542472885932038
125,128,0.477556049823761,0.0,0.15217391304347827,0.9068392308238953
125,129,0.5347112417221069,0.0,0.07216494845360821,0.9330742091733055
125,130,0.5278732180595398,0.0,0.24137931034482762,0.9676177583922722
125,131,0.5160799026489258,0.0,0.7142857142857143,0.9979741624143725
125,132,0.5876418352127075,0.0,0.15217391304347827,0.9675137315178907
125,133,0.28406327962875366,0.0,0.4285714285714286,0.9737863306861699
125,134,0.5248309969902039,0.0,0.5714285714285714,0.9962969979769326
125,136,0.5209122896194458,0.0,0.33333333333333337,0.9730013547659828
125,137,0.5647044777870178,0.0,0.7,0.995293873947991
125,138,0.30260029435157776,0.0,0.4285714285714286,0.9789030212244952
125,139,0.3787139356136322,0.0,0.4285714285714286,0.9841974414702329
125,140,0.5332933068275452,0.0,1.0,0.9847512345641615
125,144,0.3643779456615448,0.0,0.5714285714285714,0.9962969979769326
125,145,0.31723907589912415,0.0,0.2857142857142857,0.9714842641578082
125,149,0.3853302597999573,0.0,0.5714285714285714,0.9780383507643904
125,150,0.6265236139297485,0.0,0.09090909090909094,0.8983777801085236
125,155,0.30733388662338257,0.0,0.7142857142857143,0.9107021091047498
127,128,0.5369460582733154,0.0,0.30434782608695654,0.9646428004063202
127,129,0.7783851623535156,0.0,0.14432989690721654,0.934805217310111
127,130,0.6490203738212585,0.0,0.48275862068965514,0.9895519873374001
127,131,0.35605424642562866,0.0,0.3571428571428571,0.9490497160785552
127,132,0.8004383444786072,0.0,0.30434782608695654,0.9569031485517638
127,133,0.48192936182022095,0.0,0.2142857142857143,0.9006381610296039
127,134,0.6846631765365601,0.0,0.2857142857142857,0.9302554745136247
127,136,0.7830929160118103,0.0,0.6666666666666667,0.977121785463824
127,137,0.8035191297531128,0.047619047619047616,0.7142857142857143,0.9664036139906831
127,138,0.6351690292358398,0.0,0.2142857142857143,0.9392535645269394
127,139,0.7447444200515747,0.0,0.2142857142857143,0.8929015794091012
127,140,0.7952500581741333,0.0,0.5,0.9494816956714581
127,144,0.3026917576789856,0.0,0.2857142857142857,0.9302554745136247
127,145,0.640754759311676,0.0,0.1428571428571429,0.8769468326932671
127,149,0.29255032539367676,0.0,0.2857142857142857,0.9639718707767859
127,150,0.7791661620140076,0.0,0.18181818181818177,0.9641095270001718
127,155,0.5996604561805725,0.0,0.3571428571428571,0.8783265660087476
128,129,0.6552762389183044,0.0,0.4742268041237113,0.9795145783288436
128,130,0.5509677529335022,0.0,0.6304347826086957,0.977085142552218
128,131,0.3945927917957306,0.0,0.10869565217391308,0.8917846271186367
128,132,0.601527988910675,0.0,1.0,0.9681358315784283
128,133,0.31750401854515076,0.0,0.06521739130434778,0.8088695278441926
128,134,0.4090613126754761,0.0,0.08695652173913049,0.872852575985926
128,136,0.5737693309783936,0.0,0.4565217391304348,0.9684256385091268
128,137,0.44663864374160767,0.0,0.21739130434782605,0.9404965873939585
128,138,0.4108254909515381,0.0,0.06521739130434778,0.8510341471899677
128,139,0.44715434312820435,0.0,0.06521739130434778,0.8380636965321121
128,140,0.46553683280944824,0.0,0.15217391304347827,0.9434849786865165
128,144,0.3232194185256958,0.0,0.08695652173913049,0.872852575985926
128,145,0.40832626819610596,0.0,0.04347826086956519,0.7890612170591607
128,149,0.2909888029098511,0.0,0.08695652173913049,0.8915521042207869
128,150,0.5419424772262573,0.0,0.5974025974025974,0.9991400088527305
128,155,0.43942904472351074,0.0,0.10869565217391308,0.9182265745503987
129,130,0.5241364240646362,0.0,0.2989690721649485,0.9713476485488418
129,131,0.3274061679840088,0.0,0.05154639175257736,0.9171433316107741
129,132,0.6169441342353821,0.0,0.4742268041237113,0.9902848346673792
129,133,0.31955432891845703,0.0,0.030927835051546393,0.8385231755004947
129,134,0.47363024950027466,0.0,0.04123711340206182,0.9078697988197252
129,136,0.592090368270874,0.0,0.21649484536082475,0.9753574362289567
129,137,0.49583694338798523,0.0,0.1030927835051546,0.9621584444284635
129,138,0.38589462637901306,0.0,0.030927835051546393,0.8572398424817379
129,139,0.4722142517566681,0.0,0.030927835051546393,0.8882214354680227
129,140,0.5065491795539856,0.0,0.07216494845360821,0.9693236045495395
129,144,0.3921431601047516,0.0,0.04123711340206182,0.9078697988197252
129,145,0.3927048444747925,0.0,0.020618556701030966,0.8331069727281902
129,149,0.3678171634674072,0.0,0.04123711340206182,0.8886955897892994
129,150,0.5896229147911072,0.0,0.7938144329896908,0.9746083920319739
129,155,0.4649643898010254,0.0,0.05154639175257736,0.9449444196803265
130,131,0.3825792670249939,0.034482758620689655,0.1724137931034483,0.9593089133747037
130,132,0.5872794389724731,0.0,0.6304347826086957,0.9878970515595301
130,133,0.31555959582328796,0.0,0.10344827586206895,0.8995698271595096
130,134,0.4511629343032837,0.0,0.13793103448275867,0.9441117733634742
130,136,0.5792154669761658,0.0,0.7241379310344828,0.9952462504956059
130,137,0.5150492787361145,0.0,0.3448275862068966,0.9838349805080863
130,138,0.43664610385894775,0.037037037037037035,0.10344827586206895,0.9268062008412706
130,139,0.44966697692871094,0.0,0.10344827586206895,0.9138830685852531
130,140,0.5203946828842163,0.0,0.24137931034482762,0.9707628214808386
130,144,0.31052932143211365,0.0,0.13793103448275867,0.9441117733634742
130,145,0.4072839617729187,0.0,0.06896551724137934,0.8853055244044197
130,149,0.3272415101528168,0.0,0.13793103448275867,0.9554738557262449
130,150,0.5464126467704773,0.0,0.37662337662337664,0.9759010968606266
130,155,0.45867401361465454,0.0,0.1724137931034483,0.908447573485986
131,132,0.5173103213310242,0.0,0.10869565217391308,0.9576431447883715
131,133,0.29927486181259155,0.0,0.6,0.974048411423713
131,134,0.3464719355106354,0.0,0.8,0.9975747672225995
131,136,0.48083561658859253,0.0,0.23809523809523814,0.9680927241404333
131,137,0.4089103639125824,0.0,0.5,0.9903323329682685
131,138,0.32892197370529175,0.0,0.6,0.9828742843636682
131,139,0.287845641374588,0.0,0.6,0.9835783320238637
131,140,0.4162275791168213,0.0,0.7142857142857143,0.9777558831241698
131,144,0.4081193804740906,0.0,0.8,0.9975747672225995
131,145,0.3298352360725403,0.0,0.4,0.9741588463284927
131,149,0.3793591558933258,0.0,0.8,0.9861077358388348
131,150,0.7849116921424866,0.0,0.06493506493506496,0.8835265041769129
131,155,0.22743184864521027,0.0,1.0,0.8990782862369869
132,133,0.429353803396225,0.0,0.06521739130434778,0.8884436800773688
132,134,0.6370466947555542,0.0,0.08695652173913049,0.9480113692189938
132,136,0.7815109491348267,0.14035087719298245,0.4565217391304348,0.9941072290518458
132,137,0.7000100612640381,0.0,0.21739130434782605,0.9863487058706341
132,138,0.5596905946731567,0.0,0.06521739130434778,0.9045362505496206
132,139,0.6447636485099792,0.0,0.06521739130434778,0.92693133836496
132,140,0.6842395067214966,0.0,0.15217391304347827,0.9815786724769896
132,144,0.3614150881767273,0.0,0.08695652173913049,0.9480113692189938
132,145,0.5553674101829529,0.0,0.04347826086956519,0.885505610249523
132,149,0.3784503638744354,0.0,0.08695652173913049,0.9347988285170293
132,150,0.7258226871490479,0.0,0.5974025974025974,0.9643308739164291
132,155,0.5436535477638245,0.0,0.10869565217391308,0.932588438408421
133,134,0.3161821961402893,0.0,0.75,0.981112137329572
133,136,0.3912472724914551,0.0,0.1428571428571429,0.8984567623275471
133,137,0.41917911171913147,0.0,0.30000000000000004,0.9495017837772279
133,138,0.3614387810230255,0.0,1.0,0.9876921340383535
133,139,0.36496153473854065,0.0,1.0,0.9808679775060556
133,140,0.3887195289134979,0.0,0.4285714285714286,0.9347206766853046
133,144,0.2128615826368332,0.0,0.75,0.981112137329572
133,145,0.4635527431964874,0.0,0.6666666666666667,0.9944191659581205
133,149,0.25233757495880127,0.0,0.75,0.9498653769543932
133,150,0.5612506866455078,0.01282051282051282,0.038961038961038974,0.7963436046207085
133,155,0.2893860340118408,0.0,0.6,0.8430492635876724
134,136,0.6181116700172424,0.0,0.19047619047619047,0.9541985905843705
134,137,0.792290449142456,0.18181818181818182,0.4,0.9850208233149517
134,138,0.46144187450408936,0.0,0.75,0.9824754252566029
134,139,0.6542681455612183,0.16666666666666666,0.75,0.993629429463044
134,140,0.7093940377235413,0.0,0.5714285714285714,0.976929579556967
134,144,0.3912755846977234,0.0,1.0,1.0
134,145,0.5116627216339111,0.0,0.5,0.9848188561855247
134,149,0.3759872019290924,0.0,1.0,0.9753199913198175
134,150,0.7220268249511719,0.0,0.051948051948051965,0.8624229323162608
134,155,0.4374738931655884,0.0,0.8,0.904639390673717
136,137,0.7470173239707947,0.0,0.47619047619047616,0.9886730521035089
136,138,0.6014025211334229,0.0,0.1428571428571429,0.9254241469657344
136,139,0.7062423825263977,0.0,0.1428571428571429,0.9254217680868028
136,140,0.7318824529647827,0.0,0.33333333333333337,0.9777455247725918
136,144,0.35861310362815857,0.0,0.19047619047619047,0.9541985905843705
136,145,0.6100322604179382,0.0,0.09523809523809523,0.8922920071499109
136,149,0.3412144184112549,0.0,0.19047619047619047,0.9616452792369542
136,150,0.7594549655914307,0.0,0.2727272727272727,0.9663214476432358
136,155,0.5953670144081116,0.0,0.23809523809523814,0.9174737935633746
137,138,0.3474780023097992,0.0,0.30000000000000004,0.9606799750405449
137,139,0.5101696252822876,0.09090909090909091,0.30000000000000004,0.9679382655231556
137,140,0.7494428753852844,0.0,0.7,0.9919733843709939
137,144,0.4196087419986725,0.0,0.4,0.9850208233149517
137,145,0.38555580377578735,0.0,0.19999999999999996,0.9448584284245453
137,149,0.4630557596683502,0.0,0.4,0.9713236150193513
137,150,0.682347297668457,0.0,0.1298701298701299,0.9333732071126188
137,155,0.38842472434043884,0.0,0.5,0.92579463324558
138,139,0.7674922943115234,0.0,1.0,0.9700173004756224
138,140,0.806591808795929,0.0,0.4285714285714286,0.9486354938049337
138,144,0.16157303750514984,0.0,0.75,0.9824754252566029
138,145,0.6621584892272949,0.0,0.6666666666666667,0.9788665007325132
138,149,0.23591138422489166,0.0,0.75,0.9813248747539173
138,150,0.7179072499275208,0.0,0.038961038961038974,0.8409148861002448
138,155,0.6070608496665955,0.0,0.6,0.867055897674004
139,140,0.8669252991676331,0.1111111111111111,0.4285714285714286,0.9670091858755389
139,144,0.25443586707115173,0.0,0.75,0.993629429463044
139,145,0.726527214050293,0.0,0.6666666666666667,0.990982337533028
139,149,0.21410776674747467,0.0,0.75,0.9471875190693799
139,150,0.8701766133308411,0.0,0.038961038961038974,0.8248760847522271
139,155,0.6604202389717102,0.0,0.6,0.9078814479230677
140,144,0.4063418507575989,0.0,0.5714285714285714,0.976929579556967
140,145,0.47501140832901,0.0,0.2857142857142857,0.9342014776016514
140,149,0.33694031834602356,0.0,0.5714285714285714,0.9538399375033942
140,150,0.6690362095832825,0.0,0.09090909090909094,0.9332798818702801
140,155,0.4456845223903656,0.0,0.7142857142857143,0.9642101652300832
144,145,0.1839160919189453,0.0,0.5,0.9848188561855247
144,149,0.45609140396118164,0.0,1.0,0.9753199913198175
144,150,0.5195526480674744,0.0,0.051948051948051965,0.8624229323162608
144,155,0.3046259582042694,0.0,0.8,0.904639390673717
145,149,0.23061779141426086,0.0,0.5,0.943716999572267
145,150,0.7265750169754028,0.0,0.025974025974025983,0.7758699331644622
145,155,0.35977408289909363,0.0,0.4,0.8529038067574017
149,150,0.4819931387901306,0.0,0.051948051948051965,0.8865213596263832
149,155,0.26873618364334106,0.0,0.8,0.8699239449108206
150,155,0.4198862612247467,0.0,0.06493506493506496,0.9058175873736111
