name,num_appearances_sum,num_appearances_mean,num_types,entity_type
groundwater_sustainability_plan,47475,406,1,Local_Gov
subbasin,22217,255,1,Basin
department_of_water_resources,17705,151,1,State_Gov
sustainable_groundwater_management_act,15063,129,1,State_Gov
groundwater_sustainability_agency,7593,190,1,Local_GSA
california,5754,50,1,State_Gov
groundwater_dependent_ecosystem,3839,55,1,Natural_Feature
board,3293,42,1,Group
united_states_geological_survey,2596,36,1,Federal_Gov
data_management_system,2397,32,1,Technical
state,2304,23,1,NA
county,2256,23,1,County
sustainable_management_criteria,2050,27,1,NA
agency,1998,64,1,Group
santa_clara_river,1789,256,1,Natural_Feature
af,1770,28,1,NA
san_joaquin_river,1703,49,1,Natural_Feature
geological_survey,1653,47,1,Federal_Gov
department,1539,19,1,Group
north_fork_kings_groundwater_sustainability_agency,1537,220,2,Other_GSA
central_valley_project,1502,31,1,Water_Project
mt,1492,50,1,NA
state_water_project,1488,28,1,Water_Project
united_water_conservation_district,1481,165,1,District
surface_water_system,1456,208,1,Natural_Feature
east_kaweah_groundwater_sustainability_agency,1449,483,2,Other_GSA
ema,1381,460,1,NA
united,1290,215,1,NA
north_kings_groundwater_sustainability_agency,1258,157,2,Other_GSA
dischargers,1176,98,1,NA
fillmore,1171,195,1,City
state_water_resources_control_board,1161,13,1,State_Gov
board_of_directors,1153,16,1,Group
western_management_area,1146,229,1,Geographic_Unit
south_kings_groundwater_sustainability_agency,1114,186,2,Other_GSA
advisory_committee,1096,32,1,Group
san_joaquin,1092,25,1,County
kern_county_subbasin,1079,120,1,Basin
san_joaquin_valley,1072,22,1,Geographic_Unit
kings_river_east_groundwater_sustainability_agency,1050,175,2,Other_GSA
party,1041,24,1,NA
bureau_of_reclamation,1039,20,1,Federal_Gov
gws,1038,94,1,NA
upper_aquifer_system,1028,103,1,Natural_Feature
james_groundwater_sustainability_agency,955,159,2,Other_GSA
us_environmental_protection_agency,948,17,1,Federal_Gov
sacramento,944,21,1,County
cma,940,470,1,NA
svbgsa,939,235,2,Local_GSA
isw,922,61,1,NA
kern_river_groundwater_sustainability_agency,922,184,2,Other_GSA
santa_ynez_river,918,230,1,Natural_Feature
coordination_committee,917,71,1,Group
fox_canyon_groundwater_management_agency,890,127,2,Other_GSA
eastern_tule_groundwater_sustainability_agency,875,292,2,Local_GSA
montecito_groundwater_basin,870,870,1,Local_GSA
minimum_threshold,865,54,1,NA
nature_conservancy,861,12,1,NA
draft,840,23,1,NA
mcmullin_area_groundwater_sustainability_agency,823,118,2,Other_GSA
napa_county,820,410,1,County
california_code_of_regulations,817,17,1,State_Gov
hydrogeologic_conceptual_model,813,15,1,Technical
united_states,808,10,1,NA
kern_county,806,38,1,County
mid_kaweah_groundwater_sustainability_agency,779,390,2,Other_GSA
state_board,774,37,1,Group
appendix,766,14,1,Reference
authority,763,48,1,Group
aem,755,44,1,NA
lower_aquifer_system,738,82,1,Natural_Feature
wy,712,36,1,NA
disadvantaged_community,700,11,1,NA
state_of_california,700,9,1,State_Gov
tule_subbasin,696,87,1,Basin
central_kings_groundwater_sustainability_agency,685,98,2,Local_GSA
mcwra,678,226,1,NA
delano_earlimart_irrigation_district_groundwater_sustainability_agency,677,677,1,Local_GSA
environmental_quality_act,677,12,1,State_Gov
forebay,675,56,1,NA
mi,675,20,1,NA
mou,671,15,1,Group
groundwater_sustainability_plan_group,670,112,1,Group
lower_tule_river_irrigation_district_groundwater_sustainability_agency,660,660,1,Local_GSA
greater_kaweah_groundwater_sustainability_agency,659,165,2,Local_GSA
kings_subbasin,650,59,1,Basin
mkgsa,648,216,2,Other_GSA
ukiah_valley_basin_gsa,644,644,1,Local_GSA
water_year,641,32,1,NA
ventura_county,634,45,1,County
monterey_county_water_resources_agency,622,89,1,Group
central_coast_water_board,618,69,1,Group
wells,612,10,1,NA
sierra_nevada,611,14,1,NA
oxnard,607,101,1,City
pixley_irrigation_district_groundwater_sustainability_agency,596,596,1,Local_GSA
salinas_valley_basin_groundwater_sustainability_agency,596,298,2,Local_GSA
santa_paula,594,99,1,City
modflow,592,16,1,Technical
natural_communities_commonly_associated_with_groundwater,565,12,1,Natural_Feature
vrgwfm,562,112,1,NA
city_of,548,11,1,City
committee,547,17,1,Group
kern_groundwater_authority,546,68,2,Local_GSA
interconnected_surface_water,543,27,1,NA
fox_canyon_aquifer,536,179,1,Natural_Feature
madera_county,534,76,1,County
tehama_county,527,66,1,County
upper_ventura_river_groundwater_agency_gsa,523,523,1,Local_GSA
fresno,519,18,1,County
east_las_posas_management_area,517,517,1,Geographic_Unit
irrigated_lands_regulatory_program,517,11,1,State_Gov
mound_basin_groundwater_sustainability_agency,505,505,1,Local_GSA
department_of_fish_and_wildlife,499,9,1,State_Gov
mo,498,20,1,NA
kaweah_subbasin,490,98,1,Basin
tri_county_water_authority_groundwater_sustainability_agency_tule,486,486,1,Local_GSA
fpbgsa,475,238,1,Local_GSA
white_wolf_groundwater_sustainability_agency,472,236,2,Local_GSA
napa_county_groundwater_sustainability_agency,468,468,1,Other_GSA
cvp,465,155,1,NA
west_las_posas_management_area,465,155,1,Geographic_Unit
ojai_valley_groundwater_basin,464,464,1,Basin
new_stone_water_district_groundwater_sustainability_agency,463,232,2,Other_GSA
delta_mendota_subbasin,461,51,1,Basin
monterey_subbasin,456,228,1,Basin
aquifer_storage_and_recovery,447,30,1,NA
tulare_county,445,34,1,County
conejo_creek,444,74,1,Natural_Feature
marina_coast_water_district,439,220,1,District
buena_vista_groundwater_sustainability_agency,431,216,1,Other_GSA
aliso_water_district_groundwater_sustainability_agency,428,428,1,Local_GSA
big_valley_groundwater_sustainability_agency,427,427,1,Local_GSA
technical_advisory_committee,423,15,1,Group
solano_subbasin,422,422,1,Basin
madera_subbasin,420,38,1,Basin
fort_ord,419,210,1,NA
mga,417,208,2,Local_GSA
owens_valley_groundwater_authority,415,415,1,Local_GSA
atascadero_basin_groundwater_sustainability_agency,412,412,1,Local_GSA
farmers_water_district,411,411,1,District
santa_rosa_plain_groundwater_sustainability_agency,411,206,2,Other_GSA
pleasant_valley_groundwater_sustainability_agency,410,410,1,Local_GSA
sonoma_valley_groundwater_sustainability_agency,405,202,2,Local_GSA
santa_ynez_river_valley_basin_eastern_management_area_groundwater_sustainability_agency,404,404,1,Local_GSA
total_dissolved_solids,404,12,1,NA
salinas_valley,402,40,1,Geographic_Unit
tehama_county_flood_control_and_water_conservation_district_groundwater_sustainability_agency_red_bluff,402,402,1,Local_GSA
ventura,400,27,1,County
delano_earlimart_irrigation_district,399,100,1,District
tbwqc,396,132,1,NA
indian_wells_valley_groundwater_authority,395,198,2,Local_GSA
county_of_napa_groundwater_sustainability_agency,389,389,1,Local_GSA
taf,389,20,1,NA
division_of_drinking_water,388,9,1,State_Gov
san_pasqual_valley_gsa,388,388,1,Local_GSA
projects_and_management_actions,385,8,1,NA
regional_water_quality_control_board,384,9,1,Local_Gov
tehama_county_flood_control_and_water_conservation_district_groundwater_sustainability_agency_antelope,384,384,1,Local_GSA
us,383,8,1,NA
basin_characterization_model,382,21,1,Technical
corona,380,190,1,City
farmers_water_district_groundwater_sustainability_agency,380,127,2,Other_GSA
lsce,379,21,1,NA
kaweah_delta_water_conservation_district,377,42,1,District
paso_robles_formation,376,38,1,Natural_Feature
sonoma,371,62,1,County
nc,367,17,1,NA
enterprise_anderson_groundwater_sustainability_agency,366,183,1,Other_GSA
executive_committee,363,45,1,Group
parties,363,10,1,NA
aliso_water_district,362,362,1,District
fresno_county,360,21,1,County
pma,356,20,1,NA
ebp_subbasin,355,355,1,Basin
global_positioning_system,350,18,1,NA
tule_subbasin_setting,348,87,1,Geographic_Unit
tehama_county_flood_control_and_water_conservation_district_groundwater_sustainability_agency_los_molinos,347,347,1,Local_GSA
madera,346,23,1,County
oxnard_subbasin,342,86,1,Basin
tds,342,13,1,NA
tulare,342,17,1,County
tehama_formation,341,34,1,Natural_Feature
ebmud,339,170,1,NA
monterey_county,336,37,1,County
coordination_workgroup,332,47,1,Group
maximum_contaminant_level,331,11,1,NA
upper_ventura_river_groundwater_agency,331,331,1,Local_GSA
los_molinos_subbasin,329,55,1,Basin
lower_tule_river_irrigation_district,328,47,1,District
santa_clara,328,30,1,County
siskiyou_county_flood_control_and_water_conservation_district_groundwater_sustainability_agency_butte_valley,325,325,1,Local_GSA
tehama_county_flood_control_and_water_conservation_district_groundwater_sustainability_agency_bowman,324,324,1,Local_GSA
groundwater_sustainability_agencies,323,5,1,Group
root_creek_water_district_groundwater_sustainability_agency,320,320,1,Local_GSA
tule_subbasin_monitoring_plan,320,53,1,Technical
ysga,320,320,1,NA
dctra,316,158,1,NA
project,313,13,1,Water_Project
solano_county,313,104,1,County
alpaugh_groundwater_sustainability_agency,311,311,1,Local_GSA
arroyo_simi,310,155,1,NA
integrated_regional_water_management,310,17,1,Local_Gov
merced,310,24,1,County
siskiyou_county_flood_control_and_water_conservation_district_groundwater_sustainability_agency_shasta,310,310,1,Local_GSA
tehama_integrated_hydrologic_model,307,77,1,Technical
groundwater_sustainability_agency_board,304,11,1,Group
svsim,303,38,1,NA
sacramento_valley,302,12,1,Geographic_Unit
porterville,300,43,1,City
tulare_formation,300,12,1,Natural_Feature
ag,297,13,1,NA
monitoring_and_reporting_program,297,30,1,Technical
environmental_defense_fund,296,49,1,NA
santa_ynez,295,59,1,City
pleasant_valley,294,42,1,Geographic_Unit
esri,289,21,1,NA
colusa,285,48,1,County
san_joaquin_river_restoration_program,285,12,1,Local_Gov
petaluma_valley_groundwater_sustainability_agency,281,140,2,Local_GSA
chowchilla_subbasin,280,93,1,Basin
integrated_regional_water_management_plan,280,8,1,Local_Gov
sampling_and_analysis_plan,280,35,1,Technical
dtw,279,15,1,NA
groundwater_management_plan,279,7,1,Technical
saugus_formation,279,46,1,Natural_Feature
flow,278,35,1,NA
yucaipa_groundwater_sustainability_agency,278,278,1,Other_GSA
groundwater_sustainability_plan_regulations,276,7,1,Legal
interferometric_synthetic_aperture_radar,274,7,1,NA
hcm,273,14,1,NA
ma,272,23,1,NA
rmw,269,38,1,NA
technical_memoranda,269,19,1,Technical
managed_aquifer_recharge,267,24,1,NA
turlock_subbasin,267,67,1,Basin
vcwpd,267,89,1,NA
anderson_subbasin,265,88,1,Basin
page,265,12,1,Reference
groundwater_sustainability_plans,264,5,1,Technical
representative_monitoring_point,264,66,1,Technical
stakeholder_committee,264,38,1,Group
cga,263,132,1,NA
arroyo_las_posas,262,52,1,NA
kings_river_conservation_district,262,29,1,District
los_angeles_county,262,26,1,County
city_of_porterville,261,52,1,City
san_antonio_basin_groundwater_sustainability_agency,261,261,1,Local_GSA
santa_clarita_valley_groundwater_sustainability_agency,261,261,1,Local_GSA
santa_ynez_river_valley_basin_western_management_area_groundwater_sustainability_agency,259,259,1,Local_GSA
yucaipa_valley_water_district,259,259,1,District
tcwa,256,128,1,NA
castac_basin_gsa,255,255,1,Local_GSA
los_angeles,254,18,1,County
natural_resources_conservation_service,254,8,1,Federal_Gov
montecito_groundwater_sustainability_agency,253,253,1,Other_GSA
groundwater_sustainability_plan_groups,252,42,1,Group
james_irrigation_district,251,126,1,District
tule_subbasin_technical_advisory_committee,251,42,1,Group
kern_county_water_agency,249,25,1,Group
working_group,249,23,1,Group
smc,248,21,1,NA
santa_ynez_river_valley_basin_central_management_area_groundwater_sustainability_agency,247,247,1,Local_GSA
army_corps_of_engineers,246,9,1,Federal_Gov
regional_model,246,123,1,Technical
buena_vista_water_storage_district_gsa,245,245,1,Local_GSA
sacramento_county,245,27,1,County
watershed,245,49,1,NA
arroyo,244,27,1,NA
napa_valley_subbasin,242,242,1,Basin
district,241,10,1,District
modesto,241,24,1,City
minimum_thresholds,238,34,1,NA
santa_ynez_river_water_conservation_district,238,79,1,District
butte_valley,236,118,1,City
corcoran_clay,236,10,1,Natural_Feature
sutter_subbasin,235,78,1,Basin
monterey,234,23,1,County
data_quality_objective,232,9,1,Technical
temescal_subbasin_groundwater_sustainability_agency,231,231,1,Local_GSA
merced_county,230,19,1,County
san_antonio,230,19,1,NA
national_aeronautics_and_space_administration,229,8,1,Federal_Gov
olcese_groundwater_sustainability_agency_area,228,228,1,Geographic_Unit
technical_working_group,227,38,1,Group
fcgma,226,113,1,NA
cosumnes,224,56,1,NA
vacaville,224,32,1,City
los_angeles_department_of_water_and_power,223,56,1,NA
merced_subbasin,222,56,1,Basin
discharger,220,28,1,NA
kern_subbasin,220,22,1,Basin
indian_wells_valley_groundwater_basin,219,219,1,Basin
san_jacinto,218,54,1,City
santa_cruz,217,31,1,County
unavco,217,7,1,NA
natural_communities,216,8,1,NA
spadra_basin_groundwater_sustainability_agency,216,216,1,Local_GSA
gps,215,6,1,NA
napa,214,54,1,County
san_antonio_creek,214,43,1,Natural_Feature
pce,211,14,1,NA
temescal_wash,211,70,1,NA
fresno_slough,209,19,1,Natural_Feature
kaweah,209,30,1,NA
california_water_code,207,5,1,State_Gov
salinas_valley_basin_groundwater_sustainability_agency_east_side_aquifer,207,207,1,Local_GSA
salinas_valley_basin_groundwater_sustainability_agency_langley_area,206,206,1,Local_GSA
san_lorenzo_valley_water_district,206,206,1,District
geotracker,205,6,1,NA
hayward,205,205,1,City
eel_river_valley_basin,203,203,1,Basin
grimes_canyon_aquifer,203,68,1,Natural_Feature
lompico,202,101,1,City
tehama,202,18,1,County
city_of_santa_monica,201,201,1,City
statewide_groundwater_elevation_monitoring,201,5,1,State_Gov
salinas_valley_basin_groundwater_sustainability_agency_upper_valley_aquifer,199,199,1,Local_GSA
enterprise,198,99,1,NA
los_banos,198,28,1,City
wrmwsd,198,198,1,NA
salt_and_nutrient_management_plan,195,16,1,Technical
friant_division,194,11,1,NA
piru_creek,194,32,1,Natural_Feature
basin_numerical_model,193,193,1,Technical
monterey_formation,193,15,1,Natural_Feature
calleguas_creek,192,32,1,Natural_Feature
technical_peer_review,192,192,1,Technical
friant_kern_canal,191,13,1,NA
mcsim,191,96,1,NA
san_benito_county,191,27,1,County
hydrographs,190,4,1,NA
san_jacinto_groundwater_basin,190,190,1,Basin
santa_ana,190,19,1,City
water_in_the_yucaipa,190,190,1,NA
corning,189,24,1,City
napa_valley,189,189,1,Geographic_Unit
paso_robles,189,24,1,NA
acsd,188,188,1,NA
atascadero,188,94,1,City
butte_county,188,19,1,County
solano,188,94,1,County
geographic_information_system,187,7,1,Technical
yuba_water_agency,185,62,2,Local_GSA
irrigation_management_information_system,184,6,1,State_Gov
kern_delta_water_district,184,37,1,District
modesto_subbasin,184,92,1,Basin
scotts_valley_water_district,184,184,1,District
tracy_subbasin,184,46,1,Basin
scv_water,183,183,1,NA
tule_river_association,183,30,1,Group
dbcp,182,12,1,NA
grassland_water_district,182,91,1,District
ccbl,181,60,1,NA
davis,181,7,1,City
glenn_county,181,26,1,County
gw,181,9,1,NA
bakersfield,180,12,1,City
central_coast_regional_water_quality_control_board,180,16,1,Local_Gov
buena_vista_water_storage_district,179,36,1,District
las_posas,179,60,1,NA
measurable_objectives,178,12,1,NA
cgps,177,9,1,NA
hollister,176,88,1,City
sonoma_water,176,35,1,NA
stanislaus_county,176,20,1,County
fish_slough,175,88,1,Natural_Feature
sustainable_groundwater_management_act_projects,174,35,1,Water_Project
basemap,173,29,1,NA
modeling_team,173,58,1,Technical
department_of_water_resources_bulletin,172,4,1,NA
passive_diffusion_bag,172,172,1,NA
visalia,172,22,1,City
asr,170,14,1,NA
barka_slough,170,170,1,Natural_Feature
bcgsa,170,170,1,Other_GSA
city_of_modesto,170,34,1,City
westside_subbasin,170,19,1,Basin
basin,169,4,1,Basin
cuyama_basin_groundwater_sustainability_agency,169,169,1,Local_GSA
east_turlock_subbasin_groundwater_sustainability_agency,169,169,1,Local_GSA
environmental_protection_agency,169,42,1,Group
groundwater_sustainability_agency_party,169,24,1,NA
turlock,169,28,1,City
arvin_edison_water_storage_district,168,84,1,District
indian_wells_valley,168,168,1,Geographic_Unit
kdsa,168,13,1,NA
kings_county,168,12,1,County
rmp,168,17,1,NA
glenn_groundwater_authority,167,84,2,Local_GSA
kern,167,14,1,County
yolo_subbasin,167,42,1,Basin
gis,166,6,1,NA
mendota_subbasin,166,18,1,Basin
basin_setting,165,6,1,Geographic_Unit
ec,165,11,1,NA
fox_canyon_groundwater_management_agency_board,164,55,1,Group
san_joaquin_river_exchange_contractors,164,41,1,NA
army,163,54,1,Federal_Gov
city_of_ventura,163,27,1,City
groundwater_sustainability_plan_advisory_committee,162,40,1,Group
inter_agency,162,23,1,Group
joint_powers_authority,162,5,1,Group
sierra_valley,162,162,1,Geographic_Unit
deer_creek_and_tule_river_authority,161,80,1,Group
mullin_area_groundwater_sustainability_agency,160,80,1,Other_GSA
north_kings,160,27,1,NA
congress_us_senate,159,3,1,Federal_Gov
forebay_subbasin,159,26,1,Basin
jpa,159,8,1,NA
kings_river_water_association,159,20,1,Group
yuba_subbasins,159,80,1,Basin
anderson_subbasins,158,79,1,Basin
gravelly_ford_water_district,158,53,1,District
kings,158,12,1,County
salinas,158,20,1,City
l,157,39,1,NA
san_joaquin_river_restoration_settlement,157,52,1,NA
santa_monica_basin_groundwater_sustainability_agency,157,157,1,Local_GSA
technical_memorandum,157,7,1,Technical
west_san_jacinto_groundwater_sustainability_agency,157,157,1,Local_GSA
santa_ana_river,156,26,1,Natural_Feature
ccr,155,12,1,NA
yuba_groundwater_model,155,155,1,Technical
santa_barbara_county,154,26,1,County
west_turlock_subbasin_groundwater_sustainability_agency,154,154,1,Local_GSA
cottonwood_creek,153,15,1,Natural_Feature
san_joaquin_county,153,26,1,County
chowchilla_bypass,152,19,1,NA
gravelly_ford_water_district_groundwater_sustainability_agency,152,76,2,Other_GSA
navy,152,30,1,Federal_Gov
stanislaus,152,17,1,County
court,151,50,1,NA
grassland_groundwater_sustainability_agency,151,151,1,Other_GSA
westlands_water_district,150,150,1,District
camrosa,149,25,1,NA
consolidated_irrigation_district,149,37,1,District
montecito_water_district,149,149,1,District
sjfm2014,149,149,1,NA
inmp,148,21,1,NA
olcese_water_district_groundwater_sustainability_agency,148,148,1,Local_GSA
tcwd,148,49,1,NA
county_of_ventura,147,16,1,County
eastside_subbasin,147,49,1,Basin
national_marine_fisheries_service,146,6,1,Federal_Gov
santa_clarita,146,49,1,City
santa_margarita,146,24,1,City
swi,146,36,1,NA
sonoma_county,145,29,1,County
bowman_subbasin,144,24,1,Basin
fox_canyon_groundwater_management_agency_gsa_pleasant_valley,144,144,1,Local_GSA
national_oceanic_and_atmospheric_administration,144,6,1,Federal_Gov
consensus_building_institute,143,10,1,NA
st_helena,143,143,1,NA
arroyo_santa_rosa_valley_groundwater_basin,142,142,1,Basin
big_valley_advisory_committee,142,142,1,Group
santa_ynez_river_alluvium,142,47,1,Natural_Feature
butte,141,14,1,County
management_areas,141,9,1,Geographic_Unit
spv_groundwater_sustainability_plan_model,141,141,1,Technical
wyandotte_creek_groundwater_sustainability_agency,141,141,1,Local_GSA
deer_creek,140,16,1,Natural_Feature
groundwater_ambient_monitoring_and_assessment,140,3,1,State_Gov
orland_unit_water_users_association,140,70,1,Group
paso_robles_formation_aquifer,140,47,1,Natural_Feature
slough,140,47,1,Natural_Feature
county_of_humboldt_groundwater_sustainability_agency,139,139,1,Local_GSA
legal_authority,139,4,1,Group
santa_rosa,139,17,1,City
coc,138,11,1,NA
elsinore_valley_groundwater_sustainability_agency,138,138,1,Local_GSA
inyo_county,138,34,1,County
santa_margarita_formation,138,12,1,Natural_Feature
bmp,137,8,1,NA
recharge,137,5,1,NA
solano_irrigation_district,137,137,1,District
stillwater_sciences,137,20,1,NA
city_of_vacaville,136,136,1,City
angiola_water_district,135,135,1,District
yolo_subbasin_groundwater_sustainability_agency,135,135,1,Local_GSA
appointing_authority,134,22,1,Group
electrical_conductivity,134,15,1,NA
mann,134,19,1,NA
monitoring_entity,134,15,1,Technical
san_leandro,134,134,1,City
water_budget_zone,134,134,1,Geographic_Unit
regional_board,133,8,1,Group
alta_irrigation_district,132,22,1,District
enterprise_anderson_groundwater_sustainability_agency_enterprise,132,132,1,Local_GSA
groundwater_sustainability_agency_boards,132,7,1,Group
measurable_objective,132,16,1,NA
p_ma,132,66,1,NA
sierra_valley_groundwater_management_district,132,132,1,Local_GSA
action,131,19,1,NA
tce,131,12,1,NA
tuscan_formation,131,12,1,Natural_Feature
pauma_valley_groundwater_sustainability_agency,130,130,1,Local_GSA
todd_groundwater,130,9,1,NA
arvin_edison_management_area,129,129,1,Geographic_Unit
chowchilla,129,22,1,City
city_of_napa,129,129,1,City
department_of_toxic_substances_control,129,6,1,State_Gov
dudek,128,14,1,NA
enterprise_anderson_groundwater_sustainability_agency_anderson,128,128,1,Local_GSA
stanislaus_and_tuolumne_rivers_groundwater_basin_association_groundwater_sustainability_agency,128,128,1,Local_GSA
ukiah_valley_integrated_hydrological_model,128,128,1,Technical
yolo_county,128,32,1,County
board_of_supervisors,127,4,1,Group
fillmore_and_piru_basins_groundwater_sustainability_agency_piru,127,127,1,Local_GSA
henry_miller_water_district_gsa,127,127,1,Local_GSA
mehrten_formation,127,13,1,Natural_Feature
scwd,127,127,1,NA
sierra_valley_subbasin,127,127,1,Basin
ventura_county_watershed_protection_district,127,14,1,District
fillmore_and_piru_basins_groundwater_sustainability_agency_fillmore,126,126,1,Local_GSA
fresno_irrigation_district,126,63,1,District
san_joaquin_river_exchange_contractors_groundwater_sustainability_agency,125,62,2,Local_GSA
wheeler_ridge_maricopa_water_storage_district,125,125,1,District
wqo,125,14,1,NA
butte_basin_groundwater_model,124,41,1,Technical
fox_canyon_groundwater_management_agency_gsa_oxnard,124,124,1,Local_GSA
natural_communities_commonly_associated_with_groundwater_dataset,124,5,1,Technical
san_pedro_formation,124,18,1,Natural_Feature
best_management_practice,123,6,1,NA
city,123,5,1,NA
continuous_global_positioning_system,123,11,1,NA
af_water_year,122,61,1,NA
county_of_tulare,122,15,1,County
east_contra_costa_subbasin,122,61,1,Basin
sustainability_indicators,122,12,1,NA
upper_san_pedro,122,122,1,NA
wheeler_ridge_maricopa,122,41,1,NA
yucaipa_basin_groundwater_sustainability_agency,122,122,1,Local_GSA
central_valley_hydrologic_model,121,13,1,Technical
corning_subbasin,121,24,1,Basin
corral_de_tierra_area,121,121,1,Geographic_Unit
mendota,121,13,1,City
new_stone_water_district,121,40,1,District
variable_infiltration_capacity,121,15,1,NA
bedford_coldwater_subbasin_groundwater_sustainability_agency,120,120,1,Local_GSA
merced_irrigation_district,120,30,1,District
tulare_irrigation_district,120,40,1,District
porterville_irrigation_district,119,20,1,District
precipitation,119,4,1,NA
storage,119,20,1,NA
westlands,119,24,1,NA
cor,118,59,1,NA
leblanc,118,17,1,NA
tracy,118,13,1,City
cnddb,117,11,1,NA
core_team,117,58,1,NA
elsinore,117,39,1,NA
fish_and_wildlife_service,117,6,1,Federal_Gov
general_order,117,15,1,NA
quality_control,117,20,1,NA
ug_l,117,58,1,NA
red_bluff_subbasin,116,29,1,Basin
adjustment_factors,115,23,1,NA
central_california_irrigation_district,115,23,1,State_Gov
dmc,115,23,1,NA
groundwater_sustainability_plan_group_representative,115,19,1,NA
surface_water_quality,115,58,1,NA
eastern_principal_aquifer,114,57,1,Natural_Feature
enterprise_subbasin,114,57,1,Basin
fkc,114,16,1,NA
tule_subbasin_tac,114,57,1,NA
eki,113,13,1,NA
nacimiento_water_project,113,56,1,Water_Project
butte_creek,112,28,1,Natural_Feature
calleguas,112,37,1,NA
moa,112,9,1,NA
san_timoteo_creek,112,112,1,Natural_Feature
sfr,112,11,1,NA
appendix_c,111,4,1,Reference
butte_subbasin,111,22,1,Basin
carlotta,111,111,1,NA
port_hueneme,111,37,1,City
san_gorgonio_pass,111,111,1,NA
ukiah_valley,111,111,1,Geographic_Unit
western_lower_principal_aquifer,111,56,1,Natural_Feature
sonoma_creek,110,28,1,Natural_Feature
yucaipa_subbasin,110,110,1,Basin
arroyo_conejo,109,27,1,NA
bedford,109,36,1,NA
council,109,14,1,Group
data_exchange_center,109,5,1,State_Gov
fountain_springs,109,18,1,NA
putah_creek,109,54,1,Natural_Feature
regional_water_authority,109,36,1,Group
riverside_county,109,12,1,County
tuolumne,109,12,1,County
xylenes,109,109,1,NA
colusa_subbasin,108,27,1,Basin
central_management_area,107,27,1,Geographic_Unit
coordinating_committee,107,54,1,Group
dixon,107,107,1,City
gsi,107,12,1,NA
qc,107,107,1,NA
san_juan,107,54,1,NA
friant_water_authority,106,6,1,Group
oakland,106,35,1,City
owens_valley,106,53,1,Geographic_Unit
pomona,106,106,1,City
san_luis_obispo_county,106,13,1,County
saugus,106,26,1,NA
water_data_library,106,5,1,Technical
brentwood,105,105,1,City
id4,105,105,1,NA
monitoring_network,105,5,1,Technical
san_luis_delta_mendota_water_authority,105,13,1,Group
solano_collaborative,105,105,1,NA
soquel_creek,105,105,1,Natural_Feature
upson,105,26,1,NA
watermaster,105,12,1,NA
yountville,105,105,1,City
antelope_subbasin,104,52,1,Basin
city_council,104,5,1,Group
joint_powers_agreement,104,9,1,Group
central_sacramento_county_groundwater_management_plan,103,103,1,Technical
cosumnes_subbasin,103,21,1,Basin
median_household_income,103,10,1,NA
ojai_basin_groundwater_management_agency_gsa,103,103,1,Local_GSA
scotts_valley,103,34,1,City
sokr,103,103,1,NA
solano_project,103,103,1,Water_Project
bolsa,102,102,1,NA
buttonwillow_management_area,102,102,1,Geographic_Unit
fox_canyon_groundwater_management_agency_gsa_las_posas_valley,102,102,1,Local_GSA
mbgwfm,102,102,1,NA
precipitation_data,102,4,1,Technical
saticoy,102,17,1,City
trenton_weir,102,17,1,Infrastructure
best_management_practices,101,4,1,NA
department_of_public_health,101,4,1,State_Gov
district_board,101,10,1,Group
western_management_area_groundwater_sustainability_agency,101,34,1,Other_GSA
madera_irrigation_district,100,33,1,District
montecito_groundwater_basin_groundwater_sustainability_agency,100,100,1,Local_GSA
porter_slough,100,17,1,Natural_Feature
salinas_valley_operational_model,100,25,1,Technical
spv,100,100,1,NA
subbasins,100,7,1,Basin
tehama_county_flood_control_and_water_conservation_district,100,14,2,Other_GSA
tule_basin_water_quality_coalition,100,50,1,NA
ukiah,100,50,1,City
west_las_posas,100,100,1,NA
woodard_curran,100,7,1,NA
luhdorff_and_scalmanini_consulting_engineers,99,33,1,NA
san_benito_river,99,99,1,Natural_Feature
success_reservoir,99,25,1,Infrastructure
urban_water_management_plan,99,5,1,Technical
muir,98,33,1,NA
sdac,98,8,1,NA
alyson_watson,97,97,1,NA
city_of_oxnard,97,32,1,City
clean_water_act,97,8,1,Legal
department_of_pesticide_regulation,97,6,1,State_Gov
dry_creek,97,10,1,Natural_Feature
purisima_formation,97,19,1,Natural_Feature
thomes_creek,97,24,1,Natural_Feature
western_municipal_water_district_groundwater_sustainability_agency_riverside_arlington,97,97,1,Local_GSA
aptos,96,48,1,City
groundwater_management_agency,96,48,1,Group
monitoring_entities,96,24,1,Technical
mugu,96,32,1,NA
paso,96,24,1,NA
total_nitrogen_applied,96,14,1,NA
integrated_water_flow_model,95,2,1,Technical
john,95,32,1,NA
paso_robles_subbasin,95,48,1,Basin
san_jacinto_river,95,48,1,Natural_Feature
yihm,95,95,1,NA
camarillo,94,16,1,City
hueneme,94,47,1,NA
temescal_groundwater_sustainability_agency,94,94,1,Other_GSA
wyandotte_creek_subbasin,94,31,1,Basin
anderson,93,13,1,City
city_of_santa_cruz,93,46,1,City
community_services_district,93,6,1,District
irrigation_training_and_research_center,93,12,1,NA
na,93,10,1,NA
richmond,93,93,1,City
taylor,93,31,1,NA
alyson,92,92,1,NA
arroyo_seco_cone_management_area,92,31,1,Geographic_Unit
los_molinos,92,18,1,City
nacimiento,92,12,1,NA
santa_clara_county,92,92,1,County
springs_fault,92,92,1,NA
success_dam,92,23,1,Infrastructure
asgsa,91,30,1,Other_GSA
epworth_gravels_aquifer,91,91,1,Natural_Feature
central_valley_regional_water_quality_control_board,90,6,1,State_Gov
city_of_buellton,90,45,1,City
faunt,90,5,1,NA
national_environmental_policy_act,90,8,1,Federal_Gov
precipitation_runoff_modeling_system,90,22,1,Technical
stakeholder_communication_and_engagement_plan,90,7,1,Technical
appendix_a,89,3,1,Reference
basin_analysis_report,89,89,1,Technical
bylaws,89,8,1,Legal
county_of_monterey,89,15,1,County
glenn,89,15,1,County
napa_valley_integrated_hydrologic_model,89,89,1,Technical
terra_bella_irrigation_district,89,15,1,District
ukiah_valley_basin_groundwater_sustainability_agency,89,89,1,Local_GSA
coastal_plain_model,88,44,1,Technical
langley_subbasin,88,22,1,Basin
modflow_usg,88,29,1,Technical
san_joaquin_river_exchange_contractors_groundwater_sustainability_plan_group,88,88,1,Group
sierra_valley_hydrogeologic_system_model,88,88,1,Technical
sustainability_indicator,88,13,1,NA
svbgsa_board,88,22,1,Group
vina_subbasin,88,18,1,Basin
af_year,87,9,1,NA
colusa_county,87,44,1,County
davids_engineering,87,7,1,NA
groundwater_quality_trend_monitoring_program,87,22,1,Technical
management_area,87,14,1,Geographic_Unit
mhi,87,6,1,NA
national_water_quality_laboratory,87,87,1,NA
pure_water_soquel,87,87,1,NA
rohde_et_al,87,7,1,NA
san_benito_county_water_district,87,87,1,District
temescal,87,44,1,NA
ema_groundwater_sustainability_agency,86,29,1,Other_GSA
mrp,86,29,1,NA
napa_valley_floor,86,86,1,NA
northern_central_delta_mendota_region,86,14,1,Geographic_Unit
oak_glen_creek,86,86,1,Natural_Feature
ohwd,86,43,1,NA
patterson,86,12,1,City
sustainable_groundwater_management_act_monitoring_network,86,17,1,Technical
hotchkiss,85,14,1,NA
humboldt_county_groundwater_sustainability_agency,85,85,1,Other_GSA
los_alamos_community_services_district,85,85,1,District
management_actions,85,11,1,NA
norco,85,85,1,City
rcs,85,21,1,NA
subarea,85,14,1,Geographic_Unit
wolf_subbasin,85,14,1,Basin
salinas_river_diversion_facility,84,21,1,NA
santa_monica,84,84,1,City
stony_creek,84,21,1,Natural_Feature
water_board,84,8,1,Group
alameda_county_water_district,83,83,1,District
epworth_gravels_management_area,83,83,1,Geographic_Unit
shasta,83,9,1,County
siskiyou_county,83,8,1,County
yolo,83,28,1,County
yuba_county,83,28,1,County
arvin_groundwater_sustainability_agency,82,82,1,Local_GSA
big_valley_groundwater_basin,82,82,1,Basin
bmo,82,16,1,NA
community_advisory_committee,82,82,1,Group
greenfield,82,12,1,City
merced_subbasin_groundwater_sustainability_agency,82,82,1,Local_GSA
mst,82,82,1,NA
national_water_information_system,82,5,1,Federal_Gov
santa_clara_valley_water_district,82,27,1,District
shasta_county,82,41,1,County
smgwa,82,41,1,NA
annual_compliance_form,81,12,1,NA
arroyo_santa_rosa_groundwater_sustainability_agency,81,81,1,Local_GSA
berkeley,81,27,1,City
chowchilla_water_district,81,81,1,District
city_of_lompoc,81,40,1,City
spring,81,6,1,NA
valencia,81,20,1,NA
calimesa_management_area,80,80,1,Geographic_Unit
delano_earlimart_irrigation_district_management_area,80,80,1,Geographic_Unit
east_contra_costa,80,40,1,NA
las_posas_valley,80,13,1,Geographic_Unit
petaluma_valley,80,27,1,Geographic_Unit
salinas_valley_watershed_model,80,20,1,Technical
scv_groundwater_sustainability_agency,80,80,1,Other_GSA
south_mesa,80,80,1,NA
upper_pressure,80,80,1,NA
bowman,79,16,1,NA
delta_mendota,79,9,1,NA
groundwater_ambient_monitoring_and_assessment_program,79,3,1,Technical
lompoc,79,20,1,City
santa_barbara_county_water_agency,79,16,1,Group
setting,79,3,1,Geographic_Unit
castaic_creek,78,26,1,Natural_Feature
county_of_madera,78,16,1,County
national_geodetic_survey,78,6,1,NA
olcese_groundwater_sustainability_agency,78,39,1,Other_GSA
shasta_valley,78,39,1,Geographic_Unit
friant_contractors,77,6,1,NA
james_bypass,77,7,1,NA
owens,77,26,1,NA
salinas_valley_basin,77,11,1,Basin
arlington_basin,76,76,1,Basin
city_of_coalinga,76,76,1,City
friant,76,8,1,City
humboldt_county,76,76,1,County
kc,76,10,1,NA
bureau_of_land_management,75,5,1,Federal_Gov
carneros,75,75,1,NA
city_of_madera,75,25,1,City
fugro_west,75,25,1,NA
ims,75,8,1,NA
lakeview,75,38,1,City
madera_county_groundwater_sustainability_agency,75,25,1,Other_GSA
san_diego,75,11,1,County
san_luis_obispo_creek,75,75,1,Natural_Feature
turlock_irrigation_district,75,38,1,District
central_valley,74,4,1,Geographic_Unit
city_of_hollister,74,74,1,City
ebz,74,74,1,NA
laguna_formation,74,7,1,Natural_Feature
lake_county,74,37,1,County
poe,74,37,1,NA
wyt,74,18,1,NA
kunkel,73,36,1,NA
legislature,73,4,1,NA
monterey_peninsula_water_supply_project,73,36,1,Water_Project
santa_clara_river_estuary,73,73,1,NA
sutter,73,15,1,County
wilson_creek,73,36,1,Natural_Feature
beaumont,72,36,1,City
farrar,72,9,1,NA
ghg,72,24,1,NA
lincoln,72,24,1,City
terra_bella,72,18,1,City
water_budget,72,5,1,NA
yucaipa_creek,72,72,1,Natural_Feature
butano,71,71,1,NA
edna_valley,71,71,1,Geographic_Unit
forest_service,71,9,1,Federal_Gov
groundwater_sustainability_commission,71,71,1,Group
mercy_springs,71,71,1,NA
solano_subbasin_groundwater_sustainability_agency,71,71,1,Local_GSA
water_storage_investment_program,71,5,1,NA
cal_water,70,8,1,NA
california_toxics_rule,70,35,1,State_Gov
channelkeeper,70,35,1,NA
conejo,70,35,1,NA
delta_mendota_canal,70,12,1,NA
enterprise_anderson_groundwater_sustainability_agency_model,70,35,1,Technical
kings_county_water_district,70,23,1,District
natural_communities_dataset,70,12,1,Technical
north_bench_management_area,70,70,1,Geographic_Unit
pou,70,23,1,NA
tier_3_dischargers,70,10,1,NA
af_wy,69,69,1,NA
d_technical_advisory_committee,69,23,1,Group
disadvantaged_communities,69,3,1,NA
harwood,69,8,1,NA
jet_propulsion_laboratory,69,4,1,NA
rwm_group_governing_board,69,23,1,Group
santa_cruz_county,69,34,1,County
snmp,69,12,1,NA
wy2015,69,6,1,NA
ag_innovations,68,68,1,NA
camrosa_water_district,68,17,1,District
collaborative,68,68,1,NA
ducor,68,11,1,City
east_contra_costa_irrigation_district,68,68,1,District
el_paso,68,34,1,NA
et,68,3,1,NA
johnson,68,8,1,NA
kaweah_subbasin_aem,68,34,1,NA
langley,68,34,1,NA
national_toxics_rule,68,34,1,NA
piru,68,34,1,City
san_luis_canal,68,23,1,NA
arroyo_seco,67,10,1,NA
bear_valley_basin_groundwater_sustainability_agency,67,67,1,Local_GSA
communication_and_engagement_plan,67,4,1,Technical
eel,67,67,1,NA
groundwater_sustainability_plan_development,67,4,1,NA
gssi,67,34,1,NA
hspf,67,7,1,NA
madera_co_groundwater_sustainability_agency,67,67,1,Other_GSA
ojai,67,34,1,City
pacheco_creek,67,34,1,Natural_Feature
redding,67,8,1,City
soil_moisture_budget,67,34,1,NA
tejon_castac_management_area,67,67,1,Geographic_Unit
af_y,66,22,1,NA
coldwater_management_area,66,66,1,Geographic_Unit
gac,66,22,1,NA
groundwater_flow_model,66,13,1,Technical
hydrological_operations_simulation_system,66,13,1,NA
maf,66,7,1,NA
mill_creek,66,9,1,Natural_Feature
santa_ynez_uplands,66,66,1,NA
solano_integrated_hydrologic_model,66,66,1,Technical
solvang,66,16,1,City
sonoma_valley,66,16,1,Geographic_Unit
sutter_county,66,33,1,County
water_resources,66,9,1,NA
waterford,66,22,1,City
western_upper_principal_aquifer,66,33,1,Natural_Feature
yucaipa,66,66,1,City
adaptive,65,2,1,NA
california_legislature,65,2,1,State_Gov
county_of_fresno,65,7,1,County
joaquin_subbasin,65,32,1,Basin
laguna_seca,65,65,1,NA
management_committee,65,8,1,Group
miller,65,6,1,NA
owens_valley_groundwater_authority_groundwater_sustainability_agency_owens_valley,65,65,1,Local_GSA
salt_creek,65,13,1,Natural_Feature
santa_cruz_mid_county_groundwater_agency_gsa,65,65,1,Local_GSA
sustainable_groundwater_management_act_data_viewer,65,3,1,Technical
turlock_model,65,65,1,Technical
byron_bethany_irrigation_district,64,21,1,District
consumer_confidence_report,64,16,1,Technical
franciscan,64,9,1,NA
gonzales,64,11,1,City
groundwater_communication_portal,64,16,1,NA
kelsey_creek,64,64,1,Natural_Feature
lindsay,64,8,1,City
national_cooperative_soil_survey_geographic_database,64,3,1,Federal_Gov
north_fork_kings,64,9,1,NA
pcbl,64,21,1,NA
santa_rosa_plain,64,21,1,NA
solano_subbasin_groundwater_sustainability_plan,64,64,1,Technical
upper_valley_subbasin,64,32,1,Basin
appendix_g,63,6,1,Reference
facility,63,16,1,NA
fcgma_board,63,63,1,Group
groundwater_sustainability_plan_annual_reports,63,21,1,Technical
metropolitan_water_district,63,13,1,District
moorpark,63,32,1,City
mpep,63,63,1,NA
north_san_benito_basin,63,63,1,Basin
projected,63,8,1,NA
san_francisco_estuary_institute,63,13,1,NA
santa_ana_watershed_project_authority,63,16,1,Group
santa_barbara,63,6,1,County
soledad,63,10,1,City
affiliated_party,62,62,1,NA
appendix_k,62,5,1,Reference
basin_management_objectives,62,8,1,NA
data,62,3,1,Technical
department_of_health_services,62,4,1,NA
dms,62,8,1,NA
dos_palos,62,21,1,City
fresno_river,62,21,1,Natural_Feature
groundwater_assessment_report,62,12,1,Technical
ione_formation,62,6,1,Natural_Feature
mendocino_county,62,62,1,County
morongo_band_of_mission_indians,62,62,1,NA
reclamation_district,62,10,1,District
san_luis_valley,62,62,1,Geographic_Unit
soil_agricultural_groundwater_banking_index,62,9,1,NA
templeton,62,31,1,City
tule_river_authority,62,21,1,Group
turner,62,10,1,NA
van_duzen,62,62,1,NA
alameda,61,20,1,County
buellton,61,20,1,City
calleguas_municipal_water_district,61,10,1,District
central_coast_water_authority,61,12,1,Group
city_of_camarillo,61,20,1,City
city_of_galt,61,15,1,City
eastside,61,20,1,NA
groundwater_sustainability_agency_parties,61,10,1,NA
hamilton_city,61,30,1,City
kern_fan,61,12,1,NA
lsce_team,61,61,1,NA
madera_water_district,61,30,1,District
mas,61,6,1,NA
table_c3,61,12,1,Reference
city_of_fillmore,60,30,1,City
contra_costa_county,60,30,1,County
corning_subbasin_advisory_board,60,60,1,Group
department_of_agriculture,60,4,1,Federal_Gov
faye,60,60,1,NA
laguna,60,8,1,NA
los_alamos,60,30,1,City
madera_irrigation_district_groundwater_sustainability_agency,60,30,2,Local_GSA
marcus_trotta,60,20,1,NA
normalized_difference_vegetation_index,60,12,1,NA
north_coast_regional_water_quality_control_board,60,15,1,Local_Gov
rain_managed_aquifer_recharge,60,12,1,NA
south_fork,60,8,1,NA
unsaturated_zone_flow,60,30,1,NA
water_forum,60,15,1,NA
westlands_water_district_groundwater_sustainability_agency,60,60,1,Local_GSA
wy2070,60,9,1,NA
city_of_lathrop,59,30,1,City
corcoran,59,12,1,City
groundwater_sustainability_agency_committee,59,12,1,Group
lemoore,59,15,1,City
north_yuba,59,30,1,NA
ojai_basin_groundwater_model,59,59,1,Technical
sacramento_central_groundwater_authority,59,30,2,Other_GSA
water_resources_association,59,30,1,Group
wc,59,7,1,NA
bsk,58,19,1,NA
commission,58,5,1,Group
exeter,58,19,1,City
kern_river_formation,58,10,1,Natural_Feature
nuclear_magnetic_resonance,58,58,1,NA
sacramento_groundwater_authority,58,19,2,Other_GSA
sacramento_river,58,7,1,Natural_Feature
santa_barbara_formation,58,12,1,Natural_Feature
scada,58,5,1,NA
searles_valley_minerals,58,58,1,NA
simi_valley,58,29,1,City
technical_support_services,58,3,1,Technical
tulare_county_general_plan,58,8,1,Technical
upper_and_lower_aquifers,58,14,1,Natural_Feature
warm_springs,58,29,1,City
brown,57,3,1,NA
chronic_lowering_of_groundwater_levels,57,11,1,NA
city_of_paso_robles,57,28,1,City
ferndale,57,57,1,City
folsom_south_canal,57,57,1,NA
horizon,57,19,1,NA
lithologic,57,5,1,NA
oak_glen,57,57,1,City
orland,57,19,1,City
ralph_m_brown_act,57,3,1,Legal
santa_margarita_sandstone,57,14,1,NA
water_availability_analysis,57,57,1,NA
agricultural,56,2,1,NA
big_bear_lake_department_of_water_and_power,56,56,1,NA
city_of_turlock,56,56,1,City
coalinga,56,19,1,City
folsom,56,19,1,City
groundwater_commission,56,9,1,Group
metzger,56,28,1,NA
napa_county_data_management_system,56,56,1,Technical
oawd,56,56,1,NA
pliocene,56,3,1,NA
south_san_joaquin_irrigation_district,56,28,1,District
tipton,56,14,1,City
bcm,55,18,1,NA
city_of_sacramento,55,18,1,City
et_al,55,2,1,NA
flood_managed_aquifer_recharge,55,9,1,NA
general_plans,55,3,1,Technical
grapevine_creek,55,28,1,Natural_Feature
groundwater_depended_ecosystems,55,55,1,Natural_Feature
maa,55,55,1,NA
mbk,55,28,1,NA
nate,55,55,1,NA
navd88,55,28,1,NA
san_bernardino,55,6,1,County
san_luis_obispo,55,4,1,County
ch2_m_hill,54,8,1,NA
city_of_tulare,54,54,1,City
henry_miller_water_district,54,27,1,District
modflow_nwt,54,5,1,Technical
niles_cone,54,54,1,NA
pumping_trough_pipeline,54,14,1,NA
san_lorenzo,54,54,1,City
shandon,54,27,1,City
total_maximum_daily_load,54,8,1,NA
trotta,54,18,1,NA
water_resources_investigation,54,18,1,NA
cal_am,53,18,1,NA
california_aqueduct,53,5,1,State_Gov
city_of_visalia,53,18,1,City
dibblee,53,6,1,NA
english_hills,53,53,1,NA
jerry_brown,53,2,1,NA
los_angeles_regional_water_quality_control_board,53,7,1,Group
public_utilities_commission,53,4,1,State_Gov
red_bluff,53,11,1,City
santa,53,5,1,NA
santa_ana_regional_water_quality_control_board,53,13,1,Group
santa_rosa_creek,53,26,1,Natural_Feature
sustainable,53,4,1,NA
water_advisory_committee,53,18,1,Group
community_water_center,52,3,1,NA
el_rio,52,17,1,City
fcma,52,52,1,NA
gcid,52,52,1,NA
shasta_critical,52,17,1,NA
vina_groundwater_sustainability_agency,52,26,2,Local_GSA
williamson_et_al,52,6,1,NA
woodland,52,52,1,City
yolo_bypass,52,26,1,NA
alameda_county,51,26,1,County
basin_prioritization,51,7,1,NA
buellton_upland,51,26,1,NA
butte_valley_wildlife_area,51,51,1,Geographic_Unit
central_valley_project_improvement_act,51,6,1,Legal
city_of_sonoma,51,17,1,City
colusa_county_water_district,51,51,1,District
freshwater_trust,51,26,1,NA
groundwater_advisory_committee,51,51,1,Group
groundwater_sustainability_agency_model,51,51,1,Technical
metropolitan_bakersfield,51,10,1,NA
oakdale,51,51,1,City
oakdale_irrigation_district,51,26,1,District
rio_vista,51,51,1,City
san_luis_obispo_flood_control_and_water_conservation_district,51,26,1,District
seaside_subbasin,51,51,1,Basin
sespe_creek,51,26,1,Natural_Feature
turnbull_weir,51,8,1,Infrastructure
walnut_valley_water_district,51,51,1,District
big_bear_city_community_services_district,50,50,1,District
casitas_municipal_water_district,50,17,1,District
city_of_solvang,50,25,1,City
cma_groundwater_sustainability_agency,50,25,1,Other_GSA
coa,50,17,1,NA
county_board_of_supervisors,50,3,1,Group
eastside_water_district,50,50,1,District
erp,50,50,1,NA
golden_state_water_company,50,10,1,NA
groundwater_management_zone,50,50,1,Geographic_Unit
group_1,50,17,1,NA
loch_lomond,50,25,1,NA
modesto_irrigation_district,50,50,1,District
napa_county_resource_conservation_district,50,50,1,District
paso_robles_groundwater_basin,50,50,1,Basin
plumas_county,50,25,1,County
reedley,50,12,1,City
ridgecrest,50,50,1,City
rmse,50,8,1,NA
san_gorgonio_pass_subbasin,50,50,1,Basin
santa_monica_basin,50,50,1,Basin
santa_paula_creek,50,25,1,Natural_Feature
triangle_t_water_district,50,50,1,District
appendix_f,49,3,1,Reference
corral_de_tierra,49,49,1,NA
eastern_management_area,49,10,1,Geographic_Unit
long_term_water_agreement,49,49,1,Group
menifee,49,49,1,City
monitoring_protocols,49,2,1,Technical
northeast_napa_management_area,49,49,1,Geographic_Unit
petaluma_valley_integrated_hydrologic_model,49,49,1,Technical
san_bernardino_valley_municipal_water_district,49,49,1,District
santa_clara_river_valley,49,7,1,Geographic_Unit
scotia,49,49,1,City
solano_irrigation_district_groundwater_sustainability_agency,49,49,1,Local_GSA
stakeholder_advisory_committee,49,12,1,Group
stockton,49,12,1,City
us_census_bureau,49,4,1,NA
appendix_2ab,48,48,1,Reference
as_for_the_santa_rosa,48,48,1,NA
associates,48,3,1,NA
chair,48,7,1,NA
cienega,48,24,1,NA
nde,48,48,1,NA
nebigsm,48,48,1,NA
niles_cone_subbasin,48,48,1,Basin
okieville,48,48,1,NA
pleasant_valley_pumping_depression_management_area,48,48,1,Geographic_Unit
regional_water_boards,48,4,1,Group
san_timoteo,48,24,1,NA
ukiah_valley_groundwater_basin,48,48,1,Basin
us_environmental_protection_agency_guidance_on_systematic_planning_using_the_data_quality_objectives_process,48,3,1,Technical
c,47,5,1,NA
calimesa,47,47,1,City
campbell,47,24,1,City
casitas_springs,47,47,1,NA
clay,47,8,1,City
cwc,47,8,1,NA
desert_research_institute,47,47,1,NA
etgsa,47,9,1,Other_GSA
gspwg,47,47,1,NA
home_gardens_county_water_district,47,47,1,District
kern_groundwater_authority_groundwater_sustainability_agency,47,12,2,Local_GSA
luhdorff,47,7,1,NA
marysville,47,47,1,City
mehrten,47,8,1,NA
modoc_county,47,12,1,County
napa_state_hospital,47,47,1,NA
north_american_subbasin,47,12,1,Basin
oregon,47,8,1,NA
pismo_formation,47,47,1,Natural_Feature
pleasant_valley_subbasin,47,47,1,Basin
resource_conservation_district_of_monterey_county,47,16,1,County
san_lorenzo_creek,47,24,1,Natural_Feature
san_timoteo_management_area,47,47,1,Geographic_Unit
study_unit,47,47,1,NA
west_stanislaus_irrigation_district,47,47,1,District
willows,47,16,1,City
alameda_creek,46,46,1,Natural_Feature
delta_mendota_subbasin_coordination_committee,46,8,1,Group
east_niles_community_services_district,46,23,1,District
groundwater_sustainability_plan_submittal,46,3,1,NA
mab,46,46,1,NA
placer_county,46,46,1,County
quality_assurance,46,8,1,NA
rillito_creek,46,46,1,Natural_Feature
riverbank,46,9,1,City
san_diego_county,46,15,1,County
santa_rosa_plain_hydrologic_model,46,46,1,Technical
wash,46,15,1,NA
west_san_jacinto,46,46,1,NA
white_wolf,46,8,1,NA
appendix_b,45,2,1,Reference
camarillo_hills,45,15,1,NA
chico_formation,45,22,1,Natural_Feature
del_puerto_water_district,45,15,1,District
governing_board,45,15,1,Group
hickman,45,22,1,City
lassen_county,45,45,1,County
mcdmgsa,45,45,1,Other_GSA
pixley_irrigation_district,45,15,1,District
robin_huffman,45,11,1,NA
salinas_valley_basin_groundwater_sustainability_agency_board,45,22,1,Group
san_gorgonio_pass_water_agency,45,22,1,Group
subbasin_committee,45,15,1,Group
sutter_subbasin_groundwater_management_coordination_committee,45,45,1,Group
university_of_california_davis,45,3,1,State_Gov
city_of_marina,44,15,1,City
city_of_san_diego,44,44,1,City
contra_costa_water_district,44,22,1,District
county_of_santa_barbara,44,11,1,County
dorris,44,44,1,City
el_toro_primary_aquifer_system,44,44,1,Natural_Feature
fugro,44,6,1,NA
indian_wells_valley_water_district,44,44,1,District
meiners_oaks_water_district,44,44,1,District
multi_agency,44,11,1,Group
todd,44,4,1,NA
tri_valley,44,44,1,Geographic_Unit
ukiah_valley_basin,44,44,1,Basin
university_of_california,44,2,1,State_Gov
vina,44,6,1,City
westside_subbasin_groundwater_model,44,44,1,Technical
wwtf,44,11,1,NA
aerial_electromagnetic_method,43,22,1,NA
aoi,43,7,1,NA
gei_consultants,43,3,1,NA
gpc,43,22,1,NA
grassland_resource_conservation_district,43,43,1,District
honcut_creek,43,43,1,Natural_Feature
human_right_to_water,43,5,1,NA
los,43,5,1,NA
monterey_peninsula_water_resources_system,43,43,1,NA
north_san_benito,43,43,1,NA
northern_delta_groundwater_sustainability_agency,43,22,1,Other_GSA
prms,43,22,1,NA
program,43,5,1,NA
purisima,43,43,1,NA
agricultural_association,42,7,1,Group
agricultural_water_management_plan,42,4,1,Technical
calleguas_mwd,42,42,1,NA
columbia_canal_company,42,7,1,NA
groundwater,42,3,1,NA
groundwater_quality_trend_monitoring_workplan,42,10,1,Technical
hsu,42,8,1,NA
lathrop,42,14,1,City
mga_board,42,42,1,Group
modesto_formation,42,4,1,Natural_Feature
mukae,42,10,1,NA
permanent_board,42,7,1,Group
putah,42,21,1,NA
rd,42,21,1,NA
relative_percent_difference,42,10,1,NA
santa_felicia_dam,42,8,1,Infrastructure
sc,42,8,1,NA
setting_representative_monitoring_site,42,7,1,Technical
stockton_east_water_district,42,42,1,District
tcc,42,21,1,NA
technical_group,42,42,1,Group
thousand_acre_feet,42,42,1,NA
tule_subbasin_water_management_database,42,7,1,Technical
us_census,42,5,1,NA
uwmps,42,4,1,NA
active_model_area,41,41,1,Geographic_Unit
alpaugh,41,20,1,City
american_community_survey,41,3,1,NA
bz,41,41,1,NA
cachuma_project,41,10,1,Water_Project
ceres,41,14,1,City
city_of_banning,41,41,1,City
city_of_fresno,41,10,1,City
continuing_calibration_verification,41,41,1,NA
delano,41,6,1,City
el_nido,41,20,1,City
fox,41,10,1,NA
groundwater_base_pumping_allocation_program,41,20,1,NA
groundwater_sustainability_agency_representatives,41,5,1,NA
groundwater_sustainability_committee,41,41,1,Group
groundwater_sustainability_plan_group_representatives,41,7,1,NA
hanford,41,20,1,City
madera_water_district_groundwater_sustainability_agency,41,20,2,Local_GSA
n_a,41,3,1,NA
north_san_joaquin_water_conservation_district,41,41,1,District
project_team,41,14,1,NA
quaternary_alluvium,41,7,1,Natural_Feature
scott,41,10,1,NA
temescal_valley_water_district,41,41,1,District
turner_island_water_district,41,20,1,District
urban_water_management_plans,41,3,1,Technical
uwmp,41,6,1,NA
water_years,41,10,1,NA
affiliated_parties,40,40,1,NA
cag,40,13,1,NA
city_of_scotts_valley,40,20,1,City
colusa_drain,40,40,1,NA
customs_and_border_protection,40,13,1,Federal_Gov
diablo_water_district,40,40,1,District
ford,40,4,1,NA
general_manager,40,6,1,NA
gma,40,40,1,NA
group_2,40,8,1,NA
jacobs,40,8,1,NA
luhdorff_scalmanini,40,3,1,NA
ms_as_shown_in_table,40,40,1,Reference
no3,40,4,1,NA
perris,40,40,1,City
public_works,40,10,1,NA
sldmwa,40,13,1,NA
solano_resource_conservation_district,40,40,1,District
spv_groundwater_sustainability_plan,40,40,1,Technical
toro_canyon_storage_unit,40,40,1,NA
tres_pinos,40,40,1,City
tule_subbasin_coordination_agreement,40,10,1,Group
water_boards,40,5,1,Group
abby_ostovar,39,39,1,NA
adin,39,39,1,City
agricultural_ma,39,39,1,NA
bvihm,39,20,1,NA
casmalia,39,39,1,City
cenozoic,39,6,1,NA
city_of_petaluma,39,39,1,City
ecos,39,20,1,NA
elk_grove,39,20,1,City
felton,39,39,1,City
fortuna,39,39,1,City
helley,39,6,1,NA
igsm,39,13,1,NA
kh,39,20,1,NA
king_city,39,6,1,City
morales_formation,39,39,1,Natural_Feature
pala_subbasin,39,39,1,Basin
sam_magill,39,13,1,NA
santa_clarita_valley,39,39,1,Geographic_Unit
trc,39,20,1,NA
wyandotte_creek,39,13,1,Natural_Feature
yucaipa_hills,39,39,1,NA
agency_board,38,13,1,Group
bachman,38,13,1,NA
ballona,38,38,1,NA
clovis,38,8,1,City
creston,38,19,1,City
direct_potable_reuse,38,13,1,NA
ekgsa,38,19,1,Other_GSA
fernbridge,38,38,1,NA
groundwater_dependent_ecosystems,38,2,1,Natural_Feature
groundwater_sustainability_plan_plan,38,6,1,Technical
groundwater_sustainability_plan_working_group,38,8,1,Group
kingsburg,38,10,1,City
lebec_county_water_district,38,38,1,District
nsac,38,38,1,NA
order_and_monitoring_and_reporting_program,38,6,1,Technical
pajaro_valley_water_management_agency,38,10,1,Group
physical_solution,38,38,1,NA
residuum,38,38,1,NA
riverbank_formation,38,3,1,Natural_Feature
santa_ynez_mountains,38,10,1,NA
sustainable_groundwater_management_act_regulations,38,4,1,Legal
technical_advisory_group,38,5,1,Group
vic,38,4,1,NA
younger_alluvium,38,6,1,Natural_Feature
adobe_creek,37,18,1,Natural_Feature
alternate,37,3,1,NA
arroyo_seco_cone,37,18,1,NA
cabazon_storage_unit,37,37,1,NA
city_of_calimesa,37,37,1,City
coalitions,37,5,1,NA
colusa_subbasin_groundwater_sustainability_plan,37,37,1,Technical
cuyama_community_services_district,37,37,1,District
expert_panel,37,7,1,NA
lodi,37,37,1,City
monitoring,37,2,1,Technical
monterey_county_health_department,37,6,1,Group
nitrate_control_program,37,7,1,NA
north_yuba_subbasin,37,18,1,Basin
p_corp,37,5,1,NA
point_of_contact,37,37,1,Legal
san_pasqual_valley,37,37,1,Geographic_Unit
sustainability,37,3,1,NA
sws,37,7,1,NA
triangle_t_water_district_groundwater_sustainability_agency,37,37,1,Local_GSA
alliance,36,36,1,NA
benton,36,36,1,City
big_springs_creek,36,36,1,Natural_Feature
bill,36,2,1,NA
city_of_bakersfield,36,12,1,City
colusa_groundwater_authority,36,36,1,Group
cooperative_committee,36,36,1,Group
d,36,5,1,NA
elsinore_valley_subbasin,36,18,1,Basin
hemet_san_jacinto,36,36,1,NA
hicham_eltal,36,36,1,NA
larry_walker_associates,36,4,1,NA
mound,36,7,1,NA
nrcan,36,5,1,NA
oettle_bridge,36,6,1,NA
piru_basins_groundwater_sustainability_agency,36,18,1,Other_GSA
port_hueneme_water_agency,36,18,1,Group
redlands,36,36,1,City
rfp,36,4,1,NA
rosalyn,36,36,1,NA
solano_county_water_agency,36,18,1,Group
stream_maintenance_program,36,9,1,NA
subbasin_data_management_system_development,36,12,1,Technical
sustainable_groundwater_management,36,2,1,NA
afy,35,4,1,NA
annual_flow,35,35,1,NA
aqua_geo_frameworks,35,12,1,NA
atascadero_mutual_water_company,35,35,1,NA
boron,35,3,1,City
california_water_service,35,4,1,State_Gov
chowchilla_water_district_groundwater_sustainability_agency,35,35,1,Local_GSA
city_of_stockton,35,4,1,City
farm_plan,35,5,1,Technical
groundwater_extraction_credit_marketing_and_trading_program,35,18,1,NA
ladwp,35,18,1,NA
lr,35,6,1,NA
mokelumne,35,12,1,NA
monica_subbasin,35,35,1,Basin
napa_county_flood_control_and_water_conservation_district,35,35,1,District
natural_resource_conservation_service,35,7,1,NA
natural_resources_agency,35,2,1,State_Gov
nc_dataset,35,9,1,Technical
pest,35,6,1,NA
pts_min,35,6,1,NA
san_benito,35,18,1,County
section,35,4,1,Reference
shallow_alluvium,35,35,1,Natural_Feature
subtask,35,35,1,NA
tejon_mountain_village,35,35,1,NA
tracy_subbasin_groundwater_sustainability_plan,35,35,1,Technical
ug,35,35,1,NA
water_quality_control_plans,35,12,1,Technical
water_reclamation_plant,35,18,1,NA
yuba,35,9,1,County
cantua_creek,34,34,1,City
central_valley_water_board,34,6,1,Group
city_of_arvin,34,34,1,City
city_of_los_angeles,34,7,1,City
city_of_red_bluff,34,17,1,City
city_of_thousand_oaks,34,8,1,City
climate_change,34,4,1,NA
district_board_of_directors,34,4,1,Group
east_grove,34,17,1,NA
eastside_bypass,34,11,1,NA
first_point,34,17,1,NA
group,34,3,1,Group
hollister_ma,34,34,1,NA
hopkins,34,4,1,NA
indian_wells_valley_groundwater_authority_groundwater_sustainability_agency,34,34,1,Local_GSA
kings_rivers,34,7,1,Natural_Feature
loyalton,34,34,1,City
management_team_committee,34,34,1,Group
monterey_subbasin_groundwater_sustainability_plan,34,34,1,Technical
ojai_conglomerate,34,34,1,NA
rmw_wl,34,17,1,NA
simi_valley_water_quality_control_plant,34,34,1,NA
south_yuba_subbasins,34,17,1,Basin
strathmore,34,8,1,City
streamflow,34,2,1,NA
surface_water_priority,34,7,1,NA
tcca,34,17,1,NA
terrace_deposits,34,11,1,NA
tribe,34,4,1,NA
upper_san_luis_rey_groundwater_model,34,34,1,Technical
wy2012,34,3,1,NA
alternate_representative,33,6,1,NA
bedford_management_area,33,33,1,Geographic_Unit
delhi,33,33,1,City
east_las_posas,33,33,1,NA
facebook,33,3,1,NA
freeman_diversion,33,7,1,NA
fremont,33,3,1,City
gei,33,4,1,NA
ghd,33,16,1,NA
groundwater_sustainability_plan_alternative,33,33,1,NA
grunsky,33,11,1,NA
humboldt_county_resource_conservation_district,33,33,1,District
lassen,33,33,1,County
manteca,33,16,1,City
maples_management_area,33,33,1,Geographic_Unit
napa_county_board_of_supervisors,33,33,1,Group
napa_sanitation_district,33,33,1,District
new_cuyama,33,33,1,City
north_fork_matilija_creek,33,33,1,Natural_Feature
projects_and_climate_change,33,33,1,NA
san_francisco,33,5,1,County
san_pasqual,33,16,1,City
south_sutter_water_district,33,33,1,District
southeast_management_area,33,16,1,Geographic_Unit
suisun,33,16,1,NA
sustainability_goal,33,5,1,NA
water_commission,33,2,1,State_Gov
water_evaluation_and_planning,33,16,1,NA
water_quality_control_plan,33,2,1,Technical
wheeler_ridge_maricopa_management_area,33,33,1,Geographic_Unit
ag_fields,32,32,1,NA
chico,32,5,1,City
city_of_brentwood,32,32,1,City
clarksburg,32,32,1,City
comprehensive_groundwater_quality_management_plan,32,8,1,Technical
continuously_operating_reference_stations,32,11,1,NA
department_of_defense,32,11,1,Federal_Gov
fao,32,11,1,NA
gs,32,11,1,NA
gwl,32,8,1,NA
hughson,32,16,1,City
indirect_potable_reuse,32,16,1,NA
kj,32,16,1,NA
lamont_public_utilities_district,32,32,1,District
national_park_service,32,11,1,Federal_Gov
planned_projects,32,11,1,Water_Project
reduction_without_projects_scenario_1,32,11,1,NA
sacramento_valley_groundwater_basin,32,3,1,Basin
safe_drinking_water_information_system,32,6,1,Federal_Gov
santa_rosa_plain_subbasin,32,16,1,Basin
sebastopol,32,16,1,City
simi,32,32,1,NA
stream_system,32,32,1,NA
tcwa_groundwater_sustainability_agency,32,16,1,Other_GSA
tem,32,16,1,NA
thomasson,32,11,1,NA
upper_san_pedro_saugus_formation,32,32,1,Natural_Feature
water_district,32,32,1,District
water_quality_goals,32,11,1,NA
water_resources_agency,32,5,1,Group
williams,32,8,1,City
wilson_grove_formation,32,16,1,Natural_Feature
aewsd,31,16,1,NA
appendix_d,31,3,1,Reference
butte_water_district,31,31,1,District
chapter,31,4,1,NA
city_of_ridgecrest,31,31,1,City
conn_creek,31,31,1,Natural_Feature
coordination_agreement,31,5,1,Group
elder_creek,31,16,1,Natural_Feature
foster_park_protocols,31,31,1,NA
gebco,31,10,1,NA
groundwater_sustainability_agency_collaborative,31,31,1,NA
hanson,31,3,1,NA
hodges_reservoir,31,31,1,Infrastructure
hwg,31,31,1,NA
indio_subbasin,31,31,1,Basin
kenneth_d_schmidt,31,3,1,NA
kern_tulare_water_district,31,16,1,District
macdoel,31,31,1,City
mather,31,10,1,City
mc_groundwater_sustainability_agency,31,31,1,Other_GSA
merced_river,31,6,1,Natural_Feature
modesto_model,31,31,1,Technical
montezuma_hills,31,31,1,NA
oxnard_forebay,31,6,1,NA
placer,31,10,1,County
rdr,31,31,1,NA
safca,31,31,1,NA
sierra,31,3,1,County
state_legislature,31,2,1,State_Gov
study_units,31,31,1,NA
town,31,10,1,NA
woodlake,31,10,1,City
agencies,30,5,1,Group
arsenic,30,4,1,NA
basin_plan,30,2,1,Technical
bell,30,3,1,City
caldwell,30,2,1,NA
city_of_los_banos,30,15,1,City
city_of_madera_groundwater_sustainability_agency,30,30,1,Local_GSA
city_of_san_joaquin,30,30,1,City
city_of_st_helena,30,30,1,City
clear_creek_community_services_district,30,15,1,District
county_of_santa_cruz,30,15,1,County
cuyama,30,15,1,City
deep_aquifers,30,10,1,Natural_Feature
ebp,30,30,1,NA
environmental_science_associates,30,10,1,NA
esjgwa_board,30,30,1,Group
framework,30,10,1,NA
huron,30,8,1,City
i5,30,8,1,NA
ign,30,10,1,NA
middle_fork,30,6,1,NA
monterey_county_department_of_environmental_health,30,6,1,NA
nawqa_program,30,30,1,NA
oakley,30,30,1,City
rural_communities_committee,30,30,1,Group
san_benito_county_water_district_groundwater_sustainability_agency,30,30,1,Local_GSA
san_bernardino_county,30,10,1,County
san_leandro_creek,30,30,1,Natural_Feature
sonoma_county_transportation_authority,30,10,1,Group
str,30,5,1,NA
surface_water_distribution_model,30,6,1,Technical
svom,30,30,1,NA
this_management_action,30,5,1,NA
thomes_creek_water_district,30,15,1,District
tulelake_irrigation_district,30,30,1,District
university_of_california_cooperative_extension,30,2,1,State_Gov
uses,30,2,1,NA
ventura_river,30,30,1,Natural_Feature
water_bank,30,15,1,NA
well,30,2,1,NA
whittaker_bermite,30,30,1,NA
woods_central_diversion,30,5,1,NA
workgroup,30,15,1,Group
adjustment_factors_year,29,7,1,NA
bieber,29,29,1,City
bzme,29,29,1,NA
city_of_mendota,29,10,1,City
city_of_ukiah,29,29,1,City
communications_working_group,29,6,1,Group
corral_de_tierra_management_area,29,29,1,Geographic_Unit
cotati,29,29,1,City
county_of_merced,29,7,1,County
county_of_napa,29,29,1,County
environmental_management_department,29,14,1,Group
glenn_groundwater_authority_groundwater_sustainability_agency,29,29,1,Local_GSA
hicham,29,29,1,NA
initial_hydrogeologic_conceptual_model,29,29,1,Technical
interested_parties_database,29,7,1,Technical
kelseyville,29,29,1,City
llfz,29,29,1,NA
local_government_commission,29,29,1,Group
lompoc_regional_wastewater_reclamation_plant,29,29,1,NA
madera_subbasins,29,10,1,Basin
modesto_subbasin_groundwater_sustainability_plan,29,29,1,Technical
montecito,29,29,1,City
newhall_land_and_farming,29,29,1,NA
olympia,29,29,1,NA
ood,29,29,1,NA
pismo_creek,29,29,1,Natural_Feature
project_and_management_action,29,7,1,NA
sacramento_valley_water_quality_coalition,29,5,1,NA
san_gorgonio_pass_watershed_model,29,29,1,Technical
san_joaquin_formation,29,4,1,Natural_Feature
soda_creek,29,29,1,Natural_Feature
sonoma_county_water_agency,29,6,1,Group
stetson,29,6,1,NA
sunshine_ranch,29,29,1,NA
water_resources_manager,29,10,1,NA
wwd,29,29,1,NA
zayante_creek,29,29,1,Natural_Feature
a_makes_the_same_assumptions_and_has_the_same_organizational_structure_as_the_projected_water_budget_in_the_greater_forebay,28,28,1,NA
amador_county,28,28,1,County
area_under_future,28,28,1,NA
bolsa_ma,28,28,1,NA
california_geological_survey,28,3,1,State_Gov
central_sacramento_county_groundwater_forum,28,28,1,NA
city_of_antioch,28,14,1,City
city_of_hayward,28,28,1,City
city_of_vacaville_groundwater_sustainability_agency,28,28,1,Local_GSA
cloverdale_creek,28,28,1,Natural_Feature
colusa_groundwater_authority_groundwater_sustainability_agency_colusa,28,28,1,Local_GSA
connected_linear_network,28,14,1,NA
delta_mendota_subbasin_technical_working_group,28,6,1,Group
devecchio_et_al,28,14,1,NA
dunnigan_hills,28,14,1,NA
east_porterville,28,14,1,City
el_rico_groundwater_sustainability_agency,28,14,2,Local_GSA
las_posas_valley_basin,28,14,1,Basin
leapfrog,28,9,1,NA
linear_fit,28,5,1,NA
los_angeles_county_department_of_public_works,28,14,1,NA
lower_pressure,28,28,1,NA
nevada,28,4,1,County
orange_county_water_district,28,28,1,District
paso_robles_formation_and_careaga_sand,28,14,1,Natural_Feature
pauma_subbasin,28,28,1,Basin
piru_basin,28,14,1,Basin
provost_pritchard_consulting_group,28,3,1,Group
rancho_guejito,28,28,1,NA
rec,28,5,1,NA
regional_offices,28,7,1,NA
riverstone,28,28,1,NA
sac,28,28,1,NA
salinas_valley_aquitard,28,6,1,NA
san_jerardo_cooperative,28,28,1,NA
smgwa_board,28,28,1,Group
tac,28,14,1,NA
tehama_county_subbasins,28,7,1,Basin
this_best_management_practice,28,2,1,NA
tuff,28,28,1,NA
valley_springs_formation,28,4,1,Natural_Feature
well_completion_reports,28,3,1,Technical
west_fork,28,28,1,NA
acre_foot,27,27,1,NA
antioch,27,27,1,City
appendix_6b,27,14,1,Reference
arvin,27,27,1,City
bound_party,27,27,1,NA
burton_mesa,27,14,1,NA
cabazon,27,27,1,City
california_native_american,27,2,1,State_Gov
castroville,27,5,1,City
central_san_joaquin_water_conservation_district,27,27,1,District
city_of_calistoga,27,27,1,City
city_of_corona,27,14,1,City
county_of_merced_groundwater_sustainability_agency_delta_mendota,27,14,1,Local_GSA
daniel_b_stephens_associates,27,4,1,NA
farmersville,27,27,1,City
firebaugh,27,9,1,City
garrett,27,27,1,NA
gmp,27,7,1,NA
gutierrez,27,27,1,NA
gw_sw,27,4,1,NA
hernandez,27,27,1,NA
hydrometrics,27,9,1,NA
ipr,27,27,1,NA
isherwood,27,9,1,NA
itrc,27,3,1,NA
ivanhoe,27,27,1,City
laguna_creek,27,9,1,Natural_Feature
lakeside_irrigation_water_district,27,27,1,District
lamont,27,14,1,City
mtbe,27,9,1,NA
niles_cone_subbasins,27,27,1,Basin
pillsbury,27,9,1,NA
plate_boundary_observatory,27,2,1,NA
purisima_a,27,27,1,NA
roseville,27,27,1,City
sacramento_rivers,27,9,1,Natural_Feature
san,27,4,1,NA
san_joaquin_rivers,27,7,1,Natural_Feature
san_pablo,27,27,1,City
shasta_non_critical,27,27,1,NA
sscwd,27,27,1,NA
stantec,27,4,1,NA
thomes,27,5,1,NA
towill,27,14,1,NA
tri_valley_management_area,27,27,1,Geographic_Unit
tu,27,27,1,NA
ug_l_nd,27,27,1,NA
urban_zone,27,5,1,Geographic_Unit
ventura_county_watershed,27,5,1,NA
water_quality,27,3,1,NA
westlands_groundwater_sustainability_agency,27,14,1,Other_GSA
yreka,27,27,1,City
agr,26,9,1,NA
beneficial_uses_and_users_of_groundwater,26,3,1,NA
california_department_of_transportation,26,2,1,State_Gov
city_of_san_juan_bautista,26,26,1,City
clay_cap,26,9,1,NA
coordination_group,26,6,1,Group
county_of_san_luis_obispo,26,9,1,County
deid,26,13,1,NA
east_oxnard_plain_management_area,26,26,1,Geographic_Unit
ewrims,26,4,1,NA
executive_group,26,26,1,Group
gsa_core_team,26,26,1,NA
ione,26,4,1,City
keith_helmuth,26,26,1,NA
los_angeles_basin,26,9,1,Basin
mira_monte,26,26,1,City
modoc,26,26,1,County
national_pollutant_discharge_elimination_system,26,3,1,Federal_Gov
natomas_cross_canal,26,26,1,NA
pioneer_project,26,13,1,Water_Project
piru_fillmore,26,13,1,NA
pomo_indians,26,26,1,NA
poso_creek,26,5,1,Natural_Feature
recharge_package,26,6,1,NA
red_bluff_subbasins,26,6,1,Basin
reduction_of_groundwater_storage,26,6,1,NA
rio_dell,26,26,1,City
san_luis_obispo_county_flood_control_and_water_conservation_district,26,13,1,District
sandra_carlson,26,26,1,NA
scott_and_shasta_watermaster_district,26,26,1,District
soma,26,5,1,NA
south_east_bay_plain,26,26,1,NA
sutter_subbasin_groundwater_sustainability_plan,26,26,1,Technical
swp,26,9,1,NA
tehama_county_flood_control_and_water_conservation_district_board_of_directors,26,5,1,Group
tejon_ranch_company,26,26,1,NA
town_of_yountville,26,26,1,NA
watersheds_coalition,26,4,1,NA
wheeler,26,26,1,NA
white_wolf_groundwater_flow_model,26,26,1,Technical
wq,26,4,1,NA
yuba_city,26,6,1,City
a_technical_advisory_committee,25,2,1,Group
albany,25,25,1,City
andrew_garcia,25,5,1,NA
appendix_j,25,4,1,Reference
atwater,25,6,1,City
boards_of_directors,25,2,1,NA
cabazon_storage_units,25,25,1,NA
climate_change_technical_advisory_group,25,2,1,Group
cordua_irrigation_district,25,25,1,District
core_group,25,25,1,Group
county_of_san_diego,25,12,1,County
county_water_agency,25,8,1,Group
csd,25,8,1,NA
culver_city,25,25,1,City
del_valle,25,12,1,NA
denair,25,25,1,City
emeryville,25,25,1,City
exchange_contractors,25,25,1,NA
franciscan_complex,25,4,1,NA
groundwater_dependent_ecosystem_evaluation_unit,25,25,1,NA
group_contact,25,5,1,Legal
gwts,25,25,1,NA
hopper_creek,25,12,1,Natural_Feature
insects,25,25,1,NA
inyo,25,8,1,County
kettleman_hills,25,12,1,NA
kings_counties,25,6,1,NA
lebec,25,25,1,City
livingston,25,8,1,City
madera_city_council,25,25,1,Group
marsh_creek,25,25,1,Natural_Feature
meti,25,4,1,NA
millerton,25,12,1,City
monterey_subbasin_model,25,25,1,Technical
mount_hebron,25,25,1,City
mw16,25,25,1,NA
naval_air_station_lemoore,25,25,1,NA
non_delta_management_area,25,25,1,Geographic_Unit
oak_ridge,25,5,1,NA
online_system_for_well_completion_reports,25,6,1,Technical
petaluma,25,12,1,City
public_outreach_and_engagement_plan,25,12,1,Technical
revolon_slough,25,25,1,Natural_Feature
santa_barbara_canyon_fault,25,25,1,NA
santa_ynez_river_valley_groundwater_basin,25,12,1,Basin
santa_ysabel_creek,25,25,1,Natural_Feature
solano_groundwater_sustainability_agency,25,12,1,Other_GSA
statewide_groundwater_elevation_monitoring_program,25,3,1,Technical
steering_committee,25,6,1,Group
sutter_extension_water_district,25,25,1,District
trading_program,25,12,1,NA
tvgmd,25,25,1,NA
upper_and_lower,25,8,1,NA
upper_and_lower_aquifer,25,4,1,Natural_Feature
upper_temescal_valley,25,12,1,Geographic_Unit
upper_ventura_river_groundwater_basin,25,25,1,Basin
water_authority,25,12,1,Group
advisory_panel,24,24,1,NA
agricultural_representation,24,5,1,NA
agricultural_water_management_plans,24,3,1,Technical
ahtna,24,24,1,NA
applied,24,3,1,NA
aquifer_production_has_been_relatively_steady_over_the_four_decades_presented_in_figure,24,24,1,Reference
attachment_a,24,3,1,NA
blake_et_al,24,6,1,NA
board_and_advisory_committee,24,4,1,Group
cachuma_reservoir,24,12,1,Infrastructure
cachuma_resource_conservation_district,24,8,1,District
calistoga,24,24,1,City
central_delta,24,4,1,NA
china_lake,24,24,1,Natural_Feature
city_of_dixon,24,24,1,City
county_of_kern,24,4,1,County
dakota,24,8,1,NA
dinuba,24,24,1,City
each_groundwater_sustainability_agency_party,24,4,1,NA
east_side,24,24,1,NA
enterprise_anderson_groundwater_sustainability_agency_board,24,12,1,Group
foster_park_aquatic_habitat_area,24,24,1,Geographic_Unit
galt,24,24,1,City
galt_irrigation_district_groundwater_sustainability_agency,24,24,1,Local_GSA
ghb,24,6,1,NA
great_program,24,24,1,NA
gsa_board,24,8,1,Group
gspd,24,24,1,NA
guejito,24,24,1,NA
hollister_west,24,24,1,NA
huichica_formation,24,24,1,Natural_Feature
inc,24,2,1,NA
indian_wells_valley_groundwater_authority_board,24,24,1,Group
interconnected_surface_water_sustainable_management_criteria,24,8,1,NA
kern_county_subbasin_groundwater,24,8,1,NA
lacsd,24,24,1,NA
larsen,24,12,1,NA
mendota_water_authority,24,5,1,Group
metropolitan,24,8,1,NA
mount_hermon_association,24,24,1,Group
native_american_heritage_commission,24,2,1,State_Gov
noi,24,3,1,NA
oakville,24,24,1,City
packwood_creek,24,24,1,Natural_Feature
permit_sonoma,24,8,1,NA
pleasant_valley_county_water_district,24,12,1,District
public_agency,24,8,1,Group
reservoir_operations_advisory_committee,24,8,1,Group
san_juan_bautista,24,24,1,City
san_luis,24,4,1,NA
san_luis_delta,24,5,1,NA
san_pasqual_basin,24,24,1,Basin
smcl,24,5,1,NA
south_american_subbasin,24,8,1,Basin
surface_water_advisory_group,24,24,1,Group
ust,24,4,1,NA
van_duzen_river,24,24,1,Natural_Feature
well_completion_report,24,6,1,Technical
western_heights_management_area,24,24,1,Geographic_Unit
woodville,24,12,1,City
wra,24,4,1,NA
wy1922,24,6,1,NA
aerojet,23,8,1,NA
agricultural_order,23,3,1,NA
alameda_formation,23,23,1,Natural_Feature
arvin_edison,23,23,1,NA
boards,23,6,1,Group
boulder_creek,23,23,1,City
boyle,23,8,1,NA
byron,23,23,1,City
calaveras_county,23,23,1,County
california_government_code,23,3,1,State_Gov
casitas,23,12,1,NA
chris_lee,23,23,1,NA
city_of_redlands,23,23,1,City
city_of_yucaipa,23,23,1,City
coastal_branch,23,8,1,NA
corning_subbasins,23,5,1,Basin
corning_water_district,23,23,1,District
drinking_water_source_assessment_and_protection_program,23,3,1,NA
elsinore_valley_municipal_water_district,23,12,1,District
esri_china,23,4,1,NA
esri_japan,23,4,1,NA
fpbgsa_board_of_directors,23,12,1,Group
gilroy_hollister_basin,23,23,1,Basin
glenn_counties,23,8,1,NA
implementation_of_potential_projects,23,8,1,Water_Project
kadaster_nl,23,8,1,NA
kennedy,23,5,1,City
kern_river_groundwater_sustainability_agency_plan_managers,23,23,1,NA
kit_novick,23,23,1,NA
llagas_subbasin,23,23,1,Basin
loleta,23,23,1,City
los_banos_creek,23,12,1,Natural_Feature
luhdorff_scalmanini_consulting_engineers,23,3,1,NA
martin,23,5,1,NA
mcmullin_groundwater_sustainability_agency,23,3,1,Other_GSA
monitoring_networks_and_identification_of_data_gaps,23,2,1,Technical
moorpark_anticline,23,23,1,NA
oxnard_subbasin_groundwater_sustainability_plan,23,12,1,Technical
pacheco,23,23,1,City
pasatiempo,23,23,1,City
plainview,23,23,1,City
reclamation,23,8,1,NA
reclamation_district_no_2111_groundwater_sustainability_agency,23,23,1,Local_GSA
reclamation_district_no_317_groundwater_sustainability_agency,23,23,1,Local_GSA
reclamation_district_no_349_groundwater_sustainability_agency,23,23,1,Local_GSA
reclamation_district_no_3_groundwater_sustainability_agency,23,23,1,Local_GSA
reclamation_district_no_501_groundwater_sustainability_agency_northern_delta_groundwater_sustainability_agency,23,23,1,Local_GSA
reclamation_district_no_554_groundwater_sustainability_agency,23,23,1,Local_GSA
reclamation_district_no_556_groundwater_sustainability_agency,23,23,1,Local_GSA
sacramento_county_groundwater_sustainability_agency_solano,23,23,1,Local_GSA
salt_river,23,23,1,Natural_Feature
shasta_valley_resource_conservation_district,23,23,1,District
singleton,23,23,1,NA
southern_ma,23,23,1,NA
spv_gsa,23,23,1,Other_GSA
standards_and_guiding_principles,23,8,1,NA
syemahm,23,23,1,NA
tcwd_groundwater_sustainability_agency,23,23,1,Other_GSA
tier_1,23,12,1,NA
tule,23,6,1,NA
watsonville,23,12,1,City
wildcat_group,23,23,1,Group
wmw,23,12,1,NA
yolo_subbasin_groundwater_sustainability_plan,23,12,1,Technical
zamora,23,23,1,NA
administration_office,22,22,1,NA
amador,22,11,1,County
amador_county_groundwater_management_authority_groundwater_sustainability_agency,22,22,1,Local_GSA
antelope,22,6,1,City
basin_optimization_scenarios,22,22,1,NA
basin_setting_report,22,11,1,Technical
california_american_water,22,7,1,State_Gov
camarillo_sanitary_district,22,22,1,District
city_of_corning,22,22,1,City
city_of_galt_groundwater_sustainability_agency,22,22,1,Local_GSA
city_of_san_buenaventura,22,7,1,City
city_of_san_luis_obispo,22,7,1,City
clay_water_district_groundwater_sustainability_agency,22,22,1,Local_GSA
cuddy_creek,22,22,1,Natural_Feature
del_valle_groundwater_dependent_ecosystem_unit,22,11,1,NA
et0,22,6,1,NA
farm_bureau,22,7,1,NA
fivepoint,22,22,1,NA
fowler,22,11,1,City
fresno_county_environmental_health_division,22,7,1,NA
gilroy_hollister,22,22,1,NA
graymer,22,22,1,NA
groundwater_conditions,22,2,1,NA
groundwater_sustainability_plan_implementation,22,4,1,NA
groundwater_vistas,22,3,1,NA
hollister_urban_area,22,22,1,Geographic_Unit
holocene,22,4,1,NA
kaweah_basin_water_quality_association,22,22,1,Group
kerman,22,11,1,City
klamath,22,11,1,City
lsid,22,22,1,NA
maine_prairie_water_district,22,22,1,District
marina_coast_water_district_groundwater_sustainability_agency,22,22,1,Other_GSA
mono_county,22,11,1,County
monterey_subbasins,22,11,1,Basin
mrdl,22,11,1,NA
national_recommended_water_quality_criteria,22,11,1,NA
ndvi,22,6,1,NA
north_management_area,22,22,1,Geographic_Unit
north_yolo,22,11,1,NA
omochumne_hartnell_water_district_groundwater_sustainability_agency_cosumnes,22,22,1,Local_GSA
public_health_goal,22,11,1,NA
riverside_county_flood_control_and_water_conservation_district,22,7,1,District
sacramento_county_groundwater_sustainability_agency_cosumnes,22,22,1,Local_GSA
salinas_valley_groundwater_basin,22,11,1,Basin
san_joaquin_river_exchange_contractors_groundwater_sustainability_plan,22,22,1,Technical
santa_maria_creek,22,22,1,Natural_Feature
santa_rita_upland,22,22,1,NA
sloughhouse_resource_conservation_district_groundwater_sustainability_agency_cosumnes,22,22,1,Local_GSA
south_yuba,22,11,1,NA
stanford_university,22,11,1,NA
swk_groundwater_sustainability_agency,22,22,1,Other_GSA
technical_work_group,22,11,1,Group
tejon_ranch_commerce_center,22,22,1,NA
thermalito_afterbay,22,11,1,NA
tm,22,6,1,NA
warm_springs_ma,22,22,1,NA
will_halligan,22,22,1,NA
yates,22,6,1,NA
yuba_river,22,22,1,Natural_Feature
aaron,21,21,1,NA
applied_to,21,4,1,NA
arbuckle,21,7,1,City
atascadero_subbasin,21,21,1,Basin
banning_storage_unit,21,21,1,NA
bedford_coldwater_model,21,21,1,Technical
bella_vista_water_district,21,10,1,District
berenbrock,21,7,1,NA
berenda_creek,21,10,1,Natural_Feature
beta2,21,10,1,NA
beverly_hills,21,21,1,City
bright_et_al,21,10,1,NA
california_superior_court,21,5,1,State_Gov
california_water_code_section,21,3,1,State_Gov
carriger_creek,21,21,1,Natural_Feature
cbwm,21,21,1,NA
city_of_bishop,21,21,1,City
city_of_dos_palos,21,21,1,City
city_of_lodi,21,21,1,City
city_of_roseville,21,7,1,City
city_of_santa_barbara,21,21,1,City
city_of_seaside,21,21,1,City
coastal_commission,21,7,1,State_Gov
communication_and_public_engagement,21,4,1,NA
cooperative_group,21,21,1,Group
cosana,21,21,1,NA
curran,21,3,1,NA
david_cook,21,7,1,NA
del_rey_community_services_district,21,10,1,District
department_of_toxic_substance_control,21,7,1,NA
developed_for_implementation,21,3,1,NA
east_subbasin,21,21,1,Basin
el_paso_creek,21,21,1,Natural_Feature
environmental_health_division,21,4,1,NA
grant_administration,21,7,1,NA
grapevine_canyon,21,21,1,NA
groundwater_management_act,21,2,1,Legal
groundwater_sustainability_agency_executive_committee,21,21,1,Group
hyperion,21,21,1,NA
laboratory,21,10,1,NA
lak,21,5,1,NA
los_gatos_creek,21,21,1,Natural_Feature
meiners_oaks,21,21,1,City
merced_irrigation_urban_groundwater_sustainability_agency,21,21,1,Local_GSA
mission_hills_community_services_district,21,21,1,District
mkr_groundwater_sustainability_agency,21,21,1,Other_GSA
napa_sonoma,21,21,1,NA
no_climate_change,21,21,1,NA
numerical_model,21,10,1,Technical
o_laboratory,21,3,1,NA
opv,21,10,1,NA
pauma,21,21,1,NA
pixid,21,21,1,NA
public_land_survey_system,21,3,1,Federal_Gov
public_trust_doctrine,21,5,1,NA
purisima_f,21,21,1,NA
quality_assurance_qc,21,7,1,NA
r_field,21,3,1,NA
regional_water_quality_control_boards,21,2,1,Group
resource_conservation_district,21,7,1,District
rhna,21,7,1,NA
riverdale,21,21,1,City
sacramento_county_groundwater_sustainability_agency,21,7,1,Other_GSA
safe_drinking_water_act,21,2,1,Legal
salt_nutrient_management_plan,21,7,1,Technical
san_miguel_community_services_district,21,10,1,District
san_timoteo_formation,21,10,1,Natural_Feature
santa_paula_basin,21,10,1,Basin
santa_ysabel,21,21,1,NA
shay_pond,21,21,1,NA
situation_assessment,21,21,1,NA
solano_agricultural_scenario_planning_system,21,21,1,NA
stanislaus_and_tuolumne_rivers_groundwater_basin_association,21,21,1,Local_GSA
state_water_resources_control_board_division_of_drinking_water,21,2,1,NA
sub,21,7,1,NA
surface_water_service_area,21,21,1,Geographic_Unit
sustainable_groundwater_management_grant_program,21,4,1,NA
sw,21,5,1,NA
technical_committee,21,7,1,Group
tehama_county_general_plan,21,5,1,Technical
temescal_subbasin,21,10,1,Basin
tier_2_dischargers,21,3,1,NA
turner_1975,21,7,1,NA
vern_freeman_diversion,21,21,1,NA
voice_of_america,21,21,1,Federal_Gov
walnut_grove,21,10,1,City
water_agency,21,5,1,Group
woodard,21,3,1,NA
zanja_de_cota_creek,21,21,1,Natural_Feature
apn,20,5,1,NA
appendix_l2,20,20,1,Reference
aquitard,20,20,1,NA
aquitards,20,2,1,NA
arroyo_santa_rosa_basin_groundwater_sustainability_agency,20,20,1,Local_GSA
arroyo_santa_rosa_valley_basin,20,10,1,Basin
arvin_community_services_district,20,10,1,District
association,20,2,1,Group
bartow,20,2,1,NA
basin_operating_plan,20,20,1,Technical
beale_air_force_base,20,10,1,NA
beltz,20,20,1,NA
bend_subbasin,20,10,1,Basin
buchanan_dam,20,20,1,Infrastructure
butte_county_department_of_water_and_resource_conservation,20,7,1,NA
camanche_village,20,7,1,City
carneros_subareas,20,20,1,Geographic_Unit
castroville_seawater_intrusion_project,20,10,1,Water_Project
centers_for_disease_control,20,7,1,NA
central_valley_project_supply,20,4,1,NA
central_water_district,20,20,1,District
chris,20,10,1,NA
city_of_dos_palos_groundwater_sustainability_agency,20,20,1,Local_GSA
city_of_merced,20,20,1,City
communication_engagement_plan,20,5,1,Technical
cottonwood,20,3,1,City
crop_root_zone_water_model,20,20,1,Technical
cuyama_basin_groundwater_sustainability_agency_board,20,20,1,Group
department_of_finance,20,2,1,State_Gov
district_board_and_groundwater_commission,20,5,1,Group
doi,20,5,1,NA
el_porvenir,20,20,1,NA
escondido,20,10,1,City
federal_standards,20,5,1,NA
fresno_metropolitan_flood_control_district,20,10,1,District
glen_ellen,20,20,1,City
groundwater_resources_advisory_committee,20,10,1,Group
groundwater_sustainability_plan_technical_team,20,7,1,Technical
guejito_creek,20,20,1,Natural_Feature
hantush,20,20,1,NA
hughes,20,10,1,NA
initial_calibration_verification,20,20,1,NA
integrated_risk_information_system,20,10,1,Technical
interested_party_database,20,7,1,Technical
interim_milestones,20,3,1,NA
joseph,20,4,1,NA
kern_water_bank,20,7,1,NA
kkkk,20,5,1,NA
laboratory_internal_management_systems,20,20,1,Technical
lake_deposits,20,10,1,NA
memorandum_of_understanding,20,3,1,NA
merced_national_wildlife_refuge,20,20,1,NA
monterey_county_water_resources_agency_board_of_directors,20,10,1,Group
moorpark_wastewater_treatment_plant,20,10,1,NA
mwdsc,20,10,1,NA
national_oceanic_and_atmospheric_administration_fisheries,20,7,1,NA
onewater,20,10,1,NA
parlier,20,10,1,City
paso_robles_basin,20,20,1,Basin
patterson_irrigation_district,20,10,1,District
pfoa,20,5,1,NA
pine_flat_reservoir,20,7,1,Infrastructure
provost_pritchard,20,2,1,NA
purisima_bc,20,20,1,NA
ranch,20,10,1,NA
salinas_river,20,7,1,Natural_Feature
salinas_valley_integrated_hydrologic_model,20,4,1,Technical
san_luis_rey_river,20,10,1,Natural_Feature
san_pablo_creek,20,20,1,Natural_Feature
santa_maria,20,4,1,City
sdac_communities,20,2,1,NA
stormwater,20,10,1,NA
templeton_community_services_district,20,10,1,District
tnc,20,7,1,NA
tuolumne_river,20,5,1,Natural_Feature
units,20,7,1,NA
upper_aquifer,20,2,1,Natural_Feature
wcr,20,7,1,NA
western_heights_water_company,20,20,1,NA
yuima_municipal_water_district,20,20,1,District
a_groundwater_sustainability_agency_party,19,3,1,NA
aliso,19,10,1,NA
allensworth,19,19,1,City
ash_creek,19,19,1,Natural_Feature
beller_et_al,19,10,1,NA
berenda_slough,19,6,1,Natural_Feature
c2vsimfg_beta2,19,19,1,NA
california_elevation_monitoring,19,1,1,State_Gov
california_public_records_act,19,1,1,State_Gov
california_water_service_company,19,3,1,State_Gov
capitola,19,19,1,City
cardwell,19,19,1,NA
castaic_lake_water_agency,19,19,1,Group
city_of_gustine_groundwater_sustainability_agency,19,19,1,Local_GSA
collaborative_work_group,19,19,1,Group
community_of_buttonwillow,19,19,1,NA
comprehensive_groundwater_monitoring_program,19,19,1,Technical
costa_county,19,19,1,County
cosumnes_river,19,10,1,Natural_Feature
county_of_siskiyou,19,10,1,County
crafton,19,19,1,NA
creek,19,6,1,Natural_Feature
eastern,19,2,1,NA
edison,19,10,1,City
federal_energy_regulatory_commission,19,2,1,Federal_Gov
groundwater_dependent_ecosystem_evaluation_units,19,10,1,NA
groundwater_management_activities,19,19,1,NA
groundwater_modeling_system,19,10,1,Technical
hemet_north,19,19,1,NA
horizontal_flow_barrier,19,5,1,NA
integrated_implementation_committee,19,4,1,Group
ivanhoe_irrigation_district,19,19,1,District
kjn_nitrite,19,19,1,NA
lakewood_formation,19,19,1,Natural_Feature
landowner,19,19,1,NA
larry_walker_associates_team,19,5,1,NA
marb,19,19,1,NA
napa_subarea,19,19,1,Geographic_Unit
national_hydrography_dataset,19,2,1,Technical
older_alluvium,19,4,1,Natural_Feature
pioneer_water_company,19,19,1,NA
precipitation_elevation_regressions_on_independent_slopes_model_climate_group,19,2,1,Group
raftelis,19,19,1,NA
rancho_cordova,19,10,1,City
rd_2068,19,19,1,NA
san_jerardo,19,19,1,NA
san_juan_creek,19,6,1,Natural_Feature
santa_ana_area,19,19,1,Geographic_Unit
santa_clara_valley,19,10,1,Geographic_Unit
santa_margarita_groundwater_agency_gsa,19,19,1,Local_GSA
slade,19,10,1,NA
soil_agricultural_groundwater_banking,19,1,1,NA
south_yuba_subbasin,19,19,1,Basin
ss,19,3,1,NA
stone_corral_irrigation_district,19,5,1,District
surface_water_ambient_monitoring_program,19,3,1,Technical
sustainable_groundwater_management_act_data_portal,19,5,1,Technical
sustainable_groundwater_management_act_portal,19,1,1,NA
technical_peer_review_group,19,19,1,Group
tehachapi,19,6,1,City
underground_source_of_drinking_water,19,19,1,NA
upper_aquifer_system_lower_aquifer_system,19,6,1,Natural_Feature
urban,19,2,1,NA
uwwtp,19,19,1,NA
varian_ranch_mutual_water_company,19,19,1,NA
west_hills,19,19,1,NA
white_river,19,3,1,Natural_Feature
woodbridge_irrigation_district,19,19,1,District
woodring,19,10,1,NA
wri,19,19,1,NA
0_180_flow_direction,18,3,1,NA
anderson_cottonwood_irrigation_district,18,9,1,District
andy_rich,18,6,1,NA
appendix_h,18,4,1,Reference
aptos_creek,18,9,1,Natural_Feature
aqueduct,18,4,1,NA
arcata,18,18,1,City
ash_slough,18,18,1,Natural_Feature
banta_carbona_irrigation_district_groundwater_sustainability_agency,18,18,1,Local_GSA
bedford_coldwater_basin,18,18,1,Basin
bethel_island,18,18,1,City
bradbury_dam,18,6,1,Infrastructure
c2vsimfg_kern_historical_simulation_table_11b_current_groundwater_budget,18,4,1,Reference
california_constitution,18,4,1,State_Gov
carbon_tetrachloride,18,18,1,NA
careaga_sand,18,9,1,Natural_Feature
central_valley_project_contractors,18,3,1,NA
cienega_groundwater_dependent_ecosystem,18,9,1,Natural_Feature
city_of_waterford,18,9,1,City
confluence_aquatic_habitat_area,18,18,1,Geographic_Unit
dale,18,9,1,NA
data_management_plan,18,9,1,Technical
dispute,18,9,1,NA
dye_creek,18,18,1,Natural_Feature
environmental_health_services,18,6,1,NA
european_space_agency,18,2,1,Group
fairfield,18,18,1,City
farm_process,18,6,1,NA
federal_reserve_water_rights,18,6,1,NA
glen_ellen_formation,18,9,1,Natural_Feature
greater_kaweah,18,9,1,NA
groundwater_management_fee,18,18,1,NA
groundwater_quality,18,2,1,NA
groundwater_storage,18,2,1,NA
groundwater_sustainability_agency_alternate_representative,18,3,1,NA
gustine,18,9,1,City
hemet_south,18,18,1,NA
humboldt_county_board_of_supervisors,18,18,1,Group
humboldt_county_department_of_public_works,18,18,1,NA
kaweah_sub_basin,18,6,1,Basin
kearns_west,18,4,1,NA
kern_county_revision,18,4,1,NA
kern_fan_monitoring_committee,18,18,1,Group
knight,18,9,1,NA
laguna_vineyard,18,6,1,NA
lake_success,18,6,1,NA
list,18,2,1,NA
lompico_sandstone,18,18,1,NA
lompoc_upland,18,9,1,NA
lower_putah_creek,18,18,1,Natural_Feature
madera_county_general_plan,18,4,1,Technical
mapes_ranch,18,18,1,NA
mokelumne_river,18,6,1,Natural_Feature
monitored,18,3,1,Technical
n_dissolved,18,18,1,NA
newell_creek,18,18,1,Natural_Feature
newhall_water_division,18,18,1,NA
niles,18,18,1,NA
north_bench,18,18,1,NA
north_cell,18,18,1,NA
om,18,4,1,NA
ormond_beach,18,18,1,NA
pdf,18,3,1,NA
pico_formation,18,6,1,Natural_Feature
piru_basins,18,9,1,Basin
ramboll,18,6,1,NA
rinconada_fault,18,18,1,NA
russian_river_flood_control,18,18,1,NA
rwm_stakeholder_advisory_group,18,6,1,Group
sacramento_water_forum,18,9,1,NA
san_emigdio,18,4,1,NA
san_luis_obispo_valley_groundwater_basin,18,18,1,Basin
san_pasqual_valley_groundwater_basin,18,18,1,Basin
scalmanini_engineering,18,18,1,NA
somis,18,18,1,City
soquel,18,9,1,City
southern_division,18,9,1,NA
springville,18,3,1,City
standing_committee,18,18,1,Group
steffens,18,4,1,NA
tehama_county_resource_conservation_district,18,4,1,District
toxicity_identification_evaluations,18,3,1,NA
tuolumne_groundwater_sustainability_agency,18,18,1,Other_GSA
tx,18,9,1,NA
upper_ventura_river_basin,18,9,1,Basin
us_geological_survey,18,2,1,Federal_Gov
water_level_elevation,18,9,1,NA
water_quality_coordination_group,18,4,1,Group
water_resources_information_database,18,18,1,Technical
willow_slough,18,18,1,Natural_Feature
wyandotte_creek_groundwater_sustainability_agency_board,18,18,1,Group
advisory_board,17,17,1,Group
ag_res,17,17,1,NA
agricultural_stakeholder,17,8,1,NA
alameda_island,17,17,1,NA
angwin,17,17,1,City
arcadia,17,17,1,City
arlington,17,17,1,NA
assembly,17,2,1,NA
assembly_bill_3030,17,1,1,NA
b,17,3,1,NA
bcid,17,17,1,NA
california_environmental_protection_agency,17,3,1,State_Gov
city_of_chico,17,17,1,City
city_of_marysville,17,17,1,City
city_of_perris,17,17,1,City
city_of_simi_valley,17,17,1,City
cloverdale_canyon,17,17,1,NA
community_plans,17,4,1,Technical
coordination_committee_and_plan_manager,17,3,1,NA
corcoran_irrigation_district,17,17,1,District
county_of,17,2,1,NA
county_of_madera_groundwater_sustainability_agency_madera,17,17,1,Local_GSA
desert_water_agency,17,17,1,Group
eastern_san_joaquin_water_resources_model,17,17,1,Technical
elsinore_ma,17,17,1,NA
for,17,2,1,NA
fox_canyon_groundwater_management_agency_board_of_directors,17,6,1,Group
franciscan_formation,17,17,1,Natural_Feature
general_plan,17,2,1,Technical
glenn_colusa_irrigation_district,17,8,1,District
hanson_et_al,17,4,1,NA
hayward_groundwater_sustainability_agency,17,17,1,Other_GSA
hemet_san_jacinto_management_area,17,17,1,Geographic_Unit
human_right_to_water_and_the_public_trust_doctrine,17,1,1,NA
irrigation_training_and_research_center_metric,17,17,1,NA
john_ayres,17,17,1,NA
klamath_project,17,17,1,Water_Project
ktwd,17,17,1,NA
la_sierra,17,8,1,NA
lithologic_data,17,3,1,Technical
lost_river_improved_channel,17,17,1,NA
lower_aquifer,17,2,1,Natural_Feature
matti,17,8,1,NA
mcwra_board,17,6,1,Group
method_detection_limit,17,17,1,NA
millville_subbasin,17,8,1,Basin
miocene,17,2,1,NA
modflow_owhm,17,3,1,Technical
morales,17,17,1,NA
moreland,17,8,1,NA
mw98b,17,17,1,NA
napa_valley_subbasin_groundwater_sustainability_plan,17,17,1,Technical
nawqa,17,8,1,NA
newman,17,8,1,City
newsom,17,2,1,NA
north_fork_kings_groundwater_sustainability_agency_board,17,17,1,Group
office_of_environmental_health_hazard_assessment,17,3,1,State_Gov
owhm,17,8,1,NA
pacific_gas_and_electric,17,3,1,Local_Gov
pajaro_valley_subbasin,17,17,1,Basin
plumas,17,17,1,County
potential_projects,17,8,1,Water_Project
pre_tertiary,17,3,1,NA
projects,17,4,1,Water_Project
raisin_city,17,17,1,City
rcc,17,17,1,NA
regional_water_board,17,6,1,Group
rohnert_park,17,17,1,City
root_creek_water_district,17,8,1,District
sacramento_regional_county_contract_with_the_federal_government_under_reclamation_sanitation_district,17,17,1,District
san_francisco_bay_regional_water_quality_control_board,17,6,1,Group
san_joaquin_river_restoration_project,17,2,1,Water_Project
san_joaquin_valley_groundwater_basin,17,2,1,Basin
san_miguel,17,8,1,City
sarah_hardgrave,17,17,1,NA
scv,17,17,1,NA
solano_groundwater_sustainability_plan,17,17,1,Technical
sonoma_valley_groundwater_sustainability_agency_board,17,17,1,Group
south_fork_kings_groundwater_sustainability_agency,17,17,1,Local_GSA
state_department_of_water_resources,17,2,1,NA
state_mining_and_geology_board,17,17,1,State_Gov
state_university,17,1,1,State_Gov
stenner_creek,17,17,1,Natural_Feature
strategy_implementation_strategy,17,8,1,NA
subbasin_groundwater_sustainability_plan,17,17,1,Technical
surface,17,2,1,NA
sutherland,17,17,1,NA
taw,17,8,1,NA
thiessen,17,6,1,NA
thomasson_1951,17,8,1,NA
town_of_windsor,17,8,1,NA
tuolumne_county,17,17,1,County
tuscan_formations,17,8,1,Natural_Feature
ulatis_creek,17,17,1,Natural_Feature
updated,17,3,1,NA
vina_groundwater_sustainability_agency_board,17,17,1,Group
water_quality_improvement_plan,17,17,1,Technical
west_sacramento,17,17,1,City
white_wolf_fault,17,4,1,NA
williamson,17,3,1,NA
york_creek,17,8,1,Natural_Feature
a,16,2,1,NA
agmar,16,8,1,NA
allendale,16,16,1,City
andre_monette,16,16,1,NA
appendix_i,16,4,1,Reference
arundell_barranca,16,16,1,NA
ballona_creek,16,16,1,Natural_Feature
bc,16,8,1,NA
bear_creek,16,16,1,City
bedford_coldwater_subbasin,16,8,1,Basin
below_narrows_account,16,5,1,NA
ben_lomond,16,16,1,City
birch_creek,16,16,1,Natural_Feature
budget,16,3,1,NA
burow_et_al,16,8,1,NA
burt,16,4,1,NA
calam,16,4,1,NA
california_rice_commission,16,5,1,State_Gov
casa_loma_fault,16,16,1,NA
central_kings_groundwater_sustainably_agency,16,16,1,Group
chowchilla_subbasin_groundwater_sustainability_plan,16,16,1,Technical
city_of_berkeley,16,16,1,City
city_of_ione,16,16,1,City
clemmens,16,4,1,NA
community_service_district,16,8,1,District
congress,16,2,1,NA
county_of_fresno_groundwater_sustainability_agency_delta_mendota_management_area_a,16,16,1,Local_GSA
county_of_fresno_groundwater_sustainability_agency_delta_mendota_management_area_b,16,16,1,Local_GSA
davis_et_al,16,4,1,NA
del_oro_water_company,16,5,1,NA
department_of_water_resources_natural_communities_commonly_associated_with_groundwater,16,3,1,Natural_Feature
distributed_parameter_watershed_model,16,16,1,Technical
division_6_of_the_water_code,16,2,1,Legal
enterprise_anderson_groundwater_sustainability_agency_management_committee,16,8,1,Group
environmental_services_department,16,16,1,Group
esa,16,4,1,NA
forebay_groundwater_sustainability_plan,16,8,1,Technical
fort_ord_reuse_authority,16,16,1,Group
fpbgsa_board,16,8,1,Group
frank_konyn,16,16,1,NA
freeport,16,8,1,City
gc,16,16,1,NA
gridley,16,8,1,City
groundwater_sustainability_agency_board_and_advisory_committee,16,3,1,Group
groundwater_sustainability_plan_coordination_committee,16,16,1,Group
gsflow,16,16,1,NA
gws_water_budget,16,4,1,NA
hernandez_reservoir,16,16,1,Infrastructure
hydesville,16,16,1,City
hydrogeological_conceptual_model,16,5,1,Technical
integrated_ground_and_surface_water_model,16,16,1,Technical
interested_parties,16,5,1,NA
izbicki,16,5,1,NA
james,16,2,1,NA
jpa_board,16,16,1,Group
kennedy_jenks,16,8,1,NA
kenneth_d_schmidt_and_associates,16,16,1,NA
klausmeyer_et_al,16,4,1,NA
krista_mutual_water_company,16,16,1,NA
lake_county_board_of_supervisors,16,16,1,Group
los_osos_valley_road,16,16,1,NA
lpccc,16,16,1,NA
management_area_plans,16,5,1,Technical
matilija_dam,16,16,1,Infrastructure
milliken_creek,16,16,1,Natural_Feature
millview_county_water_district,16,16,1,District
montague,16,16,1,City
moreno_valley,16,16,1,City
national_land_cover_database,16,3,1,Technical
nuevo_water_company,16,16,1,NA
olmsted,16,5,1,NA
owens_valley_management_area,16,16,1,Geographic_Unit
pala_subbasins,16,8,1,Basin
pauloo_et_al,16,8,1,NA
permittee,16,16,1,NA
purisima_aa,16,16,1,NA
purisima_hills,16,5,1,NA
pvgsa,16,16,1,Local_GSA
qoa,16,4,1,NA
qya,16,2,1,NA
reduction_without_projects_scenario,16,5,1,NA
representative_monitoring_points,16,16,1,Technical
representative_monitoring_well,16,16,1,Technical
ripon,16,16,1,City
rock_creek_reclamation_district_groundwater_sustainability_agency,16,16,1,Local_GSA
root_mean_square_error,16,8,1,NA
sacramento_county_water_agency,16,16,1,Group
santa_monica_urban_runoff_recycling_facility,16,16,1,NA
santa_paula_c,16,8,1,NA
santa_ynez_valley,16,4,1,Geographic_Unit
seaside_model,16,16,1,Technical
shrubland_groundwater_dependent_ecosystem_unit,16,8,1,NA
sierra_vista_mutual_water_company,16,16,1,NA
slofcwcd,16,8,1,NA
slr,16,16,1,NA
south_fork_kings,16,16,1,NA
srcd,16,16,1,NA
ssss,16,4,1,NA
state_lands_commission,16,4,1,State_Gov
sutter_bypass,16,16,1,NA
thomas,16,3,1,NA
tulare_lake_subbasin,16,4,1,Basin
turner_island_water_district_groundwater_sustainability_agency_merced,16,16,1,Local_GSA
united_water,16,8,1,NA
water_budget_best_management_practice,16,3,1,NA
weaver,16,16,1,NA
white_wolf_subbasin,16,4,1,Basin
wood,16,8,1,NA
yolo_subbasins,16,8,1,Basin
yucaipa_sustainable_groundwater_management_act,16,16,1,Legal
ag_package,15,8,1,NA
arroyo_santa_rosa,15,15,1,NA
bakman,15,15,1,NA
basal_tehama,15,15,1,NA
baseline,15,2,1,NA
basin_optimization_scenario,15,15,1,NA
biddle_ranch_road,15,15,1,NA
big_ag,15,4,1,NA
big_springs,15,15,1,NA
board_meetings,15,4,1,NA
buckeye_creek,15,15,1,Natural_Feature
buena_vista,15,5,1,City
buena_vista_coalition,15,15,1,NA
buttonwillow_service_area,15,15,1,Geographic_Unit
cal_adapt,15,5,1,NA
california_department_of_water,15,1,1,State_Gov
california_polytechnic_state_university,15,1,1,City
camp_fire,15,5,1,NA
central_valley_groundwater_monitoring_collaborative,15,15,1,Technical
city_of_firebaugh_groundwater_sustainability_agency,15,15,1,Local_GSA
city_of_manteca,15,8,1,City
city_of_mendota_groundwater_sustainability_agency,15,15,1,Local_GSA
cleanup_program,15,8,1,NA
coordinated_plan_expenses,15,3,1,NA
county_of_los_angeles,15,8,1,County
county_of_mendocino,15,15,1,County
cromwell,15,15,1,NA
davis_ranches,15,15,1,NA
dbsa,15,3,1,NA
department_of_water_resources_county,15,3,1,County
dune_sand_aquifer,15,15,1,Natural_Feature
east_kaweah,15,15,1,NA
edna,15,15,1,City
elmira,15,15,1,City
focused_technical_review,15,5,1,Technical
formation_environmental,15,5,1,NA
friant_kern,15,3,1,NA
friant_unit,15,8,1,NA
fugro_consultants,15,3,1,NA
gar,15,5,1,NA
groundwater_extraction_credit_marketing,15,15,1,NA
groundwater_planning_commission,15,8,1,Group
groundwater_quality_trend_monitoring_work_plan,15,15,1,Technical
groundwater_sustainability,15,2,1,NA
harmon_barranca,15,5,1,NA
heidi,15,15,1,NA
hemet,15,8,1,City
i,15,2,1,NA
inductively_coupled_plasma,15,15,1,NA
interior,15,1,1,NA
kennedy_jenks_consultants,15,8,1,NA
lessalt,15,15,1,NA
liberty_project,15,15,1,Water_Project
list_of_interested_parties,15,4,1,NA
livermore_ranch,15,15,1,NA
ma_plan,15,15,1,Technical
mendota_pool_group,15,5,1,Group
mid_kaweah,15,15,1,NA
mission_hills,15,15,1,City
morrison_creek,15,15,1,Natural_Feature
mullin_area_groundwater_sustainability_agency_board,15,15,1,Group
n,15,2,1,NA
north_san_benito_groundwater_basin,15,15,1,Basin
olympic_wellfield,15,15,1,NA
paso_robles_area_subbasin,15,15,1,Basin
patrick_lei,15,5,1,NA
peter_quinlan,15,15,1,NA
please,15,3,1,NA
precipitation_runoff_modeling_software,15,15,1,Technical
pumpage,15,4,1,NA
pws,15,5,1,NA
q_copy,15,2,1,NA
quality_assurance_project_plan,15,15,1,Technical
rancho,15,3,1,NA
right_bank_far,15,15,1,NA
root_zone_model,15,15,1,Technical
s_associated,15,2,1,NA
san_francisco_public_utilities_commission,15,15,1,Group
san_juan_ma,15,15,1,NA
san_luis_obispo_valley_basin,15,15,1,Basin
santa_clara_formation,15,15,1,Natural_Feature
scwa,15,15,1,NA
sierra_nevada_mountains,15,3,1,NA
siskiyou_county_lu,15,8,1,NA
slo_district,15,5,1,District
sonoma_ecology_center,15,5,1,NA
sonoma_volcanics,15,15,1,NA
southern_california_edison,15,3,1,State_Gov
spadra_basin,15,15,1,Basin
sqcwd,15,15,1,NA
stakeholder_advisory_group,15,4,1,Group
stakeholder_engagement_plan,15,5,1,Technical
stanislaus_river,15,8,1,Natural_Feature
stewart_tract_groundwater_sustainability_agency,15,15,1,Local_GSA
surface_water_working_group,15,15,1,Group
sustainability_criteria,15,4,1,NA
technical_team,15,5,1,Technical
tehama_county_groundwater_sustainability_agency,15,3,1,Other_GSA
thien,15,15,1,NA
thomas_harder_co,15,15,1,NA
tlbwsd,15,15,1,NA
tribal_communities,15,5,1,NA
uts,15,15,1,NA
warm_springs_hydrologic_area,15,15,1,Geographic_Unit
waukena,15,15,1,City
western_cascade,15,15,1,NA
wheeler_ridge_maricopa_groundwater_sustainability_agency,15,15,1,Local_GSA
wicc,15,15,1,NA
willow,15,2,1,NA
work_group,15,5,1,Group
yokohl_creek,15,15,1,Natural_Feature
yolo_management_areas,15,15,1,Geographic_Unit
ad_hoc_committee,14,3,1,Group
ahgw,14,14,1,NA
alternative_calibration,14,14,1,NA
american_society_of_civil_engineers,14,2,1,NA
assurance_project_plan,14,2,1,Technical
banning_heights_mutual_water_company,14,14,1,NA
beckwourth,14,14,1,City
bility,14,14,1,NA
bradley_subarea,14,14,1,Geographic_Unit
butte_college,14,7,1,NA
bvid,14,14,1,NA
byron_bethany_irrigation_district_groundwater_sustainability_agency_tracy,14,14,1,Local_GSA
calaveras_county_water_district,14,14,1,District
california_american_water_company,14,7,1,State_Gov
california_water_code_sections,14,2,1,State_Gov
casitas_formation,14,14,1,Natural_Feature
ccf,14,14,1,NA
ccuf,14,14,1,NA
cga_board,14,14,1,Group
chase,14,14,1,NA
city_of_firebaugh,14,14,1,City
city_of_gustine,14,14,1,City
city_of_lathrop_groundwater_sustainability_agency,14,14,1,Local_GSA
city_of_moorpark,14,14,1,City
city_of_salinas,14,4,1,City
city_of_santa_clarita,14,14,1,City
city_of_tracy,14,14,1,City
city_of_tracy_groundwater_sustainability_agency,14,14,1,Local_GSA
coldwater,14,14,1,NA
colusa_counties,14,7,1,NA
corning_subbasin_groundwater_sustainability_plan,14,3,1,Technical
country_club_fault,14,5,1,NA
county_of_sacramento,14,14,1,County
county_of_san_joaquin_groundwater_sustainability_agency_tracy,14,14,1,Local_GSA
cow_creek,14,14,1,Natural_Feature
delta_mendota_subbasins,14,2,1,Basin
delta_mendota_technical_working_group,14,3,1,Group
department_of_parks_and_recreation,14,2,1,State_Gov
department_of_water_resources_climate_change_guidance,14,2,1,NA
dqo,14,7,1,NA
east_fork,14,5,1,NA
eastern_san_joaquin,14,7,1,NA
el_cerrito,14,7,1,City
el_verano,14,14,1,City
emily_gardner,14,14,1,NA
environmental_law_foundation,14,1,1,NA
environmental_services,14,14,1,NA
evenson,14,7,1,NA
fallowing_program,14,7,1,NA
federal,14,2,1,NA
flows,14,1,1,NA
forsythe_creek,14,14,1,Natural_Feature
fresno_county_general_plan,14,5,1,Technical
glenn_colusa,14,7,1,NA
grasslands_groundwater_sustainability_agency,14,14,1,Local_GSA
groundwater_sustainability_agency_board_of_directors,14,1,1,Group
groundwater_sustainability_plan_chapter,14,14,1,NA
hueneme_aquifer,14,4,1,Natural_Feature
integrated_regional_water_management_group,14,2,1,Group
ireland,14,2,1,NA
irrigation_training_and_research_center_mapping_evapotranspiration_at_high_resolution_with_internalized_calibration,14,14,1,NA
kaweah_subbasin_basin_setting,14,7,1,Geographic_Unit
kearns,14,5,1,NA
kern_county_general_plan,14,5,1,Technical
kings_river_water_quality_coalition,14,5,1,NA
knight_et_al,14,7,1,NA
lee_lake,14,14,1,Natural_Feature
lgawd,14,14,1,NA
live_oak,14,7,1,City
llc,14,2,1,NA
local_standards,14,5,1,NA
loq,14,14,1,NA
los_angeles_ventura_county_line,14,7,1,NA
los_olivos,14,7,1,City
madera_county_government_center,14,7,1,NA
madera_subbasin_coordination_committee,14,7,1,Group
mark_west_creek,14,14,1,Natural_Feature
mbawg,14,14,1,NA
mcgraw_et_al,14,14,1,NA
mendocino_county_water_agency,14,14,1,Group
merced_counties,14,4,1,NA
merced_county_department_of_public_health,14,4,1,NA
middle_fork_feather_river,14,14,1,Natural_Feature
minimum_thresholds_and_measurable_objectives,14,2,1,NA
monterey_county_water_resources_agency_board_of_supervisors,14,7,1,Group
mya,14,3,1,NA
n_dissolved_nd,14,14,1,NA
napa_creek,14,14,1,Natural_Feature
national_water_quality_monitoring_council,14,5,1,Federal_Gov
natomas_mutual_water_company,14,14,1,NA
new_melones_reservoir,14,4,1,Infrastructure
north_yolo_management_areas,14,14,1,Geographic_Unit
orange_county,14,7,1,County
oregon_state_university,14,2,1,NA
owens_valley_groundwater_authority_board,14,14,1,Group
oxnard_plain,14,4,1,NA
pajaro,14,3,1,City
pauba_formation,14,14,1,Natural_Feature
petaluma_river,14,14,1,Natural_Feature
pfas,14,4,1,NA
porterville_general_plan,14,14,1,Technical
principal_aquifer,14,7,1,Natural_Feature
project_and_management_actions,14,2,1,NA
quality_assurance_quality_control,14,4,1,NA
rcsd_management_area,14,14,1,Geographic_Unit
right_bank_near,14,14,1,NA
rincon,14,4,1,NA
riparian_mixed_hardwood,14,7,1,NA
rl_pql,14,2,1,NA
rpd,14,7,1,NA
russell,14,14,1,NA
sacramento_municipal_utility_district,14,5,1,District
safe_and_affordable_drinking_water_fund,14,2,1,NA
saline_intrusion_management_area,14,14,1,Geographic_Unit
san_andreas,14,4,1,City
san_mateo_bridge,14,14,1,NA
san_timoteo_badlands,14,14,1,NA
santa_barbara_county_flood_control_and_water_conservation_district,14,4,1,District
schmidt,14,4,1,NA
sespe_formation,14,14,1,Natural_Feature
sierra_county,14,14,1,County
soboba_pit,14,14,1,NA
sodium_adsorption_ratio,14,14,1,NA
southern_minnesota_beet_sugar_cooperative,14,7,1,NA
spreckels_sugar_company,14,7,1,NA
steffen,14,7,1,NA
superior_court,14,2,1,NA
talmage,14,14,1,City
tejon_creek,14,14,1,Natural_Feature
theis_et_al,14,2,1,NA
this_basin_setting,14,5,1,Geographic_Unit
tier_1_dischargers,14,2,1,NA
tooleville,14,7,1,City
tres_pinos_valley,14,14,1,Geographic_Unit
tri_county_water_authority,14,7,1,Group
tui_chub,14,14,1,NA
ucla,14,14,1,NA
upper_ventura_river_groundwater_agency_board_of_directors,14,14,1,Group
vandenberg_village,14,14,1,City
varies,14,2,1,NA
victor_formation,14,7,1,Natural_Feature
voting_representatives,14,14,1,NA
wac,14,14,1,NA
wsip,14,14,1,NA
wyandotte_creek_subbasins,14,5,1,Basin
advisory_committees,13,3,1,Group
alternate_board,13,6,1,Group
appendix_2_c,13,6,1,Reference
appendix_l1,13,13,1,Reference
basin_optimization,13,13,1,NA
bertoldi,13,2,1,NA
bfw,13,6,1,NA
board_chambers,13,3,1,NA
bondy,13,6,1,NA
bos,13,4,1,NA
browns_valley_irrigation_district,13,13,1,District
buena_vista_gsa,13,13,1,Other_GSA
c2vsimfgkern,13,13,1,NA
cache_slough,13,13,1,Natural_Feature
cal_poly,13,4,1,NA
ch2_m,13,13,1,NA
chumash,13,3,1,NA
city_of_ceres,13,13,1,City
city_of_clovis,13,13,1,City
city_of_los_banos_groundwater_sustainability_agency,13,13,1,Local_GSA
city_of_newman_groundwater_sustainability_agency,13,13,1,Local_GSA
city_of_norco,13,13,1,City
city_of_rocklin,13,4,1,City
coast_live_oak,13,6,1,NA
community_engagement_plan,13,6,1,Technical
conservation_element,13,2,1,NA
continental,13,1,1,NA
county_of_madera_groundwater_sustainability_agency_delta_mendota,13,13,1,Local_GSA
county_of_riverside,13,13,1,County
d_plant,13,13,1,NA
davenport_creek,13,13,1,Natural_Feature
depletion_of_interconnected_surface_water,13,2,1,NA
derek_lieberman,13,13,1,NA
desalter,13,4,1,NA
develop,13,1,1,NA
dmb,13,13,1,NA
draft_line,13,13,1,NA
dwinnell_dam,13,13,1,Infrastructure
edd,13,3,1,NA
escalon,13,13,1,City
etal,13,3,1,NA
evaluate,13,3,1,NA
evaluation_of_benefits,13,13,1,NA
evt,13,6,1,NA
felton_system,13,13,1,NA
flint,13,4,1,NA
gcm,13,4,1,NA
general_head_boundary,13,4,1,NA
government,13,13,1,NA
grenada,13,13,1,City
groundwater_quality_assessment_report,13,2,1,Technical
groundwater_sustainability_plan_regulation,13,3,1,Legal
groundwater_system,13,6,1,Natural_Feature
harder,13,6,1,NA
indio,13,13,1,City
jameson_american_canyon,13,13,1,NA
john_scarborough,13,13,1,NA
karina_danek,13,13,1,NA
kayvan,13,13,1,NA
kenneth_d_schmidt_associates,13,4,1,NA
kern_river_groundwater_sustainability_agency_agricultural_ma,13,13,1,NA
kettleman_city,13,4,1,City
kirkwood_water_district,13,13,1,District
lake_cachuma,13,4,1,NA
lydon,13,3,1,NA
mabia,13,13,1,NA
madera_regional_groundwater_management_plan,13,6,1,Technical
malaga,13,13,1,City
marina_coast_water_district_groundwater_sustainability_agency_monterey,13,13,1,Local_GSA
mckay_point,13,6,1,NA
mga_board_of_directors,13,13,1,Group
microsoft_access,13,2,1,NA
milliken,13,13,1,NA
modesto_subbasins,13,6,1,Basin
monitoring_plans,13,3,1,Technical
montecito_creek,13,13,1,Natural_Feature
mound_basin_groundwater_sustainability_agency_board_of_directors,13,13,1,Group
n_nd,13,13,1,NA
napa_county_general_plan,13,13,1,Technical
napa_county_groundwater_monitoring_plan,13,13,1,Technical
national_academy_of_sciences,13,4,1,NA
naws_china_lake,13,13,1,Natural_Feature
ndgsa,13,13,1,Other_GSA
neogene,13,4,1,NA
nhd,13,4,1,NA
niles_cone_groundwater_basin,13,13,1,Basin
normalized_difference_moisture_index,13,4,1,NA
olancha,13,13,1,City
ordnance_survey,13,6,1,NA
pixley_pud,13,4,1,NA
professional_engineer,13,2,1,NA
project_coordinator,13,6,1,NA
qc_data,13,13,1,Technical
relates,13,6,1,NA
resource_capacity_study,13,13,1,NA
sacramento_river_settlement_contractors,13,6,1,NA
salinas_valley_basin_groundwater_sustainability_agency_monterey,13,13,1,Local_GSA
salsipuedes_creek,13,6,1,Natural_Feature
salt_slough,13,13,1,Natural_Feature
san_diego_county_water_authority,13,6,1,Group
san_jacinto_wildlife_area,13,13,1,Geographic_Unit
san_joaquin_river_exchange_contractors_water_authority_groundwater_sustainability_agency,13,13,1,Other_GSA
san_joaquin_valley_index,13,6,1,NA
san_pasqual_groundwater_management_plan,13,13,1,Technical
san_ysidro_creek,13,13,1,Natural_Feature
schedule,13,1,1,NA
scripps_orbit_and_permanent_array_center,13,13,1,NA
sdsy,13,13,1,NA
section_3_sustainable_management_criteria,13,13,1,Reference
selma,13,4,1,City
sewa,13,13,1,NA
shac,13,13,1,NA
sloughhouse_resource_conservation_district,13,13,1,District
smc9,13,6,1,NA
solano_subbasin_data_management_system,13,13,1,Technical
somis_fault,13,13,1,NA
south_mesa_water_company,13,13,1,NA
south_yolo,13,13,1,NA
southeast_sacramento_county_agricultural_water_authority,13,6,1,Group
state_coastal_conservancy,13,3,1,State_Gov
state_of_emergency,13,13,1,NA
state_water_resource_control_board,13,2,1,Group
streambed_infiltration,13,2,1,NA
summerland,13,13,1,City
sumner_hill,13,13,1,NA
sustainability_agency,13,2,1,Group
swarzenski,13,13,1,NA
tehama_county_board_of_supervisors,13,3,1,Group
tejon_castac_management_areas,13,13,1,Geographic_Unit
temescal_groundwater_sustainability_plan,13,13,1,Technical
tertiary_sonoma,13,6,1,NA
thermalito_water_and_sewer_district,13,13,1,District
tonyville,13,13,1,City
tre_altamira,13,4,1,NA
tributaries_groundwater_dependent_ecosystem_unit,13,13,1,NA
tulare_lake,13,13,1,Natural_Feature
tulare_lake_basin_water_storage_district,13,6,1,District
tule_subbasin_data_management_system,13,3,1,Technical
turner_island_water_district_groundwater_sustainability_agency_delta_mendota,13,13,1,Local_GSA
united_states_army_corps_of_engineers_sacramento,13,13,1,NA
water_allocation_plan,13,13,1,Technical
water_forum_agreement,13,6,1,Group
well_protection_program,13,13,1,NA
west_placer_groundwater_sustainability_agency,13,13,1,Local_GSA
west_turlock,13,13,1,NA
wheatland,13,13,1,City
wutchumna_water_company,13,13,1,NA
zayante_fault,13,13,1,NA
agriculture,12,1,1,NA
airborne_electromagnetic,12,2,1,NA
alfalfa,12,3,1,NA
annual_report,12,2,1,Technical
anthony,12,12,1,NA
appendix_1,12,2,1,Reference
aquifer_cleanup_level,12,12,1,NA
arroyo_grande_subbasin,12,12,1,Basin
arroyo_securities_and_exchange_commissiono_rd_ws,12,3,1,NA
assembly_bill,12,1,1,NA
astm,12,2,1,NA
atascadero_creek,12,12,1,Natural_Feature
basin_boundary_modification,12,12,1,NA
basin_characteristics_model,12,3,1,Technical
basin_management_objective,12,4,1,NA
big_springs_complex,12,12,1,NA
big_valley,12,6,1,Geographic_Unit
bill_390,12,1,1,NA
bookkeeping_party,12,12,1,NA
bookman_edmonston,12,6,1,NA
brackish_water_group,12,12,1,Group
brennan,12,12,1,NA
butte_advisory_board,12,12,1,Group
calaveras,12,6,1,County
california_division_of_drinking_water,12,3,1,State_Gov
california_endangered_species_act,12,6,1,State_Gov
california_health_and_safety_code,12,2,1,State_Gov
california_land_stewardship_institute,12,12,1,State_Gov
california_natural_diversity_database,12,2,1,State_Gov
california_soil_resource_lab,12,1,1,State_Gov
canyon_view_ranch,12,12,1,NA
casitas_springs_area,12,12,1,Geographic_Unit
castaic,12,12,1,City
cebada,12,6,1,NA
centerville,12,6,1,City
cerini,12,12,1,NA
chalfant_valley,12,12,1,Geographic_Unit
charnock_wellfield,12,12,1,NA
chino_valley_model,12,12,1,Technical
cienega_springs,12,6,1,NA
city_of_fortuna,12,12,1,City
city_of_hanford,12,6,1,City
city_of_paso,12,6,1,City
city_of_ripon,12,12,1,City
clark_colony_water_company,12,12,1,NA
coastal_land_use_plan,12,6,1,Technical
communications_goal_development,12,2,1,NA
council_chambers,12,3,1,NA
county_groundwater_sustainability_agency,12,4,1,Other_GSA
court_of_appeal,12,4,1,NA
cwl,12,6,1,NA
deep_aquifer,12,12,1,Natural_Feature
deep_aquifer_zones,12,12,1,Geographic_Unit
delta,12,2,1,NA
department_of_public_works,12,2,1,NA
department_or_water_resources,12,12,1,NA
disadvantaged_community_committee,12,3,1,Group
earlimart,12,12,1,City
east_kern_county_resource_conservation_district,12,12,1,District
eastern_san_joaquin_subbasin,12,4,1,Basin
el_toro_primary_aquifer,12,12,1,Natural_Feature
elsinore_valley_model,12,12,1,Technical
engagement_with_tribal_governments_guidance_document,12,1,1,NA
environmental_laboratory_accreditation_program,12,6,1,NA
estrella_subarea,12,12,1,Geographic_Unit
f,12,1,1,NA
federal_government,12,2,1,NA
feeney,12,3,1,NA
figuers,12,12,1,NA
fillmore_irrigation_company,12,6,1,NA
fordel,12,4,1,NA
friant_water_users_authority,12,1,1,Group
future_baseline_with_projects_scenario,12,6,1,NA
galloway,12,2,1,NA
galt_irrigation_district,12,12,1,District
garcia,12,2,1,NA
grassland_ecological_area,12,12,1,Geographic_Unit
groundwater_banking_feasibility_study,12,4,1,NA
groundwater_sustainability_plan_groundwater_sustainability_plan,12,4,1,Technical
groundwater_sustainability_plan_implementation_network,12,12,1,NA
group_3,12,12,1,NA
herald,12,12,1,City
hfb,12,12,1,NA
hollywood,12,12,1,NA
hornbrook_formation,12,12,1,Natural_Feature
household_water_supply_shortage_reporting_system,12,6,1,Technical
hydrologic_response_unit,12,12,1,NA
implementation,12,2,1,NA
integrated_resource_water_management_plan,12,2,1,Technical
interested_parties_list,12,3,1,NA
ipums_national_historical_geographic_information_system_database,12,3,1,Technical
isa,12,12,1,NA
jasperse,12,4,1,NA
johnson_et_al,12,12,1,NA
kck,12,12,1,NA
kern_county_c2vsimfg_bypassspecsdat_removed,12,3,1,NA
kern_county_subbasin_for,12,3,1,NA
keyes,12,12,1,City
kriging,12,4,1,NA
la,12,4,1,NA
laguna_de_santa_rosa,12,12,1,NA
lahontan_regional_water_quality_control_board,12,12,1,Group
lofgren,12,2,1,NA
los_angeles_regional_board,12,12,1,Group
los_banos_creek_detention_reservoir,12,12,1,Infrastructure
lowlands_subbasin,12,12,1,Basin
maine,12,12,1,NA
mariposa_creek,12,6,1,Natural_Feature
maximum_benefits_monitoring_program,12,12,1,Technical
mcclellan_air_force_base,12,6,1,NA
mcmullin,12,12,1,NA
mendenhall_et_al,12,2,1,NA
mendocino_county_resource_conservation_district,12,12,1,District
merced_sustainable_groundwater_management_act,12,12,1,Legal
meyers,12,4,1,City
miugsa,12,12,1,Local_GSA
model,12,3,1,Technical
most,12,2,1,NA
mule_fat,12,12,1,NA
mw15,12,12,1,NA
napa_county_groundwater_sustainability_agency_board_of_directors,12,12,1,Group
nathanson_creek,12,12,1,Natural_Feature
national_centers_for_environmental_information,12,2,1,Federal_Gov
national_cooperative_soil_survey,12,2,1,NA
national_program,12,12,1,NA
national_wetland_inventory,12,2,1,NA
native_american_tribal_communities,12,4,1,NA
no3n,12,12,1,NA
no_groundwater_sustainability_agency_party,12,2,1,NA
non_cal_am,12,12,1,NA
olcese_water_district,12,12,1,District
owens_valley_groundwater_authority_board_of_directors,12,12,1,Group
paskenta_band,12,12,1,NA
patsy,12,12,1,NA
plan_review_committee,12,4,1,Group
poplar_irrigation_company,12,2,1,NA
potter_valley_project,12,6,1,Water_Project
prefumo_creek,12,12,1,Natural_Feature
primary_directors,12,2,1,NA
putah_creek_council,12,12,1,Group
qa_qc,12,2,1,NA
rcdmc,12,12,1,NA
representative_monitoring_networks,12,12,1,Technical
riley,12,2,1,NA
riverside,12,2,1,County
rock_creek,12,4,1,Natural_Feature
s_disadvantaged_community,12,6,1,NA
sacramento_groundwater_authority_groundwater_sustainability_agency,12,12,1,Local_GSA
sagbi,12,6,1,NA
san_benito_county_water_district_act,12,12,1,Legal
san_gabriel_fault,12,12,1,NA
san_gabriel_valley_basin,12,12,1,Basin
san_gorgonio_pass_groundwater_sustainability_agency,12,12,1,Local_GSA
santa_barbara_groundwater_basin,12,12,1,Basin
santa_rosa_valley,12,2,1,City
santa_ynez_band,12,4,1,NA
santa_ynez_river_valley,12,6,1,Geographic_Unit
sgiwgm,12,12,1,NA
siskiyou_county_board_of_supervisors,12,4,1,Group
sisquoc_formation,12,4,1,Natural_Feature
sjr,12,12,1,NA
smc7,12,6,1,NA
smithneck_creek,12,12,1,Natural_Feature
somis_fault_zone,12,12,1,Geographic_Unit
south_san_jose_creek,12,12,1,Natural_Feature
southern_california,12,2,1,State_Gov
spadra_groundwater_sustainability_agency,12,12,1,Other_GSA
ssci,12,6,1,NA
stakeholder_workshops,12,6,1,NA
surface_water_system_overdraft,12,6,1,NA
sustainable_groundwater_management_act_tools,12,1,1,NA
swat,12,12,1,NA
t_summary_of_quality_assurance_evaluation,12,2,1,NA
tejon,12,6,1,NA
tejon_ranch_conservation_land_use_agreement,12,4,1,Group
temescal_basin_model,12,12,1,Technical
teviston,12,12,1,City
this_physical_solution,12,12,1,NA
thousand_oaks,12,3,1,City
tm5,12,2,1,NA
tri_county,12,3,1,County
tulare_county_flood_control_district,12,4,1,District
tulare_county_housing_element_action_program,12,4,1,NA
tule_river,12,3,1,Natural_Feature
tule_subbasin_groundwater_sustainability_agency,12,3,1,Other_GSA
u_v190_map_features_tule_groundwater_subbasin_alfalfa,12,2,1,Reference
ucs,12,6,1,NA
upper_tehama,12,12,1,NA
urc,12,3,1,NA
us_geological_survey_professional_paper,12,1,1,NA
valencia_water_reclamation_plant,12,12,1,NA
vallejo,12,12,1,City
valley_springs,12,3,1,City
w_alisa,12,2,1,NA
water,12,1,1,NA
water_quality_partnership,12,12,1,NA
wdr,12,6,1,NA
wells_2,12,12,1,NA
west_basin_municipal_water_district,12,12,1,District
west_oxnard_plain_management_area,12,12,1,Geographic_Unit
west_well_field,12,12,1,NA
western_heights_management_areas,12,12,1,Geographic_Unit
western_municipal_water_district,12,6,1,District
western_riverside_county_regional_wastewater_authority,12,6,1,Group
westside_san_joaquin,12,2,1,NA
wildcat_creek,12,6,1,Natural_Feature
williamson_method,12,3,1,NA
woodring_et_al,12,3,1,NA
af_ac,11,6,1,NA
amsl,11,6,1,NA
annual_groundwater_reports,11,11,1,Technical
annual_reports,11,6,1,Technical
appendix_3,11,6,1,Reference
aquifer_systems_a,11,6,1,NA
arden,11,4,1,NA
arroyo_simi_las_posas,11,11,1,NA
audubon,11,3,1,NA
awmp,11,2,1,NA
bakersfield_arch,11,4,1,NA
ballona_wetlands_ecological_reserve,11,11,1,NA
bell_canyon_reservoir,11,11,1,Infrastructure
board_of_trustees,11,6,1,NA
boeing,11,11,1,NA
bouquet_canyon,11,11,1,NA
bouquet_creek,11,11,1,Natural_Feature
bureau,11,2,1,NA
california_central_valley_groundwater_surface_water_simulation_model,11,1,1,State_Gov
california_city,11,11,1,City
california_safe_drinking_water_act,11,4,1,State_Gov
calsimetaw,11,2,1,NA
caltrans,11,2,1,State_Gov
camp_evers,11,11,1,NA
capay,11,11,1,NA
carlotta_formation,11,11,1,Natural_Feature
channel_aquifer,11,11,1,Natural_Feature
charles,11,11,1,NA
checkbook,11,6,1,NA
chualar,11,3,1,City
city_of_tulelake,11,4,1,City
cma_groundwater_sustainability_agency_committee,11,11,1,Group
code,11,4,1,Legal
communication_and_engagement_subcommittee,11,11,1,Group
conejo_hills,11,11,1,NA
contra_costa,11,4,1,County
corona_department_of_water_and_power,11,6,1,NA
cosumnes_groundwater_authority,11,11,1,Group
cosumnes_subbasin_groundwater_sustainability_plan,11,11,1,Technical
cosumnes_subbasin_working_group,11,11,1,Group
county_of_butte,11,3,1,County
county_planning_department,11,3,1,Group
creighton_ranch,11,11,1,NA
croft_gordon,11,6,1,NA
current_water_budget,11,4,1,NA
department_of_water_resources_best_management_practices,11,1,1,NA
dipaw,11,11,1,NA
drinking_water_wells_protection_program,11,11,1,NA
edgewood,11,11,1,City
el_rico,11,11,1,NA
es,11,4,1,NA
ets,11,11,1,NA
fairview,11,11,1,City
faq,11,3,1,NA
farmers_irrigation_company,11,6,1,NA
fill,11,2,1,NA
fire_and_resource_assessment_program,11,6,1,NA
fresno_county_pleasant_valley,11,11,1,Geographic_Unit
fully_protected,11,1,1,NA
garner_et_al,11,11,1,NA
geoscience_support_services_inc,11,11,1,NA
global_positioning_systems,11,6,1,NA
groundwater_dependent_ecosystem_units,11,4,1,NA
groundwater_sustainability_plan_development_team,11,6,1,NA
henry_miller,11,6,1,NA
hilmar,11,11,1,NA
inactive_rancho_cordova_test_site,11,11,1,NA
kcwa,11,11,1,NA
kern_county_public_health_services_department,11,4,1,Group
kern_county_water_agency_improvement_district_no,11,3,1,NA
kern_river,11,6,1,Natural_Feature
kiessling,11,11,1,NA
ladpw,11,11,1,NA
lidar,11,4,1,NA
linden_county_water_district,11,11,1,District
loleta_community_services_district,11,11,1,District
lsce_technical_peer_review_mtg,11,11,1,Technical
madera_irrigation_district_board,11,11,1,Group
management_area_exceedance,11,11,1,NA
management_of_groundwater,11,11,1,NA
markley_formation,11,11,1,Natural_Feature
matt,11,11,1,NA
matt_wiedlin,11,11,1,NA
maxwell,11,11,1,City
merced_county_groundwater_sustainability_agency,11,11,1,Other_GSA
merced_subbasin_groundwater_sustainability_plan,11,11,1,Technical
methyl_tertiary_butyl_ether,11,11,1,NA
meyers_water_bank,11,6,1,NA
monitoring_program,11,3,1,Technical
mulefat,11,4,1,NA
nacimiento_reservoir,11,3,1,Infrastructure
national_wetlands_inventory,11,4,1,NA
nd,11,4,1,NA
owens_lake_management_area,11,11,1,Geographic_Unit
pacheco_reservoir_expansion_project,11,11,1,Water_Project
patwin,11,11,1,NA
petaluma_valley_groundwater_sustainability_agency_board,11,11,1,Group
pid,11,11,1,NA
placer_county_water_agency,11,4,1,Group
pleasant_valley_state_prison,11,11,1,NA
policy_advisory_committee,11,11,1,Group
porter_cologne_water_quality_control_act,11,2,1,Legal
precipitation_elevation_regressions_on_independent_slopes_model,11,3,1,Technical
prepare,11,3,1,NA
programmatic_environmental_impact_report,11,11,1,Technical
public_health_goals,11,4,1,NA
pud,11,6,1,NA
q2_spu,11,11,1,NA
recycled_water_facilities_planning_study,11,11,1,NA
red_willow,11,11,1,NA
riverside_county_department_of_environmental_health,11,4,1,NA
rmc,11,4,1,NA
robles_subbasin,11,11,1,Basin
sacramento_regional_water_bank,11,6,1,NA
sacramento_suburban_water_district,11,4,1,District
salt_wells_valley,11,11,1,Geographic_Unit
san_luis_obispo_valley,11,11,1,Geographic_Unit
san_luis_unit,11,4,1,NA
san_timoteo_subbasin,11,11,1,Basin
santa_cruz_co_op,11,11,1,NA
santa_maria_creeks,11,11,1,Natural_Feature
santa_rosa_plain_groundwater_sustainability_agency_board,11,11,1,Group
sdac_disadvantaged_community,11,11,1,NA
searles_valley_minerals_inc,11,11,1,NA
sespe_upland,11,6,1,NA
sgs_orlando,11,11,1,NA
smc5,11,11,1,NA
soda_creek_fault,11,11,1,NA
soil_mechanics_and_foundation_engineers,11,11,1,NA
soil_water_budget_model,11,11,1,Technical
solomon_hills,11,11,1,NA
species_of_special_concern,11,4,1,NA
stratford,11,11,1,City
streamkeeper,11,11,1,NA
subareas,11,4,1,Geographic_Unit
sulphur_creek,11,6,1,Natural_Feature
sutter_national_wildlife_refuge,11,11,1,NA
svrp,11,11,1,NA
sw_gw,11,6,1,NA
sweetkind_et_al,11,6,1,NA
sy,11,3,1,NA
table,11,2,1,Reference
terra_bella_community_plan,11,11,1,Technical
this_communication_and_engagement_plan,11,1,1,Technical
total_dissolved_solid,11,11,1,NA
tracy_subbasins,11,4,1,Basin
transmissivity,11,1,1,NA
turlock_subbasin_groundwater_sustainability_plan,11,11,1,Technical
twitter,11,2,1,NA
upper_valley,11,11,1,Geographic_Unit
vista_clara,11,11,1,NA
wagner,11,4,1,NA
waste_discharge_requirements,11,2,1,NA
water_quality_management_coordination_project,11,11,1,Water_Project
water_quality_supply,11,2,1,NA
watson_creek,11,11,1,Natural_Feature
weber,11,6,1,NA
wells_c,11,11,1,NA
west_turlock_subbasin,11,6,1,Basin
western_management_area_groundwater_sustainability_agency_committee,11,11,1,Group
wilson,11,4,1,NA
winton,11,11,1,City
yokohl,11,4,1,NA
yreka_creek,11,11,1,Natural_Feature
zaca_creek,11,11,1,Natural_Feature
aarhus_workbench,10,5,1,NA
adobe_creek_reservoir,10,10,1,Infrastructure
ag_managed_aquifer_recharge,10,10,1,NA
alluvium,10,3,1,Natural_Feature
alta_mutual_water_company,10,2,1,NA
an_encroachment_permit,10,2,1,NA
anc,10,10,1,NA
anderson_subbasin_groundwater_sustainability_plan,10,5,1,Technical
aquilogic,10,10,1,NA
arizona,10,5,1,NA
authority_board,10,10,1,Group
banning,10,10,1,City
bouquet_reservoir,10,10,1,Infrastructure
bramlette,10,5,1,NA
branciforte_creek,10,10,1,Natural_Feature
budget_and_finance_committee,10,2,1,Group
butte_county_board_of_supervisors,10,5,1,Group
c_clay,10,5,1,Natural_Feature
cabazon_storage,10,10,1,NA
california_natural_diversity_data_base,10,10,1,State_Gov
canyon_irrigation_company,10,5,1,NA
careaga_formation,10,5,1,Natural_Feature
castac_basin_numerical_model,10,10,1,Technical
cbi,10,10,1,NA
chad_taylor,10,3,1,NA
chg,10,10,1,NA
city_of_exeter,10,5,1,City
city_of_lake_elsinore,10,10,1,City
city_of_orland,10,5,1,City
city_of_oroville,10,10,1,City
city_of_richmond,10,10,1,City
city_of_yuba_city,10,10,1,City
common_technical_memoranda,10,2,1,Technical
completion_reports,10,1,1,Technical
conejo_creek_project,10,3,1,Water_Project
conservancy,10,2,1,NA
consultant_team,10,10,1,NA
consulting_engineers,10,1,1,NA
coordination_program,10,2,1,NA
corral_de_piedras_creek,10,10,1,Natural_Feature
county_of_sacramento_groundwater_sustainability_agency_south_american,10,10,1,Local_GSA
cross,10,3,1,NA
cuyama_basin_water_resources_model,10,10,1,Technical
dairy_general_order_monitoring_program,10,2,1,Technical
depletion_of_interconnected_surface_water_sustainability_indicator,10,10,1,NA
discovery_bay_community_services_district_groundwater_sustainability_agency,10,10,1,Local_GSA
dissolved,10,5,1,NA
dixon_resource_conservation_district,10,10,1,District
earlimart_public_utility_district_management_area,10,10,1,Geographic_Unit
east_kaweah_groundwater_sustainability_agency_board_of_directors,10,10,1,Group
east_stanislaus,10,5,1,NA
eastside_aquifer_subbasin,10,3,1,Basin
edf,10,2,1,NA
el_camino_irrigation_district,10,10,1,District
el_toro_creek,10,10,1,Natural_Feature
ema_groundwater_sustainability_agency_committee,10,10,1,Group
epworth_gravels,10,10,1,NA
eureka,10,10,1,City
exchange_contract,10,10,1,Legal
f_monitoring,10,1,1,Technical
fan_et_al,10,5,1,NA
fill_data_gaps,10,2,1,Technical
fiscal_and_contracting_entity,10,10,1,NA
flood_alert,10,10,1,NA
flood_management_actionsr,10,10,1,NA
flood_management_arear,10,5,1,NA
food_and_agriculture_organization,10,10,1,NA
formation,10,2,1,Natural_Feature
fortran,10,1,1,NA
franciscan_assemblage,10,10,1,NA
frank,10,5,1,NA
franklin_drainage_district_groundwater_sustainability_agency_northern_delta_groundwater_sustainability_agency,10,10,1,Other_GSA
frost_hurzel,10,10,1,NA
fte,10,10,1,NA
future_baseline,10,3,1,NA
geo_logic_company,10,3,1,NA
geologic_energy_management_division,10,1,1,State_Gov
great_basin_unified_air_pollution_control_district,10,10,1,District
greene,10,3,1,NA
ground_positioning_system,10,10,1,NA
ground_water_service_area,10,10,1,Geographic_Unit
groundwater_surface,10,2,1,NA
groundwater_sustainability_agency_board_meetings,10,2,1,NA
groundwater_sustainability_agency_management_committee,10,5,1,Group
groundwater_sustainability_plan_group_alternate_representative,10,2,1,NA
gwa,10,10,1,NA
halligan,10,10,1,NA
hernandez_paicines,10,10,1,NA
hydrogeologic,10,2,1,NA
igs,10,10,1,NA
incomplete,10,2,1,NA
interstate_5,10,2,1,NA
inyo_county_board_of_supervisors,10,5,1,Group
inyo_county_water_department,10,10,1,Group
jay_jasperse,10,5,1,NA
joint,10,3,1,NA
joint_supplemental_project,10,10,1,Water_Project
jones,10,3,1,NA
kaweah_delta_water_conservation_district_groundwater_model,10,3,1,Technical
kelseyville_formation,10,10,1,Natural_Feature
kenwood,10,10,1,City
kern_delta,10,10,1,NA
kern_groundwater_authority_groundwater_sustainability_agency_board,10,10,1,Group
kern_river_gsa,10,10,1,Other_GSA
kiefer_landfill,10,10,1,NA
kings_river,10,3,1,Natural_Feature
kmz,10,5,1,NA
koenig,10,10,1,NA
l_us_environmental_protection_agency,10,10,1,Group
laboratory_project_manager,10,3,1,NA
land_surface_system,10,10,1,NA
land_use_data,10,1,1,Technical
las_posas_users_group,10,10,1,Group
lassen_county_board_of_supervisors,10,10,1,Group
lcs,10,10,1,NA
left_bank_near,10,10,1,NA
liberty_millrace_canal,10,10,1,NA
lincoln_oaks,10,3,1,NA
lindsay_strathmore_irrigation_district,10,10,1,District
little_last_chance_creek,10,10,1,Natural_Feature
lockeford_community_services_district,10,10,1,District
long_beach,10,5,1,City
lookout,10,10,1,City
los_angeles_basin_plan,10,10,1,Technical
lower_kaweah,10,5,1,NA
madera_county_east,10,5,1,NA
maximum_contaminant_levels,10,2,1,NA
microsoft,10,1,1,NA
modoc_plateau,10,3,1,NA
monterey_bay,10,2,1,NA
morton,10,3,1,NA
mount_hermon,10,10,1,City
mun,10,10,1,NA
murphy_slough,10,10,1,Natural_Feature
mutual_water_company,10,3,1,NA
napa_county_planning,10,10,1,NA
napa_valley_floor_subareas,10,10,1,Geographic_Unit
naval_base_ventura_county,10,10,1,County
non_delta_management,10,10,1,NA
normalized_derived_vegetation_index,10,5,1,NA
north_salinas_valley,10,10,1,Geographic_Unit
north_san_joaquin_water_conservation_district_groundwater_sustainability_agency,10,10,1,Local_GSA
nutrilite,10,10,1,NA
observed,10,2,1,NA
olcese,10,10,1,NA
omochumne_hartnell_water_district_groundwater_sustainability_agency_south_american,10,10,1,Local_GSA
pajaro_valley,10,5,1,Geographic_Unit
palustrine,10,5,1,NA
paso_robles_aquifer,10,10,1,Natural_Feature
periodic,10,1,1,NA
perris_north,10,10,1,NA
pismo_creeks,10,10,1,Natural_Feature
planada,10,10,1,City
primary_agency,10,2,1,Group
project_manager,10,10,1,NA
projects_and_management,10,3,1,NA
proposed,10,1,1,NA
provost,10,3,1,NA
public_trust,10,2,1,NA
r2,10,10,1,NA
ramona,10,10,1,City
reclamation_district_no_1002_groundwater_sustainability_agency_northern_delta_groundwater_sustainability_agency,10,10,1,Other_GSA
reclamation_district_no_2110_groundwater_sustainability_agency_northern_delta_groundwater_sustainability_agency,10,10,1,Other_GSA
reclamation_district_no_369_groundwater_sustainability_agency_northern_delta_groundwater_sustainability_agency,10,10,1,Other_GSA
reclamation_district_no_551_groundwater_sustainability_agency,10,10,1,Local_GSA
reclamation_district_no_744_groundwater_sustainability_agency_northern_delta_groundwater_sustainability_agency,10,10,1,Other_GSA
reclamation_district_no_755_groundwater_sustainability_agency_northern_delta_groundwater_sustainability_agency,10,10,1,Other_GSA
reclamation_district_no_813_groundwater_sustainability_agency_northern_delta_groundwater_sustainability_agency,10,10,1,Other_GSA
reduction_with_projects_scenario,10,5,1,NA
regional_water_quality_control_board_water_quality_objective,10,10,1,NA
required,10,1,1,NA
riversidean_alluvial_scrub,10,5,1,NA
rymer,10,10,1,NA
sa,10,10,1,NA
sacramento_central_groundwater_authority_groundwater_sustainability_agency_1,10,10,1,Local_GSA
sacramento_valley_water_year,10,10,1,NA
samantha_arthur,10,5,1,NA
san_antonio_basin,10,10,1,Basin
san_jose_creek,10,10,1,Natural_Feature
san_lorenzo_river,10,5,1,Natural_Feature
san_pasqual_academy,10,10,1,NA
santa_fe_canal,10,10,1,NA
santa_monica_mountains,10,5,1,NA
santa_rita,10,5,1,NA
scalebroom,10,5,1,NA
scalmanini,10,2,1,NA
scalmanini_consulting_engineers,10,2,1,NA
schafer,10,5,1,NA
sci,10,5,1,NA
scott_valley,10,5,1,Geographic_Unit
sediment_and_erosion_management_plan,10,2,1,Technical
shrubland,10,5,1,NA
shrubland_groundwater_dependent_ecosystem,10,5,1,Natural_Feature
sierra_de_salinas,10,3,1,NA
sierraville,10,10,1,City
sip,10,5,1,NA
sloughhouse_resource_conservation_district_groundwater_sustainability_agency_south_american_1,10,10,1,NA
smud,10,10,1,NA
soboba_settlement_agreement,10,10,1,Group
sokr_groundwater_sustainability_plan,10,10,1,Technical
solano_project_contract_allocations,10,10,1,NA
solano_water_authority,10,10,1,Group
south_san_joaquin,10,10,1,NA
southwest_kings_groundwater_sustainability_agency,10,10,1,Local_GSA
sql,10,2,1,NA
sscawa,10,10,1,NA
stakeholder_communication,10,2,1,NA
stanford,10,5,1,City
state_route_99,10,2,1,NA
sumner_hill_potential_groundwater_dependent_ecosystem_unit,10,10,1,NA
sustainable_groundwater_management_act_data,10,1,1,Technical
sustainable_groundwater_planning_grant_program,10,3,1,NA
sutter_buttes,10,3,1,NA
swd,10,10,1,NA
tehama_county_groundwater_commission,10,2,1,Group
total_farm_delivery_requirement,10,10,1,NA
tre_altamira_inc,10,1,1,NA
tres_pinos_valley_basin,10,10,1,Basin
tres_pinos_water_district,10,10,1,District
tulare_county_farm_bureau,10,3,1,NA
tulelake,10,10,1,City
turlock_groundwater_basin_association,10,10,1,Group
upper_basins_surface_water_model,10,5,1,Technical
upper_ventura_river_groundwater_agency_board,10,10,1,Group
valencia_creek,10,10,1,Natural_Feature
vandenberg_space_force_base,10,3,1,NA
vandenberg_village_community_services_district,10,10,1,District
washoe,10,10,1,NA
water_well_standards,10,5,1,NA
wdraft_2021,10,10,1,NA
wildermuth_environmental_inc,10,10,1,NA
wse,10,10,1,NA
yolo_subbasin_groundwater_agency,10,3,1,Group
yuba_goldfields,10,10,1,NA
3d_geologic_model,9,4,1,Technical
ab_3030,9,3,1,NA
ab_303_public_outreach_project,9,9,1,Water_Project
adequately_address_groundwater_quality,9,2,1,NA
adjacent_subbasins,9,4,1,Basin
administrative_information,9,2,1,Natural_Feature
af_y_table,9,9,1,Reference
agency_board_of_directors,9,9,1,Group
alfz,9,9,1,NA
alta,9,9,1,City
ao,9,3,1,NA
appendix_1_d,9,2,1,Reference
arb,9,3,1,NA
attachment_b,9,3,1,NA
baja,9,3,1,NA
barrancas,9,9,1,NA
bautista_creek,9,9,1,Natural_Feature
beckwith,9,9,1,NA
beller,9,3,1,NA
big_valley_band,9,9,1,NA
bohm,9,9,1,NA
bondy_groundwater_consulting,9,3,1,NA
brown_and_caldwell,9,9,1,NA
bs,9,4,1,NA
buckeye,9,9,1,NA
bulletin_118,9,2,1,NA
burton_et_al,9,2,1,NA
cache_creek,9,9,1,Natural_Feature
cachuma,9,3,1,NA
caleta,9,9,1,NA
california_department_of_health_services,9,3,1,State_Gov
california_division_of_water_resources,9,2,1,State_Gov
calpella_county_water_district,9,9,1,District
camanche_reservoir,9,9,1,Infrastructure
camp_roberts,9,4,1,NA
carneros_subarea,9,9,1,Geographic_Unit
census_designated_places,9,3,1,NA
cities_of_oxnard,9,9,1,NA
city_of_dorris,9,9,1,City
city_of_escalon,9,9,1,City
city_of_greenfield,9,9,1,City
city_of_huron,9,9,1,City
city_of_patterson,9,9,1,City
city_of_port_hueneme,9,4,1,City
city_of_sebastopol,9,9,1,City
clean,9,3,1,NA
columbia,9,3,1,City
colusa_subbasins,9,3,1,Basin
community_facilities_district,9,2,1,District
conservation,9,2,1,NA
construction_reports,9,3,1,Technical
continental_basin_deposits,9,9,1,NA
country_club,9,2,1,City
county_of_contra_costa_groundwater_sustainability_agency,9,9,1,Local_GSA
csgsa,9,9,1,Local_GSA
danskin,9,9,1,NA
darcy,9,2,1,NA
dataset,9,2,1,Technical
david_morrison,9,9,1,NA
department_of_agriculture_natural_resources_conservation_service,9,2,1,NA
department_of_energy,9,2,1,Federal_Gov
department_of_water_resources_irrigation_management_information_system,9,3,1,Technical
e,9,2,1,NA
e_clay,9,3,1,Natural_Feature
earlimart_public_utility_district,9,9,1,District
east_bay_municipal_utility_district_groundwater_sustainability_agency,9,9,1,Local_GSA
east_county,9,9,1,County
eastside_san_joaquin_groundwater_sustainability_agency,9,9,1,Local_GSA
ebmud_groundwater_sustainability_agency,9,9,1,Other_GSA
environmental_health_divisions,9,4,1,NA
exclusive_groundwater_sustainability_agency,9,9,1,Other_GSA
fa,9,9,1,NA
farmers_water_district_groundwater_sustainability_plan,9,2,1,Technical
fkc_milepost,9,3,1,NA
forebay_subarea,9,9,1,Geographic_Unit
fountain_springs_gulch,9,3,1,NA
frazier_creeks,9,2,1,Natural_Feature
frwr,9,4,1,NA
geosystems,9,9,1,NA
glen_ivy_fault,9,9,1,NA
glenn_county_water_advisory_committee,9,4,1,Group
glenn_syncline,9,4,1,NA
goodman,9,9,1,NA
governing_bodies,9,9,1,NA
graciosa,9,4,1,NA
grapevine_development,9,9,1,NA
graton_rancheria,9,3,1,NA
groundwater_elevation_data_were_sparse_for_the_toro_canyon,9,9,1,Technical
groundwater_levels,9,2,1,NA
groundwater_monitoring_network_enhancement_project,9,9,1,Water_Project
groundwater_recharge_project,9,4,1,Water_Project
groundwater_sustainability_agency_administration,9,2,1,NA
groundwater_sustainability_plan_elements,9,1,1,NA
groundwater_sustainability_plan_evaluation_reports,9,9,1,Technical
groundwater_sustainability_plan_update,9,3,1,NA
gsi_water_solutions,9,4,1,NA
gsi_water_solutions_inc,9,2,1,NA
gw_storage,9,2,1,NA
habitat_conservation_plan,9,2,1,Technical
hammil_valley,9,9,1,Geographic_Unit
hardrock,9,9,1,NA
harrington,9,9,1,NA
hasan,9,3,1,NA
hayward_wells_c,9,9,1,NA
hetch_hetchy,9,9,1,NA
high_speed_rail,9,9,1,NA
hueneme_mugu_shelves,9,3,1,NA
hydrogeologic_conceptualization_report,9,9,1,Technical
hydrologic_conceptual_model,9,9,1,Technical
independence,9,9,1,City
integrated_resources_plan,9,9,1,Technical
integrated_sustainability_plan,9,4,1,Technical
intergovernmental_panel_on_climate_change,9,3,1,NA
inyokern_community_services_district,9,9,1,District
isola,9,4,1,NA
julie,9,9,1,NA
kaweah_subbasin_management_team,9,9,1,NA
kjn_sulfate_dissolved,9,9,1,NA
klamath_national_forest,9,4,1,NA
ksat,9,2,1,NA
land_use_planning,9,3,1,NA
larry_walker,9,9,1,NA
larry_walker_study,9,9,1,NA
las_flores,9,9,1,City
laton,9,9,1,City
lee_lake_ma,9,9,1,NA
loch_lomond_reservoir,9,9,1,Infrastructure
los_alamos_syncline,9,9,1,NA
los_carneros_water_district,9,9,1,District
lower_tule_river_irrigation_district_board_of_directors,9,9,1,Group
malin,9,9,1,NA
marina_del_rey,9,9,1,City
matheny_tract,9,9,1,Legal
mather_air_force_base,9,9,1,NA
matthew_winegar,9,9,1,NA
mcgrath,9,2,1,NA
mcwra_board_of_directors,9,9,1,Group
melissa_m_rohde,9,4,1,NA
memorandum_of_agreement,9,2,1,Group
merced_groundwater_management_plan,9,9,1,Technical
merced_groundwater_subbasin,9,9,1,Basin
merced_groundwater_sustainability_plan,9,9,1,Technical
metropolitan_bakersfield_general_plan,9,4,1,Technical
mettler,9,4,1,City
mkgsa_board,9,9,1,Group
mkgsa_board_of_directors,9,9,1,Group
monitoring_and_data_collection_protocols,9,9,1,Technical
monterey_peninsula_water_management_district,9,9,1,District
mud_slough,9,9,1,Natural_Feature
mvwd,9,9,1,NA
napa_sonoma_lowlands_subbasin,9,9,1,Basin
national_field_manual,9,3,1,NA
newton,9,2,1,NA
nkgsa,9,4,1,Other_GSA
north_valley_regional_recycled_water_program,9,9,1,NA
northgate,9,3,1,NA
nubieber,9,9,1,City
nuevo_lakeview,9,9,1,NA
openstreetmap,9,2,1,NA
ord,9,9,1,NA
orland_project,9,9,1,Water_Project
owens_lake,9,9,1,Natural_Feature
pacific_lamprey,9,3,1,NA
pixley_id_groundwater_sustainability_agency,9,9,1,Other_GSA
planned,9,1,1,NA
planning_committee,9,4,1,Group
porter_cologne_act,9,1,1,Legal
potrero,9,9,1,City
prepared,9,2,1,NA
preston,9,9,1,NA
primary_calibration,9,9,1,NA
pritchard,9,4,1,NA
provides,9,1,1,NA
public_information_officer,9,2,1,NA
public_water_system,9,3,1,Natural_Feature
pure_water_monterey,9,9,1,NA
pvwcd,9,3,1,NA
pwc,9,3,1,NA
quarry,9,9,1,NA
ramelli,9,9,1,NA
rana,9,2,1,NA
reclamation_district_2062,9,9,1,NA
rector_reservoir,9,9,1,Infrastructure
redding_rancheria,9,4,1,NA
reported,9,2,1,Technical
representative_monitoring_site,9,9,1,Technical
resources,9,2,1,NA
rice,9,4,1,NA
rob_swartz,9,9,1,NA
rock_slough,9,9,1,Natural_Feature
romero_creek,9,9,1,Natural_Feature
rss,9,9,1,NA
rutherford,9,9,1,City
sacramento_area_flood_control_agency,9,9,1,Group
safca_flood_management_actionsr,9,9,1,NA
salinas_valley_basin_groundwater_sustainability_agency_board_of_directors,9,4,1,Group
samantha,9,9,1,NA
san_antonio_spreading_grounds,9,9,1,NA
san_benito_county_water_district_groundwater_sustainability_agency_north_san_benito,9,9,1,NA
san_cayetano,9,4,1,NA
san_juan_valley,9,9,1,Geographic_Unit
san_luis_national_wildlife_refuge,9,4,1,NA
san_luis_rey_indian_water_authority,9,9,1,Group
san_miguel_community_services_district_groundwater_sustainability_agency,9,9,1,Local_GSA
santa_clara_valley_water_district_groundwater_sustainability_agency_north_san_benito,9,9,1,Local_GSA
santa_clarita_water_division,9,9,1,NA
santa_cruz_mountains,9,4,1,NA
santa_cruz_mudstone,9,9,1,NA
santa_margarita_groundwater_agency,9,4,2,Other_GSA
sarah,9,9,1,NA
secondary_maximum_contaminant_level,9,3,1,NA
settlement_contractors,9,4,1,NA
shastina,9,9,1,NA
sierran,9,4,1,NA
siskiyou_county_code,9,4,1,Legal
solano_groundwater_sustainability_agency_collaborative,9,9,1,NA
south_san_joaquin_valley,9,9,1,Geographic_Unit
st_johns_river,9,4,1,Natural_Feature
stakeholders_interested_parties,9,9,1,NA
state_assembly,9,2,1,State_Gov
stephen_maples,9,3,1,NA
stillwater,9,4,1,NA
storativity,9,2,1,NA
streamflow_routing_package,9,2,1,NA
sustainability_agencies,9,2,1,Group
sustainable_groundwater_management_act_basin_prioritization,9,3,1,NA
sustainable_management_of_groundwater_monitoring_protocols,9,2,1,Technical
sv,9,2,1,NA
svgb,9,2,1,NA
table_g2,9,9,1,Reference
table_pma2,9,9,1,Reference
technical_review_committee,9,9,1,Group
technical_review_team,9,9,1,Technical
terrace,9,9,1,NA
timeline,9,3,1,NA
total_dissolved_solids_data,9,9,1,Technical
total_suspended_solids,9,9,1,NA
town_hall,9,2,1,NA
tres,9,9,1,NA
triennial_update,9,9,1,NA
tulare_id,9,9,1,NA
tulelake_subbasin,9,9,1,Basin
ucd,9,4,1,NA
university_navstar,9,2,1,NA
upper_pressure_and_canyon,9,9,1,NA
upper_ventura_river_groundwater_model,9,9,1,Technical
urs,9,3,1,NA
vandenberg_air_force_base,9,3,1,NA
ventura_county_waterworks,9,4,1,NA
verbenia_groundwater_sustainability_agency,9,9,1,Local_GSA
verification,9,3,1,NA
vice_chair,9,4,1,NA
voc,9,9,1,NA
walnut_hills,9,9,1,NA
water_conservation_coalition,9,4,1,NA
water_table_aquifer_zone,9,9,1,Reference
wba,9,9,1,NA
wel,9,4,1,NA
wells_valley_groundwater_authority,9,9,1,Group
wildomar,9,9,1,City
wildwood_canyon,9,9,1,NA
woodbridge_irrigation_district_groundwater_sustainability_agency,9,9,1,Local_GSA
yuba_county_water_agency,9,4,1,Group
yucaipa_valley,9,9,1,Geographic_Unit
a_memorandum_of_understanding,8,2,1,NA
above_mean_sea_level,8,8,1,NA
above_narrows_account,8,3,1,NA
adopted_ordinance_no,8,1,1,NA
agua_tibia_narrows,8,8,1,NA
alaska,8,2,1,NA
alpaugh_community_services_district,8,8,1,District
an_advisory_committee,8,1,1,Group
analyze_accessed,8,2,1,NA
annual_pumping_allocation,8,3,1,NA
annual_pumping_allocation_plan,8,8,1,Technical
appendix_1_b,8,2,1,Reference
appendix_e,8,2,1,Reference
aquifer_systems,8,4,1,Natural_Feature
arroyo_parida_fault,8,8,1,NA
assembly_bill_359,8,2,1,NA
basin_boundary_modi,8,8,1,NA
bcvwd,8,8,1,NA
beardsley_wash,8,8,1,NA
bedford_coldwater,8,4,1,NA
benicia,8,4,1,City
berrenda_mesa,8,8,1,NA
berry_creek,8,2,1,City
big_springs_irrigation_district,8,8,1,District
blue_cut,8,4,1,NA
bob,8,8,1,NA
box_springs_mutual_water_company,8,8,1,NA
buellton_aquifer,8,8,1,Natural_Feature
butano_sandstone,8,8,1,NA
butte_valley_integrated_hydrologic_model,8,8,1,Technical
california_sycamore,8,4,1,State_Gov
calistoga_st_helena,8,8,1,NA
camarillo_sanitation_district,8,2,1,District
camulos_ranch,8,4,1,NA
careaga,8,4,1,NA
census_bureau,8,2,1,Federal_Gov
central_delta_water_agency_groundwater_sustainability_agency,8,8,1,Local_GSA
central_san_joaquin_water_conservation_district_groundwater_sustainability_agency,8,8,1,Local_GSA
central_valley_flood_protection_board,8,2,1,State_Gov
chevron,8,2,1,NA
cities_of_camarillo,8,3,1,NA
city_and_cal_water,8,8,1,NA
city_municipal_code,8,8,1,Legal
city_of_corcoran,8,8,1,City
city_of_davis,8,8,1,City
city_of_hayward_groundwater_sustainability_agency,8,8,1,Local_GSA
city_of_lodi_groundwater_sustainability_agency,8,8,1,Local_GSA
city_of_manteca_groundwater_sustainability_agency,8,8,1,Local_GSA
city_of_stockton_groundwater_sustainability_agency,8,8,1,Local_GSA
city_of_willows,8,8,1,City
cleanup_and_abatement_order,8,2,1,NA
coalition,8,3,1,NA
coast_live_oak_alliance,8,3,1,NA
coastal,8,2,1,NA
cob,8,3,1,NA
colorado_river_aqueduct,8,3,1,NA
commonly_associated_with_groundwater,8,2,1,NA
communication,8,2,1,NA
communication_and_education_plan,8,8,1,Technical
communication_and_public_engagement_actions,8,4,1,NA
comprehensive_groundwater_management_program,8,8,1,NA
continuous_global_positing_system,8,8,1,NA
cor_water_utility,8,8,1,NA
corning_sub_basin,8,2,1,Basin
cottonwood_percent,8,2,1,NA
county_farm,8,1,1,NA
county_of_san_joaquin_groundwater_sustainability_agency_eastern_san_joaquin_1,8,8,1,Local_GSA
county_of_san_joaquin_groundwater_sustainability_agency_eastern_san_joaquin_2,8,8,1,Local_GSA
cuyama_basin_groundwater_sustainability_agency_board_of_directors,8,8,1,Group
de_groot,8,4,1,NA
dennis_r,8,8,1,NA
dfw,8,4,1,NA
dgps,8,4,1,NA
district_groundwater_sustainability_agency,8,1,1,Other_GSA
draft_assembly_bill_3030,8,4,1,NA
draft_best_management_practices,8,1,1,NA
dupont_express,8,2,1,NA
dutcher,8,4,1,NA
east_contra_costa_irrigation_district_groundwater_sustainability_agency,8,8,1,Local_GSA
eastern_municipal_water_district,8,8,1,District
eastern_sierra,8,8,1,NA
eastside_aquifer_subbasins,8,2,1,Basin
endangered_species_act,8,4,1,Legal
environmental,8,1,1,NA
environmental_impact_report,8,1,1,Technical
environmental_quality_incentives_program,8,3,1,Federal_Gov
ergwg,8,8,1,NA
etchegoin,8,2,1,NA
expand,8,1,1,NA
facilitation_support_services,8,4,1,NA
fahrenheit,8,2,1,NA
fairbairn,8,8,1,NA
fillmore_basin,8,8,1,Basin
flint_hills,8,8,1,NA
forebay_subbasin_planning_committee,8,8,1,Group
fort,8,8,1,NA
foster_park_habitat_area,8,8,1,Geographic_Unit
fox_canyon,8,8,1,NA
fresno_county_management_area_a,8,8,1,NA
frey_creek,8,8,1,Natural_Feature
friant_division_central_valleyp,8,4,1,NA
full_natural_flow,8,8,1,NA
future,8,2,1,NA
garnett_creek,8,8,1,Natural_Feature
gei_consultants_inc,8,1,1,NA
geoconsultants,8,8,1,NA
geoscience,8,2,1,NA
geoscience_aecom,8,8,1,NA
geotracker_electronic_submittal_of_information,8,4,1,Natural_Feature
gkgsa,8,8,1,Other_GSA
global_positioning_satellite,8,8,1,NA
goshen,8,8,1,City
governors_office_of_planning_and_research,8,4,1,State_Gov
gpcd,8,2,1,NA
grassland_bypass_project,8,8,1,Water_Project
groundwater_management_program,8,2,1,NA
groundwater_recharge_assessment_tool,8,8,1,NA
groundwater_sustainability_agency_governing_body,8,2,1,NA
groundwater_sustainability_agency_working_group,8,8,1,Group
groundwater_sustainability_plan_administration,8,2,1,NA
groundwater_sustainability_plan_development_updates,8,8,1,NA
guidance_for_climate_change_data,8,2,1,Technical
habitat_suitability_indices,8,8,1,NA
historical_lows,8,8,1,NA
hodges_watershed_improvement_project,8,8,1,Water_Project
hopper,8,4,1,NA
house,8,8,1,NA
housing_element,8,8,1,NA
howes,8,2,1,NA
humboldt,8,8,1,County
ical,8,8,1,NA
implementation_team,8,8,1,NA
improvement_district_no4,8,2,1,NA
integrated_regional_groundwater_management_plan,8,4,1,Technical
inyo_county_board,8,8,1,Group
irrigation,8,1,1,NA
jack_hughes,8,8,1,NA
jackson_creek,8,8,1,Natural_Feature
john_neil,8,8,1,NA
k,8,2,1,NA
kelsey,8,4,1,NA
kern_river_groundwater_sustainability_agency_board,8,8,1,Group
kern_river_watershed_coalition_authority,8,3,1,Group
kevin_garrett,8,8,1,NA
klausing,8,8,1,NA
koterba,8,8,1,NA
kr,8,1,1,NA
lacustrine,8,2,1,NA
lai,8,8,1,NA
lake_hemet_municipal_water_district,8,8,1,District
lamp,8,4,1,NA
land_subsidence,8,1,1,NA
landiq,8,1,1,NA
landowner_land,8,8,1,NA
landwatch,8,8,1,NA
las_posas_syncline,8,8,1,NA
late1980s,8,2,1,NA
lawrence_livermore_national_laboratory,8,2,1,NA
lcse,8,4,1,NA
lewis,8,8,1,NA
linden_county_water_district_groundwater_sustainability_agency,8,8,1,Local_GSA
little_springs_creek,8,8,1,Natural_Feature
lockeford_community_service_district_groundwater_sustainability_agency,8,8,1,Local_GSA
lone_pine,8,8,1,City
los_angeles_aqueduct,8,4,1,NA
lower_arroyo_las_posas,8,8,1,NA
lu_lc,8,8,1,NA
management,8,4,1,NA
mark_nordberg,8,1,1,NA
markley,8,8,1,NA
matrix,8,4,1,NA
mcc,8,8,1,NA
mcclellan,8,3,1,NA
mcgaugh_slough,8,8,1,Natural_Feature
meadowbrook,8,8,1,City
mehrten_formations,8,3,1,Natural_Feature
mendocino_triple_junction,8,4,1,NA
merced_county_code,8,4,1,Legal
mettler_county_water_district,8,8,1,District
mexico,8,2,1,NA
mid_kings_river_groundwater_sustainability_agency,8,8,1,Local_GSA
middle_fork_tule_river,8,2,1,Natural_Feature
mike_cornelius,8,8,1,NA
mokelumne_rivers,8,8,1,Natural_Feature
monterey_county_board_of_supervisors,8,3,1,Group
monterey_subbasin_groundwater_flow_model,8,8,1,Technical
mu,8,8,1,NA
my,8,8,1,NA
n_a_n_a_forebay,8,2,1,NA
napa_county_bos,8,8,1,NA
napa_subareas,8,8,1,Geographic_Unit
napa_valley_drought_contingency_plan,8,8,1,Technical
national_agricultural_statistics_service,8,3,1,Federal_Gov
national_elevation_dataset,8,4,1,Technical
navigation_satellite_timing_and_ranging_consortium,8,4,1,NA
nebmodflow,8,8,1,Technical
newhall,8,3,1,NA
nilp,8,8,1,NA
north_kern_water_storage_district,8,8,1,District
northern_central_delta_mendota_region_groundwater_sustainability_plan,8,8,1,Technical
northern_central_delta_mendota_region_groundwater_sustainability_plan_group,8,8,1,Group
notice_of_intent,8,1,1,NA
o_mykiss,8,4,1,NA
oak_creek,8,8,1,Natural_Feature
oakdale_irrigation_district_groundwater_sustainability_agency,8,8,1,Local_GSA
ojai_valley_sanitary_district,8,8,1,District
operation_next,8,8,1,NA
operations_committee,8,4,1,Group
order,8,2,1,NA
ortiz_partida,8,8,1,NA
palms_project,8,8,1,Water_Project
pbo,8,2,1,NA
pearsonville,8,8,1,City
porterville_area_community_plan,8,8,1,Technical
project_management_action_name,8,2,1,NA
project_om,8,4,1,NA
project_or_action,8,3,1,NA
projects_management_actions,8,2,1,NA
putah_creek_accord,8,8,1,NA
qal,8,4,1,NA
r5,8,8,1,NA
rbwtp,8,8,1,NA
rch_package,8,2,1,NA
recharge_facilities,8,2,1,NA
reclamation_district_1001,8,8,1,NA
red_bluff_formation,8,4,1,Natural_Feature
redfem,8,4,1,NA
reno,8,4,1,NA
representative_monitoring_sites,8,8,1,Technical
richfield,8,8,1,City
rmw_wls,8,4,1,NA
robinson_creek,8,8,1,Natural_Feature
root_creek,8,8,1,Natural_Feature
roundtables,8,8,1,NA
ryan_teubert,8,2,1,NA
sacramento_valley_subsidence_network,8,3,1,NA
san_benito_county_water_district_board_of_directors,8,8,1,Group
san_benito_county_water_district_groundwater_sustainability_agency_board_of_directors,8,8,1,Group
san_buenaventura,8,3,1,NA
san_diego_river,8,8,1,Natural_Feature
san_dieguito_river,8,8,1,Natural_Feature
san_joaquin_delta,8,1,1,NA
san_leandro_cone,8,8,1,NA
san_timoteo_canyon,8,8,1,NA
sand_creek,8,4,1,Natural_Feature
sandra,8,8,1,NA
santa_ana_watershed,8,4,1,NA
santa_maria_river,8,2,1,Natural_Feature
santa_rosa_basin,8,8,1,Basin
scotts_valley_area,8,8,1,Geographic_Unit
section_325,8,2,1,Reference
sedimentary_deposits_of_live_oak_canyon,8,8,1,NA
sentinel_mw1,8,8,1,NA
sgs,8,8,1,NA
sheridan,8,8,1,City
siskiyou_county_groundwater_sustainability_agency,8,3,1,Other_GSA
skgsa,8,8,1,Other_GSA
smgsp,8,8,1,NA
sonoma_resource_conservation_district,8,3,1,District
south_delta_water_agency_groundwater_sustainability_agency,8,8,1,Local_GSA
south_san_joaquin_groundwater_sustainability_agency,8,8,1,Local_GSA
south_santa_ana,8,8,1,NA
spreckels,8,4,1,City
sssscc,8,2,1,NA
ssssff,8,2,1,NA
state_of,8,2,1,NA
state_university_channel_islands,8,4,1,NA
steamboat_slough,8,8,1,Natural_Feature
stillwater_creek,8,8,1,Natural_Feature
stockton_east_water_district_groundwater_sustainability_agency,8,8,1,Local_GSA
stream_gage_data_gaps_project,8,8,1,Water_Project
stream_watch,8,8,1,NA
surface_water,8,1,1,NA
surface_water_groundwater_recycled_water_transfer_stormwater_other_source_of_outside_water,8,4,1,NA
surface_water_quality_percent,8,8,1,NA
sustainable_groundwater_management_act_climate_change_data,8,1,1,Technical
sustainable_management_of_groundwater,8,2,1,NA
sycamore_marsh_farm,8,8,1,NA
system_optimization_review_study,8,8,1,NA
table_ii3,8,3,1,Reference
tca,8,4,1,NA
teague,8,8,1,NA
team,8,1,1,NA
terra_linda_recharge_canal,8,4,1,NA
that,8,1,1,NA
threatened,8,1,1,NA
toro,8,4,1,NA
traum_et_al,8,8,1,NA
trevor_joseph,8,1,1,NA
tri_county_water_authority_groundwater_sustainability_agency_tulare_lake,8,8,1,Local_GSA
trussell,8,8,1,NA
tule_subbasin_lower_tule_river_irrigation_district_groundwater_sustainability_agency_basin,8,1,1,Basin
tulucay_creeks,8,8,1,Natural_Feature
tuolumne_county_groundwater_sustainability_agency,8,8,1,Other_GSA
ucode_2014,8,3,1,NA
union_city,8,8,1,City
united_states_bureau_of_reclamation_1947,8,2,1,NA
united_states_bureau_of_reclamation_central_valley_project,8,4,1,Water_Project
united_states_of_america,8,2,1,NA
university_navstar_consortium,8,2,1,NA
university_well,8,8,1,NA
upper_valley_subbasins,8,3,1,Basin
us_bureau_of_reclamation,8,3,1,NA
us_fish_and_wildlife_service,8,1,1,Federal_Gov
usdw,8,4,1,NA
valley_water_collaborative,8,4,1,NA
vandenberg_a_is_shown_on_figureb,8,4,1,NA
vega,8,4,1,NA
vegetation_map_of_the_santa_clara_river,8,4,1,Natural_Feature
ventura_county_farm_bureau,8,2,1,NA
ventura_county_groundwater_section,8,3,1,Reference
ventura_county_water_work_district,8,8,1,District
vhd,8,8,1,NA
wa,8,3,1,NA
water_budget_best_management_practices,8,2,1,NA
watershed_information_and_conservation_council,8,8,1,Group
weed,8,8,1,City
west_placer,8,8,1,NA
west_yost,8,3,1,NA
west_yost_associates,8,3,1,NA
western_management_area_agencies,8,8,1,Group
wetter,8,4,1,NA
whiskeytown,8,4,1,NA
willard_road,8,4,1,NA
wilson_grove_formation_highlands_basin,8,8,1,Basin
yolo_counties,8,8,1,NA
yolo_county_flood_control,8,8,1,NA
zayante_vergeles,8,4,1,NA
2ab,7,7,1,NA
a_aliso_water_district,7,1,1,District
a_citizens_advisory_committee,7,7,1,Group
a_land_use_study,7,7,1,NA
a_national_aeronautics_and_space_administration_jet_propulsion_laboratory,7,1,1,NA
aaron_chapter,7,7,1,NA
action_level,7,4,1,NA
adopted,7,1,1,NA
ag_preserve,7,7,1,NA
agua_caliente,7,7,1,NA
alamo_creek,7,7,1,Natural_Feature
alder_creek,7,4,1,Natural_Feature
aliso_water_district_to,7,1,1,NA
alk,7,7,1,NA
allen_et_al,7,2,1,NA
alton,7,7,1,NA
amador_water_agency,7,2,1,Group
amec,7,7,1,NA
american,7,4,1,NA
an_executive_committee,7,7,1,Group
andrewgarciasldmwaorg,7,1,1,NA
angiola,7,7,1,NA
appendix_m,7,2,1,Reference
applied_to_pesticides,7,1,1,NA
approved,7,2,1,NA
aquifer_system,7,2,1,Natural_Feature
arroyo_seco_gravels,7,7,1,NA
arvin_edison_water_storage_district_board,7,7,1,Group
automated_data_review,7,7,1,Technical
avenal,7,7,1,City
b_data,7,1,1,Technical
b_grassland_groundwater_sustainability_plan,7,1,1,Technical
banning_canyon,7,7,1,NA
based,7,1,1,NA
basin_no,7,2,1,NA
basin_plans,7,1,1,Technical
bedford_canyon_formation,7,7,1,Natural_Feature
benito_county,7,7,1,County
berry_crops,7,7,1,NA
beth_milliken,7,7,1,NA
bitter_creek,7,7,1,Natural_Feature
blanco_drain,7,7,1,NA
board_of_directors_and_advisory_committee,7,4,1,Group
bortugno,7,7,1,NA
bowman_subbasins,7,1,1,Basin
buena_vista_rancheria,7,7,1,NA
buffalo_creek,7,4,1,Natural_Feature
bureau_of_reclamation_report_of_operations,7,1,1,Technical
burnett,7,2,1,NA
butte_city,7,7,1,NA
butte_valley_basalt,7,7,1,NA
c1,7,4,1,NA
c_northern_central_delta_mendota_regions_groundwater_sustainability_plan,7,1,1,Technical
c_rc,7,7,1,NA
cachuma_creek,7,7,1,Natural_Feature
california_native_plant_society,7,1,1,State_Gov
california_regional_water_quality_control_board,7,2,1,State_Gov
california_simulation_of_evapotranspiration_of_applied_water,7,1,1,State_Gov
california_state,7,2,1,State_Gov
california_supreme_court,7,2,1,State_Gov
calpine,7,7,1,City
cameron_creek,7,7,1,Natural_Feature
cdp,7,2,1,NA
central_delta_water_agency,7,4,1,Group
central_subbasins,7,7,1,Basin
central_yolo,7,7,1,NA
channel_islands_air_national_guard_station,7,2,1,NA
characterization_report,7,7,1,Technical
charles_gardiner,7,7,1,NA
china,7,7,1,NA
ciervo,7,7,1,NA
citizens_advisory_group,7,4,1,Group
city_groundwater_sustainability_agency,7,7,1,Other_GSA
city_of_atascadero,7,4,1,City
city_of_beverly_hills,7,7,1,City
city_of_brentwood_groundwater_sustainability_agency,7,7,1,Local_GSA
city_of_folsom,7,7,1,City
city_of_menifee,7,7,1,City
city_of_newman,7,7,1,City
city_of_rancho_cordova,7,7,1,City
city_of_santa_rosa,7,7,1,City
city_of_woodland,7,7,1,City
city_of_yreka,7,7,1,City
clendenen_associates,7,7,1,NA
cmip5,7,4,1,NA
coastal_protection,7,1,1,NA
code_of_civil_procedure,7,7,1,NA
colusa_basin_drain,7,7,1,NA
communications_and_engagement_plan,7,2,1,Technical
comprehensive_environmental_response_compensation_and_liability_act,7,7,1,Federal_Gov
consolidated,7,4,1,NA
contact,7,1,1,Legal
core,7,4,1,NA
cornelius,7,7,1,NA
corral_de,7,7,1,NA
cosumnes_working_group,7,7,1,Group
county_of_humboldt,7,7,1,County
county_of_san,7,7,1,NA
county_of_sonoma,7,7,1,County
craig_creek,7,7,1,Natural_Feature
creston_subarea,7,7,1,Geographic_Unit
cross_creek,7,4,1,Natural_Feature
cuenca,7,7,1,NA
data_management_system_working_group,7,1,1,Group
del_rey,7,4,1,City
deliverables,7,2,1,NA
delorme,7,1,1,NA
delta_mendota_subbasin_intrabasin_coordination_agreement,7,1,1,Group
department_of_water_resources_lu_lc,7,7,1,NA
department_report,7,7,1,Technical
direct_recharge_project,7,7,1,Water_Project
direct_use_project,7,7,1,Water_Project
draft_groundwater_sustainability_plan,7,2,1,Technical
drought_contingency_plan,7,4,1,Technical
ducks_unlimited,7,4,1,NA
ducks_unlimited_wetland_inventory,7,1,1,NA
e_identification,7,1,1,NA
e_j_remson,7,7,1,NA
east_san_joaquin_water_quality_coalition,7,4,1,NA
eastern_municipal_water_district_board_of_directors,7,7,1,Group
edison_fault,7,7,1,NA
elsinore_subbasin,7,4,1,Basin
eric_schmidt,7,7,1,NA
et0_data,7,2,1,Technical
eta,7,4,1,NA
exceedance,7,1,1,NA
expanded_water_conservation_and_standby_rationing_plan,7,7,1,Technical
facilitator,7,7,1,NA
fallow_bank,7,2,1,NA
farrar_et_al,7,4,1,NA
features,7,1,1,NA
federal_agencies,7,1,1,Group
federal_express,7,1,1,NA
field_and_transport,7,4,1,NA
fonzi,7,7,1,NA
ford_wd,7,4,1,NA
forebay_subbasin_groundwater_sustainability_plan,7,7,1,Technical
fox_canyon_drain,7,7,1,NA
freemont,7,2,1,NA
fresno_management_areas_a_b_groundwater_sustainability_plan,7,1,1,Technical
future_sustainable,7,4,1,NA
general_counsel,7,4,1,NA
geographical_information_system,7,7,1,Technical
geohydrologic,7,7,1,NA
geothermex,7,7,1,NA
gerber,7,2,1,City
glen_creek,7,7,1,Natural_Feature
glenn_groundwater_authority_operations_fee,7,7,1,NA
greater_kaweah_groundwater_sustainability_agency_board_of_directors,7,7,1,Group
greenfield_cwd,7,7,1,NA
grf,7,7,1,NA
groundwater_accounting_structure,7,7,1,NA
groundwater_elevation_data_were_sparse_for_the_toro_canyon_1974,7,7,1,Technical
groundwater_replenishment_reuse_project,7,4,1,Water_Project
groundwater_surface_water_interactions,7,2,1,NA
groundwater_sustainability_plan_evaluations,7,1,1,NA
groundwater_sustainability_plan_implementation_team,7,7,1,NA
groundwater_sustainability_plan_schedule,7,4,1,NA
gw_sacramento_and_the_woodland_exchange,7,7,1,NA
gwa_board,7,7,1,Group
harbaugh,7,1,1,NA
hilton,7,1,1,NA
historic_current,7,1,1,NA
historically,7,1,1,NA
hookton,7,7,1,NA
i75r3327d,7,7,1,NA
ids,7,2,1,NA
ilkhanipour,7,7,1,NA
indicator_wells,7,2,1,NA
insar,7,2,1,NA
instagram,7,2,1,NA
interested_party,7,4,1,NA
interior_bureau_of_reclamation,7,7,1,NA
inyo_county_planning_commission,7,7,1,Group
ironhouse_sanitary_district,7,7,1,District
isw_sustainable_management_criteria,7,2,1,NA
ivette_iraheta,7,7,1,NA
james_id,7,7,1,NA
james_irrigation_district_groundwater_sustainability_agency,7,4,1,Other_GSA
jean_moran,7,7,1,NA
kbwqa,7,7,1,NA
kern_groundwater_authority_gsa,7,7,1,Other_GSA
kern_management_area,7,7,1,Geographic_Unit
kern_nwr,7,1,1,NA
kiefer,7,2,1,NA
kings_basin_coordination_efforts,7,2,1,NA
klamath_county,7,7,1,County
knightsen,7,7,1,City
l_nd,7,7,1,NA
la_grange,7,7,1,City
la_selva_beach,7,7,1,City
land_iq,7,1,1,NA
lateral_subsurface_groundwater_flows,7,2,1,NA
layer_property_flow,7,7,1,NA
lepomis,7,2,1,NA
lessalt_water_treatment_plant,7,7,1,NA
linda,7,4,1,City
lindmore_irrigation_district,7,7,1,District
little_shasta_river,7,7,1,Natural_Feature
los_gatos,7,7,1,City
los_molinos_subbasins,7,4,1,Basin
los_olivos_community_service_district,7,7,1,District
los_vaqueros_reservoir,7,2,1,Infrastructure
lower_tule_river_groundwater_sustainability_agency_board,7,7,1,Group
mailchimp,7,2,1,NA
management_action_no,7,4,1,NA
mapmyindia,7,2,1,NA
marin_water,7,7,1,NA
maslonkowski,7,7,1,NA
mbk_engineers,7,4,1,NA
mcwra_board_of_supervisors,7,7,1,Group
mdbm,7,4,1,NA
measurable_objectives_and_minimum_thresholds,7,2,1,NA
mebp,7,7,1,NA
medium,7,1,1,NA
mendota_subbasin_coordination_agreement,7,1,1,Group
merced_co_groundwater_sustainability_agency,7,7,1,Other_GSA
mid_valley_wd,7,1,1,NA
millard_canyons,7,7,1,NA
mint_canyon,7,7,1,NA
modeling_best_management_practices,7,1,1,Technical
modeling_best_management_practices_guidance_document,7,1,1,Technical
modflow_one_water_hydrologic_model,7,4,1,Technical
modoc_county_board_of_supervisors,7,7,1,Group
mollisols,7,2,1,NA
monterey_county_flood_control_and_water_conservation_district,7,2,1,District
montgomery_associates,7,2,1,NA
moyle,7,7,1,NA
mpwmdfo10d,7,7,1,NA
mwd,7,7,1,NA
napa_resource_conservation_district,7,7,1,District
napa_valley_groundwater_subbasin,7,7,1,Basin
national_marine_fisheries,7,7,1,NA
national_primary_drinking_water_regulations,7,1,1,Legal
ncdm,7,7,1,NA
net_recharge,7,1,1,NA
network,7,7,1,NA
niswonger_et_al,7,2,1,NA
non_voting_representatives,7,7,1,NA
north_central_region_office,7,7,1,NA
northern_sacramento_valley,7,2,1,Geographic_Unit
northwest_cell,7,7,1,NA
nrd,7,4,1,NA
oat_creek,7,7,1,Natural_Feature
olcese_sand_aquifer_unit,7,7,1,NA
oneill_ranch,7,7,1,NA
orange_cove_irrigation_district,7,7,1,District
orcutt_sand,7,4,1,Natural_Feature
owens_creek,7,7,1,Natural_Feature
oxnard_basins,7,7,1,Basin
pacific_gas_and_electric_company,7,2,1,NA
paicines_reservoir,7,7,1,Infrastructure
pala,7,7,1,City
paleogene,7,4,1,NA
palomar,7,4,1,NA
pavley,7,1,1,NA
periodic_evaluation,7,1,1,NA
pixid_groundwater_sustainability_agency,7,7,1,Other_GSA
pixley_public_utility_district,7,7,1,District
plainview_mutual_water_company,7,7,1,NA
planned_projects_and_management_actions,7,7,1,NA
plumas_national_forest,7,7,1,NA
point_mugu,7,7,1,NA
policy_project,7,4,1,Water_Project
poplar,7,7,1,NA
portland,7,7,1,NA
public_water_systems,7,1,1,Natural_Feature
pyramid_hills_sands,7,7,1,Natural_Feature
quercus,7,2,1,NA
r1,7,2,1,NA
raisin_city_oil_field,7,7,1,NA
ramirez_water_district,7,4,1,District
rancho_murieta,7,7,1,City
rancho_temescal,7,4,1,NA
receiving_water,7,1,1,NA
recycled_water_irrigation_areas,7,7,1,Geographic_Unit
regional_boards,7,1,1,Group
regional_critical_infrastructure,7,7,1,NA
regional_water_quality_control_board_wqo,7,4,1,NA
regionals,7,7,1,NA
rehoboth,7,7,1,NA
reilly,7,2,1,NA
reliance,7,7,1,NA
replace_existing_facilities,7,7,1,NA
resource_conservation_district_of,7,7,1,NA
riverwash_scrub,7,7,1,NA
rmw_initial_studyw01,7,7,1,NA
rmw_water_quality,7,7,1,NA
rockwood,7,7,1,NA
rod,7,4,1,NA
rosenberg,7,7,1,NA
russell_city_energy_center,7,7,1,NA
s,7,1,1,NA
sacramento_county_farm_bureau,7,4,1,NA
san_antonio_formation,7,7,1,Natural_Feature
san_bernardino_subbasin,7,7,1,Basin
san_gabriel,7,2,1,City
san_jacinto_fault_zone,7,4,1,Geographic_Unit
san_jacinto_fault_zones,7,7,1,Geographic_Unit
san_joaquin_river_exchange_contractors_water_authority,7,7,1,Group
san_joaquin_river_restoration,7,2,1,NA
san_joaquin_valley_basin,7,1,1,Basin
san_juan_bautista_subbasins,7,7,1,Basin
san_luis_reservoir,7,2,1,Infrastructure
sandy_mush_mutual_water_company,7,7,1,NA
santa_ana_mountains,7,7,1,NA
santa_cruz_creek,7,7,1,Natural_Feature
santa_margarita_ranch_mutual_water_company,7,7,1,NA
santa_nella_county_water_district,7,4,1,District
santa_ynez_basin,7,7,1,Basin
saucedo,7,4,1,NA
scott_graham,7,7,1,NA
section_ff_ff,7,7,1,Reference
semcu,7,7,1,NA
shallow_alluvial_deposits,7,7,1,NA
shasta_river_downstream,7,7,1,NA
sierra_valley_resource_conservation_district,7,7,1,District
sjrecgsa,7,4,1,Other_GSA
small_water_systems,7,2,1,Natural_Feature
soil_agricultural_groundwater_banking_index_data,7,1,1,Technical
sonoma_valley_integrated_groundwater_flow_model,7,7,1,Technical
southwest_kings,7,4,1,NA
states,7,2,1,NA
statewide_groundwater_elevation_monitoring_statewide_groundwater_elevation_monitoring,7,1,1,Technical
stream,7,1,1,NA
study,7,2,1,NA
subarticle_2,7,1,1,NA
subbasin_coordination_committee,7,2,1,Group
subbasin_data_management_system,7,2,1,Technical
subbasin_technical_committee,7,7,1,Group
subsurface,7,2,1,NA
success,7,2,1,NA
sulfate,7,2,1,NA
sullivan_et_al,7,1,1,NA
supplemental_monitoring_network,7,7,1,Technical
surface_energy_balance_algorithm_for_land,7,1,1,NA
surface_executive,7,1,1,NA
sustainability_goals,7,1,1,NA
sustainable_groundwater_management_act_projects_for,7,1,1,NA
sustainable_groundwater_management_act_services_activity_agreement,7,7,1,Group
sustainable_groundwater_management_act_sustainability_indicators,7,2,1,NA
sustainable_management_criteria_section,7,4,1,Reference
table_v1,7,2,1,Reference
tba,7,4,1,NA
teague_data_center,7,7,1,Technical
technical_advisory_committees,7,4,1,Group
tehama_colusa_canal,7,7,1,NA
tehama_counties,7,2,1,NA
tejon_castac_water_district_groundwater_sustainability_agency,7,7,1,Local_GSA
temporary_agricultural_land_fallowing_project,7,7,1,Water_Project
this_public_outreach_and_engagement_plan,7,1,1,Technical
tif,7,7,1,NA
tipton_community,7,2,1,NA
tmc,7,2,1,NA
town_of_discovery_bay,7,7,1,NA
tracy_subbasin_groundwater_sustainability_agencies,7,7,1,Group
triple_falls_creek,7,7,1,Natural_Feature
trona,7,7,1,City
tuolumne_rivers_groundwater_basin_association,7,7,1,Group
turlock_lake,7,2,1,Natural_Feature
turlock_subbasins,7,2,1,Basin
turnipseed_project,7,7,1,Water_Project
tuscan,7,2,1,NA
ulatis,7,7,1,NA
united_states_bureau_of_reclamation_central_valley_operation_annual_reports,7,1,1,Technical
university_of_california_merced,7,4,1,State_Gov
upper_san_luis_rey,7,7,1,NA
upper_san_luis_rey_subbasin,7,7,1,Basin
urban_communities,7,7,1,NA
us_express_mail,7,1,1,NA
valley_oaks,7,7,1,NA
valley_water_groundwater_sustainability_agency,7,7,1,Other_GSA
ventura_county_government_center_hall_of_administration,7,2,1,NA
ventura_river_watershed_council,7,7,1,Group
via,7,2,1,NA
visalia_water_conservation_plant,7,7,1,NA
volatile_organic_compound,7,7,1,NA
walnut_creek,7,7,1,City
water_management_plans,7,2,1,Technical
water_shortage_contingency_plan,7,7,1,Technical
watersheds_coalition_of_ventura_county_disadvantaged_community_committee,7,2,1,Group
website_portal,7,7,1,NA
west,7,1,1,NA
west_butte_subbasin,7,7,1,Basin
white_wolf_groundwater_sustainability_agency_board,7,7,1,Group
woodard_curran_provost_pritchard,7,1,1,NA
yolo_county_flood_control_and_water_conservation_district,7,7,1,District
yuba_water_agency_groundwater_sustainability_agency,7,7,1,Other_GSA
zapato_chino_creek,7,7,1,Natural_Feature
a_alyson_watson,6,6,1,NA
a_conflict_of_interest_code,6,1,1,Legal
a_coordinating_committee,6,6,1,Group
a_long_term_sustainable_water_supply,6,1,1,NA
action_et_al,6,6,1,NA
ad_hoc_stakeholder_engagement_committee,6,6,1,Group
adobe_creek_conjunctive_use,6,6,1,NA
ae,6,2,1,NA
alameda_county_public_works_agency,6,6,1,Group
analysis_plan,6,1,1,Technical
anne_sippi_clinic,6,6,1,NA
anticline_ridge,6,6,1,NA
appendix_8a,6,6,1,Reference
appendix_e_detected,6,2,1,Reference
appendix_l,6,1,1,Reference
applied_water,6,2,1,NA
aquatic_bioassay_and_consulting,6,3,1,NA
armona_csd,6,6,1,NA
armstrong_ranch,6,6,1,NA
arroyo_las_posas_simi,6,6,1,NA
arsenic_mitigation_project,6,6,1,Water_Project
as,6,1,1,NA
asgsa_board,6,6,1,Group
assigning,6,3,1,NA
at,6,1,1,NA
atascadero_basin,6,6,1,Basin
attachment_f3,6,6,1,NA
auditor,6,1,1,NA
baccharis,6,3,1,NA
bandy_canyon,6,6,1,NA
bank,6,3,1,NA
banker,6,6,1,NA
basin_plan_amendment,6,3,1,NA
bbbbbbbbbb,6,1,1,NA
bear_river_band,6,6,1,NA
becky_steinbruner,6,6,1,NA
bedford_coldwater_groundwater_sustainability_authority,6,6,1,Group
beneficial_uses_and_users,6,2,1,NA
berrenda,6,6,1,NA
berryessa,6,6,1,NA
bfi,6,6,1,NA
board_advisory_committee,6,2,1,Group
bolsa_se,6,6,1,NA
boundary_flow_scenario,6,6,1,NA
boyes_hot_springs,6,6,1,City
bridgeville,6,6,1,NA
bryan_bondy,6,2,1,NA
buntingville,6,6,1,NA
burrel_ditch_company,6,1,1,NA
burton,6,2,1,NA
byron_bethany_irrigation_district_groundwater_sustainability_agency_east_contra_costa,6,6,1,Local_GSA
byron_division,6,6,1,NA
c2vsimfg_kern_model,6,2,1,Technical
c_share,6,1,1,NA
calibrated_horizontal_hydraulic_conductivity,6,6,1,NA
caliente_formation,6,6,1,Natural_Feature
california_department_of_fish_and_recommendation,6,6,1,State_Gov
california_government_code_section_6509,6,6,1,State_Gov
california_institute_of_technology,6,1,1,State_Gov
california_well_standards_ordinance,6,3,1,State_Gov
calistoga_subarea,6,6,1,Geographic_Unit
capay_valley,6,6,1,Geographic_Unit
capitol_core_group,6,6,1,Group
carabas,6,6,1,NA
casa_blanca_barrier,6,6,1,NA
cdec10,6,6,1,NA
central_delta_130,6,1,1,NA
chanac_formation,6,3,1,Natural_Feature
charles_brush,6,2,1,NA
chemical,6,3,1,NA
chicken_hill_fault,6,6,1,NA
chico_creek,6,1,1,Natural_Feature
chino_subbasin,6,6,1,Basin
chowchilla_subbasin_groundwater_sustainability_plan_advisory_committee,6,6,1,Group
cities_of_ceres,6,6,1,NA
cities_of_cotati,6,6,1,NA
citrus_heights,6,6,1,City
city_of_antioch_groundwater_sustainability_agency,6,6,1,Local_GSA
city_of_capitola,6,6,1,City
city_of_coalinga_groundwater_sustainability_agency,6,6,1,Local_GSA
city_of_gonzales,6,2,1,City
city_of_kerman,6,6,1,City
city_of_paso_robles_groundwater_sustainability_agency,6,6,1,Local_GSA
city_of_san,6,3,1,City
city_of_soledad,6,2,1,City
city_of_wheatland,6,6,1,City
city_recharge,6,2,1,NA
coastal_plain_model_and_regional_model,6,3,1,Technical
column_l_of_table,6,1,1,Reference
completed_submitted_activity,6,6,1,NA
completion_of_task,6,6,1,NA
confined_animal_sites,6,3,1,NA
conway_bank,6,1,1,NA
cooperative_extension,6,2,1,NA
coordination,6,2,1,NA
cottonwood_creek_recharge_facility,6,6,1,NA
county_of_fresno_groundwater_sustainability_agency,6,6,1,Other_GSA
coyote_hills,6,6,1,NA
coyote_valley_dam,6,6,1,Infrastructure
cross_sections,6,3,1,NA
crpr,6,2,1,NA
crystal_geyser_roxane,6,6,1,NA
cy,6,2,1,NA
d_itenfisu,6,1,1,NA
d_technical_advisory_committee_standards,6,2,1,Technical
data_compilation,6,1,1,Technical
data_entry,6,3,1,Technical
david_e_welter,6,3,1,NA
david_manning,6,2,1,NA
dce,6,6,1,NA
deadman_creek,6,6,1,Natural_Feature
dehp,6,6,1,NA
deliver,6,1,1,NA
department_of_conservation,6,2,1,State_Gov
department_of_environmental_health,6,2,1,NA
department_of_food_and_agriculture,6,2,1,State_Gov
department_of_water_resources_100,6,6,1,NA
department_of_water_resources_climate_change_guidance_and_resource_guide,6,2,1,NA
department_of_water_resources_climate_change_technical_advisory_group1_climate,6,1,1,Technical
department_of_water_resources_population_tool,6,6,1,NA
description_of_coordinated_data_management_system,6,1,1,Technical
description_of_data,6,1,1,Technical
detected,6,1,1,NA
dhi,6,6,1,NA
diablo_water_district_groundwater_sustainability_agency,6,6,1,Local_GSA
diagram,6,6,1,NA
dickson,6,6,1,NA
disadvantaged_community_community,6,2,1,NA
disadvantaged_community_involvement_committee,6,2,1,Group
downstream_water_users,6,3,1,NA
draft_monterey,6,6,1,NA
drinking_water_and_health,6,3,1,NA
dudley_ridge_water_district,6,6,1,District
dunnigan_hills_management_areas,6,6,1,Geographic_Unit
each_primary_and_alternate,6,1,1,NA
east_turlock,6,6,1,NA
eastern_management_area_groundwater_sustainability_agency,6,3,1,Other_GSA
eastern_tule_groundwater_sustainability_agency_basin,6,1,1,Basin
eastside_groundwater_sustainability_agency,6,6,1,Other_GSA
edison_oil_field,6,6,1,NA
edna_valley_growers_mutual_water_company,6,6,1,NA
effect_of_minimum_thresholds_on_neighboring_basins_and_subbasins,6,2,1,Basin
elsinore_fault_zone,6,2,1,Geographic_Unit
entisols,6,3,1,NA
entrix,6,6,1,NA
environmental_data_exchange_network,6,2,1,State_Gov
environmental_health_bureau,6,3,1,NA
environmental_resource_management_element,6,2,1,NA
equation,6,3,1,NA
esparto,6,6,1,City
evaluated_against_the_sustainable_management_criteria,6,3,1,NA
existing_data,6,3,1,Technical
farallon,6,3,1,NA
farallon_geographics,6,6,1,NA
farmhouse,6,6,1,NA
fk,6,1,1,NA
forebay_sustainable_management_criteria_technical_advisory_committee,6,6,1,Group
freeport_regional_water_authority,6,6,1,Group
freshwater_trust_and_local_government_commission,6,6,1,Group
fresno_county_board_of_supervisors,6,3,1,Group
fresno_sloughs,6,6,1,Natural_Feature
friant_water_authority_report,6,6,1,Technical
fruit_growers_laboratory,6,3,1,NA
gateway,6,6,1,NA
general_legal_counsel,6,3,1,NA
geologic_study_of_the_orange_cove_irrigation_district,6,1,1,District
geological_survey_basin_characterization_model,6,6,1,Technical
geomorphic_setting,6,6,1,Geographic_Unit
geosystems_analysis_inc,6,6,1,NA
gila,6,2,1,NA
global_warming_potential,6,2,1,NA
gms,6,2,1,NA
goals_and_objectives,6,2,1,NA
goods_and_services,6,6,1,NA
google_earth,6,6,1,NA
grasslands_wildlife_management_area,6,3,1,Geographic_Unit
grayson,6,6,1,City
great_program_advanced_water_purification_facility_expansion_project,6,6,1,Water_Project
groundwater_ambient_monitoring_and_assessment_groundwater_information_system,6,3,1,Technical
groundwater_dependent_ecosystem_evaluation,6,6,1,NA
groundwater_guide,6,6,1,NA
groundwater_information_center,6,2,1,NA
groundwater_management,6,1,1,NA
groundwater_management_plan_update,6,2,1,NA
groundwater_model,6,6,1,Technical
groundwater_pumping_fee_program,6,6,1,NA
groundwater_sustainability_agency_advisory_committee,6,2,1,Group
groundwater_sustainability_agency_notice,6,6,1,NA
groundwater_sustainability_agency_party_board_of_directors,6,1,1,Group
groundwater_sustainability_plan_adoption,6,2,1,NA
groundwater_sustainability_plan_emergency_regulations_guide,6,2,1,NA
groundwater_sustainability_plan_entities,6,6,1,NA
groundwater_sustainability_plan_implementation_effects_on_general_plan_water_supply_assumptions_groundwater_sustainability_plan,6,6,1,Technical
groundwater_sustainability_plan_stakeholder_communication_and_engagement,6,1,1,NA
groundwater_sustainability_plan_working_group_administrative,6,6,1,NA
groundwater_sustainability_plan_workshops,6,2,1,NA
groundwater_sustainable_agencies,6,1,1,Group
gw_settlement_water,6,6,1,NA
hank_rupp,6,6,1,NA
harris,6,6,1,NA
held,6,3,1,NA
hereinafter,6,1,1,NA
hernandez_and_paicines_reservoirs,6,6,1,Infrastructure
hills_valley_id,6,6,1,NA
hopkins_groundwater_consultants,6,2,1,NA
httpwwwipumsorg,6,2,1,NA
hurzel,6,6,1,NA
hydrogeologic_survey_results_conceptual_model,6,6,1,Technical
hydrogeologic_working_group,6,6,1,Group
hydrogeological_data,6,1,1,Technical
hydrometrics_water_resources_inc,6,6,1,NA
i_a_walter,6,1,1,NA
implementation_procedures,6,2,1,NA
incomplete_determination,6,6,1,NA
inflow_terms_and_table,6,1,1,Reference
institute,6,6,1,NA
interconnected_surface_waters,6,3,1,NA
introduction,6,1,1,NA
irrigation_training_research_center,6,1,1,NA
jacalitos,6,6,1,NA
katz,6,6,1,NA
kaweah_subbasin_hydrologic_budget_average,6,2,1,NA
kerby,6,6,1,NA
kern_county_urban_zones,6,2,1,Geographic_Unit
kew,6,3,1,NA
kings_subbasin_coordinated_water_budgets,6,1,1,NA
kings_subbasin_groundwater_sustainability_agencies,6,1,1,Group
la_loma_ranch_mutual,6,6,1,NA
laboratory_coordinators,6,3,1,NA
lake_shastina,6,6,1,City
lake_success_reservoir,6,1,1,Infrastructure
lake_success_success_reservoir,6,2,1,Infrastructure
land_use_element,6,2,1,NA
las_posas_hills,6,3,1,NA
las_posas_sand,6,3,1,Natural_Feature
leadership_counsel,6,3,1,NA
loca,6,6,1,NA
lockeford,6,6,1,City
lomerias_muertas,6,6,1,NA
longfin_smelt,6,6,1,NA
loosely_consolidated_deposits,6,6,1,NA
los_angeles_county_flood_control_district,6,6,1,District
los_angeles_county_waterworks_district,6,6,1,District
los_banos_creek_detention_dam,6,6,1,Infrastructure
lower_kaweah_rivers,6,2,1,Natural_Feature
lower_san_joaquin_levee_district,6,6,1,District
m_e_jensen,6,1,1,NA
mack,6,1,1,NA
madera_canal,6,3,1,NA
madera_groundwater_subbasin,6,3,1,Basin
madera_sub_basin,6,3,1,Basin
management_action_8,6,6,1,NA
management_area_critical_infrastructure,6,6,1,NA
management_plan,6,6,1,Technical
management_practices_evaluation_program,6,6,1,NA
matthews,6,3,1,NA
maximum_contaminant_limit,6,6,1,NA
mayacamas,6,3,1,NA
mckay,6,3,1,NA
memorandum,6,3,1,NA
mendez_et_al,6,6,1,NA
merced_county_general_plan,6,3,1,Technical
mhb,6,6,1,NA
michigan_bar,6,6,1,NA
milliken_reservoir,6,6,1,Infrastructure
monitoring_networks,6,2,1,Technical
monterey_bay_national_marine_sanctuary,6,6,1,NA
monterey_county_general_plan,6,6,1,Technical
moore,6,6,1,NA
moore_biological_consultants,6,6,1,NA
moore_twining_associates_environmental_division,6,6,1,NA
moro_cojo_slough,6,1,1,Natural_Feature
moss_landing,6,6,1,City
mutual_water,6,1,1,NA
napa_river_flood_protection_project,6,6,1,Water_Project
napa_sonoma_valley_groundwater_basin,6,6,1,Basin
national_aeronautics_and_space_administration_jet_propulsion_laboratory,6,1,1,NA
national_hydrologic_model,6,6,1,Technical
national_research_council,6,3,1,Group
natural_communities_commonly_associated,6,2,1,NA
natural_resources_defense_council,6,1,1,Group
need_for_the_project_covering,6,2,1,NA
new_creek,6,6,1,Natural_Feature
nick_janes,6,6,1,NA
norco_city_council,6,6,1,Group
north_fork_regional_recharge_project,6,6,1,Water_Project
notice_of_intent_to_adopt,6,6,1,NA
ohws,6,6,1,NA
ojai_basin_groundwater_management_agency,6,6,1,Local_GSA
ojai_valley,6,6,1,Geographic_Unit
ojai_water_conservation_district,6,6,1,District
oneill_forebay,6,3,1,NA
ordanance_survey,6,6,1,NA
order_and_mrp,6,6,1,NA
oro_loma_water_district_groundwater_sustainability_agency,6,6,1,Local_GSA
outdoor_access_for_all_act,6,1,1,Legal
outreach,6,1,1,NA
pacheco_pass_water_district,6,6,1,District
padre,6,6,1,NA
paee,6,6,1,NA
para,6,3,1,NA
paradigm_environmental,6,6,1,NA
parcc,6,3,1,NA
pardee_reservoir,6,3,1,Infrastructure
parks_creek,6,6,1,Natural_Feature
participating_agencies,6,6,1,Group
paso_basin_county_of_san_luis_obispo_groundwater_sustainability_agency,6,6,1,Other_GSA
patterson_and_gustine,6,1,1,NA
paula,6,3,1,NA
pauloo_et_al_2020,6,2,1,NA
peer_review_report,6,3,1,Technical
peoples_ditch_company,6,6,1,NA
perched_mounded_aquifer,6,6,1,Natural_Feature
pesticide_contamination_prevention_act,6,1,1,Legal
pinedale_county_water_district,6,6,1,District
pinoleville_pomo_nation,6,6,1,NA
pinos_creek,6,6,1,Natural_Feature
pixley_id_board_of_directors,6,6,1,Group
pleasant_valley_pipeline,6,3,1,NA
pleistocene_alluvium,6,6,1,Natural_Feature
pole_creek_fan,6,3,1,NA
portal,6,6,1,NA
portola,6,6,1,City
pro_tern,6,1,1,NA
project_lead,6,3,1,NA
prudic,6,2,1,NA
public_outreach_plan,6,3,1,Technical
public_trust_resources_resulting,6,6,1,NA
public_utilities_commission_regulated_water_public_utilities_commission_regulated_water,6,1,1,NA
public_water,6,1,1,NA
purisima_highlands,6,6,1,NA
qg,6,3,1,NA
r_g_allen,6,1,1,NA
r_l_elliott,6,1,1,NA
r_l_snyder,6,1,1,NA
rasmus,6,6,1,NA
rcra,6,6,1,NA
rector_creek,6,6,1,Natural_Feature
recycled_water_transfer_stormwater_other_source_of_outside_water,6,6,1,NA
reed_ditch_company,6,6,1,NA
regional_surface_water_supply_project,6,6,1,Water_Project
regional_water_management_group,6,2,1,Group
report,6,1,1,Technical
representative_or_alternate,6,1,1,NA
representatives_and_alternate_representatives,6,1,1,NA
requires,6,1,1,NA
reservation,6,2,1,NA
reserve_center,6,6,1,NA
responsible_agency,6,6,1,Group
rice_coalition_groundwater_assessment_report,6,6,1,Technical
richard_c_slade_associates,6,2,1,NA
riparian_mixed_hardwood_alliance,6,3,1,NA
rmc_water_and_environment,6,2,1,NA
roberts_reservoir,6,6,1,Infrastructure
robles_city_hall,6,6,1,NA
rockworks,6,6,1,NA
rrbwsd,6,3,1,NA
rsc,6,3,1,NA
rules_and_regulations,6,2,1,Legal
rural_communities,6,6,1,NA
rwm_stakeholders_group,6,2,1,Group
sa_1_2,6,1,1,NA
sacigsm,6,6,1,NA
salinas_city_company,6,1,1,NA
samantha_salvia,6,6,1,NA
san_bernardino_valley,6,3,1,Geographic_Unit
san_elijo,6,6,1,NA
san_fernando,6,6,1,City
san_jacinto_lower_pressure,6,6,1,NA
san_jacinto_upper_pressure,6,3,1,NA
san_joaquin_basin,6,3,1,Basin
san_joaquin_river_exchange_contractors_management_area_j,6,6,1,NA
san_joaquin_river_restoration_settlement_water_management_goal,6,2,1,NA
san_luis_delta_mendota_water_authority_los_banos,6,6,1,NA
san_luis_obispo_county_integrated_regional_water_management_plan,6,2,1,Technical
san_pedro,6,6,1,NA
santa_clarita_valley_water_agency,6,6,1,Group
santa_clarita_valley_water_district,6,6,1,District
santa_rosa_syncline,6,6,1,NA
santa_ynez_community_services_district,6,3,1,District
santa_ynez_upland,6,3,1,NA
sec,6,3,1,Federal_Gov
sections,6,2,1,NA
sedimentary_deposits,6,6,1,NA
segment_est,6,1,1,NA
self,6,1,1,NA
semitropic_water_storage_district,6,3,1,District
setting_representative_monitoring_site_appendix_c_figure,6,1,1,Reference
setting_representative_monitoring_site_appendix_d_figure,6,1,1,Reference
shandon_san_juan_groundwater_sustainability_agency,6,6,1,Local_GSA
shasta_river_near_montague,6,6,1,NA
shrubland_alliance,6,3,1,NA
sierra_counties,6,6,1,NA
sierra_valley_groundwater_basin,6,6,1,Basin
sims,6,6,1,NA
slater,6,6,1,NA
sn_management_corp,6,6,1,NA
sonoma_county_department_of_health_services,6,2,1,NA
sonoma_valley_subbasins,6,2,1,Basin
soquel_creek_water_district,6,6,1,District
south_county_cities,6,1,1,NA
south_kings,6,6,1,NA
south_mesa_barrier,6,6,1,NA
south_sutter_water_district_groundwater_sustainability_agency,6,6,1,Local_GSA
spatial_distribution,6,6,1,NA
springs,6,2,1,NA
spv_basin,6,6,1,Basin
stakeholder_engagement,6,3,1,NA
stanislaus_rivers,6,2,1,Natural_Feature
starting,6,1,1,NA
state_highways_132,6,1,1,NA
state_third_appellate_district_court_of_appeal,6,1,1,NA
state_water,6,3,1,NA
stevinson,6,6,1,City
stewart_creek,6,2,1,Natural_Feature
stream_inflow_tule_river_streamflow,6,1,1,NA
subarticle,6,6,1,NA
subsurfac,6,6,1,NA
success_dam_enlargement,6,1,1,NA
sulfate_dissolved,6,6,1,NA
sun_world,6,6,1,NA
supreme_court_of_the_united_states,6,3,1,Federal_Gov
sustainability_criteria_zone,6,6,1,Geographic_Unit
sustainability_plan_related_support,6,6,1,NA
sustainable_management_sustainability_indicators_criteria_sustainable_management_criteria,6,2,1,NA
sycamore_slough,6,6,1,Natural_Feature
t_a_howell,6,1,1,NA
table_7,6,2,1,Reference
table_pma1,6,6,1,Reference
tbd,6,2,1,NA
tehama_formation_of_pliocene,6,6,1,NA
tehama_tuscan_transition_zone,6,3,1,Geographic_Unit
tejon_castac_management_area_figure,6,6,1,Reference
tejon_castac_water_district,6,3,1,District
temescal_sub_basin,6,6,1,Basin
terranova,6,1,1,NA
this_sampling_and_analysis_plan,6,2,1,Technical
tier_1_management_action,6,6,1,NA
tier_2,6,6,1,NA
tolay,6,6,1,NA
toxic_injection_well_control_act,6,1,1,Legal
trans,6,3,1,NA
traver,6,6,1,City
tribal_outreach_committee,6,6,1,Group
trust,6,1,1,NA
tsj,6,3,1,NA
tsmf,6,6,1,NA
tujunga,6,6,1,NA
tulare_county_environmental_health_services_division,6,3,1,NA
tulare_county_general_plan_background_report,6,2,1,Technical
tulelake_irrigation_district_groundwater_sustainability_agency,6,6,1,Local_GSA
tulucay,6,6,1,NA
turbidity,6,2,1,NA
u_v_43,6,1,1,NA
united_states_government,6,1,1,NA
upper,6,2,1,NA
upper_and_lower_180_foot_aquifers,6,6,1,Natural_Feature
upper_limit_secondary_maximum_contaminant_level,6,1,1,NA
upper_san_luis_rey_watershed_model,6,6,1,Technical
upper_valley_subbasin_committee,6,3,1,Group
upw,6,3,1,NA
us_army_corps_of_engineers,6,3,1,NA
us_bureau_of_reclamation_federal_facilities,6,2,1,NA
us_census_bureau_disadvantaged_community_tract,6,6,1,Legal
us_mail,6,1,1,NA
val_verde,6,6,1,City
vandenberg,6,2,1,NA
vegcamp,6,2,1,NA
ventura_county_investigation,6,2,1,NA
veterans_home,6,6,1,NA
vpbw,6,6,1,NA
water_balance_subregions,6,6,1,Geographic_Unit
water_budget_bmp,6,2,1,NA
water_division,6,1,1,NA
water_quality_criteria,6,3,1,NA
water_resources_division,6,1,1,NA
wcvc,6,6,1,NA
wdl,6,6,1,NA
wells_valley_cooperative_groundwater_management_group,6,6,1,Group
westlands_water_district_board,6,6,1,Group
westside_sacramento,6,3,1,NA
westside_subbasin_groundwater_sustainability_plan,6,3,1,Technical
wildomar_fault,6,6,1,NA
wilson_1959,6,6,1,NA
wine_institute,6,2,1,NA
wood_rodgers,6,3,1,NA
work_group_facilitator,6,2,1,NA
work_of_ad_hoc_sub_workgroups,6,1,1,Group
wrime,6,6,1,NA
wy1993,6,2,1,NA
yuba_water_agency_board_of_directors,6,6,1,Group
yucaipa_sub_basin,6,6,1,Basin
yvwd02,6,6,1,NA
zack_carroll,6,6,1,NA
zapato_chino_creeks,6,6,1,Natural_Feature
a_human_right_to_safe_drinking_water,5,1,1,NA
a_state_water_project_table,5,1,1,Reference
action_1,5,5,1,NA
actions_to_address_data_gaps,5,2,1,Technical
ad_hoc_communications_committee,5,5,1,Group
adaptive_management,5,2,1,NA
administration,5,1,1,NA
aerojet_site,5,5,1,NA
afd,5,5,1,NA
agricultural_order_no,5,1,1,NA
agricultural_water_quality_goals,5,2,1,NA
alameda_water_company,5,5,1,NA
albaugh_public_draft,5,5,1,NA
alexander,5,1,1,NA
aliquot,5,5,1,NA
alternate_representatives,5,1,1,NA
alzraiee,5,5,1,NA
american_river_basin_study,5,5,1,NA
and,5,1,1,NA
andrews_street_bridge,5,5,1,NA
angeles,5,5,1,NA
angelica_martin,5,5,1,NA
annual,5,1,1,NA
annual_budget,5,5,1,NA
appendix_1_a,5,1,1,Reference
appendix_2,5,2,1,Reference
appropriative,5,2,1,NA
arcadia_water_treatment_plant,5,5,1,NA
arcmap,5,1,1,NA
argus,5,5,1,NA
arroyo_santa_rosa_groundwater_sustainability_agency_board,5,5,1,Group
arvin_edison_management_area_figure,5,5,1,Reference
assembly_bill_1668,5,2,1,NA
attachment_c_freshwater,5,1,1,NA
awaswas,5,2,1,NA
ballico_cortez_water_district,5,5,1,District
banking_ma,5,5,1,NA
barbara_county,5,2,1,County
barranca,5,5,1,NA
base_pumping_allocation_program,5,5,1,NA
base_realignment_and_closure,5,5,1,NA
basin_coordination_agreement,5,5,1,Group
basin_groundwater_dependent_ecosystem,5,1,1,Natural_Feature
basin_plan_objectives,5,2,1,NA
bcid_board_of,5,5,1,NA
beaumont_storage_unit,5,5,1,NA
beneficial_uses_and_land,5,5,1,NA
berkstresser,5,5,1,NA
blair_et_al,5,5,1,NA
bmps,5,2,1,NA
board_of_the_cga,5,5,1,NA
board_or_advisory_committee,5,2,1,Group
bowman_subbasin_surface_water_system,5,5,1,Natural_Feature
brandt,5,1,1,NA
breen,5,5,1,NA
bryan_thoreson,5,2,1,NA
bsk_associates,5,2,1,NA
btdqs,5,5,1,NA
buellton_bend,5,5,1,NA
bulrush_cattail,5,5,1,NA
bvgsa,5,5,1,Other_GSA
cache_formation,5,5,1,Natural_Feature
cal_poly_national_oceanic_and_atmospheric_administration,5,5,1,NA
california_civil_code,5,1,1,State_Gov
california_department,5,1,1,State_Gov
california_department_of_fish_wildlife,5,2,1,State_Gov
california_statewide_median_household_income,5,1,1,State_Gov
california_water_plan,5,2,1,State_Gov
canvasback,5,5,1,NA
capay_hills,5,5,1,NA
carollo_engineers,5,2,1,NA
carrick,5,5,1,City
casitas_reservoir,5,5,1,Infrastructure
castro_valley,5,5,1,City
ccwg,5,5,1,NA
central_coast_groundwater_coalition,5,5,1,Local_Gov
central_coast_regional_water_quality_control_board_ag_order,5,1,1,NA
central_coast_vineyard_team,5,5,1,NA
central_management_area_groundwater_sustainability_agency,5,2,1,Other_GSA
central_valley_regional_water_board,5,2,1,Group
central_valley_salt_and_nitrate_management_plan,5,1,1,Technical
charleston,5,5,1,NA
charnock_and_olympic_wellfields,5,5,1,NA
chilcoot,5,5,1,NA
chloride_dissolved,5,5,1,NA
christopher,5,5,1,NA
christopher_ohland,5,5,1,NA
citizen_advisory_committee,5,2,1,Group
city_of_alameda,5,5,1,City
city_of_american_canyon,5,5,1,City
city_of_ojai,5,5,1,City
city_of_riverside,5,2,1,City
city_of_selma,5,2,1,City
clahan,5,5,1,NA
cloverdale_creeks,5,5,1,Natural_Feature
coalinga_state_hospital,5,5,1,NA
coastal_branch_pipeline,5,2,1,NA
codornices_creek,5,5,1,Natural_Feature
cold_stream,5,5,1,NA
collaborate,5,1,1,NA
colusa_county_water_resources,5,5,1,NA
colusa_grass_plants,5,1,1,NA
communication_and_engagement,5,2,1,NA
communication_engagement,5,1,1,NA
communications_and_public_engagement,5,5,1,NA
communications_engagement_plan,5,5,1,Technical
communications_rep,5,5,1,NA
conditions,5,2,1,NA
cone,5,5,1,NA
conn_valley,5,5,1,Geographic_Unit
consolidated_foundries_incorporated,5,5,1,NA
continental_deposits,5,5,1,NA
continuous,5,1,1,NA
contra_costa_counties,5,5,1,NA
coordinated_operation_agreement,5,5,1,Group
coordination_committee_meetings,5,1,1,NA
coordination_committee_of_the_authorization,5,1,1,NA
copeland_creek,5,5,1,Natural_Feature
cordua_irrigation_district_groundwater_sustainability_agency,5,5,1,Other_GSA
county_general_plan,5,2,1,Technical
county_of_monterey_housing_and_community_development,5,1,1,NA
county_of_plumas_groundwater_sustainability_agency,5,5,1,Local_GSA
county_of_sutter_groundwater_sustainability_agency_north_american,5,5,1,Local_GSA
covered,5,1,1,NA
cpgs,5,5,1,NA
cpmg,5,5,1,NA
crc_pipeline,5,1,1,NA
creely_force,5,5,1,NA
croft,5,2,1,NA
csu,5,5,1,NA
cuddy_creek_bank_modifications_project,5,5,1,Water_Project
cwa,5,5,1,NA
dale_et_al,5,2,1,NA
data_gaps_data,5,5,1,Technical
deadman_gulch,5,5,1,NA
deanna_delu,5,5,1,NA
deep_aquifers_study,5,5,1,NA
del_temescal,5,5,1,NA
delta_community_area_plan,5,5,1,Technical
delta_division,5,2,1,NA
delta_mendota_groundwater_sustainability_plan_groups,5,5,1,Group
delta_technical_working_group_meetings,5,1,1,Technical
department_of_water_resources_global_positioning_system,5,5,1,NA
department_of_water_resources_online_population_tool,5,5,1,NA
department_of_water_resources_technical_support_services,5,2,1,Technical
department_of_water_resources_wy,5,5,1,NA
dhi_water_environment,5,5,1,NA
digital_communication_digital,5,1,1,NA
disadvantaged_community_involvement_program,5,2,1,NA
district_headquarters,5,5,1,NA
district_supervisors,5,5,1,NA
division_of_environmental_health,5,5,1,NA
dixon_rio_vista,5,5,1,NA
dm_ii_groundwater_sustainability_agency,5,5,1,Local_GSA
dow_chemical_et_al,5,5,1,NA
drainwater,5,5,1,NA
drinking_water_protection_services,5,1,1,NA
dry_well_notification_system,5,5,1,NA
dunn_environmental,5,2,1,NA
east_bay_municipal_utility_district,5,2,1,District
east_branch_extension,5,2,1,NA
east_contra_costa_working_group,5,5,1,Group
east_turlock_subbasin,5,5,1,Basin
eastside_groundwater_sustainability_plan,5,5,1,Technical
eastside_water_management_area,5,5,1,Geographic_Unit
economically_distressed_area,5,5,1,Geographic_Unit
ed_surface,5,5,1,NA
eel_river_action_plan,5,5,1,Technical
el_toro,5,5,1,NA
eldredge,5,5,1,NA
elk_bayou,5,2,1,NA
elkhorn_slough,5,2,1,Natural_Feature
elsinore_valley_municipal_water_district_board_of_directors,5,5,1,Group
eltal,5,5,1,NA
environmental_assessment,5,5,1,NA
environmental_conservation_interests,5,1,1,NA
environmental_council_of_sacramento,5,2,1,NA
environmental_quality_act_complete,5,5,1,NA
equip,5,2,1,NA
era_economics,5,5,1,NA
exeter_irrigation_district,5,5,1,District
fallowing,5,2,1,NA
farm_evaluation_plans,5,5,1,Technical
farm_service_agency,5,2,1,Federal_Gov
fcc,5,5,1,NA
federal_court,5,5,1,NA
federal_maximum_contaminant_levels,5,2,1,NA
federal_regulatory_agencies,5,1,1,Group
fernando_group,5,5,1,Group
fig,5,5,1,NA
flint_et_al,5,2,1,NA
flood_board,5,5,1,Group
forebay_aquifer_subbasin,5,2,1,Basin
forebay_management_area,5,5,1,Geographic_Unit
forming_parties,5,5,1,NA
fort_ord_conceptual_site_model,5,5,1,Technical
fox_canyon_groundwater_management_agency_groundwater_sustainability_agency_arroyo_santa_rosa_valley,5,5,1,Geographic_Unit
franklin,5,5,1,City
freeman_expansion_project,5,5,1,Water_Project
fresno_county_department_of_public_health,5,2,1,NA
friant_central_valleyp,5,2,1,NA
future_baseline_with_projects,5,5,1,Water_Project
g,5,1,1,NA
galloway_et_al,5,2,1,NA
gannett,5,5,1,NA
garfield_water_district,5,5,1,District
general_and_community_plans,5,5,1,Technical
general_plans_andor_community_specific_plans,5,1,1,Technical
geological_survey_gage_improvement_district_11135500,5,2,1,NA
geomorphic,5,2,1,NA
george_fontes,5,5,1,NA
geotechnical_consultants,5,5,1,Technical
geothermal_resources,5,1,1,NA
gilroy_hollister_groundwater_basin,5,5,1,Basin
gis_user_community,5,1,1,NA
glover,5,5,1,NA
goal,5,1,1,NA
goodnow_slough,5,5,1,Natural_Feature
gorelick,5,5,1,NA
governing_boards,5,5,1,Group
gqmps,5,5,1,NA
grassland_basin_drainers,5,5,1,NA
grassland_resource_conservation_district_board_of_directors,5,5,1,Group
greater_monterey_county_integrated_regional_water_management_regional_water_management_group,5,1,1,Group
grizzly_creek,5,5,1,Natural_Feature
groundwater_dependent_ecosystem_work_group,5,2,1,Group
groundwater_discharge,5,1,1,NA
groundwater_discharge_to_streams,5,5,1,NA
groundwater_monitoring_facilities,5,5,1,Technical
groundwater_sustainability_agency_tracking,5,5,1,NA
groundwater_sustainability_agency_tracking_sheet,5,5,1,NA
groundwater_sustainability_plan_assessment_reports,5,2,1,Technical
groundwater_sustainability_plan_coordination_committee_and_technical_committee,5,5,1,Group
groundwater_sustainability_plan_coordination_group,5,5,1,Group
groundwater_sustainability_plan_development_project,5,5,1,Water_Project
groundwater_sustainability_plan_elements_elements,5,1,1,NA
groundwater_sustainability_plan_elements_guide,5,2,1,NA
groundwater_sustainability_plan_level_water_budgets,5,1,1,NA
groundwater_sustainability_plan_model,5,2,1,Technical
groundwater_sustainability_plan_organization_and_preparation_checklist,5,1,1,NA
groundwater_sustainability_plan_planning_team,5,5,1,NA
groundwater_sustainability_plan_regions,5,1,1,Geographic_Unit
groundwater_sustainability_plan_staff,5,2,1,NA
groundwater_sustainability_plan_stakeholder_communication_and_engagement_guidance_document,5,1,1,NA
groundwater_sustainability_plan_subgroup,5,1,1,Group
groundwater_sustainability_planning,5,5,1,NA
gsag,5,5,1,NA
guejito_creeks,5,5,1,Natural_Feature
gwp_collective_numeric_interim,5,1,1,NA
gwv,5,5,1,NA
halliday,5,5,1,NA
hayward_wells_b,5,5,1,NA
hcgwpp,5,5,1,NA
helley_and_hardwood,5,5,1,NA
hgc,5,5,1,NA
hidden_dam,5,5,1,Infrastructure
high_cascade,5,5,1,NA
highland_springs_reservoir,5,5,1,Infrastructure
hill_creek,5,5,1,Natural_Feature
hollister_urban_area_water_project,5,5,1,Water_Project
holser,5,5,1,NA
hueneme_road,5,5,1,NA
hydrologic_unit,5,5,1,NA
identification_of_data_gaps,5,1,1,Technical
imerys,5,5,1,NA
improvement_district,5,1,1,District
independent_science_review_panel,5,5,1,NA
individual,5,1,1,NA
industrial_process_supply,5,2,1,NA
inrmp,5,5,1,NA
integrated_implementation_plan,5,1,1,Technical
interests_and_challenges_stakeholder,5,1,1,NA
interim_operating_agreement,5,5,1,Group
intermap,5,1,1,NA
internal_calibration,5,1,1,NA
interstate_80_bridge,5,5,1,NA
invasive_plant_removal,5,2,1,NA
inyo_county_environmental_health_department,5,2,1,Group
irrigated_land_regulatory_program,5,5,1,NA
irrigation_management_information_system_et,5,2,1,NA
irrigation_management_information_system_stations,5,2,1,NA
is,5,2,1,NA
isp,5,1,1,NA
itrc_mapping_evapotranspiration_at_high_resolution_with_internalized_calibration,5,5,1,NA
japan,5,2,1,NA
john_f_mann_jr,5,5,1,NA
kdsa_et_al,5,5,1,NA
kear,5,5,1,NA
kelsey_tuff,5,5,1,NA
kern_gorge_fault,5,5,1,NA
kern_groundwater_authority_groundwater_sustainability_agency_managers_group,5,5,1,Group
kern_subbasin_or,5,5,1,NA
kern_water_bank_authority,5,2,1,Group
king_subbasin,5,1,1,Basin
kings_river_water_district,5,5,1,District
koltermann,5,5,1,NA
lacey_kiriakou,5,5,1,NA
lahontan_regional_board,5,5,1,Group
lake,5,5,1,County
lake_hennessey,5,5,1,NA
lake_nacimiento,5,5,1,City
lakeport,5,5,1,City
land_subsidence_data,5,1,1,Technical
lcgmp,5,5,1,NA
leake,5,1,1,NA
leaking_underground_storage_tank,5,2,1,NA
lemoore_naval_air_station,5,5,1,NA
lettis,5,5,1,NA
lindcove,5,5,1,City
lindmore,5,5,1,NA
lindo_channel,5,5,1,NA
loam,5,1,1,Natural_Feature
local_primary_agency,5,1,1,Group
lompico_creek,5,5,1,Natural_Feature
los_angeles_region,5,2,1,Geographic_Unit
los_molinos_subbasin_table,5,1,1,Reference
los_padres_national_forest,5,1,1,NA
lower_klamath_national_wildlife_refuge,5,2,1,NA
lower_princeton_valley_fill,5,5,1,NA
lux,5,2,1,NA
madera_county_west,5,5,1,NA
madera_farm,5,2,1,NA
madera_farm_bureau,5,5,1,NA
madera_valley_water_company,5,5,1,NA
maintaining_sustainability,5,5,1,NA
management_action,5,2,1,NA
management_actions_and_projects,5,2,1,Water_Project
management_practice_evaluation_program,5,2,1,NA
management_zones,5,2,1,Geographic_Unit
manning_creek,5,5,1,Natural_Feature
manual_of_california_vegetation,5,2,1,State_Gov
map_unit,5,5,1,Reference
mapping_evapotranspiration,5,2,1,NA
mar,5,5,1,NA
maricopa,5,2,1,City
mary_anne_seay,5,5,1,NA
master_water_treatment_agreement,5,5,1,Group
matt_zidar,5,5,1,NA
matti_et_al,5,5,1,NA
mcnab_creek,5,5,1,Natural_Feature
measurable_objectives_and_interim_milestones,5,2,1,NA
media,5,1,1,NA
mendota_pool_group_monitoring_program,5,2,1,Technical
mendota_subbasin_coordination_committee_and_technical_working_group,5,1,1,Group
merced_county_general_plan_background_report,5,5,1,Technical
merced_region,5,5,1,Geographic_Unit
merced_sun_star,5,5,1,NA
mercury,5,1,1,NA
metropolitan_water_district_of_southern_california,5,2,1,State_Gov
meyers_farm,5,2,1,NA
mid,5,2,1,NA
migratory_bird_treaty_act,5,5,1,Legal
mills,5,2,1,NA
miramar,5,5,1,NA
mitten,5,5,1,NA
mixed_willow_super_alliance,5,5,1,NA
mnw2,5,2,1,NA
model_layer_3,5,2,1,Technical
model_layer_4,5,2,1,Technical
modelo_formation,5,5,1,Natural_Feature
moi,5,2,1,NA
monitoring_well_standards,5,2,1,Technical
montague_water_conservation_district,5,5,1,District
montgomery,5,2,1,NA
mound_basin,5,5,1,Basin
mound_basin_groundwater_sustainability_agency_board,5,5,1,Group
mount_shasta,5,2,1,City
mpwmdfo10s,5,5,1,NA
multi,5,2,1,NA
multiple_comment_response,5,5,1,NA
mw_n,5,5,1,NA
napa_county_baseline_data_report,5,5,1,Technical
napa_county_groundwater_ordinance,5,5,1,Legal
narrowleaf_willow,5,2,1,NA
narrows_nr_lompoc_ca,5,2,1,NA
national_audubon_society,5,2,1,NA
national_hydrograph_dataset,5,1,1,Technical
national_oceanic_and_atmospheric_administration_national_centers_for_environmental_information,5,2,1,Natural_Feature
national_resource_conservation_service,5,5,1,NA
native_american_contacts_list_request,5,2,1,NA
neb_modflow,5,5,1,Technical
neroly_formation,5,5,1,Natural_Feature
newhall_county_water_district,5,5,1,District
nick_watterson,5,5,1,NA
niles_cone_alternative,5,5,1,NA
nojoqui_creek,5,5,1,Natural_Feature
non_groundwater_sustainability_agency,5,2,1,Other_GSA
north,5,2,1,NA
north_carolina,5,5,1,NA
north_county_project,5,5,1,Water_Project
north_delta_water_agency,5,5,1,Group
north_richmond,5,5,1,City
north_system,5,5,1,NA
northern_central,5,5,1,NA
northside,5,5,1,NA
notes,5,1,1,NA
nuevo_lakeview_production_area,5,5,1,Geographic_Unit
oakdale_id,5,5,1,NA
oilfield,5,2,1,NA
omochumne,5,2,1,NA
one_water_hydrologic_model,5,5,1,Technical
operations,5,1,1,NA
opti,5,1,1,NA
orland_artois_water_district,5,5,1,District
owens_lake_management,5,5,1,NA
pacific_a,5,5,1,NA
page_balding,5,5,1,Reference
pajaro_valley_water_agency,5,5,1,Group
partnership,5,5,1,NA
pavlovic,5,5,1,NA
peoples_water_company,5,5,1,NA
permit_11043,5,2,1,NA
petaluma_formation,5,5,1,Natural_Feature
piedmont,5,5,1,City
pine_flat_dam,5,5,1,Infrastructure
pioneer,5,2,1,City
pioneer_point,5,5,1,NA
piru_subbasin,5,5,1,Basin
plans,5,1,1,Technical
pleasant_valley_water_district,5,5,1,District
plio_pleistocene,5,2,1,NA
pmas,5,1,1,NA
potrero_canyon,5,5,1,NA
power_and_water_resources_pooling_authority,5,5,1,Group
prado_management_area,5,5,1,Geographic_Unit
prather_creek,5,5,1,Natural_Feature
proberta,5,1,1,City
proberta_water_district,5,5,1,District
project_chemist,5,5,1,NA
project_implementation,5,5,1,NA
project_r2,5,5,1,NA
projects_and_actions,5,5,1,NA
public_draft,5,2,1,NA
pumping_management_plan,5,5,1,Technical
pumping_optimization_project,5,5,1,Water_Project
pure_water_monterey_project,5,5,1,Water_Project
ralph_m_brown_act_54950,5,1,1,NA
rancho_matilija_mutual_water_company,5,2,1,NA
reach_4_of,5,5,1,NA
recharge_master_plan,5,5,1,Technical
reclamation_district_no_1001_groundwater_sustainability_agency,5,5,1,Local_GSA
reduction_with_projects,5,5,1,Water_Project
reduction_without_projects_scenario_2,5,2,1,NA
remedial_investigation,5,5,1,NA
remedial_investigation_fs,5,5,1,NA
remleh_scherzinger,5,5,1,NA
rhode_et_al,5,2,1,NA
richard_c_slade_associates_llc,5,5,1,NA
richard_shatz,5,5,1,NA
rio_del_mar,5,5,1,City
riverside_counties,5,5,1,NA
rmw_isw,5,5,1,NA
rmw_trc_monitoring_well23d,5,5,1,Technical
rogina_water_company,5,5,1,NA
rural_community_assistance_corporation,5,1,1,NA
sacramento_county_superior_court,5,2,1,NA
salinas_valley_basin_groundwater_sustainability_agency_advisory_committee,5,2,1,Group
salinity_management_pipeline,5,2,1,NA
salt_and_nitrate_management_plan,5,2,1,Technical
salt_creek_groundwater_dependent_ecosystem_evaluation_unit,5,5,1,NA
san_ardo,5,1,1,City
san_benito_river_valley,5,5,1,Geographic_Unit
san_diego_regional_water_quality_control_board,5,5,1,Group
san_dieguito,5,5,1,NA
san_gorgonio,5,5,1,NA
san_jacinto_flow_model,5,5,1,Technical
san_joaquin_river_restoration_study_background_report,5,1,1,Technical
san_juan_subarea,5,5,1,Geographic_Unit
san_juan_water_district,5,5,1,District
san_lorenzo_valley_water_district_pasatiempo,5,5,1,NA
san_luis_delta_mendota,5,5,1,NA
san_miguelito_creek,5,5,1,Natural_Feature
san_pedro_formations,5,2,1,Natural_Feature
san_timoteo_wash,5,5,1,NA
santa_ana_basin,5,2,1,Basin
santa_ana_south,5,5,1,NA
santa_barbara_channelkeeper,5,5,1,NA
santa_barbara_county_board_of_supervisors,5,5,1,Group
santa_clarita_valley_sanitation_district,5,5,1,District
santa_margarita_aquifer,5,5,1,Natural_Feature
santa_ynez_river_area,5,5,1,Geographic_Unit
santa_ysabel_creeks,5,5,1,Natural_Feature
sceps,5,5,1,NA
scv_recharge_compiler,5,5,1,NA
sea_level_rise,5,5,1,NA
seaside_watermaster,5,5,1,NA
section_1714_monitoring_network,5,2,1,Reference
section_316,5,5,1,Reference
section_328,5,2,1,Reference
section_page,5,5,1,Reference
sections_1090,5,1,1,NA
sentinel_weekly_news,5,2,1,NA
sfkgsa,5,5,1,Local_GSA
sgpsgm,5,5,1,NA
shandon_subarea,5,5,1,Geographic_Unit
shasta_dam,5,2,1,Infrastructure
shasta_trinity_national_forest,5,5,1,NA
sierra_brooks,5,5,1,City
sierra_nevada_mountain_range_and,5,1,1,NA
sierra_valley_groundwater_management_district_board_of_directors,5,5,1,Group
siii,5,5,1,NA
simulated,5,2,1,NA
sisquoc,5,2,1,City
smgwa_board_of_directors,5,5,1,Group
smith_et_al,5,1,1,NA
sneed,5,1,1,NA
sneed_et_al,5,1,1,NA
snmps,5,1,1,NA
solano_county_general_plan,5,5,1,Technical
solano_subbasin_groundwater_sustainability_agency_collaborative,5,5,1,NA
solano_subbasins,5,5,1,Basin
south_mesa04,5,5,1,NA
stakeholder_advisory_committees,5,2,1,Group
stakeholder_communications,5,1,1,NA
stakeholder_outreach,5,1,1,NA
stakeholder_workshops_stakeholder,5,1,1,NA
standard_methods,5,2,1,NA
stevinson_water_district,5,2,1,District
strathmore_map,5,1,1,Reference
study_unit_survey,5,5,1,NA
subbasin_coordination_agreement,5,5,1,Group
subbasin_groundwater_sustainability_agency,5,1,1,Other_GSA
subbasin_management_team,5,5,1,NA
subbasin_no,5,1,1,NA
subbasin_planning_committee,5,5,1,Group
subbasin_sustainability_goal,5,2,1,NA
subwatershed,5,5,1,NA
supervisory_control_and_data_acquisition,5,1,1,Technical
surface_water_quality_ammonia,5,5,1,NA
surface_water_supply,5,1,1,NA
sustainability_fee,5,1,1,NA
sustainable_groundwater_management_act_annual_report,5,2,1,Technical
sustainable_groundwater_management_act_monitoring_networks,5,5,1,Technical
sustainable_groundwater_management_act_sustainability_indicators_six,5,2,1,NA
sustainable_groundwater_management_act_technical_support_services,5,5,1,Technical
sustainable_groundwater_management_program,5,2,1,NA
sustainable_management_criteria_best_management_practice,5,2,1,NA
sustainable_management_of_groundwater_sustainable_management_criteria_bmp,5,1,1,NA
sustainable_management_of_groundwater_water_budget,5,1,1,NA
sve,5,5,1,NA
sweeney_creek,5,5,1,Natural_Feature
swk,5,5,1,NA
swsd,5,5,1,NA
sycamore_creek,5,5,1,Natural_Feature
syrwcd,5,5,1,NA
t0601300019,5,5,1,NA
table_a_entitlement,5,5,1,Reference
task_force,5,2,1,NA
teague_et_al,5,5,1,NA
teale_albers,5,2,1,NA
technical_memo,5,2,1,Technical
tejon_ranch_conservation_and_land_use,5,5,1,NA
tejon_ranch_corporation,5,5,1,NA
teledyne_cast_parts,5,5,1,NA
terranova_ranch,5,5,1,NA
tetra_tech,5,2,1,NA
this_common_chapter,5,1,1,NA
thomas_harder_and_company,5,5,1,NA
thompson_creek,5,5,1,Natural_Feature
tier_1_sustainable_pumping_charge,5,2,1,NA
tier_2_transitional_pumping_charge,5,2,1,NA
tmdl,5,2,1,NA
tony_emmert,5,5,1,NA
toro_creek,5,5,1,Natural_Feature
towill_inc,5,5,1,NA
transportation_agency_for_monterey_county,5,2,1,County
tres_pinos_county_water_district,5,5,1,District
tributaries,5,2,1,NA
tulare_county_local_agency_formation_commission,5,1,1,Group
tupman,5,2,1,City
turk,5,5,1,NA
uavsar,5,2,1,NA
ukiah_valley_basin_groundwater_sustainability_agency_board,5,5,1,Group
united_and,5,1,1,NA
united_auburn_indian_community,5,5,1,NA
united_states_bureau_of_reclamation_water_allocations,5,5,1,NA
united_states_census_bureau,5,1,1,NA
united_states_fish_and_wildlife_service,5,1,1,Federal_Gov
university,5,2,1,NA
university_of_california_at,5,1,1,State_Gov
university_of_california_division_of_agriculture_and_natural_resources,5,1,1,State_Gov
upper_princeton_valley,5,1,1,Geographic_Unit
upper_san_luis_rey_resource_conservation_district,5,5,1,District
upper_valley_subbasin_groundwater_sustainability_plan,5,5,1,Technical
urban_lands,5,5,1,NA
urban_ma,5,5,1,NA
us_department_of_agriculture,5,1,1,Federal_Gov
us_fish_wildlife_service,5,2,1,NA
variability_correction_factor,5,2,1,NA
ventura_harbor,5,5,1,NA
vgm,5,5,1,NA
vina_north,5,5,1,NA
virtual_town_hall,5,5,1,NA
voting_representative,5,5,1,NA
vroblesky,5,5,1,NA
washington,5,2,1,City
water_control_diagram,5,5,1,NA
water_quality_objectives,5,1,1,NA
water_supplies,5,1,1,NA
watershed_coordinator,5,5,1,NA
watershed_information_center_and_conservancy,5,5,1,NA
wbs,5,2,1,NA
wellhead_protection_program,5,1,1,NA
west_kern_water_district,5,2,1,District
west_modesto,5,5,1,City
west_turlock_subbasin_groundwater_sustainability_agency_board,5,5,1,Group
westend,5,5,1,NA
western_shasta_resource_conservation_district,5,2,1,District
wetland_riparian_communities_hydrological_flow,5,5,1,NA
wgs84,5,5,1,NA
white_ranch,5,5,1,NA
willits,5,2,1,City
wilson_grove_formation_highlands,5,2,1,NA
wisp,5,2,1,NA
wl,5,5,1,NA
work_of_subcommittees_and,5,1,1,NA
wsj,5,2,1,NA
ynez_river,5,2,1,Natural_Feature
yolo_county_farm_bureau,5,5,1,NA
yolo_zamora_north,5,5,1,NA
ysga_board_of_directors,5,5,1,Group
yucaipa_graben_complex,5,5,1,NA
yucaipa_valley_regional_water_filtration_facility,5,5,1,NA
zone_3_operations_planning_tool,5,5,1,NA
2015_uwmp,4,2,1,NA
a2_a4,4,4,1,NA
a3,4,2,1,NA
a_alyson,4,4,1,NA
a_groundwater_planning_commission,4,2,1,Group
a_party,4,1,1,NA
aaee,4,4,1,NA
accounting_system,4,2,1,NA
acer,4,2,1,NA
acreage,4,4,1,NA
activity,4,2,1,NA
adobe,4,2,1,NA
advisory_boards_meetings_updates,4,1,1,NA
advisory_committee_and_board,4,1,1,Group
advisory_committee_regular_meeting,4,4,1,NA
aecom,4,2,1,NA
aerojet_rocketdyne,4,4,1,NA
aes,4,4,1,NA
af_month,4,4,1,NA
ag_orders,4,1,1,NA
agf,4,4,1,NA
agl,4,2,1,NA
agreement,4,4,1,Group
agricultural_conservation,4,2,1,NA
agricultural_water_management_council,4,1,1,Group
agricultural_water_quality_objectives,4,4,1,NA
alameda_county_city,4,4,1,NA
alamo,4,2,1,City
albaugh,4,4,1,NA
alfisols,4,2,1,NA
alfonso,4,4,1,NA
ali_taghavi,4,1,1,NA
all_water_level_data,4,2,1,Technical
allocations_and_default_flow_schedules,4,2,1,NA
alluvial_fan,4,4,1,NA
alternative,4,4,1,NA
american_society_for_testing_and_materials,4,2,1,NA
analyze,4,1,1,NA
anderson_lodge,4,2,1,NA
antelope_subbasin_table,4,4,1,Reference
apex_ranch,4,4,1,NA
appendix_1_notice_of_intent_to_adopt,4,4,1,Reference
appendix_2_d_active,4,1,1,Reference
appendix_3a,4,1,1,Reference
appendix_3a_figure,4,4,1,Reference
appendix_3b,4,2,1,Reference
appendix_p,4,2,1,Reference
apple,4,1,1,NA
aqueduct_along_old_river_road,4,1,1,NA
aquifer,4,1,1,Natural_Feature
aquifer_replenishment_project,4,4,1,Water_Project
aquifer_walnut_ave_ws,4,1,1,NA
aquilogic_inc,4,4,1,NA
are_responsible_for_the_disproportionate_and_disparate_impacts_that_will_have_on_disadvantaged_communities_belonging_to_protected_groups,4,4,1,Group
army_corps,4,4,1,NA
arroyo_grande,4,4,1,City
arvin_edison_water_storage_district_board_of_directors,4,4,1,Group
asch,4,2,1,NA
assessor_parcel_number,4,4,1,NA
association_of_california_water_agencies,4,1,1,State_Gov
atascadero_groundwater_sustainability_agency,4,4,1,Other_GSA
attachment,4,1,1,NA
audubon_society,4,2,1,NA
az1,4,4,1,NA
b1,4,2,1,NA
b_staff,4,2,1,NA
bachand_and_associates,4,4,1,NA
bartlett,4,1,1,NA
bartow_and_pittman,4,2,1,NA
base_pumping_allocation,4,4,1,NA
basin_coordinator,4,2,1,NA
basin_deposits,4,2,1,NA
basin_level_public_data,4,2,1,Technical
bay,4,4,1,NA
bcid_board_of_directors,4,4,1,Group
bedford_wash,4,4,1,NA
beneficial_uses_and_users_of,4,2,1,NA
benefit,4,2,1,NA
berryman,4,4,1,NA
bifenture_ec_agricultural,4,1,1,NA
bill_6,4,1,1,NA
biola_community_service_district,4,4,1,District
black_rascal_creek,4,4,1,Natural_Feature
blms,4,1,1,NA
bob_kelley,4,4,1,NA
bolsa_subbasins,4,4,1,Basin
boundary_brentwood_modification,4,4,1,NA
bowman_cottonwood_creek_invasives_control,4,1,1,NA
bowman_subbasin_groundwater_sustainability_plan,4,4,1,Technical
boyle_engineering,4,2,1,NA
brent_richardson,4,4,1,NA
britz,4,1,1,NA
brookdale,4,4,1,City
bruno,4,4,1,NA
buena_vista_farms,4,4,1,NA
buena_vista_wsd,4,4,1,NA
bulletin_7490,4,2,1,NA
bureau_of_irrigation_lab_reclamation,4,1,1,NA
bureau_of_reclamation_1947,4,2,1,NA
butte_valley_irrigation_district,4,4,1,District
by_other_entities,4,4,1,NA
cal_am_slant,4,4,1,NA
cal_poly_irrigation_training_research_center,4,1,1,NA
california_coastal_conservancy,4,2,1,State_Gov
california_code_of_regulations_division,4,2,1,State_Gov
california_department_of,4,1,1,State_Gov
california_department_of_veterans_affairs,4,4,1,State_Gov
california_drinking_water_notification_levels,4,2,1,State_Gov
california_elevation_monitoring_statewide_groundwater_elevation_monitoring,4,1,1,State_Gov
california_natural_resources,4,1,1,State_Gov
california_state_water_project,4,1,1,State_Gov
california_water_code_section_12924,4,1,1,State_Gov
california_water_plan_update,4,1,1,State_Gov
california_water_resources_control_board,4,1,1,State_Gov
california_waterfowl_association,4,4,1,State_Gov
calleguas_creek_watershed,4,2,1,NA
calloway_weir,4,4,1,Infrastructure
camp_anza,4,4,1,NA
can_operate,4,1,1,NA
canada,4,1,1,NA
capital_improvement_and_financing_plan,4,4,1,Technical
capital_project_budget,4,4,1,NA
careaga_sand_formation,4,2,1,Natural_Feature
carex,4,1,1,NA
carrick_creek,4,4,1,Natural_Feature
casillas,4,4,1,NA
castac_basin_groundwater_flow_model,4,4,1,Technical
catostomus,4,2,1,NA
ccwqcp,4,4,1,NA
central_coast_wetlands_group,4,1,1,Group
central_valley_formation,4,4,1,Natural_Feature
central_valley_joint_venture,4,4,1,NA
central_valley_project_supplies_central_valley_project,4,4,1,Water_Project
cerrito_creek,4,4,1,Natural_Feature
cfc,4,4,1,NA
cfr,4,4,1,NA
cga_operations_fee,4,4,1,NA
ch_appendix_6a,4,4,1,Reference
chain_of_custody,4,2,1,NA
chair_of_the_board,4,1,1,Group
chair_of_the_stakeholder_committee,4,2,1,Group
chalfant,4,4,1,City
charles_holman,4,4,1,NA
china_island_unit,4,4,1,NA
china_slough,4,4,1,Natural_Feature
cities_of_visalia,4,1,1,NA
citizen_advisory_group,4,1,1,Group
citizens_advisory_committee,4,4,1,Group
citrus_supreme_spray_oil,4,1,1,NA
city_council_and_county_board_of_supervisors,4,2,1,Group
city_council_of_bakersfield,4,1,1,NA
city_of_lakeport,4,4,1,City
city_of_livingston,4,4,1,City
city_of_mcfarland,4,1,1,City
city_of_redding,4,2,1,City
city_of_san_luis_obispo_groundwater_sustainability_agency,4,4,1,Local_GSA
city_of_santa,4,1,1,City
city_of_seaside_city,4,4,1,City
clay_marker,4,4,1,NA
clay_water_district,4,4,1,District
cleanup_and_abatement_orders,4,4,1,NA
cma_agencies,4,4,1,Group
coast_ranges,4,1,1,NA
coldwater_subbasin,4,4,1,Basin
coleman,4,4,1,NA
colgan_creek,4,4,1,Natural_Feature
collectively,4,1,1,NA
colusa_county_groundwater_commission,4,4,1,Group
colusa_subbasin_multi_benefit_groundwater,4,4,1,NA
colusa_subbasin_multi_benefit_groundwater_recharge,4,4,1,NA
committees,4,2,1,Group
community_of_pixley_community_of_earlimart_city_of,4,1,1,City
community_of_terra_bella_community_of_community_of_poplar,4,1,1,NA
community_profiles,4,4,1,NA
community_workshops,4,4,1,NA
compared,4,1,1,NA
comprehensive_environmental_response_compensation,4,4,1,NA
con_ext,4,4,1,NA
conaway,4,4,1,NA
conaway_ranch,4,4,1,NA
conjunctive_use_programs_local,4,1,1,NA
conservation_land_water_use_changes,4,4,1,NA
conservation_reserve_program,4,4,1,NA
construction_documents_building_permits,4,4,1,NA
consultants,4,2,1,NA
continue,4,2,1,NA
contra_costa_county_gp,4,4,1,NA
control_board,4,1,1,Group
coordinate_evaluation_with_guidance_developed,4,4,1,NA
coordinates_x_report,4,1,1,Technical
coordination_of_monitoring_subsidence,4,4,1,Technical
corning_subbasin_groundwater_sustainability_agency,4,1,1,Other_GSA
corps,4,4,1,NA
council_chamber,4,2,1,NA
county_of_lassen_groundwater_sustainability_agency,4,4,1,Local_GSA
county_of_modoc_groundwater_sustainability_agency_big_valley,4,4,1,Local_GSA
county_subareas,4,4,1,Geographic_Unit
critically_dry,4,2,1,NA
critically_dry_water_year,4,2,1,NA
cropscape,4,2,1,NA
csab,4,1,1,NA
cultural_resources_department,4,4,1,Group
cutler_public_utility_district,4,4,1,District
cw,4,4,1,NA
daniel_b_stephens,4,1,1,NA
data_gap_analysis_technical_appendix,4,4,1,Reference
data_gaps,4,2,1,Technical
data_gaps_analysis,4,2,1,Technical
data_management,4,1,1,Technical
dates,4,1,1,NA
davids_eng,4,4,1,NA
davis_et,4,1,1,NA
de,4,2,1,NA
decision_making_process,4,2,1,NA
delano_earlimart_irrigation_district_management_area_action_1_continued,4,4,1,NA
delivery_capability_report,4,1,1,Technical
delta_water_supply_project,4,4,1,Water_Project
demello,4,4,1,NA
denmark,4,2,1,NA
department_of_fish_and_wildlife_private_duck_ponds_groundwater_dependent_ecosystem_evaluation_unit,4,4,1,NA
department_of_water,4,2,1,NA
department_of_water_resources_2011,4,4,1,NA
department_of_water_resources_basins_subbasins,4,4,1,Basin
department_of_water_resources_bulletins,4,2,1,NA
department_of_water_resources_climate_change_technical_advisory_group,4,1,1,Group
department_of_water_resources_disadvantaged_community_mapping,4,1,1,NA
department_of_water_resources_groundwater_sustainability_plan,4,1,1,Technical
department_of_water_resources_north_central_region_office,4,4,1,NA
department_of_water_resources_statewide_groundwater_elevation_monitoring,4,2,1,Technical
department_of_water_resources_subbasin,4,2,1,Basin
department_of_water_resources_variable_infiltration_capacity,4,4,1,NA
department_of_water_resources_water,4,4,1,NA
department_of_water_resources_water_management_planning_tool,4,4,1,NA
depletions_of_interconnected_surface_water,4,4,1,NA
description_of_steps_to_fill_data_gaps,4,4,1,Technical
developed_for_implementation_northern_sacramento,4,1,1,NA
developed_supply,4,4,1,NA
direct,4,1,1,NA
disney_corporation,4,4,1,NA
dissolved_molybdenum,4,4,1,NA
district_board_meetings,4,1,1,NA
district_court,4,4,1,NA
district_groundwater_sustainability_agency_board,4,4,1,Group
domestic_well,4,1,1,NA
doreen,4,4,1,NA
draft_piru_fillmore_basins_assembly_bill_3030,4,2,1,NA
drain,4,1,1,NA
driller,4,1,1,NA
drt_drain_return_package,4,2,1,NA
dry_creeks,4,2,1,Natural_Feature
duck_slough,4,4,1,Natural_Feature
dutchman_creek,4,4,1,Natural_Feature
dwrsf,4,4,1,NA
east_contra_costa_subbasins,4,4,1,Basin
east_side_streams,4,1,1,NA
east_side_subarea,4,4,1,Geographic_Unit
east_well_field,4,4,1,NA
eastern_hills,4,1,1,NA
eastern_tule_interested_parties,4,4,1,NA
eastern_water_alliance,4,4,1,NA
eastside_subbasin_planning_committee,4,4,1,Group
ebpgb_model,4,4,1,Technical
eckhardt,4,4,1,NA
eda,4,4,1,NA
efficient_water_management_practices,4,1,1,NA
el_toro_groundwater_study,4,4,1,NA
electronic_data_library,4,1,1,Technical
elks_lane,4,4,1,NA
empire,4,4,1,City
environmental_health_department,4,1,1,Group
environmental_planning_permitting,4,4,1,NA
eocene_epoch,4,4,1,NA
equation_1,4,2,1,NA
erik_ringelberg,4,4,1,NA
esd,4,4,1,NA
etchegoin_formation,4,4,1,Natural_Feature
european_commission,4,2,1,Group
exempt_aquifers,4,4,1,Natural_Feature
existing_vegetation_type,4,4,1,NA
expanded_conjunctive_use,4,4,1,NA
extensometer_data,4,4,1,Technical
fall,4,1,1,NA
fall_creek,4,4,1,Natural_Feature
farmers_groundwater_sustainability_agency,4,4,1,Other_GSA
faunt_et_al,4,2,1,NA
fc_mw2d,4,4,1,NA
feather,4,1,1,NA
federal_and_state_conservancy,4,1,1,NA
field_supervisor,4,4,1,NA
fillmore_city_council,4,2,1,Group
fish_game_cannery_feedlot,4,4,1,NA
fivepoint_holdings,4,4,1,NA
flood_control_facility,4,4,1,NA
flowpath_studies,4,4,1,NA
fmp,4,4,1,NA
fo30,4,4,1,NA
focused_technical_report,4,2,1,Technical
follow_up,4,1,1,NA
fordel_extensometer,4,2,1,NA
forebay_subbasin_committee,4,4,1,Group
foster_park,4,4,1,NA
fresno_county_management_areas,4,4,1,Geographic_Unit
funding_commitment,4,2,1,NA
g7,4,2,1,NA
gamit,4,4,1,NA
general_fund,4,4,1,NA
general_water_quality_of_principal_aquifers,4,1,1,Natural_Feature
genevieve_taylor,4,4,1,NA
geographic_information_system_data,4,4,1,Technical
geographic_information_system_user_community,4,2,1,NA
geologic,4,1,1,NA
geological_survey_professional_paper,4,2,1,NA
geosyntec_consultants,4,2,1,NA
gilroy,4,4,1,City
gipsy,4,4,1,NA
glenn_county_farm_bureau,4,4,1,NA
glenn_groundwater_authority_boards,4,4,1,Group
goodding,4,2,1,NA
goyenetche_dairy,4,4,1,NA
grandview_school,4,4,1,NA
grants,4,1,1,NA
grassland_water_district_board_of_directors,4,4,1,Group
groundwater_authority,4,4,1,Group
groundwater_commission_bylaws,4,1,1,Legal
groundwater_depended_ecosystems_units,4,4,1,NA
groundwater_extraction_credit_marketing_and_trading_programs,4,4,1,NA
groundwater_flow_model_report,4,4,1,Technical
groundwater_level,4,2,1,NA
groundwater_quality_measurements,4,1,1,NA
groundwater_sustainability_advisory_committee,4,4,1,Group
groundwater_sustainability_agency_implementation,4,2,1,NA
groundwater_sustainability_agency_level,4,2,1,NA
groundwater_sustainability_plan_implementation_and_updates_implementation,4,1,1,NA
groundwater_sustainability_plan_program_management,4,4,1,NA
groundwater_sustainability_plan_section_setting,4,4,1,Reference
groundwater_sustainability_plan_sections,4,2,1,NA
groundwater_sustainability_plan_technical_advisory_committee,4,4,1,Group
groundwater_vistas_for_windows_version,4,1,1,NA
groundwater_wells,4,2,1,NA
group_a,4,1,1,NA
group_d,4,1,1,NA
gsa_component,4,4,1,NA
gse,4,4,1,NA
guijarral_hills,4,4,1,NA
haas_slough,4,4,1,Natural_Feature
hallwood_irrigation_company,4,4,1,NA
hcm9,4,4,1,NA
henry_c_garnett_water_purification_plant,4,4,1,NA
heritage_ranch_community_services_district,4,2,1,Other_GSA
hevesi,4,1,1,NA
hif,4,4,1,NA
historical_water_budget_results,4,1,1,NA
hoffman,4,4,1,NA
hollister_hills_state_vehicular_recreation_area,4,4,1,Geographic_Unit
holly_dillon,4,4,1,NA
home_gardens_water_district,4,4,1,District
hoover,4,4,1,NA
hopland,4,4,1,City
hot_springs_fault,4,4,1,NA
hotz_1977_wagner,4,4,1,NA
how,4,1,1,NA
how_will_be_achieved,4,1,1,NA
hsa,4,4,1,NA
hsg,4,2,1,NA
htd,4,4,1,NA
hutchinson,4,4,1,NA
hydraulic_conductivity_hydraulic,4,1,1,NA
hydrogeology,4,4,1,NA
hydrologic_model_technical_memorandum,4,4,1,Technical
hydrologic_soils_group,4,4,1,Group
hydrology_hydrology,4,4,1,NA
hydrostratigraphic,4,1,1,NA
i_alyson,4,4,1,NA
ian_gottschalk,4,4,1,NA
ikes_creeks,4,4,1,Natural_Feature
ilr,4,4,1,NA
im,4,4,1,NA
imperial_formation,4,4,1,Natural_Feature
imperial_holly_corporation,4,2,1,NA
implemented_management,4,2,1,NA
in_the_safe_drinking_water_information_system,4,1,1,Technical
includes,4,1,1,NA
indian_wells_valley_groundwater_authority_board_of_directors,4,4,1,Group
intake,4,4,1,NA
integrated_regional_water_management_planning_act,4,1,1,Legal
integrated_water_flow_model_soil_data_builder,4,2,1,Technical
interbasin_working_group,4,4,1,Group
interconnected_surface_waters_maps_sustainable_groundwater_management_act,4,1,1,Legal
interlake_tunnel_project,4,1,1,Water_Project
international_geomagnetic_reference_field,4,2,1,NA
isaacson,4,4,1,NA
j_crop,4,1,1,NA
jacalitos_creek,4,4,1,Natural_Feature
jackson_valley_irrigation_district,4,2,1,District
james_irrigation_district_main_canal,4,4,1,NA
james_m_montgomery_consulting_engineers,4,4,1,NA
javascript,4,2,1,NA
javascript_object_notation,4,2,1,NA
jet_propulsion_laboratory_interferometric_synthetic_aperture_radar,4,2,1,NA
joan_isaacson,4,4,1,NA
joaquin,4,2,1,NA
john_doherty,4,2,1,NA
jonathan_whipple,4,4,1,NA
jose_flores,4,4,1,NA
jpa_agreement,4,2,1,Group
jpl,4,4,1,NA
juanita_lake,4,4,1,Natural_Feature
k_irrigation,4,1,1,NA
karen_shaffer_projector,4,1,1,NA
kawano,4,2,1,NA
kaweah_subbasin_basin_setting_document,4,4,1,NA
kelsey_creek_detention_structure,4,4,1,NA
kelseyville_county_water_works_district,4,4,1,District
kern_river_fan,4,4,1,NA
kern_river_flow_and_municipal_water_program,4,4,1,NA
kern_sanitation_authority,4,4,1,Group
kibler_et_al,4,4,1,NA
kilburn,4,4,1,NA
kimball_reservoir,4,4,1,Infrastructure
kings_basin_water_authority,4,4,1,Group
kings_river_for_irrigation,4,1,1,NA
kkkkff0,4,1,1,NA
kristen_culbert,4,4,1,NA
ksb,4,4,1,NA
la_graciosa,4,4,1,NA
la_jolla,4,4,1,NA
laboratory_quality_assurance,4,2,1,NA
laboratory_quality_assurance_manual,4,1,1,NA
ladph,4,4,1,NA
lake_county_2003,4,4,1,NA
lake_county_groundwater_management_plan,4,4,1,Technical
lakeview_groundwater_dependent_ecosystem_evaluation_unit,4,4,1,NA
land_system_budget,4,4,1,NA
land_use_planning_agencies,4,1,1,Group
landowner_access_agreements,4,1,1,Group
landsat,4,4,1,NA
langley_eastside,4,4,1,NA
langley_subbasin_groundwater_sustainability_plan,4,4,1,Technical
langley_subbasin_planning_committee,4,4,1,Group
lani_lutar,4,4,1,NA
las_posas_anticline,4,4,1,NA
lathrop_city,4,4,1,NA
latinx,4,2,1,NA
layer_1,4,2,1,NA
lead_agency,4,2,1,Group
leadership_counsel_for,4,2,1,NA
leak_repair_program,4,4,1,NA
lesjwa,4,4,1,NA
lifetime_health_advisory,4,2,1,NA
light_detection_and_ranging,4,2,1,NA
limoneira,4,2,1,NA
linda_dorn,4,4,1,NA
linden,4,4,1,City
lion,4,4,1,NA
local,4,1,1,NA
local_groundwater_management_assistance_act,4,4,1,Legal
lompoc_federal_correctional_complex,4,4,1,NA
los_alamos_park,4,4,1,NA
los_angeles_county_sanitation_district,4,4,1,District
los_angeles_downtown,4,4,1,NA
los_angeles_national_cemetery,4,4,1,NA
los_banos_wildlife_area,4,4,1,Geographic_Unit
los_molinos_improvements_habitat_restoration,4,1,1,NA
los_molinos_subbasin_groundwater_sustainability_plan,4,4,1,Technical
los_molinos_subbasin_gws_water_budgets,4,1,1,NA
los_molinos_subbasin_jurisdictional_consolidation,4,1,1,NA
los_molinos_subbasin_surface_water_system,4,4,1,Natural_Feature
los_padres_forest_watch,4,2,1,NA
lower_deer_creek_lower_deer_creek_levee,4,1,1,NA
lower_tuscan,4,4,1,NA
lpug,4,1,1,NA
luhdorff_and_scalmanini_consulting_engineers_team,4,4,1,NA
lynch_creek,4,4,1,Natural_Feature
lyngby,4,2,1,NA
mac,4,4,1,NA
madera_county_department_of_agricultural_weights_and_measures,4,2,1,NA
madera_irrigation_district_groundwater_committee,4,4,1,Group
madera_irrigation_district_om,4,4,1,NA
madera_lake,4,4,1,Natural_Feature
madera_subbasin_recharge_projects,4,4,1,Water_Project
magsa,4,2,1,Other_GSA
malaga_county_water_district,4,4,1,District
management_actions_policies_to_reduce_overall_water_demand_and_management_actions_policies_to_reduce_groundwater_pumping,4,2,1,NA
manganese,4,1,1,NA
marchand,4,1,1,NA
mark_fisler,4,4,1,NA
martin_et_al,4,4,1,NA
maupas,4,2,1,NA
mcconnell,4,4,1,NA
meiss_ranch,4,4,1,NA
melissa_rohde,4,4,1,NA
memo,4,4,1,NA
memorandum_of_understanding_establishing,4,4,1,NA
mendocino,4,2,1,County
merced_falls,4,2,1,NA
merced_irrigation_district_advisory_committee,4,4,1,Group
merced_subbasin_draft,4,4,1,NA
merstan,4,4,1,NA
meyers_farm_water_bank,4,4,1,NA
mgmo,4,4,1,NA
mi_consumptive_use,4,4,1,NA
miguelito_creek,4,4,1,Natural_Feature
mike,4,4,1,NA
miles_creek,4,4,1,Natural_Feature
minney,4,2,1,NA
model_layer_1,4,2,1,Technical
model_layer_2_and,4,2,1,Technical
modeled,4,1,1,Technical
modflow_farm_process,4,1,1,Technical
mohave_tui_chub,4,4,1,NA
monitored_for_other_programs,4,4,1,Technical
monitoring_and_adaptive_management_plan,4,4,1,Technical
monitoring_entity_local,4,1,1,Technical
monitoring_network_monitoring,4,1,1,Technical
monitoring_protocols_for_data_collection_and_monitoring,4,2,1,Technical
monroeville_water_district,4,4,1,District
montalvo_wwtps,4,1,1,NA
monterey_county_environmental_health_bureau,4,4,1,NA
monterey_county_water_resources_agency_act,4,1,1,Legal
monterey_peninsula_water_supply_project_coastal_development_permit,4,4,1,NA
monticello_dam,4,4,1,Infrastructure
morrison,4,4,1,NA
mount_george,4,4,1,NA
mount_hermon_south_scotts_valley,4,4,1,Geographic_Unit
mountain_block_recharge,4,4,1,NA
mpep_team,4,4,1,NA
mpwmdfo6d,4,4,1,NA
mt_mo,4,1,1,NA
munitions_and_explosives_of_concern,4,4,1,NA
must_include_additional_information_in_order,4,4,1,NA
márquez,4,4,1,NA
n_a_n_a,4,1,1,NA
n_a_nature_conservancy,4,4,1,NA
n_slope,4,1,1,NA
napa_county_a,4,4,1,NA
napa_county_groundwater_resource_committee,4,4,1,Group
napa_county_groundwater_sustainability_plan_advisory_committee,4,4,1,Group
napa_county_statewide_groundwater_elevation_monitoring_network_plan,4,4,1,Technical
napa_creek_flood_project,4,4,1,Water_Project
napa_sonoma_valley,4,4,1,Geographic_Unit
napa_valley_subbasin_groundwater,4,4,1,NA
narrows,4,2,1,NA
national_forest_service,4,1,1,NA
national_priorities_list,4,2,1,NA
naval_construction_battalion_center_port_hueneme,4,4,1,NA
nccps,4,1,1,NA
ndma,4,1,1,NA
nebim,4,4,1,NA
needed,4,2,1,NA
neil,4,4,1,NA
network_design_entities,4,1,1,NA
neva_ridge_technologies,4,2,1,NA
nevada_irrigation_district,4,4,1,District
new_jerusalem_drainage_district,4,4,1,District
new_stone_wd,4,2,1,NA
newhall_ranch,4,4,1,NA
ng,4,2,1,NA
nichols_et_al,4,4,1,NA
nishikawa,4,4,1,NA
nitrogen,4,4,1,NA
nmr,4,2,1,NA
no,4,1,1,NA
north_coast_resource_partnership,4,2,1,NA
north_county,4,4,1,County
north_fork,4,2,1,City
north_grassland_water_conservation_and_water_quality_control_project,4,4,1,Water_Project
northeast_management_area,4,4,1,Geographic_Unit
northeast_napa,4,4,1,NA
northeast_napa_special_groundwater_study,4,4,1,NA
northern_sacramento_valley_board,4,1,1,Group
northwestern_block_figure,4,4,1,Reference
nwt,4,2,1,NA
oakeshott,4,4,1,NA
office_of_water_programs,4,4,1,NA
ohwd_agricultural_flood_management_actionsr,4,4,1,NA
ohwd_cosumnes_river_flow_augmentation,4,4,1,NA
ohwd_groundwater_sustainability_agency,4,4,1,Other_GSA
on,4,1,1,NA
op_ed,4,1,1,NA
oracle,4,4,1,NA
orcutt,4,2,1,City
order_suborder,4,2,1,NA
orestimba_creek_recharge_and_recovery_project,4,2,1,Water_Project
orinda,4,4,1,City
orrs,4,4,1,NA
outcrops,4,1,1,NA
ow6b,4,4,1,NA
owens_lake_management_areas,4,4,1,Geographic_Unit
p_nutrients_total_maximum_daily_load,4,1,1,NA
pacheco_reservoir,4,2,1,Infrastructure
pacific_gas_electric,4,2,1,NA
packwood_creeks,4,2,1,Natural_Feature
page_6,4,4,1,Reference
pajaro_river_watershed_nutrient_total_maximum_daily_load,4,1,1,NA
paleocene,4,2,1,NA
palmer,4,4,1,NA
parson,4,2,1,NA
partners,4,4,1,NA
pasadena,4,4,1,City
pasatiempo_golf_club,4,4,1,NA
paso_robles_area,4,4,1,Geographic_Unit
paso_robles_formation_or,4,4,1,NA
paso_robles_groundwater_management_plan,4,4,1,Technical
pauma_valley_community_services_district,4,2,1,District
pcgid,4,4,1,NA
pdgsps,4,2,1,NA
pepperwood_preserve,4,4,1,NA
permit,4,4,1,NA
permits,4,1,1,NA
pfs21_water_supply_pfs25,4,4,1,NA
phosphatic_shale,4,2,1,NA
pickett_peak,4,1,1,NA
piper_diagram,4,4,1,NA
pixley_national_wildlife_refuge,4,2,1,NA
pixley_wildlife_refuge,4,1,1,NA
planning_development_services,4,4,1,NA
playa_vista,4,4,1,NA
pleasant,4,4,1,NA
pleasant_valley_water_district_board_of_directors,4,4,1,Group
pliocene_tuscan_formation,4,1,1,Natural_Feature
plumas_county_board_of_supervisors,4,4,1,Group
plumas_mutual_water_company,4,4,1,NA
point,4,1,1,NA
point_source_non_point_source,4,2,1,NA
pomona_valley_protective_association,4,4,1,Group
poplar_cotton_cp,4,4,1,NA
porcelaneous_shale,4,1,1,NA
pp,4,4,1,NA
ppp,4,2,1,NA
preservation_and_holding_times_sample,4,1,1,NA
press_release,4,4,1,NA
previously,4,1,1,NA
private_pumper,4,4,1,NA
proctor_gamble,4,4,1,NA
program_project_performed_statewide_the_priority_basin_project,4,2,1,Water_Project
project_management_action_name_project_proponent_project_type_project_location_projects_and_management_actions,4,1,1,NA
projected_future_land_use_water_budget,4,1,1,NA
projects_and_management_actions_developed_for_implementation,4,4,1,NA
projects_andor_management_actions,4,4,1,NA
projects_to_develop_new_supplies,4,4,1,NA
provident_irrigation_district,4,4,1,District
public_advisory_committees,4,1,1,Group
public_meetings,4,1,1,NA
public_outreach_consultant,4,2,1,NA
public_utilities_department,4,4,1,Group
public_workshop,4,2,1,NA
public_workshops,4,2,1,NA
puc,4,1,1,NA
pumping,4,2,1,NA
pumping_management_actions,4,4,1,NA
purisima_anticline,4,4,1,NA
qa,4,2,1,NA
quatal_formation,4,4,1,Natural_Feature
r20e,4,4,1,NA
rcac,4,4,1,NA
recommendations,4,2,1,NA
red_bluff_community,4,1,1,NA
red_bluff_municipal_airport,4,1,1,NA
red_rock_valley,4,4,1,Geographic_Unit
reg,4,4,1,NA
regional,4,1,1,NA
regional_board_staff,4,1,1,NA
regional_project,4,4,1,Water_Project
regional_water_management_groups,4,1,1,Group
regional_water_quality_control_board_los_angeles,4,4,1,NA
regional_water_quality_control_board_water_quality_control_plan,4,1,1,Technical
regional_water_quality_control_plant,4,4,1,NA
regulated_site_portal,4,2,1,NA
regulation,4,1,1,Legal
regulatory_agencies,4,1,1,Group
relationship,4,1,1,NA
replenish_big_bear_team,4,4,1,NA
reservoir,4,1,1,Infrastructure
restoration_flows,4,2,1,NA
retrieved,4,1,1,NA
rewis,4,4,1,NA
richgrove_community_service_district,4,4,1,District
riddle,4,4,1,NA
ridgemark_facilities,4,4,1,NA
rikki_schroeder,4,4,1,NA
rincon_creek_fault,4,4,1,NA
river_channel_deposits,4,2,1,NA
riverdale_public_utility_district,4,4,1,District
riverdale_pud_board,4,4,1,Group
riverine,4,2,1,NA
riverkeeper,4,4,1,NA
rivers_and_streams_system,4,4,1,NA
riverside_county_general_plan,4,2,1,Technical
riverside_county_ordinance,4,2,1,Legal
rmw_isw2,4,4,1,NA
rmw_isw3,4,4,1,NA
robbins,4,2,1,City
robinson,4,4,1,NA
rodgers_creek_fault,4,4,1,NA
ron_stefani,4,4,1,NA
roquemore,4,4,1,NA
rural_valley_lands_plan,4,2,1,Technical
sacramento_army_depot,4,4,1,NA
sacramento_valley_subsidence_project,4,1,1,Water_Project
salinas_r_nr_bradley_ca,4,1,1,NA
salinas_valley_basin_groundwater_sustainability_agency_staff,4,4,1,NA
salinas_valley_models,4,1,1,Technical
sam_boland_brien,4,1,1,NA
sampled,4,1,1,NA
san_diego_region,4,4,1,Geographic_Unit
san_diego_zoo_safari_park,4,4,1,NA
san_felipe_division,4,4,1,NA
san_joaquin_general_plan,4,4,1,Technical
san_luis_rey_valley,4,4,1,Geographic_Unit
san_mateo_county,4,2,1,County
san_pasqual_tribe,4,4,1,NA
san_ysidro,4,4,1,NA
sanger_and_reedley,4,2,1,NA
santa_barbara_county_association,4,2,1,Group
santa_cruz_county_environmental_health_services,4,4,1,NA
santa_cruz_county_sanitation_district,4,4,1,District
santa_cruz_creeks,4,4,1,Natural_Feature
santa_cruz_river,4,4,1,Natural_Feature
santa_margarita_basin,4,4,1,Basin
santa_rita_syncline,4,2,1,NA
santa_rosa_plain_watershed,4,4,1,NA
schellville,4,4,1,NA
schmid,4,1,1,NA
schmidt_et_al,4,2,1,NA
scotts_creek,4,4,1,Natural_Feature
scs,4,4,1,NA
sdac_systems_outside_of,4,4,1,NA
seaside_subbasins,4,4,1,Basin
seawat,4,4,1,NA
seawater_intrusion_monitoring_network,4,2,1,Technical
second_point,4,4,1,NA
section_523_conjunctive_use,4,4,1,Reference
see_note,4,1,1,NA
semitropic,4,2,1,NA
serpentinite,4,2,1,NA
sespe_creek_riparian_groundwater_dependent_ecosystem_unit,4,2,1,NA
sewer_system_management_plan,4,4,1,Technical
sgd,4,4,1,NA
sharpe_depot,4,4,1,NA
shasta_water_transaction_program,4,4,1,NA
sierra_club,4,2,1,NA
sierra_valley_groundwater_management_district_groundwater_sustainability_agency,4,4,1,Local_GSA
sierra_valley_watermaster,4,4,1,NA
silty_shale,4,2,1,NA
simulated_compared_to,4,4,1,NA
sjvapcd_dust_control_plan,4,4,1,Technical
slocfcwd,4,4,1,NA
sloughhouse_resource_conservation_district_groundwater_sustainability_agency,4,4,1,Other_GSA
sm,4,1,1,NA
smga,4,1,1,NA
smith_et,4,2,1,NA
social_media,4,2,1,NA
solano_county_department_of_resource_management,4,4,1,NA
solano_habitat_conservation_plan,4,4,1,Technical
solano_parties,4,4,1,NA
solano_water_project,4,4,1,Water_Project
soledad_canyon,4,4,1,NA
soluna_outreach_solutions,4,4,1,NA
sonoma_land_trust,4,2,1,NA
sonoma_valley_county_sanitation_district,4,4,1,District
sonoma_valley_groundwater_management_program,4,4,1,NA
sonoma_valley_subbasin,4,4,1,Basin
south_delta_water_agency,4,4,1,Group
south_feather_water_and_power_agency,4,4,1,Group
south_jackson,4,1,1,NA
south_sacramento_habitat_conservation_plan,4,2,1,Technical
southeast_sacramento_county,4,4,1,County
southern_sierra_nevada_mountains,4,1,1,NA
southern_western_pond_turtle,4,2,1,NA
spatial,4,1,1,NA
special_study_report,4,4,1,Technical
spreading,4,2,1,NA
srf,4,4,1,NA
staff,4,1,1,NA
standing_advisory_committee,4,4,1,Group
stanford_aqua_geo_frameworks,4,4,1,NA
stanford_vina_irrigation_dam,4,1,1,Infrastructure
stanislaus_and_tuolumne_rivers_groundwater_basin_association_groundwater_sustainability_agency_technical_advisory_committee,4,4,1,Group
stanislaus_counties,4,2,1,NA
stanislaus_county_groundwater_ordinance,4,2,1,Legal
state_clearinghouse,4,2,1,NA
state_of_the_basin_report,4,1,1,Technical
state_revolving_fund,4,1,1,NA
state_route,4,4,1,NA
state_secondary,4,4,1,NA
state_university_stanislaus,4,4,1,NA
state_water_interconnection_project,4,4,1,Water_Project
statsgo2,4,1,1,NA
stege_sanitary_district,4,4,1,District
stetson_engineers,4,4,1,NA
stillwater_sciences_2016,4,2,1,NA
stiner,4,4,1,NA
stone_corral_ivanhoe_irrigation_districts,4,4,1,District
stonewood,4,4,1,NA
stony_creek_fan,4,4,1,NA
storm_drainage_master_plan,4,2,1,Technical
stratford_public_utility_district,4,4,1,District
strathmore_public_utility_district,4,4,1,District
strawberry,4,4,1,City
stream_alluvium,4,4,1,Natural_Feature
stream_channel_restoration,4,2,1,NA
stream_reaches_based,4,4,1,NA
subarticle_4_of_article_5,4,2,1,NA
subbasin_chapter_8,4,4,1,NA
subbasin_groundwater_sustainability_agencies,4,2,1,Group
submitted,4,2,1,NA
subsidence_study_and_basin_study,4,4,1,NA
sultana_csd,4,4,1,NA
surface_water_data,4,4,1,Technical
surface_water_groundwater_recycled_water_transfer_stormwater,4,4,1,NA
surface_water_operations_module,4,1,1,NA
surface_water_quality_chromium,4,4,1,NA
surficial_geologic,4,1,1,NA
surfrider_foundation,4,2,1,NA
sustainability_period,4,4,1,NA
sustainable_groundwater_management_act_data_viewer_web,4,2,1,Technical
sustainable_groundwater_management_act_fee,4,2,1,NA
sustainable_groundwater_management_act_httpsd3n8a8pro7vhmxcloudfrontnetcommunitywatercenterpages293attachmentsoriginal1559328858guide_to,4,2,1,NA
sustainable_groundwater_management_planning,4,2,1,NA
sustainable_groundwater_planning_grant,4,1,1,NA
sustainable_management_criteria_sustainable,4,2,1,NA
sustainable_management_of_groundwater_guidance_for_climate_change_data,4,4,1,Technical
sustainable_winegrowing_program,4,4,1,NA
sutter_counties,4,4,1,NA
sutter_subbasin_data_management_system,4,4,1,Technical
svbgsa_advisory_committee,4,1,1,Group
svbgsa_board_of_directors,4,4,1,Group
sweany,4,4,1,NA
system_optimization_review,4,4,1,NA
table_3_7,4,2,1,Reference
table_a,4,1,1,Reference
table_a_and_article_21,4,2,1,Reference
table_c3_7,4,1,1,Reference
table_d2,4,4,1,Reference
table_plan_managera2,4,4,1,Reference
tbwqc_groundwater_quality_trend_monitoring_workplan,4,2,1,Technical
technical_subcommittee,4,2,1,Group
tehachapi_creek,4,4,1,Natural_Feature
tehama_county_data_management_system_user_manual,4,1,1,Technical
tehama_county_enterprise_anderson_groundwater_sustainability_agency_flood_control_and_water_conservation_district,4,2,1,District
tehama_county_flood_control_and_water_conservation_district_act,4,1,1,Legal
tehama_county_flood_control_and_water_conservation_district_technical_advisory_committee,4,1,1,Group
tehama_county_flood_control_water_conservation_district_district,4,1,1,District
tehama_county_groundwater_sustainability_agency_board_of,4,1,1,NA
tehama_county_resource_sacramento,4,1,1,NA
tehama_groundwater_sustainability_agency,4,1,1,Other_GSA
tehama_valley_mobile,4,1,1,NA
temescal_creek,4,2,1,Natural_Feature
terra,4,1,1,NA
terra_bella_sewer_maintenance_district,4,4,1,District
tetrachloroethylene,4,2,1,NA
teviston_community_service_district,4,4,1,District
thc,4,4,1,NA
third_party,4,1,1,NA
this_communications_and_engagement_plan,4,1,1,Technical
this_project,4,4,1,Water_Project
this_technical_memorandum,4,2,1,Technical
thomes_district,4,1,1,District
tim_przybyla,4,4,1,NA
time,4,1,1,NA
tjrn,4,2,1,NA
to,4,1,1,NA
to_fill_data_gaps,4,2,1,Technical
to_minimize_water_contamination_encourage,4,2,1,NA
todd_gw,4,4,1,NA
tolay_volcanics,4,4,1,NA
torrey,4,2,1,NA
towsley_formation,4,4,1,Natural_Feature
tracy_groundwater_sustainability_plan,4,4,1,Technical
tracy_san_joaquin_county,4,4,1,County
train_groundwater_sustainability_agency_staff,4,2,1,NA
trends,4,2,1,NA
trigger_for_implementation_and_termination,4,4,1,NA
tss,4,2,1,NA
tu_unit,4,4,1,NA
tulare_county_environmental_health_division,4,2,1,NA
tule_cattail,4,4,1,NA
tule_lake_national_wildlife_refuge,4,4,1,NA
tuolumne_rivers,4,1,1,Natural_Feature
tuolumne_rivers_groundwater_basin_association_groundwater_sustainability_agency,4,4,1,Other_GSA
turlock_irrigation_district_board_of_directors,4,4,1,Group
u_v,4,4,1,NA
ubd,4,4,1,NA
ug_l_nd_05,4,4,1,NA
umbrella,4,2,1,NA
union_of_concerned_scientists,4,2,1,NA
union_pacific_railroad,4,1,1,NA
united_states_census,4,4,1,NA
united_states_department_of_agriculture_natural_resourcescs,4,4,1,NA
united_states_geological_survey_national_field_manual,4,2,1,NA
university_of_california_above_normalr,4,1,1,State_Gov
university_of_california_agriculture_and_natural_resources,4,2,1,State_Gov
updates_model,4,1,1,Technical
upper_cache_creek,4,4,1,Natural_Feature
upper_klamath_lake,4,4,1,Natural_Feature
upper_middle_tehama,4,4,1,NA
upper_russian_river_water_agency,4,4,1,Group
upper_san_pedro_formation,4,2,1,Natural_Feature
upper_santa_barbara_formation,4,4,1,Natural_Feature
upper_temescal_valley_snmp,4,4,1,NA
upper_valley_subbasin_planning_committee,4,4,1,Group
upson_and,4,4,1,NA
urban_water_management_planning_act,4,1,1,Legal
us_census_american_community,4,2,1,NA
us_environmental_protection_agency_california_toxics_rule,4,2,1,State_Gov
us_geological_survey_scientific_investigations_report,4,1,1,Technical
us_weather_service,4,4,1,NA
used,4,2,1,NA
uses_users_interest_category,4,4,1,NA
using_diurnal_temperature,4,2,1,NA
uva,4,4,1,NA
uzf1_package,4,4,1,NA
valencia_water_company,4,4,1,NA
valley_oak,4,4,1,NA
valley_oak_alliance,4,4,1,NA
various,4,4,1,NA
vaughn_water_company,4,4,1,NA
ventura_county_general_plan_update_water_element_focus_group,4,1,1,Group
ventura_county_stormwater_permits,4,2,1,NA
ventura_county_stormwater_quality_management_program,4,2,1,NA
ventura_regional_groundwater_flow_model,4,2,1,Technical
vicki,4,4,1,NA
vina_chico_management_area,4,4,1,Geographic_Unit
virginia_phelps,4,2,1,NA
vista_irrigation_district,4,4,1,District
vomwd,4,4,1,NA
warren_act,4,2,1,Legal
warthan,4,4,1,NA
water_charges_framework,4,4,1,NA
water_energy_and_efficiency_grant,4,4,1,NA
water_interactions,4,1,1,NA
water_pollution_control_facility,4,2,1,NA
water_quality_sustainable_management_criteria,4,2,1,NA
water_resources_department,4,2,1,Group
water_security,4,1,1,NA
water_year_index,4,2,1,NA
watermaster_program,4,2,1,NA
watkins_johnson,4,4,1,NA
wb13,4,4,1,NA
wcf,4,4,1,NA
well_information,4,4,1,Natural_Feature
wells_monitored,4,2,1,Technical
wells_program,4,4,1,NA
west_butte,4,2,1,NA
west_creek,4,4,1,Natural_Feature
west_side_irrigation_district,4,4,1,District
western_foundation_of_vertebrate_zoology,4,2,1,NA
western_heights,4,4,1,NA
western_lower,4,2,1,NA
western_regional_climate_center,4,4,1,NA
westside,4,2,1,City
wetland_mitigation_bank,4,4,1,NA
whale_rock_reservoir,4,4,1,Infrastructure
wheatland_room,4,4,1,NA
wheeler_ridge,4,2,1,NA
white,4,2,1,NA
white_lands,4,4,1,NA
whwc14,4,4,1,NA
wildlife_conservation_board,4,1,1,State_Gov
wildwood_creek,4,4,1,Natural_Feature
wilkins,4,4,1,NA
will,4,2,1,NA
windsor_creek,4,4,1,Natural_Feature
woodland_davis,4,4,1,NA
woodland_davis_clean_water_agency,4,4,1,Group
woodward_reservoir,4,4,1,Infrastructure
worts,4,4,1,NA
x,4,1,1,NA
yearout,4,2,1,NA
yocha_dehe_wintun_nation,4,2,1,NA
yolo_zamora,4,4,1,NA
yuba_subbasin_groundwater_agency,4,4,1,Group
yucaipa_sustainable_groundwater_management_act_board,4,4,1,Group
zamora_syncline,4,4,1,NA
zayante,4,4,1,City
2018_regulatory_fee_study,3,1,1,NA
501c3,3,2,1,NA
841a,3,3,1,NA
a_recharge,3,1,1,NA
a_water_acquisition_and_exchange_agreement,3,3,1,Group
a_water_quality_control_plan,3,1,1,Technical
ab,3,2,1,NA
abc_liovin_drilling,3,3,1,NA
accelerated_water_transfer_program,3,2,1,NA
act,3,1,1,Legal
administrative_boundaries,3,2,1,NA
administrative_draft_multiple_species_habitat_conservation_plan,3,1,1,Technical
advisory_committee_and_technical_advisory_committee,3,3,1,Group
advisory_committees_and_boards,3,1,1,Group
aem_study,3,3,1,NA
afrpa,3,3,1,NA
afterbay,3,3,1,NA
agricultural_crop_water_management_measures,3,1,1,NA
agricultural_groundwater_substitution_transfers_pumping,3,1,1,NA
agricultural_lands,3,3,1,NA
agricultural_water,3,1,1,NA
airborne_electromagnetic_system,3,3,1,NA
al,3,1,1,NA
alabama_hills,3,3,1,NA
alco_water_service,3,2,1,NA
all_attachments,3,1,1,NA
alpaugh_community,3,3,1,NA
alta_school,3,3,1,NA
alturas,3,3,1,City
amador_county_groundwater_management_authority,3,3,1,Local_GSA
amanda,3,3,1,NA
amended_consulting_agreement,3,3,1,Group
america,3,1,1,NA
american_river,3,3,1,Natural_Feature
american_tribal_communities,3,1,1,NA
american_water,3,3,1,NA
an_interested_party,3,2,1,NA
an_interested_party_database,3,2,1,Technical
analytical,3,1,1,NA
andy,3,3,1,NA
annual_groundwater_report,3,3,1,Technical
annual_monitoring_data_evaluation,3,1,1,Technical
appendix_1_c,3,2,1,Reference
appendix_1_e,3,2,1,Reference
appendix_2_f,3,3,1,Reference
appendix_2_j,3,3,1,Reference
appendix_9b,3,1,1,Reference
appendix_b_further,3,1,1,Reference
appendix_b_projected_land_use_change,3,3,1,Reference
appendix_c5,3,2,1,Reference
appendix_c_table,3,1,1,Reference
appendix_e_nitrate_levels,3,1,1,Reference
appendix_f_note,3,3,1,Reference
appendix_i_letter,3,3,1,Reference
appendix_l2_2,3,3,1,Reference
appendix_l2_5,3,3,1,Reference
appendix_o,3,2,1,Reference
appendix_t,3,2,1,Reference
applicable_land_use_plans,3,1,1,Technical
applied_groundwater_modeling,3,1,1,Technical
arcpy,3,3,1,NA
arcview,3,1,1,NA
are,3,2,1,NA
arnold_drive,3,3,1,NA
arroyo_de_las_viboras,3,3,1,NA
arroyo_santa_rosa_groundwater_sustainability_agency_board_of_directors,3,3,1,Group
arroyo_seco_groundwater_sustainability_agency,3,3,1,Other_GSA
arroyo_toads,3,3,1,NA
arsenic_arsenic,3,1,1,NA
arvada,3,3,1,NA
arvin_edison_kern_subbasin_management_area,3,3,1,Geographic_Unit
ashland,3,3,1,City
assembly_bill_1944,3,3,1,NA
association_of_bay_area_governments,3,1,1,NA
atascadero_state_hospital,3,3,1,NA
attachment_f2,3,3,1,NA
attachment_f4,3,3,1,NA
attachment_g,3,3,1,NA
atwell_island_water_district,3,3,1,District
awd1,3,3,1,NA
awhc,3,3,1,NA
b_agricultural_water_management_compliance_c_statewide_groundwater_elevation_monitoring_basin_prioritization,3,1,1,Technical
b_discuss,3,1,1,NA
b_eardsley_w_ash,3,1,1,NA
background_and,3,1,1,NA
bailey,3,1,1,NA
bakman_water_company,3,3,1,NA
ballico,3,3,1,City
basement,3,3,1,NA
basin_characterization_report,3,3,1,Technical
basin_data_management_system,3,2,1,Technical
basin_management_program,3,3,1,NA
basin_monitoring_program_task_force,3,2,1,Technical
basin_technical_advisory_committee,3,3,1,Group
bayou_vista_ditch_company,3,3,1,NA
bayside,3,3,1,NA
be,3,2,1,NA
bear_rivers,3,3,1,Natural_Feature
becky_rittenberg,3,3,1,NA
benedict,3,3,1,NA
beneficial_users,3,3,1,NA
bennett,3,2,1,NA
bennett_brooks,3,3,1,NA
berenda,3,3,1,NA
beta2_revision,3,3,1,NA
bgepa,3,3,1,NA
big_springs_ranch_wildlife_area,3,3,1,Geographic_Unit
big_valley_advisory_committee_big_valley_advisory_committee,3,3,1,Group
big_valley_basin,3,3,1,Basin
bill_564,3,2,1,NA
bill_610,3,1,1,NA
biola_community_services_district,3,3,1,District
black_butte_dam,3,3,1,Infrastructure
bluegreen,3,1,1,NA
board_committees,3,2,1,Group
board_meeting,3,1,1,NA
board_of_directors_regular_meeting,3,3,1,NA
board_of_the_gravelly_ford_water_district,3,3,1,District
board_of_the_groundwater_sustainability_agency,3,3,1,Other_GSA
board_of_the_shandon_water_district,3,3,1,District
bondy_groundwater_consulting_inc,3,3,1,NA
bootsma,3,3,1,NA
bordering_buckeye,3,3,1,NA
boulder_city,3,3,1,NA
brackish_water_resources_partnership,3,3,1,NA
briefings,3,3,1,NA
budget_and_funding,3,3,1,NA
budget_transfer,3,3,1,NA
bulletin,3,1,1,NA
burton_mesa_ecological_reserve,3,3,1,NA
butte_county_water_commission,3,3,1,Group
butte_subbasins,3,3,1,Basin
butte_valley_national_grassland,3,3,1,NA
butterfield_drain,3,3,1,NA
buttonwillow_county_water_district,3,1,1,District
by,3,1,1,NA
byron_bethany_irrigation_district_groundwater_sustainability_plan,3,3,1,Technical
c_projected,3,3,1,NA
cabrillo_college,3,3,1,NA
cachuma_project_member_units,3,2,1,NA
calculated,3,1,1,NA
caldwell_et_al,3,3,1,NA
calfax,3,3,1,NA
caliente_creek,3,3,1,Natural_Feature
california_aquatic_resource_inventory,3,3,1,State_Gov
california_arsenic_threat,3,2,1,State_Gov
california_association_of_winegrape_growers,3,1,1,State_Gov
california_coastal_act,3,3,1,State_Gov
california_code,3,2,1,State_Gov
california_conservation_easements,3,1,1,State_Gov
california_division_of_oil_gas,3,1,1,State_Gov
california_division_of_water_rights,3,1,1,State_Gov
california_environmental_assessments,3,1,1,State_Gov
california_environmental_information_catalog,3,1,1,State_Gov
california_environmental_protec,3,1,1,State_Gov
california_environmental_resources_evaluation_system,3,1,1,State_Gov
california_freshwater_species_database,3,2,1,State_Gov
california_maximum_contaminant_level,3,3,1,State_Gov
california_national_guard,3,3,1,State_Gov
california_oil_gas,3,2,1,State_Gov
california_state_groundwater_elevation_monitoring_program,3,1,1,State_Gov
california_veterans_home,3,3,1,State_Gov
california_water_code_10730,3,2,1,State_Gov
california_water_foundation,3,1,1,State_Gov
california_water_sustainability_indicators_framework,3,1,1,State_Gov
california_well_standards,3,2,1,State_Gov
california_winegrape_commission,3,1,1,State_Gov
caltrans_survey_manual,3,1,1,NA
camp_far_west_irrigation_district,3,3,1,District
capay_landowners_association,3,3,1,Group
capital_improvement_program,3,2,1,NA
careaga_sands,3,1,1,Natural_Feature
careaga_sandstone,3,3,1,NA
cartago,3,3,1,City
cascade,3,3,1,NA
casino,3,2,1,NA
castle,3,1,1,NA
castle_oaks_water_reclamation_plant,3,3,1,NA
cayuma,3,1,1,NA
cbannelkeeper,3,3,1,NA
ccbl_city_of,3,1,1,City
cdm_smith,3,3,1,NA
cec,3,3,1,NA
center_for_collaborative_policy,3,3,1,Legal
central,3,3,1,NA
central_coast_salmon_enhancement,3,3,1,NA
central_interior_valleys_subarea,3,3,1,Geographic_Unit
central_subbasin,3,3,1,Basin
central_valley_spatial_reference_network,3,3,1,NA
central_valley_steelhead,3,3,1,NA
ceres_main,3,3,1,NA
certificate_of_publication,3,1,1,NA
chair_of_the_resource_conservationc,3,3,1,NA
checker,3,1,1,NA
chico_state,3,1,1,NA
chowchilla_subbasin_coordination_committee,3,3,1,Group
christensen,3,3,1,NA
chronic_lowering_of_groundwater_levels_and,3,3,1,NA
church,3,3,1,NA
cienba,3,3,1,NA
cii,3,1,1,NA
cities_of_exeter,3,3,1,NA
cities_of_hemet,3,3,1,NA
cities_of_modesto,3,2,1,NA
cities_of_napa,3,3,1,NA
cities_of_vacaville,3,3,1,NA
city_department,3,3,1,Group
city_of_delano,3,3,1,City
city_of_el_cerrito,3,3,1,City
city_of_hollister_san_benito_county_water_district,3,3,1,City
city_of_lindsay,3,3,1,City
city_of_marina_planning_commission,3,3,1,City
city_of_pasadena,3,3,1,City
city_of_rio_vista,3,3,1,City
city_of_san_jacinto,3,3,1,City
city_of_shafter,3,3,1,City
city_public_utilities_department,3,3,1,Group
clay_layer,3,3,1,NA
clayey,3,2,1,NA
clean_water_action_and_clean_water_fund,3,1,1,NA
cleath_harris,3,3,1,NA
clifton_court,3,3,1,NA
closeout,3,1,1,NA
coarsegold,3,2,1,City
colorado,3,1,1,NA
colusa_basin_drain_south,3,3,1,NA
colusa_yolo_county,3,3,1,County
comments,3,1,1,NA
committed,3,3,1,NA
committee_and_ad_hoc_work_groups,3,3,1,Group
common_chapter,3,3,1,NA
communication_engagement_and_outreach_plan,3,3,1,Technical
communications,3,2,1,NA
communications_portal,3,3,1,NA
community_alliance,3,1,1,NA
community_engagement_and_activities_database,3,3,1,Technical
community_of_allensworth,3,3,1,NA
company,3,2,1,NA
comprehensive_transportation_plan,3,1,1,Technical
comprehensive_water_resources_report,3,3,1,Technical
conaway_extensometer,3,3,1,NA
conjunction,3,3,1,NA
connect_alpaugh,3,1,1,NA
conservation_district,3,2,1,District
conservation_element_of_the_general_plan,3,1,1,Technical
consolidated_rock,3,3,1,NA
consortium_of_california,3,3,1,State_Gov
construct,3,2,1,NA
contra_costa_health_serviceseh_division,3,3,1,NA
control,3,3,1,NA
cooke,3,1,1,NA
coombs,3,3,1,NA
corning_domes,3,3,1,NA
corocan_clay,3,1,1,Natural_Feature
corona_management_agreements,3,3,1,Group
corona_wrf3,3,3,1,NA
cosumnes_management_plan,3,1,1,Technical
counties,3,3,1,NA
counties_of_solano,3,3,1,NA
county_agricultural,3,3,1,NA
county_board,3,3,1,Group
county_bos,3,3,1,NA
county_city,3,2,1,NA
county_counsel,3,1,1,NA
county_of_kings,3,1,1,County
county_of_san_luis_obispo_groundwater_sustainability_agency_san_luis_obispo_valley,3,3,1,Local_GSA
county_of_tuolumne,3,3,1,County
county_of_tuolumne_groundwater_sustainability_agency,3,3,1,Local_GSA
county_service_area,3,2,1,Geographic_Unit
county_water_agency_working_group,3,1,1,Group
crandell,3,3,1,NA
criteria_a,3,3,1,NA
crna,3,1,1,NA
cross_section_b_b,3,2,1,Reference
cucamonga_basin,3,3,1,Basin
current,3,1,1,NA
cy_1993,3,1,1,NA
daily_root_zone_simulation_model,3,3,1,Technical
daniel_tartakovsky,3,1,1,NA
data_archive_interface,3,3,1,Technical
data_collection_and_analysis,3,3,1,Technical
data_gap,3,2,1,Technical
data_gap_analysis_technical_memorandum,3,1,1,Technical
data_gaps_advisory_committee_role_review,3,1,1,Technical
data_quality_objective_process,3,2,1,Technical
david_mayer,3,3,1,NA
davids,3,3,1,NA
declining_to_dewatered_dewatered,3,3,1,NA
dee_jaspar,3,3,1,NA
deep_aquifer_zone,3,3,1,Geographic_Unit
deep_percolation,3,3,1,NA
deer_unit,3,1,1,NA
defense_language_institute,3,3,1,NA
del_rey_community_service_district,3,3,1,District
delaney_slough,3,3,1,Natural_Feature
delano_earlimart_irrigation_district_board_of_directors,3,3,1,Group
delhi_county_water_district,3,3,1,District
delta_mend,3,3,1,NA
delta_mendota_subbasin_water_year,3,3,1,NA
delta_primary_zone,3,3,1,Geographic_Unit
delta_protection_commission,3,3,1,State_Gov
department_of_corrections_and_rehabilitation,3,2,1,State_Gov
department_of_fish_and_wildlife_distribution,3,3,1,NA
department_of_pesticide_regulations,3,1,1,Legal
department_of_water_and_power,3,2,1,NA
department_of_water_resources_facilitation_support_services,3,1,1,NA
department_of_water_resources_interferometric_synthetic_aperture_radar,3,1,1,NA
department_of_water_resources_kck,3,3,1,NA
department_of_water_resources_madera_county_land_use_survey,3,2,1,NA
department_of_water_resources_natural_communities,3,3,1,NA
department_of_water_resources_regulations,3,3,1,Legal
department_of_water_resources_sustainable_groundwater_management_act,3,1,1,Legal
department_of_water_resources_water_data_library,3,3,1,Technical
department_recommendations,3,3,1,NA
derek_t_mcdonald,3,3,1,NA
description,3,2,1,NA
description_of_measurable_objectives_measurable_objectives,3,1,1,NA
designated,3,2,1,NA
detroit,3,3,1,NA
deuel_vocational_institution,3,3,1,NA
developed,3,1,1,NA
development,3,2,1,NA
diablo_ranges,3,2,1,NA
dibromo_chloropropane,3,2,1,NA
dickinson,3,1,1,NA
disadvantaged_community_support_and_outreach,3,1,1,NA
disadvantaged_community_work_group,3,1,1,Group
displayed,3,2,1,NA
distributed_stormwater_collection_managed_aquifer_recharge,3,3,1,NA
distribution,3,1,1,NA
district_department,3,1,1,Group
district_monitoring_wells,3,3,1,Technical
district_zones_of_benefit_zone_area,3,3,1,Geographic_Unit
diverted,3,1,1,NA
division_7_of_title_i_of_the_california_government_code,3,1,1,State_Gov
do_not_avoid_disparate_impacts_or_consider_the_interests_of_disadvantaged_communities_19_current_projects_and_management_actions_will_not_address_overdraft,3,3,1,NA
do_not_avoid_disparate_impacts_or_consider_the_interests_of_disadvantaged_communities_current_projects_and_management_actions_will_not_address_overdraft,3,3,1,NA
doctrine,3,1,1,NA
documentation_of_a_computer_program,3,1,1,NA
domestic_beneficial,3,2,1,NA
dominick_amador,3,3,1,NA
donna_meyers,3,3,1,NA
donohue_h6_reviseddra,3,3,1,NA
doolin,3,3,1,NA
draft_technical_memorandum,3,1,1,Technical
drainage_reservoir,3,1,1,Infrastructure
drinking_water_forum,3,3,1,NA
drinking_water_program,3,3,1,NA
drn,3,3,1,NA
dry_creek_tribe,3,1,1,NA
dtg,3,3,1,NA
dunes_state_park,3,3,1,NA
durbin,3,3,1,NA
dye_creek_subbasin,3,2,1,Basin
dzurella_et_al,3,3,1,NA
e_groundwater_management_compliance,3,1,1,NA
easmus_froend,3,3,1,NA
east_butte_subbasins,3,2,1,Basin
east_contra_costa_subbasin_groundwater_sustainability_plan,3,3,1,Technical
eastern_kern_county_resource_conservation_district,3,3,1,District
eastern_tule_groundwater_sustainability_agency_board_of_directors,3,3,1,Group
eastside_subbasins,3,3,1,Basin
ebmud_board,3,3,1,Group
edmund_g_brown,3,3,1,NA
ekga,3,3,1,NA
el_agua,3,3,1,NA
el_dorado,3,3,1,County
el_sobrante_de_san_jacinto,3,3,1,NA
el_toro_planning,3,3,1,NA
ellicott_slough,3,3,1,Natural_Feature
ely,3,1,1,NA
emergent_wetland,3,3,1,NA
empire_westside_irrigation_district,3,3,1,District
encyclopedia,3,1,1,NA
endangered_endangered,3,3,1,NA
energy_resources_engineering_stanford_university,3,1,1,NA
environmental_compliance_and_permitting,3,1,1,NA
environmental_impact_reports,3,3,1,Technical
environmental_management_wells_program,3,3,1,NA
erikson,3,3,1,NA
escalon_city_council,3,3,1,Group
esparto_csd,3,3,1,NA
established,3,1,1,NA
estates,3,3,1,NA
estimated_estimated_estimated,3,3,1,NA
estrella_subarea_stakeholders,3,3,1,NA
esu_threatened_threatened,3,3,1,NA
etof,3,3,1,NA
etref,3,3,1,NA
eusuff,3,1,1,NA
evaluate_and,3,1,1,NA
evapotranspiration_of_surface_water,3,3,1,NA
ewm,3,3,1,NA
executive,3,3,1,NA
executive_committee_meetings,3,3,1,NA
executive_group_meetings,3,3,1,NA
executive_team,3,3,1,NA
expanded_conservation_and_standby_rationing_plan,3,3,1,Technical
export_application_permit,3,3,1,NA
express,3,1,1,NA
extend,3,1,1,NA
f225_land_use_planning_and_management,3,1,1,NA
f_city,3,3,1,NA
fallbrook,3,3,1,City
family_farmers,3,1,1,NA
farm,3,1,1,NA
farmer,3,3,1,NA
farr_et_al,3,1,1,NA
fcgma_board_of_directors,3,3,1,Group
feather_falls,3,1,1,NA
feather_river,3,3,1,Natural_Feature
federal_endangered_species,3,3,1,NA
federal_grant_programs,3,3,1,NA
federal_greenhouse_gas_regulations_adopted,3,1,1,NA
feet,3,3,1,NA
fernandeño_tataviam_band_of,3,3,1,NA
fetters_hot_springs,3,3,1,NA
fico,3,2,1,NA
fillmore_basins,3,3,1,Basin
finder,3,3,1,NA
first_point_of_measurement,3,3,1,NA
first_point_to_second_point,3,3,1,NA
fishery,3,3,1,NA
fleckenstein_et_al,3,3,1,NA
flood_risk_management,3,1,1,NA
flows_between_adjacent_subbasins,3,1,1,Basin
folsom_lake,3,1,1,Natural_Feature
formation_environmental_tm,3,3,1,NA
forming_and_participating_parties,3,3,1,NA
fort_ord_site_conceptual_model,3,3,1,Technical
fortord_salinas_valley_aquitard,3,3,1,NA
fortuna_total_palmer_water,3,3,1,NA
foster_park_riparian_groundwater_dependent_ecosystem_unit,3,3,1,NA
fox_canyon_groundwater_management_agency_groundwater_management_plan_update,3,1,1,NA
fram,3,2,1,NA
frazier_mountain_high_school_water_project,3,3,1,Water_Project
freckleton,3,1,1,NA
fresno_county_management_area_b,3,3,1,NA
fresno_rivers,3,2,1,Natural_Feature
fresno_state,3,2,1,NA
friant_dam,3,1,1,Infrastructure
friant_water,3,2,1,NA
g11,3,3,1,NA
g_public_utilities,3,1,1,NA
gadwall,3,3,1,NA
gage,3,2,1,NA
galt_laguna_creek,3,1,1,Natural_Feature
garden_farms_community_water_district,3,3,1,District
gardner,3,2,1,NA
garzas_creek,3,3,1,Natural_Feature
gateway_village,3,3,1,NA
gavin_newsom,3,1,1,NA
gazelle,3,3,1,City
gbpo,3,3,1,NA
general_business_administration,3,1,1,NA
general_plan_updates,3,1,1,NA
geodatabase,3,3,1,Technical
geographical_information_systems,3,3,1,Technical
geologic_cross_sections,3,2,1,NA
geological_survey_techniques_of_water_resources_investigations,3,1,1,NA
geologists,3,2,1,NA
geology_hydrogeology,3,3,1,NA
george_anderson,3,3,1,NA
geoscience_and_aecom,3,3,1,NA
geotracker_groundwater_ambient_monitoring_and_assessment,3,2,1,Technical
gibson,3,3,1,NA
gillespie_et,3,2,1,NA
gina_bartlett,3,3,1,NA
gina_bartlett_founded,3,1,1,NA
giumarra_vineyards_corp_giumarra_bros,3,3,1,NA
glen_ivy_hot_springs,3,3,1,NA
glendale,3,2,1,City
glenn_colusa_canal,3,3,1,NA
glenn_colusa_hydrogeologic_conceptual_model,3,3,1,Technical
glenn_county_general_plan,3,3,1,Technical
glenn_county_rcd,3,3,1,NA
globk,3,3,1,NA
goodwin_reservoir,3,3,1,Infrastructure
gps_driller_instructions_overview,3,1,1,NA
grant_completion,3,1,1,NA
grapevine_development_p_ma,3,3,1,NA
grassland_groundwater_sustainability_agency_board_of_directors,3,3,1,Group
graves_creek,3,3,1,Natural_Feature
gray_lodge_wildlife_area,3,3,1,Geographic_Unit
grimes,3,3,1,City
groundwater_ambient_monitoring_and_assessment_data,3,1,1,Technical
groundwater_ambient_monitoring_and_assessment_geotracker,3,3,1,Technical
groundwater_ambient_monitoring_and_assessment_gis,3,3,1,Technical
groundwater_basin_authority,3,3,1,Group
groundwater_dependent_eco,3,1,1,NA
groundwater_dependent_ecosystem_id,3,3,1,NA
groundwater_extraction,3,1,1,NA
groundwater_extraction_metering_and_reporting_plan,3,3,1,Technical
groundwater_extraction_reporting_program,3,3,1,Technical
groundwater_legislation,3,1,1,NA
groundwater_level_monitoring_network,3,2,1,Technical
groundwater_levels_and_groundwater_storage,3,3,1,NA
groundwater_management_plans,3,3,1,Technical
groundwater_quality_monitoring_act,3,1,1,Legal
groundwater_quality_monitoring_network,3,2,1,Technical
groundwater_report,3,3,1,Technical
groundwater_sustainability_agencies_and_groundwater_sustainability_plans,3,1,1,Technical
groundwater_sustainability_agency_branding_summary_logo_website,3,3,1,NA
groundwater_sustainability_agency_committee_meetings,3,1,1,NA
groundwater_sustainability_agency_monitoring_field_lead,3,3,1,Technical
groundwater_sustainability_agency_public_hearings,3,3,1,NA
groundwater_sustainability_agency_roundtable,3,3,1,NA
groundwater_sustainability_agency_staff,3,3,1,NA
groundwater_sustainability_agency_technical_experts,3,3,1,Technical
groundwater_sustainability_agency_website,3,2,1,NA
groundwater_sustainability_agency_work_group,3,3,1,Group
groundwater_sustainability_plan_adoption_public_hearing,3,1,1,NA
groundwater_sustainability_plan_advisory,3,3,1,NA
groundwater_sustainability_plan_annotated_outline,3,1,1,NA
groundwater_sustainability_plan_elements_part,3,1,1,NA
groundwater_sustainability_plan_implementation_and,3,2,1,NA
groundwater_sustainability_plan_implementation_program_management,3,3,1,NA
groundwater_sustainability_plan_information,3,1,1,Natural_Feature
groundwater_sustainability_plan_management,3,2,1,NA
groundwater_sustainability_plan_master_meeting_schedule,3,3,1,NA
groundwater_sustainability_plan_periodic_evaluations,3,1,1,NA
groundwater_sustainability_plan_project_manager,3,3,1,NA
groundwater_sustainability_plan_public_review_draft,3,3,1,NA
groundwater_sustainability_plan_regs,3,3,1,NA
groundwater_sustainability_plan_review,3,1,1,NA
groundwater_sustainability_plan_section,3,2,1,Reference
groundwater_sustainability_plan_technical_work_group,3,3,1,Group
groundwater_system_water_budget_results,3,2,1,NA
group_c,3,3,1,NA
gsflow_arcpy,3,3,1,NA
gt_cardwell,3,3,1,NA
guide,3,3,1,NA
guidiville_rancheria,3,3,1,NA
gwel,3,2,1,NA
hallwood,3,3,1,NA
hand_held_controller,3,3,1,NA
harding_lawson_associates,3,3,1,NA
hargreaves,3,3,1,NA
hayward_groundwater_sustainability_agencies,3,3,1,Group
head_time,3,1,1,NA
healdsburg,3,3,1,City
hearn_et_al,3,3,1,NA
hecht,3,3,1,NA
hemet_san_jacinto_groundwater_management_area,3,3,1,Geographic_Unit
henleyville,3,3,1,NA
hensley,3,3,1,NA
herb,3,3,1,NA
herbaria,3,3,1,NA
heritage_ranch,3,3,1,NA
hexavalent_chromium_levels,3,1,1,NA
highland_creek,3,3,1,Natural_Feature
holding_contract,3,3,1,Legal
hong_kong,3,1,1,NA
hopps,3,3,1,NA
hsieh,3,1,1,NA
hsr,3,3,1,NA
httpswwwmcwdorggovernance_meetingshtml,3,3,1,NA
httpwwwkernrivergsaorg,3,1,1,NA
hubbard,3,2,1,NA
huckins,3,3,1,NA
huerhuero_creek,3,3,1,Natural_Feature
human_resources,3,3,1,NA
humboldt_county_groundwater,3,3,1,NA
hydrogeologic_study_of_the_warm_springs_groundwater_subbasin,3,3,1,Basin
hydrogeological_conceptual_model_best_management_practices,3,1,1,Technical
hydrographic_reports,3,3,1,Technical
hydrologic_soil_group,3,3,1,Group
hydrological_data,3,1,1,Technical
hydrologics,3,3,1,NA
iers,3,3,1,NA
impervious_surface_coefficient,3,3,1,NA
implementation_measure_15c,3,1,1,NA
imported_water_project_options,3,3,1,NA
improvement_company,3,3,1,NA
industrial_general_permit,3,3,1,NA
information_and_criteria,3,1,1,NA
instream,3,3,1,NA
integrated_recharge_and_recovery_program,3,3,1,NA
integrated_regional_water_management_plan_projects_and_programs,3,1,1,NA
integrated_regional_water_management_stakeholders_advisory_group,3,1,1,Group
interagency_task_force,3,2,1,NA
interconnecte,3,3,1,NA
interferometric_synthetic_aperture,3,2,1,NA
interim_milestones_and_measurable_objectives,3,2,1,NA
international_water_district,3,3,1,District
intertie,3,3,1,NA
inyo_county_code,3,2,1,Legal
ione_band_of,3,3,1,NA
ione_formations,3,3,1,Natural_Feature
irrigated_lands_program,3,2,1,NA
irrigation_districts,3,2,1,District
ivanhoe_irrigation_district_management_area,3,3,1,Geographic_Unit
ivanhoe_public_utilities_district,3,3,1,District
iwvcgwmg,3,3,1,NA
j,3,3,1,NA
j44_interface_with,3,1,1,NA
j_summary,3,3,1,NA
jacob_rancho_water_company,3,3,1,NA
jason_sun,3,3,1,NA
jean_okuye,3,3,1,NA
jeanna_long,3,3,1,NA
jeof_wyrick,3,3,1,NA
jiang_et_al,3,2,1,NA
jja,3,3,1,NA
joint_board,3,3,1,Group
julie_leimbach,3,2,1,NA
julie_tumamait,3,3,1,NA
kaweah_delta_water_conservation_district_groundwater,3,3,1,NA
kbs,3,3,1,NA
kellogg_et_al,3,3,1,NA
kenneth_schmidt,3,3,1,NA
kern_county_subbasin_coordination_agreement,3,3,1,Group
kern_groundwater_authority_umbrella_groundwater_sustainability_plan,3,3,1,Technical
kern_national_wildlife_refuge_complex,3,1,1,NA
kern_river_channel,3,3,1,NA
kern_river_groundwater_sustainability_agency_executive_board,3,1,1,Group
kern_tulare_wd,3,3,1,NA
kerry_schmitz,3,3,1,NA
keswick,3,2,1,City
kim_loeb,3,1,1,NA
kings_coordinated_group,3,2,1,Group
kings_county_general_plan,3,2,1,Technical
kings_river_fisheries_program,3,1,1,NA
kings_subbasin_coordination_agreement,3,2,1,Group
kings_subbasin_coordination_efforts,3,1,1,NA
krcda06,3,3,1,NA
ksjra,3,3,1,NA
l25_groundwater_management_plan,3,1,1,Technical
la_county,3,1,1,County
la_sierra_university,3,3,1,NA
laboratory_quality_control_samples,3,1,1,NA
lacfcd,3,3,1,NA
ladi_asgill,3,3,1,NA
lafco,3,1,1,NA
lake_county_environmental_health_department,3,3,1,Group
lake_mathews,3,2,1,City
lakeside_ditch_company,3,3,1,NA
land_and_water_use,3,1,1,NA
land_subsidence_monitoring_the_tehama_county_flood_control_and_water_conservation_district,3,1,1,District
land_subsidence_sustainability_indicators,3,2,1,NA
land_surface_elevation_monitoring_plan,3,1,1,Technical
land_use_elements_or_topic_categories_of_applicable_general_plans,3,1,1,Technical
landon,3,3,1,NA
landowner_data,3,3,1,Technical
landwatch_monterey_county,3,3,1,County
langenheim,3,3,1,NA
large_environmental_models,3,2,1,Technical
larry_harris,3,3,1,NA
las_palmas,3,3,1,NA
lasan,3,3,1,NA
layers_12,3,1,1,NA
lc,3,2,1,NA
lcp,3,3,1,NA
ldpe,3,3,1,NA
leadership_counsel_for_justice_and_accountability,3,3,1,NA
ledesma,3,3,1,NA
legal_authority_yucaipa_groundwater_sustainability_agency,3,3,1,Other_GSA
legal_counsel_legal,3,1,1,NA
lennar,3,3,1,NA
lesa,3,3,1,NA
lewis_creek_water_district,3,3,1,District
lewis_creeks,3,1,1,Natural_Feature
liberty,3,3,1,NA
license,3,1,1,NA
light_infantry_division,3,3,1,NA
lindmore_irrigation_district_management_area,3,3,1,Geographic_Unit
live_stream_requirement,3,3,1,NA
local_agency_management_program,3,3,1,NA
local_area_management_program,3,3,1,NA
local_regulatory_setting,3,1,1,Geographic_Unit
location_and_construction_data,3,3,1,Technical
lompico_formation,3,3,1,Natural_Feature
lompoc_buellton,3,1,1,NA
lone_pine_paiute,3,3,1,NA
long_term_governance_committee,3,3,1,Group
long_term_operations_criteria_and_plan,3,3,1,Technical
los_angeles_county_sanitation_districts,3,3,1,District
los_angeles_county_waterworks_district_no,3,3,1,NA
los_angeles_groundwater_basin,3,3,1,Basin
los_angeles_regional_water_quality_control_board_basin_plan,3,3,1,Technical
lower_alameda_formation,3,3,1,Natural_Feature
lower_aquifer_system_both,3,1,1,NA
lower_lateral_3,3,3,1,NA
lower_princeton_submarine_valley,3,1,1,Geographic_Unit
lower_tule_irrigation_district,3,3,1,District
lwa,3,3,1,NA
m1,3,1,1,NA
m3_local_climate_change_planning,3,1,1,NA
madera_county_environmental_health_division,3,3,1,NA
madera_county_headquarters,3,3,1,NA
madera_station,3,3,1,NA
madera_water_district_groundwater_management_plan,3,3,1,Technical
madison_csd,3,3,1,NA
mae,3,3,1,NA
main_san_gabriel_basin_judgment,3,3,1,NA
main_san_gabriel_basin_watermaster,3,3,1,NA
maintained,3,2,1,NA
managed_aquifer_recharge_and_banking_actions,3,1,1,NA
managed_aquifer_recharge_high_volume,3,3,1,NA
management_action_4,3,3,1,NA
manning,3,3,1,NA
manor_west,3,1,1,NA
manteca_general_plan_update,3,3,1,NA
map_package,3,1,1,Reference
maples_service_area,3,3,1,Geographic_Unit
margin_of_operational_flexibility,3,1,1,NA
marina_coast_water_district_board,3,3,1,Group
marina_deligiannis,3,3,1,NA
mark_grismer,3,3,1,NA
markstrom_et_al,3,2,1,NA
marquardtlevenberg,3,3,1,NA
marsh_deposits,3,1,1,NA
matthew_sturdivant,3,3,1,NA
maximum_total_dissolved_solids_concentrations,3,3,1,NA
mcarthur,3,3,1,City
mcclure,3,3,1,NA
mcdonald,3,3,1,NA
mcnab_creek_valley,3,3,1,Geographic_Unit
mcnell_creek,3,3,1,Natural_Feature
measurable_objective_and_minimum_threshold,3,3,1,NA
melissa_estrada_maravilla,3,3,1,NA
mellon,3,3,1,NA
mendall,3,3,1,NA
mendocino_county_board_of_supervisors_chambers,3,3,1,NA
mendocino_national_forest,3,3,1,NA
mendonca,3,3,1,NA
menke_et_al,3,3,1,NA
merced_county_board_of_supervisors,3,2,1,Group
merced_county_farm_bureau,3,3,1,NA
merced_formation,3,3,1,Natural_Feature
merced_formations,3,3,1,Natural_Feature
merced_subbasin_groundwater_sustainability_agency_governing_board,3,3,1,Group
mesa,3,2,1,City
mesozoic_era,3,2,1,NA
met,3,3,1,NA
method_of_standard_additions,3,3,1,NA
mettler_recharge_project,3,3,1,Water_Project
meyer_plant,3,3,1,NA
mi_supplemental,3,3,1,NA
mi_supplemental_water,3,3,1,NA
michigan,3,2,1,NA
microsoft_teams,3,2,1,NA
mid_county_basin,3,3,1,Basin
migr,3,3,1,NA
migration_of_contaminated_groundwater_in,3,1,1,NA
millard_canyon,3,3,1,NA
milliken_sarco,3,3,1,NA
mills_pipeline,3,3,1,NA
minh_tran,3,3,1,NA
minimum_threshold_boundary_conditions,3,3,1,NA
mit_department_of_urban_studies_and_planning,3,1,1,NA
mit_harvard_public_disputes_program,3,1,1,NA
mobil_oil_corporation,3,3,1,NA
model_layers_4,3,3,1,Technical
modflow_surfact,3,3,1,Legal
mohawk_valley_road,3,3,1,NA
mollusks,3,1,1,NA
monitoring_and_management_measures,3,2,1,Technical
monitoring_and_management_programs,3,1,1,Technical
monitoring_network_v_identify_projects_and_management_actions_to_maintain_or_improve,3,3,1,Technical
monitoring_protocols_and,3,3,1,Technical
monitoring_wells,3,1,1,Technical
monterey_bay_air_resources_district,3,3,1,District
monterey_county_resources_agency,3,3,1,Group
monterey_formations,3,3,1,Natural_Feature
monterey_groundwater_sustainability_plan,3,3,1,Technical
monterey_peninsula_water_supply_project_mw4,3,3,1,NA
moore_twining_associates_environmental_division_project_water_conservation_plant,3,3,1,NA
moran_lake,3,3,1,Natural_Feature
moreland_ditch,3,1,1,NA
moreno,3,3,1,NA
mound_subbasin,3,3,1,Basin
mountain_front_recharge,3,2,1,NA
msa,3,3,1,NA
msr,3,1,1,NA
mt_ranch,3,3,1,NA
muck,3,3,1,NA
mugu_aquifer,3,3,1,Natural_Feature
mutsun,3,2,1,NA
mvr,3,3,1,NA
mw11,3,2,1,NA
mw8,3,3,1,NA
n51_water_resource_management_of,3,1,1,NA
n_n6,3,1,1,NA
n_water,3,3,1,NA
napa_county_department_of_public_works,3,3,1,NA
napa_county_groundwater_sustainability_agency_board,3,3,1,Group
napa_county_planning_commission,3,3,1,Group
napa_county_public_works,3,3,1,NA
napa_road_recycled_water_pipeline,3,3,1,NA
napa_sonoma_lowlands,3,3,1,NA
national_fish_and_wildlife_service,3,1,1,NA
national_forest,3,2,1,NA
national_geographic,3,3,1,NA
national_oceanic_atmospheric_administration,3,2,1,NA
national_streamflow_information_program,3,3,1,NA
national_weather_service,3,3,1,Federal_Gov
natomas_cross_canal_sb_channel_habitat_enhancements_project,3,3,1,Water_Project
natomas_east_main_drainage_canal,3,3,1,NA
natural_communities_commonly_associated_with_groundwater_database_hosted,3,3,1,Technical
natural_community_dataset,3,3,1,Technical
natural_resources_department,3,1,1,Group
naval_base_ventura_county_point_mugu,3,3,1,NA
navd,3,1,1,NA
nawqa_quality_assurance_specialist,3,3,1,NA
ncgwb,3,3,1,NA
need,3,2,1,NA
neill,3,3,1,NA
new_hogan_reservoir,3,3,1,Infrastructure
new_imported_colorado_river_aqueduct,3,3,1,NA
new_model,3,3,1,Technical
new_production,3,3,1,NA
new_supplies,3,3,1,NA
new_town,3,1,1,NA
newman_gustine,3,2,1,NA
newport_inglewood_fault_zone,3,3,1,Geographic_Unit
newspaper_of_general_circulation,3,2,1,NA
ng_sustainable_groundwater_managementa,3,3,1,NA
ngcc,3,1,1,NA
niki_mcginnis,3,3,1,NA
niles_cone_san_lorenzo_cone,3,3,1,NA
nimbus_dam,3,3,1,Infrastructure
nishikawa_et_al,3,3,1,NA
nl,3,3,1,NA
non_authority,3,3,1,Group
non_point_pollution_discharge,3,1,1,NA
nordberg,3,3,1,NA
normalized_river_milese,3,3,1,NA
normwd,3,3,1,NA
north_and,3,2,1,NA
north_bay_aqueduct,3,3,1,NA
north_complex_fire,3,1,1,NA
north_corning_dome,3,3,1,NA
north_monterey_county_hydrogeologic_study,3,3,1,NA
north_sacramento,3,2,1,NA
north_san_benito_county,3,3,1,County
north_service_area,3,1,1,Geographic_Unit
north_yuba_subbasins,3,3,1,Basin
northern_pleasant_valley,3,1,1,Geographic_Unit
notes_numbers,3,2,1,NA
ntu,3,2,1,NA
o,3,1,1,NA
oak_glen_filtration_plant,3,3,1,NA
oak_ridge_fault,3,3,1,NA
occupational_safety_and_health_administration,3,3,1,Federal_Gov
odc,3,3,1,NA
off_aqueduct_power_facilities,3,3,1,NA
office_of_emergency_services,3,3,1,NA
office_permit_resource_management_department,3,1,1,Group
oildale_mutual_water_company,3,3,1,NA
ojai_basin_groundwater_management_agency_board_of_directors,3,3,1,Group
olcese_groundwater_sustainability_agency_statewide_groundwater_elevation_monitoring_monitoring_plan,3,3,1,Technical
olcese_sands,3,2,1,Natural_Feature
olympic,3,3,1,NA
omochumne_hartnell_water_district,3,3,1,District
ongoing,3,3,1,NA
operational_fee,3,1,1,NA
orcutt_grass,3,3,1,NA
orlando,3,3,1,NA
orosi_high_school,3,3,1,NA
oroville_general_plan,3,3,1,Technical
os,3,3,1,NA
outreach_venues_database,3,3,1,Technical
overall_groundwater_management_strategy,3,3,1,NA
p_highland_economics,3,1,1,NA
p_hopkins_groundwater_consultants_inc,3,1,1,NA
pacific_decadal_oscillation,3,2,1,NA
page_5_united_water_conservation_district,3,1,1,District
page_leblanc,3,2,1,Reference
paleozoic,3,3,1,NA
parameter_elevation_regression_on,3,1,1,NA
parker,3,2,1,NA
parks,3,2,1,NA
paso_robles_area_groundwater_subbasin,3,3,1,Basin
paso_robles_formation_aquifers,3,3,1,Natural_Feature
paso_robles_subbasin_groundwater_sustainability_plan,3,3,1,Technical
paso_subbasin,3,3,1,Basin
passive_sampling_equipment,3,1,1,NA
pastoria_energy_facility,3,3,1,NA
path_to_sustainable_groundwater_management,3,1,1,NA
paula_subbasin,3,2,1,Basin
pbes_department,3,3,1,Group
pce_plume,3,3,1,NA
periodic_evaluations,3,1,1,NA
pescadero,3,3,1,City
petaluma_formations,3,3,1,Natural_Feature
phillips,3,2,1,NA
pioneer_water,3,1,1,NA
pioneer_water_pipeline,3,1,1,NA
pismo_formation_aquifer,3,3,1,Natural_Feature
pl,3,2,1,NA
plan_area,3,1,1,Geographic_Unit
planning_area,3,1,1,Geographic_Unit
pleasant_grove_creek,3,3,1,Natural_Feature
pleasant_valley_wd,3,3,1,NA
population_and_demographic_information_population_and_demographic_data,3,1,1,Technical
porter_slough_near_road,3,2,1,NA
porterville_developmental_center,3,3,1,NA
potable_reuse_feasibility_study,3,3,1,NA
prather,3,3,1,NA
precipitation_daily,3,1,1,NA
precipitation_enhancement,3,3,1,NA
precipitation_percolation,3,3,1,NA
precipitation_precipitation_elevation_regressions_on_independent_slopes_model_calsimetaw,3,1,1,Technical
precipitation_recharge,3,1,1,NA
priestly_taylor,3,2,1,NA
primary_and_secondary,3,1,1,NA
principal_aquifers,3,1,1,Natural_Feature
pro_tem,3,2,1,NA
process_for_determining_minimum_thresholds,3,2,1,NA
project_completion_report,3,1,1,Technical
project_data,3,2,1,Technical
project_expansion,3,3,1,NA
project_or_component_description,3,3,1,NA
projected_current_land_use_water_budget,3,1,1,NA
projected_data_baseline,3,3,1,Technical
projected_future_water_demand,3,1,1,NA
projected_future_water_supply,3,1,1,NA
projected_water_budget,3,2,1,NA
proposal_solicitation_package,3,1,1,NA
proposition_1_sustainable_groundwater_managementa_planning_grant,3,1,1,NA
pros,3,1,1,NA
protection_of_life_structure_equipment_and_property,3,1,1,NA
provide,3,2,1,NA
provided,3,1,1,NA
pu_i19,3,1,1,NA
public,3,1,1,NA
public_affairs,3,3,1,NA
public_hearings,3,3,1,NA
public_input,3,1,1,NA
public_outreach,3,1,1,NA
public_review_draft_plan,3,3,1,Technical
purisima_a_and,3,3,1,NA
purisima_highlands_subbasin,3,3,1,Basin
purple_iris,3,1,1,NA
purpose_of_groundwater_sustainability_plan,3,1,1,Technical
q23,3,1,1,NA
qa_qc_data,3,3,1,Technical
qoao,3,1,1,NA
quality_assurance_and_quality_control,3,3,1,NA
quality_assurance_evaluation,3,3,1,NA
quantitation,3,3,1,NA
quincy,3,3,1,City
qwsu_ibw,3,3,1,NA
rancho_murieta_community_service_district_several,3,1,1,NA
rancho_murieta_community_services_district,3,2,1,District
rancho_seco,3,3,1,NA
rand_communities_water_district,3,3,1,District
rcd,3,3,1,NA
real_time_water_quality_monitoring_network,3,3,1,Technical
recharge_capacity,3,2,1,NA
recharge_projects,3,1,1,Water_Project
reclamation_for_friant_division_central_valleyp,3,3,1,NA
red_bank_creek,3,3,1,Natural_Feature
reduction_without_projects_scenario_3,3,1,1,NA
reed_canary_grass,3,3,1,NA
reeves_creek_groundwater_dependent_ecosystem_evaluation_unit,3,3,1,NA
regional_advisory_committee,3,3,1,Group
regional_water_board_regulatory_programs,3,3,1,NA
regional_water_management_foundation,3,3,1,NA
regional_water_management_planning,3,1,1,NA
register_2016,3,3,1,NA
regulatory_process,3,2,1,NA
relationship_of_minimum_thresholds_for_other_sustainability_indicators,3,3,1,NA
remediation_operations_remediation,3,1,1,NA
reporting_program,3,3,1,Technical
representatives_and,3,1,1,NA
require,3,1,1,NA
response_levels,3,1,1,NA
restrict_groundwater_flow,3,1,1,NA
rfi,3,3,1,NA
rincon_consultants,3,3,1,NA
rio_bravo,3,3,1,NA
riparian_evapotranspiration,3,2,1,NA
riverbank_formations,3,3,1,Natural_Feature
riverpark,3,3,1,NA
riverside_community_services_district,3,3,1,District
rmg,3,3,1,NA
robinson_creeks,3,3,1,Natural_Feature
robles_city_council_chambers,3,3,1,NA
robles_habitat_area,3,3,1,Geographic_Unit
rock_creek_reclamation_district,3,3,1,District
rohnerville_formation,3,3,1,Natural_Feature
rosa_rancheria,3,3,1,NA
rose_valley,3,3,1,Geographic_Unit
rotary_clubs,3,3,1,NA
round_2_funding_kern_river_groundwater_sustainability_agency,3,1,1,Other_GSA
round_3_proposition_68_planning,3,1,1,NA
ruins_creek,3,3,1,Natural_Feature
rural_community_advisory_committee,3,3,1,Group
rustic_canyon_channels,3,3,1,NA
rv,3,1,1,NA
sacramento_county_2030,3,3,1,NA
sacramento_county_department_of_water_resources,3,2,1,NA
sacramento_river_east_levee,3,3,1,NA
sacramento_watershed_coordinated_monitoring_program,3,1,1,Technical
safety,3,2,1,NA
saint_helena,3,3,1,NA
salinas_valley_basin_groundwater_sustainability_agency_subbasin_planning_committee,3,3,1,Group
salinity_control_program,3,3,1,NA
saltwater_intrusion_saltwater,3,1,1,NA
san_antonio_basin_groundwater_sustainability_agency_board_of_directors,3,3,1,Group
san_antonio_basin_water_district,3,3,1,District
san_benito_salt_and_nutrient_management_plan,3,3,1,Technical
san_bernardino_valley_municipal,3,3,1,NA
san_buenaventura_municipal_code,3,3,1,Legal
san_cayetano_fault,3,3,1,NA
san_gabriel_snmp,3,3,1,NA
san_joaquin_river_basin,3,2,1,Basin
san_joaquin_river_seepage,3,3,1,NA
san_leandro_reclamation_facility,3,3,1,NA
san_lorenzo_valley_system,3,3,1,NA
san_luis_delta_mendota_water_authority_administration_offices,3,1,1,NA
san_luis_delta_mendota_water_authority_member_agencies,3,1,1,Group
san_luis_drain,3,3,1,NA
san_luis_national_wildlife_refuge_complex,3,3,1,NA
san_luis_obispo_city_council,3,3,1,Group
san_luis_obispo_county_planning_department,3,3,1,Group
san_luis_range,3,3,1,NA
san_mateo_plain_groundwater_subbasin,3,3,1,Basin
san_pablo_bay,3,3,1,NA
san_pasqual_basin_groundwater_sustainability_plan,3,3,1,Technical
san_pasqual_valley_groundwater_sustainability_agency,3,3,1,Local_GSA
san_timoteo_canyon_road,3,3,1,NA
san_timoteo_management_areas,3,3,1,Geographic_Unit
sanel_valley,3,3,1,Geographic_Unit
santa_ana_valley,3,3,1,Geographic_Unit
santa_barbara_county_integrated_regional_water_management_plan,3,1,1,Technical
santa_clara_calleguas,3,1,1,NA
santa_clara_river_environmental_groundwater_committee,3,2,1,Group
santa_clarita_municipal_code,3,3,1,Legal
santa_cruz_city,3,3,1,NA
santa_fe_railroad,3,3,1,NA
santa_margarita_formations,3,3,1,Natural_Feature
santa_rosa_groundwater_agency,3,3,1,Group
santa_rosa_indian_community,3,3,1,NA
santa_rosa_plain_advisory_committee,3,1,1,Group
santa_rosa_plain_groundwater_subbasin,3,3,1,Basin
santa_rosa_road,3,3,1,NA
santa_rosa_valley_groundwater_basin,3,3,1,Basin
santa_ynez_alluvium,3,3,1,Natural_Feature
santa_ynez_groundwater_communication_portal,3,3,1,NA
save_the_american_river_association,3,3,1,Group
scientists,3,2,1,NA
scott_dam,3,3,1,Infrastructure
scotts_valley_basin,3,3,1,Basin
scotts_valley_times,3,3,1,NA
scripps_institution_of_oceanography,3,1,1,NA
sdac_median_household_income,3,3,1,NA
searles_valley,3,3,1,City
seawater_intrusion_sustainability_indicator,3,3,1,NA
seawater_intrusion_working_group,3,2,1,Group
sebal,3,3,1,NA
seca_place,3,3,1,NA
secondary_management_areas_a,3,3,1,NA
section_10631,3,3,1,Reference
section_1d6,3,2,1,Reference
section_3787_assessment_and_improvement_of_monitoring_network_interconnected_surface_waters,3,1,1,Reference
section_4,3,3,1,Reference
section_iia,3,1,1,Reference
section_nc,3,3,1,Reference
section_title_sustainability_plan,3,3,1,Reference
seikel_creek,3,3,1,Natural_Feature
seismic_safety_and_safety_element,3,1,1,NA
self_help_enterprises,3,2,1,NA
semitropic_school,3,1,1,NA
sentinel,3,2,1,NA
sentinel_peak,3,3,1,NA
septic_septic_conversions,3,3,1,NA
septic_systems,3,2,1,NA
sespe_paula,3,1,1,NA
shallow_zone,3,1,1,Geographic_Unit
shasta_critical_years,3,3,1,NA
shasta_valley_wildlife_area,3,3,1,Geographic_Unit
sidence_data,3,1,1,Technical
sierra_club_sacramento_group,3,3,1,Group
sierra_valley_groundwater_management_district_board,3,3,1,Group
sierra_valley_groundwater_management_district_board_meeting,3,3,1,NA
silva_flat,3,3,1,NA
simmler_formation,3,3,1,Natural_Feature
siskiyou_county_flood_control_and_water_conservation_district,3,3,1,District
site_documentation_and_cleanup_contractor,3,1,1,NA
sjrec,3,3,1,NA
sjrec_groundwater_sustainability_plan_group,3,3,1,Group
skinner_filtration_plant,3,2,1,NA
sldmwa_administration_offices,3,2,1,NA
sldmwa_member_agencies,3,1,1,Group
slo_district_board,3,1,1,Group
snt,3,3,1,NA
soil_moisture_method,3,3,1,NA
sokr_groundwater_sustainability_agencies,3,3,1,Group
solano_groundwater_sustainability_plan_technical_team,3,3,1,Technical
solano_subbasin_data_management_user_manual,3,3,1,Technical
solano_subbasin_education_program,3,3,1,NA
son0553,3,3,1,NA
sonoma_county_winegrowers,3,1,1,NA
sonoma_farm_bureau,3,1,1,NA
sonoma_valley_groundwater_subbasin,3,3,1,Basin
sonoma_veg,3,1,1,NA
sound_science,3,3,1,NA
south_american,3,3,1,NA
south_county_water_supply_program,3,3,1,NA
south_ebp_subbasin,3,3,1,Basin
south_las_posas,3,3,1,NA
south_modesto,3,3,1,NA
south_sacramento_area,3,3,1,Geographic_Unit
south_san_joaquin_irrigation_district_board_of_directors,3,3,1,Group
south_san_joaquin_valley_mpep_committee,3,3,1,Group
south_san_joaquin_valley_mpep_team,3,3,1,NA
south_service_area,3,1,1,Geographic_Unit
south_victoria_ave,3,1,1,NA
south_vina,3,2,1,NA
south_yuba_water_district,3,3,1,District
southern_california_edison_company,3,1,1,State_Gov
southern_san_joaquin_municipal_utility_district,3,2,1,Other_GSA
southern_unit,3,3,1,NA
special_meetings,3,3,1,NA
sphere_of,3,1,1,NA
sphere_of_influence_of_the_pixley_pud,3,1,1,NA
spreckels_gauge,3,3,1,NA
ssc,3,2,1,NA
st_johns_water_district,3,2,1,District
stakeholder_committee_coordinating_committee,3,3,1,Group
stakeholder_directors,3,3,1,NA
stakeholder_surveys,3,3,1,NA
standard_oil_company,3,3,1,NA
stanislaus_county_general_plan,3,3,1,Technical
stanislaus_river_flood_mitigation_and_direct_recharge_project,3,3,1,Water_Project
state_board_water_rights_decisions,3,1,1,NA
state_database_systems,3,1,1,Technical
state_greenhouse_gas_regulations_regulation,3,1,1,Legal
state_revolving_fund_protection_agency,3,1,1,Group
state_third_appellate_district,3,1,1,District
state_water_resources_control_board_data,3,1,1,Technical
state_water_resources_control_board_electronic_water_rights_information_management_system,3,2,1,Technical
state_water_resources_control_board_groundwater_ambient_monitoring_and_assessment_priority_basin_project,3,1,1,Water_Project
statewide,3,3,1,NA
statewide_california_department_of_transportation_phase,3,1,1,State_Gov
statewide_groundwater_elevation_monitoring_monitoring_entity_for_solano_county,3,3,1,County
steelhead,3,2,1,NA
stockholm_environment_institute,3,2,1,NA
stone_corral,3,3,1,NA
stonegate,3,3,1,NA
stream_flow_river,3,3,1,Natural_Feature
streamflow_routing,3,2,1,NA
sturgeon,3,3,1,NA
su,3,2,1,NA
subarticle_2_of_article_5,3,1,1,NA
subarticle_3,3,1,1,NA
subbasin_committees,3,1,1,Group
subbasin_groundwater_sustainability_plan_support,3,1,1,NA
subcuenca_de_solano,3,3,1,NA
subsection_a,3,3,1,NA
substitute_environmental_document,3,3,1,NA
subsurface_geologic_cross,3,2,1,NA
sultana,3,3,1,City
surface_water_development_actions,3,1,1,NA
surface_water_quality_aluminum,3,3,1,NA
surface_water_quality_arsenic,3,3,1,NA
surface_water_supply_historical,3,1,1,NA
surface_water_system_calculation,3,3,1,NA
sustainability_certification_program,3,1,1,NA
sustainability_goal_of,3,2,1,NA
sustainability_indicators_appendix_section_s23,3,1,1,Reference
sustainable_conservation,3,3,1,NA
sustainable_groundwater,3,2,1,NA
sustainable_groundwater_management_act_1,3,1,1,NA
sustainable_groundwater_management_act_2019_basin_prioritization,3,3,1,NA
sustainable_groundwater_management_act_annual_reports,3,3,1,Technical
sustainable_groundwater_management_act_groundwater_sustainability_plan,3,2,1,Technical
sustainable_groundwater_management_act_milestones,3,1,1,NA
sustainable_groundwater_management_act_monitoring_network_for_degraded_water_quality,3,2,1,Technical
sustainable_groundwater_management_act_planning_grant,3,1,1,NA
sustainable_groundwater_management_act_portal_groundwater_sustainability_agency_map,3,3,1,Reference
sustainable_groundwater_management_act_program,3,2,1,NA
sustainable_groundwater_management_act_series,3,3,1,NA
sustainable_groundwater_management_section,3,1,1,Reference
sustainable_groundwater_plan_implement_enforce_management_act,3,3,1,Legal
sustainable_groundwater_planning,3,1,1,NA
sustainable_los_angeles_grand_challenge,3,3,1,NA
sustainable_management_criteria_best_management_practices,3,1,1,NA
sustainable_water_infrastructure_project,3,3,1,Water_Project
sutter_county_groundwater_sustainability_agency,3,3,1,Other_GSA
sutter_creek,3,3,1,City
sutter_mutual_water_company,3,3,1,NA
svbgsa_board_of_directors_advisory_committee,3,1,1,Group
svihm,3,3,1,NA
sw_et,3,3,1,NA
swartz,3,3,1,NA
sweany_creek,3,3,1,Natural_Feature
sween,3,3,1,NA
swi_projects_notes,3,3,1,NA
syblon_reid,3,3,1,NA
sycamore,3,3,1,NA
sycamore_mutual_water_company,3,3,1,NA
t0600100980,3,3,1,NA
t1,3,2,1,NA
t2,3,2,1,NA
t_reated_w_astewater_recharge,3,1,1,NA
table_4_12,3,1,1,Reference
table_c3_2,3,3,1,Reference
table_water_budget15,3,3,1,Reference
tables_d4_and,3,3,1,NA
tamarisk,3,3,1,NA
task_4_procure_design,3,1,1,NA
task_7_review_and_assessment_of_data_management_system,3,1,1,Technical
tbwqc_program,3,1,1,NA
teerink_pumping_plant,3,3,1,NA
tehama_colusa_canals,3,3,1,NA
tehama_county_domestic_well_tracking_and_outreach_program,3,1,1,NA
tehama_county_groundwater_management_plan,3,3,1,Technical
tehama_formations,3,2,1,Natural_Feature
tejon_castac_management_area_the_tejon_castac_management_area,3,3,1,Geographic_Unit
tejon_rancho,3,3,1,NA
temescal_basin_groundwater_sustainability_agency,3,3,1,Other_GSA
temperature,3,2,1,NA
templates,3,1,1,NA
terra_bella_ducor,3,1,1,NA
texaco,3,3,1,NA
thalweg,3,2,1,NA
this_data_management_plan,3,1,1,Technical
thomas_gast_associates,3,3,1,NA
thomas_harder,3,1,1,NA
ticlavilca,3,3,1,NA
tier_3_supplementary_pumping_charge,3,2,1,NA
tipton_community_stormwater,3,1,1,NA
tlbwd,3,3,1,NA
to_achieve_sustainability_goal,3,2,1,NA
to_be_to_be_to_be_watershed,3,3,1,NA
to_benefit,3,3,1,NA
to_prepare,3,1,1,NA
to_review_land_use_plans_and_efforts_to_coordinate_with_land_use_planning_agencies_to_assess_activities,3,3,1,NA
tomatek,3,3,1,NA
tomtom,3,3,1,NA
tonalite,3,3,1,NA
torrey_torrey,3,1,1,NA
tph,3,3,1,NA
tracy_fish_collection_facility,3,3,1,NA
transfer_county,3,3,1,County
transportation_agency,3,2,1,Group
trc_monitoring_well16d,3,3,1,Technical
tre_altamira_interferometric_synthetic_aperture_radar,3,1,1,NA
tribal_government,3,2,1,NA
trout_unlimited,3,2,1,NA
tsm,3,3,1,NA
tulare_county_department,3,1,1,Group
tulare_county_department_of_health_and_human_services,3,1,1,NA
tulare_county_flood_control_master_plan,3,1,1,Technical
tulare_county_flood_control_master_planning,3,1,1,NA
tulare_county_planning_and_development_department,3,1,1,Group
tulare_county_public_works_department,3,1,1,Group
tulare_county_storm_water_quality_and_regulation_ordinance,3,1,1,Legal
tulare_county_water_commission,3,1,1,Group
tulare_lake_sub_basin,3,1,1,Basin
tule_subbasin_mou_group,3,2,1,Group
turlock_lake_formation,3,2,1,Natural_Feature
twitchell_dam_project,3,1,1,Water_Project
uanvco,3,2,1,NA
un,3,3,1,NA
underground_injection_control,3,2,1,NA
underground_services_alert,3,1,1,NA
unified_soil_classification_system,3,1,1,NA
unimpaired_millerton_inflow,3,1,1,NA
united_calleguas,3,1,1,NA
united_nations_governments,3,1,1,NA
united_states_department_of_interior,3,3,1,NA
united_states_geological_survey_national_streamflow_information_program,3,1,1,NA
united_states_space_force,3,3,1,NA
united_water_conservation_district_model_particle_tracks,3,3,1,Technical
unmanned_aerial_vehicle_synthetic_aperture_radar,3,3,1,NA
upper_aquifer_wells,3,3,1,NA
upper_carlotta,3,3,1,NA
upper_san_gabriel_valley_municipal_water_district,3,3,1,District
upper_temescal_valley_salt_and_nutrient_management_plan,3,3,1,Technical
ur,3,2,1,NA
us_army_corps_of_engineers_construction_cost_composite_index,3,3,1,NA
us_census_american_community_survey,3,1,1,NA
us_navy,3,2,1,NA
uses_significant,3,2,1,NA
uvrgsa,3,3,1,Other_GSA
v,3,1,1,NA
valencia_country_club,3,3,1,NA
valencia_reclamation_plant,3,2,1,NA
valley_subarea,3,3,1,Geographic_Unit
vandenberg_state_marine_reserve,3,2,1,NA
vedder,3,2,1,NA
ventura_california,3,1,1,State_Gov
ventura_county_agricultural_association,3,3,1,Group
ventura_county_department_of_public_works_flood_control_district,3,1,1,District
ventura_county_investigations,3,1,1,NA
ventura_county_water_works_district_1,3,1,1,NA
verboon,3,3,1,NA
vermont,3,3,1,NA
vern_freeman,3,3,1,NA
victoria_basins,3,3,1,Basin
views,3,3,1,NA
vinton,3,3,1,NA
vision_plan,3,3,1,Technical
vista,3,3,1,City
vista_hills,3,3,1,NA
vista_irrigation_district_city_of_escondido,3,3,1,City
walnut_hills_ranch,3,3,1,NA
wastewater_treatment_plant,3,2,1,NA
water_balance_subarea,3,3,1,Geographic_Unit
water_budget_report,3,3,1,Technical
water_conservation_strategic_plan,3,3,1,Technical
water_data_information_system,3,3,1,Technical
water_efficiency_program,3,3,1,NA
water_infrastructure_finance_and_innovation_act_us_environmental,3,1,1,NA
water_levels,3,3,1,NA
water_project_authority,3,1,1,Group
water_quality_data,3,1,1,Technical
water_resources_bulletin,3,3,1,NA
water_supply_advisory_committee,3,3,1,Group
water_supply_augmentation_study,3,3,1,NA
watercourse_engineering,3,3,1,NA
wcp,3,3,1,NA
webb,3,3,1,NA
webb_tract,3,2,1,Legal
webber,3,3,1,NA
well_package,3,3,1,NA
well_registration,3,3,1,NA
well_t24s_r23e22e1,3,3,1,NA
wellhead_recharge_area_protection,3,1,1,NA
wells_02n21w11j05s,3,3,1,NA
wells_extensometers,3,2,1,NA
west_goshen,3,3,1,City
west_las_posas_management_area_of,3,1,1,NA
western,3,3,1,NA
western_management_area_advisory_committee,3,3,1,Group
western_management_area_of,3,3,1,NA
western_saline_front,3,3,1,NA
westley,3,3,1,City
weymouth,3,3,1,NA
whittaker_bermite_corporation,3,3,1,NA
wiedlin,3,3,1,NA
wildwood_canyon_state_park,3,3,1,NA
wilkinson_gill_water_company,3,3,1,NA
will_be_accomplished,3,2,1,NA
williamson_act,3,3,1,Legal
withdrawing_party,3,3,1,NA
wolf,3,3,1,NA
workgroup_tiers_2_3,3,3,1,NA
working_groups,3,3,1,Group
wr,3,3,1,NA
wsc,3,3,1,NA
wwwfcgmaorg,3,3,1,NA
wy2019,3,1,1,NA
wyrick,3,3,1,NA
yager_creek,3,3,1,Natural_Feature
yceh,3,3,1,NA
yeats_et_al,3,3,1,NA
yolo_parties,3,3,1,NA
yolo_sustainable_groundwater_management_act_working_group,3,3,1,Group
young_alluvium,3,2,1,Natural_Feature
yuba_county_environmental_health_department,3,3,1,Group
yvwd16,3,3,1,NA
zeng,3,3,1,NA
µs_cm,3,3,1,NA
δ2h,3,3,1,NA
015_budget,2,2,1,NA
2015_urban_water_management_plan,2,2,1,Technical
20year_study_period,2,2,1,NA
22412_uncertainty_in_water_budget_uncertainties,2,2,1,NA
2b,2,2,1,NA
3546e,2,1,1,NA
3564f,2,1,1,NA
500_250_75_senate_bill,2,2,1,NA
644452b,2,1,1,NA
93105_wwwdbstephenscom,2,2,1,NA
a029657,2,2,1,NA
a_charles,2,2,1,NA
a_city_of_lompoc,2,2,1,City
a_coordination_agreement,2,1,1,Group
a_coordination_committee,2,2,1,Group
a_forming_party,2,2,1,NA
a_groundwater_pumping_fee_program,2,2,1,NA
a_groundwater_quality_trend_monitoring_groundwater_quality_trend_monitoring,2,1,1,Technical
a_groundwater_quality_trend_monitoring_workplan,2,1,1,Technical
a_local_well_name,2,2,1,NA
a_management_arca,2,1,1,NA
a_management_committee,2,2,1,Group
a_memorandum_of_agreement,2,1,1,Group
a_n,2,2,1,NA
a_natural_communities_commonly_associated_with_groundwater,2,2,1,Natural_Feature
a_non_party,2,1,1,NA
a_proposal_solicitation_package,2,1,1,NA
a_proposition_1_sustainable_groundwater_planning_grant,2,1,1,NA
a_resolution_to_establish_a,2,2,1,NA
a_sacred_lands_file_native_american_contacts_list_request,2,2,1,NA
a_salt_and_nutrient_management_plan,2,1,1,Technical
a_solano_subbasin_groundwater_sustainability_agency_advisory_group,2,2,1,Group
a_stakeholder_advisory_committee,2,1,1,Group
a_state,2,2,1,NA
a_technical_work_group,2,2,1,Group
a_water_accounting_framework,2,1,1,NA
a_water_conservation_strategic_plan,2,1,1,Technical
a_water_management_plan,2,1,1,Technical
a_water_supply_reliability_report_update,2,2,1,Technical
aarhus_geosoftware,2,1,1,NA
ab303,2,2,1,NA
ab_1668,2,1,1,NA
ab_303,2,2,1,NA
ab_303_appx_c,2,2,1,NA
ab_359,2,1,1,NA
ab_361,2,2,1,NA
ab_le,2,2,1,NA
aberdeen,2,2,1,NA
ac,2,2,1,NA
accountability,2,1,1,NA
acevedo,2,2,1,NA
achieving,2,1,1,NA
ackerman,2,2,1,NA
act_and_public_resources_code_section_21065,2,1,1,Reference
action_agriculture_general,2,2,1,NA
action_levels,2,2,1,NA
activity_hazard_analysis,2,2,1,NA
activity_participants_for,2,2,1,NA
acton,2,1,1,City
adam_bingham,2,2,1,NA
adaptive_basin_management,2,2,1,NA
adaptive_salinity_drainage_management,2,2,1,NA
adcock,2,2,1,NA
address_data_gaps_and_improve_refine_sustainable_management_criteria,2,2,1,Technical
addressed,2,2,1,NA
addressing_collect,2,2,1,NA
adjacent_areas,2,1,1,Geographic_Unit
adjacent_rock,2,2,1,NA
adjudicated,2,2,1,NA
administering_agency,2,2,1,Group
administración,2,2,1,NA
administrative_record,2,1,1,NA
adopts,2,1,1,NA
advisory_committee_chair,2,1,1,NA
advisory_committee_charter,2,1,1,NA
aem_airborne_electromagnetic_aqua_geo_frameworks,2,1,1,NA
af_y_water,2,2,1,NA
af_yr,2,2,1,NA
affiliates,2,1,1,NA
afy_additionally,2,2,1,NA
agencies_the_agencies,2,2,1,Group
agency_bylaws,2,2,1,Legal
agency_coordinator,2,1,1,NA
agency_each_agency,2,1,1,Group
agency_personnel,2,2,1,NA
agenda,2,1,1,NA
agricultural_contractors,2,2,1,NA
agricultural_irrigation,2,2,1,NA
agricultural_irrigation_efficiency_a,2,1,1,NA
agricultural_land,2,2,1,NA
agricultural_lands_domain,2,2,1,NA
agricultural_pool,2,2,1,NA
agricultural_pumping_precipitation,2,2,1,NA
agricultural_resources,2,2,1,NA
agricultural_threshold_study,2,1,1,NA
agriculture_natural_resources_conservation_service,2,1,1,NA
agua_subterránea_pasados,2,2,1,NA
ahtna_engineering_services,2,2,1,NA
aimee,2,2,1,NA
air_force_and,2,2,1,NA
airborne_geophysics,2,2,1,NA
airport,2,1,1,City
akm,2,2,1,NA
alameda_county_gp,2,2,1,NA
alex_kan,2,2,1,NA
alhambra,2,2,1,City
ali_sahli,2,2,1,NA
aliso_canyon,2,2,1,NA
all,2,1,1,NA
all_agency_board,2,2,1,Group
allen,2,2,1,NA
alley,2,2,1,NA
alluvial_fan_deposits,2,2,1,NA
alluvial_upper_tehama,2,2,1,NA
allwardt,2,2,1,NA
alpaugh_community_service_district,2,1,1,District
alyson_waterson,2,2,1,NA
amador_counties,2,2,1,NA
amador_county_code,2,2,1,Legal
amah_mutsun_land_trust,2,1,1,NA
amanda_peisch,2,2,1,NA
ambassadors,2,2,1,NA
ambient_water_quality_criteria,2,1,1,NA
american_mink,2,1,1,NA
ametek_aerospace_et_al,2,2,1,NA
an_augmentation_fee,2,1,1,NA
an_government,2,2,1,NA
an_interested_party_list,2,2,1,NA
and_recharge,2,2,1,NA
anderson_rose_dam,2,2,1,Infrastructure
andrea_reich,2,2,1,NA
andrew_renshaw,2,2,1,NA
angela_bezzone,2,2,1,Geographic_Unit
animal_sitespermitted_facilities_with_waste_discharge_requirements_orders_geotracker,2,2,1,NA
anna_olsen,2,2,1,NA
annual_pumping_allocation_andor_transient_pool_allocation,2,2,1,NA
antelope_subbasin_projected,2,2,1,NA
antelope_subbasin_surface_water_system,2,2,1,Natural_Feature
apac,2,2,1,NA
apex_ranch_conjunctive_use_project,2,2,1,Water_Project
appendix_1_b_182,2,1,1,Reference
appendix_1_f,2,2,1,Reference
appendix_1_f_community_engagement_plan_for_development_and_adoption_of_a_groundwater_sustainability_plan_sonoma,2,2,1,Reference
appendix_2_3,2,2,1,Reference
appendix_2_a,2,2,1,Reference
appendix_2_e,2,2,1,Reference
appendix_2f,2,2,1,Reference
appendix_2fa,2,2,1,Reference
appendix_4_c_to_address,2,2,1,Reference
appendix_6_b,2,2,1,Reference
appendix_6b_table_2,2,2,1,Reference
appendix_a_336_quantification_of_current,2,2,1,Reference
appendix_b_appendix_c,2,1,1,Reference
appendix_b_groundwater,2,2,1,Reference
appendix_b_projected_land_use_change_with,2,2,1,Reference
appendix_c_next_year,2,2,1,Reference
appendix_d2,2,2,1,Reference
appendix_d3c,2,2,1,Reference
appendix_e_based,2,2,1,Reference
appendix_f_static,2,2,1,Reference
appendix_g_based,2,2,1,Reference
appendix_h_67,2,2,1,Reference
appendix_h_data,2,2,1,Reference
appendix_i_hydrogeologic_conceptual_model_and_groundwater_conditions,2,2,1,Reference
appendix_l_additionally,2,2,1,Reference
application_29657,2,2,1,NA
application_of_geophysics_to_environmental_and_engineering_problems_nashville,2,1,1,NA
applied_calculation,2,1,1,NA
applied_flows,2,2,1,NA
applied_groundwater_return_flows,2,2,1,NA
applied_recharge,2,2,1,NA
applied_surface_water_return,2,1,1,NA
approximated_approximated,2,2,1,NA
approximated_approximated_average,2,2,1,NA
aqua_geo,2,2,1,NA
aquaculture,2,2,1,NA
aquatic_bioassay_and_consulting_laboratory,2,1,1,NA
arc_hydro_groundwater,2,2,1,NA
arcadia_wellfield,2,2,1,NA
ardisols,2,1,1,NA
arlington_western_municipal,2,2,1,NA
army_depot,2,2,1,NA
army_forces_command,2,2,1,NA
aromas_formation,2,2,1,Natural_Feature
aromas_sand,2,2,1,Natural_Feature
arrowweed,2,2,1,NA
arroyo_dos_picachos,2,2,1,NA
arroyo_pasajero,2,2,1,NA
arroyo_santa,2,2,1,NA
arroyo_seco_groundwater,2,2,1,NA
arroyo_seco_groundwater_sustainability_agency_1,2,2,1,Local_GSA
arroyo_willow,2,1,1,NA
arundell,2,2,1,NA
asch_th,2,1,1,NA
asgsa_boards,2,2,1,Group
asr_program,2,2,1,NA
assembly_bill_32,2,1,1,NA
assembly_bill_52,2,1,1,NA
assembly_bill_599,2,2,1,NA
assimilative_capacity,2,2,1,NA
associated_vegetation_california,2,2,1,State_Gov
association_for_the_advancement_of_cost_engineering,2,2,1,NA
association_of_water_agencies_of,2,1,1,NA
assure_that,2,2,1,NA
attachment_d_specifically,2,2,1,NA
attachments_m_national_aeronautics_and_space_administration_jpl,2,1,1,NA
auburn,2,2,1,City
audubon_california,2,2,1,State_Gov
authority_board_of_directors,2,2,1,Group
authorizing,2,2,1,NA
automated_high_output_ground_seeding,2,2,1,NA
automatic_precise_positioning_service,2,2,1,NA
avek,2,2,1,NA
avila_beach,2,2,1,City
awmps_improve_monitoring_program,2,2,1,Technical
b_board,2,1,1,Group
b_review,2,2,1,NA
background_study,2,2,1,NA
badger_creek,2,2,1,Natural_Feature
bailey_fault,2,2,1,NA
ballona_aquifer_groundwater,2,2,1,NA
baltimore_aircoil_company_to_allow_for_connection,2,2,1,NA
banks_pumping_plant,2,1,1,NA
barbara_dalgish_pg,2,2,1,NA
barber,2,2,1,NA
barham_ranch,2,2,1,NA
barlow,2,2,1,NA
barow,2,1,1,NA
bartow_ja,2,1,1,NA
baseline_future_scenario_simulations,2,2,1,NA
basewide_groundwater_monitoring_program,2,2,1,Technical
basin_characterization_model_developed,2,2,1,Technical
basin_completed,2,2,1,NA
basin_executive,2,2,1,NA
basin_stakeholders,2,1,1,NA
basinscout,2,2,1,NA
bay_margin,2,2,1,NA
bayside_groundwater_project,2,2,1,Water_Project
bb_bb,2,2,1,NA
bb_limited_recharge_and_recovery,2,2,1,NA
bcgsa_board,2,2,1,Group
bcgsa_board_of_directors,2,2,1,Group
bcwd,2,2,1,NA
bear,2,1,1,NA
beaughan_creek,2,2,1,Natural_Feature
because,2,1,1,NA
bedford_coldwater_groundwater_subbasin,2,2,1,Basin
bedford_coldwater_sub_basin,2,2,1,Basin
belin,2,2,1,NA
belridge,2,2,1,NA
ben,2,2,1,NA
beneficial_uses_and_users_of_groundwater_significant,2,2,1,NA
berenbrock_1988,2,2,1,NA
berenda_slough_byp_7,2,2,1,NA
berrenda_mesa_water_district,2,2,1,District
bethel_island_municipal_improvement_district,2,2,1,District
betty_moore_foundation,2,1,1,NA
beverly_hills_utilities_corporation,2,2,1,NA
big_pine_community_service_district,2,2,1,District
big_springs_ranch,2,2,1,NA
big_valley_advisory_committee_92221_draft,2,2,1,NA
big_valley_groundwater_sustainability_agency_groundwater_sustainability_plan_advisory_committee,2,2,1,Group
biggs_west_gridley,2,2,1,NA
bill_1168,2,1,1,NA
bill_779,2,2,1,NA
bill_jackson,2,1,1,NA
bill_jones_pumping_plant,2,1,1,NA
bill_x7_7,2,2,1,NA
bioretention_bioswale_project,2,2,1,Water_Project
bird_creek,2,2,1,Natural_Feature
black_butte,2,2,1,NA
black_cottonwood_woodland,2,1,1,NA
bloyd,2,2,1,NA
blue_indicates_flows_greater,2,2,1,NA
board_as_interested_parties,2,2,1,NA
board_chair,2,2,1,NA
board_members,2,2,1,NA
board_of_directors_and,2,1,1,NA
board_of_directors_meetings,2,1,1,NA
board_of_directors_notice_of_board_of_directors,2,1,1,Group
board_of_supervisors_of_the_county_of_monterey,2,2,1,NA
board_of_supervisors_of_the_county_of_san_diego,2,2,1,NA
board_of_the_authority,2,2,1,Group
boeing_company,2,2,1,NA
boise,2,2,1,NA
boles_creek,2,2,1,Natural_Feature
bonds_medium,2,2,1,NA
bonta_creek,2,2,1,Natural_Feature
bookman_edmonston_engineering_inc,2,2,1,NA
borax,2,1,1,NA
boreholes,2,1,1,NA
boronda,2,2,1,City
borrego_gsa,2,2,1,Other_GSA
bostic,2,1,1,NA
boundary_flow_measurement,2,1,1,NA
bouquet_junction,2,2,1,NA
bowman_subbasin_historical_lateral_subsurface_groundwater,2,2,1,NA
bowman_subbasin_historical_vertical_subsurface,2,2,1,NA
braatne,2,2,1,NA
brad_herrema,2,2,1,NA
brady_r_otto,2,2,1,NA
brenda,2,1,1,NA
brenda_bay_area,2,1,1,Geographic_Unit
broad_considerations_for_projects_and_management_actions,2,2,1,NA
brock_buche,2,2,1,NA
brock_buche_groundwater_sustainability_agency_party,2,2,1,NA
brown_act,2,1,1,Legal
brown_act_compliance,2,1,1,NA
browns_creek,2,2,1,Natural_Feature
brush_creek,2,2,1,Natural_Feature
bryophytes,2,2,1,NA
bs_chemistry,2,1,1,NA
bsk_laboratory,2,1,1,NA
btex,2,2,1,NA
buck,2,2,1,NA
buellton_upland_subarea,2,2,1,Geographic_Unit
buena_vista_pumping_plant,2,2,1,NA
build_on_existing_management,2,2,1,NA
build_public_engagement_for_regional_sustainability_many,2,1,1,NA
bulletin_74_9,2,1,1,NA
bulletin_74_90,2,2,1,NA
bulrush,2,2,1,NA
burbank,2,2,1,City
burdell_mountain,2,2,1,NA
burdette_ogle,2,2,1,NA
bureau_of_indian_affairs,2,1,1,Federal_Gov
bureau_of_reclamation_revenue,2,2,1,NA
burnham,2,2,1,NA
burow,2,2,1,NA
bush,2,1,1,NA
butler_slough,2,2,1,Natural_Feature
butte_county_groundwater_inventory_analysis,2,1,1,NA
butte_water_district_groundwater_sustainability_agency,2,2,1,Other_GSA
butte_water_district_groundwater_sustainability_agency_sutter,2,2,1,Local_GSA
bvhim,2,2,1,NA
by_non_groundwater_sustainability_agency_entities,2,2,1,NA
byron_bethany_irrigation,2,2,1,NA
byron_bethany_irrigation_district_web,2,2,1,NA
byron_division_canal_45,2,2,1,NA
byron_katie_trust,2,2,1,NA
byron_sanitary_district,2,2,1,District
c2vsimfg_kern_historical_simulation_table_13_assessment_of_potential_native,2,2,1,Reference
c_appendix_j,2,2,1,Reference
c_collaborative,2,2,1,NA
c_e_plan,2,2,1,Technical
c_given,2,2,1,NA
cache_creek_resources_management_plan,2,2,1,Technical
cacheville_csd,2,2,1,NA
cachuma_operation_and_maintenance_board,2,1,1,Group
cachuma_operations_and_maintenance_board,2,2,1,Group
cachuma_project_on,2,1,1,NA
cadwr,2,2,1,NA
calabazas_creek,2,2,1,Natural_Feature
calibrated_root_zone_water_budget_components,2,2,1,NA
california_aqueduct_subsidence_studies,2,2,1,State_Gov
california_code_of_regulation,2,1,1,State_Gov
california_code_of_regulations_tit,2,2,1,State_Gov
california_contractors_license_law,2,2,1,State_Gov
california_department_of_fish,2,1,1,State_Gov
california_department_of_water_resources_state_water_data_library_statewide_groundwater_elevation_monitoring,2,2,1,State_Gov
california_division_of_mines_bulletin,2,2,1,State_Gov
california_environmental,2,1,1,State_Gov
california_environmental_flows_framework,2,2,1,State_Gov
california_environmental_health_tracking_program,2,2,1,State_Gov
california_environmental_reporting_system,2,2,1,State_Gov
california_farmland_trust,2,1,1,State_Gov
california_fourth_climate_change_assessment,2,2,1,State_Gov
california_integrated_water_quality_system_project,2,2,1,State_Gov
california_invasive_plant_c,2,1,1,State_Gov
california_public_resources_code,2,1,1,State_Gov
california_quality_act,2,1,1,State_Gov
california_regional_water_quality_control_board_general_order,2,1,1,State_Gov
california_resource_conservation_district,2,2,1,State_Gov
california_roundtable_on_water,2,2,1,State_Gov
california_soil_resource_lab_at,2,1,1,State_Gov
california_spatial_reference_center,2,2,1,State_Gov
california_species_list_tools,2,2,1,State_Gov
california_sportfishing_protection_alliance,2,1,1,State_Gov
california_state_constitution,2,2,1,State_Gov
california_state_department_of_public_health_order_of,2,1,1,State_Gov
california_state_groundwater_elevation_monitoring,2,1,1,State_Gov
california_state_notification_level,2,1,1,State_Gov
california_statewide_groundwater,2,1,1,State_Gov
california_statewide_groundwater_elevations_monitoring_program,2,2,1,State_Gov
california_water_action_plan,2,2,1,State_Gov
california_water_code_section_107236b,2,2,1,State_Gov
california_water_code_section_10723b,2,1,1,State_Gov
california_water_code_section_10728,2,2,1,State_Gov
california_water_code_section_135612,2,2,1,State_Gov
california_water_code_section_1810,2,2,1,State_Gov
calistoga_popcornflower,2,2,1,NA
calleguas_calleguas,2,2,1,NA
calleguas_municipal_water_district_aquifer_storage_and_recovery_project_and_in_lieu_storage_program,2,2,1,NA
callitriche_heterophylla,2,2,1,NA
calvin_college,2,1,1,NA
camp_comfort,2,2,1,NA
camp_far_west_reservoir,2,2,1,Infrastructure
camrosa_board_of_directors,2,2,1,Group
camrosa_gsa,2,2,1,Other_GSA
camrosa_water_district_boards,2,1,1,Group
can_be_withdrawn,2,1,1,NA
canal_system,2,2,1,NA
cannia,2,1,1,NA
canyon,2,2,1,NA
carl,2,2,1,NA
carle,2,1,1,NA
carman_creek,2,2,1,Natural_Feature
carneros_basin,2,2,1,Basin
carney,2,1,1,NA
carollo_engineers_inc,2,2,1,NA
carp,2,2,1,NA
carr_fire,2,1,1,NA
carswell_2009,2,2,1,NA
casa_de_fruta,2,2,1,NA
cascades,2,2,1,NA
case_4_region_management_actions,2,2,1,NA
casgems_program,2,2,1,NA
castaic_junction,2,1,1,NA
castaic_lake_water_agency_santa_clarita_water_division,2,2,1,NA
castaic_subunit,2,2,1,NA
castroville_community_services_district,2,1,1,District
catalog_climate,2,2,1,NA
cch1_berkeley_mapper,2,2,1,NA
ceanothus_hellmers_et_al,2,1,1,NA
census_designated_place,2,2,1,NA
census_designated_places_of_boulder_creek,2,2,1,Natural_Feature
central_california_coast,2,2,1,State_Gov
central_california_coast_distinct_population_segment,2,2,1,State_Gov
central_coast_water_authority_board_of_directors,2,1,1,Group
central_management_agency,2,2,1,Group
central_sacramento_county,2,2,1,County
central_tendency,2,2,1,NA
central_tendency_2070,2,2,1,NA
central_valley_dairy_representative_monitoring,2,2,1,Technical
central_valley_flood_protection_board_communications_decision_making_processes,2,2,1,NA
central_valley_improvement_act,2,1,1,Legal
central_valley_project_delta_division,2,2,1,NA
central_valley_project_friant,2,2,1,NA
central_valley_project_san_luis,2,2,1,NA
central_valley_project_settlement_contract,2,2,1,Legal
central_valley_project_supplies_agencies,2,1,1,Group
central_valley_project_water_service_contractors,2,2,1,NA
central_water_system,2,2,1,Natural_Feature
central_yolo_management,2,2,1,NA
central_yolo_management_area,2,2,1,Geographic_Unit
centre_europeen_de_reserches_et_de_formation,2,2,1,Natural_Feature
certificate_of_analysis,2,1,1,NA
certified_unified_program_agency,2,2,1,Group
cgs,2,1,1,NA
ch3_revise_line,2,2,1,NA
chair_of_each_committee,2,2,1,Group
chair_of_the_executive_committee,2,1,1,Group
chair_of_the_technical_advisory_committee,2,1,1,Group
challenges,2,1,1,NA
chambers_public_noticing_irrigation_district211,2,2,1,NA
champlin_slough,2,2,1,Natural_Feature
channel_island_beach,2,1,1,NA
channel_islands_beach_community,2,1,1,NA
channels,2,1,1,NA
chapman,2,2,1,NA
chappelle,2,2,1,NA
chapter_8,2,2,1,NA
chatsworth,2,1,1,NA
chevron_usa_inc,2,2,1,NA
chico_management_area,2,2,1,Geographic_Unit
chico_rancheria,2,2,1,NA
chino_desalter_authority,2,2,1,Group
chittenden,2,2,1,NA
chloride_chloride,2,1,1,NA
cholame,2,2,1,NA
chowchilla_bypass_water,2,2,1,NA
chowchilla_madera,2,2,1,NA
chowchilla_subbasins,2,2,1,Basin
chowchilla_water_district_board,2,2,1,Group
chowchilla_water_district_meeting,2,2,1,NA
chris_boyle,2,2,1,NA
christensen_associates_inc,2,2,1,NA
chronic_lowering_of_groundwater_fall,2,2,1,NA
chuck_corica_golf_complex,2,2,1,NA
chumash_mission,2,1,1,NA
chung,2,2,1,NA
circumstances_and_criteria_for_implementation,2,2,1,NA
cisdce,2,2,1,NA
cities_of_rohnert_park,2,2,1,NA
citizens_advisory_groups,2,1,1,Group
citizens_for_responsible_oil_and_gas,2,1,1,NA
city_clerk_to_execute_the_certificate_of_acceptance,2,2,1,NA
city_council_chambers,2,2,1,NA
city_environment_committee,2,2,1,Group
city_general_plan,2,2,1,Technical
city_of_5,2,2,1,City
city_of_albany,2,2,1,City
city_of_bishop_to,2,2,1,City
city_of_canyon_lake,2,2,1,City
city_of_el_cerrito_gp,2,2,1,City
city_of_farmersville,2,2,1,City
city_of_hemet,2,2,1,City
city_of_oakley,2,2,1,City
city_of_scotts_valley_tertiary_treatment_plant,2,2,1,City
city_of_weed,2,2,1,City
citywide_non,2,2,1,NA
clarita,2,1,1,NA
claudia_faunt,2,1,1,NA
clean_water_action,2,2,1,NA
clean_water_state_revolving_fund_program,2,1,1,NA
cleveland_national_forest,2,2,1,NA
clint_mckay,2,2,1,NA
clovis_sewage_treatment_water_reuse_facility,2,2,1,NA
cma_groundwater_sustainability_agency_advisory_committee,2,2,1,Group
co,2,1,1,NA
coachella_valley_water_district,2,2,1,District
coastal_conservancy,2,2,1,NA
coastal_range,2,2,1,NA
coastal_ranges,2,2,1,NA
coastal_zone_management_act,2,1,1,Legal
code_of_civil_procedure_section_861,2,2,1,Reference
coldwater_groundwater_sustainability_authority,2,2,1,Group
collaboration,2,1,1,NA
collaborative_decision_approach,2,2,1,NA
collection_of_other_required_information,2,1,1,Natural_Feature
colusa_city_council,2,2,1,Group
colusa_subbasin_multi_benefit_groundwater_recharge_costs_item,2,2,1,NA
commerce,2,1,1,City
commercial_environmental_health,2,1,1,NA
committee_action,2,2,1,NA
committee_and_governing_board,2,2,1,Group
communication_forums_tools_governance_agencies_briefings_board,2,1,1,Group
communication_key_sustainable_groundwater_management_act,2,1,1,Legal
communication_monitoring,2,2,1,Technical
communication_objectives,2,1,1,NA
communications_and_engagement,2,2,1,NA
communities,2,1,1,NA
community_development,2,2,1,NA
community_development_department,2,2,1,Group
community_engagement_and_outreach_plan,2,2,1,Technical
community_engagement_survey,2,2,1,NA
community_engagement_team,2,2,1,NA
community_monitoring_program,2,2,1,Technical
community_planning_districts,2,2,1,District
community_services_district_law,2,1,1,Legal
complaint_and_petition_for_declaratory_relief,2,2,1,NA
comprehensive_groundwater_quality_monitoring_program,2,2,1,Technical
concur,2,2,1,NA
conejo_creek_flows_by_t,2,2,1,NA
conejo_creek_water_pumping_program,2,1,1,NA
conejo_creeks,2,2,1,Natural_Feature
confined,2,1,1,NA
confined_while,2,2,1,NA
conflict_of_interest_code,2,2,1,Legal
congruently,2,1,1,NA
conifer,2,1,1,NA
conjunctive,2,2,1,NA
conjunctive_use_agreements,2,2,1,Group
consensus_and_collaboration_program,2,1,1,NA
conservation_and_land_use,2,2,1,NA
conservation_and_open_space,2,1,1,NA
conservation_and_open_space_element,2,1,1,NA
conservation_development_and_planning,2,2,1,NA
conservation_easements,2,2,1,NA
conservation_element_and_open_space_element,2,1,1,NA
conservation_open_space_element,2,2,1,NA
conservation_service,2,1,1,NA
conservation_technical_assistance,2,1,1,Technical
considering_beneficial_uses_and_users,2,2,1,NA
consolidated_bedrock,2,2,1,NA
constituents_of_concern,2,2,1,NA
construction_activities_and_requirements_specific,2,2,1,NA
contra_all_project_phases,2,2,1,NA
contra_costa_county_water_agency,2,2,1,Group
contra_costa_goldfields,2,2,1,NA
contract,2,1,1,Legal
contracting_entities,2,1,1,NA
controller_of_the_agency,2,2,1,Group
conversations_calibration,2,2,1,NA
conveyance,2,2,1,NA
cooperating_agreement,2,2,1,Group
cooperation_agreement,2,2,1,Group
cooperative_committee_regular_meeting,2,2,1,NA
coordinate_community_development_decisions,2,2,1,NA
coordinated_costs,2,2,1,NA
coordinates,2,1,1,NA
coordinating_body,2,2,1,NA
coordination_of_farm_plans,2,2,1,Technical
coordination_the_enterprise_anderson_groundwater_sustainability_agency,2,1,1,Other_GSA
cordua_id,2,2,1,NA
corona_groundwater_management_plan,2,2,1,Technical
corona_utility_authority,2,1,1,Group
corporation,2,2,1,NA
corral_de_tierra_areas,2,2,1,Geographic_Unit
corral_de_tierra_management,2,2,1,NA
corral_de_tierra_subarea,2,2,1,Geographic_Unit
corridors_framework_plan,2,2,1,Technical
corydon,2,2,1,NA
coso_valley,2,2,1,Geographic_Unit
costs,2,1,1,NA
cosumnes_basin_data_management_system,2,2,1,Technical
cosumnes_subbain,2,2,1,NA
cosumnes_working_group_consultants,2,2,1,NA
coswpa,2,2,1,NA
cottonwood_creek_recharge_project,2,2,1,Water_Project
council_of_county,2,2,1,County
country_club_faults,2,1,1,NA
county_adopted_uab,2,2,1,NA
county_city_of,2,2,1,City
county_department_of_public_health,2,2,1,NA
county_environmental_health_departments,2,2,1,Group
county_environmental_health_division,2,2,1,NA
county_government_center,2,2,1,NA
county_groundwater_commission,2,2,1,Group
county_of_marin,2,1,1,County
county_of_monterey_groundwater_sustainability_agency,2,2,1,Local_GSA
county_of_siskiyou_local_agency_formation_commission,2,1,1,Group
county_of_sutter,2,2,1,County
county_of_tulare_health_and_human_services_agency,2,1,1,Group
county_overlying,2,2,1,NA
county_road_a12_reach_length,2,2,1,NA
county_service_areas,2,1,1,Geographic_Unit
county_water_well_ordinance_4468,2,1,1,NA
county_where,2,2,1,NA
covid19,2,1,1,NA
cowardin_et_al,2,2,1,NA
cpp_reverse_osmosis_plant,2,2,1,NA
crane_creek,2,2,1,City
create_and_manage,2,2,1,NA
cretaceous_val_verde_tonalite,2,2,1,NA
criteria,2,2,1,NA
criteria_a_and_b,2,2,1,NA
critical_species_lookbook,2,2,1,NA
cross_complaint,2,2,1,NA
cross_section_a_a,2,2,1,Reference
cross_section_c_c,2,2,1,Reference
cross_section_locations,2,2,1,Reference
cucamonga,2,2,1,NA
current_monitoring_network,2,1,1,Technical
customer_assistance_program,2,2,1,NA
cvpia,2,2,1,NA
cwc_section_10723,2,1,1,Reference
cwm,2,2,1,NA
cwsrf_program,2,2,1,NA
d5447,2,2,1,NA
d5891,2,2,1,NA
dairy_program,2,2,1,NA
dan_steiner,2,2,1,NA
danish_environmental_protection_agency,2,1,1,Group
data_collection_data,2,1,1,Technical
data_management_system_and_data_reporting,2,1,1,Technical
data_management_various,2,1,1,Technical
data_quality_and_objectives,2,1,1,Technical
data_quality_and_quality_control_plan,2,1,1,Technical
data_quality_data,2,1,1,Technical
data_recording,2,2,1,Technical
data_type,2,2,1,Technical
daulton,2,2,1,NA
david_fairman,2,2,1,NA
david_jacobs,2,2,1,NA
davids_engineering_inc,2,2,1,NA
davids_engineering_luhdorff_and_scalmanini_consulting_engineers,2,2,1,NA
davids_lsce,2,2,1,NA
davis_wd,2,2,1,NA
dctra_groundwater_management_plan_memorandum,2,1,1,NA
dctra_groundwater_management_plan_update,2,1,1,NA
de_agua,2,2,1,NA
de_monitoreo,2,2,1,Technical
decreasing,2,2,1,NA
deep_aquifer_investigative_study,2,2,1,NA
deep_aquitard,2,2,1,NA
deep_percolation_of,2,2,1,NA
deer_creek_and_tule_river_authority_groundwater_management_plan_update,2,1,1,NA
defines_sustainable_management_criteria,2,1,1,NA
degradation_of_water_quality_sustainability_indicator,2,2,1,NA
degraded_water_quality_smc,2,2,1,NA
del_norte,2,1,1,County
del_valle_isw,2,1,1,NA
del_valle_reach,2,1,1,NA
delano_earlimart_id,2,2,1,NA
delano_earlimart_irrigation_district_groundwater_sustainability_agency_board_of_directors,2,2,1,Group
delano_earlimart_irrigation_district_groundwater_sustainability_agency_jurisdiction,2,2,1,NA
delta_accelerated_water_transfer_program,2,2,1,NA
delta_conveyance_project,2,2,1,Water_Project
delta_mendota_groundwater_subbasin,2,2,1,Basin
delta_stewardship_council,2,1,1,State_Gov
deltamendota,2,2,1,NA
dem,2,1,1,NA
demands,2,1,1,NA
dennis_r_keller,2,2,1,NA
department_of,2,2,1,NA
department_of_cannabis_control,2,1,1,NA
department_of_defense_army_nqa1_certified_lead,2,2,1,NA
department_of_fish_and_wildlife_comment_7_new_planning_thresholds,2,2,1,NA
department_of_fish_and_wildlife_department_of_fish_and_wildlife,2,1,1,NA
department_of_forestry_and_fire_protection,2,1,1,State_Gov
department_of_health_and_human_services,2,2,1,Federal_Gov
department_of_planning_and_development,2,2,1,NA
department_of_state_hospitals,2,2,1,State_Gov
department_of_water_resources_2019_state_water_project_delivery_capability_report,2,1,1,Technical
department_of_water_resources_4,2,1,1,NA
department_of_water_resources_basin,2,1,1,Basin
department_of_water_resources_bmp,2,2,1,NA
department_of_water_resources_california_elevation_monitoring_statewide_groundwater_elevation_monitoring,2,2,1,State_Gov
department_of_water_resources_comments,2,1,1,NA
department_of_water_resources_environmental_science_associates_insar,2,2,1,NA
department_of_water_resources_groundwater_sustainability_plan_elements_guide,2,1,1,NA
department_of_water_resources_groundwater_sustainability_plan_evaluations,2,2,1,NA
department_of_water_resources_guidance_document,2,2,1,NA
department_of_water_resources_merced_county_land_use_survey,2,2,1,NA
department_of_water_resources_n,2,2,1,NA
department_of_water_resources_northern_region,2,1,1,Geographic_Unit
department_of_water_resources_portal,2,2,1,NA
department_of_water_resources_publication,2,2,1,NA
department_of_water_resources_recharge,2,2,1,NA
department_of_water_resources_region_offices,2,1,1,NA
department_of_water_resources_statewide_groundwater_elevation_monitoring_program_2_equipped,2,2,1,Technical
department_of_water_resources_sustainable_groundwater_management_act_portal,2,1,1,NA
department_of_water_resources_sustainable_groundwater_management_grant_program,2,1,1,NA
department_of_water_resources_the_variable_operation,2,2,1,NA
department_of_water_resources_water_tool,2,2,1,NA
department_of_water_resources_water_year,2,2,1,NA
department_of_water_resources_well_standards,2,2,1,NA
department_of_water_resources_well_standards_bulletin_nos,2,1,1,NA
department_of_water_resources_well_standards_bulletins_nos,2,1,1,NA
departmental_allocation_list_for_emergency_services_division_of_the_county_executive_office,2,2,1,NA
depletion_of,2,1,1,NA
depletion_of_interconnected_surface_water_regional,2,1,1,NA
depletion_of_interconnected_surface_water_that,2,2,1,NA
depletion_of_interconnected_surface_waters,2,1,1,NA
depth,2,2,1,NA
depthtogroundwater,2,2,1,NA
derived_from_gems_and_adjusted_change,2,2,1,NA
description_of_measures_and_explanation_of_how_will_be_achieved,2,2,1,NA
design,2,1,1,NA
detailed_analysis_unit,2,1,1,NA
detected_in_groundwater_wells,2,2,1,NA
determination_of_sustainable_yield_sustainable,2,1,1,NA
development_of_a_numerical_groundwater_flow_model,2,2,1,Technical
di,2,2,1,NA
digiorgio_unit,2,2,1,NA
direct_mail,2,1,1,NA
direct_recharge_in_agriculture_areas,2,2,1,Geographic_Unit
disadvantaged_communities_inform,2,2,1,NA
disadvantaged_community_block_groups,2,1,1,Group
disadvantaged_community_boundaries_places,2,2,1,NA
disadvantaged_community_communities,2,2,1,NA
disadvantaged_community_involvement_section_186_pg_committee,2,2,1,Reference
disadvantaged_community_mapping_tool,2,1,1,NA
discharge,2,1,1,NA
discharges_consumptive_use_lateral_flow_of_groundwater,2,2,1,NA
discussion_of_management_actions,2,1,1,NA
dissolved_iron,2,2,1,NA
distribution_system_improvement_projects,2,2,1,Water_Project
district_engineer,2,2,1,NA
division_13,2,2,1,NA
division_3_of_the_public_resources_code,2,1,1,Legal
division_6_of_the,2,2,1,NA
division_7,2,2,1,NA
division_of_safety_of_dams,2,2,1,Infrastructure
division_of_the_director,2,1,1,NA
division_of_water_resources,2,2,1,NA
division_one,2,1,1,NA
divisions_and_programs,2,1,1,NA
divisions_of_geologic_time,2,2,1,NA
dm,2,2,1,NA
dmgb_coordination_committee,2,2,1,Group
domestic_well_owners,2,1,1,NA
dominic_gutierrez,2,2,1,NA
dorsey_et_al,2,2,1,NA
doug_a_linney,2,2,1,NA
douglas_fir,2,2,1,NA
draft_chapter_9_project_and_management_actions,2,2,1,NA
draft_groundwater_sustainability_plan_review,2,1,1,NA
draft_intertie_feasibility_study,2,2,1,NA
draft_merced_subbasin_groundwater_sustainability_plan,2,2,1,Technical
draft_piru_fillmore_basins_assembly_bill,2,1,1,NA
drain_packages,2,2,1,NA
drought_management_plan,2,2,1,Technical
dryfield_creek,2,2,1,Natural_Feature
drywells,2,2,1,NA
dt,2,2,1,NA
dubrovsky,2,1,1,NA
duell,2,2,1,NA
duke_energy,2,2,1,NA
duncan_macewan,2,2,1,NA
dw,2,2,1,NA
dymally_alatorre_bilingual_services_act,2,2,1,Legal
e3,2,2,1,NA
e_hautala,2,1,1,NA
e_logs,2,2,1,NA
e_o,2,2,1,NA
each_party,2,1,1,NA
each_project_or_action,2,1,1,NA
each_regular_board_of_directors,2,1,1,Group
eagsp,2,1,1,NA
earl_schmitt_filtration_plant,2,2,1,NA
early_action_plans,2,1,1,Technical
east_contra_costa_groundwater_sustainability_plan,2,2,1,Technical
east_contra_costa_irrigation_district_board_report,2,2,1,Technical
east_las_posas_management_area_model,2,2,1,Technical
east_niles,2,2,1,City
east_stanislaus_integrated_regional_water_management_plan,2,2,1,Technical
eastern_management_area_of,2,2,1,NA
eastern_management_areas,2,2,1,Geographic_Unit
eastern_portion,2,1,1,NA
eastern_tule,2,2,1,NA
eastern_tule_groundwater_sustainability_agency_interested_parties_list,2,2,1,NA
eastern_tule_groundwater_sustainability_agency_joint_powers_authority,2,2,1,Group
eastside_bypass_chowchilla_canal,2,2,1,NA
eastside_lower_aquifer,2,2,1,Natural_Feature
ebay,2,2,1,NA
edna_ranch_mutual_water_company,2,2,1,NA
education,2,1,1,NA
education_of_groundwater_use_per_acre,2,2,1,NA
effect_of_minimum_threshold_on,2,2,1,NA
eki_environment_water_inc,2,2,1,NA
el_camino_restoration,2,2,1,NA
el_estudio_de_tarifas_que,2,2,1,NA
el_monitoreo_y_la_presentación_informes,2,2,1,Technical
el_nido_canal,2,2,1,NA
el_paso_water_utilities,2,2,1,NA
el_rio_groundwater_recharge_facility,2,2,1,NA
el_rio_mobile_estates,2,2,1,NA
el_rio_spreading_grounds,2,2,1,NA
el_río,2,2,1,NA
elbar_ranch,2,1,1,NA
electronic_data_transfer_library,2,1,1,Technical
elevation_contour,2,2,1,NA
elk_grove_general_plan,2,2,1,Technical
elkhorn,2,2,1,City
elkhorn_property,2,2,1,NA
ellis,2,2,1,NA
elsinore_valley_groundwater_subbasin,2,2,1,Basin
elvin_kumar,2,2,1,NA
empire_weir_no,2,2,1,NA
empire_west_side_irrigation_district,2,2,1,District
encourage,2,1,1,NA
endangered,2,2,1,NA
endangered_fully_protected_reliance_on_groundwater,2,2,1,NA
endangered_fully_protected_reliance_on_groundwater_direct,2,2,1,NA
ensure,2,1,1,NA
enterprise_anderson_groundwater_sustainability_agency_management_adjacent_basins_committee,2,1,1,Group
enterprises,2,2,1,NA
entities,2,2,1,NA
environmental_and_ecosystem_uses,2,2,1,NA
environmental_defense_fund_t10000003428_mw2,2,2,1,NA
environmental_health_department_well_program,2,2,1,NA
environmental_management_element,2,2,1,NA
environmental_resources_engineering,2,1,1,NA
environmental_services_dept,2,2,1,NA
environmental_users_of_groundwater_representatives,2,1,1,NA
eric_limas,2,1,1,NA
eric_shannon,2,2,1,NA
eryn_torres,2,1,1,NA
es_421_direct_groundwater_potential,2,2,1,NA
esjga,2,1,1,NA
esjwqc,2,2,1,NA
establish,2,2,1,NA
estimated,2,2,1,NA
estimating,2,1,1,NA
et_measurement,2,2,1,NA
et_package,2,2,1,NA
etpr,2,2,1,NA
evaluate_distribution_of_groundwater_dependent_ecosystems,2,2,1,Natural_Feature
evaluate_groundwater_sustainability_plan,2,2,1,Technical
evaluated,2,2,1,NA
evan_perez,2,2,1,NA
evapotranspiration,2,2,1,NA
evapotranspiration_crop,2,1,1,NA
executive_committees,2,2,1,Group
exeter_irrigation_district_management_area,2,2,1,Geographic_Unit
existing_enforce,2,2,1,NA
existing_expanded_conjunctive_use,2,2,1,NA
expanded_water_conservation_and_standby_rationing_plan_4_water_conservation,2,2,1,NA
external_communications_representative,2,2,1,NA
f1,2,2,1,NA
f_dischargers,2,2,1,NA
facilitation_support_and_technical_support,2,2,1,Technical
factory_ponds,2,1,1,NA
fair_oaks,2,2,1,City
fall_levels,2,2,1,NA
family_resource_center,2,2,1,NA
fan_et_adenostoma,2,1,1,NA
fan_et_ceanothus,2,1,1,NA
farm_advisors,2,2,1,NA
farm_bureau_county_farm,2,2,1,NA
farm_demand,2,2,1,NA
farm_level,2,1,1,NA
farm_october_7,2,2,1,NA
farm_process_package,2,2,1,NA
fe,2,1,1,NA
feather_river_regional_flood_management_plan,2,2,1,Technical
federal_and_state,2,1,1,NA
federal_emergency_management_agency,2,1,1,Federal_Gov
federal_entities_established,2,2,1,NA
federal_grants,2,2,1,NA
federal_power_commission,2,1,1,Group
federal_wellhead_protection_program,2,1,1,NA
fesa,2,2,1,NA
ff_ff,2,2,1,NA
field_duplicate_and_site_specific_quality_control,2,1,1,NA
field_techniques_for_estimating_water_fluxes_between_surface_water_and_ground_water,2,1,1,NA
files12_071data_current,2,2,1,Technical
fillmore_b_piru_c,2,1,1,NA
finance_committee,2,2,1,Group
finite_element_model,2,1,1,Technical
firebaugh_irrigation_management_information_system,2,2,1,Technical
flood_and_water_conservation_district,2,1,1,District
flood_bypass,2,2,1,NA
flood_reserve,2,2,1,NA
floodplain,2,1,1,NA
floodplain_enhancement_and_recharge,2,1,1,NA
floodwater_the_district,2,2,1,District
florin_county_water_district,2,2,1,District
flows_technical,2,2,1,Technical
flows_underflow,2,1,1,NA
focused_cross_sections,2,2,1,NA
fogg_1997,2,1,1,NA
fonsi,2,2,1,NA
foothill_woodland,2,1,1,NA
foothills_simulated,2,2,1,NA
forebay_subbasin_groundwater_sustainability_plan_implementation_agreement,2,2,1,Group
foreman,2,1,1,NA
forest_ranch,2,2,1,City
formerly_established,2,2,1,NA
forrest_frick_pipeline,2,2,1,NA
forsythe,2,2,1,NA
foster_park_aquatic_habitat_area_groundwater_dependent_ecosystem,2,2,1,Natural_Feature
foundational_data_documents,2,2,1,Technical
fpbga,2,1,1,NA
fpbga_board_directors,2,1,1,NA
framework_document,2,1,1,NA
franciscan_basement,2,2,1,NA
franciscan_formation_physical_properties_wells,2,2,1,NA
frank_konyn_dairy_inc,2,2,1,NA
freeman,2,2,1,NA
freeport_regional_water_project,2,2,1,Water_Project
freitas,2,2,1,NA
fremont_cottonwood,2,1,1,NA
fresno_bee,2,1,1,NA
fresno_river_flood_releases,2,2,1,NA
friant_class,2,1,1,NA
friant_kern_canal_as_regional_critical_infrastructure,2,2,1,NA
friant_kern_canal_central_valleyp,2,1,1,NA
frog,2,1,1,NA
front_outside,2,1,1,NA
front_piru_a,2,1,1,NA
ftr,2,1,1,NA
full_advanced_treatment_program,2,2,1,NA
funded_seek,2,2,1,NA
future_baseline_and_climate_change,2,2,1,NA
future_baseline_with_climate_change,2,2,1,NA
g_g,2,2,1,NA
g_l,2,1,1,NA
gabbro,2,2,1,NA
gabilan,2,2,1,NA
gadwall_unit,2,2,1,NA
gage_package,2,1,1,NA
gainey_ranch,2,1,1,NA
galt_herald,2,2,1,NA
galt_wwtp,2,1,1,NA
garden_farms_community_water_district_garden_farms_community_water_district,2,2,1,District
garden_highway_mutual_water_company,2,2,1,NA
garmin,2,1,1,NA
garrapata,2,1,1,NA
gasterosteus_creek,2,1,1,Natural_Feature
gcidwis,2,2,1,NA
gcp,2,2,1,NA
gems_program,2,1,1,NA
general_agriculture,2,1,1,NA
general_basin_plan_objectives,2,2,1,NA
general_description_and_topography,2,2,1,NA
general_information_reporting_period,2,2,1,Technical
general_plan_action_items,2,2,1,NA
general_plan_environmental_impact_report,2,1,1,Technical
general_plans_and_groundwater_ordinances,2,1,1,Legal
general_plans_or_urban_water_management_plans,2,1,1,Technical
general_services_administration,2,1,1,Federal_Gov
general_waste_discharge_requirements,2,2,1,NA
geojson,2,1,1,NA
geologic_cross_section,2,1,1,Reference
geological,2,2,1,NA
geological_survey_groundwater_ambient_monitoring_and_assessment_priority_basin_project_report,2,2,1,Technical
geological_survey_groundwater_quality_monitoring,2,1,1,Technical
geological_survey_national_elevation_dataset,2,1,1,Technical
geological_survey_national_field_manual,2,2,1,NA
geological_survey_scientific_investigations_report,2,1,1,Technical
geological_survey_water,2,2,1,NA
geological_survey_water_supply_paper_1467,2,1,1,NA
geomega,2,1,1,NA
geottracker,2,2,1,NA
gg,2,2,1,NA
ghb_package,2,2,1,NA
giant_reed,2,2,1,NA
gibs,2,2,1,NA
gillespie,2,1,1,NA
gillham,2,2,1,NA
gl,2,1,1,NA
gla_data,2,2,1,Technical
glenn_county_community_wildfire_protection_plan,2,2,1,Technical
global_navigation_satellite_system,2,2,1,NA
global_positioning,2,1,1,NA
gmt2,2,1,1,NA
go,2,2,1,NA
golden_state_water_company_culver_city,2,2,1,NA
golden_state_water_company_golden_state_water_company,2,1,1,NA
golf_courses,2,1,1,NA
gordon,2,1,1,NA
gottschalk,2,1,1,NA
gov,2,2,1,NA
governance_committee,2,2,1,Group
governance_workgroup,2,2,1,Group
gp2,2,1,1,NA
graham_hill_water_treatment_plan,2,2,1,Technical
granite_construction,2,2,1,NA
granitic,2,1,1,NA
grant,2,1,1,NA
grassland_drainage_area_gar,2,2,1,NA
gravels,2,1,1,NA
greater_monterey_county_region,2,2,1,Geographic_Unit
greater_tule_management_area,2,2,1,Geographic_Unit
griffith_creek,2,2,1,Natural_Feature
griffith_park,2,1,1,NA
groundwater_accounting_program,2,2,1,NA
groundwater_agency,2,2,1,Group
groundwater_ambient_monitoring_and_assessment_priority_basin_project,2,2,1,Water_Project
groundwater_ambient_monitoring_and_assessment_technical_hydrogeologic_and_data_support,2,1,1,Technical
groundwater_banking_program,2,2,1,NA
groundwater_basin_prioritization,2,2,1,NA
groundwater_dependent_ecosystem_locations,2,2,1,NA
groundwater_dependent_ecosystem_pulse,2,2,1,NA
groundwater_dependent_ecosystem_rooting_database,2,2,1,Technical
groundwater_elevation_data_groundwater,2,1,1,Technical
groundwater_exchange,2,2,1,NA
groundwater_export_groundwater,2,1,1,NA
groundwater_export_ordinance,2,2,1,Legal
groundwater_extraction_accurate,2,1,1,NA
groundwater_extraction_credit_marketing_and,2,2,1,NA
groundwater_extraction_monitoring,2,1,1,Technical
groundwater_extraction_monitoring_data_gaps,2,1,1,Technical
groundwater_level_minimum_thresholds,2,2,1,NA
groundwater_levels_agres,2,2,1,NA
groundwater_management_ordinance,2,1,1,Legal
groundwater_management_planning_act,2,1,1,Legal
groundwater_metering_and_reporting_plan,2,2,1,Technical
groundwater_model_of_east,2,2,1,Technical
groundwater_monitoring_network,2,2,1,Technical
groundwater_monitoring_program,2,1,1,Technical
groundwater_planning_commission_authority,2,1,1,Group
groundwater_quality_data_processing_groundwater,2,2,1,Technical
groundwater_quality_groundwater,2,2,1,NA
groundwater_quality_impacts,2,2,1,Legal
groundwater_quality_monitoring_and_data_sources_groundwater,2,1,1,Technical
groundwater_quality_monitoring_objectives,2,2,1,Technical
groundwater_quality_samples,2,2,1,NA
groundwater_recordation_program,2,2,1,NA
groundwater_replenishment_and_reuse_project_recycled_water_project,2,2,1,Water_Project
groundwater_resources_advisory,2,2,1,NA
groundwater_resources_section,2,1,1,Reference
groundwater_service_area,2,2,1,Geographic_Unit
groundwater_status_report,2,1,1,Technical
groundwater_storage_minimum_threshold,2,2,1,NA
groundwater_storage_program,2,2,1,NA
groundwater_sustainability_agency_coordination_implementation,2,1,1,NA
groundwater_sustainability_agency_formation_notification,2,1,1,NA
groundwater_sustainability_agency_forming_parties_and_participating_parties,2,2,1,NA
groundwater_sustainability_agency_party_contact,2,2,1,Legal
groundwater_sustainability_agency_representative,2,2,1,NA
groundwater_sustainability_management_act,2,1,1,Legal
groundwater_sustainability_plan_ac,2,2,1,NA
groundwater_sustainability_plan_community_advisory_committee,2,2,1,Group
groundwater_sustainability_plan_coordinating_committee,2,2,1,Group
groundwater_sustainability_plan_data,2,1,1,Technical
groundwater_sustainability_plan_development_basin_setting_hydrogeologic_conceptual_model_table_hydrogeologic_conceptual_model1,2,2,1,Reference
groundwater_sustainability_plan_development_process_we,2,2,1,NA
groundwater_sustainability_plan_emergency_regulation,2,2,1,Legal
groundwater_sustainability_plan_emergency_regulations,2,1,1,Legal
groundwater_sustainability_plan_evaluation,2,1,1,NA
groundwater_sustainability_plan_foundational_data_documents,2,2,1,Technical
groundwater_sustainability_plan_groundwater_sustainability_commission,2,2,1,Group
groundwater_sustainability_plan_implementation_effects_on_water_supply_assumptions_implementation,2,2,1,NA
groundwater_sustainability_plan_implementation_interaction_the_yuba_subbasins,2,2,1,Basin
groundwater_sustainability_plan_planning,2,1,1,NA
groundwater_sustainability_plan_program,2,2,1,NA
groundwater_sustainability_plan_provide,2,2,1,NA
groundwater_sustainability_plan_regulations_section,2,2,1,Reference
groundwater_sustainability_plan_regulations_section_3554,2,1,1,Reference
groundwater_sustainability_plan_section_3,2,2,1,Reference
groundwater_sustainability_plan_section_where_is,2,2,1,Reference
groundwater_sustainability_plan_september_2019,2,2,1,NA
groundwater_sustainability_plan_stakeholder_communication,2,2,1,NA
groundwater_sustainability_plan_stakeholder_workshop,2,2,1,NA
groundwater_sustainability_plan_studies_planned_projects_and_management,2,2,1,NA
groundwater_sustainability_plan_technical_workshops,2,2,1,Technical
groundwater_sustainability_plan_the_soil_agricultural_groundwater_banking,2,2,1,NA
groundwater_sustainability_planning_process_update,2,1,1,NA
groundwater_sustainable_agency,2,1,1,Group
groundwater_water_budget,2,2,1,NA
grounwater_pumping,2,2,1,NA
group_1_and_group,2,2,1,Group
group_4_pmas,2,1,1,NA
grove,2,1,1,NA
grr,2,2,1,NA
gui,2,2,1,NA
guiding_principles_for_models_used,2,2,1,Technical
guinda,2,2,1,City
gw_elevation_contour,2,2,1,NA
gw_geochemistry,2,2,1,NA
gwa_board_of_directors,2,2,1,Group
gwc5,2,2,1,NA
h,2,1,1,NA
habitat,2,1,1,NA
habitat_comment,2,2,1,NA
hall,2,2,1,NA
hanson_aggregates,2,2,1,NA
harder_and_company,2,1,1,NA
harding_ese,2,1,1,NA
hardwick,2,2,1,City
harris_ranch,2,2,1,NA
harrison,2,1,1,NA
hartsock_worth,2,2,1,NA
harvest_water_program,2,2,1,NA
harvey_diversion,2,1,1,NA
harvey_o_banks_pumping_plant,2,1,1,NA
hayde_sanchez,2,2,1,NA
hayes,2,2,1,NA
haynes,2,1,1,NA
hayward_water_shortage_contingency_plan,2,2,1,Technical
healdsburg_area,2,2,1,Geographic_Unit
health_and,2,2,1,NA
health_order,2,1,1,NA
hellmers_et_al,2,1,1,NA
helm,2,2,1,NA
help_enterprises,2,2,1,NA
hemet_management_area,2,2,1,Geographic_Unit
hemet_san_jacinto_groundwater_management_area_adjudication,2,2,1,NA
hemet_south_groundwater_management_zone,2,2,1,Geographic_Unit
henry_miller_road,2,2,1,NA
herald_fire_protection_district,2,2,1,District
herb_smart,2,2,1,NA
hercules_water_company,2,2,1,NA
heritage_ranch_community_services_district_groundwater_sustainability_agency,2,2,1,Other_GSA
hexazinone,2,2,1,NA
high_priority,2,1,1,NA
hill_canyon_wastewater_treatment_plant,2,2,1,NA
hills,2,2,1,NA
historical,2,1,1,NA
historical_study_period,2,2,1,NA
hob,2,2,1,NA
holly_sugar_corporation,2,1,1,NA
hollywood_subbasin,2,2,1,Basin
horizontal_flow_barrier_package,2,1,1,NA
hosted,2,2,1,NA
housing_element_advisory_committee,2,2,1,Group
how_can_operate_without_causing_undesirable_results,2,2,1,NA
howard_et_al,2,1,1,NA
howard_franklin,2,2,1,NA
hsg_a,2,2,1,NA
hsu_layer_5,2,1,1,NA
httpscasoilresourcelawrucdavisedusagbi,2,1,1,NA
httpswatercagovmediadwrwebsitewebpagesprogramsgroundwatermanagementsustainablegroundwatermanagementbestmanagementpracticesandguidancedocumentsfil,2,2,1,NA
human,2,2,1,NA
humboldt_county_board_of,2,2,1,NA
humboldt_county_building_and_planning_department,2,2,1,Group
humboldt_department_of_public_works_environmental_services,2,2,1,NA
humboldt_redwood_company,2,2,1,NA
humboldt_state_university,2,1,1,NA
hurlbutt,2,2,1,NA
hutchkiss,2,2,1,NA
hydesville_community_services_district,2,2,1,District
hydraulic_conductivity_aquifer_thickness,2,2,1,NA
hydrofocus,2,2,1,NA
hydrogeologic_conceptual_model_the_tule_lake_subbasin,2,2,1,Basin
hydrogeologic_inc,2,1,1,NA
hydrogeologic_subareas,2,2,1,Geographic_Unit
hydrogeophysics_group,2,1,1,Group
hydrographs_for_main_street_monitoring_wells,2,2,1,Technical
hydrographs_hydrographs,2,1,1,NA
hydrologic_conceptual_model_and_groundwater_conditions_report,2,2,1,Technical
hydrologic_conditions_report,2,1,1,Technical
hydrologic_flow_barrier,2,2,1,NA
hydrologic_soil_group_a,2,2,1,NA
hydrology_hydrologic,2,2,1,NA
hydrostratigraphic_evaluation,2,2,1,NA
hydstra,2,2,1,NA
i_alyson_watson,2,2,1,NA
i_drinking_water_wells_monitoring_network,2,2,1,Technical
icp,2,2,1,NA
idaho,2,1,1,NA
identification_of_interconnected_surface_water_systems,2,1,1,Natural_Feature
identify_funding_alternatives_the_subbasin,2,2,1,Basin
idw,2,2,1,NA
ikes,2,2,1,NA
impacted,2,1,1,NA
impervious_and_urban_landscape,2,2,1,NA
implementation_of_group,2,2,1,Group
implementation_of_this_action,2,2,1,NA
implementation_process_and_timetable,2,1,1,NA
improve,2,2,1,NA
improvements,2,2,1,NA
in_applicable_general_plans,2,2,1,Technical
in_section,2,2,1,Reference
in_section_107278_public_notification_and_participation,2,1,1,Reference
include,2,2,1,NA
included,2,2,1,NA
included_basin,2,1,1,Basin
included_table,2,1,1,Reference
incorporation_of_monitoring,2,1,1,Technical
indian_creek,2,2,1,Natural_Feature
individual_individual,2,2,1,NA
industrial_service_supply,2,2,1,NA
industrial_wells,2,2,1,NA
information_and_methods,2,2,1,NA
informes_anuales,2,2,1,NA
initiate,2,2,1,NA
inland_empire_brine_line,2,2,1,NA
inland_surface_waters_plan,2,1,1,Technical
inland_surface_waters_plan_and_enclosed_bays_and_estuaries_plan,2,1,1,Technical
installation_restoration_program,2,2,1,NA
institut_national_agronomique_de_tunisie,2,2,1,NA
integrated_plan,2,2,1,Technical
integrated_regional_water_management_program,2,1,1,NA
integrated_regional_water_management_the_watershed_coalition_of,2,1,1,NA
integrates_sw_gw_model,2,2,1,Technical
interagency_drought_task_forces,2,2,1,NA
interagency_refuge_water_management_team,2,2,1,NA
interbasin,2,1,1,Basin
interconnected,2,1,1,NA
interested_parties_databases,2,2,1,Technical
interested_party_list,2,1,1,NA
interferometric_synthetic_aperture_imagery,2,2,1,NA
intra_basin_coordination_between_management_areanagement,2,1,1,NA
introduction_the_united_water_conservation_district,2,1,1,District
invasive_species_eradication,2,2,1,NA
investigates_exceedance,2,2,1,NA
investigation_and_cleanup_of_contaminated_sites,2,1,1,NA
investment_program,2,1,1,NA
investor_owned_utility,2,2,1,NA
inyo_co,2,2,1,NA
inyo_county_planning_department,2,2,1,Group
inyo_county_technical_group,2,2,1,Group
inyo_mono,2,2,1,NA
io,2,2,1,NA
irlp,2,2,1,NA
irrigated_lands_regulatory_program_domestic_wells,2,2,1,NA
irrigation_demand_reduction,2,1,1,NA
irrigation_management_information_system_station,2,2,1,NA
irrigation_supply_wells,2,2,1,NA
irrigation_training_resource_center,2,2,1,NA
isa_8,2,2,1,NA
israel,2,2,1,NA
its_policies_and_activities,2,2,1,NA
izbicki_et_al,2,2,1,NA
j_texaco,2,2,1,NA
jack_noble,2,2,1,NA
jacks,2,2,1,NA
jackson_2002,2,1,1,NA
jacobs_district,2,1,1,District
jacobs_engineering,2,1,1,NA
james_groundwater_sustainability_agency_plan_area,2,2,1,Geographic_Unit
james_h_wegley,2,2,1,NA
james_irrigation_district_board_of_directors,2,2,1,Group
james_maxwell,2,2,1,NA
james_strong,2,2,1,NA
jameson,2,2,1,NA
jc,2,1,1,NA
je_amoore,2,1,1,NA
jeff,2,2,1,NA
jeff_fenton,2,2,1,NA
jennifer_spaletta,2,2,1,NA
jenning_et_al,2,2,1,NA
jennings,2,1,1,NA
jenny_tribo,2,2,1,NA
jensen,2,2,1,NA
jim_rumbaugh,2,2,1,NA
joaquin_subbasin_hcm,2,2,1,NA
joaquin_valley,2,1,1,Geographic_Unit
john_a_coleman,2,2,1,NA
john_bootsma,2,2,1,NA
john_chadwell,2,2,1,NA
john_heinlen_mutual_water_company,2,2,1,NA
john_ricker,2,2,1,NA
johnsen,2,2,1,NA
joint_exercise_of_powers_agreement_establishing,2,2,1,NA
joint_groundwater_sustainability_agency_boards_meeting,2,2,1,NA
joint_power_authority,2,2,1,Group
joint_powers,2,2,1,NA
joint_technical_advisory_committee,2,2,1,Group
joint_technical_advisory_committee_meetings,2,2,1,Technical
jones_pumping_plant,2,2,1,NA
jotform,2,2,1,NA
journal_of_applied_toxicology,2,1,1,NA
jpa_outline,2,1,1,NA
julia_berry,2,2,1,NA
juniper_creek,2,2,1,Natural_Feature
jurassic_bedford_canyon_formation,2,2,1,Natural_Feature
kanawha_wd,2,2,1,NA
karuk_tribe,2,2,1,NA
katarina_campbell,2,2,1,NA
katie_hockett,2,2,1,NA
kaweah_aem_sci_inv_v1xyz,2,1,1,NA
kaweah_delta_water_conservation_district_land_surface_elevation_monitoring_plan,2,1,1,Technical
kaweah_groundwater_communication_portal,2,2,1,NA
kaweah_management_team,2,2,1,NA
kaweah_st_johns_river,2,2,1,Natural_Feature
kaweah_subbasin_committee_management_team,2,2,1,NA
kaweah_subbasin_coordination_agreement,2,2,1,Group
kaweah_subbasin_hydrologic_model,2,1,1,Technical
kcl,2,2,1,NA
kellogg_creek,2,2,1,Natural_Feature
ken_elwin,2,2,1,NA
ken_minn,2,1,1,NA
kenneth_hahn_state,2,2,1,NA
kerby_ranch,2,2,1,NA
kern_basin_plan,2,2,1,Technical
kern_channel,2,2,1,NA
kern_county_environmental_health_services,2,2,1,NA
kern_county_integrated_regional_water_management_region,2,1,1,Geographic_Unit
kern_county_planning_community_development_department,2,1,1,Group
kern_county_water_agency_board,2,2,1,Group
kern_delta_water_district_eastside_canal,2,2,1,NA
kern_groundwater_authority_checkbook,2,2,1,NA
kern_groundwater_management_committee,2,2,1,Group
kern_integrated_regional_water_management_plan,2,2,1,Technical
kern_managers_meetings_representatives,2,1,1,NA
kern_river_flood_channel_canal,2,2,1,NA
kern_river_formations,2,1,1,Natural_Feature
kern_river_oilfield,2,2,1,NA
kern_river_plan_element,2,2,1,NA
kern_river_watermaster,2,2,1,NA
kern_sustainable_groundwater_managementa_coordination_committee,2,2,1,Group
kevin,2,1,1,NA
kia_vang,2,2,1,NA
kiefer_landfill_description,2,2,1,NA
kings_coalition,2,2,1,NA
kings_river_conservation,2,2,1,NA
kings_river_east_groundwater_sustainability_agency_agency,2,2,1,Group
kings_river_flood_flows,2,2,1,NA
kjn_dissolved,2,2,1,NA
kjn_nitrate_nitrite,2,2,1,NA
klamath_basin,2,2,1,Basin
klausmeyer,2,2,1,NA
knights_landing_csd,2,2,1,NA
knoxville,2,2,1,NA
kouba,2,2,1,NA
krega,2,2,1,NA
kristin_sicke,2,2,1,NA
kulongoski_et_al,2,2,1,NA
kyle_knutson,2,2,1,NA
l114_noticing_public,2,2,1,NA
l_05,2,2,1,NA
l_2s,2,2,1,NA
la_agencia_y_políticas,2,2,1,NA
la_purísima_mission_state_historic_park,2,2,1,NA
la_selva,2,2,1,NA
la_sostenibilidad,2,2,1,NA
lacey_mcbride,2,2,1,NA
lafayette,2,2,1,City
lafreniere,2,2,1,NA
lahontan,2,2,1,NA
lake_cachuma_reservoir,2,1,1,Infrastructure
lake_county_flood_control_and_water_conservation_district,2,2,1,District
lake_mendocino_drive_ukiah,2,2,1,NA
lake_natoma,2,2,1,NA
lake_oroville,2,1,1,NA
lamnin,2,2,1,NA
lanare_csd_board,2,2,1,Group
land,2,1,1,NA
land_based_assessment_fees,2,2,1,NA
land_corporation,2,2,1,NA
land_subsidence_affecting_land_reilly,2,2,1,NA
land_subsidence_management_area,2,2,1,Geographic_Unit
land_subsidence_monitoring,2,1,1,Technical
land_subsidence_sustainable_management_criteria,2,2,1,NA
land_subsidence_sustainable_management_criteria_locally_defined_significant_and_unreasonable_conditions,2,2,1,NA
land_technical_memorandum,2,2,1,Technical
land_use_inventory,2,2,1,NA
land_use_jurisdiction_coordination_program,2,2,1,NA
land_use_study,2,2,1,NA
landowners_and_municipal_users,2,2,1,NA
lands_uses,2,2,1,NA
landsmart,2,2,1,NA
lane_et_al,2,2,1,NA
lark_seep,2,2,1,NA
las_agencias,2,2,1,NA
las_brisas,2,2,1,NA
las_condiciones_históricas,2,2,1,NA
las_posas_estates,2,2,1,NA
lassotovitch,2,2,1,NA
lateral_boundaries,2,1,1,NA
laton_community_services_district,2,2,1,District
law816,2,2,1,NA
law_offices_of,2,2,1,NA
lawrence_berkeley_national_laboratory,2,2,1,NA
lawrence_livermore,2,1,1,NA
layer_1_and_2,2,1,1,NA
layne,2,2,1,NA
lcja,2,2,1,NA
lead_entity_the_lead_entity,2,2,1,NA
leadership_council,2,2,1,Group
leads,2,2,1,NA
leak_repair_programs,2,1,1,NA
leandro_maldonado,2,2,1,NA
lebec_county_water_district_lebec_pw,2,2,1,NA
ledyard,2,2,1,NA
lee,2,2,1,NA
legal_authority_mandatory,2,2,1,NA
legal_counsels,2,2,1,NA
leland_stanford_junior_university,2,1,1,NA
level_2,2,2,1,NA
levels32,2,2,1,NA
levi_paulin,2,2,1,NA
lewis_creek_recharge_project,2,2,1,Water_Project
liberty_mill_race_company,2,2,1,NA
liberty_utilities,2,2,1,NA
lichau_creek,2,2,1,Natural_Feature
lieu_recharge_projects_to_deliver_unused,2,2,1,NA
limited_agriculture,2,2,1,NA
limoneira_company,2,1,1,NA
lindsay_strathmore_irrigation_district_management_area,2,2,1,Geographic_Unit
lindsay_strathmore_irrigation_districts,2,2,1,District
linguistic_isolation_linguistic,2,2,1,NA
list_of_abbreviations_1d,2,1,1,NA
list_of_management_actions,2,2,1,NA
list_of_projects,2,1,1,Water_Project
list_of_projects_and_management_actions,2,1,1,NA
lithologic_texture_geostatistical,2,1,1,NA
little_dixie_washes,2,2,1,NA
local_area_formation_commission,2,2,1,Group
local_basin_management_objectives,2,1,1,NA
local_groundwater_assistance_surface_water_groundwater,2,2,1,NA
local_meteoric_water_line,2,2,1,NA
local_supplies_local,2,1,1,NA
localized_outreach_and_engagement_strategies,2,1,1,NA
location,2,1,1,NA
lockeford_community_services_district_lockeford_community_services_district,2,2,1,District
lompoc_regional_wastewater_treatment_plant,2,2,1,NA
long_canyon_anticlines,2,2,1,NA
lookout_rancheria,2,2,1,NA
los_alamos_community_service_district,2,2,1,District
los_angeles_county_department,2,2,1,Group
los_angeles_county_department_of_regional_planning,2,2,1,NA
los_angeles_county_district,2,2,1,District
los_angeles_county_waterworks,2,2,1,NA
los_banos_alluvium,2,2,1,Natural_Feature
los_banos_creek_recharge_and_recovery_project,2,2,1,Water_Project
los_padres_estates,2,2,1,NA
los_proyectos,2,2,1,NA
lost_hills,2,2,1,City
low_alluvial_fan_of,2,1,1,NA
lower_180foot_aquifer,2,2,1,Natural_Feature
lower_cache_putah,2,2,1,NA
lower_elkhorn_natural_resources_district_by_exploration_resources_international_geophysics_llc,2,1,1,NA
lower_feeder,2,2,1,NA
lower_kaweah_river,2,2,1,Natural_Feature
lower_layer_5,2,1,1,NA
lower_pressure_and,2,2,1,NA
lower_princeton_submarine,2,1,1,NA
lower_santa_ynez_river_fish_management_plan,2,1,1,Technical
lower_tule,2,2,1,NA
lower_tule_river_groundwater_sustainability_agency,2,2,1,Other_GSA
lower_uncertainty_wafr_fraction,2,2,1,NA
loyalton_fault,2,2,1,NA
lucas_avila,2,2,1,NA
luiseno_indians,2,2,1,NA
lux_land_company,2,2,1,NA
m,2,1,1,NA
macdoel_ii,2,2,1,NA
macgillivray,2,2,1,NA
machado,2,2,1,NA
mactec,2,2,1,NA
madera_community_college_center,2,2,1,NA
madera_county_auditor,2,2,1,NA
madera_county_board_of_supervisors,2,2,1,Group
madera_county_transportation_commission,2,2,1,Group
madera_irrigation_district_board_of_directors,2,2,1,Group
madera_irrigation_district_pipeline,2,2,1,NA
madera_ranch,2,2,1,NA
magnuson_stevens_fishery_conservation_and_management_act,2,2,1,Legal
mailing_addresses,2,1,1,NA
main_intake_canal_seepage_reimbursement_program,2,2,1,NA
major_aquifers_aquitards_geologic,2,1,1,NA
making,2,1,1,NA
mammal_roosts,2,1,1,NA
managed_aquifer_recharge_low_volume,2,2,1,NA
managed_aquifer_recharge_of_overland_flow,2,2,1,NA
management_action_5,2,2,1,NA
management_action_this_management_action,2,2,1,NA
management_actions_groundwater_extraction_allocation_framework,2,2,1,NA
management_area_a,2,2,1,NA
management_area_b,2,2,1,NA
management_areas_a,2,2,1,NA
management_committees,2,2,1,Group
management_considerations,2,2,1,NA
management_es6,2,2,1,NA
management_of_groundwater_extractions_and_recharge,2,2,1,NA
management_program,2,1,1,NA
management_team,2,2,1,NA
management_undesirable,2,2,1,NA
manure_nutrient_management_plan,2,2,1,Technical
mapping_of_department_of_water_resources_natural_communities,2,1,1,NA
marcuse,2,2,1,NA
mare_island,2,2,1,NA
marin,2,2,1,County
marin_county,2,2,1,County
marina_coast_water_district_groundwater_sustainability_agency_180400_foot_aquifer,2,2,1,Natural_Feature
marina_ord_area,2,2,1,Geographic_Unit
marine_street_plant,2,2,1,NA
mariposa,2,1,1,County
mariposa_county,2,2,1,County
mariposa_county_resource_conservation_district,2,2,1,District
mark_souders,2,2,1,NA
master_coordination_agreement,2,2,1,Group
matrix_spike_chemistry,2,1,1,NA
matt_pandol,2,2,1,NA
matthew_mayry,2,1,1,NA
mayfly_insects,2,2,1,NA
mayhew_creek,2,2,1,Natural_Feature
mañana_woods,2,2,1,NA
mcalister,2,2,1,NA
mcdonnell_douglas_corporation,2,2,1,NA
mcgrath_fault,2,2,1,NA
mcgrath_faults,2,2,1,NA
mclaughlin,2,2,1,NA
mclr,2,2,1,NA
mcmurtrey,2,2,1,NA
meacham_hill,2,2,1,NA
meade,2,2,1,NA
means_for_you_and_your_community,2,2,1,NA
measurable_objectives_for_subsidence,2,1,1,NA
measurable_objectives_when,2,2,1,NA
measured_measured,2,2,1,NA
measured_simulated,2,2,1,NA
measurement_quality_objectives,2,1,1,NA
mechanisms_groundwater_sustainability_agency,2,2,1,Other_GSA
melruna_carmel_avenues_basin_project,2,2,1,Water_Project
memorandum_of_agreement_for_formation_of_a_groundwater_sustainability_agency,2,1,1,Other_GSA
memorandum_of_understanding_to_form_the_santa_clarita_valley_groundwater_sustainability_agency,2,2,1,Other_GSA
mendocino_county_auditor,2,2,1,NA
mendocino_county_well,2,2,1,NA
mendota_pool_transfer_pumping_project,2,2,1,Water_Project
mendota_subbasins,2,1,1,Basin
merced_chowchilla_intertie,2,2,1,NA
merced_county_department_of_agriculture,2,2,1,NA
merced_county_environmental_health,2,2,1,NA
merced_groundwater_sustainability_agency,2,2,1,Other_GSA
merced_groundwater_sustainability_plan_implementation_program,2,2,1,NA
merced_groundwater_sustainability_plan_program,2,2,1,NA
merced_subbasin_data_management_system,2,2,1,Technical
merced_sun_times,2,2,1,NA
merquin,2,2,1,NA
meter_audits,2,1,1,NA
metered_1975,2,2,1,NA
methodological_data_quality_objectives,2,1,1,Technical
metropolitan_water_resources_management_plan,2,2,1,Technical
meyers_bank_pond,2,1,1,NA
meyers_bank_ponds,2,1,1,NA
michael_baker_international,2,2,1,NA
michael_cornelius,2,2,1,NA
michelle_anderson,2,2,1,NA
michelle_parker_quality_assurance_manager,2,2,1,NA
mid_kaweah_groundwater_sustainability_agency_service_area,2,2,1,Geographic_Unit
middle_kern_upper,2,2,1,NA
middle_sacramento_valley_study_unit,2,2,1,NA
milestone,2,1,1,NA
mill_and_deer,2,2,1,NA
millerton_reservoir,2,1,1,Infrastructure
millville,2,2,1,City
minimum_thresholds_and_measurable_objectives_and_implementation_planning,2,2,1,NA
minimum_thresholds_and_undesirable_result,2,2,1,NA
miroc5,2,2,1,NA
mission_statement,2,1,1,NA
mkgsa_groundwater_storage_sustainable_management_criteria,2,2,1,NA
mo_noncompliance,2,2,1,NA
mobile_home_park_llc,2,1,1,NA
model_discretization_model,2,2,1,Technical
model_parameters,2,2,1,Technical
modesto_regional_water_treatment_plant,2,2,1,NA
modflow2005,2,1,1,Technical
modflow_drain_package,2,2,1,Technical
modflow_unstructured_grid,2,2,1,Technical
modflow_usg_recharge_of,2,2,1,Technical
modhms,2,1,1,NA
modoc_county_boards,2,2,1,Group
modoc_county_groundwater_sustainability_agency,2,2,1,Other_GSA
modoc_ditch_company,2,1,1,NA
modoc_division,2,2,1,NA
mohamed_jabloun,2,2,1,NA
mohave,2,2,1,NA
mokewise,2,2,1,NA
monitor,2,2,1,Technical
monitored_for_groundwater_elevations,2,2,1,Technical
monitoring_and_data_management,2,2,1,Technical
monitoring_and_data_management_monitoring,2,1,1,Technical
monitoring_network_design_criteria_design,2,1,1,Technical
monitoring_network_module,2,2,1,Technical
monitoring_networks_and_identification_of_data_bmp,2,2,1,Technical
monitoring_protocols_best_management_practices,2,2,1,Technical
monitoring_reporting,2,1,1,Technical
monitoring_well_network,2,1,1,Technical
mono_rancheria,2,2,1,NA
monterey_county_water_resource_agency,2,2,1,Group
monterey_county_water_resources_act,2,1,1,Legal
monterey_county_water_resources_agency_board_of_directors_or,2,1,1,NA
monterey_county_water_resources_agency_reservoir_operations_advisory_committee,2,1,1,Group
monterey_management_areas,2,2,1,Geographic_Unit
montgomery_engineers,2,2,1,NA
monument_hills,2,2,1,City
moose,2,1,1,NA
morgan_hill,2,2,1,City
morongo,2,2,1,NA
mountain_province,2,2,1,NA
moved,2,1,1,NA
moyle_et_al,2,1,1,NA
mpwmdfo10,2,2,1,NA
mpwmdfo5s,2,2,1,NA
ms4_permit,2,2,1,NA
msl_segmented,2,2,1,NA
mt_hebron_work_center,2,2,1,NA
mts,2,1,1,NA
mudpit_claystone,2,2,1,NA
mugu_canyon,2,2,1,NA
mugu_lagoon,2,2,1,NA
mule,2,2,1,NA
mullin_area_groundwater_sustainability_agency_joint_powers_authority,2,2,1,Group
multi_benefit_recharge_project,2,2,1,Water_Project
multi_benefit_recharge_suitability_tool,2,2,1,NA
municipal_management_area,2,1,1,Geographic_Unit
municipalwaterinfrastructure,2,2,1,NA
must_include_additional_information_for_the_public_to_evaluate,2,2,1,NA
mw22,2,1,1,NA
mw5s,2,2,1,NA
n_a_10723b,2,2,1,NA
n_a_n_a_n_a_n_a_n_a,2,2,1,NA
n_a_pursuant,2,2,1,NA
n_useurekaprojects56111217388gismapsdeliverables11217388_ervp_groundwater_sustainability_plan11217388_ervp_groundwater_sustainability_planaprx_data,2,2,1,Technical
na_cl,2,2,1,NA
nacimiento_pipeline,2,2,1,NA
naglee_burk_irrigation_district,2,2,1,District
napa_blue_grass,2,2,1,NA
napa_county_groundwater_sustainability_agency_stakeholder_communication_and_engagement_plan,2,2,1,Technical
napa_county_housing_authority,2,2,1,Group
napa_county_ordinance,2,2,1,Legal
napa_county_regional_park,2,2,1,NA
napa_st_piezo,2,2,1,NA
napa_subbasin,2,2,1,Basin
napa_valley_integrated_hydrologic_model_figure,2,2,1,Reference
napa_valley_integrated_hydrologic_model_water_balance_regions,2,2,1,Geographic_Unit
napa_valley_transportation_authority,2,2,1,Group
napacounty214s,2,2,1,NA
nasb,2,2,1,NA
nate_brown,2,2,1,NA
national_aeronautics_and_space_administration_jet_propulsion_laboratory_interferometric_synthetic_aperture_radar,2,2,1,NA
national_geodetic_survey_guidelines_for_establishing_gps_derived_ellipsoid_heights,2,2,1,NA
national_geodetic_vertical_datum,2,2,1,NA
national_ground_water_monitoring_network,2,1,1,Technical
national_historic_preservation_act,2,2,1,Legal
national_marine_fisheries_criteria_used_see,2,2,1,NA
national_marine_fisheries_service_southern_california_steelhead_recovery_plan,2,2,1,State_Gov
national_ocean_service,2,1,1,Federal_Gov
national_resources_conservation_service,2,1,1,NA
national_spatial_reference_system,2,2,1,NA
national_wildlife_refuges,2,2,1,NA
native_vegetation,2,2,1,NA
natural_communities_commonly_associated_with,2,2,1,NA
naval_air_station_point_mugu,2,2,1,NA
navstar,2,1,1,NA
ncfcwd,2,2,1,NA
needs_gw_et,2,2,1,NA
neva_ridge,2,1,1,NA
nevada_geodetic_laboratory_global_positioning_system_network,2,2,1,NA
new_brighton,2,2,1,NA
new_stone_water_district_board_of_directors,2,2,1,Group
new_well_permit,2,2,1,NA
new_york_times,2,2,1,NA
newell_creek_pipeline,2,2,1,NA
newhall_ranch_water_reclamation_plant,2,2,1,NA
newport_inglewood,2,2,1,NA
newspaper,2,1,1,NA
newt_larvae,2,1,1,NA
next,2,2,1,NA
nextdoor,2,1,1,NA
nic_marchini,2,2,1,NA
nick_degroot_water_treatment_plant,2,2,1,NA
nick_osman,2,2,1,NA
nickel_family_llc,2,2,1,NA
nickel_water,2,2,1,NA
nicolaus,2,2,1,City
nitrogen_summary_reports,2,2,1,Technical
nltl_ld_z,2,1,1,NA
noe,2,1,1,NA
nojoqui,2,2,1,NA
non_ag,2,1,1,NA
non_central_valleyp,2,2,1,NA
non_operating_budgets,2,2,1,NA
norm_groot,2,2,1,NA
normal,2,2,1,NA
normal_dry,2,1,1,NA
north_bench_management_area_the_north_bench_management_area,2,2,1,Geographic_Unit
north_coast_regional_water_quality_control_board_water_quality_control_plan,2,2,1,Technical
north_ebp,2,2,1,NA
north_fork_kings_groundwater_sustainability_agency_board_of_directors,2,2,1,Group
north_fork_rancheria,2,2,1,NA
north_kings_groundwater_sustainability_agency_advisory_committee,2,2,1,Group
north_kings_groundwater_sustainability_agency_board_of_directors,2,2,1,Group
north_kings_groundwater_sustainability_agency_management_structure,2,2,1,NA
north_pipeline_project,2,2,1,Water_Project
north_richmond_water_recycling_project,2,2,1,Water_Project
north_sacramento_valley,2,2,1,Geographic_Unit
north_san_joaquin_water_conservation_district_winery,2,2,1,NA
north_tulare,2,2,1,NA
north_yolo_management,2,2,1,NA
northeast_napa_area_model,2,2,1,Technical
northeast_napa_study_area,2,2,1,Geographic_Unit
northeastern_maidu,2,2,1,NA
northern_california_water_association,2,1,1,Local_Gov
northern_central_delta_mendota_regions_groundwater_sustainability_plan,2,1,1,Technical
northern_counties_groundwater_characterization,2,1,1,NA
northern_delta,2,1,1,NA
not_applicable,2,2,1,NA
notes_1,2,1,1,NA
notice_of_decision,2,1,1,NA
notice_of_decision_to_become_a_groundwater_sustainability_agency,2,2,1,Other_GSA
notice_to_comply,2,2,1,NA
notice_to_public_and_other_agencies,2,2,1,Group
notices_of_decision,2,1,1,NA
notification_of_groundwater_sustainability_agency,2,2,1,Other_GSA
novmeber,2,1,1,NA
np,2,2,1,NA
nrms,2,2,1,NA
numerical_model_report,2,2,1,Technical
nwi,2,2,1,NA
o_h_pipeline_agreement,2,1,1,Group
oak_valley_school,2,2,1,NA
oak_woodland,2,2,1,NA
oakdale_id_management_area,2,2,1,Geographic_Unit
observed_groundwater_levels,2,2,1,NA
occurs,2,1,1,NA
ocean_ranch_unit,2,2,1,NA
ocean_view_system,2,2,1,NA
office_of_environmental_health,2,2,1,NA
office_of_the_california,2,2,1,State_Gov
office_of_tribal_policy_advisor,2,1,1,NA
office_of_water_quality,2,2,1,NA
ojai_thacher_school,2,2,1,NA
okieville_highland_acres_mutual_water_co,2,2,1,NA
olcese_sands_aquifer_unit,2,2,1,NA
oleary,2,1,1,NA
olivehurst_plumas_lake,2,2,1,Natural_Feature
olympic_subbasins,2,2,1,Basin
oncorhynchus,2,1,1,NA
one_water_one_watershed,2,2,1,NA
oneill_dam,2,2,1,Infrastructure
online_system,2,1,1,NA
ontario,2,2,1,City
opened,2,2,1,NA
operates,2,2,1,NA
operational_flexibility,2,2,1,NA
opportunities_for_public_engagement_and_public_input,2,2,1,NA
opv_ag_owners_assoc,2,1,1,NA
orange,2,2,1,County
oregon_water_resources_department,2,2,1,Group
orland_artois,2,2,1,NA
orland_artois_water_district_direct_groundwater,2,2,1,NA
orland_buttes,2,2,1,NA
orosi_public_utility_district,2,2,1,District
orthomin,2,2,1,NA
other,2,1,1,NA
outflow,2,1,1,NA
outreach_and_engagement_plan,2,1,1,Technical
outreach_engagement,2,2,1,NA
outreach_engagement_committee,2,2,1,Group
outreach_engagement_communications_committee,2,2,1,Group
outside,2,1,1,NA
overbank,2,1,1,NA
overdraft_conditions_overdraft,2,1,1,NA
overland_runoff_simulated,2,2,1,NA
ow6a,2,2,1,NA
owens_valley_committee,2,2,1,Group
oxnard_hueneme,2,2,1,NA
oze_et_al,2,2,1,NA
p,2,2,1,NA
p_management_actions,2,2,1,NA
pacheco_creek_valley,2,2,1,Geographic_Unit
pacific_coast_salmon_fmp,2,2,1,NA
pacific_ecorisk,2,1,1,NA
pacific_fleet,2,2,1,NA
packwood_creek_structures_project,2,2,1,Water_Project
page_x_maps,2,2,1,Reference
paiute_tribe,2,2,1,NA
pajaro_valley_groundwater_management_agency,2,1,1,Group
pakiser,2,2,1,NA
palmer_howe,2,2,1,NA
palos,2,2,1,NA
pan_et,2,2,1,NA
para_kern_river_groundwater_sustainability_agency,2,2,1,Other_GSA
parameter_regression_for_independent_slopes_model_climate_group,2,2,1,Group
parrott_investment_company,2,2,1,NA
participate,2,1,1,NA
pasajero,2,2,1,NA
paskenta,2,2,1,City
paskenta_fault,2,1,1,NA
paskenta_tribal_council,2,2,1,Group
paso_basin,2,2,1,Basin
paso_basin_county,2,2,1,County
paso_robles_basin_groundwater_management_plan,2,2,1,Technical
paso_robles_groundwater_basin_water_banking_feasibility_study,2,2,1,NA
paso_robles_groundwater_communication_portal,2,2,1,NA
paso_robles_subbasin_data_management_system,2,2,1,Technical
path_to_achieve_measurable_objectives,2,2,1,NA
patterson_tract_community_services_district,2,2,1,District
pauloo,2,1,1,NA
pdf_form,2,2,1,NA
pds,2,2,1,NA
peninsular_range_assemblage,2,2,1,NA
peninsular_ranges,2,2,1,NA
peninsular_ranges_province,2,2,1,NA
percent_of_total_streamflow_projected,2,2,1,NA
percolation,2,2,1,NA
petaluma_valley_groundwater_sustainability_agency_board_or_advisory_committee,2,1,1,Group
pete_lawson,2,1,1,NA
peters,2,2,1,City
petrified_forest,2,2,1,NA
pfbs,2,2,1,NA
pfos,2,1,1,NA
pfoss_pfoas,2,2,1,NA
pfoss_public_facilitiesoas,2,2,1,NA
phased_mitigation_of_overdraft_reduction_to_reach_sustainability,2,2,1,NA
phg,2,2,1,NA
pico_formations,2,1,1,Natural_Feature
piezometers,2,2,1,NA
pilarcitos,2,2,1,NA
pine_oak_woodlands,2,1,1,NA
pinedale_cwd,2,2,1,NA
piru_aquatic_consulting_services,2,1,1,NA
piru_b,2,1,1,NA
piru_basins_monitoring_program,2,1,1,Technical
piru_creek_riparian,2,1,1,NA
piru_groundwater_basins_sustainable_management_criteria,2,1,1,NA
piru_wastewater_treatment_plant,2,1,1,NA
pittsburg_plain_subbasin,2,2,1,Basin
plan,2,1,1,Technical
plan_implementation_section_10,2,2,1,Reference
plan_manager,2,1,1,NA
planada_workshop_questions_and_comments,2,2,1,NA
planned_projects_projects,2,1,1,Water_Project
planning_and_management_actions,2,1,1,NA
planning_and_management_considerations_working,2,2,1,NA
planning_commissions,2,2,1,Group
planning_horizon_water_year2041,2,2,1,NA
planning_tool,2,2,1,NA
plant_depth_database,2,2,1,Technical
pleasant_valley_basin,2,2,1,Basin
pleasant_valley_subbasin_landowner_stakeholder,2,2,1,NA
plieto_fault,2,2,1,NA
plio_pleistocene_tulare_formation,2,2,1,Natural_Feature
plumas_county_groundwater_sustainability_agency,2,2,1,Other_GSA
pma_committee,2,2,1,Group
poe_monitoring_programs,2,1,1,Technical
poe_om_programs,2,1,1,NA
policy_w24_agricultural_and_urban_practices,2,1,1,NA
pomona_develop,2,2,1,NA
poplar_community_service_district,2,2,1,District
porter_cologne_water_quality_control_act_and_clean_water_act,2,2,1,Legal
porterville_city_council,2,2,1,Group
poseidon,2,2,1,NA
post_construction_requirements,2,1,1,NA
post_eocene,2,2,1,NA
potenti_al,2,2,1,NA
potential,2,2,1,NA
potential_projects_projects,2,1,1,Water_Project
pou_om_programs,2,1,1,NA
power_water_resources_pooling_authority,2,2,1,Group
precipitated_calcium_carbonate_ponds,2,1,1,NA
precipitation_based_spatially,2,2,1,NA
precipitation_inputs,2,1,1,NA
precipitation_monitoring_and_water_year_classifications_infiltration,2,2,1,Technical
precipitation_runoff,2,1,1,NA
precipitation_source_areas,2,2,1,Geographic_Unit
precipitation_table,2,2,1,Reference
precipitation_thresholds,2,2,1,NA
predominant,2,2,1,NA
prepared_for,2,1,1,NA
preserve_cosumnes_coalition_delta_meadows_state_park_tribal_governments,2,2,1,NA
preserved_entitlement,2,2,1,NA
preserves,2,1,1,NA
press_enterprise,2,2,1,NA
press_outreach_press,2,1,1,NA
pressurization,2,1,1,NA
pretiosa,2,2,1,NA
prichard,2,2,1,NA
primary,2,1,1,NA
primary_water,2,2,1,NA
priority_basin_project,2,1,1,Water_Project
private_wells,2,2,1,NA
private_wells_new_systems,2,2,1,NA
pro_version,2,2,1,NA
procedures,2,2,1,NA
process_for_criteria_the_sustainable_management_criteria,2,1,1,NA
process_for_determining_measurable_objectives_interim_milestones,2,2,1,NA
processes,2,1,1,NA
professional_certification_water,2,1,1,NA
program_quality_objectives,2,2,1,NA
project_and_management_action_no,2,2,1,NA
project_benefits_and_water_reliability,2,2,1,NA
project_benefits_and_water_reliability_project,2,2,1,Water_Project
project_benefits_project,2,2,1,Water_Project
project_hydrology,2,2,1,NA
project_initial_study_mitigated_negative_declaration,2,2,1,NA
project_management_action,2,1,1,NA
project_management_team,2,2,1,NA
project_managers,2,2,1,NA
project_supply,2,2,1,NA
projected_agricultural_land_use_areas,2,2,1,Geographic_Unit
projected_agricultural_land_use_areas_figure,2,2,1,Reference
projected_climate_current_climate,2,1,1,NA
projected_future_agricultural_demand_for,2,1,1,NA
projected_future_land_use,2,2,1,NA
projected_land_use_and_section,2,2,1,Reference
projects_and_management_actions_hydrogeologic_conceptual_model_data_gaps_potential,2,2,1,Technical
projects_and_management_actions_projects,2,2,1,Water_Project
projects_to_enhance_recharge,2,2,1,NA
projects_to_enhance_recharge_banking,2,2,1,NA
projects_to_increase_surface_storage_capacity_delivery_flexibility,2,2,1,NA
proporcionar_información_sobre_sus_desafíos_de,2,2,1,NA
protect,2,1,1,NA
provision_d13,2,2,1,NA
prunedale,2,2,1,City
public_comments,2,1,1,NA
public_engagement_meetings,2,2,1,NA
public_hearing,2,1,1,NA
public_involvement_plan,2,2,1,Technical
public_resources_code,2,2,1,Legal
public_review,2,1,1,NA
public_review_draft,2,2,1,NA
public_trust_resources_based,2,2,1,NA
public_works_department,2,1,1,Group
public_works_measure_a_lake_berryessa_project,2,2,1,Water_Project
puente_group,2,2,1,Group
puente_narrows_agreement,2,2,1,Group
pumped,2,1,1,NA
pumpers_association,2,1,1,Group
pumping1,2,2,1,NA
pumping_allocations,2,1,1,NA
pure_water_monterey_environmental_impact_report,2,1,1,Technical
pure_water_monterey_expansion_project,2,2,1,Water_Project
purified_wastewater_sources,2,2,1,NA
purisima_aa_unit,2,2,1,NA
purisima_def_f,2,2,1,NA
purisima_f_unit,2,2,1,NA
purisima_point,2,1,1,NA
putah_creek_accord_undesirable_result,2,2,1,NA
putah_creek_cone,2,2,1,NA
putah_creek_settlement_agreement,2,2,1,Group
pw12,2,1,1,NA
q8_av,2,2,1,NA
q9,2,2,1,NA
qb_qf,2,1,1,NA
qg_qg,2,1,1,NA
qro,2,2,1,NA
quality_arroyo_santa_rosa_valley_basin,2,2,1,Basin
quality_assurance_manager,2,1,1,NA
quality_assurance_manual,2,2,1,NA
quality_assurance_project_plans,2,2,1,Technical
quality_assurance_quality_control_data,2,2,1,Technical
quality_assurance_quality_control_plan,2,2,1,Technical
quality_criteria_for_water,2,1,1,NA
quaternary,2,1,1,NA
quaternary_alluvium_quaternary,2,1,1,NA
que_la_groundwater_sustainability_agency,2,2,1,Other_GSA
r23e,2,2,1,NA
r2_resource_consultants,2,1,1,NA
r4_model,2,2,1,Technical
rafael_silberblatt,2,1,1,NA
raisin_city_oilfield,2,2,1,NA
ralph_m_brown_act5,2,1,1,NA
rancho_esquon,2,2,1,NA
rancho_san_juan,2,1,1,NA
rancho_tehama_reserve,2,2,1,City
randsburg,2,2,1,City
ranging_consortium,2,2,1,NA
re_li_ab_ility,2,2,1,NA
recharge_basin_estimated_costs_table,2,2,1,Reference
recharge_field_infiltration_study_to_promote,2,2,1,NA
recharged,2,2,1,NA
recital_b_i,2,2,1,NA
reclaimed,2,2,1,NA
reclaimed_water_master_plan,2,2,1,Technical
reclaimed_water_percolation_reclaimed,2,1,1,NA
reclamation_and_madera_irrigation_district,2,2,1,District
reclamation_board,2,2,1,Group
reclamation_data,2,2,1,Technical
reclamation_district_2107,2,2,1,NA
reclamation_district_groundwater_sustainability_agency,2,2,1,Other_GSA
records_infiltration_of_surface,2,2,1,NA
records_of_decision,2,2,1,NA
recovered_water_account,2,2,1,NA
recreation,2,1,1,NA
recycled,2,2,1,NA
recycled_water,2,1,1,NA
recycled_water_master_plan,2,2,1,Technical
recycled_water_plant_modifications_project,2,2,1,Water_Project
recycled_water_policy,2,2,1,Legal
red,2,1,1,NA
red_bluff_subbasin_historical_lateral_subsurface_groundwater,2,2,1,NA
red_bluff_subbasin_historical_vertical_subsurface,2,2,1,NA
red_bluff_subbasin_surface_water_system,2,2,1,Natural_Feature
redding_basin_water_resources_management,2,1,1,NA
redding_note,2,1,1,NA
reduce_reliance_on_imported_water,2,2,1,NA
reeves_creek,2,2,1,Natural_Feature
reference_point,2,2,1,NA
refuge_water_supply_program,2,2,1,NA
regional_conservation_district,2,2,1,District
regional_coordinators,2,1,1,NA
regional_criteria_for_evaluating_water_management_plans,2,2,1,Technical
regional_groundwater_monitoring_program,2,2,1,Technical
regional_model_domain,2,1,1,Technical
regional_san,2,2,1,NA
regional_water_quality_control_board_basin_plan_amendment,2,2,1,NA
regional_water_quality_control_board_la,2,2,1,NA
regional_water_quality_control_board_site,2,2,1,NA
regional_water_quality_control_board_water_quality_management_programs,2,2,1,NA
regional_water_quality_control_board_water_quality_management_programs_upper_ventura_rivergb,2,2,1,NA
regionally,2,1,1,NA
regulatory_cleanup_program,2,2,1,NA
reichard,2,1,1,NA
relied_upon_to_establish_minimum_thresholds,2,2,1,NA
relied_upon_to_establish_the_minimum_thresholds,2,1,1,NA
remediation_progress,2,1,1,NA
remediation_specialist,2,2,1,NA
reporting_limit,2,2,1,Technical
reporting_limit_schafer_associates,2,2,1,Technical
representative_monitoring_stations,2,2,1,Technical
require_new_developments_to_prove_sustainable_water_supply,2,1,1,NA
required_flows,2,2,1,NA
resolution,2,1,1,NA
resource,2,1,1,NA
resource_basin_certified,2,2,1,NA
resource_capacity_study_report,2,2,1,Technical
resource_conservation_districts,2,1,1,District
resource_management_element,2,2,1,NA
resource_management_plans,2,1,1,Technical
resource_protection_and_preservation,2,2,1,NA
rest_application_programming_interfaces,2,1,1,NA
review,2,1,1,NA
reviews,2,2,1,NA
reynolds,2,2,1,NA
rhyolite_ash,2,2,1,NA
ric_1207274,2,2,1,NA
richgrove_community_services_district,2,2,1,District
richmond_advanced_recycled_expansion,2,2,1,NA
ridgecrest_county_water_district,2,2,1,District
rincon_kenwood_subbasin,2,2,1,Basin
rincon_valley_subbasin,2,2,1,Basin
rio_vista_standard_deviationac,2,2,1,NA
rio_vista_water_treatment_plant,2,2,1,NA
riparian_communities_management,2,2,1,NA
riverdale_pud,2,2,1,NA
riverside_county_flood_control_district,2,2,1,District
riversidian_alluvial_scrub,2,2,1,NA
rl,2,2,1,NA
rms,2,2,1,NA
rms_locations,2,2,1,NA
rmw_trc_monitoring_well16d,2,2,1,Technical
robertson,2,2,1,NA
robin,2,2,1,NA
rock_creek_reclamation_district_board_of_trustees,2,2,1,NA
rock_ranch,2,2,1,NA
rodriquez_labor_camp,2,2,1,NA
roe,2,2,1,NA
rogelio_caudillo,2,2,1,NA
rohde,2,2,1,NA
roland_sanford,2,2,1,NA
rolling_hills_casino,2,2,1,NA
root_mean_square,2,2,1,NA
rosa_fault_zone,2,2,1,Geographic_Unit
roseburg_lumber_company,2,2,1,NA
rosedale_rio_bravo_water_storage_districts,2,1,1,District
rosie_yacoub,2,2,1,NA
rouse,2,2,1,City
rst,2,2,1,NA
rubus,2,2,1,NA
rural_community_systems,2,1,1,NA
russell_range,2,2,1,NA
russian_river_flood_control_and_water_conservation_and_improvement_district,2,2,1,District
russian_river_flood_control_on_farm_groundwater,2,2,1,NA
russian_river_independent_science_review_panel,2,2,1,NA
rx_coil,2,1,1,NA
ryan_ridges,2,2,1,NA
ryder_gulch,2,2,1,NA
s_american,2,2,1,NA
sa1,2,2,1,NA
sacramento_and_the_woodland,2,2,1,NA
sacramento_area_flood_control,2,2,1,NA
sacramento_county_board,2,2,1,Group
sacramento_county_code,2,2,1,Legal
sacramento_county_county,2,2,1,County
sacramento_county_environmental_management_department,2,2,1,Group
sacramento_groundwater_sustainability_agency,2,2,1,Other_GSA
sacramento_river_funding_area,2,1,1,Geographic_Unit
sacramento_river_national_wildlife_refuge,2,2,1,NA
sacramento_state_university_consensus_and_collaboration_program,2,1,1,NA
sacramento_valley_water_management_agreement,2,2,1,Group
sagr,2,2,1,NA
salinas_valley_basin_groundwater_sustainability_agency_180400_foot_aquifer,2,2,1,Natural_Feature
salinas_valley_basin_groundwater_sustainability_agency_forebay_aquifer,2,2,1,Local_GSA
sampled_collected_wells_with,2,2,1,NA
sampled_detection,2,2,1,NA
san_antonio_groundwater_basin,2,2,1,Basin
san_ardo_oil_field,2,2,1,NA
san_benito_counties,2,2,1,NA
san_benito_county_salt_and_nutrient_management_plan,2,2,1,Technical
san_bernardino_basin_area,2,2,1,Geographic_Unit
san_buenaventura_mission,2,1,1,NA
san_diego_association_of_governments,2,2,1,NA
san_diego_county_department_of_environmental_health,2,2,1,NA
san_diego_integrated_regional_water_management_program,2,2,1,NA
san_dieguito_river_valley_conservancy,2,2,1,NA
san_dieguito_watershed_habitat_restoration,2,2,1,NA
san_emigdio_creek,2,2,1,Natural_Feature
san_fernando_valley,2,1,1,Geographic_Unit
san_francisco_bay,2,2,1,NA
san_francisco_county,2,2,1,County
san_gabriel_mountain,2,2,1,NA
san_gorgonio_pass_groundwater_model,2,2,1,Technical
san_gorgonio_pass_representative_monitoring_network,2,2,1,Technical
san_jacinto_mountains,2,1,1,NA
san_jacinto_watersheds_authority,2,2,1,Group
san_joaquin_farm_bureau,2,2,1,NA
san_joaquin_field_division,2,2,1,NA
san_joaquin_river_exchange_contractors_management_area_a,2,2,1,NA
san_joaquin_river_exchange_contractors_management_area_b,2,2,1,NA
san_joaquin_river_exchange_contractors_management_area_c,2,2,1,NA
san_jose,2,1,1,City
san_leandro_cones,2,2,1,NA
san_lorenzo_cones,2,2,1,NA
san_lorenzo_valley_water_district_pasatiempo_7,2,2,1,NA
san_lorenzo_valley_water_district_quail_mw_september_model,2,2,1,Technical
san_luis_creek,2,2,1,Natural_Feature
san_luis_drain_and,2,2,1,NA
san_luis_drainage_authority,2,2,1,Group
san_luis_obispo_county_fcwcd,2,2,1,NA
san_luis_rey_municipal_water_district,2,2,1,District
san_luis_rey_valley_basin,2,1,1,Basin
san_luis_water_district,2,1,1,District
san_luis_water_districts,2,1,1,District
san_marcos,2,1,1,City
san_mateo_creek,2,2,1,Natural_Feature
san_miguel_community_services_district_board_of_directors,2,2,1,Group
san_miguel_community_services_district_district_wwwsanmiguelcsdorg,2,2,1,NA
san_timoteo_management,2,2,1,NA
san_ventura,2,2,1,NA
sandhills,2,2,1,NA
santa_ana_creek,2,2,1,Natural_Feature
santa_ana_river_watershed,2,2,1,NA
santa_barbara_county_association_of_governments_regional_growth_forecasts,2,1,1,NA
santa_barbara_county_department_of_public_health_environmental_health_services,2,2,1,NA
santa_barbara_county_groundwater_report,2,1,1,Technical
santa_barbara_county_hydrology,2,2,1,NA
santa_barbara_county_planning_and_development_department,2,2,1,Group
santa_barbara_creek,2,2,1,Natural_Feature
santa_barbara_news_press,2,1,1,NA
santa_clara_basin,2,2,1,Basin
santa_clara_river_dry,2,1,1,NA
santa_clara_river_newhall_to,2,1,1,NA
santa_clara_river_upstream_of,2,1,1,NA
santa_clara_river_watershed,2,2,1,NA
santa_clara_water_conservation_district,2,2,1,District
santa_clarita_valley_water,2,1,1,NA
santa_cruz_environmental_health,2,2,1,NA
santa_cruz_wastewater_treatment_facility,2,2,1,NA
santa_margarita_aquifer_private_pumpers,2,2,1,NA
santa_margarita_aquifers,2,2,1,Natural_Feature
santa_nella_community_specific_plan,2,2,1,Technical
santa_paula_mound,2,1,1,NA
santa_rita_uplands,2,1,1,NA
santa_rita_valley,2,2,1,Geographic_Unit
santa_rosa_park,2,2,1,NA
santa_susana,2,1,1,City
santa_ynez_ema_groundwater_sustainability_plan_development,2,2,1,NA
santa_ynez_fire,2,2,1,NA
santa_ynez_hydrologic_unit,2,1,1,NA
santa_ynez_reservation,2,2,1,NA
santa_ynez_river_basin,2,2,1,Basin
saracino,2,2,1,NA
satellite_data,2,2,1,Technical
saticoy_groundwater_replenishment_and_reuse_project,2,2,1,Water_Project
sattley,2,2,1,City
sauer,2,1,1,NA
sb797,2,2,1,NA
scalamanini_engineering,2,2,1,NA
scaling_factors,2,1,1,NA
scenarios,2,2,1,NA
schematic_diagram_of_kaweah_river_system,2,1,1,NA
schenk,2,1,1,NA
scott_de_leon,2,2,1,NA
scotts_valley_dry_cleaners,2,2,1,NA
scotts_valley_syncline,2,2,1,NA
scr,2,2,1,NA
scripps_orbit_and_permanent_array_center_global_navigation_satellite_system_processing,2,2,1,NA
scv_groundwater_sustainability_agency_decision_making_process,2,2,1,NA
scvm,2,2,1,NA
scwa_allendale,2,2,1,NA
sdac_consultation,2,2,1,NA
sdac_geographic,2,2,1,NA
se_resultado_de_las_condiciones_naturales_de_oxidación_y_reevaluarán_y_describirán_mediante,2,2,1,NA
seacliff,2,2,1,City
seascape_pw,2,2,1,NA
seaside_model_layers_to_method_blankgwfm_layers,2,2,1,Technical
seawater_intrusion,2,1,1,NA
sebastopol_meadowfoam,2,2,1,NA
second_amended_cross_complaint,2,1,1,NA
secondary_maximum_contaminant_levels,2,2,1,NA
secondary_maximum_contaminant_limits,2,2,1,NA
section_10723,2,1,1,Reference
section_13801_of,2,2,1,Reference
section_13_agency_information,2,2,1,Natural_Feature
section_1428,2,1,1,Reference
section_155,2,2,1,Reference
section_183_og,2,2,1,Reference
section_1912_data,2,2,1,Reference
section_2323,2,2,1,Reference
section_237_pg,2,2,1,Reference
section_25,2,2,1,Reference
section_325_land_subsidence,2,2,1,Reference
section_3562,2,2,1,Reference
section_4359,2,1,1,Reference
section_532_basin_optimization_scenarios,2,2,1,Reference
section_7481,2,2,1,Reference
section_chronic_lowering_of_groundwater_levels,2,2,1,Reference
section_conjunctive_use,2,2,1,Reference
sections_3514,2,1,1,NA
sections_421,2,1,1,NA
secure_engineering_services_begin_setting_assessment,2,1,1,NA
see_appendix,2,1,1,Reference
selected_maintaining_entity_for_monitoring_network_statewide_groundwater_elevation_monitoring,2,2,1,Technical
selection_of_appropriate_modeling_software_for_development_of_san_luis_obispo,2,2,1,Technical
self_help,2,2,1,NA
semiconfined,2,2,1,NA
senate_bill_1168,2,1,1,NA
sensitive_wildlife_species_sensitive,2,2,1,NA
separate,2,2,1,NA
septic_systems_groundwater,2,2,1,NA
septic_systems_surface,2,1,1,NA
sequoia,2,2,1,NA
sequoia_forestkeeper,2,2,1,NA
sespe_united_2018,2,1,1,NA
setting_3,2,1,1,NA
setting_hydrogeologic_conceptual_model,2,1,1,Technical
settlers_ditch_company,2,2,1,NA
sewer_network_service_area,2,2,1,Geographic_Unit
sgs_north_america_inc,2,2,1,NA
shafter_state_interstate_highway_bureau_of_indian_affairs_national_land_area_representation,2,2,1,NA
shallow_alluvial_aquifer,2,2,1,Natural_Feature
shallow_aquifer_alluvium,2,2,1,Natural_Feature
shallow_aquifer_zone,2,2,1,Geographic_Unit
sharpe,2,2,1,NA
sharpe_army_depot,2,2,1,NA
shasta_county_water_resources_master_plan,2,1,1,Technical
shasta_valley_basins,2,1,1,Basin
shelly,2,2,1,NA
sheridan_see_section_33,2,2,1,Reference
si_lve_ra_tr_l_napacounty218s,2,2,1,NA
siemens,2,2,1,NA
sierra_club_mineral_king_group,2,2,1,Group
sierra_madre_foothills,2,2,1,NA
sierra_nevada_basement,2,2,1,NA
sierra_nevada_foothills,2,2,1,NA
sierra_nevada_mountain,2,2,1,NA
sierra_valleys_railroad,2,2,1,NA
sii,2,1,1,NA
siiib,2,2,1,NA
silty_clay,2,1,1,Natural_Feature
simulated_groundwater_levels,2,2,1,NA
simulates_model_does_not_simulate_horizontal_connection_vertical_connection,2,2,1,Technical
singleton_subarea,2,2,1,Geographic_Unit
siskiyou,2,2,1,County
siskiyou_county_farm_bureau,2,1,1,NA
siskiyou_county_superior_court,2,2,1,NA
site,2,2,1,NA
site_characterization_and_remediation_of_environmental_pollutants,2,2,1,NA
site_cleanup_program,2,2,1,NA
six_basins_model,2,2,1,Technical
sldmwa_customs_and_border_protection,2,2,1,NA
slender_mariposa_lily,2,1,1,NA
sloughhouse_resource_conservation_district_board_of_directors,2,2,1,Group
sloughhouse_resources_conservation_district,2,2,1,District
smc1,2,1,1,NA
smgwa_legal_authority,2,2,1,Group
snyder,2,1,1,NA
social_media_fifteen,2,2,1,NA
soil_agricultural_groundwater_banking_index_4,2,1,1,NA
soil_agricultural_groundwater_banking_index_dataset_very_poor_bulletin,2,2,1,Technical
soil_mechanics_and_foundation_engineers_1967,2,2,1,NA
soil_survey_staff,2,1,1,NA
solano_integrated_hydrologic_conceptual_model,2,2,1,Technical
solano_investigations_project,2,2,1,Water_Project
solano_project_water_not,2,2,1,NA
solano_subbasin_groundwater_sustainability_plan_development,2,2,1,NA
solano_subbasin_groundwater_sustainability_plan_technical_team,2,2,1,Technical
solano_yolo_county,2,2,1,County
solinst,2,2,1,NA
solvang_public_works_department,2,1,1,Group
son0552,2,2,1,NA
sonoma_county_auditor_controller_treasurer_tax_collector,2,1,1,NA
sopac,2,2,1,NA
sophocleous,2,2,1,NA
sorenson,2,2,1,NA
soscol_junction_project,2,2,1,Water_Project
south_american_subbasin_groundwater_sustainability_plan,2,2,1,Technical
south_coast_conduit,2,2,1,NA
south_county_surface_water_supply_project,2,2,1,Water_Project
south_del_rey_avenue,2,2,1,NA
south_division,2,2,1,NA
south_management_area,2,2,1,Geographic_Unit
south_ord,2,2,1,NA
south_valley,2,2,1,Geographic_Unit
southeast_san_joaquin,2,1,1,NA
southern_area_cross_section_d_d,2,2,1,Reference
southern_california_association_of_governments,2,2,1,State_Gov
southern_california_distinct_population_segment,2,1,1,State_Gov
southern_california_steelhead_recovery_plan,2,2,1,State_Gov
southgate,2,2,1,NA
southwest_management_area,2,2,1,Geographic_Unit
southwest_san_timoteo,2,2,1,NA
southwestern_block,2,2,1,NA
sovereign_tribal_nations,2,2,1,NA
sp128,2,2,1,NA
sp129,2,2,1,NA
spadra_groundwater_sustainability_agency_executive_committee,2,2,1,Group
spadra_groundwater_sustainability_agency_implementation_team,2,2,1,NA
spadra_landfill,2,2,1,NA
sparse_matrix_solver,2,2,1,NA
spatial_discretization,2,1,1,NA
spatial_irrigation_management_information_system,2,1,1,Technical
special_study,2,2,1,NA
spencer,2,2,1,NA
sphere_of_influence,2,1,1,NA
spreckels_sugar_beet_processing_facility,2,1,1,NA
spreckels_sugar_plant,2,2,1,NA
spring_2017,2,2,1,NA
spring_2018,2,2,1,NA
springs_specific_plan,2,2,1,Technical
springville_domain,2,1,1,NA
springville_fault_zone,2,1,1,Geographic_Unit
spv_groundwater_sustainability_plan_advisory_committee,2,2,1,Group
squeesar,2,2,1,NA
sr_pomo_indians,2,2,1,NA
srd,2,2,1,NA
srphm10,2,2,1,NA
srwcb,2,1,1,NA
sscwd_ridgemark_facilities,2,2,1,NA
staal,2,2,1,NA
stakeholder_engagement_team,2,2,1,NA
stakeholder_survey,2,1,1,NA
stakeholders,2,2,1,NA
standard_reports_standard_report,2,1,1,Technical
stanislaus_and_tuolumne_rivers_groundwater_basin_association_groundwater_sustainability_agency_tuolumne_groundwater_sustainability_agency,2,2,1,Other_GSA
stanislaus_county_code,2,2,1,Legal
stanislaus_county_department_of_environmental_resources,2,2,1,NA
stanislaus_county_water_advisory_committee,2,2,1,Group
stanislaus_multi_agency,2,2,1,Group
stanislaus_state_stormwater_recharge,2,2,1,NA
state_beach,2,1,1,NA
state_council_on_environmental_qualitya_guidelines,2,2,1,Legal
state_data,2,1,1,Technical
state_division_of_drinking_water,2,1,1,NA
state_hospital,2,2,1,NA
state_of_california_reference_evapotranspiration,2,1,1,State_Gov
state_regional_water_quality_control_board,2,1,1,Group
state_secondary_drinking_water_standards,2,2,1,NA
state_small_water_systems,2,2,1,Natural_Feature
state_water_project_contractors,2,2,1,NA
state_water_resources_board,2,2,1,Group
state_water_resources_control_board_geographic_environmental_information_management_system,2,1,1,Technical
state_water_resources_control_board_recycled_water_policy,2,1,1,Legal
state_water_resources_control_board_water_resources,2,2,1,NA
statewide_crop_mapping,2,2,1,NA
statewide_groundwater_elevation_monitoring_monitoring_entity,2,2,1,Technical
static_program,2,2,1,NA
statsgo,2,2,1,NA
stephanie_anagnoson,2,2,1,NA
stewart,2,2,1,NA
stewart_tract,2,2,1,Legal
stipulation,2,2,1,NA
stockton_fault,2,2,1,NA
stone_corral_irrigation_district_management_area,2,2,1,Geographic_Unit
stony_point,2,2,1,NA
stop,2,1,1,NA
storage_of_information_required_for,2,2,1,NA
stormflows,2,2,1,NA
stormwater_management_program,2,2,1,NA
stormwater_resources,2,2,1,NA
stratford_irrigation_district,2,2,1,District
strathmore_irrigation_district,2,2,1,District
stratigraphic_columns,2,1,1,NA
stream_channel_improvements,2,2,1,NA
streamflow_augmentation,2,1,1,NA
streamflow_depletion_reaches,2,1,1,NA
streamflow_monitoring,2,2,1,Technical
streamflow_streamflow,2,1,1,NA
street,2,2,1,NA
strongs,2,2,1,NA
suaeda,2,2,1,NA
subareas_east,2,2,1,NA
subbasin_groundwater_sustainability_plan_technical,2,2,1,Technical
subbasin_implementation_committee,2,2,1,Group
subbasin_management_team_comprised,2,2,1,NA
subbasin_planning_committees,2,2,1,Group
subbasin_temescal_valley_water_district,2,2,1,District
subbasin_working_group,2,1,1,Group
submit_annual_reports,2,2,1,Technical
subsurface_water_budget,2,2,1,NA
suite_210,2,2,1,NA
summers_engineering,2,2,1,NA
sun_maid_growers,2,2,1,NA
support_sustainable_groundwater_supplies,2,2,1,NA
supports,2,1,1,NA
surface_water_bodies_supply_water_to_basin_residents,2,2,1,NA
surface_water_monitoring_network,2,2,1,Technical
surface_water_quality_cadmium,2,2,1,NA
surface_water_quality_iron,2,2,1,NA
surface_water_quality_manganese,2,2,1,NA
surface_water_quality_monitoring_locations,2,2,1,Technical
surface_water_quality_selenium,2,2,1,NA
surface_water_quality_set,2,2,1,NA
surface_water_technical,2,2,1,Technical
surface_water_technical_advisory_group_representatives,2,2,1,Technical
surface_water_treatment_facility,2,1,1,NA
surficial_deposits,2,2,1,NA
surficial_geology_figure,2,1,1,Reference
sustainability_agency_board,2,1,1,Group
sustainability_criteria_zones,2,2,1,Geographic_Unit
sustainability_evaluation,2,1,1,NA
sustainability_groundwater_management_act,2,1,1,Legal
sustainability_indicator_4,2,2,1,NA
sustainability_plan,2,2,1,Technical
sustainability_plans,2,2,1,Technical
sustainable_groundwater_management_act_3564,2,1,1,NA
sustainable_groundwater_management_act_committee,2,1,1,Group
sustainable_groundwater_management_act_dataviewer,2,2,1,Technical
sustainable_groundwater_management_act_facilitation_support_services_program,2,2,1,NA
sustainable_groundwater_management_act_groundwater_sustainability_plan_regulations_section,2,1,1,Reference
sustainable_groundwater_management_act_implementation156_specifically,2,2,1,NA
sustainable_groundwater_management_act_implementation213_specifically,2,2,1,NA
sustainable_groundwater_management_act_monitoring_network_for_depletions_of_interconnected_surface_water,2,2,1,Technical
sustainable_groundwater_management_act_monitoring_network_module,2,2,1,Technical
sustainable_groundwater_management_act_planning,2,2,1,NA
sustainable_groundwater_management_act_regulations_article_8,2,2,1,NA
sustainable_groundwater_management_act_requirements_for_stakeholder_outreach,2,1,1,NA
sustainable_groundwater_management_act_section_107203,2,1,1,Reference
sustainable_groundwater_management_act_soar,2,2,1,NA
sustainable_groundwater_management_act_strategies,2,2,1,NA
sustainable_groundwater_management_act_sustainability_goals,2,2,1,NA
sustainable_groundwater_management_act_technical_committee_meeting,2,1,1,Technical
sustainable_groundwater_management_grant_program_planning,2,2,1,NA
sustainable_management_criteria_figures,2,2,1,NA
sustainable_management_criteria_for_groundwater_quality,2,1,1,NA
sustainable_management_criteria_summary_table,2,1,1,Reference
sustainable_management_criteria_survey,2,2,1,NA
sustainable_management_criteria_workshops,2,2,1,NA
sustainable_water_infrastructure_project_awtf,2,2,1,NA
sustainable_yield_estimate_sustainable,2,1,1,NA
sutter_county_board_of_supervisors,2,2,1,Group
sutter_county_environmental_health_division,2,1,1,NA
sutter_placer_county_line,2,2,1,NA
sutter_subbasin_hydrogeologic_conceptual_model,2,2,1,Technical
svd,2,1,1,NA
svii,2,2,1,NA
sw_1240,2,1,1,NA
swall_basin_southwest_cell,2,2,1,NA
swi_protective,2,2,1,NA
swift_et,2,1,1,NA
swift_et_al,2,1,1,NA
swift_et_river_river,2,1,1,Natural_Feature
swrcs,2,2,1,NA
swtp,2,2,1,NA
sycamore_ranch,2,1,1,NA
symposium,2,1,1,NA
syndicate_water_company,2,2,1,NA
t0600102079_mw1,2,2,1,NA
t11s,2,2,1,NA
t22s,2,2,1,NA
t_hopkins,2,2,1,NA
table_2c3_2,2,1,1,Reference
table_35,2,2,1,Reference
table_4_atascadero_subbasin_project_budget,2,2,1,Reference
table_a2fd14,2,1,1,Reference
table_numbers,2,1,1,Reference
table_of_contents,2,2,1,Reference
tamara_kelly,2,1,1,NA
task_forces,2,2,1,NA
tbe_city,2,2,1,NA
tbsmd,2,2,1,NA
tcwa_boardroom,2,2,1,NA
tcwd_board_of_directors,2,2,1,Group
technical_advisory,2,1,1,Technical
technical_advisory_committee_meetings,2,1,1,Technical
technical_advisory_committee_planning_group,2,2,1,Group
technical_assistance,2,1,1,Technical
technical_experts_committee,2,2,1,Group
technical_lead,2,1,1,Technical
technical_see,2,2,1,Technical
technical_services_support,2,1,1,Technical
technical_stakeholder_and_board,2,2,1,Group
techniques_of_water_resources_investigations,2,2,1,NA
tehama_1992_mining,2,2,1,NA
tehama_colusa_canal_authority,2,2,1,Group
tehama_formation_exposures,2,1,1,NA
tehama_formation_of,2,2,1,NA
tehama_september_27,2,1,1,NA
tejon_mountain_village_environmental_impact_report,2,2,1,Technical
tejon_ranchcorp,2,2,1,NA
templeton_community_service_district,2,2,1,District
templeton_community_services_district_board,2,2,1,Group
terms_and_conditions,2,1,1,NA
terry_foreman,2,2,1,NA
tertiary_treatment_plant,2,2,1,NA
testing_of_recharge_capacity,2,2,1,NA
teubert,2,2,1,NA
texas_commission_on_environmental_quality,2,2,1,NA
tf,2,2,1,NA
thamnophis_gigas_threatened,2,2,1,NA
that_city_of,2,2,1,City
theim,2,1,1,NA
thermalito,2,1,1,City
these_rules_and_regulations,2,1,1,Legal
this,2,1,1,NA
this_action,2,2,1,NA
this_certification,2,1,1,NA
this_certification_for,2,1,1,NA
this_hydrogeologic_conceptualization_and_characterization_of_conditions_report,2,2,1,Technical
this_intertie_feasibility_study,2,2,1,NA
this_lower_alameda_formation,2,2,1,Natural_Feature
this_public_user_guide,2,1,1,NA
this_stipulation_and_order,2,2,1,NA
this_white_wolf_groundwater_sustainability_agency,2,2,1,Other_GSA
thomas_fire,2,1,1,NA
thomas_harter,2,2,1,NA
threatened_special_concern_arssc,2,2,1,NA
threatened_threatened,2,2,1,NA
threatened_threatened_reliance_on_groundwater,2,2,1,NA
tidewater,2,2,1,NA
tier_1_management_action_8_study,2,2,1,NA
tim_durbin,2,1,1,NA
tim_echevarria,2,2,1,NA
timeline_for_implementation_and_accrual_of_expected_benefits,2,2,1,NA
timeline_for_implementation_and_accrual_of_expected_benefits_depending,2,2,1,NA
title_23_california_code_of_regulations,2,2,1,State_Gov
tm1,2,2,1,NA
tmdl_task_force_of_tmdl,2,2,1,NA
to_achieve_measurable_objectives,2,2,1,NA
to_meet_costs,2,2,1,NA
to_modify_for_future_climate_change_based_projections,2,2,1,NA
to_protect_water_quality_prepare,2,2,1,NA
to_stay_engaged,2,2,1,NA
todd_greene,2,1,1,NA
todos_los_gastos,2,2,1,NA
tom_bess_asphalt_company,2,2,1,NA
tom_lauknes,2,1,1,NA
tom_moody,2,2,1,NA
toro_canyon,2,2,1,City
total,2,2,1,NA
total_maximum_daily,2,1,1,NA
town_of,2,1,1,NA
town_of_mendocino,2,2,1,NA
tracy_carbona,2,2,1,NA
tracy_defense,2,2,1,NA
tracy_subbasin_communication_and_engagement_plan,2,2,1,Technical
tracy_subbasin_groundwater,2,2,1,NA
tracy_subbasin_groundwater_sustainability_agency,2,2,1,Other_GSA
tracy_subbasin_interested_parties_database,2,2,1,Technical
train_gsa_staff,2,2,1,NA
tranquility,2,1,1,NA
tranquillity,2,2,1,City
transect_study_the_groundwater_sustainability_agency,2,2,1,Other_GSA
transition_probability_geostatistical_software,2,1,1,NA
transportation_charge,2,2,1,NA
transverse_ranges_geomorphic_province,2,1,1,NA
travis_air_force_base,2,2,1,NA
trc_pw88a,2,2,1,NA
treaty,2,2,1,NA
tres_pinos_fault,2,2,1,NA
tribal_band,2,1,1,NA
tribal_beneficial,2,1,1,NA
tribal_engagement,2,1,1,NA
tribal_jurisdictional_boundaries,2,2,1,NA
tribal_reservations,2,2,1,NA
triennial_updates,2,2,1,NA
trigger_levels,2,2,1,NA
trilby_barton,2,1,1,NA
trimble_geo_7x,2,1,1,NA
trs,2,1,1,NA
truckee,2,2,1,City
tshawytscha_central_valley,2,2,1,Geographic_Unit
tulare_basins,2,1,1,Basin
tulare_board_of_public_utilities,2,2,1,NA
tulare_code,2,2,1,Legal
tulare_counties,2,2,1,NA
tulare_county_2030,2,2,1,NA
tulare_county_resource_management_agency,2,2,1,Group
tulare_study,2,1,1,NA
tule_basin_sustainable_management_criteria,2,1,1,NA
tule_elk_reserve,2,2,1,NA
tulelake_city_hall_update,2,2,1,NA
tulelake_groundwater_sustainability_agency,2,1,1,Other_GSA
tulelake_subbasin_groundwater_sustainability_plan,2,2,1,Technical
tuolumne_county_board_of_supervisors,2,2,1,Group
turf_removal_program,2,2,1,NA
turlock_groundwater_sustainability_plan_pma,2,2,1,NA
turlock_subbasin_groundwater_management_plan,2,2,1,Technical
turnipseed,2,1,1,NA
twin_oaks_irrigation_district,2,2,1,District
ub,2,1,1,NA
ucwd_board,2,1,1,Group
uda,2,2,1,NA
uic,2,2,1,NA
ukiah_valley_area_plan,2,2,1,Technical
ukiah_valley_gsa,2,2,1,Other_GSA
unafco_ground,2,2,1,NA
under_drinking_water_programs,2,1,1,NA
underground_storage_tank,2,2,1,NA
underlying_the_water_budgets_are_unclear,2,2,1,NA
underst_nd_ing,2,1,1,NA
undesirable,2,1,1,NA
uninhabited_aerial_vehicle_synthetic_aperture_radar,2,2,1,NA
union_water_company,2,2,1,NA
united_board_of_directors,2,1,1,Group
united_calleguas_municipal_water_district,2,1,1,District
united_groundwater_management_plan,2,1,1,Technical
united_gw_quality,2,1,1,NA
united_states_department_of_agriculture_natural,2,1,1,NA
united_states_department_of_agriculture_natural_resources_conservation_service,2,1,1,NA
united_states_forest_service,2,2,1,NA
united_states_geological_service,2,1,1,NA
united_states_geological_survey_model,2,2,1,Technical
united_states_geological_survey_national_hydrography_dataset,2,2,1,Technical
united_states_geological_survey_national_water,2,1,1,NA
united_states_geological_survey_national_water_information_system,2,2,1,Technical
united_states_geological_survey_scientific_investigations_report,2,1,1,Technical
united_states_geological_survey_water_supply_paper,2,2,1,NA
united_states_geological_survey_wilson_creek,2,2,1,Natural_Feature
united_the_oxnard_plain_surface_water_distribution_model,2,1,1,Technical
united_water_conservation_district_basin_conditions,2,1,1,NA
universal_transverse_mercator,2,1,1,NA
university_of_california_agricultural_and,2,1,1,State_Gov
university_of_california_agricultural_and_natural_resources,2,2,1,State_Gov
university_of_california_at_davis_center_for_watershed_science,2,2,1,State_Gov
university_of_california_board_of_regents,2,2,1,State_Gov
university_of_california_in,2,2,1,State_Gov
university_of_south_dakota,2,1,1,NA
unlikely,2,1,1,NA
unregulated_contaminant_monitoring_rule,2,2,1,Technical
unsaturated_based,2,2,1,NA
upcoming_board,2,1,1,Group
updates,2,1,1,NA
upper_and_lower_san_luis_rey_valley_groundwater_subbasins,2,2,1,Basin
upper_cosumnes,2,2,1,NA
upper_princeton_valley_fill_formation,2,2,1,Natural_Feature
upper_san_leandro,2,2,1,NA
upper_san_leandro_reservoir,2,2,1,Infrastructure
upper_san_luis_rey_valley_subbasin,2,2,1,Basin
upper_santa_ana_valley,2,2,1,Geographic_Unit
upper_santa_rosa_creek,2,2,1,Natural_Feature
upper_saugus_formation,2,2,1,Natural_Feature
upper_temescal_valley_groundwater_management_zone,2,2,1,Geographic_Unit
upper_valley_aquifer,2,2,1,Natural_Feature
upper_valley_aquifer_subbasin,2,2,1,Basin
upper_ventura_river_groundwater_agency_data_quality_control_review_procedures,2,2,1,Technical
urban_water_management,2,2,1,NA
urban_water_supplier_reports,2,2,1,Technical
us_census_acs,2,2,1,NA
us_departments,2,1,1,Group
us_environmental_protection_agency_guidance_on_systematic,2,1,1,NA
us_environmental_protection_agency_national_recommended_water_quality_criteria,2,1,1,NA
us_fish_and_wildlife,2,1,1,NA
us_naval_construction_battalion_center,2,1,1,NA
us_supreme_court,2,2,1,NA
used_for_evaluating_groundwater_surface_water_interactions,2,2,1,NA
used_to_estimate_the_water_budget,2,2,1,NA
used_to_monitor_groundwater_quality,2,2,1,Technical
user_input_parameters,2,2,1,NA
uses_environmental,2,2,1,NA
utilities,2,1,1,NA
vacaville_groundwater_sustainability_agency,2,2,1,Other_GSA
valeteria_dry_cleaners,2,2,1,NA
validation_data,2,2,1,Technical
valley,2,2,1,Geographic_Unit
valley_springs_formation_the_valley_springs_formation,2,1,1,Natural_Feature
van_der_maaten,2,1,1,NA
van_hoozen_james_l_family_trust,2,2,1,NA
vcf,2,1,1,NA
venice,2,2,1,NA
ventura_county_agricultural,2,1,1,NA
ventura_county_environmental_health_division,2,2,1,NA
ventura_county_flood_control_district,2,1,1,District
ventura_county_general_plan_environmental_impact_report,2,1,1,Technical
ventura_county_ordinance,2,1,1,Legal
ventura_county_planning_commission,2,1,1,Group
ventura_county_resource_management_agency_division_of_environmental_health,2,1,1,NA
ventura_county_stormwater_quality_monitoring_program,2,2,1,Technical
ventura_water,2,2,1,NA
verano_st_piezo,2,2,1,NA
vicki_kretsinger_grabert_lead_engineer,2,2,1,NA
vicksburg,2,1,1,NA
vina_advisory_committee,2,2,1,Group
vineyard,2,2,1,City
visual_modflow,2,2,1,Technical
vp_of_operations_for_torrent_laboratory,2,1,1,NA
vwlpdwhg6fkhgxohri0rgho8sgdwhfwlylwlhv,2,1,1,NA
w_4th,2,2,1,NA
w_morton_avenue,2,2,1,NA
w_thompson,2,2,1,NA
walnut_hills_mutual_water_company,2,2,1,NA
warm_springs_area,2,2,1,Geographic_Unit
wastewater_enterprise_management_agreement,2,1,1,Group
water_agencies,2,1,1,Group
water_allocation_plan_agricultural_ma,2,2,1,NA
water_budget_diagram,2,2,1,NA
water_budget_technical_memoranda,2,1,1,Technical
water_budgets,2,2,1,NA
water_commission_water_supply_investment_program,2,1,1,NA
water_conservation,2,1,1,NA
water_control_manual,2,2,1,NA
water_efficiency_and_allocation_program,2,2,1,NA
water_exchange_project,2,2,1,Water_Project
water_management,2,1,1,NA
water_management_services,2,2,1,NA
water_quality_control_board,2,1,1,Group
water_quality_control_policy_for_maintaining_instream_flows,2,2,1,NA
water_quality_frequently,2,2,1,NA
water_quality_goals_for_agriculture,2,1,1,NA
water_quality_table,2,2,1,Reference
water_resources_and_supply_water,2,2,1,NA
water_resources_control_board,2,1,1,Group
water_resources_division_of_the_public_works_department,2,1,1,Group
water_resources_recovery_facility,2,2,1,NA
water_resources_staff,2,2,1,NA
water_supply,2,1,1,NA
water_supply_agreement_for_delivery_of_water_through,2,1,1,NA
water_supply_assessment,2,2,1,NA
water_supply_optimization_plan,2,2,1,Technical
water_supply_plan,2,2,1,Technical
water_supply_reports,2,2,1,Technical
water_symposium_hosted,2,2,1,NA
water_systems_consulting_inc,2,2,1,NA
water_treatment_plant,2,2,1,NA
water_use_and_efficiency_branch,2,1,1,NA
water_use_efficiency_programs,2,2,1,NA
water_year_2043,2,1,1,NA
waterboard_geotracker_groundwater_ambient_monitoring_and_assessment,2,1,1,Technical
waterford_without_increasing_costs,2,2,1,NA
watermains,2,2,1,NA
watershed_boundary,2,1,1,NA
watershed_boundary_central_management_area,2,1,1,Geographic_Unit
watershed_consumptive_use_fractions_of,2,2,1,NA
watershed_information_center_conservancy,2,2,1,NA
watershed_integrated_regional_urban_water_management_plan,2,2,1,Technical
watershed_protection_district,2,2,1,District
watersheds_15_coalition,2,2,1,NA
wd,2,1,1,NA
weather_data,2,1,1,Technical
well_02n20w17j06s_accounting,2,2,1,NA
well_completion_report_application,2,2,1,Technical
well_log,2,2,1,NA
well_outage_risk_analysis,2,1,1,NA
well_owners_guide,2,2,1,NA
wells_02n19w07k02_and,2,2,1,NA
wells_02n19w07k03s_and_02n19w07k02s,2,2,1,NA
wells_02n21w11j06s,2,2,1,NA
wells_03n20w35r03s,2,2,1,NA
wells_coordinates,2,2,1,NA
wells_monterey_peninsula_water_management_districtfo9,2,2,1,NA
wells_notes,2,1,1,NA
wells_samples,2,2,1,NA
wells_tract,2,2,1,Legal
wells_with_site_code,2,2,1,Legal
west_butte_subbasins,2,1,1,Basin
west_fork_carson,2,2,1,NA
west_las_posas_management_area_several_united_water_conservation_district,2,2,1,District
west_san_jacinto_groundwater_management,2,2,1,NA
west_stanislaus,2,2,1,NA
west_turlock_subbasin_groundwater_sustainability_agency_east_turlock_subbasingsa,2,2,1,Other_GSA
western_areas_power_administration,2,2,1,NA
western_management_agency,2,2,1,Group
western_management_area_cma_model,2,1,1,Technical
western_management_area_groundwater_sustainability_agency_advisory_committee,2,2,1,Group
western_pacific_railroad,2,2,1,NA
western_water_recycling_facility,2,2,1,NA
western_yolo,2,2,1,NA
westland,2,2,1,NA
westlands_water_quality_coalition,2,2,1,NA
westside_central_valleyp,2,1,1,NA
westside_coalition,2,2,1,NA
westside_sacramento_integrated_regional_water_management_plan,2,2,1,Technical
westside_subbasin_boundary,2,2,1,NA
wh3_self_reporting_of_groundwater_extraction_level,2,1,1,Technical
wheeler_crest,2,2,1,NA
when_establishing_sustainable_management_criteria,2,2,1,NA
where_exceeded_the_estimated_pump_intake_depth_table,2,2,1,Reference
whereas,2,2,1,NA
white_alder,2,2,1,NA
whitewater_recharge_facilities,2,2,1,NA
wicc_board_of_directors,2,2,1,Group
wight_way,2,2,1,NA
wilcoxon,2,2,1,NA
wildlife_habitat,2,1,1,NA
wildlife_heritage_foundation,2,1,1,NA
will_affect,2,2,1,NA
will_manage_areas_not_covered,2,2,1,NA
william_flaxington,2,2,1,NA
willowbrook,2,2,1,City
wilma_chan,2,2,1,NA
wind_gap_pumping_plant,2,1,1,NA
wind_wolves_preserve,2,2,1,NA
wood_project_chemist,2,2,1,NA
woodbridge_ecological_reserve,2,2,1,NA
woodland_alliance,2,1,1,NA
woolfenden,2,2,1,NA
working_group_meeting,2,2,1,NA
working_group_to,2,2,1,NA
wr16_water_supplier_cooperation,2,1,1,NA
wrmwsd_board,2,2,1,Group
wrwrf,2,2,1,NA
wscp,2,2,1,NA
wscps,2,2,1,NA
wutchumna_ditch,2,2,1,NA
wyandotte_creek_advisory_committee,2,2,1,Group
wyandotte_creek_subbasin_groundwater_sustainability_agency,2,2,1,Other_GSA
wyt1_bay,2,2,1,NA
xyz_dist,2,2,1,NA
y_n_project_recharge,2,2,1,NA
y_proyectados_para_la_subcuenca,2,2,1,NA
yates_et_al,2,2,1,NA
yellow_butte,2,2,1,NA
yellow_warbler,2,1,1,NA
ynez,2,1,1,NA
yokohl_creek_recharge_project,2,2,1,Water_Project
yolo_county_integrated,2,2,1,NA
yolo_groundwater_sustainability_agency,2,2,1,Other_GSA
you,2,1,1,NA
youtube,2,2,1,NA
ysga_model,2,2,1,Technical
ysi_6820,2,1,1,NA
ysi_6920,2,1,1,NA
yuba_county_code,2,2,1,Legal
yuba_county_general_plan,2,2,1,Technical
yucaipa_landfill,2,2,1,NA
yucaipa_sub_basin_groundwater_sustainability_agency,2,2,1,Other_GSA
yucaipa_sustainable_groundwater_management_agency,2,2,1,Group
yulupa_creek,2,2,1,Natural_Feature
yvwrff,2,2,1,NA
zhang_et_al,2,1,1,NA
δstorage,2,2,1,NA
00061_feet,1,1,1,NA
001μg_l,1,1,1,NA
01n22w20j08s,1,1,1,NA
02n20w02d02s,1,1,1,NA
02n20w07k02s,1,1,1,NA
03n20w35j01s,1,1,1,NA
0433pm_5,1,1,1,NA
07n01e29p001_m,1,1,1,NA
1010_intermountain_conservation_camp,1,1,1,NA
1062021,1,1,1,NA
1128_federal_government,1,1,1,NA
11b,1,1,1,NA
1222021,1,1,1,NA
12343_data_management_system_data,1,1,1,Technical
12920_13,1,1,1,NA
12_management_areas,1,1,1,Geographic_Unit
134_legal_authority,1,1,1,Group
13mg_l,1,1,1,NA
143_operational_flexibility_limitations,1,1,1,NA
164400_af,1,1,1,NA
18_ma,1,1,1,NA
1998_permit,1,1,1,NA
1_department_of_water_resources,1,1,1,NA
1cvp,1,1,1,NA
2014_sustainable_groundwater_management_act,1,1,1,Legal
2016_feasibility_study,1,1,1,NA
2016_salt_and_nutrient_management_plan,1,1,1,Technical
2020d,1,1,1,NA
2070_central_tendency_climate_change_factors,1,1,1,NA
210c,1,1,1,NA
214_city_of,1,1,1,City
214_historical_santa_ysabel_creek_riparian_rights_riparian,1,1,1,NA
23111_irrigated_lands_regulatory_program,1,1,1,NA
2332_groundwater_exchange,1,1,1,NA
255_city_and,1,1,1,NA
25_reference_to,1,1,1,NA
272_approach,1,1,1,NA
296280_af,1,1,1,NA
310_monitoring_and_management_programs,1,1,1,Technical
313_land_use_plans,1,1,1,Technical
3252_criteria,1,1,1,NA
325_composite_surface_a_composite_surface,1,1,1,NA
3272019_ug,1,1,1,NA
335_city_and,1,1,1,NA
35410_initial_notification,1,1,1,NA
3546_agency_information,1,1,1,Natural_Feature
3548f,1,1,1,NA
355_protocols_for_data_collection_and_monitoring_standards_for_establishing_monitoring_protocols,1,1,1,Technical
3623_brochure,1,1,1,NA
372_head,1,1,1,NA
416_chowchilla_water_district_project_financing_pursuant,1,1,1,NA
422019_ug,1,1,1,NA
423_data_management,1,1,1,Technical
42410_legal_authority,1,1,1,Group
424_education_and_outreach_4241_project_description,1,1,1,NA
424_streamflow_measurements,1,1,1,NA
43108_legal_authority,1,1,1,Group
43_monitoring_and_management_considerations,1,1,1,Technical
463_salt_river,1,1,1,Natural_Feature
471_tule_subbasin_data,1,1,1,Technical
476500_inflow_outflow_gw,1,1,1,NA
4b4_8_legal_authority,1,1,1,Group
4c2_management_action_no,1,1,1,NA
4th_floor,1,1,1,NA
55_hydraulic_gradients_between_aquifers,1,1,1,Natural_Feature
5_distribution_system,1,1,1,NA
5_water,1,1,1,NA
612018_board,1,1,1,Group
65436_colusa_subbasin,1,1,1,Basin
722018_responsibilty_board,1,1,1,Group
76_worksheet_37,1,1,1,NA
77_development,1,1,1,NA
7_c,1,1,1,NA
7_city,1,1,1,NA
813_communication_and_outreach_ongoing,1,1,1,NA
83212_relationship_to_additional_groundwater_sustainability_plan_elements,1,1,1,NA
8346_timetable_for_implementation,1,1,1,NA
852021,1,1,1,NA
904b,1,1,1,NA
914_monitoring_and_data_management_monitoring_of_the,1,1,1,Technical
9272018_ug,1,1,1,NA
933_criteria,1,1,1,NA
952_conceptual_projects_six,1,1,1,NA
952_minimum_thresholds,1,1,1,NA
95406_wwwsonomavalleygroundwaterorg,1,1,1,NA
96_periodic,1,1,1,NA
97_land_subsidence_historical,1,1,1,NA
a2,1,1,1,NA
a2_4,1,1,1,NA
a2_decentralized_stormwater_recharge,1,1,1,NA
a2fa16,1,1,1,NA
a2fa17,1,1,1,NA
a2fa6,1,1,1,NA
a2ff20,1,1,1,NA
a2fg13,1,1,1,NA
a85005,1,1,1,NA
a_ag_innovations,1,1,1,NA
a_biological_assessment_and_environmental_impact_report,1,1,1,Technical
a_bound_party,1,1,1,NA
a_budget_transfer,1,1,1,NA
a_calculation,1,1,1,NA
a_citizen_advisory_group,1,1,1,Group
a_coastal_development_permit,1,1,1,NA
a_community_community,1,1,1,NA
a_comprehensive_allocation_method,1,1,1,NA
a_comprehensive_groundwater_management_plan,1,1,1,Technical
a_comprehensive_groundwater_quality_management_plan,1,1,1,Technical
a_continuously_operating_reference_stations,1,1,1,NA
a_coordinating_committee_figure_es2,1,1,1,Reference
a_county_of_ventura,1,1,1,NA
a_dairy_element,1,1,1,NA
a_define,1,1,1,NA
a_detailed_operations_and_water_monitoring_plan,1,1,1,Technical
a_drought_operations_technical_advisory_committee,1,1,1,Group
a_fire,1,1,1,NA
a_funding_partner,1,1,1,NA
a_geotracker,1,1,1,NA
a_geotracker_ranch_global_identification_number,1,1,1,NA
a_groundwater_augmentation_program,1,1,1,NA
a_land_subsidence_monitoring_and_management_plan,1,1,1,Technical
a_long_term_water_exchange_agreement,1,1,1,Group
a_management_area_exceedance,1,1,1,NA
a_mayor_council,1,1,1,Group
a_meeting_inventory_table,1,1,1,Reference
a_nitrate_total_maximum_daily_loadpurisma,1,1,1,NA
a_notice_of_intent_on,1,1,1,NA
a_partnership_commitment,1,1,1,NA
a_planning,1,1,1,NA
a_planning_committee,1,1,1,Group
a_policy_advisory_committee,1,1,1,Group
a_precipitation_threshold_for_runoff,1,1,1,NA
a_public_access_to_records,1,1,1,NA
a_regional_water_efficiency_program,1,1,1,NA
a_resources_development_assessment,1,1,1,NA
a_routine_maintenance_agreement,1,1,1,Group
a_sacred_lands_and_tribal_contact,1,1,1,Legal
a_sacred_lands_file,1,1,1,NA
a_seawater_intrusion_model,1,1,1,Technical
a_sewer_connection_permit,1,1,1,NA
a_special_project_committee,1,1,1,Group
a_stakeholder_committee,1,1,1,Group
a_state_of_california,1,1,1,State_Gov
a_state_water_project,1,1,1,Water_Project
a_state_water_project_contractor,1,1,1,NA
a_subbasin_coordination_committee,1,1,1,Group
a_superior_court_of,1,1,1,NA
a_technical_committee,1,1,1,Group
a_technical_peer_review_group,1,1,1,Group
a_technical_peer_review_team,1,1,1,Technical
a_temporary_water_service_program,1,1,1,NA
a_water_exchange_and_water_transportation_agreement_agreement,1,1,1,Group
a_water_resource_validation_program,1,1,1,NA
aall,1,1,1,NA
aapg,1,1,1,NA
ab2222,1,1,1,NA
ab_3030_groundwater_management_plan,1,1,1,Technical
ab_303_project,1,1,1,Water_Project
ab_32,1,1,1,NA
ab_52,1,1,1,NA
abandoned_sa_n,1,1,1,NA
abbreviations,1,1,1,NA
abhishek_singh,1,1,1,NA
abrams,1,1,1,NA
abrup,1,1,1,NA
absence_of_management_changes,1,1,1,NA
acalanes_ridge,1,1,1,City
access,1,1,1,NA
accord,1,1,1,NA
according,1,1,1,NA
accounting_management_action,1,1,1,NA
accumulated_capital_outlay_fund,1,1,1,NA
acft26,1,1,1,NA
achieve_sustainability,1,1,1,NA
acknowledgements,1,1,1,NA
action_area,1,1,1,Geographic_Unit
action_reclamation,1,1,1,NA
active_gauge_locations,1,1,1,NA
active_groundwater_sustainability_agency_coordination_with_water_quality_agencies_and_coalitions,1,1,1,NA
active_modflow_westside,1,1,1,Technical
ad_hoc_funding_committee,1,1,1,Group
adam_claes,1,1,1,NA
adams,1,1,1,Infrastructure
adams_and_academy,1,1,1,NA
adapted,1,1,1,NA
adaptive_management_strategy,1,1,1,NA
addi_tional_pl,1,1,1,NA
additional,1,1,1,NA
additional_monitoring,1,1,1,Technical
address,1,1,1,NA
address_data,1,1,1,Technical
address_identified_data_gaps,1,1,1,Technical
adelaida_area_hydrogeologic_study,1,1,1,NA
adequately_address_groundwater_quality_12,1,1,1,NA
adin_community_services_district,1,1,1,District
adin_ranger_station,1,1,1,NA
adin_wells,1,1,1,NA
adjacent_basins,1,1,1,Basin
adjacent_subareas_table,1,1,1,Reference
adjusted_base_production_rights,1,1,1,NA
admin_fiscal_subcommittee,1,1,1,Group
administering,1,1,1,NA
administrative,1,1,1,NA
administrative_agency,1,1,1,Group
administrative_approach_and_implementation,1,1,1,NA
administrative_approach_governance_structure,1,1,1,NA
administrative_costs_the_administrative,1,1,1,NA
administrative_draft,1,1,1,NA
administrative_fiscal_committee,1,1,1,Group
administrative_monitoring_reporting,1,1,1,Technical
administrative_personal,1,1,1,NA
administrative_staff,1,1,1,NA
administrator_collect,1,1,1,NA
adopt,1,1,1,NA
adopted_city_urban_development_boundary,1,1,1,NA
adopted_ordinance,1,1,1,Legal
advanced_biological_testing,1,1,1,NA
advanced_water_purification_facility,1,1,1,NA
advanced_water_purification_facility_project,1,1,1,Water_Project
advisory,1,1,1,NA
advisory_board_of_the_groundwater_exchange,1,1,1,NA
advisory_committee_and,1,1,1,NA
advisory_committee_and_technical_advisory_subcommittee,1,1,1,Group
advisory_committee_and_technical_peer_review_group,1,1,1,Group
advisory_committee_distribution_system_usage_with_facilities,1,1,1,NA
advisory_committee_meetings,1,1,1,NA
advisory_group,1,1,1,Group
ae20,1,1,1,NA
ae27,1,1,1,NA
aec,1,1,1,NA
aem_study10,1,1,1,NA
aem_study11,1,1,1,NA
aem_survey,1,1,1,NA
aer,1,1,1,NA
aera_energy_llc,1,1,1,NA
aerojet_general_corp,1,1,1,NA
aerojet_general_corporation,1,1,1,NA
aewsd_private_california_department_of_transportation_basin_connections,1,1,1,State_Gov
af_abbreviations,1,1,1,NA
af_central_valley_project,1,1,1,Water_Project
af_of,1,1,1,NA
af_of_level_2,1,1,1,NA
af_y_difference,1,1,1,NA
af_y_f,1,1,1,NA
af_y_page_4_4,1,1,1,Reference
af_yr_of_table_a,1,1,1,Reference
affonso,1,1,1,NA
afyin,1,1,1,NA
ag_coverage,1,1,1,NA
ag_water,1,1,1,NA
agai_nst,1,1,1,NA
agencies_cachuma_resource_conservation_district,1,1,1,District
agencies_department,1,1,1,Group
agencies_organization_and_management_structures_the,1,1,1,NA
agencies_with_water_management_responsibilities,1,1,1,NA
agency_additional_information,1,1,1,Natural_Feature
agency_administration_operations,1,1,1,NA
agency_for_toxic_substances_and_disease_registry_agency_for_toxic_substances_and_disease,1,1,1,NA
agency_governing_board,1,1,1,Group
agency_information_ebmud,1,1,1,NA
agency_jurisdictional_boundaries_groundwater_sustainability_agency,1,1,1,Other_GSA
agency_organization_and_management_structure,1,1,1,NA
agency_sustainable,1,1,1,NA
agenda_to,1,1,1,NA
aging_and_disability_program,1,1,1,NA
agricultural_ag,1,1,1,NA
agricultural_agricultural,1,1,1,NA
agricultural_agricultural_mutual_water_company,1,1,1,NA
agricultural_and_industrial,1,1,1,NA
agricultural_business,1,1,1,NA
agricultural_conveyance_system,1,1,1,NA
agricultural_demands,1,1,1,NA
agricultural_drain_tiles_agricultural,1,1,1,NA
agricultural_groundwater_extraction_monitoring_per_sierra_valleygmd,1,1,1,Technical
agricultural_irrigation_pumping,1,1,1,NA
agricultural_land_and_water_use_budget,1,1,1,NA
agricultural_land_retirement,1,1,1,NA
agricultural_land_use_jurisdiction,1,1,1,NA
agricultural_lands_preservation_initiative,1,1,1,NA
agricultural_management_water_plans,1,1,1,Technical
agricultural_morongo_band_of_mission_indians,1,1,1,NA
agricultural_operations,1,1,1,NA
agricultural_residential_groundwater_users,1,1,1,NA
agricultural_resource_or_agriculture,1,1,1,NA
agricultural_seat,1,1,1,NA
agricultural_surface_water_supplies,1,1,1,NA
agricultural_urban_reserve,1,1,1,NA
agricultural_users,1,1,1,NA
agricultural_waiver_program,1,1,1,NA
agricultural_water_authority,1,1,1,Group
agricultural_water_conservation_act,1,1,1,Legal
agricultural_water_management,1,1,1,NA
agricultural_water_management_planning_agricultural,1,1,1,NA
agricultural_water_providers,1,1,1,NA
agricultural_water_quality_thresholds,1,1,1,NA
agricultural_water_resources_wr15,1,1,1,NA
agricultural_wells,1,1,1,NA
agriculture_agriculture,1,1,1,NA
agriculture_land_use_projections,1,1,1,NA
agriculture_water_management_plan,1,1,1,Technical
agroclimate_stations_data,1,1,1,Technical
agua_tibia_fan,1,1,1,NA
ahtna_environmental,1,1,1,NA
ahtna_government_services,1,1,1,NA
ahtna_prior,1,1,1,NA
ahtna_program,1,1,1,NA
ahtna_project_chemist,1,1,1,NA
aims_to_complete_draft,1,1,1,NA
air_force_environmental_restoration_program,1,1,1,NA
air_quality,1,1,1,NA
air_quality_elements,1,1,1,NA
air_reserve_base,1,1,1,NA
air_reserve_board,1,1,1,Group
airborne_electromagenetic,1,1,1,NA
airoyo_seco,1,1,1,NA
al_departamento_de_recursos_hídricos,1,1,1,NA
al_department_of_water_resources,1,1,1,NA
al_descenso,1,1,1,NA
alameda_counties,1,1,1,NA
alameda_county_department_of_public_works,1,1,1,NA
alameda_deposits,1,1,1,NA
alan_shearer,1,1,1,NA
alberhill,1,1,1,NA
alessandro,1,1,1,NA
alex,1,1,1,NA
alexander_kerby,1,1,1,NA
alfonso_ramelli,1,1,1,NA
algorithm_for_land,1,1,1,NA
alkaline_scrub,1,1,1,NA
all_wba_5,1,1,1,NA
allen_camp_unit,1,1,1,NA
allende_basin,1,1,1,Basin
allocation_program,1,1,1,NA
alluvial_aquifer,1,1,1,Natural_Feature
alluvial_fan_deposits_water_bearing_formation_isolated,1,1,1,NA
almond,1,1,1,NA
alpaugh_csd,1,1,1,NA
alpert,1,1,1,NA
alta_irrigation_districts,1,1,1,District
alta_mesa_conditions_summary_road_crossing,1,1,1,NA
amador_county_groundwater_authority_board_of_directors,1,1,1,Group
amador_county_groundwater_management_authority_board_of_directors,1,1,1,Group
amador_regional_sanitation_authority,1,1,1,Group
amador_water_agency_board_room,1,1,1,NA
amah_mutsun_tribal_band,1,1,1,NA
amanda_monaco,1,1,1,NA
amazon,1,1,1,NA
amber_ritchie,1,1,1,NA
amec_foster_wheeler,1,1,1,NA
american_canyon,1,1,1,City
american_chemical_society,1,1,1,NA
american_chemical_sympo,1,1,1,NA
american_community_survey_median_household,1,1,1,NA
american_del_rey,1,1,1,NA
american_heritage_commission,1,1,1,Group
american_legion,1,1,1,NA
american_potash,1,1,1,NA
american_rivers_sacramento,1,1,1,NA
american_rivers_total_outflow_15167800,1,1,1,NA
american_sacramento_county_water_agency,1,1,1,Group
american_standard_code_for_information_interchange,1,1,1,NA
american_water_works_company,1,1,1,NA
ameripride,1,1,1,NA
amy_steinfeld,1,1,1,NA
an_ad_hoc_committee,1,1,1,Group
an_ad_hoc_communications_committee,1,1,1,Group
an_agricultural_water_quality_goal,1,1,1,NA
an_alternative_management_strategy,1,1,1,NA
an_economic_analysis_and_framework_for,1,1,1,NA
an_interbasin_coordination,1,1,1,NA
an_interbasin_public_works,1,1,1,NA
an_interested_parties_advisory_committee,1,1,1,Group
an_interested_parties_database,1,1,1,Technical
an_op_ed_piece,1,1,1,NA
an_state,1,1,1,NA
ana,1,1,1,NA
ana_riparian_groundwater_dependent_ecosystem_unit,1,1,1,NA
anadromous_salmonid,1,1,1,NA
anagnoson,1,1,1,NA
analysis_of_historical_surface_water_diversions_historical,1,1,1,NA
analytic_approach_modeling,1,1,1,Technical
ancestral_mount_shasta,1,1,1,NA
and_maintenance,1,1,1,NA
and_union_of,1,1,1,NA
anderson_valley,1,1,1,Geographic_Unit
andisols,1,1,1,NA
andrew_millison,1,1,1,NA
andrew_pandol,1,1,1,NA
andrews_st_bridge,1,1,1,NA
andy_bogetti_family_trust,1,1,1,NA
andy_duffey,1,1,1,NA
andy_gordus,1,1,1,NA
andy_rodgers,1,1,1,NA
angeles_county,1,1,1,County
angwin_subarea,1,1,1,Geographic_Unit
animals_dependent_on_groundwater,1,1,1,NA
ann_dubay,1,1,1,NA
anna_caballero,1,1,1,NA
annexed,1,1,1,NA
annual_meeting,1,1,1,NA
annual_operations_maintenance,1,1,1,NA
annual_proponent,1,1,1,NA
annual_pumping_allocations,1,1,1,NA
annual_state_water_project_entitlements,1,1,1,NA
annual_streamflow,1,1,1,NA
another,1,1,1,NA
another_ngo,1,1,1,NA
ant_hill_oil_field,1,1,1,NA
anthony_rocha,1,1,1,NA
antidegradation_objectives_for_total_dissolved_solids,1,1,1,NA
antidegradation_study,1,1,1,NA
any,1,1,1,NA
app_g,1,1,1,NA
appellate_court_to,1,1,1,NA
appendix_1_b_contact,1,1,1,Reference
appendix_1_b_the_framework_agreement,1,1,1,Reference
appendix_1_f_community_engagement_plan_for_development_and_adoption_of_a_groundwater_sustainability_plan,1,1,1,Reference
appendix_1_g,1,1,1,Reference
appendix_1_notice,1,1,1,Reference
appendix_1_table_1_2,1,1,1,Reference
appendix_25_m,1,1,1,Reference
appendix_2_c_hydrographs,1,1,1,Reference
appendix_2_d,1,1,1,Reference
appendix_2_groundwater,1,1,1,Reference
appendix_3_a,1,1,1,Reference
appendix_3_a_environmental_beneficial_water_uses,1,1,1,Reference
appendix_3a_figures_1_3,1,1,1,Reference
appendix_3a_shallow_well_protection_memorandum,1,1,1,Reference
appendix_3a_table,1,1,1,Reference
appendix_3d,1,1,1,Reference
appendix_4,1,1,1,Reference
appendix_4_c,1,1,1,Reference
appendix_4_d,1,1,1,Reference
appendix_4b,1,1,1,Reference
appendix_5_a,1,1,1,Reference
appendix_6d,1,1,1,Reference
appendix_7_a_table,1,1,1,Reference
appendix_a_137,1,1,1,Reference
appendix_a_141,1,1,1,Reference
appendix_a_51_principal_aquifers,1,1,1,Natural_Feature
appendix_a_advisory_committee_comprehensive,1,1,1,Reference
appendix_a_fcma,1,1,1,Reference
appendix_a_groundwater_sustainability_plan_coordinating_committee,1,1,1,Reference
appendix_a_groundwater_sustainability_plan_stakeholder_committee,1,1,1,Reference
appendix_a_implementation_team,1,1,1,Reference
appendix_a_initial_notification,1,1,1,Reference
appendix_a_project,1,1,1,Water_Project
appendix_a_projected_scenarios,1,1,1,Reference
appendix_a_table_3,1,1,1,Reference
appendix_a_water_budgets,1,1,1,Reference
appendix_b_521,1,1,1,Reference
appendix_b_a,1,1,1,Reference
appendix_b_eastern_tule_groundwater_sustainability_agency,1,1,1,Other_GSA
appendix_b_implementation_period,1,1,1,Reference
appendix_b_part,1,1,1,Reference
appendix_b_paso,1,1,1,Reference
appendix_b_surface,1,1,1,Reference
appendix_b_translation,1,1,1,Reference
appendix_b_water,1,1,1,Reference
appendix_b_water_budgets,1,1,1,Reference
appendix_c_1551,1,1,1,Reference
appendix_c_arroyo_santa_rosa_groundwater_sustainability_agency,1,1,1,Other_GSA
appendix_c_beneficial_uses,1,1,1,Reference
appendix_c_department_of_water_resources_preparation_checklist,1,1,1,Reference
appendix_c_sustainable_groundwater_management_act,1,1,1,Reference
appendix_c_the,1,1,1,Reference
appendix_c_the_city_of_ione,1,1,1,City
appendix_d1,1,1,1,Reference
appendix_d_the_county,1,1,1,County
appendix_e_two,1,1,1,Reference
appendix_f_2030,1,1,1,Reference
appendix_f_agricultural_supply,1,1,1,Reference
appendix_f_future,1,1,1,Reference
appendix_f_one,1,1,1,Reference
appendix_f_potential_model_applications,1,1,1,Reference
appendix_f_supplemental_wetlands,1,1,1,Reference
appendix_f_technical_and_regulatory_evaluation_of_mun,1,1,1,Reference
appendix_g_a,1,1,1,Reference
appendix_g_ce_survey_results,1,1,1,Reference
appendix_g_delta_mendota_subbasin_communications,1,1,1,Reference
appendix_g_see_chapter_4,1,1,1,Reference
appendix_g_tule_subbasin,1,1,1,Basin
appendix_g_water_quality_goals_water,1,1,1,Reference
appendix_h_comments,1,1,1,Reference
appendix_h_figure,1,1,1,Reference
appendix_h_future_baseline_scenario_results,1,1,1,Reference
appendix_h_table_3,1,1,1,Reference
appendix_i_54_water_budget_definitions_and_assumptions,1,1,1,Reference
appendix_i_highlights,1,1,1,Reference
appendix_j_abbreviations,1,1,1,Reference
appendix_j_highlights,1,1,1,Reference
appendix_j_hydrogeologic_conceptual_model,1,1,1,Reference
appendix_k_21,1,1,1,Reference
appendix_k_assessment_of,1,1,1,Reference
appendix_k_table,1,1,1,Reference
appendix_k_water_budget,1,1,1,Reference
appendix_l_water_budget,1,1,1,Reference
appendix_n_table,1,1,1,Reference
applicable,1,1,1,NA
application,1,1,1,NA
application_for_service,1,1,1,NA
applied_groundwater_return,1,1,1,NA
applied_municipal_services,1,1,1,NA
applied_surface_water,1,1,1,NA
applied_water_et,1,1,1,NA
appoint_public_board_member_planning_committee_regular_meeting,1,1,1,NA
appointed,1,1,1,NA
appraisal_institute,1,1,1,NA
appro_pri,1,1,1,NA
appropriative_am,1,1,1,NA
approval4_westlands_groundwater_sustainability_agency,1,1,1,Other_GSA
approved_budget,1,1,1,NA
approved_organizational_activities,1,1,1,NA
april_board,1,1,1,Group
aptos_creel,1,1,1,NA
aquatic_conservation_strategy,1,1,1,NA
aquifer_hydraulic_properties_information,1,1,1,Natural_Feature
aquifer_production_has_been_relatively_steady_over_the_four_decades_presented_in_figure_y,1,1,1,Reference
aquifer_replenishment_project_implementation,1,1,1,NA
aquifer_storage_and_recovery_council_on_environmental_qualitya,1,1,1,NA
aquifer_storage_and_recovery_operation_effects,1,1,1,NA
aquifer_storage_and_recovery_year,1,1,1,NA
aquifer_storage_recovery_project,1,1,1,Water_Project
aquifer_test_calibration_data,1,1,1,Technical
aquila,1,1,1,NA
aquitard_properties_bulletin,1,1,1,NA
aquitards_department_of_water_resources_bulletin,1,1,1,NA
aquitards_primary,1,1,1,NA
aquitards_semi_perched_aquifer,1,1,1,Natural_Feature
arbolada,1,1,1,NA
arbuckle_farr_et,1,1,1,NA
arcohe_unified_school_district,1,1,1,District
are_inadequate,1,1,1,NA
are_located,1,1,1,NA
are_management_implementation,1,1,1,NA
area,1,1,1,Geographic_Unit
area_of_critical_environmental_concern,1,1,1,NA
areas_of_interest,1,1,1,NA
areas_of_recharge_and_prior,1,1,1,NA
areas_recharge,1,1,1,NA
argia_spp,1,1,1,NA
argon,1,1,1,NA
arlington_groundwater_sustainability_agency,1,1,1,Other_GSA
armona_community_services_district_armona_community_services_district,1,1,1,District
armona_stratford,1,1,1,NA
army_base_realignment_and_closure,1,1,1,NA
army_base_realignment_and_closure_fort_ord_office,1,1,1,NA
army_base_realignment_and_closure_office,1,1,1,NA
army_corps_of_engineers_army_corps_of_engineers,1,1,1,NA
army_corps_of_engineers_corps,1,1,1,NA
army_corps_of_engineers_water_control_data_system,1,1,1,Technical
army_reserve_center,1,1,1,NA
arrowhead_bottling_plant,1,1,1,NA
arroyo_chub,1,1,1,NA
arroyo_conejo_conejo_creek,1,1,1,Natural_Feature
arroyo_del_toro_temescal_wash,1,1,1,NA
arroyo_grande_creek,1,1,1,Natural_Feature
arroyo_parida_section_of,1,1,1,Reference
arroyo_ramoso,1,1,1,NA
arroyo_santa_rosa_basin_groundwater_sustainability_agency_website_regular,1,1,1,NA
arroyo_santa_rosa_basin_recharge_projects,1,1,1,Water_Project
arroyo_seco_cone_management,1,1,1,NA
arroyo_seco_cone_management_area_subbasins,1,1,1,Basin
arroyo_seco_cone_management_area_table,1,1,1,Reference
arroyo_seco_groundwater_sustainability_agency_board_of_directors,1,1,1,Group
arsenal,1,1,1,NA
arsenic_mitigation_program,1,1,1,NA
artesia,1,1,1,City
arturo_mejia,1,1,1,NA
arundo,1,1,1,NA
arvin_community_services_district_board,1,1,1,Group
arvin_edison_management,1,1,1,NA
arvin_edison_management_area_historical,1,1,1,NA
arvin_edison_management_area_table_gwc2,1,1,1,Reference
arvin_edison_management_area_the_management_actions,1,1,1,NA
arvin_edison_management_area_the_projects,1,1,1,Water_Project
arvin_groundwater_sustainability_agency_arvin_edison_water_storage_district,1,1,1,District
as_0,1,1,1,NA
asaga,1,1,1,NA
ashland_cherryland_community_health_wellness,1,1,1,NA
aspen_environmental_group,1,1,1,Group
asr_pilot_project,1,1,1,Water_Project
asrigb,1,1,1,NA
assembly_bill_1881,1,1,1,NA
assessed,1,1,1,NA
assessment,1,1,1,NA
assessment_and_identification_of_data_gaps,1,1,1,Technical
assessment_and_identification_of_data_gaps_surface_water_monitoring_network,1,1,1,Technical
assessment_control_board,1,1,1,Group
assessments,1,1,1,NA
assessments_periodic,1,1,1,NA
assessmentwith_the_madera_county_auditor,1,1,1,NA
assessor_collector,1,1,1,NA
assessor_parcel,1,1,1,NA
assigned,1,1,1,NA
assigning_board,1,1,1,Group
associated_vegetation_tidewater,1,1,1,NA
association_of_american,1,1,1,NA
association_of_ground_water_agencies,1,1,1,Group
assumed_rooting_depth,1,1,1,NA
assumes,1,1,1,NA
astm_1996,1,1,1,NA
atascadero_state,1,1,1,NA
atascadero_subbasin_composite_hydrograph,1,1,1,NA
atherton,1,1,1,City
athird_party,1,1,1,NA
atolia,1,1,1,NA
attachment_e_the_data,1,1,1,Technical
attachment_h,1,1,1,NA
attachments,1,1,1,NA
attachments_m_national_aeronautics_and_space_administration_jet_propulsion_laboratory,1,1,1,NA
attribute_attribute,1,1,1,NA
atwell_island_wd,1,1,1,NA
audobon,1,1,1,NA
augmentation,1,1,1,NA
austin,1,1,1,NA
austinsloughhousercdorg,1,1,1,NA
authority_fact_sheet,1,1,1,NA
authority_of_agency_agencies,1,1,1,Group
authority_of_the_board_of_directors,1,1,1,Group
authority_report,1,1,1,Technical
authority_staff,1,1,1,NA
authorize,1,1,1,NA
authorizing_impacted_department,1,1,1,Group
available_for_use_for_groundwater_recharge,1,1,1,NA
ave,1,1,1,NA
ave_data,1,1,1,Technical
ave_selma,1,1,1,NA
avenue_116_lateral_project,1,1,1,Water_Project
avenue_144the_pixley_national_wildlife_refuge,1,1,1,NA
avenues_88,1,1,1,NA
average_2479,1,1,1,NA
b13_consideration,1,1,1,NA
b_alyson_watson,1,1,1,NA
b_calculate,1,1,1,NA
b_california_maximum_contaminant,1,1,1,State_Gov
b_gd,1,1,1,NA
b_jennings,1,1,1,NA
b_public_engagement_process,1,1,1,NA
b_sustainable_management_criteria,1,1,1,NA
b_utilize,1,1,1,NA
baber,1,1,1,NA
bachand_associates,1,1,1,NA
background_eki_environment_and_water,1,1,1,NA
background_south_fork_kings_groundwater_sustainability_agency,1,1,1,Other_GSA
background_tri_county_water_authority,1,1,1,Group
background_water_quality,1,1,1,NA
badger,1,1,1,NA
bahia_magdalena,1,1,1,NA
bailey_fault_zone,1,1,1,Geographic_Unit
bain,1,1,1,NA
bakersfield_californian,1,1,1,State_Gov
bakersfield_city_hall,1,1,1,NA
bakersfield_water_board,1,1,1,Group
balance_hydrologics,1,1,1,NA
ballico_cortez_water_district_central_valley,1,1,1,Geographic_Unit
banning_record_gazette_press_enterprise_publication_date_for_record_gazette,1,1,1,NA
banning_wastewater_treatment_facility,1,1,1,NA
barbareno_ventureno_band_of_mission_indians,1,1,1,NA
barometric,1,1,1,NA
barometric_compensation,1,1,1,NA
barstow,1,1,1,City
bartow_j_a,1,1,1,NA
base_realignment_and_closure_act,1,1,1,Legal
base_realignment_and_closure_environmental_coordinator,1,1,1,NA
baseline_forecast_municipal_pumping_municipal,1,1,1,NA
basic_irrigation_scheduling,1,1,1,NA
basin_alluvium,1,1,1,Natural_Feature
basin_beneficial_users,1,1,1,NA
basin_boundaries,1,1,1,NA
basin_boundaries_4,1,1,1,NA
basin_boundaries_various_las_posas_valleyb,1,1,1,NA
basin_boundary50,1,1,1,NA
basin_cf,1,1,1,NA
basin_characterization,1,1,1,NA
basin_characterization_model_a,1,1,1,Technical
basin_coordination_committee,1,1,1,Group
basin_evaluation_metrics,1,1,1,NA
basin_governance,1,1,1,NA
basin_groundwater,1,1,1,NA
basin_investigation,1,1,1,NA
basin_management,1,1,1,NA
basin_management_objective_workshops,1,1,1,NA
basin_management_plan,1,1,1,Technical
basin_numerical_model_active_model_domain_and_primary_watershed_features,1,1,1,Technical
basin_plan_maximum_benefit_objective,1,1,1,NA
basin_plan_objective,1,1,1,NA
basin_plan_wqo,1,1,1,NA
basin_point_of_contact,1,1,1,Legal
basin_recharge_areas,1,1,1,Geographic_Unit
basin_setting_information,1,1,1,Natural_Feature
basin_setting_of_the_plan_area,1,1,1,Geographic_Unit
basin_setting_section,1,1,1,Reference
basin_setting_section_2,1,1,1,Reference
basin_the_northern_central_delta_mendota_region,1,1,1,Geographic_Unit
basin_watershed_model,1,1,1,Technical
basis_for_determining_declining_groundwater_levels,1,1,1,NA
bay_delta_office,1,1,1,NA
baydelta,1,1,1,NA
bayside_aquifer_storage_and_recovery,1,1,1,NA
bayview,1,1,1,City
bb_limited_and,1,1,1,NA
bb_limited_recharge_and_recovery_the_bb_limited_recharge_and_recovery,1,1,1,NA
bc_laboratories,1,1,1,NA
bcgsa_bedford_coldwater_groundwater_sustainability_authority,1,1,1,Group
bdc,1,1,1,NA
beacon_creek,1,1,1,Natural_Feature
beale,1,1,1,NA
bealville_fanglomerate,1,1,1,NA
bear_creek_reservoir,1,1,1,Infrastructure
bear_creeks,1,1,1,Natural_Feature
bear_mountain_truck,1,1,1,NA
bear_river_based,1,1,1,NA
bear_river_inflow,1,1,1,NA
beast_management_practices_for_monitoring_networks,1,1,1,Technical
beaumont_subbasin,1,1,1,Basin
beaumont_underflow,1,1,1,NA
beckwourth_emigrant_trail,1,1,1,NA
beckwourth_room,1,1,1,NA
becomes,1,1,1,NA
becomes_other_obsftsw,1,1,1,NA
bedford_coldwater_groundwa_ter_sustainability_authority_to,1,1,1,NA
bedford_coldwater_groundwater_basin_agency,1,1,1,Group
bedford_coldwater_joint_powers_authority,1,1,1,Group
bellflower_aquitard,1,1,1,NA
belmont_manor,1,1,1,NA
ben_king,1,1,1,NA
ben_lyons,1,1,1,NA
beneficial,1,1,1,NA
beneficial_municipal,1,1,1,NA
beneficial_to_information,1,1,1,Natural_Feature
beneficial_user,1,1,1,NA
beneficial_user_input,1,1,1,NA
beneficial_uses,1,1,1,NA
beneficial_uses_taylor,1,1,1,NA
benefit_realization_and_evaluation_wh1_wh5,1,1,1,NA
benefit_status,1,1,1,NA
benefited_circumstances_for_implementation_schedule,1,1,1,NA
beneﬁcial_user_groups,1,1,1,Group
beneﬁcial_uses_and_users,1,1,1,NA
benicia_arsenal,1,1,1,NA
benito_county_water_district,1,1,1,District
benzene_toluene_ethylbenzene_xylenes,1,1,1,NA
bergon_senior_center,1,1,1,NA
berkeley_water_works,1,1,1,NA
bermite_corporation,1,1,1,NA
berryessa_area_name,1,1,1,NA
best_management_practices_for_monitoring_protocols,1,1,1,Technical
beta_version,1,1,1,NA
better_environment,1,1,1,NA
better_reflect_local_surface_water_operations,1,1,1,NA
between_city_and,1,1,1,NA
between_systems,1,1,1,NA
beveridge_diamond,1,1,1,NA
bi_monthly,1,1,1,NA
bi_weekly,1,1,1,NA
biannual_resource_summary_reports,1,1,1,Technical
big_valley_advisory_committee_1062021,1,1,1,NA
big_valley_basin_communication,1,1,1,NA
big_valley_water_treatment_plant,1,1,1,NA
biggs_west_gridley_water_district,1,1,1,District
biggs_west_gridley_water_district_inform,1,1,1,NA
bill_599,1,1,1,NA
bill_985,1,1,1,NA
bill_brewster,1,1,1,NA
bill_ehorn,1,1,1,NA
bill_senate,1,1,1,NA
bill_stagnaro,1,1,1,NA
bill_x7_6,1,1,1,NA
bioaccumulation_monitoring_program,1,1,1,Technical
bioassessment_program,1,1,1,NA
biological,1,1,1,NA
biosketch,1,1,1,NA
biovir_labs,1,1,1,NA
birch,1,1,1,NA
bishop_community_redevelopment_agency,1,1,1,Group
bitter_creek_national_wildlife_refuge_refuge_manager,1,1,1,NA
black_willows,1,1,1,NA
blackhawk,1,1,1,City
blair_sellers,1,1,1,NA
blake_wilbur,1,1,1,NA
blakeley,1,1,1,NA
blanca_ortiz,1,1,1,NA
blanco_drain_and_rec_ditch,1,1,1,NA
blms_sfp,1,1,1,NA
blms_st,1,1,1,NA
blrr,1,1,1,NA
blue_goose,1,1,1,NA
blue_sky_center,1,1,1,NA
bm8wr6i,1,1,1,NA
bm_e548,1,1,1,NA
bmps_groundwater,1,1,1,NA
bnsf,1,1,1,NA
bnsf_railway_company_intermodal_facility_recharge_pond,1,1,1,NA
board_25,1,1,1,NA
board_approval,1,1,1,NA
board_calendar,1,1,1,NA
board_consent,1,1,1,NA
board_engagement,1,1,1,NA
board_for,1,1,1,NA
board_meeting_information_groundwater_sustainability_agency_meeting_frequency,1,1,1,NA
board_of_commissioners,1,1,1,NA
board_of_director,1,1,1,Group
board_of_directors_3,1,1,1,NA
board_of_directors_board_of_supervisors,1,1,1,Group
board_of_directors_briefings_representatives_of_the_big_valley_groundwater_sustainability_agency,1,1,1,Other_GSA
board_of_directors_responsible,1,1,1,NA
board_of_directors_technical_advisory_committee_and_advisory_committee,1,1,1,Group
board_of_supervisors5,1,1,1,NA
board_of_supervisors_humboldt_county_board_of,1,1,1,NA
board_of_supervisors_meeting,1,1,1,NA
board_of_supervisors_of_the_county,1,1,1,County
board_of_supervisors_of_the_county_of_inyo,1,1,1,NA
board_of_supervisors_resolution_91,1,1,1,NA
board_of_the,1,1,1,NA
board_of_the_colusa_county_water_district,1,1,1,District
board_of_the_east_kaweahgsa,1,1,1,Other_GSA
board_of_the_glenn_colusa_irrigation_district,1,1,1,District
board_of_the_in_home_support_services_public_authority_of_napa_county,1,1,1,County
board_of_the_lake_berryessa_resort_improvement,1,1,1,NA
board_of_the_maxwell_irrigation_district,1,1,1,District
board_of_the_napa_berryessa_resort_improvement_district,1,1,1,District
board_of_the_santa_rosa_plain_groundwater_sustainability_agency,1,1,1,Other_GSA
board_of_the_sonoma_valley_groundwater_sustainability_agency,1,1,1,Other_GSA
board_of_the_ukiah_valley_basingsa,1,1,1,Other_GSA
board_often,1,1,1,NA
board_on_groundwater_management_strategy_concept,1,1,1,NA
boards_of_directors_and,1,1,1,NA
boards_of_directors_and_appendix_b,1,1,1,Reference
bob_griffith,1,1,1,NA
bod,1,1,1,NA
bof_water_study_group,1,1,1,Group
bogan,1,1,1,NA
bogetti_family_trust,1,1,1,NA
bolsa_management_areas_east,1,1,1,NA
bondy_groundwater_sustainability_plan_development_and_preparation,1,1,1,NA
bonnie,1,1,1,NA
bonny_doon,1,1,1,City
bonsall,1,1,1,City
bookkeeping_party_of_the_agency,1,1,1,Group
bookman_edmonston_engineering,1,1,1,NA
borings,1,1,1,NA
boron_total_maximum_daily_load,1,1,1,NA
bos_resolution_no,1,1,1,NA
boundary,1,1,1,NA
bouquet_canyon_creek_restoration,1,1,1,NA
bouquet_reservoir_table,1,1,1,Reference
box_b_climate_change,1,1,1,NA
boyce_et_al,1,1,1,NA
bp_amoco_et_al,1,1,1,NA
bptc,1,1,1,NA
bracken_brae,1,1,1,NA
brackish_groundwater_project,1,1,1,Water_Project
braitman_associates,1,1,1,NA
branch_of_technical_development_and_quality_systems,1,1,1,Technical
brandy_swisher,1,1,1,NA
branstetter_mill,1,1,1,NA
breanne_ramos,1,1,1,NA
brecken_cuyama_pleito,1,1,1,NA
brenda_wey,1,1,1,NA
breported_reference_point,1,1,1,Technical
brian_cypher,1,1,1,NA
brian_ehlers,1,1,1,NA
brian_grant,1,1,1,NA
brian_shaw,1,1,1,NA
brian_teuber,1,1,1,NA
brigadoon,1,1,1,NA
bromochloromethane,1,1,1,NA
bromodichloromethane,1,1,1,NA
bromodichloromethane_dichlorobromomethane,1,1,1,NA
brookside_recharge_facility,1,1,1,NA
broom_sedge,1,1,1,NA
brown_act20_members_of,1,1,1,NA
brown_caldwell_report,1,1,1,Technical
browns_valley,1,1,1,Geographic_Unit
brownstein,1,1,1,NA
browse_team,1,1,1,NA
bruce_blayney,1,1,1,NA
bruce_howarth,1,1,1,NA
bruce_spencer,1,1,1,NA
brushy_creek,1,1,1,Natural_Feature
bryan_info,1,1,1,NA
bryan_kelly,1,1,1,NA
bs3_phase,1,1,1,NA
bssc,1,1,1,NA
bt,1,1,1,NA
buckeye_zamora,1,1,1,NA
budget_adjustment,1,1,1,NA
budget_and_funding_strategy,1,1,1,NA
budget_for_subbasin_soil_zonea,1,1,1,NA
budget_transfer_nos,1,1,1,NA
bueau,1,1,1,NA
buena,1,1,1,NA
buena_vista_groundwater_sustainability_agency_governance_committee,1,1,1,Group
buena_vista_rancheria_of_me_wuk,1,1,1,NA
buena_vista_road,1,1,1,NA
buenaventura,1,1,1,NA
building_and_environmental_services,1,1,1,NA
building_department,1,1,1,Group
bulk_fuel_terminals,1,1,1,NA
bull_creek,1,1,1,Natural_Feature
bulletin_1181,1,1,1,NA
bulrush_sequoia,1,1,1,NA
bureau_board,1,1,1,Group
bureau_of_land_management_bakersfield_field_office,1,1,1,NA
bureau_of_reclamation_carmel,1,1,1,NA
bureau_of_reclamation_fish_and_wildlife_service,1,1,1,NA
bureau_of_reclamation_for_class,1,1,1,NA
bureau_of_reclamation_surface_water_supplies_surface_water_supplies_national_resources_conservation_service,1,1,1,NA
bureau_of_sanitary_engineering,1,1,1,NA
burton_mesa_subarea,1,1,1,Geographic_Unit
business_groups_associations,1,1,1,Group
business_interests,1,1,1,NA
butano_formation,1,1,1,Natural_Feature
butano_formations,1,1,1,Natural_Feature
butte_basin,1,1,1,Basin
butte_creek_channel_restoration,1,1,1,NA
butte_lake,1,1,1,Natural_Feature
butte_slough_irrigation_board_meeting,1,1,1,NA
butte_subbasin_advisory_board,1,1,1,Group
butte_tulelake,1,1,1,Natural_Feature
buttonwillow,1,1,1,City
bvgsp,1,1,1,NA
bvid_bvid,1,1,1,NA
bvihm_calibration_figure,1,1,1,Reference
bvpp,1,1,1,NA
by_acid_mine_drainage,1,1,1,NA
by_others,1,1,1,NA
by_private,1,1,1,NA
by_priviate_landowners,1,1,1,NA
by_source,1,1,1,NA
bylaws_development_review_draft,1,1,1,NA
bylaws_of_the_agency,1,1,1,Group
bypass_project,1,1,1,Water_Project
byron_bethany_irrigation_district_groundwater_sustainability_agency,1,1,1,Other_GSA
byron_kathleen_mitchell,1,1,1,NA
c2vsimfg_kern_historical_simulation_table_12_sustainable,1,1,1,Reference
c_0_9_9_1,1,1,1,NA
c_16000,1,1,1,NA
c_cooperative,1,1,1,NA
c_dg,1,1,1,NA
c_ed,1,1,1,NA
c_ge,1,1,1,NA
c_jachens,1,1,1,NA
c_pope_valley,1,1,1,Geographic_Unit
c_rc_11,1,1,1,NA
c_rc_7_countywide,1,1,1,NA
c_san_joaquin_river_groundwater_information,1,1,1,Natural_Feature
c_stillwater_sciences,1,1,1,NA
c_sustainable_groundwater_management_act_compliance_monitoring_network,1,1,1,Technical
c_total,1,1,1,NA
ca,1,1,1,NA
ca_central_valley_groundwater_surface_water_simulation_model,1,1,1,Technical
ca_state_mandate,1,1,1,NA
cabazon_storage_unit7,1,1,1,NA
cable_channel_15,1,1,1,NA
cache_central_valleyp,1,1,1,NA
cache_creek_area,1,1,1,Geographic_Unit
cache_creek_casino,1,1,1,NA
cache_creek_p_61,1,1,1,NA
cache_formation_soil_mechanics_and,1,1,1,NA
cacheville_community_services_district,1,1,1,District
cacheville_csd_cacheville,1,1,1,NA
cachuma_water_conservation_district,1,1,1,District
cadastral,1,1,1,NA
cadiz,1,1,1,NA
cal,1,1,1,NA
cal_fire,1,1,1,State_Gov
cal_neva,1,1,1,NA
cal_poly_crop,1,1,1,NA
cal_poly_itrc,1,1,1,NA
cal_poly_san_luis_obispo,1,1,1,NA
cal_trans_shandon_rest,1,1,1,NA
cal_trout,1,1,1,NA
cal_utilities,1,1,1,NA
calaveras_county_general_plan_conservation_element,1,1,1,NA
calaveras_county_rcd,1,1,1,NA
calaveras_county_resource,1,1,1,NA
calculate,1,1,1,NA
calculated_horizontal,1,1,1,NA
calenviroscreen,1,1,1,NA
calfed,1,1,1,NA
calfed_bay_delta_erp,1,1,1,NA
calflora,1,1,1,NA
calibrated_streambed_conductance,1,1,1,NA
califomia_govemment_code_sections_6506,1,1,1,NA
califor_nia_soil_resource_lab,1,1,1,NA
californ_ia,1,1,1,NA
california_american_water_in,1,1,1,State_Gov
california_aqueduct_san_luis_canal,1,1,1,State_Gov
california_aquifer_susceptibility,1,1,1,State_Gov
california_arroyo,1,1,1,State_Gov
california_assembly,1,1,1,State_Gov
california_black_rail_conservation,1,1,1,State_Gov
california_budget_act,1,1,1,State_Gov
california_bulletin,1,1,1,State_Gov
california_business_and_professions,1,1,1,State_Gov
california_central_valley_dairies,1,1,1,State_Gov
california_citrus_state_historical_park,1,1,1,State_Gov
california_climate_action_registry,1,1,1,State_Gov
california_coastal_national_monument,1,1,1,State_Gov
california_coastal_zone,1,1,1,State_Gov
california_code_of_regulations_groundwater_sustainability_plans,1,1,1,State_Gov
california_code_of_regulations_title_22,1,1,1,State_Gov
california_constitution_article,1,1,1,State_Gov
california_constitution_article_x_2,1,1,1,State_Gov
california_county,1,1,1,County
california_dairies_inc_pixley_agricultural,1,1,1,State_Gov
california_department_of_fish_and_game,1,1,1,State_Gov
california_department_of_health_services_division,1,1,1,State_Gov
california_department_of_justice_related,1,1,1,State_Gov
california_department_of_resources,1,1,1,State_Gov
california_department_of_toxic_substances,1,1,1,State_Gov
california_department_of_transportation_office_of_geotechnical_design_north,1,1,1,State_Gov
california_department_of_x_finance,1,1,1,State_Gov
california_division_of_mines_and_geology,1,1,1,State_Gov
california_division_of_oil_and_gas,1,1,1,State_Gov
california_drinking_water_source_assessment_program,1,1,1,State_Gov
california_elevation_monitoring_statewide_groundwater_elevation_monitoring_program,1,1,1,State_Gov
california_endangered_species,1,1,1,State_Gov
california_executive_order_d5_99,1,1,1,State_Gov
california_geological_society,1,1,1,State_Gov
california_government_code_section,1,1,1,State_Gov
california_government_code_section_6066,1,1,1,State_Gov
california_government_code_section_8952,1,1,1,State_Gov
california_government_code_sections_6506,1,1,1,State_Gov
california_groundwate_bulletin,1,1,1,State_Gov
california_groundwater_conditions_update,1,1,1,State_Gov
california_health_and_safety_code_and_titles,1,1,1,State_Gov
california_homemade_food_act,1,1,1,State_Gov
california_independent_community_services_district,1,1,1,State_Gov
california_islands,1,1,1,State_Gov
california_native_american_tribes_united_auburn_indian_community,1,1,1,State_Gov
california_natural_diversity_database_59,1,1,1,State_Gov
california_north_coast_regional_water_quality_control_board_national_pollutant_discharge_elimination_system_permits,1,1,1,State_Gov
california_professional,1,1,1,State_Gov
california_protected_areas_and_wildlife_areas,1,1,1,State_Gov
california_public_utility_commission,1,1,1,State_Gov
california_real_time_network,1,1,1,State_Gov
california_reclamation_district,1,1,1,State_Gov
california_resources_corporation,1,1,1,State_Gov
california_resources_corporation_pipeline,1,1,1,State_Gov
california_rice_commission_irrigated_lands_regulatory_program,1,1,1,State_Gov
california_safe_drinking_water_information_system,1,1,1,State_Gov
california_sawgrass_cladium,1,1,1,State_Gov
california_seven_party_agreement_of,1,1,1,State_Gov
california_state_agency,1,1,1,State_Gov
california_state_board_of_health,1,1,1,State_Gov
california_state_department_of_toxic_substances_control,1,1,1,State_Gov
california_state_legislation,1,1,1,State_Gov
california_statewide,1,1,1,State_Gov
california_statewide_entities,1,1,1,State_Gov
california_statewide_groundwater_elevation,1,1,1,State_Gov
california_sustainable_winegrowing_alliance_et_al,1,1,1,State_Gov
california_upper_lower_aquifer,1,1,1,State_Gov
california_urban_water_management_plan_act,1,1,1,State_Gov
california_urban_water_management_planning_act,1,1,1,State_Gov
california_watch,1,1,1,State_Gov
california_water,1,1,1,State_Gov
california_water_board,1,1,1,State_Gov
california_water_boards_drinking_water_public_water_system_information,1,1,1,State_Gov
california_water_code_13801,1,1,1,State_Gov
california_water_code_regulations_section,1,1,1,State_Gov
california_water_code_section_1063,1,1,1,State_Gov
california_water_code_section_107210,1,1,1,State_Gov
california_water_code_section_107232,1,1,1,State_Gov
california_water_code_section_107238a,1,1,1,State_Gov
california_water_code_section_107278,1,1,1,State_Gov
california_water_code_section_10730,1,1,1,State_Gov
california_water_code_section_10750,1,1,1,State_Gov
california_water_code_section_75570,1,1,1,State_Gov
california_water_service_co,1,1,1,State_Gov
california_water_service_urban_water_management_plan,1,1,1,State_Gov
california_water_services_company,1,1,1,State_Gov
california_yosemite,1,1,1,State_Gov
california_yountville,1,1,1,State_Gov
california_youth_authority,1,1,1,State_Gov
califrwnia,1,1,1,NA
calistoga_and_st_helena,1,1,1,NA
calistoga_planning_area,1,1,1,Geographic_Unit
callitriche_heterophylla_bolanderi,1,1,1,NA
calmat_co,1,1,1,NA
calpella_census_desig_nated_place,1,1,1,NA
calpine_corporation,1,1,1,NA
camanche_dam_reservoir_camanche_reservoir,1,1,1,Infrastructure
camarillo_fault,1,1,1,NA
camarillo_heights,1,1,1,NA
camarillo_utility_enterprise,1,1,1,NA
camino_tassajara,1,1,1,City
camren_d_whitledge,1,1,1,NA
camrosa_opv_management_area_gsa,1,1,1,Other_GSA
can_1062021,1,1,1,NA
canada_verde,1,1,1,NA
canal,1,1,1,NA
canal_operational_recharge,1,1,1,NA
canal_ranch,1,1,1,NA
canal_reservoir_recharge,1,1,1,NA
canal_system_water_budget,1,1,1,NA
canonie_environmental,1,1,1,NA
canyon_storage,1,1,1,NA
capacity,1,1,1,NA
capacity_study_board_of_supervisors,1,1,1,Group
capay_formation,1,1,1,Natural_Feature
capay_valley_non,1,1,1,NA
capelli,1,1,1,NA
capital_improvement_funds,1,1,1,NA
capital_improvements_division,1,1,1,NA
capital_studies,1,1,1,NA
capjac,1,1,1,NA
capra_road_railroad_crossing,1,1,1,NA
cardno,1,1,1,NA
careaga_canyon,1,1,1,NA
cargill_salt,1,1,1,NA
carla_gonzalez,1,1,1,NA
carmel,1,1,1,NA
carmel_a_rodriguez,1,1,1,NA
carmel_avenues,1,1,1,NA
carmel_j_angelo,1,1,1,NA
carpinteria_montecito_groundwater_sustainability_agency,1,1,1,Other_GSA
carpinteria_valley,1,1,1,Geographic_Unit
carrick_gazelle,1,1,1,NA
carroll,1,1,1,NA
carson_creek,1,1,1,Natural_Feature
carter,1,1,1,NA
casa,1,1,1,NA
casitas_dam_and_reservoir,1,1,1,Infrastructure
casitas_mutual_water_district,1,1,1,District
casitas_springs_hydrogeologic_areas_coast_live_oak,1,1,1,NA
casitas_system,1,1,1,NA
castac_management_areas,1,1,1,Geographic_Unit
castac_numerical_model,1,1,1,Technical
castaic_reservoir,1,1,1,Infrastructure
castle_hill,1,1,1,City
castle_oaks,1,1,1,NA
categories_of,1,1,1,NA
cathedral_city,1,1,1,City
causes_significant_and_unreasonable_results_to_beneficial_uses_of_surface_water_groundwater,1,1,1,NA
cawelo_wd,1,1,1,NA
cayan_et_al,1,1,1,NA
cbaf,1,1,1,NA
ccc,1,1,1,NA
ccid,1,1,1,NA
ccr_time,1,1,1,NA
cdm,1,1,1,NA
ce_the_management_committees,1,1,1,Group
cedar_grove_area,1,1,1,Geographic_Unit
cehrs,1,1,1,NA
census,1,1,1,NA
census_block_groups,1,1,1,Group
census_bureau_data_portal_disadvantaged_community_communications_best_practices,1,1,1,Technical
census_places,1,1,1,NA
center_for_irrigation_technology,1,1,1,NA
centerville_clay,1,1,1,Natural_Feature
centerville_fremont_and_deep_aquifers,1,1,1,Natural_Feature
centerville_fremont_aquifers,1,1,1,Natural_Feature
central_basin_management_area,1,1,1,Geographic_Unit
central_california_irrigation,1,1,1,State_Gov
central_calistoga_subareas_cross_sections,1,1,1,NA
central_coast_ambient_monitoring_program,1,1,1,Technical
central_coast_regional_extensive,1,1,1,NA
central_coast_regional_water_quality_control_board_basin_plan_surface,1,1,1,NA
central_collection,1,1,1,NA
central_interior_limited,1,1,1,NA
central_management_area_groundwater_sustainability_plan_the_committee,1,1,1,Group
central_regional_water_quality_control_board,1,1,1,Group
central_san_joaquin,1,1,1,NA
central_santa_cruz_county_water_district,1,1,1,District
central_tendency_climate_change_scenario,1,1,1,NA
central_valley_office,1,1,1,NA
central_valley_project_allocation,1,1,1,NA
central_valley_project_central_valley_project,1,1,1,Water_Project
central_valley_project_contract_supplies,1,1,1,NA
central_valley_project_cross_valley_canal_unit,1,1,1,NA
central_valley_project_facilities_delta_cross_channel_the_delta_cross_channel,1,1,1,NA
central_valley_project_friant_kern_canal_unit_class_1,1,1,1,NA
central_valley_project_improvement_act_central_valley_project_improvement_act,1,1,1,Legal
central_valley_project_operations_5,1,1,1,NA
central_valley_project_supplies,1,1,1,NA
central_valley_project_supplies_madera_irrigation_district_groundwater_sustainability_agency,1,1,1,Other_GSA
central_valley_project_supplies_mc_groundwater_sustainability_agency,1,1,1,Other_GSA
central_valley_salinity_coalition,1,1,1,NA
central_valley_snmp,1,1,1,NA
central_valley_water_board_cwd_county_water_district_disadvantaged_community,1,1,1,NA
central_valley_water_board_waste_discharge_requirements_general,1,1,1,NA
central_valley_wildlife,1,1,1,NA
central_washington_university_analysis_center,1,1,1,NA
centralized_ebp_subbasin_website,1,1,1,NA
centralized_non_potable_reuse,1,1,1,NA
centre_national_de_892,1,1,1,NA
cerritos_creek,1,1,1,Natural_Feature
cerro_coso_community_college,1,1,1,NA
certified_unified_program_agencies,1,1,1,Group
cga_board_of_directors,1,1,1,Group
cgps_stations,1,1,1,NA
ch2,1,1,1,NA
chabotlos_positas_cc,1,1,1,NA
chad,1,1,1,NA
chad_blais,1,1,1,NA
chainnan,1,1,1,NA
chair_of_the_board_of_supervisors,1,1,1,Group
chair_of_the_native_advisory_council,1,1,1,Group
chairpersons,1,1,1,NA
chamber,1,1,1,NA
chamber_of_commerce_and_rotary_club,1,1,1,NA
chamber_of_commerce_association_of_realtors,1,1,1,NA
chambers_of_commerce,1,1,1,NA
changes_line,1,1,1,NA
chapter_4,1,1,1,NA
charadrius,1,1,1,NA
charbeneau,1,1,1,NA
charlene_reece_family_trust,1,1,1,NA
charles_fryer,1,1,1,NA
charles_jennings,1,1,1,NA
charnock,1,1,1,NA
charnock_olympic,1,1,1,NA
charnock_technical_advisory_group,1,1,1,Group
chd,1,1,1,NA
checkerbloom,1,1,1,NA
chemical_agent_identification_sets,1,1,1,NA
chemical_company,1,1,1,NA
chemist,1,1,1,NA
cherokee,1,1,1,City
chg_project_manager,1,1,1,NA
chiang,1,1,1,NA
china_lake_naval_air_weapons_station,1,1,1,NA
chino_watermaster,1,1,1,NA
chloride_tce,1,1,1,NA
chloroform,1,1,1,NA
cholame_creek,1,1,1,Natural_Feature
chow,1,1,1,NA
chowchilla_district_chamber_of_inform,1,1,1,NA
chowchilla_river,1,1,1,Natural_Feature
chowchilla_river_system,1,1,1,NA
chowchilla_rivers,1,1,1,Natural_Feature
chowchilla_subbasin_advisory_committee,1,1,1,Group
chowchilla_subbasin_domestic,1,1,1,NA
chowchilla_subbasin_domestic_well_mitigation_program,1,1,1,NA
chowchilla_subbasin_groundwater_sustainability_agencies,1,1,1,Group
chowchilla_subbasin_projects,1,1,1,Water_Project
chowchilla_water_district_board_of_directors,1,1,1,Group
chowchilla_water_district_capacity_increase,1,1,1,NA
chowchilla_water_district_groundwater_sustainability_agency_board_of_directors,1,1,1,Group
chowchilla_water_district_interested_management_criteria,1,1,1,NA
chris_lopez,1,1,1,NA
christina,1,1,1,NA
christine_cromenes,1,1,1,NA
christine_thompson,1,1,1,NA
christopher_neely,1,1,1,NA
chrome_crankshaft,1,1,1,NA
chromite,1,1,1,NA
chronic_lowering_of_groundwater_levels_sustainable_management_criteria,1,1,1,NA
chumash_indians,1,1,1,NA
chumash_indians_wastewater_treatment_facility,1,1,1,NA
chumash_mission_indians_tribal_reservation,1,1,1,NA
cities_of_beaumont_calimesa,1,1,1,NA
cities_of_capitola,1,1,1,NA
cities_of_davis,1,1,1,NA
cities_of_davis_dixon,1,1,1,NA
cities_of_huron,1,1,1,NA
cities_of_mendota,1,1,1,NA
cities_of_oakley,1,1,1,NA
cities_of_rio_vista,1,1,1,NA
cities_of_turlock,1,1,1,NA
cities_of_ventura,1,1,1,NA
cities_of_yountville,1,1,1,NA
citizens,1,1,1,NA
citizens_advisory_council,1,1,1,Group
citizens_groups,1,1,1,Group
citrus,1,1,1,City
city_4,1,1,1,NA
city_and,1,1,1,NA
city_attorneys_offices,1,1,1,NA
city_calimesa,1,1,1,NA
city_council_and_board_of_supervisors,1,1,1,Group
city_council_meetings,1,1,1,NA
city_council_of_the_city_of,1,1,1,City
city_council_of_the_city_of_lathrop,1,1,1,City
city_council_of_the_city_of_tracy,1,1,1,City
city_council_of_the_city_of_yucaipa,1,1,1,City
city_data,1,1,1,Technical
city_engineer_to_open_escrow_services,1,1,1,NA
city_limit,1,1,1,NA
city_municipal_domestic,1,1,1,NA
city_of_alhambra,1,1,1,City
city_of_atwater,1,1,1,City
city_of_atwater_general_plan,1,1,1,City
city_of_biggs,1,1,1,City
city_of_buellton_1995,1,1,1,City
city_of_calistoga_sewer_system_management_plan,1,1,1,City
city_of_chowchilla_sphere_of_influence_expansion_municipal_service_review,1,1,1,City
city_of_emeryville,1,1,1,City
city_of_greenfietd,1,1,1,City
city_of_gustine_on_projects_and_management,1,1,1,City
city_of_king,1,1,1,City
city_of_la_verne,1,1,1,City
city_of_marysville_groundwater_sustainability_agency,1,1,1,Other_GSA
city_of_merced_general_plan,1,1,1,City
city_of_napa_napa_sanitation_district,1,1,1,City
city_of_redding_federal_water_management_plan,1,1,1,City
city_of_ridgecrest_sanitation_district,1,1,1,City
city_of_san_bernardino,1,1,1,City
city_of_san_diego_public,1,1,1,City
city_of_san_luis_obispo_city_council,1,1,1,City
city_of_san_mateo,1,1,1,City
city_of_santa_clara,1,1,1,City
city_of_solvang_municipal_code_4,1,1,1,City
city_of_st_helena_municipal_code,1,1,1,City
city_of_tehama,1,1,1,City
city_of_ukiah_water_treatment_department,1,1,1,City
city_of_woodlake,1,1,1,City
city_san_luis_obispo,1,1,1,NA
city_state,1,1,1,NA
city_to,1,1,1,NA
city_urban_development_boundary,1,1,1,NA
city_urban_water_management_plan,1,1,1,Technical
city_water_commission,1,1,1,Group
city_water_division,1,1,1,NA
city_water_resources_manager,1,1,1,NA
civic_clubs,1,1,1,NA
civiltec_engineering,1,1,1,NA
clair_a_hill_whiskeytown_dams,1,1,1,Infrastructure
clara_valley,1,1,1,Geographic_Unit
claremont,1,1,1,City
claremont_fault,1,1,1,NA
clark,1,1,1,NA
clarksburg_management_area,1,1,1,Geographic_Unit
class_v_injection_well,1,1,1,NA
classification,1,1,1,NA
classification_and_assessment_with,1,1,1,NA
classification_wizard,1,1,1,NA
clay_plug,1,1,1,NA
clay_station_conditions_summary,1,1,1,NA
clay_water_district_board_of_directors,1,1,1,Group
clayton_coordination,1,1,1,NA
clayton_engstrom,1,1,1,NA
clayton_water_district,1,1,1,District
clean_beneficial,1,1,1,NA
clean_water_letter,1,1,1,NA
clean_water_state_revolving_fund_medium,1,1,1,NA
cleath_and_associates,1,1,1,NA
climate,1,1,1,NA
climate_change_data,1,1,1,Technical
climate_change_surface_system_major_components,1,1,1,NA
climate_daily,1,1,1,NA
climate_registry,1,1,1,NA
climate_station,1,1,1,NA
climate_station_sonoma_county_airport,1,1,1,NA
clock_pumping_flow_rate_cumulative_temp,1,1,1,NA
clopyralid,1,1,1,NA
cm,1,1,1,NA
cma137,1,1,1,NA
cma_committee,1,1,1,Group
cma_groundwater_sustainability_agency_board,1,1,1,Group
cmp,1,1,1,NA
cnddb_calochortus,1,1,1,NA
cnddb_direct,1,1,1,NA
cnddb_montia,1,1,1,NA
coachella_valley,1,1,1,Geographic_Unit
coalinga_feed_yard_phone,1,1,1,NA
coalinga_groundwater_sustainability_agency_city,1,1,1,NA
coalinga_groundwater_sustainability_agency_email,1,1,1,NA
coalinga_huron_recreation,1,1,1,NA
coarsegold_regional_conservation_district,1,1,1,District
coast_live_oak_natural_communities,1,1,1,NA
coastal_berry_farms,1,1,1,NA
coastal_commission_commission,1,1,1,Group
coastal_salmonid_population_monitoring_strategy_design_and_methods,1,1,1,Technical
coastal_watersheds_of,1,1,1,NA
cob_2800_recharge,1,1,1,NA
cohasset,1,1,1,City
cohen,1,1,1,NA
colby_pereira,1,1,1,NA
collaborative_opportunities,1,1,1,NA
collect,1,1,1,NA
collected_schedule,1,1,1,NA
collection,1,1,1,NA
college_of_continuing_education,1,1,1,NA
colonial_heights,1,1,1,NA
colorado_river,1,1,1,Natural_Feature
colorado_school_of_mines,1,1,1,NA
columbia_casualty_company,1,1,1,NA
colusa_basin_watershed_management_plan,1,1,1,Technical
colusa_canal,1,1,1,NA
colusa_county_36,1,1,1,NA
colusa_county_sustainable_groundwater_managementa_meetings,1,1,1,NA
colusa_drain_mutual_water_company,1,1,1,NA
colusa_drain_overall,1,1,1,NA
colusa_drain_simulated_average,1,1,1,NA
colusa_glenn,1,1,1,NA
colusa_grass,1,1,1,NA
colusa_groundwater_authority_background,1,1,1,NA
colusa_groundwater_authority_glenn_groundwater_authority,1,1,1,Group
colusa_industrial_properties_conference_room,1,1,1,NA
colusa_local_agency_formation,1,1,1,Natural_Feature
colusa_subbasin_demand_management,1,1,1,NA
colusa_subbasin_logo,1,1,1,NA
com,1,1,1,NA
comes_online,1,1,1,NA
comment,1,1,1,NA
comments_2,1,1,1,NA
commercial,1,1,1,NA
committee_executive_committee,1,1,1,Group
committee_meeting,1,1,1,NA
committee_meetings,1,1,1,NA
committees_groundwater_sustainability_agency,1,1,1,Other_GSA
committees_working_groups_advisory_groups_cga_committees_and_advisory_committees,1,1,1,Group
commonly,1,1,1,NA
commonly_associated,1,1,1,NA
commonly_associated_court_tribal_outreach_and_engagement_strategies,1,1,1,NA
commonly_associated_with_groundwater_national_conservation_easement_database_national_conservation_easement_database,1,1,1,Technical
commonly_associated_with_groundwater_vegetation,1,1,1,NA
communication_a_communications_engagement_plan,1,1,1,Technical
communication_a_public_outreach_and_engagement_plan,1,1,1,Technical
communication_and_public_outreach_plan,1,1,1,Technical
communication_committee,1,1,1,Group
communication_department_of_water_resources,1,1,1,NA
communication_engagement_forums_member_agencies_governance_briefings,1,1,1,NA
communication_forums_tools_governance_agencies_briefings,1,1,1,NA
communication_plan,1,1,1,Technical
communications_engagement,1,1,1,NA
communications_plan,1,1,1,Technical
community_climate_action_plan,1,1,1,Technical
community_development_element,1,1,1,NA
community_engagement_forums,1,1,1,NA
community_engagement_plan_for_development_and_adoption_of_a_groundwater_sustainability_plan,1,1,1,Technical
community_facilities_district_no,1,1,1,NA
community_government_affairs_manager,1,1,1,NA
community_involvement_workshops,1,1,1,NA
community_of_alpaugh,1,1,1,NA
community_of_arbuckle,1,1,1,NA
community_of_broad_creek,1,1,1,Natural_Feature
community_of_pixley,1,1,1,NA
community_organizations_others_community,1,1,1,NA
community_planning_group,1,1,1,Group
community_services_and_facilities,1,1,1,NA
community_services_district_solano,1,1,1,NA
community_water_education_initiative_fuels_management_for_watershed_health_potential,1,1,1,NA
como_los,1,1,1,NA
como_los_requisitos_de_presentación_de,1,1,1,NA
como_un,1,1,1,NA
compilation_of_technical_information_records_for,1,1,1,Technical
complainr,1,1,1,NA
complaint_and_petition,1,1,1,NA
completed,1,1,1,NA
completed_engagement,1,1,1,NA
completion_report_map_application,1,1,1,Reference
compliance_with_objectives,1,1,1,NA
composition_patsy_tennyson,1,1,1,NA
comyn,1,1,1,NA
conceptual_aquifer_systems,1,1,1,Natural_Feature
conceptual_model_development,1,1,1,Technical
conceptual_water_budget_components_and_linkages,1,1,1,NA
concerned_scientists,1,1,1,NA
concerning_annexation_of_the_fort_ord_into_zones_2,1,1,1,NA
condi_tions,1,1,1,NA
condition_for_implementation_recycled_water_project,1,1,1,Water_Project
condition_for_implementation_the_gsa,1,1,1,Other_GSA
conditionally_approved_groundwater_assessment_report,1,1,1,Technical
conditions_or_constraints_on_implementation_the_hayward,1,1,1,NA
conductance_and_total_dissolved_solids,1,1,1,NA
conductivity_kh,1,1,1,NA
conduit,1,1,1,NA
confluence_flume,1,1,1,NA
conformably,1,1,1,NA
conjunctive_use,1,1,1,NA
conjunctive_use_managed_recharge_in_lieu,1,1,1,NA
conjunctive_use_ponds,1,1,1,NA
conjunctive_use_programs,1,1,1,NA
conjunctive_use_programs_conjunctive,1,1,1,NA
conjunctive_use_tier_2,1,1,1,NA
connect_to_public_water_system,1,1,1,Natural_Feature
connect_to_public_water_system_public,1,1,1,NA
connected_to_groundwater_figure,1,1,1,Reference
conner,1,1,1,NA
conrow,1,1,1,NA
consensus_building_institute_process_recommendations,1,1,1,NA
consent_calendar,1,1,1,NA
conservation_and_agricultural_best_management_practicess,1,1,1,NA
conservation_and_demand,1,1,1,NA
conservation_council,1,1,1,Group
conservation_element_of_the_wgp,1,1,1,NA
conservation_methods,1,1,1,NA
conservation_orange_county_water_district,1,1,1,District
conservation_practices_management_action,1,1,1,NA
conserve,1,1,1,NA
conserve_water_resources,1,1,1,NA
consider_adopting,1,1,1,NA
consider_approval,1,1,1,NA
considerando_el_uso_de_la_tierra,1,1,1,NA
considered_environmental_defense_fund,1,1,1,NA
consolidated_treatment_facility,1,1,1,NA
constant_head,1,1,1,NA
constructed,1,1,1,NA
construction_abandonment,1,1,1,NA
construction_activities_and_requirements,1,1,1,NA
construction_funding,1,1,1,NA
construction_of_site_c,1,1,1,NA
consulting_civil_engineers,1,1,1,NA
consumer_confidence_reports,1,1,1,Technical
consumnes_groundwater_sustainability_agency,1,1,1,Other_GSA
consumptive_use_and_agricultural_demand,1,1,1,NA
contact_information_for_plan_manger_groundwater_sustainability_agency_mailing_address,1,1,1,NA
contains,1,1,1,NA
continental_alameda_formation,1,1,1,Natural_Feature
continue_monitoring,1,1,1,Technical
continues,1,1,1,NA
continuous_gps_stations,1,1,1,NA
continuous_monitoring,1,1,1,Technical
contra_costa_county_groundwater_sustainability_agency,1,1,1,Other_GSA
contra_costa_county_health_services,1,1,1,NA
contra_costa_county_ordinance,1,1,1,Legal
contra_costa_health_services_environmental_health_division,1,1,1,NA
contra_costa_water_district_contra_costa_water_district,1,1,1,District
contract33,1,1,1,NA
contracting_entities_and_interested_parties,1,1,1,NA
contracting_entities_or_interested_parties,1,1,1,NA
contributing_parties_and_stakeholders,1,1,1,NA
control_and_water_conservation_district,1,1,1,District
control_package,1,1,1,NA
conveyance_system_and_distribution_the_district,1,1,1,District
cook_et_al,1,1,1,NA
cooperated_use_agreement,1,1,1,Group
cooperative_committee_regular_meetings_the_cooperative_committee,1,1,1,Group
cooperative_committee_special_meeting,1,1,1,NA
cooperative_monitoring_and_adaptive_groundwater_management_agreement,1,1,1,Group
coordinación_para_implementar_múltiples,1,1,1,NA
coordinate,1,1,1,NA
coordination_and,1,1,1,NA
coordination_and_information_sharing_coordination,1,1,1,NA
coordination_committee_structure_and_meetings_the_coordination_committee,1,1,1,Group
coordination_groundwater_sustainability_agency,1,1,1,Other_GSA
coordination_subbasin,1,1,1,Basin
coordination_the_vina_subbasin,1,1,1,Basin
coordination_workgroup_of_the,1,1,1,NA
copernicus,1,1,1,NA
cor_public_works_department,1,1,1,Group
cor_public_works_departments,1,1,1,Group
cordova_creek_maintenance_water_forum,1,1,1,NA
cordua_irrigation_district_cordua_irrigation_district,1,1,1,District
core_team_and,1,1,1,NA
cori_hayman,1,1,1,NA
corixidae,1,1,1,NA
corn_camp_projects,1,1,1,Water_Project
corn_camp_water_bank,1,1,1,NA
corn_springs,1,1,1,NA
corning_subbasin_agricultural_land,1,1,1,NA
corning_water_district_agricultural_water_management_plan,1,1,1,Technical
corona_disadvantaged_community,1,1,1,NA
corona_elsinore_valley_municipal_water_district_trilogy,1,1,1,NA
corona_information,1,1,1,Natural_Feature
corona_management,1,1,1,NA
corona_municipal_code,1,1,1,Legal
corona_norco,1,1,1,NA
corona_on,1,1,1,NA
corona_service_area,1,1,1,Geographic_Unit
coronita,1,1,1,City
corral_de_piedras,1,1,1,NA
corral_de_tierra_area_water_budget_zone,1,1,1,Geographic_Unit
corral_de_tierra_management_areas,1,1,1,Geographic_Unit
correctional_training_facility,1,1,1,NA
cory_bantilan,1,1,1,NA
coso_ranges,1,1,1,NA
costa,1,1,1,NA
costa_rica,1,1,1,NA
costs_and_funding_construction,1,1,1,NA
costs_and_funding_plan,1,1,1,Technical
costs_capital,1,1,1,NA
costs_cost_category_fiscal_year,1,1,1,NA
cosumes_basin_coordinates,1,1,1,NA
cosumnes_chinook_salmon,1,1,1,NA
cosumnes_depth,1,1,1,NA
cosumnes_groundwater_subbasin,1,1,1,Basin
cosumnes_pio,1,1,1,NA
cosumnes_river_flow_monitoring_program,1,1,1,Technical
cosumnes_subbasin_groundwater_sustainability_agency,1,1,1,Other_GSA
cosumnes_sustainable_groundwater_management_act_working_group,1,1,1,Group
cottonwood_creek_wildlife_areas,1,1,1,Geographic_Unit
council_appointed_officers,1,1,1,NA
council_chamber_and_virtual_platform,1,1,1,NA
council_meetings,1,1,1,NA
council_of_the_city_of,1,1,1,City
counties_general_plans,1,1,1,Technical
county_additional_water_use,1,1,1,NA
county_assessor,1,1,1,NA
county_basin,1,1,1,Basin
county_board_of_supervisors_or_city_council,1,1,1,Group
county_clerk,1,1,1,NA
county_code,1,1,1,Legal
county_department_of,1,1,1,NA
county_department_of_environmental_health,1,1,1,NA
county_department_of_environmental_health_and_quality,1,1,1,NA
county_department_of_environmental_health_services,1,1,1,NA
county_district_attorneys,1,1,1,NA
county_division_of_environmental_health_and_county_office_of_emergency_services,1,1,1,NA
county_environmental_health_services,1,1,1,NA
county_farm_bureau,1,1,1,NA
county_flood_control_and_water_conservation_district,1,1,1,District
county_flood_control_water_conservation_district,1,1,1,District
county_flood_maps,1,1,1,NA
county_groundwater_ordinance,1,1,1,Legal
county_indemnity,1,1,1,NA
county_monterey_county,1,1,1,County
county_mou_management_area_the_county_mou_management_area,1,1,1,Geographic_Unit
county_of_calaveras,1,1,1,County
county_of_inyo_public_geographic,1,1,1,NA
county_of_los_angeles_county,1,1,1,County
county_of_merced_chowchilla_groundwater_sustainability_agency,1,1,1,Other_GSA
county_of_riverside_wells,1,1,1,NA
county_of_sacramento_public_works,1,1,1,NA
county_of_san_bernardino_board_of_supervisors,1,1,1,Group
county_of_san_francisco_superior,1,1,1,NA
county_of_san_joaquin,1,1,1,County
county_of_san_luis_obispo_board,1,1,1,Group
county_of_san_luis_obispo_department_of_planning,1,1,1,NA
county_of_san_luis_obispo_engineer,1,1,1,NA
county_of_santa,1,1,1,NA
county_of_santa_barbara_public,1,1,1,NA
county_of_sutter_groundwater_sustainability_agency,1,1,1,Other_GSA
county_of_tulare_general_plan,1,1,1,Technical
county_of_tuolumne_resolution,1,1,1,NA
county_office_of_emergency_services,1,1,1,NA
county_operations_center,1,1,1,NA
county_ordinance,1,1,1,Legal
county_planning,1,1,1,NA
county_planning_commission,1,1,1,Group
county_public_works,1,1,1,NA
county_public_works_department,1,1,1,Group
county_resolution_no,1,1,1,NA
county_roads,1,1,1,NA
county_santa_ynez_river_water_conservation_district,1,1,1,District
county_santa_ynez_riverwcd,1,1,1,NA
county_service_area_50,1,1,1,NA
county_service_areas_10a,1,1,1,NA
county_stormwater,1,1,1,NA
county_water_authority_act,1,1,1,Legal
county_water_resources_agency,1,1,1,Group
county_water_well_ordinance_no,1,1,1,NA
county_water_works_district_42_community_advocacy_committee,1,1,1,Group
county_waterworks_district,1,1,1,District
county_well_ordinance_4468,1,1,1,NA
countywide_water_and_wastewater_municipal_supply_review,1,1,1,NA
cov,1,1,1,NA
covid19_pandemic_budget_budget_amendment_for,1,1,1,NA
cowin,1,1,1,NA
cps,1,1,1,NA
crafton_hills_reservoir,1,1,1,Infrastructure
craig_finster,1,1,1,NA
crasnean,1,1,1,NA
creamline_basin_northeast_cell,1,1,1,NA
create_a_transparent_inclusive_collaborative_process_for_groundwater_sustainability_agency_formation_stakeholders,1,1,1,NA
creation_and_implementation_of_the_freeport_freeport_regional_water_authority,1,1,1,Group
creek_subbasin,1,1,1,Basin
creely,1,1,1,NA
creely_and_force,1,1,1,NA
creston_elementary_school,1,1,1,NA
criteria_b,1,1,1,NA
criteria_survey,1,1,1,NA
criterion_1_5,1,1,1,NA
critical_species_lookbook_appendix_i_species_relevant,1,1,1,Reference
critical_water_supply_areas,1,1,1,Geographic_Unit
crockett,1,1,1,City
crop2014,1,1,1,NA
crop_estimation_techniqueaw,1,1,1,NA
crop_etaw,1,1,1,NA
crop_livestock_report,1,1,1,Technical
cropland_data_layer,1,1,1,Technical
crops_eighteen,1,1,1,NA
cross_boundary_projects,1,1,1,Water_Project
cross_ca_dept_of_water_cnl_weir_action_trigger,1,1,1,NA
cross_section_b,1,1,1,Reference
cross_section_development_cross,1,1,1,Reference
cross_section_ff_ff,1,1,1,Reference
cross_sections_cross,1,1,1,NA
cross_sections_d,1,1,1,NA
cross_valley_canal,1,1,1,NA
crwqcb,1,1,1,NA
crystalline_rock,1,1,1,NA
crónico_del_nivel_de_las_aguas_subterráneas_se,1,1,1,NA
cs,1,1,1,NA
csa,1,1,1,NA
csg_consultants,1,1,1,NA
csu_fresno_foundation,1,1,1,NA
csubject_to,1,1,1,NA
cty,1,1,1,NA
cu,1,1,1,NA
cultural_resources,1,1,1,NA
culver,1,1,1,NA
cumorah_knolls,1,1,1,NA
cumula,1,1,1,NA
current_data_sources_and_analysis,1,1,1,Technical
current_historical_water_budget,1,1,1,NA
current_monitoring_network_1_on_monitoring,1,1,1,Technical
current_monitoring_network_number_of_number_of,1,1,1,Technical
current_year_agriculture,1,1,1,NA
curt_holmes,1,1,1,NA
curtis_paxton,1,1,1,NA
cutler_orosi_surface_water_plant_authority,1,1,1,Group
cuvhm,1,1,1,NA
cuyama_basin_data_management_system,1,1,1,Technical
cuyama_basin_water_resources_model_grid_analysts,1,1,1,Technical
cvgsm,1,1,1,NA
cvhm,1,1,1,NA
cvp_contractors,1,1,1,NA
cvp_imported_water_two_management_areas,1,1,1,Geographic_Unit
cvp_supplies,1,1,1,NA
cvsalts,1,1,1,NA
cwc_section_10723b,1,1,1,Reference
cwc_sections_10780,1,1,1,NA
cwd,1,1,1,NA
cwd_2011,1,1,1,NA
d5,1,1,1,NA
d_a_ponce,1,1,1,NA
d_based,1,1,1,NA
d_city,1,1,1,NA
d_enforcement_agency,1,1,1,Group
d_liebersbach,1,1,1,NA
d_schmidt,1,1,1,NA
d_williams,1,1,1,NA
dacs_changes,1,1,1,NA
daily_root_zone_simulation,1,1,1,NA
dairy_facilities,1,1,1,NA
dairy_industry,1,1,1,NA
damon_point,1,1,1,NA
dan_bouse,1,1,1,NA
dan_howes,1,1,1,NA
dana_stuart,1,1,1,NA
daniel_b_steiner,1,1,1,NA
daniel_chavez,1,1,1,NA
daniel_j_ohanlon,1,1,1,NA
daniel_wilber,1,1,1,NA
danville,1,1,1,City
data_acquisition,1,1,1,Technical
data_aggregation_and_field_classification_field,1,1,1,Technical
data_analysis,1,1,1,Technical
data_and_assumptions,1,1,1,Technical
data_and_reporting_standards_table,1,1,1,Reference
data_center_climate_data_online,1,1,1,Technical
data_collection,1,1,1,Technical
data_collection_and_management,1,1,1,Technical
data_county_administration_management_system,1,1,1,Technical
data_data,1,1,1,Technical
data_entry_data,1,1,1,Technical
data_evaluation_methodology,1,1,1,Technical
data_exchange_center_website,1,1,1,Technical
data_export_and_interaction_data,1,1,1,Technical
data_formats_several_american_standard_code_for_information_interchange,1,1,1,Technical
data_gap_analysis,1,1,1,Technical
data_gap_filling_efforts,1,1,1,Technical
data_gap_study,1,1,1,Technical
data_gaps_and_uncertainty,1,1,1,Technical
data_gaps_estimated_costs_contour_mapping,1,1,1,Technical
data_interpretation_and_results_simulation,1,1,1,Technical
data_management_and_reporting_milestones,1,1,1,Technical
data_management_areanagement_system_management_areaintenance,1,1,1,Technical
data_management_data,1,1,1,Technical
data_management_quality_assurance,1,1,1,Technical
data_management_specialist,1,1,1,Technical
data_management_system_3562b4,1,1,1,Technical
data_management_system_a_alyson_watson,1,1,1,Technical
data_management_system_and_data_reporting_data,1,1,1,Technical
data_management_system_chromium_total,1,1,1,Technical
data_management_system_data,1,1,1,Technical
data_management_system_development_and_functionality,1,1,1,Technical
data_management_system_hosting_gei,1,1,1,Technical
data_management_system_monitoring,1,1,1,Technical
data_management_system_overview,1,1,1,Technical
data_processing_processing,1,1,1,Technical
data_quality_objectives,1,1,1,Technical
data_sources_data,1,1,1,Technical
data_structure,1,1,1,Technical
data_tracking,1,1,1,Technical
datasets_downscaling,1,1,1,Technical
dataviewer,1,1,1,Technical
date,1,1,1,NA
daulton_station,1,1,1,NA
davenport,1,1,1,City
david_bean,1,1,1,NA
david_ceppos,1,1,1,NA
david_jacks_corporation,1,1,1,NA
david_mcmichael,1,1,1,NA
david_taussig_associates,1,1,1,NA
david_vigil,1,1,1,NA
davis_fadtke_k,1,1,1,NA
davis_staff,1,1,1,NA
db,1,1,1,NA
ddt,1,1,1,NA
de_gestión_la_sección_4,1,1,1,NA
de_leon,1,1,1,NA
de_minimis,1,1,1,NA
de_más_del_10,1,1,1,NA
de_sabla_centerville,1,1,1,NA
deadman,1,1,1,NA
dear_board_of_directors,1,1,1,Group
debbie_liebersbach,1,1,1,NA
decentralized_non_potable_reuse,1,1,1,NA
decomposition_decomposition,1,1,1,NA
dedicated_outreach_to_tribal_interests_plumas_county,1,1,1,County
deep,1,1,1,NA
deep_aa,1,1,1,NA
deep_aquifer_system_primary,1,1,1,NA
deep_percolation_of_direct_precipitation,1,1,1,NA
deep_water_desal_llc,1,1,1,NA
deep_wells,1,1,1,NA
deer_creek_and_tule_river_authority_groundwater_management_plan_memorandum,1,1,1,NA
deer_creek_instream_flow_enhancements_and_conjunctive_use_management_projects_trout_unlimited,1,1,1,NA
deer_creek_stream_flow_stream,1,1,1,NA
deer_creek_streambed,1,1,1,NA
defense,1,1,1,NA
defense_base_closure_and_realignment_act,1,1,1,Legal
define_como_el,1,1,1,NA
definition_of,1,1,1,NA
degradation_of_water_quality,1,1,1,NA
degradation_of_water_quality_undesirable_results,1,1,1,NA
degraded,1,1,1,NA
deir,1,1,1,NA
del_agua,1,1,1,NA
del_agua_forman_agencias_de_ayudar_sostenibilidad_de_las_aguas_subterráneas,1,1,1,NA
del_puerto_canyon_reservoir_project,1,1,1,Water_Project
del_rey_lagoon,1,1,1,NA
delano_earlimart_irrigation_district_general_fund,1,1,1,NA
delano_earlimart_irrigation_district_groundwater_sustainability_agency_manager,1,1,1,NA
delano_earlimart_irrigation_district_pixid_ground_water,1,1,1,NA
delhi_municipal_advisory_council,1,1,1,Group
delineated,1,1,1,NA
delivered,1,1,1,NA
deliveries_flows_valley,1,1,1,Geographic_Unit
delta_area,1,1,1,Geographic_Unit
delta_mend_and_minimum_thresholds,1,1,1,NA
delta_mendota_groundwater_sustainability_plan_group,1,1,1,Group
delta_mendota_subbasin_groups,1,1,1,Group
delta_mendota_subbasin_sustainable,1,1,1,NA
delta_mendota_water_authority,1,1,1,Group
delta_newton_raphson,1,1,1,NA
delta_protection_commission_delta_stewardship_council_the_delta_protection_commission,1,1,1,Group
delta_requirement_improvement_act,1,1,1,Legal
delta_smelt,1,1,1,NA
delta_stewardship,1,1,1,NA
demand_management,1,1,1,NA
demand_management_flood_risk_reduction_enhanced_recharge_surface_water_conveyance_supply_augmentation_management_actions,1,1,1,NA
demands_grapevine_project,1,1,1,Water_Project
demarco,1,1,1,NA
denise_england,1,1,1,NA
density,1,1,1,NA
density_of_monitoring_sites_and_frequency_of_measurement,1,1,1,Technical
denver,1,1,1,NA
denver_federal_center,1,1,1,NA
department_of_commerce,1,1,1,Federal_Gov
department_of_conservation_cortez_avesgem,1,1,1,NA
department_of_defense_gc,1,1,1,NA
department_of_defense_quality_systems,1,1,1,NA
department_of_defense_quality_systems_manual_for_environmental_laboratories,1,1,1,NA
department_of_developmental_services,1,1,1,State_Gov
department_of_fish_and_wildlife_and_the_nature_conservancy,1,1,1,NA
department_of_fish_and_wildlife_california_natural_diversity_database,1,1,1,State_Gov
department_of_fish_and_wildlife_comment_6,1,1,1,NA
department_of_fish_and_wildlife_department_of_water_resources,1,1,1,NA
department_of_fish_and_wildlife_headquarters,1,1,1,NA
department_of_fish_and_wildlife_private_duck_pond_groundwater_dependent_ecosystem_evaluation_unit,1,1,1,NA
department_of_fish_and_wildlife_sensitive_natural_communities_list,1,1,1,NA
department_of_fish_and_wildlife_special_animals_list,1,1,1,NA
department_of_fish_and_wildlife_the_department_of_fish_and_wildlife,1,1,1,NA
department_of_interior,1,1,1,NA
department_of_land,1,1,1,NA
department_of_pesticide_regulation_department_of_pesticide_regulation_department_of_water_resources,1,1,1,NA
department_of_pesticide_regulation_surface_water_protection_program,1,1,1,NA
department_of_planning_development_services,1,1,1,NA
department_of_public_health_primary_station_code,1,1,1,Legal
department_of_public_works_and_planning,1,1,1,NA
department_of_regional_planning,1,1,1,NA
department_of_resources_recycling_and_recovery,1,1,1,State_Gov
department_of_resources_recycling_and_recovery_for,1,1,1,NA
department_of_resources_recycling_and_recovery_for_beverage_container_recycling_city_county_payment_programs,1,1,1,NA
department_of_the_interior,1,1,1,Federal_Gov
department_of_the_navy_1,1,1,1,NA
department_of_water_and_resource_conservation,1,1,1,NA
department_of_water_f_projected_population_growth,1,1,1,NA
department_of_water_resources_2016,1,1,1,NA
department_of_water_resources_2018,1,1,1,NA
department_of_water_resources_2070,1,1,1,NA
department_of_water_resources_76726,1,1,1,NA
department_of_water_resources_basin_4_007,1,1,1,NA
department_of_water_resources_basin_no,1,1,1,NA
department_of_water_resources_basin_number_3049,1,1,1,NA
department_of_water_resources_basins_no,1,1,1,NA
department_of_water_resources_bmp_sustainable_management_of_groundwater,1,1,1,NA
department_of_water_resources_bulletin_132,1,1,1,NA
department_of_water_resources_california_elevation_monitoring,1,1,1,State_Gov
department_of_water_resources_data_format_spatial_resolution_temporal_resolution,1,1,1,Technical
department_of_water_resources_defined_basin,1,1,1,Basin
department_of_water_resources_department_of_water_resources_ema,1,1,1,NA
department_of_water_resources_department_of_water_resources_groundwater_sustainability_agency,1,1,1,Other_GSA
department_of_water_resources_disadvantaged_community_mapping_tool,1,1,1,NA
department_of_water_resources_division_of_planning_and_local_assistance,1,1,1,NA
department_of_water_resources_division_of_safety_of_dams,1,1,1,Infrastructure
department_of_water_resources_engagement_with_tribal_governments14,1,1,1,NA
department_of_water_resources_european_space_agency,1,1,1,Group
department_of_water_resources_extensometers,1,1,1,NA
department_of_water_resources_folsom_south_canal,1,1,1,NA
department_of_water_resources_for_groundwater_sustainability_plan_implementation_of_a_metering_and_infrastructure_network,1,1,1,NA
department_of_water_resources_global_positioning_system_survey_data,1,1,1,Technical
department_of_water_resources_grants,1,1,1,NA
department_of_water_resources_groundwater_bulletin,1,1,1,NA
department_of_water_resources_groundwater_sustainability_agency,1,1,1,Other_GSA
department_of_water_resources_guidance_document_for_groundwater_sustainability_plan,1,1,1,Technical
department_of_water_resources_integrated_regional_water_management,1,1,1,NA
department_of_water_resources_interested,1,1,1,NA
department_of_water_resources_land_iq,1,1,1,NA
department_of_water_resources_land_use_surveys,1,1,1,NA
department_of_water_resources_mapping_tool,1,1,1,NA
department_of_water_resources_meeting,1,1,1,NA
department_of_water_resources_natural_communities_associated_with_groundwater,1,1,1,NA
department_of_water_resources_natural_communities_commonly_associated,1,1,1,NA
department_of_water_resources_northern_district,1,1,1,District
department_of_water_resources_po_box,1,1,1,NA
department_of_water_resources_preparation_checklist,1,1,1,NA
department_of_water_resources_reclamation_subsidence_monitoring,1,1,1,Technical
department_of_water_resources_records,1,1,1,NA
department_of_water_resources_southern_region_office_tribal_liaison,1,1,1,NA
department_of_water_resources_spring_fall,1,1,1,NA
department_of_water_resources_statewide_groundwater_elevation_monitoring_network,1,1,1,Technical
department_of_water_resources_sub_basin,1,1,1,Basin
department_of_water_resources_subbasin_boundaries,1,1,1,NA
department_of_water_resources_sustainable_groundwater_management_act_basin_prioritization_tool,1,1,1,NA
department_of_water_resources_sustainable_groundwater_management_act_data_portal,1,1,1,Technical
department_of_water_resources_sustainable_groundwater_management_act_website,1,1,1,NA
department_of_water_resources_sustainable_groundwater_management_grant,1,1,1,NA
department_of_water_resources_sustainable_groundwater_managementa,1,1,1,NA
department_of_water_resources_sustainable_groundwater_managementa_data_viewer,1,1,1,Technical
department_of_water_resources_sustainable_management_criteria_best_management_practices,1,1,1,NA
department_of_water_resources_sustainable_management_criteria_bmp,1,1,1,NA
department_of_water_resources_technical,1,1,1,Technical
department_of_water_resources_the_variable_operation_maintenance,1,1,1,NA
department_of_water_resources_tre_altamira,1,1,1,NA
department_of_water_resources_water_companyr,1,1,1,NA
department_of_water_resources_well_standards_publications,1,1,1,NA
depletion_evaluation,1,1,1,NA
depletion_of_interconnected_surface_water_current,1,1,1,NA
depletion_of_interconnected_surface_water_page,1,1,1,Reference
depletion_of_interconnected_surface_water_permanent,1,1,1,NA
depletion_of_interconnected_surface_water_sustainability_indicator_mts,1,1,1,NA
depletion_of_interconnected_sw_smc,1,1,1,NA
depletions_of_interconnected_surface_water_sustainability_indicator,1,1,1,NA
depletions_of_interconnected_surface_waters,1,1,1,NA
depositional,1,1,1,NA
dept_of_food_and,1,1,1,NA
derek,1,1,1,NA
derek_yurosek,1,1,1,NA
descenso_del_nivel_de_las_aguas_subterráneas_en,1,1,1,NA
described_in_section_54_and,1,1,1,Reference
description_clarksburg_management_area,1,1,1,Geographic_Unit
description_delano_earlimart_irrigation_district,1,1,1,District
description_intra_western_management_area,1,1,1,Geographic_Unit
description_of_beneficial_uses_and_users,1,1,1,NA
description_of_conditions_in_each_ma,1,1,1,NA
description_of_historical_cumulative_change,1,1,1,NA
description_of_management_area,1,1,1,Geographic_Unit
description_of_sustainability_goal,1,1,1,NA
description_of_water_resources_monitoring_and_management_programs,1,1,1,Technical
description_the_regional_solution,1,1,1,NA
desert_water_agency_groundwater_sustainability_agency_newspaper,1,1,1,NA
designated_uses,1,1,1,NA
destroy,1,1,1,NA
detai,1,1,1,NA
detected_above,1,1,1,NA
determines,1,1,1,NA
develop_a_potable_water_supply,1,1,1,NA
develop_an,1,1,1,NA
develop_domestic_well_management_program,1,1,1,NA
develop_implement,1,1,1,NA
develop_stakeholder_incentive_programs,1,1,1,NA
developed_dixon,1,1,1,NA
developed_for_implementation_vineyard_and,1,1,1,NA
development_and,1,1,1,NA
development_approach,1,1,1,NA
development_goals_and_policies,1,1,1,Legal
development_of_5year,1,1,1,NA
development_of_basin_management_objectives,1,1,1,NA
development_of_groundwater_allocation_per_acre,1,1,1,NA
development_of_hydrogeologic_conceptual_model_and_aquifer_parameters_8,1,1,1,Technical
development_of_projected_water_budget_scenarios,1,1,1,NA
development_of_public_data_coordination,1,1,1,Technical
development_of_uniform_criteria_for,1,1,1,NA
development_of_united_states_geological_survey_integrated_hydrologic_model,1,1,1,Technical
development_review_services,1,1,1,NA
development_services_department,1,1,1,Group
development_support,1,1,1,NA
dfg,1,1,1,NA
diablo_hills,1,1,1,NA
diagram_of_levels,1,1,1,NA
diamond_joy,1,1,1,NA
diane_cardwell,1,1,1,NA
diane_kennedy,1,1,1,NA
dibblee_et_al,1,1,1,NA
dibromochloropropane,1,1,1,NA
dichlorobromomethane_bdcme,1,1,1,NA
diego,1,1,1,NA
digital_e_blast,1,1,1,NA
digital_elevation_nwt,1,1,1,NA
digital_general_soil_map,1,1,1,Reference
digital_interested_parties_list,1,1,1,NA
digital_national_spatial_reference_system,1,1,1,NA
digitalglobe,1,1,1,NA
dinoseb,1,1,1,NA
direct_delivery_for_municipal_use,1,1,1,NA
direct_delivery_for_municipal_use_permits,1,1,1,NA
direct_installation_programs,1,1,1,NA
direct_loan_grant,1,1,1,NA
direct_precipitation,1,1,1,NA
direct_public_works_to_video,1,1,1,NA
direct_read_manual_turbine,1,1,1,NA
direct_recharge_direct,1,1,1,NA
directors,1,1,1,NA
disadvantaged_communities_blocks,1,1,1,NA
disadvantaged_communities_data,1,1,1,Technical
disadvantaged_communities_places_boundaries,1,1,1,NA
disadvantaged_community_block_group,1,1,1,Group
disadvantaged_community_boundaries,1,1,1,NA
disadvantaged_community_d,1,1,1,NA
disadvantaged_community_mapping_tools,1,1,1,NA
disadvantaged_community_or_public_water,1,1,1,NA
disadvantaged_community_per_bureau,1,1,1,NA
disclaimer_for_climate_change_data,1,1,1,Technical
discrete,1,1,1,NA
discuss,1,1,1,NA
discuss_groundwater_sustainability_agency,1,1,1,Other_GSA
discussed_in_section_3331,1,1,1,Reference
discussion_streamflow,1,1,1,NA
disposal_and_reuse_of_fort_ord,1,1,1,NA
distribute_formal,1,1,1,NA
distributed,1,1,1,NA
distributed_stormwater_collection_and_managed_aquifer,1,1,1,Natural_Feature
distributes,1,1,1,NA
district_canal_state_water_resources_control_board,1,1,1,Group
district_court_of_appeals,1,1,1,NA
district_farmers,1,1,1,NA
district_geology,1,1,1,NA
district_office,1,1,1,NA
district_well_4,1,1,1,NA
districts_boards_of_directors,1,1,1,NA
div_20,1,1,1,NA
div_43,1,1,1,NA
div_59_water_rights,1,1,1,NA
division_12,1,1,1,NA
division_13_of_the_public_resources_code,1,1,1,Legal
division_2_of,1,1,1,NA
division_2_of_the_revenue_and_taxation_code,1,1,1,Legal
division_6,1,1,1,NA
division_7_of_title_1_of_the_california_government_code,1,1,1,State_Gov
division_9_of_the_public_resources_code,1,1,1,Legal
division_disadvantaged_communities_oil_field_of_drinking_water,1,1,1,NA
division_of_drink_ing_water,1,1,1,NA
division_of_drinking_water_primary_station_code,1,1,1,Legal
division_of_integrated_regional_water_manage_ment_department_of_water_resources_north_central_region_office,1,1,1,NA
division_of_integrated_regional_water_medium,1,1,1,NA
division_of_oil_gas,1,1,1,NA
division_of_oil_gas_and_geothermal_resources,1,1,1,NA
division_of_regional_assistance,1,1,1,NA
division_of_water_rights,1,1,1,NA
division_subunit,1,1,1,NA
divisions,1,1,1,NA
dixie,1,1,1,NA
dixon_planning_area,1,1,1,Geographic_Unit
dixon_post_office,1,1,1,NA
dixon_unified_school_district_and_the_dixon_family_and_children_services,1,1,1,NA
djstinct,1,1,1,NA
dm_ii,1,1,1,NA
dmb_coordination_agreement,1,1,1,Group
dmgb,1,1,1,NA
dnpc,1,1,1,NA
do,1,1,1,NA
doctrine_of_mutual_prescription,1,1,1,NA
document_for_sustainable_groundwater_management,1,1,1,NA
documents1_sustainable_groundwater_management_act,1,1,1,Legal
dof_county,1,1,1,County
dokka,1,1,1,NA
domain_boundary,1,1,1,NA
domaine_chandon,1,1,1,NA
domestic_well_project,1,1,1,Water_Project
domestic_well_project_groundwater_quality_data_report,1,1,1,Technical
domestic_wells,1,1,1,NA
dominion_energy,1,1,1,NA
doreen_chapter,1,1,1,NA
doreen_dadamo,1,1,1,NA
dosd,1,1,1,NA
doug_w,1,1,1,NA
douglas_mankin,1,1,1,NA
dow_chemical,1,1,1,NA
dow_chemical_company,1,1,1,NA
download,1,1,1,NA
downstream_kaweah,1,1,1,NA
doyle_scholarship,1,1,1,NA
draft_biological_opinion,1,1,1,NA
draft_chapter_3_and,1,1,1,NA
draft_chapter_4,1,1,1,NA
draft_communication_engagement_plan,1,1,1,Technical
draft_groundwater,1,1,1,NA
draft_groundwater_sustainability_plan_creation,1,1,1,NA
draft_groundwater_sustainability_plan_outreach_meetings,1,1,1,NA
draft_groundwater_sustainability_plan_public_comments,1,1,1,NA
draft_hydrogeologic_conceptual_model_chapter,1,1,1,Technical
draft_lines_115116,1,1,1,NA
draft_lines_1163,1,1,1,NA
draft_lines_93,1,1,1,NA
draft_projects_and_management_actions_presentation_and_discussion_elisa_garvey,1,1,1,NA
draft_sustainable_management_criteria_best_management_practice,1,1,1,NA
draft_sustainable_management_criteria_best_management_practice_httpswatercagovprogramsgroundwater_management_sustainable_groundwater_management_actgroundwatermanagement_bestmanagementpracticesandguidancedocuments,1,1,1,NA
draft_sustainable_management_criteria_bmp,1,1,1,NA
draft_technical_memorandums,1,1,1,Technical
drain_package,1,1,1,NA
drainages,1,1,1,NA
drains,1,1,1,NA
drilled,1,1,1,NA
drinc_portal_annual_reports,1,1,1,Technical
drinking,1,1,1,NA
drinking_uranium,1,1,1,NA
drinking_water_and_environmental_management,1,1,1,NA
drinking_water_division_of_state_waterboards,1,1,1,Group
drinking_water_observation_program,1,1,1,NA
drinking_water_source_assessment_and_protection,1,1,1,NA
drive,1,1,1,NA
drought_management_program,1,1,1,NA
drttj,1,1,1,NA
duck_stamp,1,1,1,NA
due,1,1,1,NA
dune_subbasin,1,1,1,Basin
dunne_st,1,1,1,NA
dunnigan_hills_management_area,1,1,1,Geographic_Unit
duplicate_rs,1,1,1,NA
dust_control_mitigation_program_project_description_section,1,1,1,Reference
dutch_slough_restoration_project,1,1,1,Water_Project
duzel_formation_op_basement,1,1,1,NA
dv,1,1,1,NA
dwight,1,1,1,NA
dwsap_program,1,1,1,NA
dğăŵɖɖƌžăđś,1,1,1,NA
dğăŵɖɖƌžăđś_lsce,1,1,1,NA
dğăŵɖɖƌžăđś_lsce_team,1,1,1,NA
e4,1,1,1,NA
e523_differences_in_sustainable,1,1,1,NA
e_board_of_directors,1,1,1,Group
e_boat,1,1,1,NA
e_dual,1,1,1,NA
e_lindmore_st,1,1,1,NA
e_the_ebp_subbasin_deep_aquifer,1,1,1,Natural_Feature
each_groundwater_sustainability_agency_board,1,1,1,Group
each_management_team_committee,1,1,1,Group
each_objective,1,1,1,NA
each_public_workshop,1,1,1,NA
each_subbasin_management_area,1,1,1,Geographic_Unit
each_year,1,1,1,NA
eagle,1,1,1,NA
eagle_fd,1,1,1,NA
earlimart_public_utilities_district,1,1,1,District
earth_rotation_service,1,1,1,NA
east_bay_leadership_council_water_task_force,1,1,1,NA
east_bay_municipal_utilities,1,1,1,NA
east_bay_municipal_utilities_district,1,1,1,District
east_bear_creek,1,1,1,Natural_Feature
east_bear_creek_unit,1,1,1,NA
east_branch,1,1,1,NA
east_branch_aqueduct,1,1,1,NA
east_butte,1,1,1,NA
east_contra_costa_subbasin_communications,1,1,1,NA
east_palo_alto,1,1,1,City
east_san_joaquin_river_watershed_coalition,1,1,1,NA
east_san_joaquin_water_quality_coalition_board_of_directors,1,1,1,Group
east_side_canal_intake,1,1,1,NA
east_spv,1,1,1,NA
east_stanislaus_regional_water_management_partnership,1,1,1,NA
east_tulare_villa,1,1,1,City
east_turlock_subbasin_groundwater_sustainability_agency_agricultural_recharge_project,1,1,1,Water_Project
east_turlock_subbasin_groundwater_sustainability_agency_project_upland_pipeline_project,1,1,1,Water_Project
east_turlock_subbasin_groundwater_sustainability_agency_projects,1,1,1,Water_Project
east_turlock_subbasin_groundwater_sustainability_agency_tac_special_meeting,1,1,1,NA
east_ukiah,1,1,1,NA
east_yosemite_ave,1,1,1,NA
eastern_bvihm,1,1,1,NA
eastern_kern_county_resources_conservation_district,1,1,1,District
eastern_mountains_limited,1,1,1,NA
eastern_mountains_subarea,1,1,1,Geographic_Unit
eastern_san,1,1,1,NA
eastern_san_2025,1,1,1,NA
eastern_san_joaquin_county,1,1,1,County
eastern_subbasin_cross_section_development_cross,1,1,1,Reference
eastern_tule_groundwater_sustainability_agency_boundaries_jurisdictional_areas,1,1,1,Geographic_Unit
eastman_lake,1,1,1,Natural_Feature
eastside_aquifer_subbasin_groundwater_sustainability_plan,1,1,1,Technical
eastside_canal_intake,1,1,1,NA
eastside_water_district_as_agency,1,1,1,Group
eblasts,1,1,1,NA
ebmud_groundwater_sustainability_agency_board_of_directors,1,1,1,Group
eclay,1,1,1,Natural_Feature
economic,1,1,1,NA
economic_and_social_responsibility,1,1,1,NA
economic_research_service,1,1,1,Federal_Gov
ecorp_consulting,1,1,1,NA
ecosystems,1,1,1,Natural_Feature
ecuador,1,1,1,NA
ed,1,1,1,NA
eda6,1,1,1,NA
eddie_gallegos,1,1,1,NA
eddy_teasdale,1,1,1,NA
edit,1,1,1,NA
edmunston,1,1,1,NA
edna_valley_growers_mwc,1,1,1,NA
education_and_outreach_management_actions,1,1,1,NA
education_and_outreach_management_actions_regular_communication,1,1,1,NA
education_and_outreach_wellhead_requirements,1,1,1,NA
education_outreach,1,1,1,NA
educational_materials,1,1,1,NA
edward_a_schlotman,1,1,1,NA
edward_t_henry,1,1,1,NA
eel_river_groundwater_working_group,1,1,1,Group
eel_river_valley_basin_intertidal_zone,1,1,1,Geographic_Unit
efforts,1,1,1,NA
egypt,1,1,1,NA
eir,1,1,1,NA
ekcrcd16,1,1,1,NA
eki_environment_water,1,1,1,NA
el,1,1,1,NA
el_almacenamiento_de_aguas_subterráneas_y_el_progreso_en_la_implementación_del_plan,1,1,1,Technical
el_bosque_mutual_water_company,1,1,1,NA
el_capitan_reservoir,1,1,1,Infrastructure
el_condado_de_napa,1,1,1,NA
el_nido_canal_improvement_project,1,1,1,Water_Project
el_nino_southern_oscillation,1,1,1,NA
el_niño,1,1,1,NA
el_número,1,1,1,NA
el_peco,1,1,1,NA
el_rico_tri_county,1,1,1,County
el_rincon,1,1,1,NA
el_rio_del_norte_area_plan,1,1,1,Technical
el_rio_wellfield,1,1,1,NA
el_segundo,1,1,1,City
el_toro_study,1,1,1,NA
el_uso,1,1,1,NA
electronic_annual_report,1,1,1,Technical
electronic_water_rights_information_management_system,1,1,1,Technical
elements_guide_1,1,1,1,NA
elizabeth_kraft,1,1,1,NA
elk_grove_water_service,1,1,1,NA
elkhorn_property_recharge_project_and,1,1,1,NA
elkhorn_slough_ecological_reserve,1,1,1,NA
elkhorn_slough_state_marine_conservation_area,1,1,1,Geographic_Unit
elkhorn_state_marine_reserve,1,1,1,NA
ellestad_trust,1,1,1,NA
elrod,1,1,1,NA
elsinore_hydrologic_area,1,1,1,Geographic_Unit
elsinore_maximum_benefit_proposal,1,1,1,NA
elsinore_subbasin_groundwater_sustainability_plan_development_update_wiersema,1,1,1,NA
elsinore_valley_municipal_water_district_integrated_resources_plan,1,1,1,Technical
ema_citizen_advisory_group,1,1,1,Group
emerson_creek,1,1,1,Natural_Feature
emily_m_taylor,1,1,1,NA
emys,1,1,1,NA
en_el_condado,1,1,1,NA
encourages_active_involvement_establishment_of,1,1,1,NA
energy_llc,1,1,1,NA
energy_passive_groundwater_recharge_product,1,1,1,NA
engineers,1,1,1,NA
engineers_army_corps_of_engineers,1,1,1,NA
enhanced_recycled_water_feasibility_study,1,1,1,NA
enhancement_of_pf15j_extension_of,1,1,1,NA
enterprise_water_management,1,1,1,NA
entre,1,1,1,NA
environ,1,1,1,NA
environment_assessments,1,1,1,NA
environmental_assessments,1,1,1,NA
environmental_awareness,1,1,1,NA
environmental_community_organizations,1,1,1,NA
environmental_compliance_specialist,1,1,1,NA
environmental_defense_fund_and,1,1,1,NA
environmental_defense_fund_t10000003428_mw4,1,1,1,NA
environmental_groundwater_committee,1,1,1,Group
environmental_health,1,1,1,NA
environmental_health_division_of,1,1,1,NA
environmental_impact,1,1,1,Legal
environmental_justice,1,1,1,NA
environmental_process,1,1,1,NA
environmental_quality_act_considerations,1,1,1,NA
environmental_quality_act_considerations_development,1,1,1,NA
environmental_quality_act_medium_santa_barbara_county,1,1,1,County
environmental_quality_act_negative_declaration,1,1,1,NA
environmental_quality_act_review_operations_monitoring_management_administration_plan,1,1,1,Technical
environmental_scientist_settleable_solidsho,1,1,1,NA
environmental_services_cooperative_agreement,1,1,1,Group
environmental_simulations,1,1,1,NA
environmental_utilities_department,1,1,1,Group
environmental_water_account,1,1,1,NA
epworth_gravels_management_area_historical,1,1,1,NA
equation_2,1,1,1,NA
equation_3_1,1,1,1,NA
equipment_blanks_collection,1,1,1,NA
eraut,1,1,1,NA
eric_brennan,1,1,1,NA
eric_o_larsen,1,1,1,NA
eric_quinley,1,1,1,NA
eric_senter,1,1,1,NA
eric_swenson,1,1,1,NA
erickson_ranch,1,1,1,NA
erik,1,1,1,NA
erratum,1,1,1,NA
es15_ensuring_groundwater_conditions_in_the_subbasin41_management_action,1,1,1,NA
es16_ensuring_groundwater_conditions_in_the_subbasin43_management_action,1,1,1,NA
es2_basin,1,1,1,Basin
es54_group_1_management_action_4,1,1,1,NA
es7,1,1,1,NA
es_11_model_discretization,1,1,1,Technical
es_30_sustainable_management_criteria,1,1,1,NA
esi,1,1,1,NA
esjgwa_board_of_directors,1,1,1,Group
essential_groundwater_sustainability_plan_planning,1,1,1,NA
establish_measurement_of_agricultural_extraction_planning,1,1,1,NA
establishing_committees,1,1,1,Group
establishing_degradation_of_water_quality_measurable_objectives,1,1,1,NA
estadísticamente,1,1,1,NA
estimate,1,1,1,NA
estimated_annual,1,1,1,NA
estimated_project,1,1,1,Water_Project
estimates,1,1,1,NA
estrada,1,1,1,NA
estrella_el_pomar_creston_water_district,1,1,1,Other_GSA
estuary_21,1,1,1,NA
et_2070,1,1,1,NA
etchegoin_formations,1,1,1,Natural_Feature
ethylene_dibromide,1,1,1,NA
eugene_camozzi,1,1,1,NA
european_radar_observatory,1,1,1,NA
euthamia,1,1,1,NA
ev04_edna_valley09,1,1,1,NA
evaluation_of_basin_optimization_scenarios,1,1,1,NA
evaluation_of_multiple_minimum_thresholds,1,1,1,NA
evapotranspiration_change_factors,1,1,1,NA
evapotranspiration_coefficient,1,1,1,NA
evapotranspiration_evapotranspiration,1,1,1,NA
evapotranspiration_inputs_daily,1,1,1,NA
evapotranspiration_of_applied_water,1,1,1,NA
evelyn_young_spath,1,1,1,NA
evt_package,1,1,1,NA
ew_merritt_farms,1,1,1,NA
ewing_et_al,1,1,1,NA
ex,1,1,1,NA
exceedance_pesticide,1,1,1,NA
exceeds,1,1,1,NA
except,1,1,1,NA
excess_irrigation,1,1,1,NA
excess_water_supplies,1,1,1,NA
exchange_contractors_groundwater_sustainability_plan_group,1,1,1,Group
excluded,1,1,1,NA
excluded_20000,1,1,1,NA
exclusive_agencies,1,1,1,Group
exclusive_agricultural,1,1,1,NA
exclusive_agriculture,1,1,1,NA
executive_committee_regular_meeting_aug,1,1,1,NA
executive_office,1,1,1,NA
executive_order,1,1,1,NA
executive_order_n2920_effective_n_a_n_a,1,1,1,NA
exemptible,1,1,1,NA
exhibit,1,1,1,Reference
exhibits_a,1,1,1,NA
exhibits_a1,1,1,1,NA
existentes,1,1,1,NA
existing_water_resource_management_programs,1,1,1,NA
expand_castroville_seawater_intrusion_project,1,1,1,Water_Project
expand_groundwater_level_and_quality_monitoring,1,1,1,Technical
expand_use_of,1,1,1,NA
expanded_basin,1,1,1,Basin
expansion_delivery_pipeline_project,1,1,1,Water_Project
expansion_of_the_city_results,1,1,1,NA
extant_cicindela,1,1,1,NA
extant_oncorhynchus,1,1,1,NA
extension_farm_advisor,1,1,1,NA
extensometers_aquifer,1,1,1,Natural_Feature
external,1,1,1,NA
external_communication_external,1,1,1,NA
external_watershed_pumping,1,1,1,NA
extraction_facilities,1,1,1,NA
extraction_projects,1,1,1,Water_Project
exxon_mobil,1,1,1,NA
exxonmobil_et_al,1,1,1,NA
f_corcoran_clayid_class_2,1,1,1,NA
f_operational,1,1,1,NA
f_stakeholder_advisory_committees,1,1,1,Group
fabela_rodriguez,1,1,1,NA
facebook_instagram,1,1,1,NA
facies_f_figure,1,1,1,Reference
facilitation,1,1,1,NA
facilitation_and_support_services,1,1,1,NA
facilitation_support_services_program,1,1,1,NA
facilitation_team,1,1,1,NA
facilitator_request_committee,1,1,1,Group
fact_sheets,1,1,1,NA
fair_oaks_formation,1,1,1,Natural_Feature
fair_oaks_water_district_coordination,1,1,1,NA
falls,1,1,1,NA
fanglomerates,1,1,1,NA
fao_56,1,1,1,NA
farber_schreck,1,1,1,NA
farm_bureau_offices,1,1,1,NA
farm_evaluation_surveys,1,1,1,NA
farm_loan,1,1,1,NA
farm_package,1,1,1,NA
farmers,1,1,1,NA
farmers_water_district_board_of_directors,1,1,1,Group
farmers_water_district_groundwater_sustainability_agency_board,1,1,1,Group
farmers_water_district_recharge_and_recovery,1,1,1,NA
farmington,1,1,1,City
farmington_dam,1,1,1,Infrastructure
farmington_groundwater_recharge_seasonal_habitat_study_final_report,1,1,1,Technical
farmington_program,1,1,1,NA
farmland_mapping_and_monitoring_program,1,1,1,Technical
farmland_mitigation_program_guidelines,1,1,1,Legal
farmland_preservation,1,1,1,NA
farr_et_al_2016,1,1,1,NA
fas,1,1,1,NA
fatima_robinson,1,1,1,NA
fault,1,1,1,NA
faulting,1,1,1,NA
faunt_el_al,1,1,1,NA
fax,1,1,1,NA
fazio_fazio_fazio,1,1,1,NA
fcgma_groundwater_management_plan_update,1,1,1,NA
fcma_mab,1,1,1,NA
fd_field,1,1,1,NA
feather_river_pump_station_fish_screen,1,1,1,NA
feather_river_pump_station_fish_screen_feasibility_study,1,1,1,NA
fed,1,1,1,NA
federal_agencies_federal,1,1,1,NA
federal_andor_local,1,1,1,NA
federal_aviation_administration,1,1,1,Federal_Gov
federal_central_valley_project,1,1,1,Water_Project
federal_clean_water_act,1,1,1,Legal
federal_correctional_institution_lompoc,1,1,1,NA
federal_entities,1,1,1,NA
federal_facility_overlay,1,1,1,NA
federal_fishery_management_plans,1,1,1,Technical
federal_government_federal,1,1,1,NA
federal_government_within,1,1,1,NA
federal_jurisdictions_federal,1,1,1,NA
federal_lands,1,1,1,NA
federal_level_2,1,1,1,NA
federal_office,1,1,1,NA
federal_safe_drinking_water_act,1,1,1,Legal
federal_state,1,1,1,NA
federal_water_pollution_control_act,1,1,1,Legal
fee_collection_procedures_law,1,1,1,Legal
felicia_dan,1,1,1,NA
fenzel_1972,1,1,1,NA
fernald_point_fault,1,1,1,NA
fernbridge_rio_dell_metropolitan,1,1,1,NA
ferro_property_program,1,1,1,NA
festuca,1,1,1,NA
fi,1,1,1,NA
field_guide_for_collecting_and_processing_stream_water_samples,1,1,1,NA
field_sampling_guidance_document_1220,1,1,1,NA
field_techniques_for_estimating_water_fluxes_between_surface_water_and,1,1,1,NA
fifth_assessment_report,1,1,1,Technical
figure,1,1,1,Reference
figure_a2fc17_and_table,1,1,1,Reference
figures,1,1,1,NA
file_extraction_report,1,1,1,Technical
filed,1,1,1,NA
filling_efforts,1,1,1,NA
final_coordination_agreement,1,1,1,Group
final_feasibility_study,1,1,1,NA
finance_and_administration_committee,1,1,1,Group
finance_and_administration_committee_of_the_board_of_directors,1,1,1,Group
finance_committee_agency,1,1,1,Group
fire_safe_councils,1,1,1,Group
fire_sciences_laboratory,1,1,1,NA
firebaugh_intake_canal,1,1,1,NA
first,1,1,1,NA
first_amended_c0mplalnt_for_declaratory_relief_and_petition,1,1,1,NA
first_amended_complaint_and_petition,1,1,1,NA
first_amended_cross_complaint,1,1,1,NA
first_appellate_district,1,1,1,District
fiscal,1,1,1,NA
fiscal_year,1,1,1,NA
fish_and_wildlife_service_critical_habitat_mapper,1,1,1,NA
fish_and_wildlife_service_hcp,1,1,1,NA
fish_and_wildlife_service_threatened_endangered_species_active_critical_habitat_report,1,1,1,Technical
fish_game_cannery_feedlot_and_fish_game,1,1,1,NA
fish_monitoring,1,1,1,Technical
fisher_et_al,1,1,1,NA
fisheries_species_recovery_grants,1,1,1,NA
five_creek,1,1,1,Natural_Feature
flame_ionization_detector,1,1,1,NA
fleet_readiness_center_west,1,1,1,NA
fleischmann,1,1,1,NA
flood_control,1,1,1,NA
flood_local_maintenance_areas_and_federal_lands,1,1,1,NA
flood_managed_aquifer_recharge_feasibility_implementation,1,1,1,NA
flood_mar_flood_managed_aquifer,1,1,1,Natural_Feature
flood_plain_deposits,1,1,1,NA
flood_protection,1,1,1,NA
flood_water,1,1,1,NA
flooded,1,1,1,NA
floodmarsurface_water_supply,1,1,1,NA
flournoy,1,1,1,City
flowinspector_version,1,1,1,NA
flows_diversions,1,1,1,NA
flows_framework1,1,1,1,NA
flows_to_from,1,1,1,NA
fluvial,1,1,1,NA
flyers,1,1,1,NA
focus_on_salinity,1,1,1,NA
focused,1,1,1,NA
focused_conference,1,1,1,NA
folsom_project_elements,1,1,1,NA
folsom_state_recreational_area,1,1,1,Geographic_Unit
foothill,1,1,1,NA
foothill_feeder,1,1,1,NA
for_ag,1,1,1,NA
for_distribution_by,1,1,1,NA
for_pit_river_alliance,1,1,1,NA
forebay_forebay_aquifer_subbasin_subbasin,1,1,1,Basin
forebay_subbasin_groundwater,1,1,1,NA
forest_city_corp,1,1,1,NA
forest_springs,1,1,1,NA
fork_putah_creek,1,1,1,Natural_Feature
formation_the_napa_county_board_of_supervisors,1,1,1,Group
formations,1,1,1,Natural_Feature
formed,1,1,1,NA
forming_parties_and_participating_parties,1,1,1,NA
fort_huachuca,1,1,1,NA
fort_lewis,1,1,1,NA
fort_ord_army_base,1,1,1,NA
fort_ord_habitat_management_plan,1,1,1,Technical
fort_ord_office,1,1,1,NA
fort_ord_reuse_authority_board_of_directors,1,1,1,Group
fort_ord_reuse_group,1,1,1,Group
fort_ord_wetlands,1,1,1,NA
fortuna_total,1,1,1,NA
foster_park_riparian_groundwater_dependent_ecosystem,1,1,1,Natural_Feature
foundation_engineers_inc,1,1,1,NA
fowler_creek,1,1,1,Natural_Feature
fox_canyon_drain_stewart_canyon,1,1,1,NA
fox_canyon_groundwater_management_agency_act,1,1,1,Legal
fpbgsa_stakeholder_representation_board,1,1,1,Group
fr18161220,1,1,1,NA
franciscan_complex_and_coast_range_ophiolite,1,1,1,NA
franciscan_group,1,1,1,Group
frank_bergon,1,1,1,NA
frasier_group,1,1,1,Group
frates_wells,1,1,1,NA
fred_thurman,1,1,1,NA
freeman_diversion_project,1,1,1,Water_Project
freemont_cotton,1,1,1,NA
freeport_regional_water_facility,1,1,1,NA
fremming_parson,1,1,1,NA
frequency_field,1,1,1,NA
frequently,1,1,1,NA
freshwater_marsh,1,1,1,NA
fresno_city_council,1,1,1,Group
fresno_county_2050,1,1,1,NA
fresno_county_area,1,1,1,Geographic_Unit
fresno_county_council_of_governments,1,1,1,NA
fresno_county_kings_county,1,1,1,County
fresno_county_land,1,1,1,NA
fresno_county_management_area_a_b,1,1,1,NA
fresno_county_management_areas_a_b_draft,1,1,1,NA
fresno_county_pleasant_valley_groundwater_sustainability_agency,1,1,1,Other_GSA
fresno_county_public_works_and_planning,1,1,1,NA
fresno_county_school_outreach,1,1,1,NA
fresno_county_water_advisory_committee,1,1,1,Group
fresno_dry_creek,1,1,1,Natural_Feature
fresno_foundation,1,1,1,NA
fresno_id,1,1,1,NA
fresno_metropolitan_flood,1,1,1,NA
fresno_metropolitan_flood_control_district_board,1,1,1,Group
fresno_metropolitan_flood_control_district_fish_and_wildlife_service_fish_and_wildlife_service,1,1,1,NA
fresno_metropolitan_flood_control_district_program,1,1,1,NA
fresno_metropolitan_flood_control_district_project_description,1,1,1,NA
fresno_river_1,1,1,1,NA
fresno_slough_water,1,1,1,NA
fresno_slough_water_district,1,1,1,District
friant_contractor,1,1,1,NA
friant_contracts,1,1,1,Legal
friant_division_central_valleyp_contractor,1,1,1,NA
friant_division_contractor,1,1,1,NA
friant_kern_canal_central_valley_project,1,1,1,Water_Project
friant_kern_canal_pump_back_project,1,1,1,Water_Project
friant_releases,1,1,1,NA
friends,1,1,1,NA
fruitridge_vista,1,1,1,NA
fsc,1,1,1,NA
fss,1,1,1,NA
fte_staff_services,1,1,1,NA
fugro_west_inc,1,1,1,NA
fully_protected_reliance_on_groundwater,1,1,1,NA
fully_protected_reliance_on_groundwater_direct,1,1,1,NA
future_baseline_and_future_baseline_with_climate_change_i_and_ii,1,1,1,NA
future_baseline_with_climate_change_i_and_ii,1,1,1,NA
future_baseline_with_climate_change_ii,1,1,1,NA
future_city_of,1,1,1,City
future_conditions,1,1,1,NA
future_groundwater_resource_development_simulations_consistent,1,1,1,NA
future_groundwater_sustainability_agency_board,1,1,1,Group
future_management_area_concept_management,1,1,1,NA
future_monitoring_networks,1,1,1,Technical
future_operations,1,1,1,NA
future_pumping_recommendations_in,1,1,1,NA
future_water_demand_and_water_supply_options,1,1,1,NA
future_wmw,1,1,1,NA
fveg,1,1,1,NA
fwua,1,1,1,NA
fwua_appendix_d,1,1,1,Reference
g3,1,1,1,NA
g4,1,1,1,NA
g6,1,1,1,NA
g_247,1,1,1,NA
g_docks_h_irrigation,1,1,1,NA
gabilan_subarea,1,1,1,Geographic_Unit
gadwall_deep_channel,1,1,1,NA
gadwall_units,1,1,1,NA
gage_800a,1,1,1,NA
gage_gap,1,1,1,NA
gages_springs,1,1,1,NA
gaging,1,1,1,NA
gaining,1,1,1,NA
gains,1,1,1,NA
galt_waste_water_treatment_plant,1,1,1,NA
gap,1,1,1,NA
gap_filling_efforts,1,1,1,NA
gaps,1,1,1,NA
gaps_analysis,1,1,1,NA
gaps_analysis_technical,1,1,1,Technical
gaps_best_management_practice,1,1,1,NA
gardena,1,1,1,City
gardenas_et_al,1,1,1,NA
garrison_park,1,1,1,NA
gary_mickelson,1,1,1,NA
gary_o,1,1,1,NA
gary_serrato,1,1,1,NA
gastelum,1,1,1,NA
gave,1,1,1,NA
ge_text,1,1,1,NA
gei_consultants_et,1,1,1,NA
general_agricultural,1,1,1,NA
general_and_associate,1,1,1,NA
general_board,1,1,1,Group
general_groundwater_quality_current,1,1,1,NA
general_groundwater_sustainability_plan_updates,1,1,1,NA
general_head_boundaries,1,1,1,NA
general_information_general,1,1,1,NA
general_mineral_chemistry,1,1,1,NA
general_minerals,1,1,1,NA
general_outreach_and_audience_mapping_pursuant,1,1,1,NA
general_permit,1,1,1,NA
general_permits,1,1,1,NA
general_plan_and_related_plan_land_use_categories,1,1,1,NA
general_plan_conservation_element,1,1,1,NA
general_public,1,1,1,NA
general_wastewater_wastewater_policies,1,1,1,Legal
general_water_budget,1,1,1,NA
general_water_quality,1,1,1,NA
general_water_quality_water,1,1,1,NA
general_welfare,1,1,1,NA
generales,1,1,1,NA
generales_y_los,1,1,1,NA
geochemical_data,1,1,1,Technical
geodetic_branch,1,1,1,NA
geographic_information_system_clip,1,1,1,NA
geographic_setting_the_subbasin,1,1,1,Basin
geoid_3112,1,1,1,NA
geologic_conditions_hotchkiss,1,1,1,NA
geologic_cross_sections_three,1,1,1,NA
geologic_formations,1,1,1,Natural_Feature
geologic_mapping_of_surficial_geology_and_faults_surficial,1,1,1,NA
geologic_names_committee,1,1,1,Group
geologic_section_groundwater,1,1,1,Reference
geologic_setting,1,1,1,Geographic_Unit
geologic_setting_1,1,1,1,NA
geologic_structures_the_yucaipa_subbasin,1,1,1,Basin
geologic_unit,1,1,1,NA
geological_and_structural_setting_the_basin,1,1,1,Basin
geological_survey_geologic,1,1,1,NA
geological_survey_national_hydrography_datasets,1,1,1,Technical
geological_survey_national_water,1,1,1,NA
geological_survey_nonindigenous_aquatic_species,1,1,1,NA
geological_survey_stream_monitoring_network,1,1,1,Technical
geological_survey_water_supply_paper_no1469,1,1,1,NA
geology,1,1,1,NA
geology_geologic_data_map_6,1,1,1,Reference
geology_hydrogeology_the_upper_pressure,1,1,1,NA
geology_of_the_fresh_groundwater_basin_of_the_central_valley,1,1,1,Geographic_Unit
geology_of_the_northern_sacramento_valley_1,1,1,1,NA
geology_sierra_valley,1,1,1,Geographic_Unit
geomatrix_consultants,1,1,1,NA
geometrics_geode,1,1,1,NA
geophysical_data_geophysical,1,1,1,Technical
georgette_seefeldt,1,1,1,NA
geospatial_dataset,1,1,1,Technical
geosyntec_board_agenda,1,1,1,NA
geosyntec_brown,1,1,1,NA
geosyntec_consultants_inc,1,1,1,NA
geotechnical_characterization_report,1,1,1,Technical
geotracker_data_management_system,1,1,1,Technical
geotracker_database,1,1,1,Technical
geotracker_groundwater_ambient_monitoring_and_assessment_program,1,1,1,Technical
geotracker_regulated_facilities_7,1,1,1,NA
gerald_davis,1,1,1,NA
gil_spencer,1,1,1,NA
given,1,1,1,NA
gk,1,1,1,NA
glen_avon,1,1,1,NA
glenn_4_groundwater_authorities,1,1,1,Group
glenn_artois_community_services_district,1,1,1,District
glenn_colusa_irrigation,1,1,1,NA
glenn_county_department_of_agriculture_weights_and_measurements,1,1,1,NA
glenn_county_drought_taskforce,1,1,1,NA
glenn_county_environmental_health_department,1,1,1,Group
glenn_county_general_plans,1,1,1,Technical
glenn_county_groundwater,1,1,1,NA
glenn_county_multi_jurisdictional_hmp,1,1,1,NA
glenn_county_water_quality_program,1,1,1,NA
glenn_groundwater_authorities,1,1,1,Group
glenn_interagency,1,1,1,Group
glenn_interagency_drought_task_forces,1,1,1,NA
glenn_knapp,1,1,1,NA
glenn_subwatershed,1,1,1,NA
glenn_tehama_county,1,1,1,County
glenn_valley,1,1,1,Geographic_Unit
global_marine_drilling_inc,1,1,1,NA
global_meteoric_water_line,1,1,1,NA
global_positioning_surveys_the,1,1,1,NA
globk8,1,1,1,NA
gmt3,1,1,1,NA
goal_cf3_action_cf3b,1,1,1,NA
goals,1,1,1,NA
gold_gulch,1,1,1,NA
gold_rush,1,1,1,NA
goleta,1,1,1,City
gonzales_road,1,1,1,NA
gooch,1,1,1,NA
good_housekeeping,1,1,1,NA
goodwin_dam,1,1,1,Infrastructure
google_earth_engine,1,1,1,NA
gorrill_ranch,1,1,1,NA
gossage_creek,1,1,1,Natural_Feature
governance_agencies_briefings_groundwater_sustainability_agency_board,1,1,1,Group
governance_committee_of_the_buena_vista_groundwater_sustainability_agency,1,1,1,Other_GSA
governing_body,1,1,1,NA
government_city_of_seaside,1,1,1,City
government_code_section_61060,1,1,1,Reference
government_legislative_cost,1,1,1,NA
government_public_agencies,1,1,1,Group
gpd,1,1,1,NA
gps_gnss_network,1,1,1,NA
gps_stations,1,1,1,NA
graham,1,1,1,NA
grandtab,1,1,1,NA
granite_construction_company,1,1,1,NA
grant_application,1,1,1,NA
grant_funding,1,1,1,NA
grant_program,1,1,1,NA
grant_review,1,1,1,NA
grant_writing,1,1,1,NA
grantland_area,1,1,1,Geographic_Unit
grants184,1,1,1,NA
grapevine_development_scenario,1,1,1,NA
grassland_environmental_education_center,1,1,1,NA
grassland_groundwater_sustainability_agency_advisory_committee,1,1,1,Group
gravelly_ford_water_district_board_of_directors,1,1,1,Group
gravelly_ford_water_district_groundwater_sustainability_agency_area,1,1,1,Geographic_Unit
gravelly_ford_water_district_groundwater_sustainability_agency_board_of_directors,1,1,1,Group
gravelly_ford_water_executive,1,1,1,NA
greater_kaweah_groundwater_sustainability_agency_communication_and_engagement_plan,1,1,1,Technical
greater_monterey_county_integrated_regional_water_management_plan,1,1,1,Technical
green_building,1,1,1,NA
green_streets_program,1,1,1,NA
greenfield_cwd_board_of_directors,1,1,1,Group
greenwich_meridian,1,1,1,NA
greg_porter,1,1,1,NA
gregory_l_james,1,1,1,NA
gridley_road_water_group,1,1,1,Group
grimes_aquifers,1,1,1,Natural_Feature
grimes_x,1,1,1,NA
grimmway_farms,1,1,1,NA
grolutions_horticultural_landscaping,1,1,1,NA
grossinger,1,1,1,NA
ground_elevation_benchmark_network,1,1,1,NA
ground_water_protection_list,1,1,1,NA
ground_water_resources,1,1,1,NA
ground_water_treatment_systems,1,1,1,NA
groundwater_ambient,1,1,1,NA
groundwater_ambient_monitoring_and_assessment_geotracker_database,1,1,1,Technical
groundwater_ambient_monitoring_and_assessment_groundwater_ambient_monitoring_and_assessment_gar_groundwater_assessment_report_ghg_greenhouse_gas_geographic_information_system_geographic_information_system_groundwater_sustainability_agency_groundwater_sustainability_agency,1,1,1,Other_GSA
groundwater_ambient_monitoring_and_assessment_groundwater_information_system_31,1,1,1,Technical
groundwater_ambient_monitoring_assessment,1,1,1,Technical
groundwater_and_multiple_resource_irrigation_planning_study,1,1,1,NA
groundwater_assessment_reports,1,1,1,Technical
groundwater_bank_recovery_wells,1,1,1,NA
groundwater_budget,1,1,1,NA
groundwater_chemistry_geological_survey,1,1,1,NA
groundwater_conditions_and_water_budget_report,1,1,1,Technical
groundwater_conjunctive_use_project,1,1,1,Water_Project
groundwater_contamination_investigation_for_central,1,1,1,NA
groundwater_data,1,1,1,Technical
groundwater_data_dashboard,1,1,1,Group
groundwater_dependent_ecosystem_acreage,1,1,1,NA
groundwater_dependent_ecosystem_area_anlalysis,1,1,1,NA
groundwater_dependent_ecosystem_evaluation_unit_vegetation,1,1,1,NA
groundwater_dependent_ecosystem_field_assessment,1,1,1,NA
groundwater_dependent_ecosystem_id_138223,1,1,1,NA
groundwater_dependent_ecosystem_id_140053,1,1,1,NA
groundwater_dependent_ecosystem_identification_the_natural_communities,1,1,1,NA
groundwater_dependent_ecosystem_maps,1,1,1,NA
groundwater_dependent_ecosystem_monitoring_data,1,1,1,Technical
groundwater_dependent_ecosystem_pulse27,1,1,1,NA
groundwater_dependent_ecosystem_type,1,1,1,NA
groundwater_dependent_ecosystem_vegetation_water_supply,1,1,1,NA
groundwater_dependent_ecosystem_vegetation_water_supply_and_demand_sources,1,1,1,NA
groundwater_dependent_ecosystems_groundwater,1,1,1,NA
groundwater_dependent_ecosystems_overview,1,1,1,NA
groundwater_discharge_recharge,1,1,1,NA
groundwater_elevation,1,1,1,NA
groundwater_elevation_minimum_thresholds,1,1,1,NA
groundwater_elevation_monitoring_guidelines,1,1,1,Legal
groundwater_evaluation,1,1,1,NA
groundwater_extraction_charge,1,1,1,NA
groundwater_extraction_data,1,1,1,Technical
groundwater_extraction_information_accurate,1,1,1,NA
groundwater_extraction_monitoring_system,1,1,1,Technical
groundwater_extraction_reports,1,1,1,Technical
groundwater_guardian_communities,1,1,1,NA
groundwater_hydrology,1,1,1,NA
groundwater_leadership_forum,1,1,1,NA
groundwater_level_minimum_threshold,1,1,1,NA
groundwater_level_monitoring_data_gaps,1,1,1,Technical
groundwater_level_monitoring_sierra_valleygmd,1,1,1,Technical
groundwater_level_network,1,1,1,NA
groundwater_level_quality_assurance,1,1,1,NA
groundwater_level_sustainability_measurable_criteria,1,1,1,NA
groundwater_levels_and,1,1,1,NA
groundwater_levels_and_storage_monitoring_network,1,1,1,Technical
groundwater_levels_next,1,1,1,NA
groundwater_management_and_planning_act,1,1,1,Legal
groundwater_management_areas,1,1,1,Geographic_Unit
groundwater_management_plan_groundwater_management_plan,1,1,1,Technical
groundwater_management_zones,1,1,1,Geographic_Unit
groundwater_mining_and_export_ordinance_10,1,1,1,NA
groundwater_mining_and_export_ordinance_of_merced_county,1,1,1,County
groundwater_model_components,1,1,1,Technical
groundwater_monitoring,1,1,1,Technical
groundwater_monitoring_protocol,1,1,1,Technical
groundwater_monitoring_protocols,1,1,1,Technical
groundwater_monitoring_report,1,1,1,Technical
groundwater_outreach_brochure,1,1,1,NA
groundwater_overdraft,1,1,1,NA
groundwater_planning_commission_policy,1,1,1,Legal
groundwater_pumping_agricultural,1,1,1,NA
groundwater_pumping_and_agricultural_land,1,1,1,NA
groundwater_pumping_for_municipal_and_industrial,1,1,1,NA
groundwater_quality_analysis,1,1,1,NA
groundwater_quality_constituents,1,1,1,NA
groundwater_quality_data,1,1,1,Technical
groundwater_quality_data_gaps_groundwater,1,1,1,Technical
groundwater_quality_data_water,1,1,1,Technical
groundwater_quality_groundwater_levels,1,1,1,NA
groundwater_quality_issues,1,1,1,NA
groundwater_quality_local_groundwater_quality_monitoring,1,1,1,Technical
groundwater_quality_management_plans,1,1,1,Technical
groundwater_quality_monitoring_groundwater,1,1,1,Technical
groundwater_quality_selected_constituents_maps,1,1,1,NA
groundwater_quality_summary_information,1,1,1,Natural_Feature
groundwater_quality_water,1,1,1,NA
groundwater_recharge_and_recovery_category,1,1,1,NA
groundwater_recharge_projects,1,1,1,Water_Project
groundwater_resource_advisory_committee,1,1,1,Group
groundwater_resource_information,1,1,1,Natural_Feature
groundwater_resources_hub_environmental_surface_water_benecifical_users,1,1,1,NA
groundwater_resources_information_sharing_team,1,1,1,NA
groundwater_return,1,1,1,NA
groundwater_service_program,1,1,1,NA
groundwater_stakeholder_survey,1,1,1,NA
groundwater_storage_change,1,1,1,NA
groundwater_storage_measurable_objective,1,1,1,NA
groundwater_storage_monitoring_data_gaps_accurate,1,1,1,Technical
groundwater_storage_supplement,1,1,1,NA
groundwater_storage_sustainable_management_criteria,1,1,1,NA
groundwater_study,1,1,1,NA
groundwater_supply_availability_study,1,1,1,NA
groundwater_supply_depletion_water_level_threshold,1,1,1,NA
groundwater_surface_water_model_of_the,1,1,1,Technical
groundwater_sustainability_act,1,1,1,Legal
groundwater_sustainability_agency_administration_and_public_outreach,1,1,1,NA
groundwater_sustainability_agency_adoption,1,1,1,NA
groundwater_sustainability_agency_agency,1,1,1,Group
groundwater_sustainability_agency_alternate_representatives,1,1,1,NA
groundwater_sustainability_agency_board_evaluation_reports,1,1,1,Technical
groundwater_sustainability_agency_board_of_directors_supervisors,1,1,1,NA
groundwater_sustainability_agency_board_the_evaluation_report,1,1,1,Technical
groundwater_sustainability_agency_boards_or_councils,1,1,1,Group
groundwater_sustainability_agency_boundaries,1,1,1,NA
groundwater_sustainability_agency_california,1,1,1,State_Gov
groundwater_sustainability_agency_cga,1,1,1,NA
groundwater_sustainability_agency_coordination_activities,1,1,1,NA
groundwater_sustainability_agency_coordination_and_governance_the_sutter_subbasin,1,1,1,Basin
groundwater_sustainability_agency_coordination_committee,1,1,1,Group
groundwater_sustainability_agency_description,1,1,1,NA
groundwater_sustainability_agency_education,1,1,1,NA
groundwater_sustainability_agency_eligible_agencies,1,1,1,Group
groundwater_sustainability_agency_formation,1,1,1,Natural_Feature
groundwater_sustainability_agency_formation_agreements_and_collaboration_agreements,1,1,1,Group
groundwater_sustainability_agency_formation_and_coordination,1,1,1,NA
groundwater_sustainability_agency_formation_and_coordination_during_phase,1,1,1,NA
groundwater_sustainability_agency_groundwater_level,1,1,1,NA
groundwater_sustainability_agency_groundwater_sustainability_agency,1,1,1,Other_GSA
groundwater_sustainability_agency_implementation_annual_reports,1,1,1,Technical
groundwater_sustainability_agency_implementation_figure,1,1,1,Reference
groundwater_sustainability_agency_july_7_2017,1,1,1,NA
groundwater_sustainability_agency_management_enforcement,1,1,1,NA
groundwater_sustainability_agency_managers_group,1,1,1,Group
groundwater_sustainability_agency_operations_administration,1,1,1,NA
groundwater_sustainability_agency_project_manager,1,1,1,NA
groundwater_sustainability_agency_public_live_event,1,1,1,NA
groundwater_sustainability_agency_representatives_and_alternative_representatives,1,1,1,NA
groundwater_sustainability_agency_standing_committees,1,1,1,Group
groundwater_sustainability_agency_sustainability_goalma_portal,1,1,1,NA
groundwater_sustainability_agency_technical_team,1,1,1,Technical
groundwater_sustainability_agency_updates,1,1,1,NA
groundwater_sustainability_agency_website_date,1,1,1,NA
groundwater_sustainability_authority,1,1,1,Group
groundwater_sustainability_basin_prioritization,1,1,1,NA
groundwater_sustainability_committee_chair,1,1,1,NA
groundwater_sustainability_department,1,1,1,Group
groundwater_sustainability_operations,1,1,1,NA
groundwater_sustainability_plan_3584,1,1,1,NA
groundwater_sustainability_plan_391_incorporation,1,1,1,NA
groundwater_sustainability_plan_administrator,1,1,1,NA
groundwater_sustainability_plan_adoption_meeting,1,1,1,NA
groundwater_sustainability_plan_adoption_process,1,1,1,NA
groundwater_sustainability_plan_advisory_committee_and_future_advisory_work_group,1,1,1,Group
groundwater_sustainability_plan_advisory_committee_department_of_fish_and_wildlife,1,1,1,NA
groundwater_sustainability_plan_alternative_submittal,1,1,1,NA
groundwater_sustainability_plan_annotated_outline_guidance_document,1,1,1,NA
groundwater_sustainability_plan_annual_report,1,1,1,Technical
groundwater_sustainability_plan_annual_report_elements_guide_template,1,1,1,Technical
groundwater_sustainability_plan_annual_report_overview,1,1,1,Technical
groundwater_sustainability_plan_area,1,1,1,Geographic_Unit
groundwater_sustainability_plan_board,1,1,1,Group
groundwater_sustainability_plan_chapter_review_process,1,1,1,NA
groundwater_sustainability_plan_city,1,1,1,NA
groundwater_sustainability_plan_comment_committee,1,1,1,Group
groundwater_sustainability_plan_consultants,1,1,1,NA
groundwater_sustainability_plan_consultants_a,1,1,1,NA
groundwater_sustainability_plan_content,1,1,1,NA
groundwater_sustainability_plan_content_review,1,1,1,NA
groundwater_sustainability_plan_development_process,1,1,1,NA
groundwater_sustainability_plan_development_water_forum,1,1,1,NA
groundwater_sustainability_plan_draft,1,1,1,NA
groundwater_sustainability_plan_emergency_regulations_guide_2,1,1,1,NA
groundwater_sustainability_plan_emergency_regulations_regulations,1,1,1,Legal
groundwater_sustainability_plan_emergency_regulations_section_3536,1,1,1,Reference
groundwater_sustainability_plan_financing,1,1,1,NA
groundwater_sustainability_plan_goal,1,1,1,NA
groundwater_sustainability_plan_groundwater,1,1,1,NA
groundwater_sustainability_plan_implementation_ad_hoc_committee,1,1,1,Group
groundwater_sustainability_plan_implementation_and_funding_costs,1,1,1,NA
groundwater_sustainability_plan_implementation_budget,1,1,1,NA
groundwater_sustainability_plan_implementation_components,1,1,1,NA
groundwater_sustainability_plan_implementation_funding,1,1,1,NA
groundwater_sustainability_plan_implementation_funds_development,1,1,1,NA
groundwater_sustainability_plan_implementation_program,1,1,1,NA
groundwater_sustainability_plan_implementation_support_activity,1,1,1,NA
groundwater_sustainability_plan_joint_implementation_activities_implementation,1,1,1,NA
groundwater_sustainability_plan_manager,1,1,1,NA
groundwater_sustainability_plan_monitoring_field_lead,1,1,1,Technical
groundwater_sustainability_plan_monitoring_program,1,1,1,Technical
groundwater_sustainability_plan_objectives_the_riverside_arlington_groundwater_subbasin,1,1,1,Basin
groundwater_sustainability_plan_outreach,1,1,1,NA
groundwater_sustainability_plan_outreach_strategies,1,1,1,NA
groundwater_sustainability_plan_preparation,1,1,1,NA
groundwater_sustainability_plan_public_notice_and_adoption,1,1,1,NA
groundwater_sustainability_plan_public_workshop,1,1,1,NA
groundwater_sustainability_plan_purpose,1,1,1,NA
groundwater_sustainability_plan_quality_assurance,1,1,1,NA
groundwater_sustainability_plan_related,1,1,1,NA
groundwater_sustainability_plan_review_and,1,1,1,NA
groundwater_sustainability_plan_review_and_evaluation,1,1,1,NA
groundwater_sustainability_plan_review_draft,1,1,1,NA
groundwater_sustainability_plan_review_process_comments,1,1,1,NA
groundwater_sustainability_plan_section_2,1,1,1,Reference
groundwater_sustainability_plan_section_87,1,1,1,Reference
groundwater_sustainability_plan_section_9,1,1,1,Reference
groundwater_sustainability_plan_studies,1,1,1,NA
groundwater_sustainability_plan_study,1,1,1,NA
groundwater_sustainability_plan_subbasin,1,1,1,Basin
groundwater_sustainability_plan_subbasin_planning_committee,1,1,1,Group
groundwater_sustainability_plan_submittal_guidance,1,1,1,NA
groundwater_sustainability_plan_valley_advisory_committee,1,1,1,Group
groundwater_sustainability_planning_process,1,1,1,NA
groundwater_sustainable_plan_advisory_committee,1,1,1,Group
groundwater_sustainable_plans,1,1,1,Technical
groundwater_technical_assistance_network,1,1,1,Technical
groundwater_trend_monitoring_plan,1,1,1,Technical
groundwater_user_information_data_exchange,1,1,1,Technical
groundwaters_protection_areas_department_of_pesticide_regulation,1,1,1,Legal
group_1_scenario,1,1,1,NA
group_1_scenarios,1,1,1,NA
group_3_project,1,1,1,Water_Project
group_representatives,1,1,1,NA
groups_1_and_2,1,1,1,NA
grover_junction,1,1,1,NA
grow,1,1,1,NA
grower_multi_agency,1,1,1,Group
grower_shipper_association_of_central_california,1,1,1,State_Gov
growers,1,1,1,NA
gsa10119,1,1,1,NA
gsa_description,1,1,1,NA
gsa_organization,1,1,1,NA
gsflow_model_development_calibration,1,1,1,Technical
gslfow,1,1,1,NA
gspa,1,1,1,NA
gss,1,1,1,NA
gssi_model,1,1,1,Technical
gtmps,1,1,1,NA
gu0588_f,1,1,1,NA
gu0753,1,1,1,NA
guadalupe_rivera,1,1,1,NA
guidelines_and_standard_procedures_for_continuous_water_quality_monitors,1,1,1,Technical
guidelines_responsibilities_board_of_directors_board,1,1,1,Group
guiding_principles_and_communication_and_engagement,1,1,1,NA
gulling,1,1,1,NA
guzman,1,1,1,NA
gw_banking,1,1,1,NA
gw_committee,1,1,1,Group
gw_conditions,1,1,1,NA
gw_extrac,1,1,1,NA
gw_management_plan_objectives,1,1,1,NA
gw_recharge_gw_extraction,1,1,1,NA
gwac,1,1,1,NA
gwf,1,1,1,NA
gwpas,1,1,1,NA
gws_water_budget_analysis,1,1,1,NA
gyrinidae,1,1,1,NA
h7,1,1,1,NA
h_alyson,1,1,1,NA
h_g_thomasson,1,1,1,NA
h_i,1,1,1,NA
h_notices,1,1,1,NA
h_sources,1,1,1,NA
h_st,1,1,1,NA
hadley_and,1,1,1,NA
hadsville_creek,1,1,1,Natural_Feature
hagman,1,1,1,NA
haley_k_ryan,1,1,1,NA
hamilton_city_cal_water,1,1,1,NA
hamilton_city_ranch_farm_cleanup_program_site,1,1,1,NA
hamilton_city_with,1,1,1,NA
hammil,1,1,1,NA
hannah_ranch_flood_control_project,1,1,1,Water_Project
hanson_and,1,1,1,NA
happy_creek,1,1,1,Natural_Feature
hardwood_subdivision_of_dunnigan,1,1,1,NA
harlan_creek,1,1,1,Natural_Feature
harlan_project,1,1,1,Water_Project
harmon_barrancas,1,1,1,NA
harris_farms,1,1,1,NA
harris_ranch_inn_restaurant,1,1,1,NA
harter_et_al,1,1,1,NA
harter_t,1,1,1,NA
hartling,1,1,1,NA
harvest_water_project,1,1,1,Water_Project
has_units_data,1,1,1,Technical
hasps,1,1,1,NA
hathaway_law_firm,1,1,1,NA
haven_court_ca,1,1,1,NA
hayward_city_council,1,1,1,Group
hayward_groundwater_sustainability_agency_board,1,1,1,Group
hayward_groundwater_sustainability_agency_board_of_directors,1,1,1,Group
hayward_project_financing_pursuant,1,1,1,NA
hayward_well_d_on,1,1,1,NA
hb,1,1,1,NA
hdr,1,1,1,NA
head_boundary,1,1,1,NA
headrick,1,1,1,NA
health_and_safety,1,1,1,NA
health_and_safety_tuolumne,1,1,1,NA
heather_bashian,1,1,1,NA
hebdon_electronics_et_al,1,1,1,NA
hebron,1,1,1,NA
heidi_bauer,1,1,1,NA
helen_k,1,1,1,NA
hello_eric,1,1,1,NA
hemet_basin,1,1,1,Basin
hemet_groundwater_management,1,1,1,NA
hemet_san_jacinto_groundwater,1,1,1,NA
hemet_san_jacinto_water_management_plan,1,1,1,Technical
henry_miller_water_district_board_of_directors,1,1,1,Group
heptachlor,1,1,1,NA
heptachlor_epoxide,1,1,1,NA
hercules_powder_company,1,1,1,NA
heritage_oaks_equestrian_community_specific_plan,1,1,1,Technical
heritage_ranch_committee,1,1,1,Group
hermon_south_scotts_valley,1,1,1,Geographic_Unit
hexavalent_chromium,1,1,1,NA
hexavalent_chromium_maximum_contaminant_level,1,1,1,NA
hg,1,1,1,NA
hgl,1,1,1,NA
hhoooooommmmmm_hhoooooommmmmm,1,1,1,NA
hidden_dam_and,1,1,1,NA
high,1,1,1,NA
high_medium,1,1,1,NA
high_speed_rail_project,1,1,1,Water_Project
highland_economics,1,1,1,NA
highways,1,1,1,NA
hill,1,1,1,NA
hill_canyon_wwtp,1,1,1,NA
hills_valley_irrigation_district_hills_valley_irrigation_district,1,1,1,District
hillside_water_company,1,1,1,NA
hilmar_cheese_company,1,1,1,NA
hilmar_community_plan,1,1,1,Technical
hilton_creek_watering_system,1,1,1,NA
himalayan_species,1,1,1,NA
hinebaugh_creek,1,1,1,Natural_Feature
historic_line,1,1,1,NA
historic_low_wl,1,1,1,NA
historic_low_wl_historic_low_wl,1,1,1,NA
historic_water_budget,1,1,1,NA
historical_conditions_water_budget,1,1,1,NA
historical_data_review_conclusions,1,1,1,Technical
historical_local_supplies_local,1,1,1,NA
historical_model_heidi,1,1,1,Technical
history_sutherland_reservoir,1,1,1,Infrastructure
histosols,1,1,1,NA
hl,1,1,1,NA
hmx,1,1,1,NA
hmx_octogen,1,1,1,NA
hnrg,1,1,1,NA
hoboware_pro,1,1,1,NA
hodges,1,1,1,NA
hodges_reservoir_surface,1,1,1,NA
holland,1,1,1,NA
hollister_area_subbasin,1,1,1,Basin
hollister_subbasin_portions,1,1,1,NA
holly_field,1,1,1,NA
holmes_street,1,1,1,NA
holocene_alluvium,1,1,1,Natural_Feature
holthouse_wd,1,1,1,NA
home,1,1,1,NA
home_garden_community_services_district_home_garden_csd,1,1,1,NA
hon,1,1,1,NA
hopkins_geologic_cross,1,1,1,NA
hopkins_study,1,1,1,NA
hopland_valley,1,1,1,Geographic_Unit
horizon_water_and_environment_for,1,1,1,NA
horst,1,1,1,NA
horton_brothers,1,1,1,NA
hortonian,1,1,1,NA
hospital_atascadero_state_hospital,1,1,1,NA
household_supply,1,1,1,NA
how_was,1,1,1,NA
how_will_be_accomplished,1,1,1,NA
howard,1,1,1,NA
howard_j,1,1,1,NA
howard_road,1,1,1,NA
however,1,1,1,NA
htp,1,1,1,NA
httpsdwrmapsarcgiscomappswebappviewerindexhtmlid181078580a214c0986e2da28f862,1,1,1,NA
httpsdwrmapsarcgiscomappswebappviewerindexhtmlid181078580a214c0986e2da28f8623b37,1,1,1,NA
httpsnwiswaterdatausgsgovcanwiswys_rptsite_no11456000agency_cdusgs_united_states_fish_and_wildlife_service,1,1,1,Technical
httpswatercagovlibrarymodelingand_analysis_modeling_platforms_integrated_water_flow_model_demand_calculator,1,1,1,Technical
httpswatercagovprogramsstatewater_project_water_quality_discrete_grab_samples,1,1,1,NA
httpswdlwatercagov,1,1,1,NA
httpswwdcagovaboutwestlandsadditional,1,1,1,NA
httpswwdcagovwatermanagementgroundwater,1,1,1,NA
httpswwwcomontereycaushomeshowpublisheddocument87229637177055290800000_43,1,1,1,NA
httpswwwsandiegocountygovcontentsdcpdssgmasanpasqualvalleyhtml,1,1,1,NA
httpswwwtejoncastacwdcom,1,1,1,NA
httpswwwyologroundwaterorg,1,1,1,NA
httpwwwunitedwaterorgimagesstoriesreportsgwconditionsreports201320gw20and20sw20conditions20report20_groundwater_united_water_conservation_district,1,1,1,District
huang,1,1,1,NA
hubbs_miner_ditch_company,1,1,1,NA
huer,1,1,1,NA
hugh_baber_lane,1,1,1,NA
huhtamaki,1,1,1,NA
human_resources_and_county,1,1,1,County
human_right_to,1,1,1,NA
human_right_to_water_framework_and,1,1,1,NA
humberto_izquierdo,1,1,1,NA
humboldt_association,1,1,1,Group
humboldt_coimty_department_of,1,1,1,NA
humboldt_cotmty_department_of,1,1,1,NA
humboldt_county_department_ofpublic_works,1,1,1,NA
humboldt_county_general_fund,1,1,1,NA
humboldt_county_groundwater_sustainability_agency_board_directors,1,1,1,NA
huntington,1,1,1,NA
hunts,1,1,1,NA
hurlbut_road_well,1,1,1,NA
huron_land,1,1,1,NA
hutton,1,1,1,NA
hwg_chapter_5,1,1,1,NA
hwy,1,1,1,NA
hyatt,1,1,1,NA
hydraulic_conductivities_hydraulic,1,1,1,NA
hydraulic_conductivity,1,1,1,NA
hydraulic_conductivity_aquifer,1,1,1,Natural_Feature
hydraulic_heads_for,1,1,1,NA
hydraulically_disconnected,1,1,1,NA
hydrogeologic_conceptual_model_and_groundwater_conditions,1,1,1,Technical
hydrogeologic_conceptual_model_consistent,1,1,1,Technical
hydrogeologic_conceptual_model_data_gaps_data,1,1,1,Technical
hydrogeologic_conceptual_model_for_the_subbasin,1,1,1,Basin
hydrogeologic_conceptual_model_groundwater_conditions,1,1,1,Technical
hydrogeologic_conceptual_model_groundwater_conditions_c,1,1,1,Technical
hydrogeologic_conceptual_model_of_the_basin,1,1,1,Basin
hydrogeologic_conceptual_model_regional_geologic_and,1,1,1,Technical
hydrogeologic_conceptual_model_section_22,1,1,1,Reference
hydrogeologic_conceptual_model_the_hydrogeologic_conceptual_model,1,1,1,Technical
hydrogeologic_controls_and_geochemical_indicators_of_groundwater_movement,1,1,1,NA
hydrogeologic_description,1,1,1,NA
hydrogeologic_framework,1,1,1,NA
hydrogeologic_framework_sierra_valley,1,1,1,Geographic_Unit
hydrogeologic_information,1,1,1,Natural_Feature
hydrogeologic_subbasin,1,1,1,Basin
hydrogeologic_technical_memorandum,1,1,1,Technical
hydrogeologic_understanding_of_the,1,1,1,NA
hydrogeologic_units,1,1,1,NA
hydrogeologic_zones,1,1,1,Geographic_Unit
hydrogeologic_zones_coordination,1,1,1,NA
hydrogeology_hydrology_geology,1,1,1,NA
hydrogeology_study_of_yuba_goldfields_phase_ii_report,1,1,1,Technical
hydrographs_appendix_d,1,1,1,Reference
hydrographs_upstream,1,1,1,NA
hydrography_dataset,1,1,1,Technical
hydrolog_ic_reso,1,1,1,NA
hydrologic,1,1,1,NA
hydrologic_conceptual_model_technical_memorandum,1,1,1,Technical
hydrologic_data_webpage,1,1,1,Technical
hydrologic_soil_group_c,1,1,1,NA
hydrologic_soils_groups,1,1,1,Group
hydrological_engineers,1,1,1,NA
hydrological_simulation_program,1,1,1,NA
hydrology_and_water_quality,1,1,1,NA
hydrology_model_stream,1,1,1,Technical
hydrology_water_quality_climate_change,1,1,1,NA
hyperion_2035,1,1,1,NA
i_census_places_x_1_page,1,1,1,Reference
i_description_and_background_of_the_eel_river_valley_basin,1,1,1,Basin
i_development,1,1,1,NA
i_groups,1,1,1,Group
i_hicham_eltal,1,1,1,NA
i_purpose_of_report,1,1,1,Technical
i_salinas_valley_basingsa,1,1,1,Other_GSA
i_site,1,1,1,NA
i_woodard_curran,1,1,1,NA
ibid260,1,1,1,NA
icp_us_environmental_protection_agency,1,1,1,Group
ics,1,1,1,NA
id4_service_area,1,1,1,Geographic_Unit
id4_uwmp,1,1,1,NA
identi,1,1,1,NA
identification_of_interconnected_surface_water_bodies_figure,1,1,1,Reference
identify,1,1,1,NA
identify_management_area_outreach,1,1,1,NA
igs_department_of_rehabilitationis,1,1,1,NA
ii,1,1,1,NA
ii_central_valleyp_contractor_variable_name,1,1,1,NA
iiic_depth_to_walari,1,1,1,NA
ikes_harris_muskgrave,1,1,1,NA
ill,1,1,1,NA
illegal_diversions_account,1,1,1,NA
ilof,1,1,1,NA
image_classification,1,1,1,NA
immigration_and_customs_enforcement,1,1,1,Federal_Gov
impact_sciences,1,1,1,NA
imperial_1996_commission,1,1,1,Group
imperial_college_london,1,1,1,NA
imperial_counties,1,1,1,NA
imperial_valley,1,1,1,Geographic_Unit
implement,1,1,1,NA
implement_project_and_management_actions,1,1,1,NA
implement_projects_and_management_actions,1,1,1,NA
implementation3,1,1,1,NA
implementation_221_piezometer_construction_equipment_installation_site_commissioning_and_maintenance,1,1,1,NA
implementation_a_managed_aquifer_recharge_project,1,1,1,Water_Project
implementation_cost_estimate,1,1,1,NA
implementation_medium,1,1,1,NA
implementation_mullin_area_groundwater_sustainability_agency_plan_implementation_schedule,1,1,1,NA
implementation_of_land_use_plans_outside,1,1,1,NA
implementation_planning,1,1,1,NA
implementation_plans,1,1,1,Technical
implementation_research,1,1,1,NA
implementation_timetable,1,1,1,NA
implementation_timing_criteria_accrual_for_implementation_of_benefits,1,1,1,NA
implemented_capital_cost_benefit,1,1,1,NA
imported_water_project_option_1,1,1,1,NA
improve_coordination_and_planning_integration,1,1,1,NA
improvement_district_11135250,1,1,1,NA
in,1,1,1,NA
inceptisols,1,1,1,NA
incidental_take_permit,1,1,1,NA
includes_irrigation_water_year_type,1,1,1,NA
incomplete_3,1,1,1,NA
incorporate,1,1,1,NA
incorporated_city,1,1,1,NA
incorporating_regulatory_programs,1,1,1,NA
incorporation,1,1,1,NA
incorporation_into_groundwater_sustainability_plan_information,1,1,1,Natural_Feature
indemnifying_party,1,1,1,NA
independent_demand_calculator,1,1,1,NA
independent_slopes_model_ps,1,1,1,Technical
indi_l_suppli_es,1,1,1,NA
indian_wells_valley_groundwater_authority_pumper_group_allocation,1,1,1,NA
indian_wells_valley_groundwater_authority_water_resources_manager,1,1,1,NA
indian_wells_valley_resource_opportunity_plan_water_availability_and_conservation_report,1,1,1,Technical
indicates_flows_less,1,1,1,NA
indicatorsb,1,1,1,NA
indirect_groundwater,1,1,1,NA
indirect_potable_reuse_feasibility_study,1,1,1,NA
industrial,1,1,1,NA
industrial_agriculture_wildlife_preserve,1,1,1,NA
industrial_and_commercial_page,1,1,1,Reference
industrial_groundwater_figure,1,1,1,Reference
industrial_pumping,1,1,1,NA
inflow_ag,1,1,1,NA
information,1,1,1,Natural_Feature
information_and_methodology,1,1,1,NA
information_planning_and_consultation,1,1,1,NA
information_system,1,1,1,Technical
informational,1,1,1,NA
informe_anual_y_actualizaciones_quinquenales_del_groundwater_sustainability_plan_después_de_la_presentación_del_groundwater_sustainability_plan,1,1,1,Technical
informes,1,1,1,NA
informes_de_reducciones_de_bombeo,1,1,1,NA
infosloughousercdorg,1,1,1,NA
infrastructure,1,1,1,NA
infrastructure_improvement,1,1,1,NA
infrastructure_improvement_act,1,1,1,Legal
initial_groundwater_sustainability_plan,1,1,1,Technical
initiated,1,1,1,NA
inland_empire_brineline,1,1,1,NA
inland_private_well_area,1,1,1,Geographic_Unit
inn,1,1,1,NA
insar_monitoring_for_land_subsidence,1,1,1,Technical
insects_other,1,1,1,NA
inspection_of_well_site_a,1,1,1,NA
institute_for_fisheries_resources,1,1,1,NA
integrated_groundwater_management_plan,1,1,1,Technical
integrated_groundwater_surface_water_model,1,1,1,Technical
integrated_hydrologic,1,1,1,NA
integrated_hydrologic_model_overview,1,1,1,Technical
integrated_regional_planning_section_3,1,1,1,Reference
integrated_regional_water_management_act,1,1,1,Legal
integrated_regional_water_management_plan_and_groundwater_manage_ment_plans,1,1,1,Technical
integrated_regional_water_management_planning,1,1,1,NA
integrated_regional_water_management_planning_grant_task,1,1,1,NA
integrated_regional_water_management_plans,1,1,1,Technical
integrated_regional_water_management_plans_and_groundwater_manage_ment_plans,1,1,1,Technical
integrated_regional_water_management_region,1,1,1,Geographic_Unit
integrated_regional_water_medium,1,1,1,NA
integrated_regional_water_medium_implementation_grants,1,1,1,NA
integrated_regional_watersheds,1,1,1,NA
integrated_waste_management_board,1,1,1,Group
integrated_water_flow_evapotranspiration,1,1,1,NA
integrated_water_flow_model_version_2015,1,1,1,Technical
inter_basin,1,1,1,Basin
inter_basin_coordination,1,1,1,NA
inter_basin_coordination_report,1,1,1,Technical
inter_basin_surface_water_transfers_or_exchanges,1,1,1,NA
inter_district_group,1,1,1,Group
inter_district_transfer_for_conjunctive_use,1,1,1,NA
inter_inc,1,1,1,NA
intera_inc,1,1,1,NA
intera_work,1,1,1,NA
interagency,1,1,1,Group
interagency_coordination,1,1,1,NA
interagency_coordination_olcese_groundwater_sustainability_agency,1,1,1,Other_GSA
interbasin_flow,1,1,1,NA
interconectadas_además_de_las_áreas_de_groundwater_dependent_ecosystem,1,1,1,Natural_Feature
interconnected_surface_water_management_zones,1,1,1,Geographic_Unit
interconnected_surface_water_smc,1,1,1,NA
interested_monitoring_network,1,1,1,Technical
interested_sustainable_high_school,1,1,1,NA
interferometic_synthetic_aperture_radar,1,1,1,NA
interferometric_synthetic_aperture_radar_interferometric_synthetic_aperture_radar,1,1,1,NA
intergovernmental_data_quality_task_force_intergovernmental_data_quality_task_force_lcs,1,1,1,Technical
intergovernmental_panel,1,1,1,NA
intergovernmental_services_agreement,1,1,1,Group
interim_milestones_section_6,1,1,1,Reference
interim_operations_model,1,1,1,Technical
interlake,1,1,1,Natural_Feature
intermittent_streams,1,1,1,NA
internal_climate_solar_radiation_daily,1,1,1,NA
internal_communication_internal_communication,1,1,1,NA
internal_document_author,1,1,1,NA
internal_groundwater_water_marketing_program,1,1,1,NA
international_astronomical_union,1,1,1,NA
international_union_of_geodesy,1,1,1,NA
interpretation_of_data,1,1,1,Technical
interties,1,1,1,NA
intra_basin,1,1,1,Basin
intra_basin_coordination,1,1,1,NA
intra_basin_coordination_agreement,1,1,1,Group
intra_basin_coordination_intra,1,1,1,NA
intrabasin,1,1,1,Basin
introduction_climate,1,1,1,NA
introduction_groundwater_sustainability_plan_working_group,1,1,1,Group
introduction_napa_county,1,1,1,County
introduction_sustainable_management_criteria,1,1,1,NA
intrusion,1,1,1,NA
inventory,1,1,1,NA
investigation_feasibility_study,1,1,1,NA
investigation_of_interactions,1,1,1,NA
investigation_of_source_of,1,1,1,NA
investigative_orders_to_refineries,1,1,1,NA
invite_trevor,1,1,1,NA
inyo_county_general_plan_update,1,1,1,NA
inyo_county_superior_court,1,1,1,NA
inyo_county_water_commission,1,1,1,Group
inyo_county_water_director,1,1,1,NA
inyo_water_department,1,1,1,Group
io_sp0029,1,1,1,NA
ione_formation_of_middle_eocene,1,1,1,NA
ip,1,1,1,NA
irideus,1,1,1,NA
iron_iron,1,1,1,NA
ironhouse_sanitary,1,1,1,NA
irrigated,1,1,1,NA
irrigated_lands_regulatory_program_waste_discharge_requirements,1,1,1,NA
irrigation_company,1,1,1,NA
irrigation_district_act,1,1,1,Legal
irrigation_district_contra_costa_county,1,1,1,County
irrigation_management_information_system_oakville,1,1,1,NA
irrigation_management_information_system_precipitation_data,1,1,1,Technical
irrigation_system_improvement_program,1,1,1,NA
irrigation_technology_and_research_center,1,1,1,NA
irrigation_training_and_research_center_a,1,1,1,NA
irrigation_training_and_research_center_mapping_evapotranspiration,1,1,1,NA
irrigation_training_and_research_center_mapping_evapotranspiration_at_high_resolution_with_internalized_calibration_et_data,1,1,1,Technical
irvine,1,1,1,City
irwa,1,1,1,NA
irwp,1,1,1,NA
is_inadequate,1,1,1,NA
is_inadequate_with_respect_to_groundwater_levels_and_groundwater,1,1,1,NA
is_inadequate_with_respect_to_groundwater_levels_and_groundwater_quality,1,1,1,NA
is_riverkeeper,1,1,1,NA
isa_11,1,1,1,NA
isa_3,1,1,1,NA
isaac_l_st_lawrence,1,1,1,NA
isabella,1,1,1,NA
isabella_dam_and_reservoir,1,1,1,Infrastructure
isabella_dam_safety_modification,1,1,1,NA
isleton_planning_area,1,1,1,Geographic_Unit
isolated_springs,1,1,1,NA
isotech_labs_of_champaign,1,1,1,NA
isotopic_recharge_study,1,1,1,NA
isw_maps_sustainable_groundwater_management_act,1,1,1,Legal
item,1,1,1,NA
item_12b,1,1,1,NA
itrc_results,1,1,1,NA
ivanhoe_section,1,1,1,Reference
ivydene_water_company_lingate_lane_mutual_water_company,1,1,1,NA
j_comment,1,1,1,NA
j_e_upson,1,1,1,NA
j_j,1,1,1,NA
j_pablo_ortiz,1,1,1,NA
j_the_city_of_modesto,1,1,1,City
j_turner,1,1,1,NA
ja,1,1,1,NA
jackson_rd,1,1,1,NA
jackson_turbidity_units_surface_water_quality_type,1,1,1,NA
jackson_valley_irrigation_district_board_room,1,1,1,NA
jacobs_engineering_group,1,1,1,Group
jam_mutual_water_company,1,1,1,NA
james_hall_family_trust,1,1,1,NA
james_irrigation_district_resolution_no,1,1,1,NA
james_p_stall,1,1,1,NA
james_worth,1,1,1,NA
jameson_american_cl,1,1,1,NA
jamison_crosby,1,1,1,NA
jamul,1,1,1,City
janette_lupercio,1,1,1,NA
january_4_2019,1,1,1,NA
jared_huffman,1,1,1,NA
jarrod,1,1,1,NA
jasmene,1,1,1,NA
jason_scheer,1,1,1,NA
jd_hughes,1,1,1,NA
jeff_mount,1,1,1,NA
jennifer_paretti,1,1,1,NA
jerry_gragnani_division,1,1,1,NA
jessie_maxfield,1,1,1,NA
jim,1,1,1,NA
jim_anderson,1,1,1,NA
jim_stilwell,1,1,1,NA
jo_intl_y,1,1,1,NA
joaquin_delta,1,1,1,NA
joaquin_integrated_regional_water_managementp,1,1,1,NA
joaquin_subbasin_groundwater_sustainability_plan,1,1,1,Technical
joaquin_subbasins,1,1,1,Basin
joe_cardoza,1,1,1,NA
joe_ferrara,1,1,1,NA
johannesburg,1,1,1,City
john_e,1,1,1,NA
john_izbicki,1,1,1,NA
john_logan,1,1,1,NA
john_phillips,1,1,1,NA
john_ricker_water_resources,1,1,1,NA
john_shribbs,1,1,1,NA
john_young,1,1,1,NA
johnson_salinas_company,1,1,1,NA
joint_board_meeting,1,1,1,NA
joint_districts_scada,1,1,1,NA
joint_exercise_of_power_act,1,1,1,Legal
joint_exercise_of_power_agreement,1,1,1,Group
joint_exercise_of_powers_act,1,1,1,Legal
joint_groundwater_sustainability_agency_board,1,1,1,Group
joint_groundwater_sustainability_agency_board_meeting,1,1,1,NA
joint_land_use_study,1,1,1,NA
joint_main_canal,1,1,1,NA
joint_powers_agency,1,1,1,Group
joint_powers_agreement_and,1,1,1,NA
joint_powers_agreement_outline,1,1,1,NA
joint_powers_agreements,1,1,1,Group
joint_powers_authority_board,1,1,1,Group
joint_powers_authority_board_meetings_representatives,1,1,1,NA
joint_underwriters,1,1,1,NA
joint_water_districts_board,1,1,1,Group
jonathan_hakim,1,1,1,NA
jonathan_om_manager,1,1,1,NA
jones_stokes,1,1,1,NA
jordan,1,1,1,NA
jose_luis_valdez,1,1,1,NA
joseph_walker,1,1,1,NA
josh_rogers,1,1,1,NA
josiah_arnold,1,1,1,NA
joyce_lane,1,1,1,NA
jpa_exhibit_d,1,1,1,Reference
juan_de_fuca_gorda,1,1,1,NA
juniper_village_farm_labor_housing,1,1,1,NA
juniper_woodland,1,1,1,NA
jurassic,1,1,1,NA
jurgens,1,1,1,NA
justification_for_management_areas,1,1,1,Geographic_Unit
justin_court,1,1,1,NA
justin_stiegemeyer,1,1,1,NA
k_j_0889026_page_4_united_water_conservation_district,1,1,1,District
k_j_j,1,1,1,NA
kalman,1,1,1,NA
kammermeyer,1,1,1,NA
karen_m_avinelis,1,1,1,NA
kathy_cline,1,1,1,NA
katie_smith,1,1,1,NA
kaweah_alluvial_fan,1,1,1,NA
kaweah_basin_water_quality_coalition,1,1,1,NA
kaweah_delta_water_conservation,1,1,1,NA
kaweah_delta_water_conservation_district_california_department_of_transportation,1,1,1,State_Gov
kaweah_delta_water_conservation_district_kaweah_delta_water_conservation_district,1,1,1,District
kaweah_delta_water_conservation_district_land_surface_elevation_monitoring_network,1,1,1,Technical
kaweah_river,1,1,1,Natural_Feature
kaweah_subbasin_coordinated_mou,1,1,1,Group
kdsa_technical_memorandum,1,1,1,Technical
kear_2005,1,1,1,NA
kearny_mesa,1,1,1,NA
keeler_wolf_t,1,1,1,NA
kegg_meadow_enhancement,1,1,1,NA
keith_abeles,1,1,1,NA
keith_abercrombie,1,1,1,NA
kelly_a,1,1,1,NA
kelly_l_whitledge,1,1,1,NA
kelsey_creek_streamflow,1,1,1,NA
kelseyville_formations,1,1,1,Natural_Feature
kem_board_of_supervisors,1,1,1,Group
ken,1,1,1,NA
ken_kirkey,1,1,1,NA
ken_schmidt,1,1,1,NA
kennedy_area,1,1,1,Geographic_Unit
kennedy_jenks_model_extent_and_ma_model_extent,1,1,1,Technical
kenneth,1,1,1,NA
kenneth_d_schmidt_associates_groundwater_quality_consultants,1,1,1,NA
kenwood_gages_daily_discharge,1,1,1,NA
kepware_server,1,1,1,NA
kerman_news,1,1,1,NA
kern_ag_pavilion,1,1,1,NA
kern_county_board_of_supervisors,1,1,1,Group
kern_county_buena,1,1,1,NA
kern_county_environmental_health_division,1,1,1,NA
kern_county_farmers_bureau,1,1,1,NA
kern_county_municipal_code_section_1408210,1,1,1,Reference
kern_county_planning_framework,1,1,1,NA
kern_county_subbasin_groundwater_sustainability_plan,1,1,1,Technical
kern_county_subbasin_plan,1,1,1,Technical
kern_county_update_table,1,1,1,Reference
kern_county_water_agency_todd_groundwater,1,1,1,NA
kern_delta_water_district_board_of_directors,1,1,1,Group
kern_delta_water_district_water_allocation_plan,1,1,1,Technical
kern_delta_wd,1,1,1,NA
kern_front,1,1,1,NA
kern_ground,1,1,1,NA
kern_groundwater_authority_basin_setting,1,1,1,Geographic_Unit
kern_groundwater_authority_board_of_directors,1,1,1,Group
kern_groundwater_authority_communication_engagement_plan,1,1,1,Technical
kern_groundwater_authority_groundwater_sustainability_agency_community_engagement_plan,1,1,1,Technical
kern_groundwater_authority_groundwater_sustainability_agency_planning_manager,1,1,1,NA
kern_region,1,1,1,Geographic_Unit
kern_river_coordination_meetings,1,1,1,NA
kern_river_groundwater_sustainability_agency_agricultural_management_area_arsenic,1,1,1,NA
kern_river_groundwater_sustainability_agency_banking_management_area_arsenic,1,1,1,NA
kern_river_groundwater_sustainability_agency_urban_and_banking,1,1,1,NA
kern_subbasin_managers_group,1,1,1,Group
kern_tulare_water_district_draft,1,1,1,NA
kern_tulare_water_district_groundwater_sustainability_plan,1,1,1,Technical
ketchum_flood_control_recharge_project_project_type_recharge_basin_project_location,1,1,1,NA
kettleman,1,1,1,NA
kettleman_city_community_service_district,1,1,1,District
kevin_arnold,1,1,1,NA
kevin_c,1,1,1,NA
kevin_mckennon,1,1,1,NA
key_outreach_principles,1,1,1,NA
kilometers,1,1,1,NA
kimberly_craig,1,1,1,NA
kimberly_fernandez,1,1,1,NA
kingii,1,1,1,NA
kings_agreement,1,1,1,Group
kings_basin,1,1,1,Basin
kings_basin_coordination,1,1,1,NA
kings_basin_projected_water_budget,1,1,1,NA
kings_basin_projected_water_budget_table,1,1,1,Reference
kings_canyon_lineament,1,1,1,NA
kings_canyon_national_park,1,1,1,NA
kings_counties_measurable_objectivesu,1,1,1,NA
kings_county_kings_county,1,1,1,County
kings_county_ordinance,1,1,1,Legal
kings_groundwater_subbasin,1,1,1,Basin
kings_irrigation,1,1,1,NA
kings_river_alluvial_fan,1,1,1,NA
kings_river_canal_irrigation_company,1,1,1,NA
kings_river_conservation_district_division_4,1,1,1,NA
kings_river_flows,1,1,1,NA
kings_river_service_areas,1,1,1,Geographic_Unit
kings_river_subbasin,1,1,1,Basin
kings_river_supplies,1,1,1,NA
kings_river_water_association_2009,1,1,1,NA
kings_subbain,1,1,1,NA
kings_subbasin_boundary,1,1,1,NA
kings_subbasin_water_budget_similarly,1,1,1,NA
kings_subbasin_water_budget_table,1,1,1,Reference
kingsburg_irrigation_company,1,1,1,NA
kirby,1,1,1,NA
kirschenmann_road,1,1,1,NA
kit,1,1,1,NA
kk,1,1,1,NA
klamath_region,1,1,1,Geographic_Unit
klamath_river_reservoirs,1,1,1,Infrastructure
klausmeyer_k,1,1,1,NA
klein_denatale_goldner,1,1,1,NA
knights_valley,1,1,1,Geographic_Unit
knutson_meadow,1,1,1,NA
konikow,1,1,1,NA
konocti_vista_casino,1,1,1,NA
kosi_hills_resource_conservation_project,1,1,1,Water_Project
krista_monitoring_wellc_pw,1,1,1,Technical
kristian_alfelor,1,1,1,NA
krug,1,1,1,NA
krypton,1,1,1,NA
ksb1071,1,1,1,NA
ksb1628,1,1,1,NA
kuyler_crocker,1,1,1,NA
kvon_radio,1,1,1,NA
l1_3,1,1,1,NA
l_arsenic,1,1,1,NA
l_department_of_health_services,1,1,1,NA
l_elevated,1,1,1,NA
l_long,1,1,1,NA
l_o_angeles_city_council,1,1,1,Group
la_asistencia_de_voluntarios_de_la_comunidad_y_organizaciones,1,1,1,NA
la_implementación_del_groundwater_sustainability_plan,1,1,1,Technical
la_sección,1,1,1,NA
la_sección_10721,1,1,1,NA
la_sección_11,1,1,1,NA
la_sección_6,1,1,1,NA
la_sección_8,1,1,1,NA
label_seal_depth_attribute,1,1,1,NA
labolle,1,1,1,NA
labor_force_data_labor_force_employed_per_capita_income_unemployment,1,1,1,Technical
laboratories_and_sampling_services_inyo_county,1,1,1,County
laboratory_duplicate,1,1,1,NA
laboratory_turnaround_time_laboratory,1,1,1,NA
lacustrine_palustrine,1,1,1,NA
laguna_formation_the_laguna_formation,1,1,1,Natural_Feature
laguna_irrigation_district,1,1,1,District
laguna_mark,1,1,1,NA
laidlaw_environmental,1,1,1,NA
lake_county_code,1,1,1,Legal
lake_county_division_of_environmental_health,1,1,1,NA
lake_millerton,1,1,1,NA
lake_skinner,1,1,1,NA
lake_subbasin_board_agenda,1,1,1,NA
lakeview_groundwater_dependent_ecosystem_evaluation_unit_vegetation,1,1,1,NA
lambert_conformal_conic,1,1,1,NA
lamont_public_utilities_district_mw,1,1,1,NA
lamont_public_utility_district,1,1,1,District
lanare_community_services_district,1,1,1,District
lanare_community_services_district_the_lanare_community_services_district,1,1,1,District
lanare_csd,1,1,1,NA
land_area_representation,1,1,1,NA
land_conservancy_of_san_luis_obispo_county,1,1,1,County
land_conservation_act,1,1,1,Legal
land_or_water_use_authority,1,1,1,Group
land_subsidence_monitoring_data_gaps,1,1,1,Technical
land_subsidence_monitoring_high_resolution,1,1,1,Technical
land_subsidence_monitoring_network,1,1,1,Technical
land_subsidence_monitoring_network_4633_identification_of_data_gaps_beyond,1,1,1,Technical
land_subsidence_representative,1,1,1,NA
land_subsidence_the_undesirable_result_for_land_subsidence,1,1,1,NA
land_surface,1,1,1,NA
land_surface_checkpoints,1,1,1,NA
land_surface_subsidence_land,1,1,1,NA
land_sustainable_management,1,1,1,NA
land_system_annual_water_budget_gw,1,1,1,NA
land_trust,1,1,1,NA
land_use_circulation,1,1,1,NA
land_use_data_land,1,1,1,Technical
land_use_plans,1,1,1,Technical
land_use_plans_and_efforts_to_address_potential_risks_to_groundwater_quality_and_quantity_land,1,1,1,NA
land_use_plans_outside,1,1,1,NA
land_use_plans_outside_sutter_subbasin_land,1,1,1,NA
land_use_policies,1,1,1,Legal
land_use_policy_b111,1,1,1,NA
land_uses_department_of_water_resources_land_use_surveys,1,1,1,NA
landiq_data,1,1,1,Technical
landowner_meetings_webinar_tbd,1,1,1,NA
landsat_8,1,1,1,NA
landslide_deposits,1,1,1,NA
lang_gage,1,1,1,NA
langley_area,1,1,1,Geographic_Unit
langley_area_subbasin,1,1,1,Basin
larry_elliot,1,1,1,NA
larry_hirahara,1,1,1,NA
larry_walker_associates_inc,1,1,1,NA
las_condiciones_históricas_y,1,1,1,NA
las_elevaciones_de_aguas_subterráneas,1,1,1,NA
las_operaciones_cga,1,1,1,NA
las_posas_valley_outlying_areas,1,1,1,Geographic_Unit
las_recomendaciones,1,1,1,NA
lascd,1,1,1,NA
lassen_counties,1,1,1,NA
lassen_county_code,1,1,1,Legal
lassen_county_municipal_code,1,1,1,Legal
lassen_county_water_well_ordinance,1,1,1,Legal
lassen_groundwater_sustainability_agency_formation_public,1,1,1,NA
lassen_modoc_board_of_supervisors,1,1,1,Group
last_chance_main_canal,1,1,1,NA
lasthenia,1,1,1,NA
lateral,1,1,1,NA
lateral_b,1,1,1,NA
laton_community_service_district,1,1,1,District
laton_csd,1,1,1,NA
laton_library,1,1,1,NA
laura_foglia,1,1,1,NA
laurel_creek,1,1,1,Natural_Feature
laurel_sumac,1,1,1,NA
lawrence,1,1,1,NA
lawrence_livermore_lab,1,1,1,NA
lawrence_livermore_laboratory,1,1,1,NA
layer,1,1,1,NA
layer_4_layer_4,1,1,1,NA
layers_needs_assessment_arsenic_terms_of,1,1,1,NA
le,1,1,1,NA
le_grand_athlone_water_district,1,1,1,District
lead,1,1,1,NA
leadership_council_for_justice_accountability,1,1,1,NA
leadership_counsel_for_justice_and,1,1,1,NA
leading,1,1,1,NA
league_of_united_latin_american_citizens,1,1,1,NA
leah_brown,1,1,1,NA
legal,1,1,1,NA
legal_authority_article_6,1,1,1,NA
legal_authority_california_water_code_section,1,1,1,State_Gov
legal_authority_legal,1,1,1,NA
legal_authority_richvale_irrigation_district,1,1,1,District
legal_counsel,1,1,1,NA
legal_or_enforcement_actions,1,1,1,NA
legislative,1,1,1,NA
legislative_regulatory_requirement,1,1,1,NA
lemieux,1,1,1,NA
leptoceridae,1,1,1,NA
les_chau_project_manager,1,1,1,NA
leslie_bennett,1,1,1,NA
less,1,1,1,NA
lessalt_treatment_plan,1,1,1,Technical
levels_in_storage,1,1,1,NA
levi_paulin_department_of_water_resources,1,1,1,NA
lewis_creek,1,1,1,Natural_Feature
ley_de,1,1,1,NA
lgc,1,1,1,NA
liaison,1,1,1,NA
liberty_canal,1,1,1,NA
liberty_mill_race_company_inc,1,1,1,NA
liberty_yolo_bypass,1,1,1,NA
library,1,1,1,NA
lime_saddle,1,1,1,NA
limicola,1,1,1,NA
limited,1,1,1,NA
limnetic,1,1,1,NA
limnology,1,1,1,NA
lims,1,1,1,NA
lincoln_cota_percolation_ponds,1,1,1,NA
lincoln_road,1,1,1,NA
lincoln_village,1,1,1,City
lindcove_hamlet_plan,1,1,1,Technical
lindmore_exeter_dry_wells_project,1,1,1,Water_Project
lindsay_land_use_and,1,1,1,NA
lindsay_strathmore,1,1,1,NA
line_2776,1,1,1,NA
linear,1,1,1,NA
lingate_mutual_water_company,1,1,1,NA
lion_mountain_ranch,1,1,1,NA
lions_club_seeking_council_approval,1,1,1,NA
lisa_herbert,1,1,1,NA
list_of_public_meetings,1,1,1,NA
listed,1,1,1,NA
lithologic_characterization_results,1,1,1,NA
lithologic_correlation,1,1,1,NA
little_dry_creek,1,1,1,Natural_Feature
little_panoche,1,1,1,NA
little_panoche_creek,1,1,1,Natural_Feature
little_salt_creek,1,1,1,Natural_Feature
little_truckee_diversion,1,1,1,NA
little_truckee_diversion_canal,1,1,1,NA
little_wildcat_creek,1,1,1,Natural_Feature
live_oak_canyon_fault_zone,1,1,1,Geographic_Unit
live_oak_chaparral,1,1,1,NA
live_oak_forest,1,1,1,NA
live_oak_woodland,1,1,1,NA
live_stream_agreement,1,1,1,Group
livermore_valley,1,1,1,Geographic_Unit
living_trust,1,1,1,NA
llagas_subbasin_north,1,1,1,NA
llllnnnnnn,1,1,1,NA
ln,1,1,1,NA
lo,1,1,1,NA
local_agency_meeting,1,1,1,NA
local_groundwater_assistance_grant_program,1,1,1,NA
local_primacy_agency_authority,1,1,1,Group
local_primacy_program,1,1,1,NA
local_program,1,1,1,NA
local_standards_the_federal_and_state,1,1,1,NA
local_well_ids,1,1,1,NA
localized,1,1,1,NA
localized_outreach_and_engagement_strategies_1,1,1,1,NA
localized_spatial_data_gaps_for_shallow_groundwater_level_monitoring_near_streams,1,1,1,Technical
localmente,1,1,1,NA
located,1,1,1,NA
location_meeting_purpose_topics,1,1,1,NA
loch_lomond_recreation_area,1,1,1,Geographic_Unit
logs_from_rcs,1,1,1,NA
lompico_aquifer,1,1,1,Natural_Feature
lompico_aquifer_groundwater_elevations,1,1,1,NA
lompico_county_water_district,1,1,1,District
lompoc_diatomite_project91,1,1,1,NA
lompoc_federal_penitentiary,1,1,1,NA
lompoc_upland_19_nd,1,1,1,NA
lon,1,1,1,NA
lone_pine_creek,1,1,1,Natural_Feature
lone_tree,1,1,1,NA
lone_tree_channel,1,1,1,NA
long_range_development_plan,1,1,1,Technical
long_term_funding_committees,1,1,1,Group
long_term_goals,1,1,1,NA
long_term_reports,1,1,1,Technical
lookout_transfer_station,1,1,1,NA
loop_ranch,1,1,1,NA
loraine_5_nne,1,1,1,NA
lorena_alvarez,1,1,1,NA
lors,1,1,1,NA
los_alamos_community_plan,1,1,1,Technical
los_angeles_county_superior_court,1,1,1,NA
los_angeles_department_of_water_and_power_water_resource_management,1,1,1,NA
los_angeles_sheet,1,1,1,NA
los_angeles_superior_court,1,1,1,NA
los_banos_detention_dam_and_reservoir,1,1,1,Infrastructure
los_banos_detention_reservoir,1,1,1,Infrastructure
los_banos_future_of_our_water_resources,1,1,1,NA
los_carneros_water_district_recycled_water_project,1,1,1,Water_Project
los_molinos_subbasin_historical_lateral_subsurface_groundwater,1,1,1,NA
los_molinos_subbasin_table_4_3,1,1,1,Reference
los_molinos_subbasin_upper_aquifer,1,1,1,Natural_Feature
los_osos,1,1,1,City
los_padres,1,1,1,NA
los_presupuestos_de_agua_históricos_de_las_entradas_totales,1,1,1,NA
los_resultados,1,1,1,NA
los_suministros_de_agua,1,1,1,NA
los_suministros_de_agua_de_la_subcuenta,1,1,1,NA
los_vaqueros_reservoir_jpa,1,1,1,NA
los_water_quality_control,1,1,1,NA
losing,1,1,1,NA
louisiana,1,1,1,NA
low_alluvial_fan,1,1,1,NA
low_energy_precision_application_systems,1,1,1,NA
lower,1,1,1,NA
lower_and_upper_uncertainty_wafr_fractions,1,1,1,NA
lower_aquifer_storage,1,1,1,NA
lower_aquifer_table,1,1,1,Reference
lower_carlotta,1,1,1,NA
lower_colorado_water_supply_project,1,1,1,Water_Project
lower_klamath_wildlife_refuge,1,1,1,NA
lower_paso_robles,1,1,1,NA
lower_princeton_valley,1,1,1,Geographic_Unit
lower_san_antonio,1,1,1,NA
lower_tule_irrigation,1,1,1,NA
lower_tule_river_irrigation_district_groundwater_sustainability_agency_board,1,1,1,Group
lower_tule_river_irrigation_district_groundwater_sustainability_agency_decision_making_structure,1,1,1,NA
lowlands_subbasins,1,1,1,Basin
loyalton_clover_valley,1,1,1,Geographic_Unit
lphs,1,1,1,NA
ls,1,1,1,NA
ls_pistol_range,1,1,1,NA
ltgc,1,1,1,NA
ltrc,1,1,1,NA
ltridgsa,1,1,1,Local_GSA
lu_91_open_space_parks,1,1,1,NA
lucille_n_demetriﬀ_and_food_supply,1,1,1,NA
luhdorf_scalmanini,1,1,1,NA
luhdorff_scalamini,1,1,1,NA
lumber_company,1,1,1,NA
lump_sum_required_compliance_activities,1,1,1,NA
lydon_1968,1,1,1,NA
lynn_compton,1,1,1,NA
lynn_phillips,1,1,1,NA
lynn_wheat,1,1,1,NA
lynne_bogetti,1,1,1,NA
m_mukae,1,1,1,NA
ma_creation_management_areas,1,1,1,Geographic_Unit
mab_north,1,1,1,NA
macdoel_waterworks,1,1,1,NA
macgillivray_jones,1,1,1,NA
machlin,1,1,1,NA
madchow25,1,1,1,NA
madeline,1,1,1,City
madera_canal_and_flood_diversions,1,1,1,NA
madera_canal_and_flood_diversions_data,1,1,1,Technical
madera_chowchilla_groundwater_monitoring_group,1,1,1,Group
madera_chowchilla_water_and,1,1,1,NA
madera_city_hall,1,1,1,NA
madera_community_college_center_max_expansion_fixed,1,1,1,NA
madera_county_chowchilla_groundwater_sustainability_agency,1,1,1,Other_GSA
madera_county_code,1,1,1,Legal
madera_county_elevation_monitoring_statewide_groundwater_elevation_monitoring,1,1,1,Technical
madera_county_library,1,1,1,NA
madera_county_office_of_education,1,1,1,NA
madera_county_superior_court,1,1,1,NA
madera_draft,1,1,1,NA
madera_farm_bureau_committee,1,1,1,Group
madera_farm_madera,1,1,1,NA
madera_farm_projects,1,1,1,Water_Project
madera_groundwater,1,1,1,NA
madera_id_groundwater_sustainability_agency,1,1,1,Other_GSA
madera_integrated_regional_water_management_plan,1,1,1,Technical
madera_irrigation_district_and,1,1,1,NA
madera_irrigation_district_deliveries,1,1,1,NA
madera_irrigation_district_groundwater_sustainability_agency_board_of_directors,1,1,1,Group
madera_irrigation_district_groundwater_sustainability_agency_canal_system,1,1,1,NA
madera_irrigation_district_groundwater_sustainability_agency_implementation,1,1,1,NA
madera_subbasin_coordinating,1,1,1,NA
madera_subbasin_coordination,1,1,1,NA
madera_subbasin_domestic,1,1,1,NA
madera_subbasin_sustainable_groundwater_management,1,1,1,NA
madera_unified_school_district_seeking_council_approval,1,1,1,NA
madera_water_district_board_of_directors,1,1,1,Group
madera_water_district_groundwater_sustainability_agency_board_of_directors,1,1,1,Group
madera_water_water_district,1,1,1,District
maderachowchilla_groundwater_monitoring_group,1,1,1,Group
madrone,1,1,1,NA
magalia,1,1,1,City
magnesium,1,1,1,NA
main_i_canal,1,1,1,NA
main_napa_valley_floor_lsce,1,1,1,NA
main_street_bridge,1,1,1,NA
maine_prairie,1,1,1,NA
mainsite,1,1,1,NA
mainstem,1,1,1,NA
maintain,1,1,1,NA
maintain_and,1,1,1,NA
maintain_data_management_system,1,1,1,Technical
maintained_sustainability_code_description_download,1,1,1,NA
maintaining,1,1,1,NA
major_concerns_or_challenges,1,1,1,NA
major_hydraulic,1,1,1,NA
major_land,1,1,1,NA
major_land_use_divisions,1,1,1,NA
major_streams,1,1,1,NA
malaga_county_water_district_wastewater_plant,1,1,1,NA
mallard_slough,1,1,1,Natural_Feature
manage_recharge,1,1,1,NA
managed_aquifer_recharge_project,1,1,1,Water_Project
management_action_1,1,1,1,NA
management_action_description,1,1,1,NA
management_actions_management,1,1,1,NA
management_area_1,1,1,1,NA
management_area_advisory_committees,1,1,1,Group
management_area_e,1,1,1,NA
management_area_k,1,1,1,NA
management_area_plan,1,1,1,Technical
management_area_status,1,1,1,NA
management_areas_1,1,1,1,NA
management_areas_c,1,1,1,NA
management_criteria,1,1,1,NA
management_dairy_farmers,1,1,1,NA
management_for_contractors,1,1,1,NA
management_monitoring_areas,1,1,1,Geographic_Unit
management_of_groundwater_extractions_and,1,1,1,NA
management_of_groundwater_use_and,1,1,1,NA
management_operations,1,1,1,NA
management_practices_evaluation_program_committee,1,1,1,Group
management_processes,1,1,1,NA
management_project_name_action_type,1,1,1,NA
management_project_name_organization_action_type_structural_1,1,1,1,NA
management_zone_6,1,1,1,NA
manana,1,1,1,NA
mandalay_county_park,1,1,1,NA
mandalay_state_beaches,1,1,1,NA
manejo_de_recursos,1,1,1,NA
mankinen,1,1,1,NA
mansionette_estates,1,1,1,NA
manteca_general_plan,1,1,1,Technical
manual,1,1,1,NA
manure_management_plan,1,1,1,Technical
many,1,1,1,NA
mapbook,1,1,1,NA
mapping_of_evapotranspiration_with,1,1,1,NA
marin_counties,1,1,1,NA
marina_coast_water_district_groundwater_sustainability_agency_board,1,1,1,Group
marina_groundwater_sustainability_agency_area,1,1,1,Geographic_Unit
marine_fisheries_service,1,1,1,NA
marisa,1,1,1,NA
marisa_hernandez,1,1,1,NA
marisa_martinez,1,1,1,NA
marisa_perez_reyes,1,1,1,NA
marjorie_b_sellers,1,1,1,NA
mark_merri,1,1,1,NA
mark_orme,1,1,1,NA
marlaigne_k_dumaine,1,1,1,NA
martha_flores,1,1,1,NA
mary_adams,1,1,1,Infrastructure
mathias,1,1,1,NA
matilija_dams,1,1,1,Infrastructure
matrix_spike_access,1,1,1,NA
matters,1,1,1,NA
matthew_bogetti,1,1,1,NA
matthew_d_lindsey,1,1,1,NA
maureen_teubert,1,1,1,NA
mav,1,1,1,NA
maximum_benefit_objectives,1,1,1,NA
maximum_contaminant_level_exceedances,1,1,1,NA
maximum_contaminant_level_us,1,1,1,NA
maximum_contaminant_levels_monterey_countypwd,1,1,1,NA
maximum_likelihood_bayesian_model,1,1,1,Technical
maxwell_irrigation_district,1,1,1,District
may_limit_operational_flexibility,1,1,1,NA
mayfly_insects_enallagma,1,1,1,NA
mbdm,1,1,1,NA
mc_groundwater_sustainability_agency_board_of_directors,1,1,1,Group
mcalister_nested_monitoring_wells,1,1,1,Technical
mcallister_ranch,1,1,1,NA
mcallister_ranch_water_banking_project,1,1,1,Water_Project
mcateer_petris_act,1,1,1,Legal
mcdm,1,1,1,NA
mcewen_brothers_water_system,1,1,1,Natural_Feature
mcfarland_groundwater_sustainability_agency,1,1,1,Other_GSA
mcguire,1,1,1,NA
mcintire_creek,1,1,1,Natural_Feature
mckinleyville,1,1,1,City
mclaughlin_et_al_2008,1,1,1,NA
mcmc,1,1,1,NA
mcnabb_creek,1,1,1,Natural_Feature
mcnell,1,1,1,NA
mcnulty_slough,1,1,1,Natural_Feature
mcwd6,1,1,1,NA
mcwra_board_of_directors_or,1,1,1,NA
mcwra_reservoir_operations_advisory_committee,1,1,1,Group
mcwra_water_transfer_project,1,1,1,Water_Project
mdbm_the_deer_creek,1,1,1,Natural_Feature
mdc,1,1,1,NA
meadowbrook_farms,1,1,1,NA
mean_total,1,1,1,NA
measurable_objective_for_chronic_lowering_of_groundwater_levels,1,1,1,NA
measurable_objective_for_reduction_of_groundwater_storage,1,1,1,NA
measurable_objectives_for_interconnected_surface_waters,1,1,1,NA
measurable_objectives_for_subsidence_3231,1,1,1,NA
measurable_objectives_monitoring_networks,1,1,1,Technical
measured,1,1,1,NA
measured_accretions,1,1,1,NA
measures,1,1,1,NA
measuring_water_levels,1,1,1,NA
mechoopda_indian_tribe,1,1,1,NA
media_contacts_working_group,1,1,1,Group
medium_priority,1,1,1,NA
meeting,1,1,1,NA
meeting_co_host,1,1,1,NA
meeting_inventory_table,1,1,1,Reference
meets_sustainable_management_criteria_sustainable_goal_development_water,1,1,1,NA
meiss_ranch_company,1,1,1,NA
mel_senna_brake_service,1,1,1,NA
melissa_fryer,1,1,1,NA
mello_roos_community_facilities_act,1,1,1,Legal
memoranda,1,1,1,NA
memoranda_of_understanding,1,1,1,NA
memorandum_of_agreement_to_jointly_form,1,1,1,NA
memorandum_of_understanding_for_cooperation_and_coordination_of_the_kaweah,1,1,1,NA
memorandums_of_understanding,1,1,1,NA
mendocino_city_community_services_district,1,1,1,District
mendocino_college,1,1,1,NA
mendocino_range,1,1,1,NA
mendota_pool_group_monitoring_and_reporting_program,1,1,1,Technical
mendota_subbasin_groundwater_sustainability_plan_groups,1,1,1,Group
menifee_desalters,1,1,1,NA
menifee_environmental_and,1,1,1,NA
menifee_groundwater_management_zone,1,1,1,Geographic_Unit
menifee_subwatershed,1,1,1,NA
mentis,1,1,1,NA
menu,1,1,1,NA
merced_chowchilla_subbasin,1,1,1,Basin
merced_chowchilla_water_transfer_intertie,1,1,1,NA
merced_co_groundwater_sustainability_agency_board_of_directors,1,1,1,Group
merced_county_administration_building,1,1,1,NA
merced_county_building,1,1,1,NA
merced_county_community_plans_community,1,1,1,NA
merced_county_division_of_environmental_health,1,1,1,NA
merced_county_general_plan_agricultural_element,1,1,1,NA
merced_county_general_plan_water_element,1,1,1,NA
merced_county_groundwater_ordinance,1,1,1,Legal
merced_county_merced_county,1,1,1,County
merced_county_parcels,1,1,1,NA
merced_farm_bureau,1,1,1,NA
merced_farm_groundwater_sustainability_plan_advisory,1,1,1,NA
merced_groundwater_subbasin_groundwater_sustainability,1,1,1,NA
merced_groundwater_sustainability_overview,1,1,1,NA
merced_groundwater_sustainability_plan_stakeholder_and_coordinating_committee_meetings,1,1,1,NA
merced_id,1,1,1,NA
merced_intertie,1,1,1,NA
merced_merced_county_department,1,1,1,Group
merced_subbasin_community_workshop,1,1,1,NA
merced_subbasin_community_workshops,1,1,1,NA
merced_subbasin_draft_groundwater_sustainabilityplan,1,1,1,Technical
merced_subbasin_groundwater_sustainability_agency_board,1,1,1,Group
merced_subbasin_groundwater_sustainability_plan_community,1,1,1,NA
merced_subbasin_groundwater_sustainability_plan_community_workshop,1,1,1,NA
merced_subbasin_groundwater_sustainability_plan_community_workshops,1,1,1,NA
merced_subbasin_memorandum,1,1,1,NA
merced_subbasin_sustainability_goal,1,1,1,NA
merced_subbasins,1,1,1,Basin
merced_water_resources,1,1,1,NA
mercedsunstar,1,1,1,NA
merchant_street,1,1,1,NA
meredith_niles,1,1,1,NA
meridian_farms_water_company,1,1,1,NA
mesa_verde_estates_specific_plan,1,1,1,Technical
mesozoic_sierran,1,1,1,NA
metals_metals,1,1,1,NA
meter_ysi_pro_plus_oxygen,1,1,1,NA
metered,1,1,1,NA
metered_high,1,1,1,NA
metering_infrastructure,1,1,1,NA
methods_data_information,1,1,1,Natural_Feature
metrics,1,1,1,NA
metropolitan_bakersfield_sphere_of_influence_area,1,1,1,Geographic_Unit
metropolitan_facilities,1,1,1,NA
metropolitan_golf_links,1,1,1,NA
metzgar,1,1,1,NA
meyer,1,1,1,NA
meyers_farms,1,1,1,NA
mf_kane,1,1,1,NA
mg_l_us_environmental_protection_agency,1,1,1,Group
mga_board_meeting,1,1,1,NA
mga_bylaws,1,1,1,Legal
mga_communication_and_engagement_plan,1,1,1,Technical
mgsa_coordiantion_agreement_board_of_directors_regular_meeting_sep_12,1,1,1,NA
mha_environmental_consulting,1,1,1,NA
mi_groundwater_supplies,1,1,1,NA
mi_municipal_and,1,1,1,NA
mi_surface_water_supplies,1,1,1,NA
micaela_a_mejia,1,1,1,NA
michael,1,1,1,NA
michelson_lab,1,1,1,NA
microsoft_excel_or_access,1,1,1,NA
mid_county_basin_model_integration,1,1,1,Technical
mid_valley_disposal_site,1,1,1,NA
mid_valley_water_district,1,1,1,District
middle_cosumnes,1,1,1,NA
migration_of_contaminated_groundwater_active,1,1,1,NA
mike_cloud,1,1,1,NA
mike_jenkins,1,1,1,NA
mile76,1,1,1,NA
milepost,1,1,1,NA
milepost_29339,1,1,1,NA
miles_bettencourt,1,1,1,NA
milestone_state_well_number,1,1,1,NA
milk_species,1,1,1,NA
mill_creek_mill_creek,1,1,1,Natural_Feature
mill_creeks,1,1,1,Natural_Feature
millerton_friant_dam,1,1,1,Infrastructure
millrace_creek,1,1,1,Natural_Feature
minh_c_tran,1,1,1,NA
minimum_threshold_development_consistent,1,1,1,NA
minimum_thresholds_and_measure_objectives,1,1,1,NA
miocene_pliocene_mehrten_formation,1,1,1,Natural_Feature
miocene_valley_springs_formation,1,1,1,Natural_Feature
miossi_creek,1,1,1,Natural_Feature
mission_and_principles_of_participation,1,1,1,NA
mission_hills_community_service_district_mission_hills_community_services_district,1,1,1,District
mission_indians,1,1,1,NA
mission_oaks,1,1,1,NA
mission_resource_conservation_district,1,1,1,District
mississippi,1,1,1,NA
mit_department_of,1,1,1,NA
mit_hard_public_disputes_program,1,1,1,NA
mitigation_framework,1,1,1,NA
mjl,1,1,1,NA
mkgsa_joint_powers_authority,1,1,1,Group
mn,1,1,1,NA
mo_nitoring_data,1,1,1,Technical
model_21_model_codes_a,1,1,1,Technical
model_ad_hoc_group,1,1,1,Group
model_assumptions,1,1,1,Technical
model_assumptions_and_inputs_groundwater,1,1,1,Technical
model_development_groundwater_sustainability_agencies,1,1,1,Group
model_hydraulic_conductivity_distribution_hydraulic,1,1,1,Technical
model_input,1,1,1,Technical
model_integration,1,1,1,Technical
model_layer_2,1,1,1,Technical
model_layer_5,1,1,1,Technical
model_layer_development_and,1,1,1,Technical
model_layers_1,1,1,1,Technical
model_layers_2_and,1,1,1,Technical
model_reclaimed_pond,1,1,1,Technical
model_source_code_and_management_of_spatiotemporal_data,1,1,1,Technical
modeling,1,1,1,Technical
modeling_updates_4231_project_description,1,1,1,Technical
modernization_project,1,1,1,Water_Project
modesto_data,1,1,1,Technical
modesto_groundwater_sustainability_plan,1,1,1,Technical
modesto_id_management_area,1,1,1,Geographic_Unit
modesto_irrigation_district_domestic_water_treatment_plant,1,1,1,NA
modesto_reservoir,1,1,1,Infrastructure
modesto_subbasin_definition_of_undesirable_results,1,1,1,NA
modesto_subbasin_plan,1,1,1,Technical
modflow_multi_node_well,1,1,1,Technical
modflow_rch,1,1,1,Technical
modflow_usg_groundwater_discharge_to,1,1,1,Technical
modflow_usg_septic_system_percolation_data,1,1,1,Technical
modflow_usg_subsurface_inflow_beneath_castaic_dam,1,1,1,Infrastructure
modflw_surfac,1,1,1,NA
modify,1,1,1,NA
modify_monterey,1,1,1,NA
modify_monterey_one_water_recycled_water,1,1,1,NA
modlow,1,1,1,NA
modoc_county_boards_of_supervisors,1,1,1,NA
modoc_county_environmental_health_department,1,1,1,Group
modoc_county_water_well_requirements,1,1,1,NA
modoc_county_watermaster,1,1,1,NA
modular,1,1,1,NA
moeser,1,1,1,NA
mogwl,1,1,1,NA
mohamed_nassar,1,1,1,NA
mohrland_mutural_water_co,1,1,1,NA
mojave_pistachios,1,1,1,NA
mojave_san,1,1,1,NA
mokelumne_aqueduct,1,1,1,NA
mokelumne_river_hydroelectric_project,1,1,1,Water_Project
mokelumne_river_loss_study,1,1,1,NA
molly_thurman,1,1,1,NA
monica_mtns,1,1,1,NA
monica_sanchez,1,1,1,NA
monitored_charnock_no,1,1,1,Technical
monitored_for_groundwater_levels,1,1,1,Technical
monitored_subsidence_stations,1,1,1,Technical
monitoring_5,1,1,1,Technical
monitoring_and_adaptive_management,1,1,1,Technical
monitoring_and_data_collection,1,1,1,Technical
monitoring_and_evaluation_reports,1,1,1,Technical
monitoring_and_management_program_limitations_on_operational_flexibility,1,1,1,Technical
monitoring_data,1,1,1,Technical
monitoring_data_entry_monitoring,1,1,1,Technical
monitoring_frequency,1,1,1,Technical
monitoring_future,1,1,1,Technical
monitoring_network_chapter,1,1,1,Technical
monitoring_network_improvements,1,1,1,Technical
monitoring_networks_and_identification_of_data,1,1,1,Technical
monitoring_networks_and_identification_of_data_gaps_best_management_practice,1,1,1,Technical
monitoring_networks_data,1,1,1,Technical
monitoring_networks_monitoring,1,1,1,Technical
monitoring_programs_beyond,1,1,1,Technical
monitoring_progress_toward_measurable_objectives,1,1,1,Technical
monitoring_protocols_for_data_collection_and_monitoring_pursuant,1,1,1,Technical
monitoring_protocols_for_data_collection_and_monitoring_sample,1,1,1,Technical
monitoring_protocols_for_data_collection_and_monitoring_the_san_joaquin_riverec,1,1,1,Technical
monitoring_protocols_monitoring,1,1,1,Technical
monitoring_reporting_program,1,1,1,Technical
monitoring_site_selection_process_considerations,1,1,1,Technical
monitoring_wells_owned,1,1,1,Technical
monitors,1,1,1,Technical
mono_county_code,1,1,1,Legal
mono_county_general_plan_2015,1,1,1,NA
monroeville,1,1,1,NA
monson,1,1,1,City
montalvo,1,1,1,NA
montecito_consistent,1,1,1,NA
montecito_groundwater_basin_technical_advisory_committee,1,1,1,Group
montecito_growth_management_ordinance,1,1,1,Legal
montecito_water_district_advisory_committee,1,1,1,Group
montecito_water_district_montecito_groundwater_sustainability_agency,1,1,1,Other_GSA
monterey_aquifer_subbasin_groundwater_sustainability_plan,1,1,1,Technical
monterey_aquifers,1,1,1,Natural_Feature
monterey_bay_groundwater_sustainability_agency,1,1,1,Other_GSA
monterey_board_of_supervisors,1,1,1,Group
monterey_counties,1,1,1,NA
monterey_county_department_of,1,1,1,NA
monterey_county_environmental_health,1,1,1,NA
monterey_county_environmental_health_services,1,1,1,NA
monterey_county_water_resources_advisory_committee_regular_meeting,1,1,1,NA
monterey_herald,1,1,1,NA
monterey_one_water,1,1,1,NA
monterey_peninsula_region,1,1,1,Geographic_Unit
monterey_peninsula_water_management_district_fo09,1,1,1,NA
monterey_peninsula_water_project,1,1,1,Water_Project
monterey_regional_water_pollution_control_agency,1,1,1,Group
monterey_shale_and,1,1,1,NA
monterey_shale_formations,1,1,1,Natural_Feature
monterey_subbasin_conceptual,1,1,1,NA
monterey_subbasin_cross_section_locations,1,1,1,Reference
monterey_subbasin_of,1,1,1,NA
monterey_subbasin_subbasin,1,1,1,Basin
month,1,1,1,NA
monthly,1,1,1,NA
monthly_scotts_valley_water,1,1,1,NA
mootamai,1,1,1,NA
mordeckai,1,1,1,NA
morongo_band_of_mission,1,1,1,NA
morro_bay,1,1,1,City
morro_coast_audubon_society,1,1,1,NA
mosquito_ditch,1,1,1,NA
moss_landing_state_beach,1,1,1,NA
moss_landing_wildlife_area,1,1,1,Geographic_Unit
motion,1,1,1,NA
motivation_nevada_legislature,1,1,1,NA
mound_basin_groundwater_sustainability_agency_bylaws,1,1,1,Legal
mound_to_oxnard,1,1,1,NA
mount_hermon_association_groundwater_management_monitoring_program,1,1,1,Technical
mount_hermon_association_groundwater_management_monitoring_program_reference_point_primary_producing,1,1,1,Technical
mount_hermon_association_groundwater_monitoring_and_management,1,1,1,Technical
mountain_block,1,1,1,NA
mountain_front,1,1,1,NA
mountain_house_community_services_district_urban_water_management_plan,1,1,1,Technical
mountain_map,1,1,1,Reference
move,1,1,1,NA
mpep_committee,1,1,1,Group
mpwmdfo9,1,1,1,NA
ms,1,1,1,NA
ms4_co_permittees,1,1,1,NA
ms4_copermittees,1,1,1,NA
msc,1,1,1,NA
msd,1,1,1,NA
mt_eden_formation,1,1,1,Natural_Feature
mt_ranch_flood,1,1,1,NA
mukae_turner,1,1,1,NA
multi_benefit,1,1,1,NA
multi_benefit_recharge,1,1,1,NA
multi_family_residential,1,1,1,NA
multi_groundwater_sustainability_agency,1,1,1,Other_GSA
multilateral,1,1,1,NA
multilayer,1,1,1,NA
multiple_data_sets,1,1,1,Technical
multiple_private_and_government_clients_and_projects,1,1,1,Water_Project
multipurpose,1,1,1,NA
municipal_advisory_councils,1,1,1,Group
municipal_codes,1,1,1,Legal
municipal_community_well_operators,1,1,1,NA
municipal_pumping_municipal,1,1,1,NA
municipal_service_review,1,1,1,NA
must_include_additional_information,1,1,1,Natural_Feature
must_protect_against_significant_and,1,1,1,NA
must_protect_against_significant_and_unreasonable,1,1,1,NA
mustang_creek_flood_control,1,1,1,NA
mutal_water_company,1,1,1,NA
mw4a,1,1,1,NA
mw6a,1,1,1,NA
mw_wl,1,1,1,NA
my_scotts_valley,1,1,1,Geographic_Unit
my_scotts_valley_smgwa_board,1,1,1,Group
myrick_2007124,1,1,1,NA
mystacides,1,1,1,NA
n7_22_executive_order,1,1,1,NA
n_22_020,1,1,1,NA
n_a_0,1,1,1,NA
n_a_832020,1,1,1,NA
n_a_subsidence,1,1,1,NA
n_annual,1,1,1,NA
n_data,1,1,1,Technical
n_delta_groundwater_sustainability_agency,1,1,1,Other_GSA
n_l,1,1,1,NA
n_notably,1,1,1,NA
na_agricultural,1,1,1,NA
na_model_output_output,1,1,1,Technical
nacimiento_water,1,1,1,NA
nacimiento_water_release_management,1,1,1,NA
nad,1,1,1,NA
napa_counties,1,1,1,NA
napa_county178,1,1,1,NA
napa_county_comprehensive_groundwater_monitoring_program,1,1,1,Technical
napa_county_data_management_system_data,1,1,1,Technical
napa_county_flood_control_district,1,1,1,District
napa_county_flood_control_district_and_water_conservation_district,1,1,1,District
napa_county_general_fund,1,1,1,NA
napa_county_groundwater_program_communication_and_education_plan,1,1,1,Technical
napa_county_groundwater_quality_monitoring,1,1,1,Technical
napa_county_groundwater_sustainability_agency_formation_the_basin_analysis_report,1,1,1,Technical
napa_county_groundwater_sustainability_agency_stakeholder_communication,1,1,1,NA
napa_county_program_property,1,1,1,NA
napa_county_public_improvement_corporation,1,1,1,NA
napa_county_resource_conservation_district_groundwater_surface_water_connections_story_map,1,1,1,Reference
napa_county_stage,1,1,1,NA
napa_county_stream_watch,1,1,1,NA
napa_county_watershed,1,1,1,NA
napa_county_williamson_act,1,1,1,Legal
napa_county_winery,1,1,1,NA
napa_county_winery_definition_ordinance,1,1,1,Legal
napa_ecological_reserve,1,1,1,NA
napa_lowlands,1,1,1,NA
napa_river_s022596,1,1,1,NA
napa_sanitation_district_wastewater_treatment_plant_master_plan,1,1,1,Technical
napa_shown,1,1,1,NA
napa_valley_agricultural_preserve,1,1,1,NA
napa_valley_floor_figure,1,1,1,Reference
napa_valley_geologic,1,1,1,NA
napa_valley_integrated_hydrologic_model_development,1,1,1,Technical
napa_valley_subbasin_alternative,1,1,1,NA
napa_valley_subbasin_groundwater_sustainability_plan_planned_projects_table,1,1,1,Reference
napa_valley_subbasin_interconnected_surface_water,1,1,1,NA
napa_valley_subbasin_sustainable,1,1,1,NA
napa_valley_unified_school_district,1,1,1,District
napacounty216s,1,1,1,NA
napacounty220s,1,1,1,NA
napacounty220s_swgw4,1,1,1,NA
narrows_cross_section,1,1,1,Reference
narrows_nr_lompoc_ca_11133000,1,1,1,NA
nash,1,1,1,NA
natalie_stork,1,1,1,NA
nation,1,1,1,NA
national_agencies,1,1,1,Group
national_association_for_the_advancement_of_colored_people,1,1,1,NA
national_cli,1,1,1,NA
national_climactic_data_center,1,1,1,Technical
national_communities,1,1,1,NA
national_environmental_laboratory_accreditation_program_institute,1,1,1,NA
national_framework_for_ground,1,1,1,NA
national_geodetic_survey_federal_information_processing_standard,1,1,1,NA
national_geospatial_intelligence_agency,1,1,1,Federal_Gov
national_hydrographic_dataset,1,1,1,Technical
national_laboratory,1,1,1,NA
national_marine_fisheries_national_marine_fisheries_service,1,1,1,NA
national_marine_fisheries_service_draft_biological_opinion_for,1,1,1,NA
national_ocean_atmospheric_administration,1,1,1,NA
national_oceanic_and_atmospheric_administration_additionally,1,1,1,NA
national_oceanic_and_atmospheric_administration_fisheries_coastal_multispecies_recovery_plan,1,1,1,Technical
national_oceanic_and_atmospheric_administration_natural_communitiesei,1,1,1,NA
national_oil_and_hazardous_substances_contingency_plan,1,1,1,Technical
national_pollutant_discharge_elimination_system_permit,1,1,1,NA
national_pollutant_discharge_elimination_system_permit_program_authorized,1,1,1,NA
national_pollution_discharge_elimination_system,1,1,1,NA
national_renewable_energy_lab,1,1,1,NA
national_water_information_sytem,1,1,1,NA
national_water_quality_assessment,1,1,1,NA
national_water_quality_assessment_program,1,1,1,NA
national_water_quality_laboratory_technical_memorandum,1,1,1,Technical
national_water_research_institute,1,1,1,NA
national_weather_service_us_army_corps_of_engineers_us_bureau_of_reclamation_us_geological_survey,1,1,1,NA
national_wetland_inventory_wetland_data,1,1,1,Technical
national_wildlife_refuge_system,1,1,1,NA
nationõs,1,1,1,NA
native_american_heritage_commission_sacred_lands_file,1,1,1,NA
native_the_department_of_defense_march_air,1,1,1,NA
native_the_santa_ynez_band_of,1,1,1,NA
native_vegetation_and_rural_domestic,1,1,1,NA
native_vegetation_and_urban_areas_native,1,1,1,NA
natomas_basin_conservancy,1,1,1,NA
natomas_cross_canal_north_levee,1,1,1,NA
natomas_cross_canal_table,1,1,1,Reference
natomas_east_drain,1,1,1,NA
natural_channels_seepage_fraction,1,1,1,NA
natural_communities_commonly,1,1,1,NA
natural_communities_commonly_associated_with_groundwater_dataset_review_a_geographic_information_system,1,1,1,Technical
natural_communities_commonly_associated_with_groundwater_natural_communities,1,1,1,NA
natural_resource_conservation,1,1,1,NA
natural_resource_land_use_committee,1,1,1,Group
natural_resources,1,1,1,NA
natural_resources_agency_open_data,1,1,1,Technical
natural_resources_agency_open_data_platform,1,1,1,Technical
natural_resources_conservation_division,1,1,1,NA
natural_resources_conservation_service_conservation_innovation_grant,1,1,1,NA
natural_resources_power_authority_conservation_service,1,1,1,NA
nature,1,1,1,NA
nature_conservancy_critical_species_lookbook,1,1,1,NA
nature_conservancy_executive_summary,1,1,1,NA
nature_conservancy_figure,1,1,1,Reference
nature_conservancy_notes,1,1,1,NA
naval_air_weapons_station,1,1,1,NA
navigation_satellite_timing,1,1,1,NA
navy_program_chemist,1,1,1,NA
naws_china_lake_monitoring_program,1,1,1,Technical
nccps_b,1,1,1,NA
ncgwb_figure,1,1,1,Reference
ncr,1,1,1,NA
nd_groundwater_sustainability_agency,1,1,1,Other_GSA
ndpes,1,1,1,NA
near_term_collaboration_structure,1,1,1,NA
nebraska,1,1,1,NA
needs,1,1,1,NA
needs_public_services_and_facilities_element_objective_psf1a,1,1,1,NA
neha_hoskins,1,1,1,NA
nelson_et_al,1,1,1,NA
neovison_vison_american_mink,1,1,1,NA
nepal,1,1,1,NA
neswtf_expansion,1,1,1,NA
net_subsurface,1,1,1,NA
network_enrollment_and_expansion,1,1,1,NA
nevada_irrigation_district_board_of_directors,1,1,1,Group
new_cuyama_family_resource_center,1,1,1,NA
new_cuyama_station,1,1,1,NA
new_facilities,1,1,1,NA
new_geologic_cross_sections,1,1,1,NA
new_melones_project,1,1,1,Water_Project
new_mexico_tech_analysis_center,1,1,1,NA
new_multilevel_monitoring_wells,1,1,1,Technical
new_planning_thresholds,1,1,1,NA
new_stone_water_district_groundwater_sustainability_agency_board_of_directors,1,1,1,Group
new_well_information,1,1,1,Natural_Feature
new_well_permit_county,1,1,1,County
newberryi,1,1,1,NA
newhall_ranch_service_area,1,1,1,Geographic_Unit
newman_spillway,1,1,1,NA
newport_beach,1,1,1,City
newsletter,1,1,1,NA
newton_raphson,1,1,1,NA
newville,1,1,1,NA
nextdoorcom,1,1,1,NA
nf,1,1,1,NA
ngo024,1,1,1,NA
ngo_consortium,1,1,1,NA
ngos,1,1,1,NA
nhrg,1,1,1,NA
nicholas_keller,1,1,1,NA
nicholas_m_johnson,1,1,1,NA
nicholson_et_al,1,1,1,NA
nick_buckmaster,1,1,1,NA
nick_c_degroot_water_treatment_plant,1,1,1,NA
nick_turner,1,1,1,NA
nicolaus_sut,1,1,1,NA
nielsen_recharge_basin,1,1,1,Basin
nimbus,1,1,1,NA
nipomo_mesa,1,1,1,NA
niswonger_and_prudic,1,1,1,NA
niswonger_henson,1,1,1,NA
nitrate,1,1,1,NA
nitrogen_tds_task_force,1,1,1,NA
no_board,1,1,1,Group
no_mf,1,1,1,NA
no_natural_community_conservation_plans,1,1,1,Technical
no_sustainable_management_criteria,1,1,1,NA
noble_creek_recharge_facility,1,1,1,NA
noco,1,1,1,NA
nomlaki_tuff,1,1,1,NA
non,1,1,1,NA
non_community_water_systems_a,1,1,1,NA
non_district_east_management_area,1,1,1,Geographic_Unit
non_hydrolyzing,1,1,1,NA
non_municipal_public_water_systems_additional,1,1,1,NA
non_municipal_public_water_systems_water_use_napa_valley_water,1,1,1,NA
non_potable_and_recycled_water,1,1,1,NA
non_state_water_project,1,1,1,Water_Project
non_stormwater_best_management_practices,1,1,1,NA
non_sustainable_groundwater_management_act,1,1,1,Legal
non_transient_non_community_water_systems,1,1,1,Natural_Feature
non_upper_ventura_riverga,1,1,1,NA
none,1,1,1,NA
none_none,1,1,1,NA
nonmarine_pliocene,1,1,1,NA
nonprofit_california_protected_area,1,1,1,State_Gov
norco_on,1,1,1,NA
norco_urban_water_management,1,1,1,NA
nordhoff_peak,1,1,1,NA
norm_brown,1,1,1,NA
normal_hydrology_forecast_period,1,1,1,NA
normalized,1,1,1,NA
normalized_difference_vegetation_index_audubon,1,1,1,NA
north_american_conjunctive_use_program,1,1,1,NA
north_american_subbasin_draft,1,1,1,NA
north_american_waterfowl_management_plan,1,1,1,Technical
north_and_south_delta_water_agencies,1,1,1,Group
north_bench_management,1,1,1,NA
north_carolina_superior_court,1,1,1,NA
north_cell_infiltration,1,1,1,NA
north_coast_regional_water_control_board,1,1,1,Group
north_coast_resource,1,1,1,NA
north_coast_resource_partnership_integrated_strategic_plan,1,1,1,Technical
north_delta_groundwater_sustainability_agency,1,1,1,Other_GSA
north_forbes_street,1,1,1,NA
north_grasslands_wildlife_area,1,1,1,Geographic_Unit
north_kern_resource_conservation_district_mobile_irrigation_lab,1,1,1,NA
north_kern_wsd,1,1,1,NA
north_kings_groundwater_sustainability_agency_joint_powers_agreement,1,1,1,Group
north_kings_groundwater_sustainability_agency_management_structure_decisions,1,1,1,NA
north_management_area_for,1,1,1,NA
north_monterey_county,1,1,1,County
north_of_aptos_area,1,1,1,Geographic_Unit
north_of_aptos_area_faulting_current_groundwater_budget_similar,1,1,1,NA
north_range_complex,1,1,1,NA
north_sacramento_river_corridor,1,1,1,NA
north_sacramento_valley_board,1,1,1,Group
north_sacramento_valley_integrated_regional_water_management,1,1,1,NA
north_sacramento_valley_integrated_regional_water_medium_plan,1,1,1,Technical
north_san_diego_district,1,1,1,District
north_strategic_air_commandramento_county,1,1,1,County
north_tehama_street,1,1,1,NA
north_temescal_wash_area,1,1,1,Geographic_Unit
north_yolo_management_area,1,1,1,Geographic_Unit
north_yuba_subbasin_surface,1,1,1,NA
northern_agencies,1,1,1,Group
northern_buttonwillow_management_area,1,1,1,Geographic_Unit
northern_buttonwillow_service_area,1,1,1,Geographic_Unit
northern_california,1,1,1,State_Gov
northern_california_lower_pit_watershed,1,1,1,State_Gov
northern_region_office,1,1,1,NA
northern_sacramento_valley_integrated_regional_water_management_plan,1,1,1,Technical
northern_san_diego_county_invasive_non_native_species_control_program,1,1,1,NA
northfork_rancheria,1,1,1,NA
northwest_focus_area_water_budget_results_groundwater,1,1,1,NA
northwest_kern_resource_conservation_district_contribution,1,1,1,NA
northwest_quarter,1,1,1,NA
northwestern_delta_mendota,1,1,1,NA
nos,1,1,1,NA
note,1,1,1,NA
notes_hydro_plant,1,1,1,NA
notes_i,1,1,1,NA
notice_of_public_hearing,1,1,1,NA
notices_of_intent,1,1,1,NA
notification,1,1,1,NA
npw,1,1,1,NA
nrdc,1,1,1,NA
nswd_groundwater_sustainability_agency,1,1,1,Other_GSA
nuestra_tierra,1,1,1,NA
nuevo_menifee,1,1,1,NA
nuevo_water_company_archibek,1,1,1,NA
numbers_sub_article,1,1,1,NA
nunez,1,1,1,NA
nursery,1,1,1,NA
o_f,1,1,1,NA
o_kuba_radio,1,1,1,NA
o_l,1,1,1,NA
o_mykiss_redd_construction,1,1,1,NA
o_putah_creek_council,1,1,1,Group
o_q,1,1,1,NA
o_samantha_arthur,1,1,1,NA
o_territorial_dispatch_online_newspaper,1,1,1,NA
oak,1,1,1,NA
oak_knoll_ave,1,1,1,NA
oak_ranch,1,1,1,NA
oak_ridge_south_mountain,1,1,1,NA
oak_savannah,1,1,1,NA
oakdale_irrigation_discussion,1,1,1,NA
oakdale_recharge_to_benefit_groundwater,1,1,1,NA
oakland_tribune_proof_of_publication_of_the_notice_of_public_hearing_to,1,1,1,NA
oaklandberkeley_hills,1,1,1,NA
oawd_land_annexation,1,1,1,NA
objective_name,1,1,1,NA
objectives,1,1,1,NA
observed_canopy_dieback,1,1,1,NA
observed_thistle,1,1,1,NA
Oct-18,1,1,1,NA
of_groundwater,1,1,1,NA
offers,1,1,1,NA
offfocrs,1,1,1,NA
office_of_county_counsel_board_of,1,1,1,NA
office_of_environmental_health_in,1,1,1,NA
office_of_ground_water_technical_memorandum,1,1,1,Technical
office_of_section,1,1,1,Reference
office_of_the_national_oceanic_and_atmospheric_administration,1,1,1,NA
office_of_the_state_climatologist,1,1,1,NA
office_of_water_use_efficiency,1,1,1,NA
ohwd_agricultural_flood_managed_aquifer,1,1,1,Natural_Feature
ohwd_board_of_directors,1,1,1,Group
oil_gas,1,1,1,NA
oilfield_reclaimed_water,1,1,1,NA
ojai_syncline,1,1,1,NA
ojai_valley_basins,1,1,1,Basin
ojai_water_system,1,1,1,Natural_Feature
oji_brothers_farm_inc,1,1,1,NA
oji_family_partnership,1,1,1,NA
oklahoma,1,1,1,NA
olaf_p_jenkins_edition,1,1,1,NA
olcese_groundwater_sustainability_agency_statewide_groundwater_elevation_monitoring,1,1,1,Technical
olcese_water_district_gsa,1,1,1,Other_GSA
old_alluvium,1,1,1,Natural_Feature
older_alluvium_terrace_deposits,1,1,1,NA
olivarez_madruga,1,1,1,NA
olive_clubtail_insects,1,1,1,NA
olympic_wellfield_groundwater_monitoring,1,1,1,Technical
olympic_wellfield_restoration,1,1,1,NA
omochumne_hartnell,1,1,1,NA
omochumne_hartnell_2,1,1,1,NA
omochumne_hartnell_water_district_board_of_directors,1,1,1,Group
on_climate_change,1,1,1,NA
on_farm_management_actions_table,1,1,1,Reference
on_farm_recharge,1,1,1,NA
on_figure,1,1,1,Reference
on_permit_nos,1,1,1,NA
oncorhynchus_central_valley,1,1,1,Geographic_Unit
oncorhynchus_middle_eel_river_tributaries_and,1,1,1,NA
one_valley_one_vision,1,1,1,NA
oneill,1,1,1,NA
ongoing_communication_and_public_outreach,1,1,1,NA
onsite_wastewater_treatment_systems,1,1,1,NA
open_house,1,1,1,NA
open_space_and_conservation,1,1,1,NA
open_space_element,1,1,1,NA
operating_budgets,1,1,1,NA
operation,1,1,1,NA
operation_of_the_swp,1,1,1,NA
operational,1,1,1,NA
operations_and_maintenance,1,1,1,NA
operator,1,1,1,NA
opportunities,1,1,1,NA
opportunities_for_engagement_opportunities,1,1,1,NA
opti_public_user_guide,1,1,1,NA
oral,1,1,1,NA
orange_counties,1,1,1,NA
orange_county_district,1,1,1,District
orange_county_sanitation_district,1,1,1,District
orange_vale_water_company,1,1,1,NA
ord_ferry,1,1,1,NA
ord_subareas,1,1,1,Geographic_Unit
ord_subbasin,1,1,1,Basin
ordergranting_cross_complainant,1,1,1,NA
ordi_nance,1,1,1,NA
ordovician,1,1,1,NA
orestimba_creek_recharge_and_recovery_the_orestimba_creek_recharge_and_recovery_project,1,1,1,Water_Project
organization_and_management_structure,1,1,1,NA
organization_and_management_structure_of,1,1,1,NA
organization_and_management_structure_of_the,1,1,1,NA
organization_and_management_structure_reclamation_district_no,1,1,1,NA
organization_management_and_structure_of,1,1,1,NA
organizational_internal,1,1,1,NA
organized_for_relational_power_in_action,1,1,1,NA
orland_public_works,1,1,1,NA
orm_ation_obtaine_d,1,1,1,NA
oro_loma,1,1,1,NA
oro_loma_sanitary_district_oro_loma_sanitary_district,1,1,1,District
oroville,1,1,1,City
oroville_sustainable_code_updates,1,1,1,NA
os_12,1,1,1,NA
ota_region_groundwater_sustainability_agency_knowledge,1,1,1,NA
other_groundwater_quality_groundwater,1,1,1,NA
other_monitoring_and_management_programs,1,1,1,Technical
other_om,1,1,1,NA
other_representatives,1,1,1,NA
other_water_management,1,1,1,NA
outflows_groundwater_system,1,1,1,Natural_Feature
output_control_output_control,1,1,1,NA
outreach_and_communication,1,1,1,NA
outreach_and_education,1,1,1,NA
outreach_and_engagement_activities,1,1,1,NA
outreach_montecito_groundwater_sustainability_agency,1,1,1,Other_GSA
outreach_resources_tools,1,1,1,NA
outreach_team,1,1,1,NA
overlapped,1,1,1,NA
overlying,1,1,1,NA
overview_analysis_for,1,1,1,NA
overview_of_agricultural_resources,1,1,1,NA
overview_of_data_sources,1,1,1,Technical
overview_of_the_water_problem,1,1,1,NA
owens_hydrologic_unit,1,1,1,NA
owens_owens,1,1,1,NA
owens_valley_ecological_value,1,1,1,NA
owens_valley_fraxinus,1,1,1,NA
owens_valley_groundwater_authority_assessment,1,1,1,NA
owens_valley_groundwater_authority_directors,1,1,1,NA
owens_valley_groundwater_authority_executive_manager,1,1,1,NA
oxnard_board,1,1,1,Group
oxnard_criteria,1,1,1,NA
p196,1,1,1,NA
p_column,1,1,1,NA
pacheco_reservoir_expansion,1,1,1,NA
pacific,1,1,1,NA
pacific_bell_telephone_company,1,1,1,NA
pacific_blackberry,1,1,1,NA
pacific_coast_chinook,1,1,1,NA
pacific_coast_highway,1,1,1,NA
pacific_fishery_management_council,1,1,1,Group
pacific_gas_and_electric_mgp,1,1,1,NA
pacific_gas_electric_company,1,1,1,NA
pacific_pipelines_superfund_site,1,1,1,NA
pacific_theater,1,1,1,NA
padre_study,1,1,1,NA
page_240,1,1,1,Reference
page_251,1,1,1,Reference
page_286,1,1,1,Reference
pages,1,1,1,NA
pajaro_valley_groundwater_sub_basin,1,1,1,Basin
palm_springs,1,1,1,City
palms,1,1,1,NA
palms_groundwater_banking_and_recharge_project,1,1,1,Water_Project
paloma_clay,1,1,1,Natural_Feature
pan_evaporation_data,1,1,1,Technical
pandas,1,1,1,NA
panday_et_al_2013,1,1,1,NA
panoche_drainage_district,1,1,1,District
para_más_información,1,1,1,NA
parameter_regression_for_independent_slopes_model,1,1,1,Technical
parameterization,1,1,1,NA
pardee_and,1,1,1,NA
pardee_dam_and_reservoir,1,1,1,Infrastructure
pardee_dam_reservoir_pardee_reservoir,1,1,1,Infrastructure
paregien_flood_control_and_recharge_project,1,1,1,Water_Project
parkfield,1,1,1,NA
parks_and_recreation,1,1,1,NA
parry_klassen,1,1,1,NA
participation,1,1,1,NA
participation_percentage,1,1,1,NA
partner_agencies,1,1,1,Group
partners_for_fish_wildlife,1,1,1,NA
party_of_the_moa,1,1,1,NA
pask,1,1,1,NA
paso_basin_cooperative_committee,1,1,1,Group
paso_creek,1,1,1,Natural_Feature
paso_robles_city_council,1,1,1,Group
paso_robles_city_council_chambers,1,1,1,NA
paso_robles_formation_and_careaga_sand_formation,1,1,1,Natural_Feature
paso_robles_formation_aquifer_figure,1,1,1,Reference
paso_robles_formation_aquifer_for,1,1,1,NA
paso_robles_formation_aquifer_locations,1,1,1,NA
paso_robles_formation_or_careaga_percent,1,1,1,NA
paso_robles_formation_the_tributary_alluvium,1,1,1,Natural_Feature
paso_robles_groundwater_basin_agreement,1,1,1,Group
paso_robles_groundwater_model_update,1,1,1,Technical
paso_robles_regional_groundwater_management_plan,1,1,1,Technical
paso_robles_subbasin_cooperative_committee,1,1,1,Group
paso_robles_wine_country_alliance,1,1,1,NA
past_board_and_advisory_committee,1,1,1,Group
past_city_of_lompoc,1,1,1,City
pat_corey,1,1,1,NA
pat_mctigue,1,1,1,NA
patten,1,1,1,NA
patterson_delta_mendota_subbasin_coordination_committee_meeting,1,1,1,NA
patterson_irrigation_district_groundwater_sustainability_agencies,1,1,1,Group
patterson_tracy_community_services_district,1,1,1,District
paul_bruce,1,1,1,NA
paul_hare,1,1,1,NA
paul_m_bergstrand,1,1,1,NA
paula_subbasins,1,1,1,Basin
paulinski_et_al,1,1,1,NA
paynes_creek_slough,1,1,1,Natural_Feature
pbo_unavco,1,1,1,NA
pbw,1,1,1,NA
pca_e,1,1,1,NA
pca_w,1,1,1,NA
pcgn,1,1,1,NA
pch_groundwater_dependent_ecosystem,1,1,1,Natural_Feature
pd4,1,1,1,NA
pd6b,1,1,1,NA
pdf_page_169,1,1,1,Reference
pdhq,1,1,1,NA
pearson,1,1,1,NA
pelger_mutual_water_company,1,1,1,NA
pena,1,1,1,NA
pentaneura,1,1,1,NA
percent_of_total_streamflow,1,1,1,NA
perform_video_surveys,1,1,1,NA
periodic_evaluation_and_reporting_farmers_water_district,1,1,1,District
periodic_evaluation_and_reporting_fcma,1,1,1,Technical
periodic_groundwater_sustainability_plan,1,1,1,Technical
periodically,1,1,1,NA
peripheral_streams,1,1,1,NA
periphyton,1,1,1,NA
permanent_array,1,1,1,NA
permitted_facilities_eel_river_valley_groundwater_basin,1,1,1,Basin
permitting,1,1,1,NA
permitting_and_regulatory_process_projects,1,1,1,Water_Project
permitting_policies_and_procedures_permit_sonoma,1,1,1,NA
perry,1,1,1,NA
perspectives_document,1,1,1,NA
perturbed_hydrograph,1,1,1,NA
pes_environmental,1,1,1,NA
petaluma_valley_integrated_hydrologic_model_rural_domestic_pumping_and_septic_return,1,1,1,Technical
peter_leffler,1,1,1,NA
peter_q,1,1,1,NA
peter_quinlan_technical_peer_review,1,1,1,Technical
petroleum_automotive,1,1,1,NA
petty_chlorinated_solvents_tehama_colusae,1,1,1,NA
pewter_physa,1,1,1,NA
pfas_pfas,1,1,1,NA
phase,1,1,1,NA
phase_2_expansion,1,1,1,NA
phase_ii,1,1,1,NA
phd,1,1,1,NA
phil_d_swing,1,1,1,NA
phillips_et_al,1,1,1,NA
phillips_petroleum_corporation,1,1,1,NA
photo_ionization_detector,1,1,1,NA
phyla_nodiflora,1,1,1,NA
physa,1,1,1,NA
physiographic_zone,1,1,1,Geographic_Unit
physiographic_zone_number_of_average_residual_physiographic_zone_observations_rmse,1,1,1,NA
pico,1,1,1,NA
piezometer,1,1,1,NA
pilot_study_planning_and_facilities,1,1,1,NA
pine_flat,1,1,1,City
pinole,1,1,1,City
pioneer_groundwater_sustainability_agency,1,1,1,Other_GSA
piru_stream_gages,1,1,1,NA
pischel_et_al,1,1,1,NA
pix_groundwater_sustainability_agency,1,1,1,Other_GSA
pixley_irrigation_district_board_of_directors,1,1,1,Group
placer_counties,1,1,1,NA
placer_county_superior_court,1,1,1,NA
plainview_community_plan,1,1,1,Technical
plan_area_setting,1,1,1,Geographic_Unit
planada_workshop_questions_and_comments_comment,1,1,1,NA
planned_projects_above_normald_management,1,1,1,NA
planning_agencies,1,1,1,Group
planning_and_design_planning,1,1,1,NA
planning_commission,1,1,1,Group
planning_commission_meetings,1,1,1,NA
planning_department,1,1,1,Group
planning_division,1,1,1,NA
planning_outreach,1,1,1,NA
planning_studies,1,1,1,NA
planning_team_and_communications_rep,1,1,1,NA
plant,1,1,1,NA
plant_operator,1,1,1,NA
plate_boundary_observation,1,1,1,NA
plate_boundary_observatory_unavco,1,1,1,NA
pleasant_valley_groundwater_sustainability_plan,1,1,1,Technical
pleasant_valley_subbasin_landowner_stakeholder_workshop,1,1,1,NA
pleasanton,1,1,1,City
pleistocene_casitas_formation,1,1,1,Natural_Feature
pleistocene_huichica_formation,1,1,1,Natural_Feature
pleistocene_sandstone,1,1,1,NA
pleistocene_tehama_formation,1,1,1,Natural_Feature
pliestocene,1,1,1,NA
plio_pleistocene_purisma_formation,1,1,1,Natural_Feature
pliocene_marine_purisima_formation,1,1,1,Natural_Feature
pliocene_pleistocene23,1,1,1,NA
pliocene_san_joaquin,1,1,1,NA
plotted_arsenic,1,1,1,NA
plumas_county_fire_safe,1,1,1,NA
plumas_county_fire_safe_sierra_valleygmd,1,1,1,NA
plumas_county_map,1,1,1,Reference
plumlee_et_al,1,1,1,NA
po_box,1,1,1,NA
poblado_fuera_de_las_ciudades,1,1,1,NA
point_loma_wastewater_treatment_plant,1,1,1,NA
point_of,1,1,1,NA
point_of_contact_for_the_withdrawing_party,1,1,1,NA
point_sources_of_groundwater_pollutants_because_of_agency,1,1,1,Group
policy,1,1,1,Legal
policy_5c8,1,1,1,NA
policy_advisory_committee_and_technical_advisory_committee,1,1,1,Group
policy_advisory_committee_proposals,1,1,1,NA
policy_advocate,1,1,1,NA
policy_agriculture_general,1,1,1,NA
policy_is48_water_conservation_measures,1,1,1,NA
policy_ncr37_septic_tank_regulation,1,1,1,Legal
policy_points,1,1,1,NA
policy_sustainability_retrofits,1,1,1,NA
policy_w22_development_regulations,1,1,1,Legal
policy_w314_agricultural_water_conservation,1,1,1,NA
policy_w35_educational_programs,1,1,1,NA
policy_w37_development_retrofits,1,1,1,NA
pollock,1,1,1,NA
poppet_creek,1,1,1,Natural_Feature
por,1,1,1,NA
por_su_adopción,1,1,1,NA
por_todos_los,1,1,1,NA
port,1,1,1,NA
port_san_luis,1,1,1,NA
porter_cologne_control_act,1,1,1,Legal
porterella,1,1,1,NA
porterville_veterans_hall,1,1,1,NA
porzana,1,1,1,NA
post_harris_fire,1,1,1,NA
post_processing,1,1,1,NA
potamogeton,1,1,1,NA
potential_boundary_revisions,1,1,1,NA
potential_cause_of_chronic_lowering_of_groundwater_levels_section_35426b1,1,1,1,Reference
potential_groundwater_dependent_ecosystems,1,1,1,Natural_Feature
potential_interconnected_surface_water_figure,1,1,1,Reference
potential_management_actions,1,1,1,NA
potential_outreach_and_engagement_methods_outreach,1,1,1,NA
potential_outreach_partners,1,1,1,NA
potter_mendocino_county_valley_project,1,1,1,Water_Project
potw,1,1,1,NA
power_point,1,1,1,NA
powers_authority,1,1,1,Group
ppee,1,1,1,NA
prather_creeks,1,1,1,Natural_Feature
pratt,1,1,1,NA
pre_central_valleyp_orland_project,1,1,1,Water_Project
pre_eocene,1,1,1,NA
pre_k,1,1,1,NA
preamble,1,1,1,NA
precipitation_and,1,1,1,NA
precipitation_data_recharge,1,1,1,Technical
precipitation_elevation_regressions_on_independent_slopes_model_precipitation_data,1,1,1,Technical
precipitation_exceedance_curve,1,1,1,NA
precipitation_gage_records,1,1,1,NA
precipitation_monitoring,1,1,1,Technical
precipitation_monthly,1,1,1,NA
precipitation_stations_united_states_army_corps_of_engineers,1,1,1,NA
precipitation_threshold,1,1,1,NA
precipitation_water_precipitation,1,1,1,NA
preconditioned,1,1,1,NA
preconditioned_conjugate_gradient,1,1,1,NA
preconditioned_conjugategradient_package,1,1,1,NA
predominant_riverine,1,1,1,NA
predominant_wetland,1,1,1,NA
preferred_project_4,1,1,1,NA
preparation_checklist,1,1,1,NA
presentation,1,1,1,NA
preservation,1,1,1,NA
preservation_of_biological,1,1,1,NA
preservation_with_economic_development,1,1,1,NA
preserve,1,1,1,NA
preserve_users_projects_and_management_actions_abbreviations,1,1,1,NA
prevención_de_la_intrusión_de_agua_de_mar_en_las_aguas_subterráneas,1,1,1,NA
primary_aquifer,1,1,1,Natural_Feature
primary_load,1,1,1,NA
primary_maximum_contaminant_level,1,1,1,NA
primary_maximum_contaminant_level_minimum_threshold,1,1,1,NA
primary_representative,1,1,1,NA
prime_meridian_navigation_message,1,1,1,NA
princeton,1,1,1,City
princeton_valley,1,1,1,Geographic_Unit
princeton_valley_fill_formations,1,1,1,Natural_Feature
principal_aquifers_and,1,1,1,NA
prioriza_el_uso,1,1,1,NA
pritchard_consulting_group,1,1,1,Group
privacy_rights,1,1,1,NA
private_agricultural_pumping,1,1,1,NA
private_agricultural_urban_ag,1,1,1,NA
private_pumpers,1,1,1,NA
private_residential,1,1,1,NA
private_water_companies,1,1,1,NA
pro_tempore,1,1,1,NA
probation,1,1,1,NA
probation_department,1,1,1,Group
process,1,1,1,NA
process_for,1,1,1,NA
process_for_public_notification_35444b1b,1,1,1,NA
process_governance,1,1,1,NA
processed,1,1,1,NA
processes_several,1,1,1,NA
processes_the_2,1,1,1,NA
procloeon,1,1,1,NA
production_services,1,1,1,NA
professional_paper,1,1,1,NA
program_management_element_4,1,1,1,NA
program_operations_and_monitoring_madera_county,1,1,1,County
programa_de_monitoreo_y,1,1,1,Technical
programs,1,1,1,NA
project_12,1,1,1,NA
project_9,1,1,1,NA
project_actions_and_management,1,1,1,NA
project_and_management_action_attachment_a,1,1,1,NA
project_and_management_action_implementation,1,1,1,NA
project_authority,1,1,1,Group
project_benefits_and_water_reliability_groundwater,1,1,1,NA
project_benefits_and_water_reliability_project_benefits,1,1,1,NA
project_benefits_groundwater,1,1,1,NA
project_budget,1,1,1,NA
project_development,1,1,1,NA
project_email,1,1,1,NA
project_groundwater_sustainability_agency_party,1,1,1,NA
project_implementation_implementation,1,1,1,NA
project_management,1,1,1,NA
project_management_action_name_legal_authority,1,1,1,Group
project_management_coordination,1,1,1,NA
project_management_institute_project_management_professional,1,1,1,NA
project_management_management_proponent_brief_description_project_status_action_name,1,1,1,NA
project_management_project,1,1,1,Water_Project
project_manager_environmental_engineer,1,1,1,NA
project_manager_senior_environmental_scientist,1,1,1,NA
project_operations_and_monitoring_madera_irrigation_district,1,1,1,District
project_or_action_and_the_lead_entity,1,1,1,NA
project_period_simulations,1,1,1,NA
project_proponents,1,1,1,NA
project_recharge,1,1,1,NA
project_strategy_and,1,1,1,NA
project_type_management_action,1,1,1,NA
project_type_surface_water_recharge_project_location_latitude,1,1,1,NA
project_wastewater_recycling_the_city_of_chico,1,1,1,City
project_with_oakdale_irrigation_district,1,1,1,District
projected_2030_climate_change,1,1,1,NA
projected_2030_climate_change_scenario,1,1,1,NA
projected_change_in,1,1,1,NA
projected_climate_riverside_county_flood_control_district,1,1,1,District
projected_demographics,1,1,1,NA
projected_future_condition,1,1,1,NA
projected_land_use_change_with_climate_change,1,1,1,NA
projected_land_use_with_climate_changes,1,1,1,NA
projected_public_water_systems_water_supply,1,1,1,NA
projected_saugus_formation_pumping,1,1,1,NA
projected_surface_water_budget_component,1,1,1,NA
projected_sustainable_management_criteria,1,1,1,NA
projected_water_budget_analysis,1,1,1,NA
projected_water_budget_change_in_groundwater_in_storage_model,1,1,1,Technical
projected_water_budget_with_climate_change,1,1,1,NA
projected_water_budgets_future,1,1,1,NA
projected_water_supplies,1,1,1,NA
projection,1,1,1,NA
projects_and_actions_simulations,1,1,1,NA
projects_and_management_actions_compilation,1,1,1,NA
projects_and_management_actions_costs,1,1,1,NA
projects_and_management_actions_implementation,1,1,1,NA
projects_and_management_actions_in_section_716,1,1,1,Reference
projects_and_management_actions_list_each,1,1,1,NA
projects_and_management_actions_measurable_objectives_project_management_action,1,1,1,NA
projects_and_management_actions_model,1,1,1,Technical
projects_and_management_actions_projects_and_management_actions,1,1,1,NA
projects_and_management_actions_to,1,1,1,NA
projects_and_management_actions_well_impact_prevention_mitigation_program,1,1,1,NA
projects_and_management_section_3,1,1,1,Reference
projects_and_managements,1,1,1,NA
projects_or_management_actions,1,1,1,NA
projects_projects,1,1,1,Water_Project
projects_trout_unlimited,1,1,1,NA
prop_1,1,1,1,NA
prop_218_ballots,1,1,1,NA
prop_ie,1,1,1,NA
property_owners,1,1,1,NA
property_transfer,1,1,1,NA
propio,1,1,1,NA
proposed_federal_action_several_federal,1,1,1,NA
proposed_measurable_objectives_for_groundwater_quality,1,1,1,NA
proposed_wheeling_principles,1,1,1,NA
proposition,1,1,1,NA
proposition_1_sustainable_groundwater_subbasin,1,1,1,Basin
protected,1,1,1,NA
protected_2,1,1,1,NA
protected_easement_database,1,1,1,Technical
protection_agency,1,1,1,Group
protective_water_levels_to,1,1,1,NA
protocols,1,1,1,NA
provisional_observations_and_conclusions,1,1,1,NA
provost_prichard_consulting_group,1,1,1,Group
provost_pritchard_consulting,1,1,1,NA
provost_pritchard_consulting_meetings,1,1,1,NA
prudential_real_estate,1,1,1,NA
prudic_barlow,1,1,1,NA
psomas,1,1,1,NA
pu_pond,1,1,1,NA
public_advisory_committee,1,1,1,Group
public_agencies_other_entities_organizations,1,1,1,NA
public_and_community_meetings,1,1,1,NA
public_and_stakeholders,1,1,1,NA
public_comment_report,1,1,1,Technical
public_education_and_outreach,1,1,1,NA
public_engagement_and_public_meeting,1,1,1,NA
public_engagement_committees,1,1,1,Group
public_engagement_opportunities,1,1,1,NA
public_engagement_process,1,1,1,NA
public_engagement_public,1,1,1,NA
public_facilities_and_services,1,1,1,NA
public_facilities_and_services_element,1,1,1,NA
public_facilities_and_services_ensure,1,1,1,NA
public_health_division,1,1,1,NA
public_hearings_meetings_441_planning_commission_periodic,1,1,1,NA
public_information_officer_and,1,1,1,NA
public_meetings_representatives,1,1,1,NA
public_notice_process_public,1,1,1,NA
public_outreach_and_communications_and,1,1,1,NA
public_policy_institute,1,1,1,NA
public_private_stormwater_recharge,1,1,1,NA
public_public,1,1,1,NA
public_records_act,1,1,1,Legal
public_service_announcements,1,1,1,NA
public_services_and_facilities_standards,1,1,1,NA
public_services_city_of_lompoc_2014a,1,1,1,City
public_supply,1,1,1,NA
public_surveys_public,1,1,1,NA
public_trust_doctrine_22,1,1,1,NA
public_trust_uses,1,1,1,NA
public_utilities_element,1,1,1,NA
public_water_agency,1,1,1,Group
public_water_systems_city_of,1,1,1,City
public_water_systems_public,1,1,1,NA
public_water_systems_water,1,1,1,NA
public_works_agency,1,1,1,Group
puckett,1,1,1,NA
puertos,1,1,1,NA
pulah_creek_council,1,1,1,Group
pullen,1,1,1,NA
pump,1,1,1,NA
pumpage_pace_engineering,1,1,1,NA
pumpage_provost_pritchard,1,1,1,NA
pumping_allocation,1,1,1,NA
pumping_allocations_and_controls,1,1,1,NA
pumping_allocations_and_transient_pool_allocations,1,1,1,NA
pumping_demands_for_winery,1,1,1,NA
pumping_lower_model,1,1,1,Technical
pumping_system_efficiency,1,1,1,NA
pumps,1,1,1,NA
puntos,1,1,1,NA
purchased_local_water,1,1,1,NA
pure_water_monterey_advanced_water_purification_facility_and_groundwater_replenishment_project,1,1,1,Water_Project
pure_water_monterey_draft_environmental_impact_report,1,1,1,Technical
purge,1,1,1,NA
purified_wastewater_recharge_group,1,1,1,Group
purisima_a_233_section_41,1,1,1,Reference
purisima_formation_east,1,1,1,NA
purple,1,1,1,NA
pursuant_to_government_code,1,1,1,Legal
pursuant_to_section,1,1,1,Reference
putah_creek_project,1,1,1,Water_Project
putah_creek_streamkeeper,1,1,1,NA
putah_l_diversion_dam_to,1,1,1,NA
pvid,1,1,1,NA
pvmwa_wells,1,1,1,NA
q2,1,1,1,NA
qa_ac,1,1,1,NA
qapps,1,1,1,NA
qaprp,1,1,1,NA
qet,1,1,1,NA
qh,1,1,1,NA
qm_qr_qtl,1,1,1,NA
qod_qar,1,1,1,NA
qtc,1,1,1,NA
quality,1,1,1,NA
quality86,1,1,1,NA
quality_and,1,1,1,NA
quality_assurance_project_plan_quality_control_project_chemist,1,1,1,NA
quality_assurance_quality_control_programs,1,1,1,NA
quality_assurance_quality_control_quality_assurance,1,1,1,NA
quality_data,1,1,1,Technical
quality_plan_element,1,1,1,NA
quality_plan_element_3_determination_of_basin_yield_and_avoidance_of_overdraft_plan_element_4,1,1,1,NA
quantum_spatial_inc,1,1,1,NA
quarterly_stakeholder,1,1,1,NA
quaternary_tertiary_deposits,1,1,1,NA
que_cubran_el_año,1,1,1,NA
que_rastrean_el_hundimiento_de_la_tierra_comunicación,1,1,1,NA
que_sean,1,1,1,NA
query_groundwater_dependent_ecosystem,1,1,1,Natural_Feature
qvs_volcanic_pleistocene,1,1,1,NA
qwsu_h2so4,1,1,1,NA
r16e26rl,1,1,1,NA
r23e_mdbm,1,1,1,NA
r2_stage,1,1,1,NA
r3mp,1,1,1,NA
r8,1,1,1,NA
r_l_schafer,1,1,1,NA
r_l_schafer_associates,1,1,1,NA
radioactivity,1,1,1,NA
rain_managed_aquifer_recharge_sump,1,1,1,NA
ramacciotti_unit,1,1,1,NA
ramelli_ranch,1,1,1,NA
rams_hill_gc,1,1,1,NA
rancheria,1,1,1,NA
rancho_de_cielo_mutual_water_company,1,1,1,NA
rancho_murieta_community_service_district_office,1,1,1,NA
rand_communities,1,1,1,NA
randy_collin,1,1,1,NA
rate_study_prop_218_process,1,1,1,NA
raw,1,1,1,NA
raymond_groundwater_basin,1,1,1,Basin
rbf,1,1,1,NA
rc_p4_resource_conservation_element,1,1,1,NA
rcd_mnd,1,1,1,NA
rcra_facility_investigations,1,1,1,NA
rcra_statistics,1,1,1,NA
rcrscor,1,1,1,NA
rd1001_groundwater_sustainability_agency,1,1,1,Other_GSA
re,1,1,1,NA
reach_3_2048_to,1,1,1,NA
reaches_3_and_4,1,1,1,NA
reaches_combined,1,1,1,NA
reaches_h_geotracker,1,1,1,NA
reaches_i,1,1,1,NA
reads,1,1,1,NA
ready_mix_return,1,1,1,NA
real_time_salt_load_allocation,1,1,1,NA
realign,1,1,1,NA
rebecca_martinez,1,1,1,NA
rebecca_williams,1,1,1,NA
rec2,1,1,1,NA
recapture_recirculation,1,1,1,NA
received_id,1,1,1,NA
received_public,1,1,1,NA
recent,1,1,1,NA
recharge_0,1,1,1,NA
recharge_12,1,1,1,NA
recharge_2,1,1,1,NA
recharge_2_basins_1_and,1,1,1,NA
recharge_active_model_area_data,1,1,1,Technical
recharge_and_recovery_projects,1,1,1,Water_Project
recharge_banking,1,1,1,NA
recharge_basin,1,1,1,Basin
recharge_basins_canal,1,1,1,NA
recharge_city,1,1,1,NA
recharge_direct,1,1,1,NA
recharge_direct_groundwater_recharge,1,1,1,NA
recharge_estimated_groundwater_offset,1,1,1,NA
recharge_farm_plan_coordination,1,1,1,NA
recharge_folsom_south_canal,1,1,1,NA
recharge_for_historical_and_current_water_budget,1,1,1,NA
recharge_fresno_metropolitan_flood_control_district,1,1,1,District
recharge_indirect,1,1,1,NA
recharge_management,1,1,1,NA
recharge_multi_benefit_demonstration_project,1,1,1,Water_Project
recharge_oakdale_irrigation_district_irrigation,1,1,1,NA
recharge_potential,1,1,1,NA
recharge_project_colusa_drain,1,1,1,NA
recharge_rates,1,1,1,NA
recharge_recharge,1,1,1,NA
recharge_soil,1,1,1,NA
recharge_sources,1,1,1,NA
recharge_summary,1,1,1,NA
recharge_tank_modesto_irrigation,1,1,1,NA
recharge_to,1,1,1,NA
recharge_x,1,1,1,NA
reclaimed_wastewater,1,1,1,NA
reclaimed_water_quality,1,1,1,NA
reclaimed_water_sales_reclaimed,1,1,1,NA
reclamation_district_1004,1,1,1,NA
reclamation_district_1606_board_of_directors,1,1,1,Group
reclamation_district_349,1,1,1,NA
reclamation_district_551,1,1,1,NA
reclamation_district_landowner,1,1,1,NA
reclamation_districts,1,1,1,District
reclamation_of_oilfield_produced_water,1,1,1,NA
reclamation_om_costs,1,1,1,NA
reclamation_project_act_of_1939,1,1,1,NA
reclamation_storage_ponds_several,1,1,1,NA
reclamation_that,1,1,1,NA
recognizing,1,1,1,NA
records,1,1,1,NA
recreation_area_unit,1,1,1,NA
recycled_area,1,1,1,Geographic_Unit
recycled_recycling_in_lieu,1,1,1,NA
recycled_water_and_wastewater_corona,1,1,1,NA
recycled_water_and_wastewater_wastewater,1,1,1,NA
recycled_water_feasibility_study,1,1,1,NA
recycled_water_project,1,1,1,Water_Project
recycled_water_pumping,1,1,1,NA
recycled_water_wastewater,1,1,1,NA
recycled_waterline_infrastructure_installation_project,1,1,1,Water_Project
red_bank,1,1,1,NA
red_mountain_fault,1,1,1,NA
red_star_yeast,1,1,1,NA
red_top_regional_conservation_district,1,1,1,District
redding_corning,1,1,1,NA
redlands_wastewater_treatment_facility,1,1,1,NA
reduce_gw_pumping,1,1,1,NA
reduce_gw_pumping_storage,1,1,1,NA
reduce_non,1,1,1,NA
reduction_of_groundwater_storage_sustainability_indicator,1,1,1,NA
redwood_valley_community_water_district,1,1,1,District
reed_ditch_company_reed_ditch_company,1,1,1,NA
reek,1,1,1,NA
reeves,1,1,1,NA
refinements_to_climate_change_analysis,1,1,1,NA
refining_subbasin,1,1,1,Basin
refresher,1,1,1,NA
regan,1,1,1,NA
regents_of_the_university_of_califorma,1,1,1,NA
region_9,1,1,1,NA
region_acceptance_process,1,1,1,NA
region_board,1,1,1,Group
region_subsidence,1,1,1,NA
regional_aquifersystems_analysis,1,1,1,NA
regional_communication_and_cooperation,1,1,1,NA
regional_fuels_management_workshop,1,1,1,NA
regional_geologic_structures,1,1,1,NA
regional_geology,1,1,1,NA
regional_projects_control_board,1,1,1,Group
regional_recycled_water_program_backbone_system,1,1,1,NA
regional_supply_project,1,1,1,Water_Project
regional_urban_water_augmentation_project,1,1,1,Water_Project
regional_water_quality,1,1,1,NA
regional_water_quality_board,1,1,1,Group
regional_water_quality_control_board_and,1,1,1,NA
regional_water_quality_control_board_irrigated_lands,1,1,1,NA
registration_and_management_program,1,1,1,NA
regular_and_public_site_use_agreement,1,1,1,Group
regular_business_meeting_of_the_board_of_directors,1,1,1,Group
regular_closed_session_meeting_of_the_board_of_directors,1,1,1,Group
regular_cooperative_committee,1,1,1,Group
regular_monthly_receivables,1,1,1,NA
regulated,1,1,1,NA
regulatory_cleanup_program_sites,1,1,1,NA
regulatory_process_projects,1,1,1,Water_Project
regulatory_submittals_and_approvals,1,1,1,NA
rehoboth_fault,1,1,1,NA
relation_to,1,1,1,NA
relationship_between_individual_minimum_thresholds_and_relationship_to_other,1,1,1,NA
relationship_for_each_sustainability_indicator_regulation_requirements,1,1,1,NA
relationship_of_resource_capacity_study_and_groundwater_level_monitoring_program_the_resource_capacity_study,1,1,1,Technical
relevant_city_of,1,1,1,City
reliz,1,1,1,NA
remediation_monitoring,1,1,1,Technical
remediation_project_manager,1,1,1,NA
rene_carreon,1,1,1,NA
reno_mill,1,1,1,NA
reno_mill_and,1,1,1,NA
reported_data_type_number,1,1,1,Technical
reported_data_type_number_of,1,1,1,Technical
reported_grouindwater_extractions,1,1,1,Technical
reported_historical_specific_conductance_for_representative_monitoring_site,1,1,1,Technical
reported_use,1,1,1,Technical
reporting_data,1,1,1,Technical
reporting_limit_regional_water_quality_control_board,1,1,1,Group
reporting_phase_review,1,1,1,Technical
reports,1,1,1,Technical
representa,1,1,1,NA
representation,1,1,1,NA
representative,1,1,1,NA
representative_land_subsidence_monitoring_network,1,1,1,Technical
representative_monitoring_network,1,1,1,Technical
representative_monitoring_network_for_groundwater_levels_representative,1,1,1,Technical
representative_monitoring_point_santa_rosa_plain0714,1,1,1,Technical
representative_monitoring_point_santa_rosa_plain0716,1,1,1,Technical
representative_monitoring_point_son0315,1,1,1,Technical
representative_monitoring_sites_upper_lower_aquifer,1,1,1,Natural_Feature
represented,1,1,1,NA
represents,1,1,1,NA
repurpose,1,1,1,NA
requires_co_permittees,1,1,1,NA
reservas_management_actions,1,1,1,NA
reservation_rolling_hills_casino,1,1,1,NA
reso_urces_ava_il_abl_e,1,1,1,NA
resolution_00_172,1,1,1,NA
resolution_no,1,1,1,NA
resolution_of_adoption,1,1,1,NA
resolution_of_the_board_of_supervisors_of_the_county_of_san_diego,1,1,1,NA
resource_capacity_studies,1,1,1,NA
resource_conservation,1,1,1,NA
resource_conservation_element_of_the_kings_county_general_plan,1,1,1,Technical
resource_efficient_organizations_and_businesses,1,1,1,NA
resource_management_agency,1,1,1,Group
resource_management_system,1,1,1,Technical
resources_division,1,1,1,NA
respective_board_of_directors,1,1,1,Group
respondent_state_water_resources_control_board,1,1,1,Group
responsibilities,1,1,1,NA
responsibilities_agency_board_of_directors,1,1,1,Group
responsibilities_agency_board_of_directors_the_board,1,1,1,Group
responsibilities_executive_committee,1,1,1,Group
responsibilities_governing_boards,1,1,1,Group
responsibilities_resources,1,1,1,NA
responsibilities_responsibility,1,1,1,NA
responsible_agriculture,1,1,1,NA
rest_services,1,1,1,NA
reston,1,1,1,NA
reuse_in,1,1,1,NA
review40,1,1,1,NA
review_inge_wiersema,1,1,1,NA
review_of_future_groundwater_conditions_groundwater_sustainability_plan_development_team,1,1,1,NA
review_of_groundwater_sustainability_plan_development,1,1,1,NA
review_of_isotope_data,1,1,1,Technical
reviewed12,1,1,1,NA
revolon,1,1,1,NA
reyes_creek,1,1,1,Natural_Feature
rhe_city,1,1,1,NA
rhe_cotinty,1,1,1,NA
rhyolite_of_calistoga,1,1,1,NA
rhyolitic_ash,1,1,1,NA
richmond_municipal_sewer_district,1,1,1,District
richmond_sanitary_district,1,1,1,District
richmond_well_field,1,1,1,NA
rick_viergutz,1,1,1,NA
riddell,1,1,1,NA
ridge_maricopa_management_area_plan,1,1,1,Technical
ridgecrest_city_chambers,1,1,1,NA
right_to_water,1,1,1,NA
rincon_band,1,1,1,NA
rincon_consultants_inc,1,1,1,NA
rincon_point,1,1,1,NA
rinex,1,1,1,NA
rio_linda,1,1,1,City
rio_mirada,1,1,1,NA
rip_rap,1,1,1,NA
riparian_et,1,1,1,NA
riparian_mixed_hardwood_and,1,1,1,NA
riparian_mixed_hardwood_and_coast,1,1,1,NA
riparian_mixed_hardwood_coast_live_oak,1,1,1,NA
riparian_mixed_hardwood_riparian_mixed_hardwood_v,1,1,1,NA
riparian_vegetation_and_wildlife_habitat,1,1,1,NA
riparian_vegetation_evapotranspiration,1,1,1,NA
ripon_city_council,1,1,1,Group
risley,1,1,1,NA
riv,1,1,1,NA
riv_hydrologic_classification,1,1,1,NA
riv_hydrologic_classification_1,1,1,1,NA
river_exchange_contractors_service_area,1,1,1,Geographic_Unit
river_islands_development,1,1,1,NA
river_management_units,1,1,1,NA
river_pixley_irrigation_district,1,1,1,District
riverdale_education_center,1,1,1,NA
riverdale_library,1,1,1,NA
riverside_alluvial_scrub,1,1,1,NA
riverside_community_service_district,1,1,1,District
riverside_county_department,1,1,1,Group
riverside_county_environmental_health_permit,1,1,1,NA
riverside_county_flood_control_and_conservation_district,1,1,1,District
riverside_department_of_environmental_health,1,1,1,NA
riverstone_development_project,1,1,1,Water_Project
rmc_water_environmental,1,1,1,NA
rmp_300,1,1,1,NA
rms1,1,1,1,NA
rms_a_trigger,1,1,1,NA
rmses,1,1,1,NA
robert_d_mccloskey,1,1,1,NA
robert_rivas,1,1,1,NA
roberta_greathouse,1,1,1,NA
roberts,1,1,1,NA
roberts_rules_of_order,1,1,1,NA
robles_area,1,1,1,Geographic_Unit
robles_divers,1,1,1,NA
robles_subbasin_cooperative_committee,1,1,1,Group
robley_rd,1,1,1,NA
rock_outcrop,1,1,1,NA
rockwork,1,1,1,NA
rocky_mountain_elk_foundation,1,1,1,NA
rocky_point,1,1,1,NA
rodgers,1,1,1,NA
rodrigo_espinoza,1,1,1,NA
roger_leach,1,1,1,NA
rohde_et_al_2019,1,1,1,NA
roles_and_responsibilities,1,1,1,NA
ron,1,1,1,NA
ron_wolf,1,1,1,NA
ronda,1,1,1,NA
rooney_dam_and,1,1,1,NA
root,1,1,1,NA
root_creek_wd,1,1,1,NA
root_zone_model_a,1,1,1,Technical
rosa,1,1,1,NA
rosa_californica,1,1,1,NA
rosa_plain_groundwater_sustainability_agency,1,1,1,Other_GSA
rosedale_ranch_id,1,1,1,NA
roseland_creek,1,1,1,Natural_Feature
rosemarie_singer,1,1,1,NA
rosewood_subbasin,1,1,1,Basin
ross,1,1,1,City
ross_ranch,1,1,1,NA
rotary_club,1,1,1,NA
rotating,1,1,1,NA
roy_catania,1,1,1,NA
royal_geographical_society,1,1,1,NA
rsrz_davids_engineering,1,1,1,NA
rtc,1,1,1,NA
rtwqm_network,1,1,1,NA
ruben,1,1,1,NA
ruben_chavez,1,1,1,NA
ruben_magana,1,1,1,NA
ruby_acevedo,1,1,1,NA
rudolph_strand,1,1,1,NA
rumbaugh,1,1,1,NA
rumbaugh_and_rumbaugh,1,1,1,NA
rumsey_slough,1,1,1,Natural_Feature
rural,1,1,1,NA
rural_communities_assistance_corporation,1,1,1,NA
rural_residential,1,1,1,NA
russell_james_hall,1,1,1,NA
russell_waldrop,1,1,1,NA
russian_river_regional_monitoring_program,1,1,1,Technical
russo_et_al,1,1,1,NA
rws,1,1,1,NA
s008239,1,1,1,NA
s015765,1,1,1,NA
sa_leake,1,1,1,NA
sacramento_area_flood_control_authority,1,1,1,Group
sacramento_audubon_society,1,1,1,NA
sacramento_authority,1,1,1,Group
sacramento_central_groundwater_authority_board_meeting,1,1,1,NA
sacramento_central_groundwater_authority_recharge_mapping_and_field_study_technical_memorandum,1,1,1,Technical
sacramento_citizens_climate_lobby,1,1,1,NA
sacramento_city,1,1,1,NA
sacramento_coordinated_water_quality,1,1,1,NA
sacramento_county_board_chambers,1,1,1,NA
sacramento_county_general_plan,1,1,1,Technical
sacramento_county_wells_program,1,1,1,NA
sacramento_deep_water_ship_channel,1,1,1,NA
sacramento_department_of_economic_development,1,1,1,NA
sacramento_electric_vehicle_association,1,1,1,Group
sacramento_flood_control_agency,1,1,1,Group
sacramento_groundwater,1,1,1,NA
sacramento_housing_alliance,1,1,1,NA
sacramento_integrated_groundwater_surface_water_model,1,1,1,Technical
sacramento_natural_foods_coop,1,1,1,NA
sacramento_regional,1,1,1,NA
sacramento_regional_wastewater_treatment_plant,1,1,1,NA
sacramento_river_groundwater_basin,1,1,1,Basin
sacramento_river_hydrologic_study_areas,1,1,1,Geographic_Unit
sacramento_river_island,1,1,1,NA
sacramento_river_refuge,1,1,1,NA
sacramento_river_simulated,1,1,1,NA
sacramento_sacramento_central_groundwater_authority,1,1,1,Group
sacramento_state_consensus_and_collaboration_program,1,1,1,NA
sacramento_valley_finite_element_groundwater_model,1,1,1,Technical
sacramento_valley_global_positioning_system,1,1,1,NA
sacramento_valley_height_modernization_project,1,1,1,Water_Project
sacramento_valley_water_users,1,1,1,NA
sacramento_valley_water_year_type,1,1,1,NA
sacramentosan_joaquin_delta,1,1,1,NA
safca_flood_managed_aquifer,1,1,1,Natural_Feature
safe_yield_committee,1,1,1,Group
safety_health,1,1,1,NA
sage_sangiacomo,1,1,1,NA
salinas_basin_water_alliance,1,1,1,NA
salinas_river_state_beach,1,1,1,NA
salinas_subbasin,1,1,1,Basin
salinas_valley_basin_groundwater_sustainability_agency_association,1,1,1,Group
salinas_valley_basin_groundwater_sustainability_agency_monterey_subbasin_planning_committee,1,1,1,Group
salinas_valley_basin_subbasins,1,1,1,Basin
salinas_valley_groundwater_basin_sustainability_agency,1,1,1,Group
salinas_valley_subbasin,1,1,1,Basin
salinity_management,1,1,1,NA
salmonid_habitat_restoration_priorities,1,1,1,NA
salt_and,1,1,1,NA
salt_and_nutrient_management_plans,1,1,1,Technical
salt_river_watershed_council,1,1,1,Group
saltgrass,1,1,1,NA
sam_pipes_room,1,1,1,NA
sammie_neely,1,1,1,NA
samolus,1,1,1,NA
sampled_for_stable_isotopes,1,1,1,NA
sampled_frequency_network,1,1,1,NA
sampled_frequency_network_future_project,1,1,1,Water_Project
sampled_meet,1,1,1,NA
sampled_wells,1,1,1,NA
samuels,1,1,1,NA
san_antonio_reservoirs,1,1,1,Infrastructure
san_antonio_segment,1,1,1,NA
san_benito_county_code,1,1,1,Legal
san_benito_county_code_of_ordinances,1,1,1,Legal
san_benito_county_department,1,1,1,Group
san_benito_county_department_of_environmental_health,1,1,1,NA
san_benito_county_water_district_managed_aquifer_recharge,1,1,1,NA
san_benito_county_water_district_monitoring_program,1,1,1,Technical
san_bernardino_county_department_of_public_health_environmental_health_services,1,1,1,NA
san_bernardino_county_flood_control_district_station_id,1,1,1,NA
san_bernardino_superior_court,1,1,1,NA
san_diego_county_department_of_environmental_health_land_and_water_quality_division,1,1,1,NA
san_diego_county_district,1,1,1,District
san_diego_county_parks,1,1,1,NA
san_diego_county_water,1,1,1,NA
san_diego_river_valley,1,1,1,Geographic_Unit
san_diego_river_valley_groundwater_basins,1,1,1,Basin
san_dieguito_river_water_quality_improvement_plan,1,1,1,Technical
san_dimas,1,1,1,City
san_emigdio_mountains,1,1,1,NA
san_felipe_rd,1,1,1,NA
san_francisco_bay_national_wildlife_refuge_complex,1,1,1,NA
san_francisco_sierra_club,1,1,1,NA
san_francisquito_canyons,1,1,1,NA
san_gabriel_river,1,1,1,Natural_Feature
san_gabriel_river_watershed,1,1,1,NA
san_gabriel_valley_groundwater_basin,1,1,1,Basin
san_gabriel_valley_municipal_water_district,1,1,1,District
san_gorgonio_creek,1,1,1,Natural_Feature
san_gorgonio_pass_watershed,1,1,1,NA
san_hollister,1,1,1,NA
san_joaquin_county_advisory_water_commission,1,1,1,Group
san_joaquin_county_environmental,1,1,1,NA
san_joaquin_county_public_works_division,1,1,1,NA
san_joaquin_county_water_management,1,1,1,NA
san_joaquin_county_water_works_district,1,1,1,District
san_joaquin_river_delta,1,1,1,NA
san_joaquin_river_exchange_contractors_groundwater_sustainability_agency_staff,1,1,1,NA
san_joaquin_river_exchange_contractors_management_areas_b,1,1,1,NA
san_joaquin_river_exchange_contractors_management_areas_f,1,1,1,NA
san_joaquin_river_exchange_contractors_management_areas_g,1,1,1,NA
san_joaquin_river_funding_area,1,1,1,Geographic_Unit
san_joaquin_river_restoration_settlement_water_management_goals,1,1,1,NA
san_joaquin_river_systems,1,1,1,NA
san_joaquin_stanislaus_county,1,1,1,County
san_joaquin_subbasin,1,1,1,Basin
san_joaquin_valley_farmlands_company,1,1,1,NA
san_juan_bautista_area_subbasin,1,1,1,Basin
san_juan_hills,1,1,1,NA
san_juan_ma_table,1,1,1,Reference
san_juan_subarea_stakeholders,1,1,1,NA
san_juan_subbasins,1,1,1,Basin
san_lorenzo_alluvial_cones,1,1,1,NA
san_lorenzo_valley_water_district_quail_hollow_pumping_redistribution,1,1,1,NA
san_lorenzo_valley_water_district_quail_mw_b,1,1,1,NA
san_luis_delta_medota_water_authority,1,1,1,Group
san_luis_delta_mendota_water_authority_po_box,1,1,1,NA
san_luis_deltamendota_water_authority,1,1,1,Group
san_luis_drain_to_mud_slough,1,1,1,Natural_Feature
san_luis_obispo_coastkeeper_et_al,1,1,1,NA
san_luis_obispo_county_board,1,1,1,Group
san_luis_obispo_county_environmental_health_services,1,1,1,NA
san_luis_obispo_county_general_plan,1,1,1,Technical
san_luis_obispo_county_master_water_plan,1,1,1,Technical
san_luis_obispo_creek_fish,1,1,1,NA
san_luis_obispo_general_plan_agriculture_element,1,1,1,NA
san_luis_obispo_general_plan_conservation_and_open_space_element,1,1,1,NA
san_luis_obispo_general_plan_land_use_element,1,1,1,NA
san_luis_obispo_local_agency_formation_commission,1,1,1,Group
san_luis_obispo_regional_water_management_group,1,1,1,Group
san_luis_obispo_taricha,1,1,1,NA
san_luis_ranch,1,1,1,NA
san_luis_reservoir_expansion,1,1,1,NA
san_luis_rey_indian_water_rights_settlement_act,1,1,1,Legal
san_luis_rey_reiver,1,1,1,NA
san_luis_rey_river_basin,1,1,1,Basin
san_luis_rey_valley_groundwater,1,1,1,NA
san_luis_sub,1,1,1,NA
san_luis_wd,1,1,1,NA
san_mateo_badlands,1,1,1,NA
san_mateo_plain_model,1,1,1,Technical
san_pablo_well_field_1,1,1,1,NA
san_pasqual_bands_of,1,1,1,NA
san_pasqual_groundwater_basin,1,1,1,Basin
san_pasqual_valley_plan,1,1,1,Technical
san_rafael_range,1,1,1,NA
san_timoteo_groundwater_subbasin,1,1,1,Basin
sandy_beach,1,1,1,NA
sanford,1,1,1,NA
sanger_fowler,1,1,1,NA
sanger_parlier,1,1,1,NA
sanger_the_city_of,1,1,1,City
sanger_wwtf,1,1,1,NA
sanicula,1,1,1,NA
sanitary_sewer_systems,1,1,1,NA
sanitary_sewer_waste_discharge_requirement,1,1,1,NA
sanitation_district,1,1,1,District
sanitation_division_of_santa_cruz_county_public_works_department,1,1,1,Group
santa_ana_board,1,1,1,Group
santa_ana_river_judgment,1,1,1,NA
santa_ana_river_reach,1,1,1,NA
santa_ana_river_system,1,1,1,NA
santa_ana_watershed_involvement_santa_ana_watershed_project_authority,1,1,1,Group
santa_aquifer_conjunctive_use,1,1,1,NA
santa_barbara_channel_keeper,1,1,1,NA
santa_barbara_country,1,1,1,NA
santa_barbara_county_association_of_governments,1,1,1,NA
santa_barbara_county_comprehensive_plan_agricultural_element,1,1,1,NA
santa_barbara_county_comprehensive_plan_land_use_element,1,1,1,NA
santa_barbara_county_fire_department,1,1,1,Group
santa_barbara_county_flood_control_and_water,1,1,1,NA
santa_barbara_county_groundwater,1,1,1,NA
santa_barbara_county_integrated,1,1,1,NA
santa_barbara_county_planning_department,1,1,1,Group
santa_barbara_county_precipitation_enhancement_program,1,1,1,NA
santa_barbara_county_public,1,1,1,NA
santa_barbara_county_public_works_department,1,1,1,Group
santa_barbara_county_south,1,1,1,NA
santa_barbara_integrated_regional_water_management_program,1,1,1,NA
santa_barbara_surplus_imported_water_to_offset_groundwater,1,1,1,NA
santa_clara_merced_formations,1,1,1,Natural_Feature
santa_clara_river_surface,1,1,1,NA
santa_clara_river_systems,1,1,1,NA
santa_clara_valley_water_district_board_of_directors,1,1,1,Group
santa_clarita_city_council,1,1,1,Group
santa_clarita_valley_groundwater_flow_model,1,1,1,Technical
santa_cruz_aquifer_storage,1,1,1,NA
santa_cruz_city_council,1,1,1,Group
santa_cruz_city_water_department,1,1,1,Group
santa_cruz_county_code,1,1,1,Legal
santa_cruz_county_environmental_health,1,1,1,NA
santa_cruz_county_environmental_health_services_department,1,1,1,Group
santa_cruz_county_juvenile_steelhead_and_stream_habitat_monitoring_program,1,1,1,Technical
santa_cruz_county_prop_1,1,1,1,NA
santa_cruz_county_superior_court,1,1,1,NA
santa_cruz_integrated_regional_water_management_plan,1,1,1,Technical
santa_cruz_purisima_formation_basin,1,1,1,Basin
santa_cruz_sentinel,1,1,1,NA
santa_cruz_water_commission,1,1,1,Group
santa_cruz_water_conservation_coalition,1,1,1,NA
santa_lucia,1,1,1,NA
santa_margarita_groundwater_basin,1,1,1,Basin
santa_margarita_ranch,1,1,1,NA
santa_margarita_ranch_mutual_water_company_santa_margarita_ranch_mutual_water_company,1,1,1,NA
santa_maria_data,1,1,1,Technical
santa_maria_orthophosphate,1,1,1,NA
santa_maria_valley_water_conservation_district_et_al,1,1,1,NA
santa_monica_1966,1,1,1,NA
santa_monica_faults,1,1,1,NA
santa_monica_state_beach,1,1,1,NA
santa_paula_subbasins,1,1,1,Basin
santa_public_supply,1,1,1,NA
santa_rosa_plain_groundwater_management_program,1,1,1,NA
santa_rosa_plain_salt_and,1,1,1,NA
santa_rosa_plain_salt_and_nutrient_management_plan,1,1,1,Technical
santa_ynez_band_of_mission_indians,1,1,1,NA
santa_ynez_ema_groundwater_sustainability_agency,1,1,1,Other_GSA
santa_ynez_mission_state_park,1,1,1,NA
santa_ynez_river_water_conservation_district_annual_report_zone_d,1,1,1,Technical
santa_ysabel_ranch_mutual_water_company_santa_ysabel_ranch_mutual_water_company,1,1,1,NA
santee,1,1,1,City
sarah_morgan,1,1,1,NA
sarbanes_oxley,1,1,1,NA
satellite_housing_program,1,1,1,NA
satellite_imagery_evapotranspiration,1,1,1,NA
saticoy_country_club,1,1,1,NA
saticoy_water_water_system,1,1,1,Natural_Feature
saucelito_id,1,1,1,NA
saucelito_irrigation,1,1,1,NA
saugus_formation_and_alluvial_aquifer,1,1,1,Natural_Feature
save_windsor_efficiency,1,1,1,NA
saviers_road,1,1,1,NA
sawyer,1,1,1,NA
sb_1168,1,1,1,NA
sbcfcwcd,1,1,1,NA
sbvmwd,1,1,1,NA
sc_ca,1,1,1,NA
scalamini,1,1,1,NA
scaled,1,1,1,NA
scaling_factors_for,1,1,1,NA
scaling_factors_for_baseline,1,1,1,NA
scaling_factors_for_climate_change_scenarios,1,1,1,NA
scenario7,1,1,1,NA
scenic_route,1,1,1,NA
schaumburg_il,1,1,1,NA
schell_creek,1,1,1,Natural_Feature
schlumberger_private_older,1,1,1,NA
sci_consulting_group,1,1,1,Group
science_technology,1,1,1,NA
scotia_bluffs,1,1,1,NA
scott_fish_game,1,1,1,NA
scott_luttenberg_rosemary_payne,1,1,1,NA
scott_rolls,1,1,1,NA
scott_williams,1,1,1,NA
scottie_monical,1,1,1,NA
scotts_valley_bulletin,1,1,1,NA
scotts_valley_dry_cleaners_remediation,1,1,1,NA
scotts_valley_non_potable_reuse,1,1,1,NA
scotts_valley_smgwa_board,1,1,1,Group
screen_sustainability_criteria_minimum_threshold_lowering_of_gw_levels,1,1,1,NA
screen_water_levels,1,1,1,NA
screened_out_during_analysis,1,1,1,NA
scrtrib8,1,1,1,NA
scs_curve_number_descriptions,1,1,1,NA
scv_recharge_compiler_input,1,1,1,NA
scvwd,1,1,1,NA
scwa_continuous_global_positioning_system_subsidence_stations,1,1,1,NA
scwd_recycled_water_facilities_planning_study,1,1,1,NA
sdac_acreage,1,1,1,NA
sdac_areas,1,1,1,Geographic_Unit
sdac_areas_of,1,1,1,NA
sdac_areas_south_of,1,1,1,NA
sdac_locations,1,1,1,NA
sdac_team,1,1,1,NA
sdfb,1,1,1,NA
se_anticipa_que_cualquier_acción_de_administración,1,1,1,NA
sean,1,1,1,NA
sean_p_geivet,1,1,1,NA
seascape,1,1,1,NA
seaside_subbasin_model,1,1,1,Technical
seasonal,1,1,1,NA
seawater_extraction_barrier_barrier_project,1,1,1,Water_Project
seawater_extraction_barrier_project,1,1,1,Water_Project
seawater_intrusion_and_interconnected_streams,1,1,1,NA
sebal_north_america,1,1,1,NA
sebastopol_merced_formation,1,1,1,Natural_Feature
second_point_of_measurement,1,1,1,NA
secondary_data,1,1,1,Technical
secondary_maximum_contaminant_level_exceedances_constituents,1,1,1,NA
sectio_n,1,1,1,NA
section_12924,1,1,1,Reference
section_143_conjunctive_use,1,1,1,Reference
section_143_management_areas,1,1,1,Reference
section_14_regular_meetings,1,1,1,Reference
section_187_status_and,1,1,1,Reference
section_1918_enforcement_and_response_actions,1,1,1,Reference
section_21,1,1,1,Reference
section_2114,1,1,1,Reference
section_21223,1,1,1,Reference
section_22,1,1,1,Reference
section_2354,1,1,1,Reference
section_237,1,1,1,Reference
section_3341,1,1,1,Reference
section_3416,1,1,1,Reference
section_341_sustainable_management_criteria_groundwater_elevation,1,1,1,Reference
section_343,1,1,1,Reference
section_34_sustainability_goal,1,1,1,Reference
section_3b2_4,1,1,1,Reference
section_41,1,1,1,Reference
section_410,1,1,1,Reference
section_46,1,1,1,Reference
section_4_projects_and_management_actions_to_achieve_sustainability,1,1,1,Reference
section_4_sustainable_management_criteria,1,1,1,Reference
section_515,1,1,1,Reference
section_531_kern_county_general_plan,1,1,1,Reference
section_54,1,1,1,Reference
section_59,1,1,1,Reference
section_643,1,1,1,Reference
section_7,1,1,1,Reference
section_704,1,1,1,Reference
section_7111_tier_1_projecttier_1_project,1,1,1,Water_Project
section_75,1,1,1,Reference
section_7_cosumnes_basin_data_management_system,1,1,1,Reference
section_7_sustainable_management_criteria_sustainable,1,1,1,Reference
section_92,1,1,1,Reference
section_9224_overdraft_conditions,1,1,1,Reference
section_9311_overdraft_conditions,1,1,1,Reference
section_95_management_actions,1,1,1,Reference
section_c4,1,1,1,Reference
section_d13,1,1,1,Reference
section_es,1,1,1,Reference
section_ib,1,1,1,Reference
section_iia_board_of_directors,1,1,1,Reference
section_iia_ia1_subbasin_industries,1,1,1,Reference
section_interconnected_groundwater_and_surface_water,1,1,1,Reference
section_supply,1,1,1,Reference
sections_2141,1,1,1,NA
sections_7_and_8_of_this_plan,1,1,1,Technical
sections_f,1,1,1,NA
secure_inactive,1,1,1,NA
secures,1,1,1,NA
sediment,1,1,1,Natural_Feature
sediment_total_maximum_daily_load,1,1,1,NA
see_appendix_c_comments,1,1,1,Reference
see_response,1,1,1,NA
see_section,1,1,1,Reference
see_shasta_indian_nation,1,1,1,NA
seeman,1,1,1,NA
seepage,1,1,1,NA
seepage_management_plan,1,1,1,Technical
seequent,1,1,1,NA
seguidas_de_las,1,1,1,NA
selected,1,1,1,NA
selection_of,1,1,1,NA
selection_of_key_wells,1,1,1,NA
self_report,1,1,1,Technical
sells_and_altivo,1,1,1,NA
semitropic_groundwater_storage_bank,1,1,1,NA
senate_bill,1,1,1,NA
senate_bill_1136,1,1,1,NA
septic_systems_groundwater_recharge,1,1,1,NA
septic_systems_recharge,1,1,1,NA
sequoia_national_forest_headquarters,1,1,1,NA
sequoia_riverlands_trust,1,1,1,NA
sequoiadendron,1,1,1,NA
serafin_calderon,1,1,1,NA
service_agency,1,1,1,Group
services,1,1,1,NA
será_financiada_por_otras_tarifas_o_evaluaciones,1,1,1,NA
sesj,1,1,1,NA
set,1,1,1,NA
setting_5,1,1,1,NA
setting_v,1,1,1,NA
setup_and_configuration_of_satellite_images,1,1,1,NA
several,1,1,1,NA
seville,1,1,1,City
sfr_package,1,1,1,NA
sgwp_grant_application,1,1,1,NA
shafter_wasco_irrigation_district,1,1,1,District
shall_account,1,1,1,NA
shallow,1,1,1,NA
shallow_aquifer,1,1,1,Natural_Feature
shane_nash,1,1,1,NA
shapefiles,1,1,1,NA
shared,1,1,1,NA
shared_costs,1,1,1,NA
sharing,1,1,1,NA
sharon,1,1,1,NA
shasta_dams,1,1,1,Infrastructure
shasta_division_cross_valley,1,1,1,Geographic_Unit
shasta_farm_bureau,1,1,1,NA
shasta_national_forest_united_states_forest_service,1,1,1,NA
shasta_paper,1,1,1,NA
shasta_paper_treatment_lagoons,1,1,1,NA
shasta_r,1,1,1,NA
shasta_reservoir,1,1,1,Infrastructure
shasta_watershed_upper_shasta_river,1,1,1,Natural_Feature
shaw_conservation_easement,1,1,1,NA
shaw_environmental,1,1,1,NA
shay_creek,1,1,1,Natural_Feature
sheet_adko,1,1,1,NA
shell,1,1,1,NA
shell_chemical_et_al,1,1,1,NA
shell_oil_co,1,1,1,NA
shell_oil_company,1,1,1,NA
shell_ridge,1,1,1,City
shelton,1,1,1,NA
sheriff,1,1,1,NA
sherry_shaw,1,1,1,NA
shirlee_zane_county_of,1,1,1,NA
shn_consulting_engineers,1,1,1,NA
sholes,1,1,1,NA
shorelines_source,1,1,1,NA
short_term_consumer_acceptance,1,1,1,NA
short_term_secondary_drinking_water_maximum_contaminant_level,1,1,1,NA
shortfall_before_project_management_action_implementation,1,1,1,NA
shown,1,1,1,NA
shrimp_special,1,1,1,NA
sidalcea_malviflora_subsp,1,1,1,NA
sierra_1998_export,1,1,1,NA
sierra_club_delta_sierra_group,1,1,1,Group
sierra_club_et_al,1,1,1,NA
sierra_county_board_of_equalization,1,1,1,NA
sierra_county_community_wildfire_protection_plan,1,1,1,Technical
sierra_county_flood_control_and_water_conservation_district,1,1,1,District
sierra_del_oro_water_treatment_plant,1,1,1,NA
sierra_madres,1,1,1,NA
sierra_nevada_mountain_range,1,1,1,NA
sierra_nevada_province,1,1,1,NA
sierra_valley_groundwater,1,1,1,NA
sierra_valley_groundwater_basin_act,1,1,1,Legal
sierra_valley_hydrogeologic_system_model_streamflow_globaldat,1,1,1,Technical
sierra_valley_rcd,1,1,1,NA
sierra_valley_watershed_land_ownership,1,1,1,NA
sierraville_ranger_district,1,1,1,District
sierravilleorg,1,1,1,NA
signal_hill,1,1,1,City
significant,1,1,1,NA
silnificant_clav_lavers,1,1,1,NA
silty_sandstone,1,1,1,NA
silver_springs,1,1,1,NA
silverado_trail_phase_k_project,1,1,1,Water_Project
silverwood_lake,1,1,1,Natural_Feature
simi_valley_basin,1,1,1,Basin
simons_ranch,1,1,1,NA
simulates,1,1,1,NA
simunek,1,1,1,NA
sin_fines_de_lucro,1,1,1,NA
since,1,1,1,NA
siskiyou_county_realtors_association,1,1,1,Group
siskiyou_county_resources_conservation_district,1,1,1,District
siskiyou_rocket,1,1,1,NA
siteid,1,1,1,NA
sites_project,1,1,1,Water_Project
sites_project_authority,1,1,1,Group
sitka_sedge,1,1,1,NA
sitting_as,1,1,1,NA
sl0600177511,1,1,1,NA
sloughhouse_resource_1_representative,1,1,1,NA
sloughhouse_resource_conservation_district_note,1,1,1,NA
sloughs_governance,1,1,1,NA
sm_mehl,1,1,1,NA
small_community,1,1,1,NA
small_water_system_program,1,1,1,NA
smc4,1,1,1,NA
smgwa_board_reviews_communications_plan,1,1,1,Technical
smgwa_treasurer,1,1,1,NA
smith,1,1,1,NA
snl,1,1,1,NA
snmp_monitoring_and_reporting_program,1,1,1,Technical
snobird,1,1,1,NA
snodgrass_slough,1,1,1,Natural_Feature
snow,1,1,1,NA
snyder_et_al_1992,1,1,1,NA
social,1,1,1,NA
social_media_content_social,1,1,1,NA
social_media_outreach,1,1,1,NA
social_media_platforms_ebmud,1,1,1,NA
social_media_pursuant,1,1,1,NA
sodium,1,1,1,NA
soi,1,1,1,NA
soil_agricultural_groundwater_banking_index_rating_group,1,1,1,Group
soil_gas_investigation,1,1,1,NA
soil_infiltration_rates,1,1,1,NA
soil_mechanics_and_foundation_engineers_inc,1,1,1,NA
soil_sustainable_groundwater_managementa,1,1,1,NA
soil_water_assessment_tool,1,1,1,NA
soils_all,1,1,1,NA
soils_spatial,1,1,1,NA
sokr_groundwater_sustainability_plan_stakeholder_workshop,1,1,1,NA
solano_agricultural_scenario_planning_system_user_guide,1,1,1,NA
solano_board_of_supervisors,1,1,1,Group
solano_collaborative_mou,1,1,1,Group
solano_county_agricultural_commissioner_sealer_of_weights_and_measures,1,1,1,NA
solano_county_cache_slough_habitat_conservation_plan_cache_slough,1,1,1,Natural_Feature
solano_county_department_of_resources_management,1,1,1,NA
solano_county_environmental_health_division,1,1,1,NA
solano_county_superior_court,1,1,1,NA
solano_county_water_agency_providing_for_water_service,1,1,1,NA
solano_county_water_council,1,1,1,Group
solano_groundwater_sub_basin,1,1,1,Basin
solano_groundwater_sustainability_agency_technical_advisory_committee_roster,1,1,1,Technical
solano_groundwater_sustainability_plan_data_management_system,1,1,1,Technical
solano_groundwater_sustainability_plan_project_team_outreach,1,1,1,NA
solano_irrigation_district_deliveries,1,1,1,NA
solano_irrigation_district_drain_distribution,1,1,1,NA
solano_pride_center,1,1,1,NA
solano_project_contract,1,1,1,Legal
solano_project_in,1,1,1,NA
solano_resource_conservation_districts,1,1,1,District
solano_snapshot,1,1,1,NA
solano_subbasin_for_component,1,1,1,NA
solano_subbasin_for_component_7a,1,1,1,NA
solano_subbasin_groundwater_sustainability_agency_advisory_group,1,1,1,Group
solano_subbasin_groundwater_sustainability_agency_formation,1,1,1,Natural_Feature
solano_subbasin_groundwater_sustainability_agency_staff_advisory_group,1,1,1,Group
solano_subbasin_groundwater_sustainability_plan_technical_memorandum,1,1,1,Technical
solano_subbasin_historical_lateral_subsurface_groundwater,1,1,1,NA
solano_subbasin_hydrologic_analysis_periods_per,1,1,1,NA
solano_subbasin_monitoring_handout,1,1,1,Technical
solano_subbasin_project_team,1,1,1,NA
solano_subbasin_surface_water_system,1,1,1,Natural_Feature
solano_yolo_subbasin_boundary,1,1,1,NA
solinst_barologger,1,1,1,NA
solinst_leveloggers,1,1,1,NA
solito,1,1,1,NA
solt,1,1,1,NA
solvang_note,1,1,1,NA
somers,1,1,1,NA
somis_fault_central_las_posas_fault,1,1,1,NA
son0083,1,1,1,NA
son0167,1,1,1,NA
son0327,1,1,1,NA
sonoma_city_hall,1,1,1,NA
sonoma_county_springs_specific_plan,1,1,1,Technical
sonoma_county_veg_map,1,1,1,Reference
sonoma_cow1ty_water_agency,1,1,1,Group
sonoma_marin_saving_water_partnership,1,1,1,NA
sonoma_marin_water_saving_partnership,1,1,1,NA
sonoma_public_supply,1,1,1,NA
sonoma_valley_county_sanitation_district_expansion_aquifer_storage,1,1,1,NA
sonoma_valley_groundwater_sustainability_agency_board_and_advisory_committee,1,1,1,Group
sonomac,1,1,1,NA
soquel_aptos_groundwater_flow_model_subsurface_construction,1,1,1,Technical
soquel_creek_a5b_chloride,1,1,1,NA
soquel_creek_watershed,1,1,1,NA
sora,1,1,1,NA
sora_rallus,1,1,1,NA
sosnow,1,1,1,NA
sources_of_drinking_water_policy,1,1,1,Legal
south_american_subbasin_working_group,1,1,1,Group
south_canal,1,1,1,NA
south_corning_dome,1,1,1,NA
south_fork_eel_river,1,1,1,Natural_Feature
south_kings_groundwater_sustainability_agency_board,1,1,1,Group
south_lahontan,1,1,1,NA
south_of_state_highway,1,1,1,NA
south_san_lorenzo_valley_system,1,1,1,NA
south_santa_ana_critical_riffle,1,1,1,NA
south_sutter_water_district_board_of_directors,1,1,1,Group
south_talmage,1,1,1,NA
south_yuba_wd,1,1,1,NA
southeast_area,1,1,1,Geographic_Unit
southeast_management_area_figure,1,1,1,Reference
southern_buttonwillow_management_area,1,1,1,Geographic_Unit
southern_interior_valleys,1,1,1,Geographic_Unit
southern_san_joaquin_valley_water_quality_coalition_mpep,1,1,1,NA
southwest,1,1,1,NA
soviet_union,1,1,1,NA
spark,1,1,1,NA
spatial_and_vertical_coverage,1,1,1,NA
spatial_data_standards_for_facilities_infrastructure_and_environment,1,1,1,Technical
spc,1,1,1,NA
special_counsel,1,1,1,NA
special_projects,1,1,1,Water_Project
special_status_wildlife_species_rincon,1,1,1,NA
species,1,1,1,NA
specific_conductivity,1,1,1,NA
specified_municipal_well_field,1,1,1,NA
spring_creek_conduit,1,1,1,NA
spring_creek_powerplant,1,1,1,NA
springhorn,1,1,1,NA
springs_hydrologic_area,1,1,1,Geographic_Unit
springs_minor,1,1,1,NA
springville_fault,1,1,1,NA
spruance,1,1,1,NA
spu,1,1,1,NA
spv_advisory_committee,1,1,1,Group
spwn,1,1,1,NA
spwn18,1,1,1,NA
sqcwd_finance_manager,1,1,1,NA
sqcwd_service_areas_iii,1,1,1,NA
srp0714_and_santa_rosa_plain0716,1,1,1,NA
srscs,1,1,1,NA
sscawa_groundwater_management_plan,1,1,1,Technical
ssjvwqc,1,1,1,NA
st,1,1,1,NA
st_helena_star,1,1,1,NA
st_johns_river_water_conservation_project,1,1,1,Water_Project
st_suffi_c,1,1,1,NA
stachys,1,1,1,NA
staff_advisory_committee,1,1,1,Group
staff_report,1,1,1,Technical
stage,1,1,1,NA
stakeholder,1,1,1,NA
stakeholder_categories_community,1,1,1,NA
stakeholder_committee_meeting_agreements_and_guidelines_for_successful_meetings,1,1,1,NA
stakeholder_committee_meetings,1,1,1,NA
stakeholder_communication_and_engagement,1,1,1,NA
stakeholder_communication_and_engagement_guidance_document,1,1,1,NA
stakeholder_communication_and_engagement_plan_survey,1,1,1,NA
stakeholder_communication_workshop,1,1,1,NA
stakeholder_group,1,1,1,Group
stakeholder_identification_and_engagement,1,1,1,NA
stakeholder_incentive_programs,1,1,1,NA
stakeholder_meetings,1,1,1,NA
stakeholder_outreach_efforts,1,1,1,NA
stakeholder_outreach_plan,1,1,1,Technical
stakeholders_members,1,1,1,NA
stamos,1,1,1,NA
standard_criteria,1,1,1,NA
standard_method_2540c,1,1,1,NA
standard_operating_procedures_for_groundwater_sampling,1,1,1,NA
standard_specification_for_chemical_admixtures_for,1,1,1,NA
standards_and_rules_and_regulations_for_land_development,1,1,1,NA
standing_committee_disputes,1,1,1,NA
stanislaus_and_tuolumne_rivers_groundwater_basin_association_committee,1,1,1,Group
stanislaus_and_tuolumne_rivers_groundwater_basin_association_groundwater_sustainability_agency_plan,1,1,1,Technical
stanislaus_county_community_plans,1,1,1,Technical
stanislaus_county_costs_and_approachsgem,1,1,1,NA
stanislaus_county_general_plan_conservation_open_space_element,1,1,1,NA
stanislaus_county_ground_water_sustainability_agencies,1,1,1,Group
stanislaus_state_stormwater,1,1,1,NA
stanley,1,1,1,NA
stantec_consulting,1,1,1,NA
starlite,1,1,1,NA
state_board_decision_1290,1,1,1,NA
state_board_of_equalization,1,1,1,NA
state_center_community_college_center_district,1,1,1,District
state_department_of_parks_and_recreation,1,1,1,NA
state_department_of_transportation,1,1,1,NA
state_division_of_water_resources,1,1,1,NA
state_drinking_water_information,1,1,1,Natural_Feature
state_drinking_water_source_assessment_program,1,1,1,NA
state_engineer,1,1,1,NA
state_farmland,1,1,1,NA
state_general_plan_guidelines,1,1,1,Legal
state_health_and_safety_code_and_county_ordinance,1,1,1,Legal
state_law_standards,1,1,1,NA
state_legislative_initiatives,1,1,1,NA
state_management_system,1,1,1,Technical
state_marine_reserve,1,1,1,NA
state_mining_and_reclamation_act,1,1,1,Legal
state_model,1,1,1,Technical
state_model_well_ordinance,1,1,1,Legal
state_of_california_executive_order,1,1,1,State_Gov
state_of_california_special_studies_zones,1,1,1,State_Gov
state_of_california_water_resources,1,1,1,State_Gov
state_of_department_of_toxic_substances_control,1,1,1,NA
state_of_department_of_water_resources,1,1,1,NA
state_of_texas_commission_on_environmental_quality,1,1,1,NA
state_of_the_basin,1,1,1,Basin
state_of_this,1,1,1,NA
state_plan_of_flood_control,1,1,1,NA
state_plane_coordinate_system,1,1,1,NA
state_reclamation_act,1,1,1,Legal
state_route_41,1,1,1,NA
state_surface_water_ambient_monitoring_program,1,1,1,Technical
state_university_channel_university,1,1,1,NA
state_university_sacramento_college_of_continuing_education,1,1,1,NA
state_water_boards,1,1,1,Group
state_water_contractors,1,1,1,NA
state_water_project_contractor,1,1,1,NA
state_water_project_delivery_capability_report,1,1,1,Technical
state_water_project_for_agricultural_irrigation_the_coastal_branch_of,1,1,1,NA
state_water_project_or,1,1,1,NA
state_water_project_through,1,1,1,NA
state_water_project_to_golden_state_water_company_golden_state_water_company,1,1,1,NA
state_water_project_water_quality_monitoring,1,1,1,Technical
state_water_regional_control_board,1,1,1,Group
state_water_resources_control,1,1,1,NA
state_water_resources_control_board_2009,1,1,1,NA
state_water_resources_control_board_application_for_temporary_permit,1,1,1,NA
state_water_resources_control_board_division,1,1,1,NA
state_water_resources_control_board_division_of_drinking_water_supply_permit_water_amendment,1,1,1,NA
state_water_resources_control_board_electronic_water_rights_information_system,1,1,1,Technical
state_water_resources_control_board_geotracker,1,1,1,NA
state_water_resources_control_board_groundwater_ambient_monitoring_and_assessment,1,1,1,Technical
state_water_resources_control_board_hydrologic_year,1,1,1,NA
state_water_resources_control_board_instream_flow_enhancement,1,1,1,NA
state_water_resources_control_board_regulated_facilities_geotracker_program,1,1,1,NA
state_water_resources_control_board_water_quality_control_plan,1,1,1,Technical
state_water_resources_control_board_water_quality_order,1,1,1,NA
state_well_construction_standards,1,1,1,NA
states_bureau_of_reclamation,1,1,1,NA
statewide_agricultural_production_model,1,1,1,Technical
statewide_agricultural_water_management_requirements_agricultural,1,1,1,NA
statewide_database_of_groundwater_dependent_ecosystem_indicators,1,1,1,Technical
statewide_groundwater_elevation_monitoring_contributing_areasgem,1,1,1,Technical
statewide_groundwater_elevation_monitoring_water_data_library_portals,1,1,1,Technical
statewide_groundwater_elevation_monitoring_water_level_reporting_requirements_future,1,1,1,Technical
station_p190,1,1,1,NA
stauffer,1,1,1,NA
stein_et_al,1,1,1,NA
step_3_5,1,1,1,NA
stephen_mitchell,1,1,1,NA
stephens,1,1,1,NA
stern,1,1,1,NA
stetson_2021,1,1,1,NA
steve_orloff,1,1,1,NA
steven_c_dalke,1,1,1,NA
steven_g_kisling_center_for_irrigation_technology,1,1,1,NA
stevenson,1,1,1,NA
stgrba,1,1,1,NA
stickleback,1,1,1,NA
stiff_diagrams,1,1,1,NA
stinson_weir,1,1,1,Infrastructure
stipu,1,1,1,NA
stockton_area,1,1,1,Geographic_Unit
stockton_road,1,1,1,NA
stokes,1,1,1,NA
stoll,1,1,1,NA
stone_corral_irri,1,1,1,NA
stony_creek_fan_model_local,1,1,1,Technical
stony_creeks,1,1,1,Natural_Feature
storage_groundwater,1,1,1,NA
storage_tank,1,1,1,NA
storm_drain_standards,1,1,1,NA
storm_drainage,1,1,1,NA
storm_water_resources_plans,1,1,1,Technical
stormwater_management_groundwater_recharge,1,1,1,NA
stormwater_permits,1,1,1,NA
stormwater_quality_monitoring_program,1,1,1,Technical
strasser_kauffman,1,1,1,NA
strategic_groundwater_consulting_support,1,1,1,NA
strategy_driver,1,1,1,Natural_Feature
strath,1,1,1,NA
strathmore_community_plan,1,1,1,Technical
strawberry_crops,1,1,1,NA
stream_and_watershed_management_program,1,1,1,NA
stream_bank,1,1,1,NA
stream_channel_restoration_direct_groundwater,1,1,1,NA
stream_flow_enhancement_program,1,1,1,NA
stream_inflow,1,1,1,NA
stream_network,1,1,1,NA
stream_reaches,1,1,1,NA
stream_stage_and_stream_discharge_monitoring,1,1,1,Technical
stream_systems,1,1,1,NA
streambed_conductance,1,1,1,NA
streambed_hydraulic_conductivity,1,1,1,NA
streambed_inflow,1,1,1,NA
streambed_percolation_historical,1,1,1,NA
streamflow_exceedance_probability,1,1,1,NA
streamflow_gages,1,1,1,NA
streamflow_monitoring_data_streamflow,1,1,1,Technical
streamflow_percolation3,1,1,1,NA
streamflow_watch_program,1,1,1,NA
streamkeepec,1,1,1,NA
streamleeeper,1,1,1,NA
streamlined_permit,1,1,1,NA
streamlines,1,1,1,NA
streams,1,1,1,NA
streams_i_2,1,1,1,NA
stretch,1,1,1,NA
structural_design,1,1,1,NA
structural_properties_and_restricted_groundwater_flow,1,1,1,NA
structural_setting,1,1,1,Geographic_Unit
structural_setting_lofgren,1,1,1,NA
structure_board_and_committee_roles_and_responsibilities_groundwater_authority,1,1,1,Group
study_design_initiation,1,1,1,NA
study_period_of,1,1,1,NA
subaco_oswald_gridley,1,1,1,NA
subarticle_3_sustainable_management_criteria,1,1,1,NA
subarticle_4_monitoring_networks,1,1,1,Technical
subbasin_agriculture,1,1,1,NA
subbasin_boundary,1,1,1,NA
subbasin_conditions_of,1,1,1,NA
subbasin_coordination_activities,1,1,1,NA
subbasin_coordination_committee_and_technical_working_group,1,1,1,Group
subbasin_coordination_outreach,1,1,1,NA
subbasin_flood_managed_aquifer_recharge,1,1,1,NA
subbasin_foundational_data,1,1,1,Technical
subbasin_hydrogeologic_conceptual_model,1,1,1,Technical
subbasin_implementation_committees,1,1,1,Group
subbasin_number,1,1,1,NA
subbasin_stakeholders,1,1,1,NA
subbasin_water_budget_summary_table,1,1,1,Reference
subbasin_water_supply_reliability_based,1,1,1,NA
subbasin_wells,1,1,1,NA
subcommittee,1,1,1,Group
submit_annual,1,1,1,NA
submit_the_modesto_subbasin,1,1,1,Basin
subordinate_madera_irrigation_district,1,1,1,District
subregion_4,1,1,1,NA
subsidence_data,1,1,1,Technical
subsidence_monitoring_network_data,1,1,1,Technical
subsidence_monitoring_network_local,1,1,1,Technical
subsurface_inflow_the_tule_subbasin_setting,1,1,1,Geographic_Unit
success_dam_enlargement_project,1,1,1,Water_Project
success_reservoir_to_oettle_bridge,1,1,1,NA
sudan,1,1,1,NA
sufficient,1,1,1,NA
sugarloaf_ridge_state,1,1,1,NA
suisun_creek,1,1,1,Natural_Feature
suisun_marsh_protection_act,1,1,1,Legal
suite,1,1,1,NA
suite_a,1,1,1,NA
suitesense,1,1,1,NA
sulfate_n_a_250500600,1,1,1,NA
sulfate_sulfate,1,1,1,NA
sullivan,1,1,1,NA
summary_of_sustainable_management_criteria,1,1,1,NA
summerland_beach,1,1,1,NA
summerland_county_water_district,1,1,1,District
summerly,1,1,1,NA
sumner_hill_groundwater_dependent_ecosystem_unit,1,1,1,NA
sun_city_regional,1,1,1,NA
sun_world_international,1,1,1,NA
sunny_mesa_community_services_district,1,1,1,District
sunny_mesa_community_services_district_and_aromas_water_district,1,1,1,District
sunol_valley,1,1,1,Geographic_Unit
sunrise_blvd,1,1,1,NA
super,1,1,1,NA
supplemental_actions,1,1,1,NA
supplemental_groundwater_level_monitoring,1,1,1,Technical
supplemental_groundwater_quality_data,1,1,1,Technical
supplemental_hydrogeologic_investigation_monitoring,1,1,1,Technical
supplies,1,1,1,NA
supply,1,1,1,NA
supply_and_demand_management,1,1,1,NA
supply_groundwater,1,1,1,NA
supply_meter_retrofit_project_for_tower,1,1,1,NA
supplying,1,1,1,NA
support,1,1,1,NA
support_ca_delta_conveyance,1,1,1,NA
surf_beach,1,1,1,NA
surface_advisory_group_ecos,1,1,1,NA
surface_and_groundwater,1,1,1,NA
surface_energy_balance,1,1,1,NA
surface_water_advisory_committee,1,1,1,Group
surface_water_and_groundwater_conditions,1,1,1,NA
surface_water_budget_table_2,1,1,1,Reference
surface_water_delivery_projects,1,1,1,Water_Project
surface_water_for_irrigation_surface,1,1,1,NA
surface_water_for_municipal_and_irrigation,1,1,1,NA
surface_water_inflow,1,1,1,NA
surface_water_monitoring_and_management_programs_available,1,1,1,Technical
surface_water_monitoring_the_water_resources_division_of_the_san_luis_obispo_county_public_works,1,1,1,Technical
surface_water_outflows,1,1,1,NA
surface_water_programs_for,1,1,1,NA
surface_water_pump_station_and_storage_tank_project,1,1,1,Water_Project
surface_water_quality_ametryn,1,1,1,NA
surface_water_quality_chlorimuron_ethyl,1,1,1,NA
surface_water_quality_chlorobenzene,1,1,1,NA
surface_water_quality_chloroethane,1,1,1,NA
surface_water_quality_chloromethane,1,1,1,NA
surface_water_quality_cobalt,1,1,1,NA
surface_water_quality_mcpa,1,1,1,NA
surface_water_quality_potassium,1,1,1,NA
surface_water_quality_toluene,1,1,1,NA
surface_water_quality_topical,1,1,1,NA
surface_water_quality_turbidity,1,1,1,NA
surface_water_quality_vinyl,1,1,1,NA
surface_water_quality_water,1,1,1,NA
surface_water_system_water_budget_accounting_centers_and_components,1,1,1,NA
surficial,1,1,1,NA
surficial_geology,1,1,1,NA
survey,1,1,1,NA
survey_of_current_business,1,1,1,NA
surveying_spirit_leveling,1,1,1,NA
surveys_or_land_use_studies,1,1,1,NA
susan_j_matcham,1,1,1,NA
susan_pan,1,1,1,NA
suscol_creek,1,1,1,Natural_Feature
suspend,1,1,1,NA
sustainabiiity_agency,1,1,1,Group
sustainability_agencies_collaborative,1,1,1,NA
sustainability_agency_authorities_and,1,1,1,NA
sustainability_agency_management_area_diagram_sustainable_groundwater_planning,1,1,1,NA
sustainability_agency_stakeholder_communication_and_engagement_plan_open,1,1,1,NA
sustainability_aquifer_2018,1,1,1,NA
sustainability_criteria_acquisition,1,1,1,NA
sustainability_criteria_section_6641,1,1,1,Reference
sustainability_farmers_water_district,1,1,1,District
sustainability_goal_and_undesirable_results,1,1,1,NA
sustainability_goal_the_working_group,1,1,1,Group
sustainability_goals_and_indicators,1,1,1,NA
sustainability_management_criteria,1,1,1,NA
sustainability_management_criteria_sustainable,1,1,1,NA
sustainability_of_adjacent_areas,1,1,1,Geographic_Unit
sustainability_project_and_management_actions,1,1,1,NA
sustainability_understanding,1,1,1,NA
sustainability_vision_and_policy_statement,1,1,1,NA
sustainable_136,1,1,1,NA
sustainable_august_19,1,1,1,NA
sustainable_groundwater_management_acct,1,1,1,NA
sustainable_groundwater_management_act_107256,1,1,1,NA
sustainable_groundwater_management_act_59,1,1,1,NA
sustainable_groundwater_management_act_adjudication_areas,1,1,1,Geographic_Unit
sustainable_groundwater_management_act_advisory_committee_government_center_room,1,1,1,NA
sustainable_groundwater_management_act_and_groundwater,1,1,1,NA
sustainable_groundwater_management_act_basin_prioritization_dataset,1,1,1,Technical
sustainable_groundwater_management_act_board,1,1,1,Group
sustainable_groundwater_management_act_chowchilla_water_district,1,1,1,District
sustainable_groundwater_management_act_compliance_activities_update,1,1,1,NA
sustainable_groundwater_management_act_coordination_sacramento,1,1,1,NA
sustainable_groundwater_management_act_data_management_system_requirements,1,1,1,Technical
sustainable_groundwater_management_act_data_viewer4,1,1,1,Technical
sustainable_groundwater_management_act_data_viewer_or_water_data_library,1,1,1,Technical
sustainable_groundwater_management_act_ies,1,1,1,NA
sustainable_groundwater_management_act_implementation,1,1,1,NA
sustainable_groundwater_management_act_implementation_horizon,1,1,1,NA
sustainable_groundwater_management_act_implementation_recommendations_11,1,1,1,NA
sustainable_groundwater_management_act_implementation_round_2,1,1,1,NA
sustainable_groundwater_management_act_improvement_district_meeting,1,1,1,NA
sustainable_groundwater_management_act_interferometric_synthetic_aperture_radar,1,1,1,NA
sustainable_groundwater_management_act_management_agreement,1,1,1,Group
sustainable_groundwater_management_act_model,1,1,1,Technical
sustainable_groundwater_management_act_notification_and_engagement_requirements,1,1,1,NA
sustainable_groundwater_management_act_of,1,1,1,NA
sustainable_groundwater_management_act_open_houses,1,1,1,NA
sustainable_groundwater_management_act_outreach,1,1,1,NA
sustainable_groundwater_management_act_overview,1,1,1,NA
sustainable_groundwater_management_act_rancheris,1,1,1,NA
sustainable_groundwater_management_act_regulation,1,1,1,Legal
sustainable_groundwater_management_act_reports,1,1,1,Technical
sustainable_groundwater_management_act_roundtable,1,1,1,NA
sustainable_groundwater_management_act_sa,1,1,1,NA
sustainable_groundwater_management_act_section_107256,1,1,1,Reference
sustainable_groundwater_management_act_section_35428,1,1,1,Reference
sustainable_groundwater_management_act_section_government_code,1,1,1,Reference
sustainable_groundwater_management_act_strategy,1,1,1,NA
sustainable_groundwater_management_act_sustainable,1,1,1,NA
sustainable_groundwater_management_act_sustainable_management_criteria_sustainable_management_criteria,1,1,1,NA
sustainable_groundwater_management_act_taylor,1,1,1,NA
sustainable_groundwater_management_act_tribal,1,1,1,NA
sustainable_groundwater_management_act_viewer,1,1,1,NA
sustainable_groundwater_management_act_workgroup,1,1,1,Group
sustainable_groundwater_management_act_working_group,1,1,1,Group
sustainable_groundwater_management_areanagement,1,1,1,NA
sustainable_groundwater_management_criteria,1,1,1,NA
sustainable_groundwater_management_numerous,1,1,1,NA
sustainable_groundwater_management_ordinance,1,1,1,Legal
sustainable_management_criteria_best_management_practice_guide,1,1,1,NA
sustainable_management_criteria_bmp,1,1,1,NA
sustainable_management_criteria_for_subsidence,1,1,1,NA
sustainable_management_criteria_stakeholder_survey_mullin_area_groundwater_sustainability_agency,1,1,1,Other_GSA
sustainable_management_criteria_workshops_public,1,1,1,NA
sustainable_management_of_groundwater_sustainable_management_criteria_best_management_practice,1,1,1,NA
sustainable_management_section_of_the_groundwater_sustainability_plan,1,1,1,Reference
sustainable_winegrape_program,1,1,1,NA
sustainable_winegrowing,1,1,1,NA
sustainable_yields,1,1,1,NA
sutherland_context_and,1,1,1,NA
sutter_community_service_district,1,1,1,District
sutter_community_services_district_board_of_directors,1,1,1,Group
sutter_county_board,1,1,1,Group
sutter_county_development_services_department,1,1,1,Group
sutter_county_facebook_post_for_public_workshop,1,1,1,NA
sutter_county_gmp,1,1,1,NA
sutter_county_superior_court,1,1,1,NA
sutter_groundwater_sustainability_plan_pma,1,1,1,NA
sutter_refuge,1,1,1,NA
sutter_subbasin_groundwater_sustainability_agencies,1,1,1,Group
suzannah,1,1,1,NA
sv_j10_02,1,1,1,NA
svbgsa_boards,1,1,1,Group
svgwbhc_1995,1,1,1,NA
sviii,1,1,1,NA
swain_et_al,1,1,1,NA
sweetwater_creek,1,1,1,Natural_Feature
swft,1,1,1,NA
swi_possible_future_projects_and_management_actions_acquire_supplemental_water_gl,1,1,1,NA
swi_programs_update_basin_numerical_model,1,1,1,Technical
swkgsa,1,1,1,Other_GSA
swp_central_valley_project,1,1,1,Water_Project
sws_overdraft,1,1,1,NA
syar_industries,1,1,1,NA
sycamore_marsh_farm_direct,1,1,1,NA
sycamore_slough_direct,1,1,1,NA
sycamore_slough_drain_multi_benefit_groundwater,1,1,1,NA
sycamore_slough_groundwater_dependent_ecosystem_unit,1,1,1,NA
synthetic_hydrologic_development_and_aquifer,1,1,1,Natural_Feature
syrvg,1,1,1,NA
system,1,1,1,NA
systems,1,1,1,NA
t0600101803,1,1,1,NA
t0600101803_ew4,1,1,1,NA
t0611130305,1,1,1,NA
t1i,1,1,1,NA
t_j,1,1,1,NA
t_maddock,1,1,1,NA
table_1,1,1,1,Reference
table_10_and_figure,1,1,1,Reference
table_27,1,1,1,Reference
table_4,1,1,1,Reference
table_4_1,1,1,1,Reference
table_4_3,1,1,1,Reference
table_4_7,1,1,1,Reference
table_5_4,1,1,1,Reference
table_8,1,1,1,Reference
table_a2_9,1,1,1,Reference
table_a2fa14,1,1,1,Reference
table_a_allocation,1,1,1,Reference
table_a_surface_waterp_allocation,1,1,1,Reference
table_a_water_and,1,1,1,Reference
table_a_water_and_north_of_delta_allocation_for_table_a,1,1,1,Reference
table_b3,1,1,1,Reference
table_b5,1,1,1,Reference
table_d2_1,1,1,1,Reference
table_es1,1,1,1,Reference
table_es2_projects_programs,1,1,1,Reference
table_g1,1,1,1,Reference
table_i3,1,1,1,Reference
table_mountain_rancheria,1,1,1,Reference
tagus_basin_north_cell,1,1,1,NA
tagus_basin_south_cell,1,1,1,NA
tailwater,1,1,1,NA
tailwater_flows,1,1,1,NA
talmage_near_el_roble,1,1,1,NA
tank_site_cleanup,1,1,1,NA
tara_hills,1,1,1,City
task,1,1,1,NA
task_orders,1,1,1,NA
taxus_brevifolia,1,1,1,NA
tbe_agency,1,1,1,Group
tcca_contractors,1,1,1,NA
tcv,1,1,1,NA
tcwd_board,1,1,1,Group
tea_pot_dome_water_district_and,1,1,1,NA
tebaldi_et_al,1,1,1,NA
technical,1,1,1,Technical
technical_advisory_committee_and_advisory_committee,1,1,1,Group
technical_advisory_committee_isaacson,1,1,1,Technical
technical_advisory_committee_protocols_and_operating_principles,1,1,1,Technical
technical_advisory_committee_working_group,1,1,1,Group
technical_group_ha6,1,1,1,Technical
technical_hydrogeologic_and_data_support,1,1,1,Technical
technical_input,1,1,1,Technical
technical_or_regulatory_guidelines,1,1,1,Legal
technical_peer_review_heidi,1,1,1,Technical
technical_peer_review_purpose,1,1,1,Technical
technical_peer_review_the_technical_peer_review_group,1,1,1,Group
technical_report,1,1,1,Technical
technical_services_support_and_facilitation_services_support_programs_assistance_programs,1,1,1,Technical
technical_workshops_and_coordination_committee,1,1,1,Group
tecolote_tunnel,1,1,1,NA
tehachapi_cummings_community_water_district,1,1,1,District
tehachapi_mountains,1,1,1,NA
tehama_butte_county,1,1,1,County
tehama_city_council,1,1,1,Group
tehama_colusa,1,1,1,NA
tehama_colusa_service_area,1,1,1,Geographic_Unit
tehama_coordination_and_development_of_public_data,1,1,1,Technical
tehama_county_agricultural,1,1,1,NA
tehama_county_and,1,1,1,NA
tehama_county_board_of_supervisors_ordinance,1,1,1,Legal
tehama_county_domestic_well_tracking_water_action_fund_chapter_3,1,1,1,NA
tehama_county_groundwater_ordinances,1,1,1,Legal
tehama_county_subbasins_online_survey,1,1,1,NA
tehama_formation1,1,1,1,NA
tehama_formation_13,1,1,1,NA
tehama_formation_with,1,1,1,NA
tehama_sustainable_groundwater_management_act,1,1,1,Legal
tejon_castac_management_area_931_water_budget_components,1,1,1,NA
tejon_castac_management_area_cross_section_f_f,1,1,1,Reference
tejon_castac_management_area_hydrogeologic_survey_results_conceptual_model,1,1,1,Technical
tejon_mountain_village_development_scenario,1,1,1,NA
tejon_mountain_village_development_with_aquifer_replenishment_project,1,1,1,Water_Project
tejon_mountain_village_development_with_aquifer_replenishment_project_scenario,1,1,1,NA
tejon_mountain_village_facilities_plan,1,1,1,Technical
tejon_ranch_grapevine_water,1,1,1,NA
tem_data,1,1,1,Technical
temecula_valley_basins,1,1,1,Basin
temescal_desalter,1,1,1,NA
temescal_groundwater_subbasin,1,1,1,Basin
temescal_groundwater_sustainability_agency_technical_advisory_committee,1,1,1,Group
temescal_valley_production_district,1,1,1,District
temescal_valley_water_district_waste_discharge_by_location,1,1,1,NA
temescal_wash_native_fish_restoration_project,1,1,1,Water_Project
temperance_flat,1,1,1,NA
temperance_flat_reservoir_authority,1,1,1,Group
temperture,1,1,1,NA
temporal_coverage_and_monitoring_frequency,1,1,1,Technical
temporal_resolution_groundwater,1,1,1,NA
temporary_facilities,1,1,1,NA
temporary_water_service,1,1,1,NA
tercourse_engineering,1,1,1,NA
terminafaon,1,1,1,NA
terminal_reservoir,1,1,1,Infrastructure
terra_bella_irrigation_district_terra_bella_sewer_maintenance_district,1,1,1,District
terrace_deposits_of_aquifer_ii,1,1,1,NA
terrance_deposits,1,1,1,NA
territorially,1,1,1,NA
tertiary,1,1,1,NA
tertiary_petaluma_formation,1,1,1,Natural_Feature
tertiary_sediments,1,1,1,Natural_Feature
tertiary_treatment_expansion,1,1,1,NA
tertiary_volcanic,1,1,1,NA
teviston_hamlet_plan_2017,1,1,1,NA
texture_maps_and_sections,1,1,1,NA
tgaec,1,1,1,NA
thacher,1,1,1,NA
thalweg_elevation_data,1,1,1,Technical
thamnophis,1,1,1,NA
thamnophis_sirtalis_sirtalis_common_gartersnake,1,1,1,NA
that_city_of_bakersfield,1,1,1,City
that_party,1,1,1,NA
thatcher,1,1,1,NA
theis,1,1,1,NA
these_advisory_committees,1,1,1,Group
these_agricultural_water_management_plans,1,1,1,Technical
these_bylaws,1,1,1,Legal
these_interim_milestones,1,1,1,NA
these_management_areas,1,1,1,Geographic_Unit
these_monitoring_program,1,1,1,Technical
these_projects_and_management_actions,1,1,1,NA
theskenand,1,1,1,NA
thi,1,1,1,NA
think_twice_program,1,1,1,NA
thiobencarb,1,1,1,NA
this_algal_growth_potential,1,1,1,NA
this_appendix_k,1,1,1,Reference
this_communications_engagement,1,1,1,NA
this_communications_engagement_plan,1,1,1,Technical
this_groundwater_sustainability_plan_coordination_group,1,1,1,Group
this_land_use_inventory_geodatabase_technical_memorandum,1,1,1,Technical
this_ma,1,1,1,NA
this_management_action_department,1,1,1,Group
this_management_areadera_subbasin_coordination,1,1,1,NA
this_memorandum_of_understanding,1,1,1,NA
this_mt,1,1,1,NA
this_networks_indicators,1,1,1,NA
this_older_alluvium,1,1,1,Natural_Feature
this_owens_valley_program,1,1,1,NA
this_pliocene,1,1,1,NA
this_pma,1,1,1,NA
this_resource_management_strategy,1,1,1,NA
this_salinas_valley_basin_groundwater_sustainability_agency_communication_and_public_engagement_document,1,1,1,NA
this_subbasin,1,1,1,Basin
this_sustainability_interconnected_indicator,1,1,1,NA
this_technical_working_group,1,1,1,Group
this_water_fund,1,1,1,NA
this_water_supply_contract,1,1,1,Legal
thj_validation_action,1,1,1,NA
thomas_harder_company,1,1,1,NA
thomas_w_dibblee,1,1,1,NA
thomas_w_wilber,1,1,1,NA
thomasson_jr,1,1,1,NA
thompson_creek_channel_cpp,1,1,1,NA
thompson_creek_spreading_grounds,1,1,1,NA
thorne,1,1,1,NA
thornton,1,1,1,City
threatened_crangonyx,1,1,1,NA
threshold,1,1,1,NA
threshold_aquifer,1,1,1,Natural_Feature
threshold_for_total_dissolved_solids_table,1,1,1,Reference
throop,1,1,1,NA
through_stage,1,1,1,NA
through_stage_5_water_rationing,1,1,1,NA
tier,1,1,1,NA
tier_1_management_actions,1,1,1,NA
tier_2_estimated_project,1,1,1,Water_Project
tier_2_management_action,1,1,1,NA
tierra_area,1,1,1,Geographic_Unit
tierra_rejada_basins,1,1,1,Basin
tim_godwin,1,1,1,NA
tim_mcgraw,1,1,1,NA
timing,1,1,1,NA
tipos_de_tierra,1,1,1,NA
tisdale_irrigation_and_drainage_company_board,1,1,1,Group
tisdale_irrigation_drainage_company,1,1,1,NA
tish_non,1,1,1,NA
title,1,1,1,NA
title_12,1,1,1,NA
title_22_52,1,1,1,NA
title_23_351,1,1,1,NA
tmdl_total_maximum_daily_load_program_nature_conservancy,1,1,1,NA
tmf,1,1,1,NA
tn,1,1,1,NA
to_achieve_sustainability,1,1,1,NA
to_be_n_a_2_n_a,1,1,1,NA
to_define_undesirable_results_significant,1,1,1,NA
to_determine,1,1,1,NA
to_evaluate,1,1,1,NA
to_fill_data,1,1,1,Technical
to_fill_data_gaps_data,1,1,1,Technical
to_improve_the_efficiency_of_water,1,1,1,NA
toadtown,1,1,1,NA
todd_121817,1,1,1,NA
todd_engineers,1,1,1,NA
todd_road,1,1,1,NA
todd_sloat_biological,1,1,1,NA
todd_studyb,1,1,1,NA
tognolini,1,1,1,NA
tolay_creek,1,1,1,Natural_Feature
tom_berg,1,1,1,NA
tomiquia_moss,1,1,1,NA
tommy_lee_jarrell,1,1,1,NA
tony_barrera,1,1,1,NA
tonyville_hamlet_plan,1,1,1,Technical
topics,1,1,1,NA
topography_the,1,1,1,NA
toro_canyon_school_soil,1,1,1,NA
toro_manufacturing_company,1,1,1,NA
tos,1,1,1,NA
toss,1,1,1,NA
total_cost_allocation,1,1,1,NA
total_groundwater_storage,1,1,1,NA
total_solids,1,1,1,NA
town_of_madison,1,1,1,NA
town_of_yountville_general_plan,1,1,1,Technical
toxicoscordion,1,1,1,NA
tracking_system,1,1,1,NA
tracy_dos_palos_area,1,1,1,Geographic_Unit
tracy_regional_groundwater_management_plan,1,1,1,Technical
tracy_site,1,1,1,NA
tracy_wastewater_treatment_plant,1,1,1,NA
traffic_mitigation_airport_industrial_fund,1,1,1,NA
tranquillity_irrigation_district,1,1,1,District
tranquillity_public_utilities_district,1,1,1,District
transfers,1,1,1,NA
transient_non_community_water_systems,1,1,1,Natural_Feature
transmissivity_estimates_of,1,1,1,NA
transnet_environmental_mitigation_program,1,1,1,NA
travis,1,1,1,NA
trc_pw80,1,1,1,NA
treasurer,1,1,1,NA
treepeople,1,1,1,NA
tres_pinos_percolation,1,1,1,NA
tres_pinos_subbasins,1,1,1,Basin
tri_county_water_authority_groundwater_sustainability_agency,1,1,1,Other_GSA
trial_balloon,1,1,1,NA
triangle_t_water_district_13,1,1,1,NA
triangle_t_water_district_groundwater_sustainability_agency_14700_total,1,1,1,NA
triangle_t_water_district_groundwater_sustainability_agency_triangle_t_water_district_groundwater_sustainability_agency,1,1,1,Other_GSA
triangle_t_water_district_pipeline_projects_estimated_costs_item_total_cost_year,1,1,1,NA
triassic,1,1,1,NA
tribal_contact_report,1,1,1,Technical
tribal_council_meeting,1,1,1,NA
tribal_nations,1,1,1,NA
tribal_outreach,1,1,1,NA
tribal_regional_water_management,1,1,1,NA
tribal_trust,1,1,1,NA
tribal_trust_land,1,1,1,NA
tribal_union_of_concerned,1,1,1,NA
tribes,1,1,1,NA
tribes_american_heritage_commission,1,1,1,Group
tributary_inflow,1,1,1,NA
trid_ma,1,1,1,NA
tropaeolum,1,1,1,NA
trpa,1,1,1,NA
truckee_meadows_water_authority,1,1,1,Group
trujillo_et_al,1,1,1,NA
trussell_technologies,1,1,1,NA
trusted_news_sources_links,1,1,1,NA
trustee,1,1,1,NA
trustee_agency,1,1,1,Group
ts212_inf_sample_port_location,1,1,1,NA
tshawytscha_cv_central_valley,1,1,1,Geographic_Unit
tu_unit_figure,1,1,1,Reference
tuesdays,1,1,1,NA
tuff_breccia,1,1,1,NA
tufted,1,1,1,NA
tulare_basin_wildlife_partners,1,1,1,NA
tulare_county_board_of_supervisors,1,1,1,Group
tulare_county_code,1,1,1,Legal
tulare_county_focus_area,1,1,1,Geographic_Unit
tulare_county_general_plan_2030_update,1,1,1,NA
tulare_county_management_area,1,1,1,Geographic_Unit
tulare_county_planning_commission,1,1,1,Group
tulare_county_proposed,1,1,1,NA
tulare_county_tulare_county,1,1,1,County
tulare_county_zoning_ordinance,1,1,1,Legal
tulare_lake_preliminary,1,1,1,NA
tulare_public_library_and_council_chambers,1,1,1,NA
tulare_subbasins,1,1,1,Basin
tulare_valleys,1,1,1,Geographic_Unit
tularosa,1,1,1,NA
tule_basin_water_quality_coalition_program,1,1,1,NA
tule_bluet_insects,1,1,1,NA
tule_county_well_ordinance,1,1,1,Legal
tule_indian_tribe,1,1,1,NA
tule_lake,1,1,1,Natural_Feature
tule_monitoring_network,1,1,1,Technical
tule_ri,1,1,1,NA
tule_river_authority_groundwater_management_plan,1,1,1,Technical
tule_subbasin_hydrologic_conceptual_model,1,1,1,Technical
tule_subbasin_mou_group_meetings_eastern_tule_groundwater_sustainability_agency,1,1,1,Other_GSA
tule_subbasin_stakeholder,1,1,1,NA
tule_subbasin_subsidence_plan,1,1,1,Technical
tule_subbasins,1,1,1,Basin
tulelake_district_office,1,1,1,NA
tulelake_division,1,1,1,NA
tulelake_sumps,1,1,1,NA
tulucay_creek_watershed,1,1,1,NA
turlock_city_hall,1,1,1,NA
turlock_irrigation_district_service_area,1,1,1,Geographic_Unit
turlock_irrigation_districtc_model,1,1,1,Technical
turlock_subbasin_basin_setting,1,1,1,Geographic_Unit
turlock_subbasin_communications_plan,1,1,1,Technical
turner_island_water_district_combined3,1,1,1,NA
turner_island_water_district_joint_meeting,1,1,1,NA
turner_island_wd,1,1,1,NA
turnipseed_groundwater_banking_project,1,1,1,Water_Project
tuscan_units_b,1,1,1,NA
tw2,1,1,1,NA
twin_cities,1,1,1,NA
twin_lakes_church,1,1,1,NA
tybrin_corporation,1,1,1,NA
type_a,1,1,1,NA
u_niversity,1,1,1,NA
ual,1,1,1,NA
uc_davis,1,1,1,NA
ucl,1,1,1,NA
ucode,1,1,1,Legal
ucode20141,1,1,1,NA
ucr,1,1,1,NA
ukiah_gsa,1,1,1,Other_GSA
ukiah_valley_groundwater_sustainability_agency,1,1,1,Other_GSA
ulatis_creek_projects_groundwater,1,1,1,NA
ulatis_flood_control,1,1,1,NA
umhos,1,1,1,NA
umwp,1,1,1,NA
un_déficit_de,1,1,1,NA
unanimously,1,1,1,NA
unavco_continuous_global_positioning_system_sites_figure,1,1,1,Reference
unconfined_aquifer_conditions,1,1,1,NA
under_highway_113_interception_runoff_of,1,1,1,NA
underground_sources_of_drinking_water,1,1,1,NA
underground_storage_tank_program,1,1,1,NA
underground_storage_the_program,1,1,1,NA
undermine_the_value_and_efficacy,1,1,1,NA
underrepresented_communities_underrepresented_communities,1,1,1,NA
understanding_environmental_contamination_in_real_estate,1,1,1,NA
unimpaired_flows_change,1,1,1,NA
union_of_b_engaging_stakeholders_section_12,1,1,1,Reference
united_agreement,1,1,1,Group
united_dairymen,1,1,1,NA
united_fpbgsa,1,1,1,Other_GSA
united_kingdom,1,1,1,NA
united_states_army_corp,1,1,1,NA
united_states_army_corps,1,1,1,NA
united_states_army_corps_of_engineers_albuquerque,1,1,1,NA
united_states_army_corps_of_engineers_records,1,1,1,NA
united_states_army_corps_of_engineers_sampling_pointd,1,1,1,NA
united_states_army_corps_of_engineers_status_reports,1,1,1,Technical
united_states_army_corps_of_engineers_the_united_states_army_corps_of_engineers,1,1,1,NA
united_states_army_corps_of_engineers_tule_river,1,1,1,Natural_Feature
united_states_bureau_of_reclamation_central_valley_project_records,1,1,1,NA
united_states_bureau_of_reclamation_contractors,1,1,1,NA
united_states_bureau_of_reclamation_planning,1,1,1,NA
united_states_endangered_species_act,1,1,1,Legal
united_states_fish_and_wildlife_service_environmental_conservation_online_system,1,1,1,NA
united_states_fish_wildlife_service,1,1,1,NA
united_states_forest_service_goosenest_district_office,1,1,1,NA
united_states_geologic_survey,1,1,1,NA
united_states_geological_survey_basin_characterization_model,1,1,1,Technical
united_states_geological_survey_bayside_groundwater_project,1,1,1,Water_Project
united_states_geological_survey_central_valley,1,1,1,Geographic_Unit
united_states_geological_survey_groundwater_ambient_monitoring_and_assessment_program,1,1,1,Technical
united_states_geological_survey_hydrogeologic_study,1,1,1,NA
united_states_geological_survey_national_streamflow_information_program_united_states_geological_survey,1,1,1,NA
united_states_geological_survey_national_water_quality_assessment_program,1,1,1,NA
united_states_geological_survey_station_11449500,1,1,1,NA
united_states_geological_survey_water_supply_paper_1467,1,1,1,NA
united_states_geological_survey_water_supply_paper_no,1,1,1,NA
united_water_conservation,1,1,1,NA
united_water_conservation_district_35,1,1,1,NA
united_water_conservation_district_oxnard,1,1,1,NA
united_water_conservation_district_particle_tracks,1,1,1,NA
university_ag_extension,1,1,1,NA
university_navigation_satellite_timing_and_system_consortium,1,1,1,NA
university_of_califor_agriculture_and_natural_resources_2019,1,1,1,NA
university_of_califor_at_davis_and,1,1,1,NA
university_of_califor_cooperative_extension,1,1,1,NA
university_of_california_agricultural_and_natural_resources_department,1,1,1,State_Gov
university_of_california_at_davis,1,1,1,State_Gov
university_of_california_at_davis_and,1,1,1,State_Gov
university_of_california_berkeley,1,1,1,State_Gov
university_of_california_davis_hydrologic_graduate_group,1,1,1,State_Gov
university_of_california_division_of_agriculture,1,1,1,State_Gov
university_of_california_extension,1,1,1,State_Gov
university_of_massachusetts,1,1,1,NA
university_of_wisconsin,1,1,1,NA
unocal_et_al,1,1,1,NA
unocal_natural_resource_damage_assessment,1,1,1,NA
unredacted_well_log_data,1,1,1,Technical
unsaturated_zone_flow_package,1,1,1,NA
unstructured_grid,1,1,1,NA
update18,1,1,1,NA
update_basin_numerical_model,1,1,1,Technical
updates_of_data,1,1,1,Technical
updating_opti,1,1,1,NA
upland_groundwater_dependent_ecosystem_monitoring_program,1,1,1,Technical
upper_and_lower_princeton_valley_fill,1,1,1,NA
upper_and_lower_reaches_combined,1,1,1,NA
upper_and_lower_tuscan_formations,1,1,1,Natural_Feature
upper_aquifer_deep_zone_wells,1,1,1,NA
upper_cache_creek_watershed_representation,1,1,1,NA
upper_cambrian,1,1,1,NA
upper_consumer_acceptance_levels,1,1,1,NA
upper_farmington_canal,1,1,1,NA
upper_limit,1,1,1,NA
upper_lower,1,1,1,NA
upper_lower_upper_lower_aquifer,1,1,1,Natural_Feature
upper_oligocene_and_lower_miocene,1,1,1,NA
upper_paso_robles,1,1,1,NA
upper_pressure_at_state_street,1,1,1,NA
upper_reeves_creek,1,1,1,Natural_Feature
upper_salinas,1,1,1,NA
upper_san_pedro_saugus_formation_and_grimes_canyon_aquifer,1,1,1,Natural_Feature
upper_santa_cruz_basin,1,1,1,Basin
upper_secondary_drinking_water_maximum_contaminant_level,1,1,1,NA
upper_shallow_aquifer_zone,1,1,1,Geographic_Unit
upper_valley_sustainable_management_criteria_technical_advisory_committee_subbasin,1,1,1,Basin
upper_ventura_rive_groundwater_basin,1,1,1,Basin
upper_ventura_river_groundwater_agency_website_updates,1,1,1,NA
urban_area_general_plan,1,1,1,Technical
urban_areas,1,1,1,Geographic_Unit
urban_bakersfield_advisory_committee,1,1,1,Group
urban_industrial,1,1,1,NA
urban_landscape_evapotranspiration,1,1,1,NA
urban_levee_evaluation_program,1,1,1,NA
urban_reserve,1,1,1,NA
urban_stormwater,1,1,1,NA
urban_water_management_planning_municipalities,1,1,1,NA
urban_water_management_planning_urban,1,1,1,NA
urban_water_management_plans_and,1,1,1,NA
urban_water_management_plans_urban,1,1,1,NA
us_air_force,1,1,1,NA
us_armed_forces,1,1,1,NA
us_army_corps_of_engineers_integrated_regional,1,1,1,NA
us_bureau_of,1,1,1,NA
us_bureau_of_indian_affairs,1,1,1,NA
us_bureau_of_indian_affairs_california_tribal_homelands_and_trust_land_map,1,1,1,State_Gov
us_bureau_of_land_management,1,1,1,Federal_Gov
us_census_block,1,1,1,NA
us_census_geoid,1,1,1,NA
us_congress,1,1,1,NA
us_department_of_agriculture_natural_resources_conservation_service,1,1,1,NA
us_department_of_interior,1,1,1,NA
us_department_of_transportation_hazmat_employee,1,1,1,NA
us_drought_monitor_1,1,1,1,Technical
us_environmental_protection_agency_action_level,1,1,1,NA
us_environmental_protection_agency_health_advisory,1,1,1,NA
us_environmental_protection_agency_replacement_well,1,1,1,NA
us_fish_and_wildlife_services_biological_opinions,1,1,1,NA
us_forest,1,1,1,NA
us_forest_service_fire_effects_information_system,1,1,1,Technical
us_geologic_survey,1,1,1,NA
us_geological,1,1,1,NA
us_geological_survey_httpcawaterusgsgov,1,1,1,NA
us_geological_survey_hydrologic_instrument_facility,1,1,1,NA
us_government,1,1,1,NA
us_post_office_department,1,1,1,Group
usa,1,1,1,NA
usc00042294,1,1,1,NA
uscm,1,1,1,NA
used_flow_path_unused,1,1,1,NA
used_for_establishing_reduction_of_groundwater_storage_measurable_objectives,1,1,1,NA
used_for_groundwater_elevation_assessments,1,1,1,NA
used_for_groundwater_extraction_monitoring,1,1,1,Technical
used_for_groundwater_level_monitoring,1,1,1,Technical
used_for_monitoring_groundwater_levels,1,1,1,Technical
used_for_water_level_monitoring,1,1,1,Technical
used_objective,1,1,1,NA
used_to_establish_minimum_thresholds_and_measurable_objectives,1,1,1,NA
user,1,1,1,NA
uses_agricultural_irrigation_total,1,1,1,NA
uses_and,1,1,1,NA
uses_habitats_of_special_significance,1,1,1,NA
uses_regulation_requirements,1,1,1,NA
uses_regulation_requirements_35414b4e,1,1,1,NA
uses_the_water_quality_control_plan,1,1,1,Technical
uses_urban,1,1,1,NA
utilize,1,1,1,NA
utilizing_the_tule_subbasin_criteria,1,1,1,NA
utm_zone_10_and,1,1,1,NA
uv_h2o2,1,1,1,NA
uvgba,1,1,1,NA
uvrga_data_quality_control_review_procedures,1,1,1,Technical
v_e_langenheim,1,1,1,NA
v_grapes_nr3,1,1,1,NA
vacaville_community,1,1,1,NA
vadose_zone,1,1,1,Geographic_Unit
validation,1,1,1,NA
valle_del_sol_properties_llc,1,1,1,NA
valley_oak_natural_communities,1,1,1,NA
valley_one_vision,1,1,1,NA
valley_project_improvement_act,1,1,1,Legal
valley_sequence,1,1,1,NA
valley_spring_formation,1,1,1,Natural_Feature
valley_springs_formation_of,1,1,1,NA
valley_water_quality_coalition,1,1,1,NA
van_buren_golf_center,1,1,1,NA
van_buren_urban_forest,1,1,1,NA
vaqueros_monitoring,1,1,1,Technical
varian_ranch_mwc_ag,1,1,1,NA
vasey,1,1,1,NA
vaugh_wc,1,1,1,NA
vcailg_water_quality_board,1,1,1,Group
vcfcd,1,1,1,NA
vcpwa,1,1,1,NA
ve_change,1,1,1,NA
ve_monitoring_wells_notes,1,1,1,Technical
vegetation_communities_and_special_status_species,1,1,1,NA
vegetations_areas,1,1,1,Geographic_Unit
ventura20co20waterworks20dist20no201202,1,1,1,NA
ventura_counties,1,1,1,NA
ventura_county_2040,1,1,1,NA
ventura_county_cooperative_investigation,1,1,1,NA
ventura_county_department_of_public_works,1,1,1,NA
ventura_county_district,1,1,1,District
ventura_county_general_plan,1,1,1,Technical
ventura_county_integrated,1,1,1,NA
ventura_county_integrated_regional_water_management_program,1,1,1,NA
ventura_county_public_works_agency,1,1,1,Group
ventura_county_water_and_environmental_resources_division,1,1,1,NA
ventura_county_water_protection_district,1,1,1,District
ventura_county_water_resources_management_study,1,1,1,NA
ventura_county_watershed_protection_district_gis_data,1,1,1,Technical
ventura_county_watershed_protection_district_inventory_of_public_and_private_water_purveyors,1,1,1,NA
ventura_county_watersheds_coalition_integrated_regional_water_management,1,1,1,NA
ventura_countywide_stormwater_quality,1,1,1,NA
ventura_iii,1,1,1,NA
ventura_regional_sanitation_district,1,1,1,District
ventura_road,1,1,1,NA
ventura_watershed_adjudication,1,1,1,NA
veronica,1,1,1,NA
version_6_of,1,1,1,NA
vestra,1,1,1,NA
veterans_affairs,1,1,1,NA
via_federal,1,1,1,NA
vice,1,1,1,NA
vice_chairperson,1,1,1,NA
vicki_kretsinger_grabert,1,1,1,NA
vienna,1,1,1,NA
vignolo_farms_t_1,1,1,1,NA
villa,1,1,1,NA
village_subunit,1,1,1,NA
vina_brentwood,1,1,1,NA
vineberg,1,1,1,NA
virginia_rail,1,1,1,NA
virginia_rail_recurvirostra_american,1,1,1,NA
virtual_public_town_hall,1,1,1,NA
visalia_times_delta,1,1,1,NA
vista_mutual_water_company,1,1,1,NA
vista_valencia_golf_course_total_production,1,1,1,NA
visualization_groundwater_modeling_system,1,1,1,Technical
volatile_organic_compound_data,1,1,1,Technical
volatile_organic_compounds,1,1,1,NA
vote_centers_and_request_for_fee_waiver,1,1,1,NA
vp,1,1,1,NA
vsfb2,1,1,1,NA
vulcan_chemical_et_al,1,1,1,NA
vulnerability_tool,1,1,1,NA
w_cromwell_avenue,1,1,1,NA
w_flows,1,1,1,NA
w_landscape,1,1,1,NA
w_p,1,1,1,NA
w_schmid,1,1,1,NA
wadsworth_deliveries,1,1,1,NA
wagner_et_al,1,1,1,NA
waiver_nothing,1,1,1,NA
walker_formation,1,1,1,Natural_Feature
walker_lane,1,1,1,NA
wallace_creek,1,1,1,Natural_Feature
walley,1,1,1,NA
walnut_grove_library,1,1,1,NA
walnut_hill,1,1,1,NA
walton,1,1,1,NA
wanger,1,1,1,NA
ward,1,1,1,NA
warm_springs_creek,1,1,1,Natural_Feature
was_discussed,1,1,1,NA
wasco,1,1,1,City
washington_dc,1,1,1,NA
washoe_creek,1,1,1,Natural_Feature
waste_discharge_requirements_general_order_for_growers,1,1,1,NA
waste_discharge_requirements_order,1,1,1,NA
waste_recycling_facility,1,1,1,NA
wastewater,1,1,1,NA
wastewater_reclamation,1,1,1,NA
wastewater_recovery_facility,1,1,1,NA
wastewater_treatment_facility,1,1,1,NA
wastewater_treatment_plant_discharges_and_flows,1,1,1,NA
water_action_fund_communications,1,1,1,NA
water_agency_directors,1,1,1,NA
water_allocation_framework,1,1,1,NA
water_and_power_resources_service,1,1,1,NA
water_association,1,1,1,Group
water_authority_facilities_the_water_authority,1,1,1,Group
water_availability_analysis_water_code,1,1,1,Legal
water_budget_1,1,1,1,NA
water_budget_component,1,1,1,NA
water_budget_data_initial,1,1,1,Technical
water_budget_data_sources_water,1,1,1,Technical
water_budget_development,1,1,1,NA
water_budget_structure_for,1,1,1,NA
water_company,1,1,1,NA
water_conservation_landscape_act,1,1,1,Legal
water_conservation_program,1,1,1,NA
water_data,1,1,1,Technical
water_data_library_sacramento_river,1,1,1,Natural_Feature
water_demand_reduction_management_actions,1,1,1,NA
water_demand_reduction_management_actions_the_management_actions,1,1,1,NA
water_department,1,1,1,Group
water_division_of_the_utilities_department,1,1,1,Group
water_efficient_landscape,1,1,1,NA
water_efficient_landscape_guidelines,1,1,1,Legal
water_element_of_the_general_plan,1,1,1,Technical
water_forum_3,1,1,1,NA
water_fund,1,1,1,NA
water_level_field_sheet,1,1,1,NA
water_level_table,1,1,1,Reference
water_levels_and_storage_039_ag_irrigation,1,1,1,NA
water_levels_and_trends,1,1,1,NA
water_levels_mw1_monitor,1,1,1,Technical
water_management_plan,1,1,1,Technical
water_master_plans,1,1,1,Technical
water_pollution_prevention_services,1,1,1,NA
water_produced,1,1,1,NA
water_quality_coalition,1,1,1,NA
water_quality_improvement_programs,1,1,1,NA
water_quality_m2_2010016_002,1,1,1,NA
water_quality_madera_county,1,1,1,County
water_quality_monitor,1,1,1,Technical
water_quality_monitoring_sierra_valley,1,1,1,Geographic_Unit
water_quality_mw5,1,1,1,NA
water_quality_objective,1,1,1,NA
water_quality_sampling_the_ambient_water_quality,1,1,1,NA
water_quality_the_groundwater_sustainability_agency,1,1,1,Other_GSA
water_quality_values,1,1,1,NA
water_reclamation_facilities,1,1,1,NA
water_recycling_funding,1,1,1,NA
water_resources_and,1,1,1,NA
water_resources_and_information_management_engineering,1,1,1,NA
water_resources_department_conference_room,1,1,1,NA
water_resources_development_act,1,1,1,Legal
water_resources_discipline,1,1,1,NA
water_resources_handbook_for_water_budget_development,1,1,1,NA
water_resources_management_plan,1,1,1,Technical
water_resources_management_programs,1,1,1,NA
water_resources_program,1,1,1,NA
water_resources_reconnaissance_study,1,1,1,NA
water_right_information_management_system,1,1,1,Technical
water_rights_information_management_system,1,1,1,Technical
water_security_clean_drinking_water,1,1,1,NA
water_site_inventory_system,1,1,1,NA
water_storage_district,1,1,1,District
water_storage_improvement_program,1,1,1,NA
water_supply_assumptions,1,1,1,NA
water_supply_contract,1,1,1,Legal
water_supply_reliability_plan_update,1,1,1,NA
water_systems,1,1,1,Natural_Feature
water_systems_comprise,1,1,1,NA
water_the_tule_subbasin_setting,1,1,1,Geographic_Unit
water_use_efficiency_page,1,1,1,Reference
water_wells,1,1,1,NA
waterboards,1,1,1,Group
waterford_planning_department,1,1,1,Group
waterfowl4_substantial,1,1,1,NA
watermaster_district,1,1,1,District
watermaster_service,1,1,1,NA
watermaster_service_area,1,1,1,Geographic_Unit
watermaster_technical_advisory_committee,1,1,1,Group
watershed_analysis_risk_management_framework,1,1,1,NA
watershed_consumptive_use_fraction,1,1,1,NA
watershed_education,1,1,1,NA
watershed_integrated_regional_urban_water_management_plan_water,1,1,1,NA
watershed_management_group,1,1,1,Group
watershed_project_authority,1,1,1,Group
watershed_protection_and_management_and_flood_control,1,1,1,NA
watershed_sciences_inc,1,1,1,NA
watersheds,1,1,1,NA
watersheds_domain,1,1,1,NA
watersheds_major,1,1,1,NA
ways,1,1,1,NA
wb41_projected_water_budget_supplies,1,1,1,NA
weather_data_daily,1,1,1,Technical
weather_inputs,1,1,1,NA
web_soil_survey,1,1,1,NA
weber_et_al,1,1,1,NA
website2,1,1,1,NA
website_communication_marina_coast_water_district_groundwater_sustainability_agency,1,1,1,Other_GSA
website_communication_the_olcese_groundwater_sustainability_agency,1,1,1,Other_GSA
website_site,1,1,1,NA
wedgeleaf_ceanothus,1,1,1,NA
weissman,1,1,1,NA
weissmann_et,1,1,1,NA
well_abandonment_outreach_and_funding_program,1,1,1,NA
well_completion_report_map_application,1,1,1,Reference
well_construction_application_and_permit_form,1,1,1,NA
well_construction_aquifer_parameter,1,1,1,NA
well_construction_well,1,1,1,NA
well_density,1,1,1,NA
well_destruction_program_solano,1,1,1,NA
well_impact_analysis,1,1,1,NA
well_installation_report,1,1,1,Technical
well_log_27558,1,1,1,NA
well_log_764374,1,1,1,NA
well_log_76739,1,1,1,NA
well_maintenance_groundwater_elevation,1,1,1,NA
well_monitoring_program,1,1,1,Technical
well_owner_outreach,1,1,1,NA
well_perform_video_surveys,1,1,1,NA
well_site_geographic,1,1,1,NA
well_site_location_geographic,1,1,1,NA
well_standards,1,1,1,NA
well_t24sr24e25j1,1,1,1,NA
wellfields_arcadia_wellfield,1,1,1,NA
wells_01n22w20j07s,1,1,1,NA
wells_01n22w27r05s,1,1,1,NA
wells_01n22w28g04s,1,1,1,NA
wells_02n19w07k04s,1,1,1,NA
wells_15,1,1,1,NA
wells_4,1,1,1,NA
wells_91,1,1,1,NA
wells_and_beneficial_uses,1,1,1,NA
wells_aquifer,1,1,1,Natural_Feature
wells_completion_monitored,1,1,1,Technical
wells_copeland_creek_monitoring,1,1,1,Technical
wells_dedicated_monitoring_wells,1,1,1,Technical
wells_e,1,1,1,NA
wells_electrical_conductivity,1,1,1,NA
wells_fargo,1,1,1,NA
wells_monitoring,1,1,1,Technical
wells_near_failed_domestic_wells,1,1,1,NA
wells_per_square_mile,1,1,1,NA
wells_percentage,1,1,1,NA
wells_piezometers,1,1,1,NA
wells_piezometers_percentage,1,1,1,NA
wells_propulsion_lab_industrial_rinse,1,1,1,NA
wells_pumping,1,1,1,NA
wells_regularly_of_area,1,1,1,Geographic_Unit
wells_screened_across_multiple_aquifers,1,1,1,Natural_Feature
wells_table_2141,1,1,1,Reference
wells_used_for_trend,1,1,1,NA
wells_valley,1,1,1,Geographic_Unit
wells_valley_county_water_district,1,1,1,District
wells_valleys,1,1,1,Geographic_Unit
wells_wells,1,1,1,NA
wells_with_unknown_construction_details,1,1,1,NA
wells_with_unreported_screened_intervals,1,1,1,Technical
wentworth_et_al,1,1,1,NA
west_bank,1,1,1,NA
west_butte_subbasin_workgroup,1,1,1,Group
west_central,1,1,1,NA
west_fork_carson_river,1,1,1,Natural_Feature
west_hills_cc_farm,1,1,1,NA
west_island,1,1,1,NA
west_morton_avenue,1,1,1,NA
west_ocean_minimum,1,1,1,NA
west_san_jacinto_groundwater_basin,1,1,1,Basin
west_san_pablo_land_and_water_company,1,1,1,NA
west_santa_cruz_terrace,1,1,1,NA
west_stanislaus_irrigation_district_board_of_directors,1,1,1,Group
west_stanislaus_irrigation_district_lateral_4_south_recapture_and,1,1,1,NA
west_turlock_groundwater,1,1,1,NA
west_turlock_groundwater_sustainability_agency,1,1,1,Other_GSA
westend_chemical_company,1,1,1,NA
western_area_projections,1,1,1,NA
western_gulf_oil_company,1,1,1,NA
western_management,1,1,1,NA
western_management_area_committee,1,1,1,Group
western_management_area_groundwater_sustainability_agency_board,1,1,1,Group
western_management_unit,1,1,1,NA
western_portion,1,1,1,NA
western_region_climate_center,1,1,1,NA
western_san_joaquin_coalition,1,1,1,NA
western_subbasin_cross,1,1,1,NA
western_upper_and_western_lower,1,1,1,NA
westhaven,1,1,1,NA
westlands_water_district_groundwater_sustainability_agency_board,1,1,1,Group
westminster_ave,1,1,1,NA
westplains,1,1,1,NA
westplains_water_storage_district,1,1,1,District
westside_basin_model_westside_basin,1,1,1,Basin
westside_groundwater_sustainability_plan,1,1,1,Technical
westside_mutual,1,1,1,NA
westside_mutual_water_company,1,1,1,NA
westside_resource_conservation_district,1,1,1,District
westside_san,1,1,1,NA
westside_san_joaquin_integrated_regional_water_management_region,1,1,1,Geographic_Unit
westside_subbasin_sustainable,1,1,1,NA
westside_subbasin_water_budget_water,1,1,1,NA
westside_subbasins,1,1,1,Basin
westside_water_quality_coalition,1,1,1,NA
westwater_research,1,1,1,NA
wet,1,1,1,NA
wet_chemistry,1,1,1,NA
wet_climate_change_change,1,1,1,NA
wetland_response_to,1,1,1,NA
wetland_responses_to,1,1,1,NA
wetlands,1,1,1,NA
wetlands_reserve_program,1,1,1,NA
wh1_registration_of_extraction_facilities,1,1,1,NA
wh1_registration_of_extraction_facilities_description,1,1,1,NA
wh_jackson,1,1,1,NA
wh_wilbur_reclamation_district,1,1,1,District
whaleback,1,1,1,NA
whcc_farm_of,1,1,1,NA
whcc_future,1,1,1,NA
wheeler_maricopa_water_storage_district,1,1,1,District
wheeler_ridge_maricopa_management_area_the,1,1,1,NA
wheeler_ridge_maricopa_water_district,1,1,1,District
wheeler_ridgemaricopa_water_storage_district,1,1,1,District
where_are,1,1,1,NA
white_house,1,1,1,Federal_Gov
whittaker_bermite_property,1,1,1,NA
wholesaler_and_industrial_user,1,1,1,NA
wi,1,1,1,NA
wic,1,1,1,NA
wildermuth_environmental,1,1,1,NA
wilderness_gardens_preserve,1,1,1,NA
will_be_implemented,1,1,1,NA
william,1,1,1,NA
william_b_cater_water_treatment_plant,1,1,1,NA
william_bringham,1,1,1,NA
williams_city_council,1,1,1,Group
williamson_et,1,1,1,NA
willow_slough_white_area,1,1,1,Geographic_Unit
willows_council_chambers,1,1,1,NA
willows_fault,1,1,1,NA
willy_cunha,1,1,1,NA
wilson_grove_formation_most,1,1,1,NA
wilson_grove_formations_highlands,1,1,1,NA
winemucca_trading_co,1,1,1,NA
wintuan,1,1,1,NA
witch_creek_fire,1,1,1,NA
with_climate_change_pmas_budget,1,1,1,NA
without_climate_change,1,1,1,NA
wla,1,1,1,NA
wle,1,1,1,NA
wmsa,1,1,1,NA
wmwd_action_conjunctive_use_agreements_group,1,1,1,Group
wnam,1,1,1,NA
wolf_subbasin_thaf,1,1,1,NA
wolff,1,1,1,NA
wood_ag,1,1,1,NA
woodard_current,1,1,1,NA
wooden_valley_agricultural,1,1,1,NA
woodland_agricultural,1,1,1,NA
woods,1,1,1,NA
woodville_public_cemetery_district,1,1,1,District
work_order,1,1,1,NA
work_plan_and_completion_report,1,1,1,Technical
worked,1,1,1,NA
working,1,1,1,NA
working_group_and_board_of_directors,1,1,1,Group
working_group_national_laboratory,1,1,1,NA
workshop_technical_workshop_no,1,1,1,Technical
workshop_workshop,1,1,1,NA
workshops_stakeholder,1,1,1,NA
world_imagery,1,1,1,NA
world_wide_web,1,1,1,NA
wqo_t0609300005mw4,1,1,1,NA
wr19_collection,1,1,1,NA
wr24,1,1,1,NA
wr32,1,1,1,NA
wr_17_collection_of_additional_groundwater_information,1,1,1,Natural_Feature
wrfp,1,1,1,NA
wright,1,1,1,NA
writ,1,1,1,NA
writing_x_project_and_management_actions_project_1,1,1,1,NA
wrmwsd_sustainable_groundwater_management_act,1,1,1,Legal
wsa,1,1,1,NA
wtsgsa,1,1,1,Other_GSA
wu_bromodichloromethane_dichlorobromomethane,1,1,1,NA
ww,1,1,1,NA
wwwcbuildingorg,1,1,1,NA
wwwsbcwdcom,1,1,1,NA
wy_type,1,1,1,NA
wyandotte_subbasins,1,1,1,Basin
x_grant,1,1,1,NA
x_sustainable_groundwater_management_act,1,1,1,Legal
y_aplicación_del_groundwater_sustainability_plan,1,1,1,Technical
y_gestión_de_los_recursos,1,1,1,NA
y_la_reducción_del_uso_de_consultores,1,1,1,NA
y_project_7,1,1,1,NA
y_uso_de,1,1,1,NA
yamabe_horn_engineering_inc,1,1,1,NA
ycfc6,1,1,1,NA
ycfcwfd,1,1,1,NA
ye_et_al,1,1,1,NA
year_administration,1,1,1,NA
years,1,1,1,NA
yellowthroat,1,1,1,NA
yemen,1,1,1,NA
yerba_buena,1,1,1,NA
yettem,1,1,1,City
yettem_seville_community_services_district_yettem_seville_community_services_district,1,1,1,District
yield,1,1,1,NA
yield1_ranges,1,1,1,NA
yiguo_liang,1,1,1,NA
ymca,1,1,1,NA
yocha_dehe,1,1,1,NA
yocha_dehe_wintun_tribal_chair,1,1,1,NA
yokayo_water_systems,1,1,1,Natural_Feature
yokuts_porterville,1,1,1,NA
yolo_bypass_wildlife_area_land_management_plan,1,1,1,Technical
yolo_county_environmental_health_division,1,1,1,NA
yolo_county_flood_control_dunnigan_hills,1,1,1,NA
yolo_county_flood_control_east_bypass,1,1,1,NA
yolo_county_flood_control_east_cache_creek,1,1,1,Natural_Feature
yolo_county_flood_control_east_putah_creek,1,1,1,Natural_Feature
yolo_county_groundwater_monitoring_program,1,1,1,Technical
yolo_county_representation,1,1,1,NA
yolo_integrated_regional_water_management_plan,1,1,1,Technical
yolo_subbasin_golden_state_water,1,1,1,NA
yolo_subbasin_network_monitoring_events,1,1,1,Technical
yolo_sustainable_groundwater_management_act,1,1,1,Legal
yolo_zamora_south,1,1,1,NA
york_rd_west,1,1,1,NA
york_reservoir,1,1,1,Infrastructure
yountville_recycled_water_program,1,1,1,NA
youtube_channel,1,1,1,NA
ysi_pro_plus_glass_electrode_ph_sensor_field_lead,1,1,1,NA
yuba_county_groundwater_management_plan,1,1,1,Technical
yuba_county_integrated_regional_water_management_plan,1,1,1,Technical
yuba_groundwater_model_sensitivity_analysis_sensitivity,1,1,1,Technical
yuba_marysville,1,1,1,NA
yuba_subbasins_groundwater_sustainability_plan,1,1,1,Technical
yuba_water_agency_conference,1,1,1,NA
yuba_wheatland_canal,1,1,1,NA
yucaipa_integrated_hydrologic_model_active_model_domain,1,1,1,Technical
yvwd13,1,1,1,NA
yvwd51,1,1,1,NA
zamora_subunit,1,1,1,NA
zapato_creek,1,1,1,Natural_Feature
zbur,1,1,1,NA
zoback_et_al,1,1,1,NA
zone_budget,1,1,1,NA