"name","num_appearances_sum","num_appearances_mean","num_types","entity_type","AI_TAGGED"
"groundwater_sustainability_plan",47475,406,1,"Local_Gov",0.00854700854700855
"subbasin",22217,255,1,"Basin",0
"department_of_water_resources",17705,151,1,"State_Gov",0
"sustainable_groundwater_management_act",15063,129,1,"State_Gov",0
"groundwater_sustainability_agency",7593,190,1,"Local_GSA",0
"california",5754,50,1,"State_Gov",0
"groundwater_dependent_ecosystem",3839,55,1,"Natural_Feature",0
"board",3293,42,1,"Group",0
"united_states_geological_survey",2596,36,1,"Federal_Gov",0
"data_management_system",2397,32,1,"Technical",0
"state",2304,23,4,"State_Gov",1
"county",2256,23,1,"County",0
"sustainable_management_criteria",2050,27,1,"Legal",1
"agency",1998,64,1,"Group",0
"santa_clara_river",1789,256,1,"Natural_Feature",0
"af",1770,28,1,"Nonsense",1
"san_joaquin_river",1703,49,1,"Natural_Feature",0
"geological_survey",1653,47,1,"Federal_Gov",0
"department",1539,19,1,"Group",0
"north_fork_kings_groundwater_sustainability_agency",1537,220,2,"Other_GSA",0
"central_valley_project",1502,31,1,"Water_Project",0
"mt",1492,50,3,"State_Gov",1
"state_water_project",1488,28,1,"Water_Project",0
"united_water_conservation_district",1481,165,1,"District",0
"surface_water_system",1456,208,1,"Natural_Feature",0
"east_kaweah_groundwater_sustainability_agency",1449,483,2,"Other_GSA",0
"ema",1381,460,1,"Nonsense",1
"united",1290,215,1,"Nonsense",1
"north_kings_groundwater_sustainability_agency",1258,157,2,"Other_GSA",0
"dischargers",1176,98,2,"Group",1
"fillmore",1171,195,1,"City",0
"state_water_resources_control_board",1161,13,1,"State_Gov",0
"board_of_directors",1153,16,1,"Group",0
"western_management_area",1146,229,1,"Geographic_Unit",0
"south_kings_groundwater_sustainability_agency",1114,186,2,"Other_GSA",0
"advisory_committee",1096,32,1,"Group",0
"san_joaquin",1092,25,1,"County",0
"kern_county_subbasin",1079,120,1,"Basin",0
"san_joaquin_valley",1072,22,1,"Geographic_Unit",0
"kings_river_east_groundwater_sustainability_agency",1050,175,2,"Other_GSA",0
"party",1041,24,1,"Nonsense",1
"bureau_of_reclamation",1039,20,1,"Federal_Gov",0
"gws",1038,94,3,"Technical",1
"upper_aquifer_system",1028,103,1,"Natural_Feature",0
"james_groundwater_sustainability_agency",955,159,2,"Other_GSA",0
"us_environmental_protection_agency",948,17,1,"Federal_Gov",0
"sacramento",944,21,1,"County",0
"cma",940,470,2,"District",1
"svbgsa",939,235,2,"Local_GSA",0
"isw",922,61,1,"Nonsense",1
"kern_river_groundwater_sustainability_agency",922,184,2,"Other_GSA",0
"santa_ynez_river",918,230,1,"Natural_Feature",0
"coordination_committee",917,71,1,"Group",0
"fox_canyon_groundwater_management_agency",890,127,2,"Other_GSA",0
"eastern_tule_groundwater_sustainability_agency",875,292,2,"Local_GSA",0
"montecito_groundwater_basin",870,870,1,"Local_GSA",0
"minimum_threshold",865,54,2,"Legal",1
"nature_conservancy",861,12,1,"NGO",1
"draft",840,23,1,"Nonsense",1
"mcmullin_area_groundwater_sustainability_agency",823,118,2,"Other_GSA",0
"napa_county",820,410,1,"County",0
"california_code_of_regulations",817,17,1,"State_Gov",0
"hydrogeologic_conceptual_model",813,15,1,"Technical",0
"united_states",808,10,2,"Federal_Gov",1
"kern_county",806,38,1,"County",0
"mid_kaweah_groundwater_sustainability_agency",779,390,2,"Other_GSA",0
"state_board",774,37,1,"Group",0
"appendix",766,14,1,"Reference",0
"authority",763,48,1,"Group",0
"aem",755,44,2,"Nonsense",1
"lower_aquifer_system",738,82,1,"Natural_Feature",0
"wy",712,36,2,"Geographic_Unit",1
"disadvantaged_community",700,11,1,"Group",0
"state_of_california",700,9,1,"State_Gov",0
"tule_subbasin",696,87,1,"Basin",0
"central_kings_groundwater_sustainability_agency",685,98,2,"Local_GSA",0
"mcwra",678,226,1,"District",1
"delano_earlimart_irrigation_district_groundwater_sustainability_agency",677,677,1,"Local_GSA",0
"environmental_quality_act",677,12,1,"State_Gov",0
"forebay",675,56,2,"Infrastructure",1
"mi",675,20,1,"Nonsense",1
"mou",671,15,1,"Group",0
"groundwater_sustainability_plan_group",670,112,1,"Group",0
"lower_tule_river_irrigation_district_groundwater_sustainability_agency",660,660,1,"Local_GSA",0
"greater_kaweah_groundwater_sustainability_agency",659,165,2,"Local_GSA",0
"kings_subbasin",650,59,1,"Basin",0
"mkgsa",648,216,2,"Other_GSA",0
"ukiah_valley_basin_gsa",644,644,1,"Local_GSA",0
"water_year",641,32,1,"Technical",1
"ventura_county",634,45,1,"County",0
"monterey_county_water_resources_agency",622,89,1,"Group",0
"central_coast_water_board",618,69,1,"Group",0
"wells",612,10,2,"Infrastructure",1
"sierra_nevada",611,14,2,"Natural_Feature",1
"oxnard",607,101,1,"City",0
"pixley_irrigation_district_groundwater_sustainability_agency",596,596,1,"Local_GSA",0
"salinas_valley_basin_groundwater_sustainability_agency",596,298,2,"Local_GSA",0
"santa_paula",594,99,1,"City",0
"modflow",592,16,1,"Technical",0
"natural_communities_commonly_associated_with_groundwater",565,12,1,"Natural_Feature",0
"vrgwfm",562,112,1,"Nonsense",1
"city_of",548,11,1,"City",0
"committee",547,17,1,"Group",0
"kern_groundwater_authority",546,68,2,"Local_GSA",0
"interconnected_surface_water",543,27,1,"Natural_Feature",1
"fox_canyon_aquifer",536,179,1,"Natural_Feature",0
"madera_county",534,76,1,"County",0
"tehama_county",527,66,1,"County",0
"upper_ventura_river_groundwater_agency_gsa",523,523,1,"Local_GSA",0
"fresno",519,18,1,"County",0
"east_las_posas_management_area",517,517,1,"Geographic_Unit",0
"irrigated_lands_regulatory_program",517,11,1,"State_Gov",0
"mound_basin_groundwater_sustainability_agency",505,505,1,"Local_GSA",0
"department_of_fish_and_wildlife",499,9,1,"State_Gov",0
"mo",498,20,1,"Nonsense",1
"kaweah_subbasin",490,98,1,"Basin",0
"tri_county_water_authority_groundwater_sustainability_agency_tule",486,486,1,"Local_GSA",0
"fpbgsa",475,238,1,"Local_GSA",0
"white_wolf_groundwater_sustainability_agency",472,236,2,"Local_GSA",0
"napa_county_groundwater_sustainability_agency",468,468,1,"Other_GSA",0
"cvp",465,155,1,"Water_Project",1
"west_las_posas_management_area",465,155,1,"Geographic_Unit",0
"ojai_valley_groundwater_basin",464,464,1,"Basin",0
"new_stone_water_district_groundwater_sustainability_agency",463,232,2,"Other_GSA",0
"delta_mendota_subbasin",461,51,1,"Basin",0
"monterey_subbasin",456,228,1,"Basin",0
"aquifer_storage_and_recovery",447,30,1,"Water_Project",1
"tulare_county",445,34,1,"County",0
"conejo_creek",444,74,1,"Natural_Feature",0
"marina_coast_water_district",439,220,1,"District",0
"buena_vista_groundwater_sustainability_agency",431,216,1,"Other_GSA",0
"aliso_water_district_groundwater_sustainability_agency",428,428,1,"Local_GSA",0
"big_valley_groundwater_sustainability_agency",427,427,1,"Local_GSA",0
"technical_advisory_committee",423,15,1,"Group",0
"solano_subbasin",422,422,1,"Basin",0
"madera_subbasin",420,38,1,"Basin",0
"fort_ord",419,210,1,"Geographic_Unit",1
"mga",417,208,2,"Local_GSA",0
"owens_valley_groundwater_authority",415,415,1,"Local_GSA",0
"atascadero_basin_groundwater_sustainability_agency",412,412,1,"Local_GSA",0
"farmers_water_district",411,411,1,"District",0
"santa_rosa_plain_groundwater_sustainability_agency",411,206,2,"Other_GSA",0
"pleasant_valley_groundwater_sustainability_agency",410,410,1,"Local_GSA",0
"sonoma_valley_groundwater_sustainability_agency",405,202,2,"Local_GSA",0
"santa_ynez_river_valley_basin_eastern_management_area_groundwater_sustainability_agency",404,404,1,"Local_GSA",0
"total_dissolved_solids",404,12,1,"District",0
"salinas_valley",402,40,1,"Geographic_Unit",0
"tehama_county_flood_control_and_water_conservation_district_groundwater_sustainability_agency_red_bluff",402,402,1,"Local_GSA",0
"ventura",400,27,1,"County",0
"delano_earlimart_irrigation_district",399,100,1,"District",0
"tbwqc",396,132,1,"Nonsense",1
"indian_wells_valley_groundwater_authority",395,198,2,"Local_GSA",0
"county_of_napa_groundwater_sustainability_agency",389,389,1,"Local_GSA",0
"taf",389,20,2,"Nonsense",1
"division_of_drinking_water",388,9,1,"State_Gov",0
"san_pasqual_valley_gsa",388,388,1,"Local_GSA",0
"projects_and_management_actions",385,8,4,"Group",1
"regional_water_quality_control_board",384,9,1,"Local_Gov",0
"tehama_county_flood_control_and_water_conservation_district_groundwater_sustainability_agency_antelope",384,384,1,"Local_GSA",0
"us",383,8,3,"Geographic_Unit",1
"basin_characterization_model",382,21,1,"Technical",0
"corona",380,190,1,"City",0
"farmers_water_district_groundwater_sustainability_agency",380,127,2,"Other_GSA",0
"lsce",379,21,1,"Nonsense",1
"kaweah_delta_water_conservation_district",377,42,1,"District",0
"paso_robles_formation",376,38,1,"Natural_Feature",0
"sonoma",371,62,1,"County",0
"nc",367,17,4,"Geographic_Unit",1
"enterprise_anderson_groundwater_sustainability_agency",366,183,1,"Other_GSA",0
"executive_committee",363,45,1,"Group",0
"parties",363,10,2,"Nonsense",1
"aliso_water_district",362,362,1,"District",0
"fresno_county",360,21,1,"County",0
"pma",356,20,3,"Group",1
"ebp_subbasin",355,355,1,"Basin",0
"global_positioning_system",350,18,1,"Technical",1
"tule_subbasin_setting",348,87,1,"Geographic_Unit",0
"tehama_county_flood_control_and_water_conservation_district_groundwater_sustainability_agency_los_molinos",347,347,1,"Local_GSA",0
"madera",346,23,1,"County",0
"oxnard_subbasin",342,86,1,"Basin",0
"tds",342,13,3,"Technical",1
"tulare",342,17,1,"County",0
"tehama_formation",341,34,1,"Natural_Feature",0
"ebmud",339,170,1,"District",1
"monterey_county",336,37,1,"County",0
"coordination_workgroup",332,47,1,"Group",0
"maximum_contaminant_level",331,11,1,"Legal",1
"upper_ventura_river_groundwater_agency",331,331,1,"Local_GSA",0
"los_molinos_subbasin",329,55,1,"Basin",0
"lower_tule_river_irrigation_district",328,47,1,"District",0
"santa_clara",328,30,1,"County",0
"siskiyou_county_flood_control_and_water_conservation_district_groundwater_sustainability_agency_butte_valley",325,325,1,"Local_GSA",0
"tehama_county_flood_control_and_water_conservation_district_groundwater_sustainability_agency_bowman",324,324,1,"Local_GSA",0
"groundwater_sustainability_agencies",323,5,1,"Group",0
"root_creek_water_district_groundwater_sustainability_agency",320,320,1,"Local_GSA",0
"tule_subbasin_monitoring_plan",320,53,1,"Technical",0
"ysga",320,320,1,"Nonsense",1
"dctra",316,158,2,"Group",1
"project",313,13,1,"Water_Project",0
"solano_county",313,104,1,"County",0
"alpaugh_groundwater_sustainability_agency",311,311,1,"Local_GSA",0
"arroyo_simi",310,155,1,"Natural_Feature",1
"integrated_regional_water_management",310,17,1,"Local_Gov",0
"merced",310,24,1,"County",0
"siskiyou_county_flood_control_and_water_conservation_district_groundwater_sustainability_agency_shasta",310,310,1,"Local_GSA",0
"tehama_integrated_hydrologic_model",307,77,1,"Technical",0
"groundwater_sustainability_agency_board",304,11,1,"Group",0
"svsim",303,38,1,"Technical",1
"sacramento_valley",302,12,1,"Geographic_Unit",0
"porterville",300,43,1,"City",0
"tulare_formation",300,12,1,"Natural_Feature",0
"ag",297,13,1,"Nonsense",1
"monitoring_and_reporting_program",297,30,1,"Technical",0
"environmental_defense_fund",296,49,1,"NGO",1
"santa_ynez",295,59,1,"City",0
"pleasant_valley",294,42,1,"Geographic_Unit",0
"esri",289,21,1,"Company",1
"colusa",285,48,1,"County",0
"san_joaquin_river_restoration_program",285,12,1,"Local_Gov",0
"petaluma_valley_groundwater_sustainability_agency",281,140,2,"Local_GSA",0
"chowchilla_subbasin",280,93,1,"Basin",0
"integrated_regional_water_management_plan",280,8,1,"Local_Gov",0
"sampling_and_analysis_plan",280,35,1,"Technical",0
"dtw",279,15,2,"Nonsense",1
"groundwater_management_plan",279,7,1,"Technical",0
"saugus_formation",279,46,1,"Natural_Feature",0
"flow",278,35,1,"Nonsense",1
"yucaipa_groundwater_sustainability_agency",278,278,1,"Other_GSA",0
"groundwater_sustainability_plan_regulations",276,7,1,"Legal",0
"interferometric_synthetic_aperture_radar",274,7,1,"Technical",1
"hcm",273,14,2,"Technical",1
"ma",272,23,1,"Nonsense",1
"rmw",269,38,1,"Nonsense",1
"technical_memoranda",269,19,1,"Technical",0
"managed_aquifer_recharge",267,24,1,"Water_Project",1
"turlock_subbasin",267,67,1,"Basin",0
"vcwpd",267,89,1,"District",1
"anderson_subbasin",265,88,1,"Basin",0
"page",265,12,1,"Reference",0
"groundwater_sustainability_plans",264,5,1,"Technical",0
"representative_monitoring_point",264,66,1,"Technical",0
"stakeholder_committee",264,38,1,"Group",0
"cga",263,132,2,"Local_GSA",0
"arroyo_las_posas",262,52,1,"Natural_Feature",1
"kings_river_conservation_district",262,29,1,"District",0
"los_angeles_county",262,26,1,"County",0
"city_of_porterville",261,52,1,"City",0
"san_antonio_basin_groundwater_sustainability_agency",261,261,1,"Local_GSA",0
"santa_clarita_valley_groundwater_sustainability_agency",261,261,1,"Local_GSA",0
"santa_ynez_river_valley_basin_western_management_area_groundwater_sustainability_agency",259,259,1,"Local_GSA",0
"yucaipa_valley_water_district",259,259,1,"District",0
"tcwa",256,128,1,"District",1
"castac_basin_gsa",255,255,1,"Local_GSA",0
"los_angeles",254,18,1,"County",0
"natural_resources_conservation_service",254,8,1,"Federal_Gov",0
"montecito_groundwater_sustainability_agency",253,253,1,"Other_GSA",0
"groundwater_sustainability_plan_groups",252,42,1,"Group",0
"james_irrigation_district",251,126,1,"District",0
"tule_subbasin_technical_advisory_committee",251,42,1,"Group",0
"kern_county_water_agency",249,25,1,"Group",0
"working_group",249,23,1,"Group",0
"smc",248,21,2,"Nonsense",1
"santa_ynez_river_valley_basin_central_management_area_groundwater_sustainability_agency",247,247,1,"Local_GSA",0
"army_corps_of_engineers",246,9,1,"Federal_Gov",0
"regional_model",246,123,1,"Technical",0
"buena_vista_water_storage_district_gsa",245,245,1,"Local_GSA",0
"sacramento_county",245,27,1,"County",0
"watershed",245,49,2,"Natural_Feature",1
"arroyo",244,27,1,"Natural_Feature",1
"napa_valley_subbasin",242,242,1,"Basin",0
"district",241,10,1,"District",0
"modesto",241,24,1,"City",0
"minimum_thresholds",238,34,2,"Technical",1
"santa_ynez_river_water_conservation_district",238,79,1,"District",0
"butte_valley",236,118,1,"City",0
"corcoran_clay",236,10,1,"Natural_Feature",0
"sutter_subbasin",235,78,1,"Basin",0
"monterey",234,23,1,"County",0
"data_quality_objective",232,9,1,"Technical",0
"temescal_subbasin_groundwater_sustainability_agency",231,231,1,"Local_GSA",0
"merced_county",230,19,1,"County",0
"san_antonio",230,19,1,"Local_Gov",1
"national_aeronautics_and_space_administration",229,8,1,"Federal_Gov",0
"olcese_groundwater_sustainability_agency_area",228,228,1,"Geographic_Unit",0
"technical_working_group",227,38,1,"Group",0
"fcgma",226,113,1,"District",1
"cosumnes",224,56,1,"Basin",1
"vacaville",224,32,1,"City",0
"los_angeles_department_of_water_and_power",223,56,1,"Local_Gov",1
"merced_subbasin",222,56,1,"Basin",0
"discharger",220,28,1,"Nonsense",1
"kern_subbasin",220,22,1,"Basin",0
"indian_wells_valley_groundwater_basin",219,219,1,"Basin",0
"san_jacinto",218,54,1,"City",0
"santa_cruz",217,31,1,"County",0
"unavco",217,7,1,"NGO",1
"natural_communities",216,8,1,"Group",0
"spadra_basin_groundwater_sustainability_agency",216,216,1,"Local_GSA",0
"gps",215,6,3,"Technical",1
"napa",214,54,1,"County",0
"san_antonio_creek",214,43,1,"Natural_Feature",0
"pce",211,14,1,"Nonsense",1
"temescal_wash",211,70,1,"Natural_Feature",1
"fresno_slough",209,19,1,"Natural_Feature",0
"kaweah",209,30,1,"Basin",1
"california_water_code",207,5,1,"State_Gov",0
"salinas_valley_basin_groundwater_sustainability_agency_east_side_aquifer",207,207,1,"Local_GSA",0
"salinas_valley_basin_groundwater_sustainability_agency_langley_area",206,206,1,"Local_GSA",0
"san_lorenzo_valley_water_district",206,206,1,"District",0
"geotracker",205,6,1,"Data_System",1
"hayward",205,205,1,"City",0
"eel_river_valley_basin",203,203,1,"Basin",0
"grimes_canyon_aquifer",203,68,1,"Natural_Feature",0
"lompico",202,101,1,"City",0
"tehama",202,18,1,"County",0
"city_of_santa_monica",201,201,1,"City",0
"statewide_groundwater_elevation_monitoring",201,5,1,"State_Gov",0
"salinas_valley_basin_groundwater_sustainability_agency_upper_valley_aquifer",199,199,1,"Local_GSA",0
"enterprise",198,99,1,"Nonsense",1
"los_banos",198,28,1,"City",0
"wrmwsd",198,198,1,"District",1
"salt_and_nutrient_management_plan",195,16,1,"Technical",0
"friant_division",194,11,2,"Water_Project",1
"piru_creek",194,32,1,"Natural_Feature",0
"basin_numerical_model",193,193,1,"Technical",0
"monterey_formation",193,15,1,"Natural_Feature",0
"calleguas_creek",192,32,1,"Natural_Feature",0
"technical_peer_review",192,192,1,"Technical",0
"friant_kern_canal",191,13,1,"Infrastructure",1
"mcsim",191,96,1,"Technical",1
"san_benito_county",191,27,1,"County",0
"hydrographs",190,4,1,"Technical",1
"san_jacinto_groundwater_basin",190,190,1,"Basin",0
"santa_ana",190,19,1,"City",0
"water_in_the_yucaipa",190,190,1,"Nonsense",1
"corning",189,24,1,"City",0
"napa_valley",189,189,1,"Geographic_Unit",0
"paso_robles",189,24,2,"Local_Gov",1
"acsd",188,188,1,"District",1
"atascadero",188,94,1,"City",0
"butte_county",188,19,1,"County",0
"solano",188,94,1,"County",0
"geographic_information_system",187,7,1,"Technical",0
"yuba_water_agency",185,62,2,"Local_GSA",0
"irrigation_management_information_system",184,6,1,"State_Gov",0
"kern_delta_water_district",184,37,1,"District",0
"modesto_subbasin",184,92,1,"Basin",0
"scotts_valley_water_district",184,184,1,"District",0
"tracy_subbasin",184,46,1,"Basin",0
"scv_water",183,183,1,"District",1
"tule_river_association",183,30,2,"NGO",1
"dbcp",182,12,3,"District",1
"grassland_water_district",182,91,1,"District",0
"ccbl",181,60,2,"District",1
"davis",181,7,1,"City",0
"glenn_county",181,26,1,"County",0
"gw",181,9,1,"Nonsense",1
"bakersfield",180,12,1,"City",0
"central_coast_regional_water_quality_control_board",180,16,1,"Local_Gov",0
"buena_vista_water_storage_district",179,36,1,"District",0
"las_posas",179,60,1,"Basin",1
"measurable_objectives",178,12,2,"Technical",1
"cgps",177,9,2,"Nonsense",1
"hollister",176,88,1,"City",0
"sonoma_water",176,35,1,"District",1
"stanislaus_county",176,20,1,"County",0
"fish_slough",175,88,1,"Natural_Feature",0
"sustainable_groundwater_management_act_projects",174,35,1,"Water_Project",0
"basemap",173,29,1,"Technical",1
"modeling_team",173,58,1,"Technical",0
"department_of_water_resources_bulletin",172,4,2,"Reference",1
"passive_diffusion_bag",172,172,1,"Infrastructure",1
"visalia",172,22,1,"City",0
"asr",170,14,3,"Technical",1
"barka_slough",170,170,1,"Natural_Feature",0
"bcgsa",170,170,1,"Other_GSA",0
"city_of_modesto",170,34,1,"City",0
"westside_subbasin",170,19,1,"Basin",0
"basin",169,4,1,"Basin",0
"cuyama_basin_groundwater_sustainability_agency",169,169,1,"Local_GSA",0
"east_turlock_subbasin_groundwater_sustainability_agency",169,169,1,"Local_GSA",0
"environmental_protection_agency",169,42,1,"Group",0
"groundwater_sustainability_agency_party",169,24,1,"Group",1
"turlock",169,28,1,"City",0
"arvin_edison_water_storage_district",168,84,1,"District",0
"indian_wells_valley",168,168,1,"Geographic_Unit",0
"kdsa",168,13,1,"Nonsense",1
"kings_county",168,12,1,"County",0
"rmp",168,17,2,"Nonsense",1
"glenn_groundwater_authority",167,84,2,"Local_GSA",0
"kern",167,14,1,"County",0
"yolo_subbasin",167,42,1,"Basin",0
"gis",166,6,2,"Data_System",1
"mendota_subbasin",166,18,1,"Basin",0
"basin_setting",165,6,1,"Geographic_Unit",0
"ec",165,11,1,"Nonsense",1
"fox_canyon_groundwater_management_agency_board",164,55,1,"Group",0
"san_joaquin_river_exchange_contractors",164,41,1,"Group",1
"army",163,54,1,"Federal_Gov",0
"city_of_ventura",163,27,1,"City",0
"groundwater_sustainability_plan_advisory_committee",162,40,1,"Group",0
"inter_agency",162,23,1,"Group",0
"joint_powers_authority",162,5,1,"Group",0
"sierra_valley",162,162,1,"Geographic_Unit",0
"deer_creek_and_tule_river_authority",161,80,1,"Group",0
"mullin_area_groundwater_sustainability_agency",160,80,1,"Other_GSA",0
"north_kings",160,27,2,"District",1
"congress_us_senate",159,3,1,"Federal_Gov",0
"forebay_subbasin",159,26,1,"Basin",0
"jpa",159,8,3,"Nonsense",1
"kings_river_water_association",159,20,2,"Group",1
"yuba_subbasins",159,80,1,"Basin",0
"anderson_subbasins",158,79,1,"Basin",0
"gravelly_ford_water_district",158,53,1,"District",0
"kings",158,12,1,"County",0
"salinas",158,20,1,"City",0
"l",157,39,1,"Nonsense",1
"san_joaquin_river_restoration_settlement",157,52,1,"Legal",1
"santa_monica_basin_groundwater_sustainability_agency",157,157,1,"Local_GSA",0
"technical_memorandum",157,7,1,"Technical",0
"west_san_jacinto_groundwater_sustainability_agency",157,157,1,"Local_GSA",0
"santa_ana_river",156,26,1,"Natural_Feature",0
"ccr",155,12,1,"Nonsense",1
"yuba_groundwater_model",155,155,1,"Technical",0
"santa_barbara_county",154,26,1,"County",0
"west_turlock_subbasin_groundwater_sustainability_agency",154,154,1,"Local_GSA",0
"cottonwood_creek",153,15,1,"Natural_Feature",0
"san_joaquin_county",153,26,1,"County",0
"chowchilla_bypass",152,19,2,"Infrastructure",1
"gravelly_ford_water_district_groundwater_sustainability_agency",152,76,2,"Other_GSA",0
"navy",152,30,1,"Federal_Gov",0
"stanislaus",152,17,1,"County",0
"court",151,50,1,"Nonsense",1
"grassland_groundwater_sustainability_agency",151,151,1,"Other_GSA",0
"westlands_water_district",150,150,1,"District",0
"camrosa",149,25,1,"District",1
"consolidated_irrigation_district",149,37,1,"District",0
"montecito_water_district",149,149,1,"District",0
"sjfm2014",149,149,1,"Reference",1
"inmp",148,21,1,"Nonsense",1
"olcese_water_district_groundwater_sustainability_agency",148,148,1,"Local_GSA",0
"tcwd",148,49,1,"District",0
"county_of_ventura",147,16,1,"County",0
"eastside_subbasin",147,49,1,"Basin",0
"national_marine_fisheries_service",146,6,1,"Federal_Gov",0
"santa_clarita",146,49,1,"City",0
"santa_margarita",146,24,1,"City",0
"swi",146,36,1,"Technical",1
"sonoma_county",145,29,1,"County",0
"bowman_subbasin",144,24,1,"Basin",0
"fox_canyon_groundwater_management_agency_gsa_pleasant_valley",144,144,1,"Local_GSA",0
"national_oceanic_and_atmospheric_administration",144,6,1,"Federal_Gov",0
"consensus_building_institute",143,10,1,"NGO",1
"st_helena",143,143,1,"Geographic_Unit",1
"arroyo_santa_rosa_valley_groundwater_basin",142,142,1,"Basin",0
"big_valley_advisory_committee",142,142,1,"Group",0
"santa_ynez_river_alluvium",142,47,1,"Natural_Feature",0
"butte",141,14,1,"County",0
"management_areas",141,9,1,"Geographic_Unit",0
"spv_groundwater_sustainability_plan_model",141,141,1,"Technical",0
"wyandotte_creek_groundwater_sustainability_agency",141,141,1,"Local_GSA",0
"deer_creek",140,16,1,"Natural_Feature",0
"groundwater_ambient_monitoring_and_assessment",140,3,1,"State_Gov",0
"orland_unit_water_users_association",140,70,2,"Group",1
"paso_robles_formation_aquifer",140,47,1,"Natural_Feature",0
"slough",140,47,1,"Natural_Feature",0
"county_of_humboldt_groundwater_sustainability_agency",139,139,1,"Local_GSA",0
"legal_authority",139,4,1,"Group",0
"santa_rosa",139,17,1,"City",0
"coc",138,11,1,"Nonsense",1
"elsinore_valley_groundwater_sustainability_agency",138,138,1,"Local_GSA",0
"inyo_county",138,34,1,"County",0
"santa_margarita_formation",138,12,1,"Natural_Feature",0
"bmp",137,8,2,"Nonsense",1
"recharge",137,5,3,"Nonsense",1
"solano_irrigation_district",137,137,1,"District",0
"stillwater_sciences",137,20,1,"Company",1
"city_of_vacaville",136,136,1,"City",0
"angiola_water_district",135,135,1,"District",0
"yolo_subbasin_groundwater_sustainability_agency",135,135,1,"Local_GSA",0
"appointing_authority",134,22,1,"Group",0
"electrical_conductivity",134,15,1,"Technical",1
"mann",134,19,2,"Nonsense",1
"monitoring_entity",134,15,1,"Technical",0
"san_leandro",134,134,1,"City",0
"water_budget_zone",134,134,1,"Geographic_Unit",0
"regional_board",133,8,1,"Group",0
"alta_irrigation_district",132,22,1,"District",0
"enterprise_anderson_groundwater_sustainability_agency_enterprise",132,132,1,"Local_GSA",0
"groundwater_sustainability_agency_boards",132,7,1,"Group",0
"measurable_objective",132,16,2,"Technical",1
"p_ma",132,66,1,"Nonsense",1
"sierra_valley_groundwater_management_district",132,132,1,"Local_GSA",0
"action",131,19,1,"Nonsense",1
"tce",131,12,2,"Nonsense",1
"tuscan_formation",131,12,1,"Natural_Feature",0
"pauma_valley_groundwater_sustainability_agency",130,130,1,"Local_GSA",0
"todd_groundwater",130,9,2,"Natural_Feature",1
"arvin_edison_management_area",129,129,1,"Geographic_Unit",0
"chowchilla",129,22,1,"City",0
"city_of_napa",129,129,1,"City",0
"department_of_toxic_substances_control",129,6,1,"State_Gov",0
"dudek",128,14,1,"Company",1
"enterprise_anderson_groundwater_sustainability_agency_anderson",128,128,1,"Local_GSA",0
"stanislaus_and_tuolumne_rivers_groundwater_basin_association_groundwater_sustainability_agency",128,128,1,"Local_GSA",0
"ukiah_valley_integrated_hydrological_model",128,128,1,"Technical",0
"yolo_county",128,32,1,"County",0
"board_of_supervisors",127,4,1,"Group",0
"fillmore_and_piru_basins_groundwater_sustainability_agency_piru",127,127,1,"Local_GSA",0
"henry_miller_water_district_gsa",127,127,1,"Local_GSA",0
"mehrten_formation",127,13,1,"Natural_Feature",0
"scwd",127,127,1,"District",0
"sierra_valley_subbasin",127,127,1,"Basin",0
"ventura_county_watershed_protection_district",127,14,1,"District",0
"fillmore_and_piru_basins_groundwater_sustainability_agency_fillmore",126,126,1,"Local_GSA",0
"fresno_irrigation_district",126,63,1,"District",0
"san_joaquin_river_exchange_contractors_groundwater_sustainability_agency",125,62,2,"Local_GSA",0
"wheeler_ridge_maricopa_water_storage_district",125,125,1,"District",0
"wqo",125,14,1,"Nonsense",1
"butte_basin_groundwater_model",124,41,1,"Technical",0
"fox_canyon_groundwater_management_agency_gsa_oxnard",124,124,1,"Local_GSA",0
"natural_communities_commonly_associated_with_groundwater_dataset",124,5,1,"Technical",0
"san_pedro_formation",124,18,1,"Natural_Feature",0
"best_management_practice",123,6,2,"Legal",1
"city",123,5,1,"Nonsense",1
"continuous_global_positioning_system",123,11,1,"Technical",1
"af_water_year",122,61,2,"Technical",1
"county_of_tulare",122,15,1,"County",0
"east_contra_costa_subbasin",122,61,1,"Basin",0
"sustainability_indicators",122,12,1,"Technical",1
"upper_san_pedro",122,122,1,"Basin",1
"wheeler_ridge_maricopa",122,41,1,"District",0
"yucaipa_basin_groundwater_sustainability_agency",122,122,1,"Local_GSA",0
"central_valley_hydrologic_model",121,13,1,"Technical",0
"corning_subbasin",121,24,1,"Basin",0
"corral_de_tierra_area",121,121,1,"Geographic_Unit",0
"mendota",121,13,1,"City",0
"new_stone_water_district",121,40,1,"District",0
"variable_infiltration_capacity",121,15,1,"Technical",1
"bedford_coldwater_subbasin_groundwater_sustainability_agency",120,120,1,"Local_GSA",0
"merced_irrigation_district",120,30,1,"District",0
"tulare_irrigation_district",120,40,1,"District",0
"porterville_irrigation_district",119,20,1,"District",0
"precipitation",119,4,1,"Natural_Feature",1
"storage",119,20,1,"Nonsense",1
"westlands",119,24,1,"District",1
"cor",118,59,1,"Nonsense",1
"leblanc",118,17,2,"Nonsense",1
"tracy",118,13,1,"City",0
"cnddb",117,11,2,"Data_System",1
"core_team",117,58,1,"Group",1
"elsinore",117,39,2,"Geographic_Unit",1
"fish_and_wildlife_service",117,6,1,"Federal_Gov",0
"general_order",117,15,1,"Legal",1
"quality_control",117,20,1,"Technical",1
"ug_l",117,58,1,"Nonsense",1
"red_bluff_subbasin",116,29,1,"Basin",0
"adjustment_factors",115,23,1,"Technical",1
"central_california_irrigation_district",115,23,1,"State_Gov",0
"dmc",115,23,1,"District",1
"groundwater_sustainability_plan_group_representative",115,19,2,"Group",1
"surface_water_quality",115,58,2,"Technical",1
"eastern_principal_aquifer",114,57,1,"Natural_Feature",0
"enterprise_subbasin",114,57,1,"Basin",0
"fkc",114,16,1,"Nonsense",1
"tule_subbasin_tac",114,57,1,"Group",1
"eki",113,13,1,"Nonsense",1
"nacimiento_water_project",113,56,1,"Water_Project",0
"butte_creek",112,28,1,"Natural_Feature",0
"calleguas",112,37,1,"District",1
"moa",112,9,1,"Nonsense",1
"san_timoteo_creek",112,112,1,"Natural_Feature",0
"sfr",112,11,3,"Nonsense",1
"appendix_c",111,4,1,"Reference",0
"butte_subbasin",111,22,1,"Basin",0
"carlotta",111,111,1,"Nonsense",1
"port_hueneme",111,37,1,"City",0
"san_gorgonio_pass",111,111,1,"Geographic_Unit",1
"ukiah_valley",111,111,1,"Geographic_Unit",0
"western_lower_principal_aquifer",111,56,1,"Natural_Feature",0
"sonoma_creek",110,28,1,"Natural_Feature",0
"yucaipa_subbasin",110,110,1,"Basin",0
"arroyo_conejo",109,27,1,"Natural_Feature",1
"bedford",109,36,2,"Geographic_Unit",1
"council",109,14,1,"Group",0
"data_exchange_center",109,5,1,"State_Gov",0
"fountain_springs",109,18,1,"Natural_Feature",1
"putah_creek",109,54,1,"Natural_Feature",0
"regional_water_authority",109,36,1,"Group",0
"riverside_county",109,12,1,"County",0
"tuolumne",109,12,1,"County",0
"xylenes",109,109,1,"Natural_Feature",1
"colusa_subbasin",108,27,1,"Basin",0
"central_management_area",107,27,1,"Geographic_Unit",0
"coordinating_committee",107,54,1,"Group",0
"dixon",107,107,1,"City",0
"gsi",107,12,3,"Group",1
"qc",107,107,1,"Nonsense",1
"san_juan",107,54,2,"Geographic_Unit",1
"friant_water_authority",106,6,1,"Group",0
"oakland",106,35,1,"City",0
"owens_valley",106,53,1,"Geographic_Unit",0
"pomona",106,106,1,"City",0
"san_luis_obispo_county",106,13,1,"County",0
"saugus",106,26,2,"Geographic_Unit",1
"water_data_library",106,5,1,"Technical",0
"brentwood",105,105,1,"City",0
"id4",105,105,1,"District",0
"monitoring_network",105,5,1,"Technical",0
"san_luis_delta_mendota_water_authority",105,13,1,"Group",0
"solano_collaborative",105,105,1,"Group",1
"soquel_creek",105,105,1,"Natural_Feature",0
"upson",105,26,2,"Local_Gov",1
"watermaster",105,12,1,"Group",1
"yountville",105,105,1,"City",0
"antelope_subbasin",104,52,1,"Basin",0
"city_council",104,5,1,"Group",0
"joint_powers_agreement",104,9,1,"Group",0
"central_sacramento_county_groundwater_management_plan",103,103,1,"Technical",0
"cosumnes_subbasin",103,21,1,"Basin",0
"median_household_income",103,10,2,"Technical",1
"ojai_basin_groundwater_management_agency_gsa",103,103,1,"Local_GSA",0
"scotts_valley",103,34,1,"City",0
"sokr",103,103,1,"Nonsense",1
"solano_project",103,103,1,"Water_Project",0
"bolsa",102,102,1,"Nonsense",1
"buttonwillow_management_area",102,102,1,"Geographic_Unit",0
"fox_canyon_groundwater_management_agency_gsa_las_posas_valley",102,102,1,"Local_GSA",0
"mbgwfm",102,102,1,"Data_System",1
"precipitation_data",102,4,1,"Technical",0
"saticoy",102,17,1,"City",0
"trenton_weir",102,17,1,"Infrastructure",0
"best_management_practices",101,4,3,"Legal",1
"department_of_public_health",101,4,1,"State_Gov",0
"district_board",101,10,1,"Group",0
"western_management_area_groundwater_sustainability_agency",101,34,1,"Other_GSA",0
"madera_irrigation_district",100,33,1,"District",0
"montecito_groundwater_basin_groundwater_sustainability_agency",100,100,1,"Local_GSA",0
"porter_slough",100,17,1,"Natural_Feature",0
"salinas_valley_operational_model",100,25,1,"Technical",0
"spv",100,100,1,"Nonsense",1
"subbasins",100,7,1,"Basin",0
"tehama_county_flood_control_and_water_conservation_district",100,14,2,"Other_GSA",0
"tule_basin_water_quality_coalition",100,50,1,"Group",1
"ukiah",100,50,1,"City",0
"west_las_posas",100,100,1,"Basin",1
"woodard_curran",100,7,1,"Company",1
"luhdorff_and_scalmanini_consulting_engineers",99,33,1,"Company",1
"san_benito_river",99,99,1,"Natural_Feature",0
"success_reservoir",99,25,1,"Infrastructure",0
"urban_water_management_plan",99,5,1,"Technical",0
"muir",98,33,2,"Nonsense",1
"sdac",98,8,2,"Group",1
"alyson_watson",97,97,1,"Person",1
"city_of_oxnard",97,32,1,"City",0
"clean_water_act",97,8,1,"Legal",0
"department_of_pesticide_regulation",97,6,1,"State_Gov",0
"dry_creek",97,10,1,"Natural_Feature",0
"purisima_formation",97,19,1,"Natural_Feature",0
"thomes_creek",97,24,1,"Natural_Feature",0
"western_municipal_water_district_groundwater_sustainability_agency_riverside_arlington",97,97,1,"Local_GSA",0
"aptos",96,48,1,"City",0
"groundwater_management_agency",96,48,1,"Group",0
"monitoring_entities",96,24,1,"Technical",0
"mugu",96,32,2,"Basin",1
"paso",96,24,1,"Nonsense",1
"total_nitrogen_applied",96,14,1,"Technical",1
"integrated_water_flow_model",95,2,1,"Technical",0
"john",95,32,2,"Nonsense",1
"paso_robles_subbasin",95,48,1,"Basin",0
"san_jacinto_river",95,48,1,"Natural_Feature",0
"yihm",95,95,1,"Nonsense",1
"camarillo",94,16,1,"City",0
"hueneme",94,47,2,"Nonsense",1
"temescal_groundwater_sustainability_agency",94,94,1,"Other_GSA",0
"wyandotte_creek_subbasin",94,31,1,"Basin",0
"anderson",93,13,1,"City",0
"city_of_santa_cruz",93,46,1,"City",0
"community_services_district",93,6,1,"District",0
"irrigation_training_and_research_center",93,12,3,"Group",1
"na",93,10,1,"Nonsense",1
"richmond",93,93,1,"City",0
"taylor",93,31,1,"Nonsense",1
"alyson",92,92,1,"Person",1
"arroyo_seco_cone_management_area",92,31,1,"Geographic_Unit",0
"los_molinos",92,18,1,"City",0
"nacimiento",92,12,2,"Natural_Feature",1
"santa_clara_county",92,92,1,"County",0
"springs_fault",92,92,1,"Natural_Feature",1
"success_dam",92,23,1,"Infrastructure",0
"asgsa",91,30,1,"Other_GSA",0
"epworth_gravels_aquifer",91,91,1,"Natural_Feature",0
"central_valley_regional_water_quality_control_board",90,6,1,"State_Gov",0
"city_of_buellton",90,45,1,"City",0
"faunt",90,5,3,"Person",1
"national_environmental_policy_act",90,8,1,"Federal_Gov",0
"precipitation_runoff_modeling_system",90,22,1,"Technical",0
"stakeholder_communication_and_engagement_plan",90,7,1,"Technical",0
"appendix_a",89,3,1,"Reference",0
"basin_analysis_report",89,89,1,"Technical",0
"bylaws",89,8,1,"Legal",0
"county_of_monterey",89,15,1,"County",0
"glenn",89,15,1,"County",0
"napa_valley_integrated_hydrologic_model",89,89,1,"Technical",0
"terra_bella_irrigation_district",89,15,1,"District",0
"ukiah_valley_basin_groundwater_sustainability_agency",89,89,1,"Local_GSA",0
"coastal_plain_model",88,44,1,"Technical",0
"langley_subbasin",88,22,1,"Basin",0
"modflow_usg",88,29,1,"Technical",0
"san_joaquin_river_exchange_contractors_groundwater_sustainability_plan_group",88,88,1,"Group",0
"sierra_valley_hydrogeologic_system_model",88,88,1,"Technical",0
"sustainability_indicator",88,13,1,"Technical",1
"svbgsa_board",88,22,1,"Group",0
"vina_subbasin",88,18,1,"Basin",0
"af_year",87,9,2,"Nonsense",1
"colusa_county",87,44,1,"County",0
"davids_engineering",87,7,1,"District",0
"groundwater_quality_trend_monitoring_program",87,22,1,"Technical",0
"management_area",87,14,1,"Geographic_Unit",0
"mhi",87,6,2,"Nonsense",1
"national_water_quality_laboratory",87,87,1,"Federal_Gov",1
"pure_water_soquel",87,87,1,"Water_Project",1
"rohde_et_al",87,7,2,"Person",1
"san_benito_county_water_district",87,87,1,"District",0
"temescal",87,44,2,"Basin",1
"ema_groundwater_sustainability_agency",86,29,1,"Other_GSA",0
"mrp",86,29,1,"Nonsense",1
"napa_valley_floor",86,86,1,"Geographic_Unit",1
"northern_central_delta_mendota_region",86,14,1,"Geographic_Unit",0
"oak_glen_creek",86,86,1,"Natural_Feature",0
"ohwd",86,43,1,"District",0
"patterson",86,12,1,"City",0
"sustainable_groundwater_management_act_monitoring_network",86,17,1,"Technical",0
"hotchkiss",85,14,1,"Nonsense",1
"humboldt_county_groundwater_sustainability_agency",85,85,1,"Other_GSA",0
"los_alamos_community_services_district",85,85,1,"District",0
"management_actions",85,11,1,"Nonsense",1
"norco",85,85,1,"City",0
"rcs",85,21,1,"Nonsense",1
"subarea",85,14,1,"Geographic_Unit",0
"wolf_subbasin",85,14,1,"Basin",0
"salinas_river_diversion_facility",84,21,1,"Infrastructure",1
"santa_monica",84,84,1,"City",0
"stony_creek",84,21,1,"Natural_Feature",0
"water_board",84,8,1,"Group",0
"alameda_county_water_district",83,83,1,"District",0
"epworth_gravels_management_area",83,83,1,"Geographic_Unit",0
"shasta",83,9,1,"County",0
"siskiyou_county",83,8,1,"County",0
"yolo",83,28,1,"County",0
"yuba_county",83,28,1,"County",0
"arvin_groundwater_sustainability_agency",82,82,1,"Local_GSA",0
"big_valley_groundwater_basin",82,82,1,"Basin",0
"bmo",82,16,1,"Nonsense",1
"community_advisory_committee",82,82,1,"Group",0
"greenfield",82,12,1,"City",0
"merced_subbasin_groundwater_sustainability_agency",82,82,1,"Local_GSA",0
"mst",82,82,1,"Nonsense",1
"national_water_information_system",82,5,1,"Federal_Gov",0
"santa_clara_valley_water_district",82,27,1,"District",0
"shasta_county",82,41,1,"County",0
"smgwa",82,41,1,"District",1
"annual_compliance_form",81,12,2,"Reference",1
"arroyo_santa_rosa_groundwater_sustainability_agency",81,81,1,"Local_GSA",0
"berkeley",81,27,1,"City",0
"chowchilla_water_district",81,81,1,"District",0
"city_of_lompoc",81,40,1,"City",0
"spring",81,6,1,"Natural_Feature",1
"valencia",81,20,1,"Geographic_Unit",1
"calimesa_management_area",80,80,1,"Geographic_Unit",0
"delano_earlimart_irrigation_district_management_area",80,80,1,"Geographic_Unit",0
"east_contra_costa",80,40,1,"Geographic_Unit",1
"las_posas_valley",80,13,1,"Geographic_Unit",0
"petaluma_valley",80,27,1,"Geographic_Unit",0
"salinas_valley_watershed_model",80,20,1,"Technical",0
"scv_groundwater_sustainability_agency",80,80,1,"Other_GSA",0
"south_mesa",80,80,1,"Geographic_Unit",1
"upper_pressure",80,80,1,"Natural_Feature",1
"bowman",79,16,1,"Nonsense",1
"delta_mendota",79,9,1,"Basin",1
"groundwater_ambient_monitoring_and_assessment_program",79,3,1,"Technical",0
"lompoc",79,20,1,"City",0
"santa_barbara_county_water_agency",79,16,1,"Group",0
"setting",79,3,1,"Geographic_Unit",0
"castaic_creek",78,26,1,"Natural_Feature",0
"county_of_madera",78,16,1,"County",0
"national_geodetic_survey",78,6,1,"Federal_Gov",1
"olcese_groundwater_sustainability_agency",78,39,1,"Other_GSA",0
"shasta_valley",78,39,1,"Geographic_Unit",0
"friant_contractors",77,6,1,"Group",1
"james_bypass",77,7,2,"Water_Project",1
"owens",77,26,2,"Nonsense",1
"salinas_valley_basin",77,11,1,"Basin",0
"arlington_basin",76,76,1,"Basin",0
"city_of_coalinga",76,76,1,"City",0
"friant",76,8,1,"City",0
"humboldt_county",76,76,1,"County",0
"kc",76,10,1,"Nonsense",1
"bureau_of_land_management",75,5,1,"Federal_Gov",0
"carneros",75,75,1,"Geographic_Unit",1
"city_of_madera",75,25,1,"City",0
"fugro_west",75,25,1,"Company",1
"ims",75,8,3,"Technical",1
"lakeview",75,38,1,"City",0
"madera_county_groundwater_sustainability_agency",75,25,1,"Other_GSA",0
"san_diego",75,11,1,"County",0
"san_luis_obispo_creek",75,75,1,"Natural_Feature",0
"turlock_irrigation_district",75,38,1,"District",0
"central_valley",74,4,1,"Geographic_Unit",0
"city_of_hollister",74,74,1,"City",0
"ebz",74,74,1,"Nonsense",1
"laguna_formation",74,7,1,"Natural_Feature",0
"lake_county",74,37,1,"County",0
"poe",74,37,1,"Nonsense",1
"wyt",74,18,1,"Nonsense",1
"kunkel",73,36,1,"Nonsense",1
"legislature",73,4,4,"Nonsense",1
"monterey_peninsula_water_supply_project",73,36,1,"Water_Project",0
"santa_clara_river_estuary",73,73,1,"Natural_Feature",1
"sutter",73,15,1,"County",0
"wilson_creek",73,36,1,"Natural_Feature",0
"beaumont",72,36,1,"City",0
"farrar",72,9,1,"Nonsense",1
"ghg",72,24,1,"Nonsense",1
"lincoln",72,24,1,"City",0
"terra_bella",72,18,1,"City",0
"water_budget",72,5,1,"Technical",1
"yucaipa_creek",72,72,1,"Natural_Feature",0
"butano",71,71,1,"Basin",1
"edna_valley",71,71,1,"Geographic_Unit",0
"forest_service",71,9,1,"Federal_Gov",0
"groundwater_sustainability_commission",71,71,1,"Group",0
"mercy_springs",71,71,1,"Natural_Feature",1
"solano_subbasin_groundwater_sustainability_agency",71,71,1,"Local_GSA",0
"water_storage_investment_program",71,5,2,"Water_Project",1
"cal_water",70,8,1,"Company",1
"california_toxics_rule",70,35,1,"State_Gov",0
"channelkeeper",70,35,1,"NGO",1
"conejo",70,35,2,"Basin",1
"delta_mendota_canal",70,12,1,"Infrastructure",1
"enterprise_anderson_groundwater_sustainability_agency_model",70,35,1,"Technical",0
"kings_county_water_district",70,23,1,"District",0
"natural_communities_dataset",70,12,1,"Technical",0
"north_bench_management_area",70,70,1,"Geographic_Unit",0
"pou",70,23,2,"Nonsense",1
"tier_3_dischargers",70,10,1,"Group",1
"af_wy",69,69,1,"District",1
"d_technical_advisory_committee",69,23,1,"Group",0
"disadvantaged_communities",69,3,1,"Group",0
"harwood",69,8,1,"Nonsense",1
"jet_propulsion_laboratory",69,4,1,"Federal_Gov",1
"rwm_group_governing_board",69,23,1,"Group",0
"santa_cruz_county",69,34,1,"County",0
"snmp",69,12,2,"Nonsense",1
"wy2015",69,6,1,"Reference",1
"ag_innovations",68,68,1,"Company",1
"camrosa_water_district",68,17,1,"District",0
"collaborative",68,68,1,"Group",1
"ducor",68,11,1,"City",0
"east_contra_costa_irrigation_district",68,68,1,"District",0
"el_paso",68,34,1,"Local_Gov",1
"et",68,3,1,"Nonsense",1
"johnson",68,8,1,"Nonsense",1
"kaweah_subbasin_aem",68,34,2,"Data_System",1
"langley",68,34,2,"Local_Gov",1
"national_toxics_rule",68,34,1,"Legal",1
"piru",68,34,1,"City",0
"san_luis_canal",68,23,1,"Infrastructure",1
"arroyo_seco",67,10,1,"Natural_Feature",1
"bear_valley_basin_groundwater_sustainability_agency",67,67,1,"Local_GSA",0
"communication_and_engagement_plan",67,4,1,"Technical",0
"eel",67,67,1,"Natural_Feature",1
"groundwater_sustainability_plan_development",67,4,1,"Technical",1
"gssi",67,34,1,"Data_System",1
"hspf",67,7,1,"Technical",1
"madera_co_groundwater_sustainability_agency",67,67,1,"Other_GSA",0
"ojai",67,34,1,"City",0
"pacheco_creek",67,34,1,"Natural_Feature",0
"redding",67,8,1,"City",0
"soil_moisture_budget",67,34,1,"Technical",1
"tejon_castac_management_area",67,67,1,"Geographic_Unit",0
"af_y",66,22,1,"Nonsense",1
"coldwater_management_area",66,66,1,"Geographic_Unit",0
"gac",66,22,2,"Nonsense",1
"groundwater_flow_model",66,13,1,"Technical",0
"hydrological_operations_simulation_system",66,13,1,"Technical",1
"maf",66,7,1,"Nonsense",1
"mill_creek",66,9,1,"Natural_Feature",0
"santa_ynez_uplands",66,66,1,"Geographic_Unit",1
"solano_integrated_hydrologic_model",66,66,1,"Technical",0
"solvang",66,16,1,"City",0
"sonoma_valley",66,16,1,"Geographic_Unit",0
"sutter_county",66,33,1,"County",0
"water_resources",66,9,1,"Natural_Feature",1
"waterford",66,22,1,"City",0
"western_upper_principal_aquifer",66,33,1,"Natural_Feature",0
"yucaipa",66,66,1,"City",0
"adaptive",65,2,1,"Nonsense",1
"california_legislature",65,2,1,"State_Gov",0
"county_of_fresno",65,7,1,"County",0
"joaquin_subbasin",65,32,1,"Basin",0
"laguna_seca",65,65,1,"Natural_Feature",1
"management_committee",65,8,1,"Group",0
"miller",65,6,1,"Nonsense",1
"owens_valley_groundwater_authority_groundwater_sustainability_agency_owens_valley",65,65,1,"Local_GSA",0
"salt_creek",65,13,1,"Natural_Feature",0
"santa_cruz_mid_county_groundwater_agency_gsa",65,65,1,"Local_GSA",0
"sustainable_groundwater_management_act_data_viewer",65,3,1,"Technical",0
"turlock_model",65,65,1,"Technical",0
"byron_bethany_irrigation_district",64,21,1,"District",0
"consumer_confidence_report",64,16,1,"Technical",0
"franciscan",64,9,2,"Nonsense",1
"gonzales",64,11,1,"City",0
"groundwater_communication_portal",64,16,1,"Data_System",1
"kelsey_creek",64,64,1,"Natural_Feature",0
"lindsay",64,8,1,"City",0
"national_cooperative_soil_survey_geographic_database",64,3,1,"Federal_Gov",0
"north_fork_kings",64,9,1,"Natural_Feature",1
"pcbl",64,21,2,"Company",1
"santa_rosa_plain",64,21,1,"Basin",1
"solano_subbasin_groundwater_sustainability_plan",64,64,1,"Technical",0
"upper_valley_subbasin",64,32,1,"Basin",0
"appendix_g",63,6,1,"Reference",0
"facility",63,16,2,"Nonsense",1
"fcgma_board",63,63,1,"Group",0
"groundwater_sustainability_plan_annual_reports",63,21,1,"Technical",0
"metropolitan_water_district",63,13,1,"District",0
"moorpark",63,32,1,"City",0
"mpep",63,63,1,"Nonsense",1
"north_san_benito_basin",63,63,1,"Basin",0
"projected",63,8,1,"Nonsense",1
"san_francisco_estuary_institute",63,13,1,"NGO",1
"santa_ana_watershed_project_authority",63,16,1,"Group",0
"santa_barbara",63,6,1,"County",0
"soledad",63,10,1,"City",0
"affiliated_party",62,62,1,"Nonsense",1
"appendix_k",62,5,1,"Reference",0
"basin_management_objectives",62,8,2,"Legal",1
"data",62,3,1,"Technical",0
"department_of_health_services",62,4,1,"State_Gov",1
"dms",62,8,1,"Nonsense",1
"dos_palos",62,21,1,"City",0
"fresno_river",62,21,1,"Natural_Feature",0
"groundwater_assessment_report",62,12,1,"Technical",0
"ione_formation",62,6,1,"Natural_Feature",0
"mendocino_county",62,62,1,"County",0
"morongo_band_of_mission_indians",62,62,1,"Group",1
"reclamation_district",62,10,1,"District",0
"san_luis_valley",62,62,1,"Geographic_Unit",0
"soil_agricultural_groundwater_banking_index",62,9,1,"Technical",1
"templeton",62,31,1,"City",0
"tule_river_authority",62,21,1,"Group",0
"turner",62,10,2,"Nonsense",1
"van_duzen",62,62,1,"Basin",1
"alameda",61,20,1,"County",0
"buellton",61,20,1,"City",0
"calleguas_municipal_water_district",61,10,1,"District",0
"central_coast_water_authority",61,12,1,"Group",0
"city_of_camarillo",61,20,1,"City",0
"city_of_galt",61,15,1,"City",0
"eastside",61,20,1,"District",0
"groundwater_sustainability_agency_parties",61,10,1,"Group",1
"hamilton_city",61,30,1,"City",0
"kern_fan",61,12,2,"Natural_Feature",1
"lsce_team",61,61,1,"Group",1
"madera_water_district",61,30,1,"District",0
"mas",61,6,1,"Nonsense",1
"table_c3",61,12,1,"Reference",0
"city_of_fillmore",60,30,1,"City",0
"contra_costa_county",60,30,1,"County",0
"corning_subbasin_advisory_board",60,60,1,"Group",0
"department_of_agriculture",60,4,1,"Federal_Gov",0
"faye",60,60,1,"Nonsense",1
"laguna",60,8,1,"Natural_Feature",1
"los_alamos",60,30,1,"City",0
"madera_irrigation_district_groundwater_sustainability_agency",60,30,2,"Local_GSA",0
"marcus_trotta",60,20,1,"Person",1
"normalized_difference_vegetation_index",60,12,1,"Technical",1
"north_coast_regional_water_quality_control_board",60,15,1,"Local_Gov",0
"rain_managed_aquifer_recharge",60,12,1,"Water_Project",1
"south_fork",60,8,2,"Natural_Feature",1
"unsaturated_zone_flow",60,30,1,"Natural_Feature",1
"water_forum",60,15,1,"Group",1
"westlands_water_district_groundwater_sustainability_agency",60,60,1,"Local_GSA",0
"wy2070",60,9,3,"Nonsense",1
"city_of_lathrop",59,30,1,"City",0
"corcoran",59,12,1,"City",0
"groundwater_sustainability_agency_committee",59,12,1,"Group",0
"lemoore",59,15,1,"City",0
"north_yuba",59,30,1,"Basin",1
"ojai_basin_groundwater_model",59,59,1,"Technical",0
"sacramento_central_groundwater_authority",59,30,2,"Other_GSA",0
"water_resources_association",59,30,2,"NGO",1
"wc",59,7,1,"Nonsense",1
"bsk",58,19,1,"Nonsense",1
"commission",58,5,1,"Group",0
"exeter",58,19,1,"City",0
"kern_river_formation",58,10,1,"Natural_Feature",0
"nuclear_magnetic_resonance",58,58,1,"Technical",1
"sacramento_groundwater_authority",58,19,2,"Other_GSA",0
"sacramento_river",58,7,1,"Natural_Feature",0
"santa_barbara_formation",58,12,1,"Natural_Feature",0
"scada",58,5,1,"Technical",1
"searles_valley_minerals",58,58,1,"Company",1
"simi_valley",58,29,1,"City",0
"technical_support_services",58,3,1,"Technical",0
"tulare_county_general_plan",58,8,1,"Technical",0
"upper_and_lower_aquifers",58,14,1,"Natural_Feature",0
"warm_springs",58,29,1,"City",0
"brown",57,3,1,"Nonsense",1
"chronic_lowering_of_groundwater_levels",57,11,4,"Reference",1
"city_of_paso_robles",57,28,1,"City",0
"ferndale",57,57,1,"City",0
"folsom_south_canal",57,57,1,"Infrastructure",1
"horizon",57,19,1,"Nonsense",1
"lithologic",57,5,2,"Technical",1
"oak_glen",57,57,1,"City",0
"orland",57,19,1,"City",0
"ralph_m_brown_act",57,3,1,"Legal",0
"santa_margarita_sandstone",57,14,1,"Natural_Feature",1
"water_availability_analysis",57,57,1,"Technical",1
"agricultural",56,2,1,"Nonsense",1
"big_bear_lake_department_of_water_and_power",56,56,1,"District",1
"city_of_turlock",56,56,1,"City",0
"coalinga",56,19,1,"City",0
"folsom",56,19,1,"City",0
"groundwater_commission",56,9,1,"Group",0
"metzger",56,28,1,"Nonsense",1
"napa_county_data_management_system",56,56,1,"Technical",0
"oawd",56,56,1,"District",0
"pliocene",56,3,2,"Natural_Feature",1
"south_san_joaquin_irrigation_district",56,28,1,"District",0
"tipton",56,14,1,"City",0
"bcm",55,18,1,"Nonsense",1
"city_of_sacramento",55,18,1,"City",0
"et_al",55,2,1,"Nonsense",1
"flood_managed_aquifer_recharge",55,9,1,"Water_Project",1
"general_plans",55,3,1,"Technical",0
"grapevine_creek",55,28,1,"Natural_Feature",0
"groundwater_depended_ecosystems",55,55,1,"Natural_Feature",0
"maa",55,55,1,"Nonsense",1
"mbk",55,28,1,"Company",1
"nate",55,55,1,"Person",1
"navd88",55,28,2,"Reference",1
"san_bernardino",55,6,1,"County",0
"san_luis_obispo",55,4,1,"County",0
"ch2_m_hill",54,8,1,"Company",1
"city_of_tulare",54,54,1,"City",0
"henry_miller_water_district",54,27,1,"District",0
"modflow_nwt",54,5,1,"Technical",0
"niles_cone",54,54,1,"Basin",1
"pumping_trough_pipeline",54,14,1,"Infrastructure",1
"san_lorenzo",54,54,1,"City",0
"shandon",54,27,1,"City",0
"total_maximum_daily_load",54,8,1,"Legal",1
"trotta",54,18,1,"Nonsense",1
"water_resources_investigation",54,18,1,"Technical",1
"cal_am",53,18,1,"Company",1
"california_aqueduct",53,5,1,"State_Gov",0
"city_of_visalia",53,18,1,"City",0
"dibblee",53,6,2,"Person",1
"english_hills",53,53,1,"Geographic_Unit",1
"jerry_brown",53,2,1,"Person",1
"los_angeles_regional_water_quality_control_board",53,7,1,"Group",0
"public_utilities_commission",53,4,1,"State_Gov",0
"red_bluff",53,11,1,"City",0
"santa",53,5,1,"Nonsense",1
"santa_ana_regional_water_quality_control_board",53,13,1,"Group",0
"santa_rosa_creek",53,26,1,"Natural_Feature",0
"sustainable",53,4,1,"Nonsense",1
"water_advisory_committee",53,18,1,"Group",0
"community_water_center",52,3,1,"NGO",1
"el_rio",52,17,1,"City",0
"fcma",52,52,1,"District",1
"gcid",52,52,1,"District",0
"shasta_critical",52,17,2,"Basin",1
"vina_groundwater_sustainability_agency",52,26,2,"Local_GSA",0
"williamson_et_al",52,6,1,"Reference",1
"woodland",52,52,1,"City",0
"yolo_bypass",52,26,1,"Infrastructure",1
"alameda_county",51,26,1,"County",0
"basin_prioritization",51,7,1,"Technical",1
"buellton_upland",51,26,1,"Geographic_Unit",1
"butte_valley_wildlife_area",51,51,1,"Geographic_Unit",0
"central_valley_project_improvement_act",51,6,1,"Legal",0
"city_of_sonoma",51,17,1,"City",0
"colusa_county_water_district",51,51,1,"District",0
"freshwater_trust",51,26,1,"NGO",1
"groundwater_advisory_committee",51,51,1,"Group",0
"groundwater_sustainability_agency_model",51,51,1,"Technical",0
"metropolitan_bakersfield",51,10,2,"Local_Gov",1
"oakdale",51,51,1,"City",0
"oakdale_irrigation_district",51,26,1,"District",0
"rio_vista",51,51,1,"City",0
"san_luis_obispo_flood_control_and_water_conservation_district",51,26,1,"District",0
"seaside_subbasin",51,51,1,"Basin",0
"sespe_creek",51,26,1,"Natural_Feature",0
"turnbull_weir",51,8,1,"Infrastructure",0
"walnut_valley_water_district",51,51,1,"District",0
"big_bear_city_community_services_district",50,50,1,"District",0
"casitas_municipal_water_district",50,17,1,"District",0
"city_of_solvang",50,25,1,"City",0
"cma_groundwater_sustainability_agency",50,25,1,"Other_GSA",0
"coa",50,17,1,"Nonsense",1
"county_board_of_supervisors",50,3,1,"Group",0
"eastside_water_district",50,50,1,"District",0
"erp",50,50,1,"Data_System",1
"golden_state_water_company",50,10,1,"Company",1
"groundwater_management_zone",50,50,1,"Geographic_Unit",0
"group_1",50,17,2,"Group",1
"loch_lomond",50,25,1,"Natural_Feature",1
"modesto_irrigation_district",50,50,1,"District",0
"napa_county_resource_conservation_district",50,50,1,"District",0
"paso_robles_groundwater_basin",50,50,1,"Basin",0
"plumas_county",50,25,1,"County",0
"reedley",50,12,1,"City",0
"ridgecrest",50,50,1,"City",0
"rmse",50,8,1,"Technical",1
"san_gorgonio_pass_subbasin",50,50,1,"Basin",0
"santa_monica_basin",50,50,1,"Basin",0
"santa_paula_creek",50,25,1,"Natural_Feature",0
"triangle_t_water_district",50,50,1,"District",0
"appendix_f",49,3,1,"Reference",0
"corral_de_tierra",49,49,1,"Geographic_Unit",1
"eastern_management_area",49,10,1,"Geographic_Unit",0
"long_term_water_agreement",49,49,1,"Group",0
"menifee",49,49,1,"City",0
"monitoring_protocols",49,2,1,"Technical",0
"northeast_napa_management_area",49,49,1,"Geographic_Unit",0
"petaluma_valley_integrated_hydrologic_model",49,49,1,"Technical",0
"san_bernardino_valley_municipal_water_district",49,49,1,"District",0
"santa_clara_river_valley",49,7,1,"Geographic_Unit",0
"scotia",49,49,1,"City",0
"solano_irrigation_district_groundwater_sustainability_agency",49,49,1,"Local_GSA",0
"stakeholder_advisory_committee",49,12,1,"Group",0
"stockton",49,12,1,"City",0
"us_census_bureau",49,4,1,"Federal_Gov",1
"appendix_2ab",48,48,1,"Reference",0
"as_for_the_santa_rosa",48,48,1,"Nonsense",1
"associates",48,3,1,"Nonsense",1
"chair",48,7,1,"Nonsense",1
"cienega",48,24,1,"Natural_Feature",1
"nde",48,48,1,"Nonsense",1
"nebigsm",48,48,1,"Nonsense",1
"niles_cone_subbasin",48,48,1,"Basin",0
"okieville",48,48,1,"Nonsense",1
"pleasant_valley_pumping_depression_management_area",48,48,1,"Geographic_Unit",0
"regional_water_boards",48,4,1,"Group",0
"san_timoteo",48,24,1,"Basin",1
"ukiah_valley_groundwater_basin",48,48,1,"Basin",0
"us_environmental_protection_agency_guidance_on_systematic_planning_using_the_data_quality_objectives_process",48,3,1,"Technical",0
"c",47,5,1,"Nonsense",1
"calimesa",47,47,1,"City",0
"campbell",47,24,1,"City",0
"casitas_springs",47,47,1,"Geographic_Unit",1
"clay",47,8,1,"City",0
"cwc",47,8,1,"State_Gov",1
"desert_research_institute",47,47,1,"NGO",1
"etgsa",47,9,1,"Other_GSA",0
"gspwg",47,47,1,"Group",1
"home_gardens_county_water_district",47,47,1,"District",0
"kern_groundwater_authority_groundwater_sustainability_agency",47,12,2,"Local_GSA",0
"luhdorff",47,7,1,"Company",1
"marysville",47,47,1,"City",0
"mehrten",47,8,1,"Nonsense",1
"modoc_county",47,12,1,"County",0
"napa_state_hospital",47,47,1,"Local_Gov",1
"north_american_subbasin",47,12,1,"Basin",0
"oregon",47,8,1,"State_Gov",1
"pismo_formation",47,47,1,"Natural_Feature",0
"pleasant_valley_subbasin",47,47,1,"Basin",0
"resource_conservation_district_of_monterey_county",47,16,1,"County",0
"san_lorenzo_creek",47,24,1,"Natural_Feature",0
"san_timoteo_management_area",47,47,1,"Geographic_Unit",0
"study_unit",47,47,1,"Geographic_Unit",1
"west_stanislaus_irrigation_district",47,47,1,"District",0
"willows",47,16,1,"City",0
"alameda_creek",46,46,1,"Natural_Feature",0
"delta_mendota_subbasin_coordination_committee",46,8,1,"Group",0
"east_niles_community_services_district",46,23,1,"District",0
"groundwater_sustainability_plan_submittal",46,3,3,"Reference",1
"mab",46,46,1,"Basin",1
"placer_county",46,46,1,"County",0
"quality_assurance",46,8,1,"Technical",1
"rillito_creek",46,46,1,"Natural_Feature",0
"riverbank",46,9,1,"City",0
"san_diego_county",46,15,1,"County",0
"santa_rosa_plain_hydrologic_model",46,46,1,"Technical",0
"wash",46,15,1,"Nonsense",1
"west_san_jacinto",46,46,1,"Basin",1
"white_wolf",46,8,3,"Natural_Feature",1
"appendix_b",45,2,1,"Reference",0
"camarillo_hills",45,15,1,"Geographic_Unit",1
"chico_formation",45,22,1,"Natural_Feature",0
"del_puerto_water_district",45,15,1,"District",0
"governing_board",45,15,1,"Group",0
"hickman",45,22,1,"City",0
"lassen_county",45,45,1,"County",0
"mcdmgsa",45,45,1,"Other_GSA",0
"pixley_irrigation_district",45,15,1,"District",0
"robin_huffman",45,11,1,"Person",1
"salinas_valley_basin_groundwater_sustainability_agency_board",45,22,1,"Group",0
"san_gorgonio_pass_water_agency",45,22,1,"Group",0
"subbasin_committee",45,15,1,"Group",0
"sutter_subbasin_groundwater_management_coordination_committee",45,45,1,"Group",0
"university_of_california_davis",45,3,1,"State_Gov",0
"city_of_marina",44,15,1,"City",0
"city_of_san_diego",44,44,1,"City",0
"contra_costa_water_district",44,22,1,"District",0
"county_of_santa_barbara",44,11,1,"County",0
"dorris",44,44,1,"City",0
"el_toro_primary_aquifer_system",44,44,1,"Natural_Feature",0
"fugro",44,6,1,"Company",1
"indian_wells_valley_water_district",44,44,1,"District",0
"meiners_oaks_water_district",44,44,1,"District",0
"multi_agency",44,11,1,"Group",0
"todd",44,4,1,"Person",1
"tri_valley",44,44,1,"Geographic_Unit",0
"ukiah_valley_basin",44,44,1,"Basin",0
"university_of_california",44,2,1,"State_Gov",0
"vina",44,6,1,"City",0
"westside_subbasin_groundwater_model",44,44,1,"Technical",0
"wwtf",44,11,1,"Nonsense",1
"aerial_electromagnetic_method",43,22,1,"Technical",1
"aoi",43,7,1,"Geographic_Unit",1
"gei_consultants",43,3,1,"Company",1
"gpc",43,22,1,"Nonsense",1
"grassland_resource_conservation_district",43,43,1,"District",0
"honcut_creek",43,43,1,"Natural_Feature",0
"human_right_to_water",43,5,1,"Legal",1
"los",43,5,1,"Nonsense",1
"monterey_peninsula_water_resources_system",43,43,1,"Infrastructure",1
"north_san_benito",43,43,1,"Geographic_Unit",1
"northern_delta_groundwater_sustainability_agency",43,22,1,"Other_GSA",0
"prms",43,22,1,"Technical",1
"program",43,5,1,"Nonsense",1
"purisima",43,43,1,"Basin",1
"agricultural_association",42,7,1,"Group",1
"agricultural_water_management_plan",42,4,1,"Technical",0
"calleguas_mwd",42,42,1,"District",0
"columbia_canal_company",42,7,1,"Company",1
"groundwater",42,3,1,"Natural_Feature",1
"groundwater_quality_trend_monitoring_workplan",42,10,1,"Technical",0
"hsu",42,8,1,"Nonsense",1
"lathrop",42,14,1,"City",0
"mga_board",42,42,1,"Group",0
"modesto_formation",42,4,1,"Natural_Feature",0
"mukae",42,10,1,"Nonsense",1
"permanent_board",42,7,1,"Group",0
"putah",42,21,2,"Natural_Feature",1
"rd",42,21,1,"Nonsense",1
"relative_percent_difference",42,10,1,"Technical",1
"santa_felicia_dam",42,8,1,"Infrastructure",0
"sc",42,8,1,"Nonsense",1
"setting_representative_monitoring_site",42,7,1,"Technical",0
"stockton_east_water_district",42,42,1,"District",0
"tcc",42,21,1,"Nonsense",1
"technical_group",42,42,1,"Group",0
"thousand_acre_feet",42,42,1,"Nonsense",1
"tule_subbasin_water_management_database",42,7,1,"Technical",0
"us_census",42,5,2,"Data_System",1
"uwmps",42,4,1,"Nonsense",1
"active_model_area",41,41,1,"Geographic_Unit",0
"alpaugh",41,20,1,"City",0
"american_community_survey",41,3,1,"Data_System",1
"bz",41,41,1,"Nonsense",1
"cachuma_project",41,10,1,"Water_Project",0
"ceres",41,14,1,"City",0
"city_of_banning",41,41,1,"City",0
"city_of_fresno",41,10,1,"City",0
"continuing_calibration_verification",41,41,1,"Technical",1
"delano",41,6,1,"City",0
"el_nido",41,20,1,"City",0
"fox",41,10,1,"Nonsense",1
"groundwater_base_pumping_allocation_program",41,20,1,"Legal",1
"groundwater_sustainability_agency_representatives",41,5,1,"Group",1
"groundwater_sustainability_committee",41,41,1,"Group",0
"groundwater_sustainability_plan_group_representatives",41,7,1,"Group",1
"hanford",41,20,1,"City",0
"madera_water_district_groundwater_sustainability_agency",41,20,2,"Local_GSA",0
"n_a",41,3,1,"Nonsense",1
"north_san_joaquin_water_conservation_district",41,41,1,"District",0
"project_team",41,14,1,"Group",1
"quaternary_alluvium",41,7,1,"Natural_Feature",0
"scott",41,10,2,"Nonsense",1
"temescal_valley_water_district",41,41,1,"District",0
"turner_island_water_district",41,20,1,"District",0
"urban_water_management_plans",41,3,1,"Technical",0
"uwmp",41,6,2,"Technical",1
"water_years",41,10,1,"Technical",1
"affiliated_parties",40,40,1,"Group",1
"cag",40,13,1,"Group",1
"city_of_scotts_valley",40,20,1,"City",0
"colusa_drain",40,40,1,"Infrastructure",1
"customs_and_border_protection",40,13,1,"Federal_Gov",0
"diablo_water_district",40,40,1,"District",0
"ford",40,4,1,"Nonsense",1
"general_manager",40,6,2,"Nonsense",1
"gma",40,40,1,"District",1
"group_2",40,8,1,"Group",1
"jacobs",40,8,1,"Company",1
"luhdorff_scalmanini",40,3,1,"Company",1
"ms_as_shown_in_table",40,40,1,"Reference",0
"no3",40,4,1,"Nonsense",1
"perris",40,40,1,"City",0
"public_works",40,10,1,"Local_Gov",1
"sldmwa",40,13,1,"Nonsense",1
"solano_resource_conservation_district",40,40,1,"District",0
"spv_groundwater_sustainability_plan",40,40,1,"Technical",0
"toro_canyon_storage_unit",40,40,1,"Infrastructure",1
"tres_pinos",40,40,1,"City",0
"tule_subbasin_coordination_agreement",40,10,1,"Group",0
"water_boards",40,5,1,"Group",0
"abby_ostovar",39,39,1,"Person",1
"adin",39,39,1,"City",0
"agricultural_ma",39,39,1,"Nonsense",1
"bvihm",39,20,1,"Nonsense",1
"casmalia",39,39,1,"City",0
"cenozoic",39,6,3,"Natural_Feature",1
"city_of_petaluma",39,39,1,"City",0
"ecos",39,20,1,"Nonsense",1
"elk_grove",39,20,1,"City",0
"felton",39,39,1,"City",0
"fortuna",39,39,1,"City",0
"helley",39,6,1,"Nonsense",1
"igsm",39,13,3,"Nonsense",1
"kh",39,20,1,"Nonsense",1
"king_city",39,6,1,"City",0
"morales_formation",39,39,1,"Natural_Feature",0
"pala_subbasin",39,39,1,"Basin",0
"sam_magill",39,13,1,"Person",1
"santa_clarita_valley",39,39,1,"Geographic_Unit",0
"trc",39,20,1,"Nonsense",1
"wyandotte_creek",39,13,1,"Natural_Feature",0
"yucaipa_hills",39,39,1,"Natural_Feature",1
"agency_board",38,13,1,"Group",0
"bachman",38,13,1,"Nonsense",1
"ballona",38,38,1,"Basin",1
"clovis",38,8,1,"City",0
"creston",38,19,1,"City",0
"direct_potable_reuse",38,13,1,"Water_Project",1
"ekgsa",38,19,1,"Other_GSA",0
"fernbridge",38,38,1,"District",0
"groundwater_dependent_ecosystems",38,2,1,"Natural_Feature",0
"groundwater_sustainability_plan_plan",38,6,1,"Technical",0
"groundwater_sustainability_plan_working_group",38,8,1,"Group",0
"kingsburg",38,10,1,"City",0
"lebec_county_water_district",38,38,1,"District",0
"nsac",38,38,1,"Nonsense",1
"order_and_monitoring_and_reporting_program",38,6,1,"Technical",0
"pajaro_valley_water_management_agency",38,10,1,"Group",0
"physical_solution",38,38,1,"Nonsense",1
"residuum",38,38,1,"District",0
"riverbank_formation",38,3,1,"Natural_Feature",0
"santa_ynez_mountains",38,10,1,"Natural_Feature",1
"sustainable_groundwater_management_act_regulations",38,4,1,"Legal",0
"technical_advisory_group",38,5,1,"Group",0
"vic",38,4,2,"Nonsense",1
"younger_alluvium",38,6,1,"Natural_Feature",0
"adobe_creek",37,18,1,"Natural_Feature",0
"alternate",37,3,1,"Nonsense",1
"arroyo_seco_cone",37,18,2,"Geographic_Unit",1
"cabazon_storage_unit",37,37,1,"Infrastructure",1
"city_of_calimesa",37,37,1,"City",0
"coalitions",37,5,1,"Group",1
"colusa_subbasin_groundwater_sustainability_plan",37,37,1,"Technical",0
"cuyama_community_services_district",37,37,1,"District",0
"expert_panel",37,7,1,"Group",1
"lodi",37,37,1,"City",0
"monitoring",37,2,1,"Technical",0
"monterey_county_health_department",37,6,1,"Group",0
"nitrate_control_program",37,7,1,"Group",1
"north_yuba_subbasin",37,18,1,"Basin",0
"p_corp",37,5,1,"Company",1
"point_of_contact",37,37,1,"Legal",0
"san_pasqual_valley",37,37,1,"Geographic_Unit",0
"sustainability",37,3,1,"Nonsense",1
"sws",37,7,1,"Nonsense",1
"triangle_t_water_district_groundwater_sustainability_agency",37,37,1,"Local_GSA",0
"alliance",36,36,1,"Group",1
"benton",36,36,1,"City",0
"big_springs_creek",36,36,1,"Natural_Feature",0
"bill",36,2,1,"Legal",0
"city_of_bakersfield",36,12,1,"City",0
"colusa_groundwater_authority",36,36,1,"Group",0
"cooperative_committee",36,36,1,"Group",0
"d",36,5,1,"Nonsense",1
"elsinore_valley_subbasin",36,18,1,"Basin",0
"hemet_san_jacinto",36,36,1,"District",1
"hicham_eltal",36,36,1,"Person",1
"larry_walker_associates",36,4,1,"Company",1
"mound",36,7,1,"Natural_Feature",1
"nrcan",36,5,1,"Federal_Gov",1
"oettle_bridge",36,6,1,"District",0
"piru_basins_groundwater_sustainability_agency",36,18,1,"Other_GSA",0
"port_hueneme_water_agency",36,18,1,"Group",0
"redlands",36,36,1,"City",0
"rfp",36,4,1,"Nonsense",1
"rosalyn",36,36,1,"Nonsense",1
"solano_county_water_agency",36,18,1,"Group",0
"stream_maintenance_program",36,9,3,"Group",1
"subbasin_data_management_system_development",36,12,1,"Technical",0
"sustainable_groundwater_management",36,2,1,"Legal",1
"afy",35,4,1,"Nonsense",1
"annual_flow",35,35,1,"Technical",1
"aqua_geo_frameworks",35,12,3,"Group",1
"atascadero_mutual_water_company",35,35,1,"Company",1
"boron",35,3,1,"City",0
"california_water_service",35,4,1,"State_Gov",0
"chowchilla_water_district_groundwater_sustainability_agency",35,35,1,"Local_GSA",0
"city_of_stockton",35,4,1,"City",0
"farm_plan",35,5,1,"Technical",0
"groundwater_extraction_credit_marketing_and_trading_program",35,18,1,"Group",1
"ladwp",35,18,2,"District",1
"lr",35,6,1,"Nonsense",1
"mokelumne",35,12,2,"Natural_Feature",1
"monica_subbasin",35,35,1,"Basin",0
"napa_county_flood_control_and_water_conservation_district",35,35,1,"District",0
"natural_resource_conservation_service",35,7,1,"Federal_Gov",1
"natural_resources_agency",35,2,1,"State_Gov",0
"nc_dataset",35,9,1,"Technical",0
"pest",35,6,1,"Nonsense",1
"pts_min",35,6,1,"Nonsense",1
"san_benito",35,18,1,"County",0
"section",35,4,1,"Reference",0
"shallow_alluvium",35,35,1,"Natural_Feature",0
"subtask",35,35,1,"Nonsense",1
"tejon_mountain_village",35,35,1,"Local_Gov",1
"tracy_subbasin_groundwater_sustainability_plan",35,35,1,"Technical",0
"ug",35,35,1,"Nonsense",1
"water_quality_control_plans",35,12,1,"Technical",0
"water_reclamation_plant",35,18,1,"Infrastructure",1
"yuba",35,9,1,"County",0
"cantua_creek",34,34,1,"City",0
"central_valley_water_board",34,6,1,"Group",0
"city_of_arvin",34,34,1,"City",0
"city_of_los_angeles",34,7,1,"City",0
"city_of_red_bluff",34,17,1,"City",0
"city_of_thousand_oaks",34,8,1,"City",0
"climate_change",34,4,3,"Nonsense",1
"district_board_of_directors",34,4,1,"Group",0
"east_grove",34,17,1,"Nonsense",1
"eastside_bypass",34,11,1,"District",0
"first_point",34,17,1,"Nonsense",1
"group",34,3,1,"Group",0
"hollister_ma",34,34,1,"Geographic_Unit",1
"hopkins",34,4,1,"Nonsense",1
"indian_wells_valley_groundwater_authority_groundwater_sustainability_agency",34,34,1,"Local_GSA",0
"kings_rivers",34,7,1,"Natural_Feature",0
"loyalton",34,34,1,"City",0
"management_team_committee",34,34,1,"Group",0
"monterey_subbasin_groundwater_sustainability_plan",34,34,1,"Technical",0
"ojai_conglomerate",34,34,1,"Natural_Feature",1
"rmw_wl",34,17,2,"Nonsense",1
"simi_valley_water_quality_control_plant",34,34,1,"Infrastructure",1
"south_yuba_subbasins",34,17,1,"Basin",0
"strathmore",34,8,1,"City",0
"streamflow",34,2,2,"Natural_Feature",1
"surface_water_priority",34,7,2,"Technical",1
"tcca",34,17,2,"Group",1
"terrace_deposits",34,11,1,"Natural_Feature",1
"tribe",34,4,2,"Group",1
"upper_san_luis_rey_groundwater_model",34,34,1,"Technical",0
"wy2012",34,3,2,"Nonsense",1
"alternate_representative",33,6,2,"Nonsense",1
"bedford_management_area",33,33,1,"Geographic_Unit",0
"delhi",33,33,1,"City",0
"east_las_posas",33,33,1,"Basin",1
"facebook",33,3,1,"Company",1
"freeman_diversion",33,7,1,"Infrastructure",1
"fremont",33,3,1,"City",0
"gei",33,4,1,"Nonsense",1
"ghd",33,16,1,"Company",1
"groundwater_sustainability_plan_alternative",33,33,1,"Legal",1
"grunsky",33,11,1,"Person",1
"humboldt_county_resource_conservation_district",33,33,1,"District",0
"lassen",33,33,1,"County",0
"manteca",33,16,1,"City",0
"maples_management_area",33,33,1,"Geographic_Unit",0
"napa_county_board_of_supervisors",33,33,1,"Group",0
"napa_sanitation_district",33,33,1,"District",0
"new_cuyama",33,33,1,"City",0
"north_fork_matilija_creek",33,33,1,"Natural_Feature",0
"projects_and_climate_change",33,33,1,"Reference",1
"san_francisco",33,5,1,"County",0
"san_pasqual",33,16,1,"City",0
"south_sutter_water_district",33,33,1,"District",0
"southeast_management_area",33,16,1,"Geographic_Unit",0
"suisun",33,16,1,"Geographic_Unit",1
"sustainability_goal",33,5,1,"Nonsense",1
"water_commission",33,2,1,"State_Gov",0
"water_evaluation_and_planning",33,16,2,"Technical",1
"water_quality_control_plan",33,2,1,"Technical",0
"wheeler_ridge_maricopa_management_area",33,33,1,"Geographic_Unit",0
"ag_fields",32,32,1,"Geographic_Unit",1
"chico",32,5,1,"City",0
"city_of_brentwood",32,32,1,"City",0
"clarksburg",32,32,1,"City",0
"comprehensive_groundwater_quality_management_plan",32,8,1,"Technical",0
"continuously_operating_reference_stations",32,11,1,"Technical",1
"department_of_defense",32,11,1,"Federal_Gov",0
"fao",32,11,1,"NGO",1
"gs",32,11,1,"Nonsense",1
"gwl",32,8,1,"Nonsense",1
"hughson",32,16,1,"City",0
"indirect_potable_reuse",32,16,1,"Water_Project",1
"kj",32,16,1,"Nonsense",1
"lamont_public_utilities_district",32,32,1,"District",0
"national_park_service",32,11,1,"Federal_Gov",0
"planned_projects",32,11,1,"Water_Project",0
"reduction_without_projects_scenario_1",32,11,1,"Technical",1
"sacramento_valley_groundwater_basin",32,3,1,"Basin",0
"safe_drinking_water_information_system",32,6,1,"Federal_Gov",0
"santa_rosa_plain_subbasin",32,16,1,"Basin",0
"sebastopol",32,16,1,"City",0
"simi",32,32,1,"Nonsense",1
"stream_system",32,32,1,"Natural_Feature",1
"tcwa_groundwater_sustainability_agency",32,16,1,"Other_GSA",0
"tem",32,16,1,"Nonsense",1
"thomasson",32,11,1,"Nonsense",1
"upper_san_pedro_saugus_formation",32,32,1,"Natural_Feature",0
"water_district",32,32,1,"District",0
"water_quality_goals",32,11,3,"Nonsense",1
"water_resources_agency",32,5,1,"Group",0
"williams",32,8,1,"City",0
"wilson_grove_formation",32,16,1,"Natural_Feature",0
"aewsd",31,16,1,"Nonsense",1
"appendix_d",31,3,1,"Reference",0
"butte_water_district",31,31,1,"District",0
"chapter",31,4,2,"Nonsense",1
"city_of_ridgecrest",31,31,1,"City",0
"conn_creek",31,31,1,"Natural_Feature",0
"coordination_agreement",31,5,1,"Group",0
"elder_creek",31,16,1,"Natural_Feature",0
"foster_park_protocols",31,31,1,"Nonsense",1
"gebco",31,10,1,"Data_System",1
"groundwater_sustainability_agency_collaborative",31,31,1,"Group",1
"hanson",31,3,2,"Company",1
"hodges_reservoir",31,31,1,"Infrastructure",0
"hwg",31,31,1,"Nonsense",1
"indio_subbasin",31,31,1,"Basin",0
"kenneth_d_schmidt",31,3,1,"District",0
"kern_tulare_water_district",31,16,1,"District",0
"macdoel",31,31,1,"City",0
"mather",31,10,1,"City",0
"mc_groundwater_sustainability_agency",31,31,1,"Other_GSA",0
"merced_river",31,6,1,"Natural_Feature",0
"modesto_model",31,31,1,"Technical",0
"montezuma_hills",31,31,1,"Geographic_Unit",1
"oxnard_forebay",31,6,2,"Natural_Feature",1
"placer",31,10,1,"County",0
"rdr",31,31,1,"Nonsense",1
"safca",31,31,1,"District",1
"sierra",31,3,1,"County",0
"state_legislature",31,2,1,"State_Gov",0
"study_units",31,31,1,"Geographic_Unit",1
"town",31,10,2,"Geographic_Unit",1
"woodlake",31,10,1,"City",0
"agencies",30,5,1,"Group",0
"arsenic",30,4,1,"Natural_Feature",1
"basin_plan",30,2,1,"Technical",0
"bell",30,3,1,"City",0
"caldwell",30,2,3,"Nonsense",1
"city_of_los_banos",30,15,1,"City",0
"city_of_madera_groundwater_sustainability_agency",30,30,1,"Local_GSA",0
"city_of_san_joaquin",30,30,1,"City",0
"city_of_st_helena",30,30,1,"City",0
"clear_creek_community_services_district",30,15,1,"District",0
"county_of_santa_cruz",30,15,1,"County",0
"cuyama",30,15,1,"City",0
"deep_aquifers",30,10,1,"Natural_Feature",0
"ebp",30,30,1,"Nonsense",1
"environmental_science_associates",30,10,1,"Company",1
"esjgwa_board",30,30,1,"Group",0
"framework",30,10,1,"Nonsense",1
"huron",30,8,1,"City",0
"i5",30,8,1,"Nonsense",1
"ign",30,10,1,"Nonsense",1
"middle_fork",30,6,1,"District",0
"monterey_county_department_of_environmental_health",30,6,1,"Local_Gov",1
"nawqa_program",30,30,1,"Federal_Gov",1
"oakley",30,30,1,"City",0
"rural_communities_committee",30,30,1,"Group",0
"san_benito_county_water_district_groundwater_sustainability_agency",30,30,1,"Local_GSA",0
"san_bernardino_county",30,10,1,"County",0
"san_leandro_creek",30,30,1,"Natural_Feature",0
"sonoma_county_transportation_authority",30,10,1,"Group",0
"str",30,5,1,"Nonsense",1
"surface_water_distribution_model",30,6,1,"Technical",0
"svom",30,30,1,"Nonsense",1
"this_management_action",30,5,1,"Nonsense",1
"thomes_creek_water_district",30,15,1,"District",0
"tulelake_irrigation_district",30,30,1,"District",0
"university_of_california_cooperative_extension",30,2,1,"State_Gov",0
"uses",30,2,1,"Nonsense",1
"ventura_river",30,30,1,"Natural_Feature",0
"water_bank",30,15,2,"Infrastructure",1
"well",30,2,1,"Infrastructure",1
"whittaker_bermite",30,30,1,"Person",1
"woods_central_diversion",30,5,1,"Infrastructure",1
"workgroup",30,15,1,"Group",0
"adjustment_factors_year",29,7,1,"Technical",1
"bieber",29,29,1,"City",0
"bzme",29,29,1,"Nonsense",1
"city_of_mendota",29,10,1,"City",0
"city_of_ukiah",29,29,1,"City",0
"communications_working_group",29,6,1,"Group",0
"corral_de_tierra_management_area",29,29,1,"Geographic_Unit",0
"cotati",29,29,1,"City",0
"county_of_merced",29,7,1,"County",0
"county_of_napa",29,29,1,"County",0
"environmental_management_department",29,14,1,"Group",0
"glenn_groundwater_authority_groundwater_sustainability_agency",29,29,1,"Local_GSA",0
"hicham",29,29,1,"Nonsense",1
"initial_hydrogeologic_conceptual_model",29,29,1,"Technical",0
"interested_parties_database",29,7,1,"Technical",0
"kelseyville",29,29,1,"City",0
"llfz",29,29,1,"Nonsense",1
"local_government_commission",29,29,1,"Group",0
"lompoc_regional_wastewater_reclamation_plant",29,29,1,"Infrastructure",1
"madera_subbasins",29,10,1,"Basin",0
"modesto_subbasin_groundwater_sustainability_plan",29,29,1,"Technical",0
"montecito",29,29,1,"City",0
"newhall_land_and_farming",29,29,1,"Company",1
"olympia",29,29,1,"Local_Gov",1
"ood",29,29,1,"Nonsense",1
"pismo_creek",29,29,1,"Natural_Feature",0
"project_and_management_action",29,7,2,"Nonsense",1
"sacramento_valley_water_quality_coalition",29,5,1,"Group",1
"san_gorgonio_pass_watershed_model",29,29,1,"Technical",0
"san_joaquin_formation",29,4,1,"Natural_Feature",0
"soda_creek",29,29,1,"Natural_Feature",0
"sonoma_county_water_agency",29,6,1,"Group",0
"stetson",29,6,1,"Nonsense",1
"sunshine_ranch",29,29,1,"Local_Gov",1
"water_resources_manager",29,10,2,"Person",1
"wwd",29,29,1,"District",0
"zayante_creek",29,29,1,"Natural_Feature",0
"a_makes_the_same_assumptions_and_has_the_same_organizational_structure_as_the_projected_water_budget_in_the_greater_forebay",28,28,1,"Nonsense",1
"amador_county",28,28,1,"County",0
"area_under_future",28,28,1,"Geographic_Unit",1
"bolsa_ma",28,28,1,"Nonsense",1
"california_geological_survey",28,3,1,"State_Gov",0
"central_sacramento_county_groundwater_forum",28,28,1,"Group",1
"city_of_antioch",28,14,1,"City",0
"city_of_hayward",28,28,1,"City",0
"city_of_vacaville_groundwater_sustainability_agency",28,28,1,"Local_GSA",0
"cloverdale_creek",28,28,1,"Natural_Feature",0
"colusa_groundwater_authority_groundwater_sustainability_agency_colusa",28,28,1,"Local_GSA",0
"connected_linear_network",28,14,1,"Technical",1
"delta_mendota_subbasin_technical_working_group",28,6,1,"Group",0
"devecchio_et_al",28,14,2,"Person",1
"dunnigan_hills",28,14,2,"Natural_Feature",1
"east_porterville",28,14,1,"City",0
"el_rico_groundwater_sustainability_agency",28,14,2,"Local_GSA",0
"las_posas_valley_basin",28,14,1,"Basin",0
"leapfrog",28,9,1,"Nonsense",1
"linear_fit",28,5,1,"Technical",1
"los_angeles_county_department_of_public_works",28,14,1,"Local_Gov",1
"lower_pressure",28,28,1,"Nonsense",1
"nevada",28,4,1,"County",0
"orange_county_water_district",28,28,1,"District",0
"paso_robles_formation_and_careaga_sand",28,14,1,"Natural_Feature",0
"pauma_subbasin",28,28,1,"Basin",0
"piru_basin",28,14,1,"Basin",0
"provost_pritchard_consulting_group",28,3,1,"Group",0
"rancho_guejito",28,28,1,"District",1
"rec",28,5,1,"Nonsense",1
"regional_offices",28,7,1,"Group",1
"riverstone",28,28,1,"Nonsense",1
"sac",28,28,1,"Nonsense",1
"salinas_valley_aquitard",28,6,1,"Natural_Feature",1
"san_jerardo_cooperative",28,28,1,"NGO",1
"smgwa_board",28,28,1,"Group",0
"tac",28,14,1,"Group",1
"tehama_county_subbasins",28,7,1,"Basin",0
"this_best_management_practice",28,2,1,"Nonsense",1
"tuff",28,28,1,"Nonsense",1
"valley_springs_formation",28,4,1,"Natural_Feature",0
"well_completion_reports",28,3,1,"Technical",0
"west_fork",28,28,1,"Natural_Feature",1
"acre_foot",27,27,1,"Nonsense",1
"antioch",27,27,1,"City",0
"appendix_6b",27,14,1,"Reference",0
"arvin",27,27,1,"City",0
"bound_party",27,27,1,"Nonsense",1
"burton_mesa",27,14,1,"Natural_Feature",1
"cabazon",27,27,1,"City",0
"california_native_american",27,2,1,"State_Gov",0
"castroville",27,5,1,"City",0
"central_san_joaquin_water_conservation_district",27,27,1,"District",0
"city_of_calistoga",27,27,1,"City",0
"city_of_corona",27,14,1,"City",0
"county_of_merced_groundwater_sustainability_agency_delta_mendota",27,14,1,"Local_GSA",0
"daniel_b_stephens_associates",27,4,1,"Company",1
"farmersville",27,27,1,"City",0
"firebaugh",27,9,1,"City",0
"garrett",27,27,1,"Nonsense",1
"gmp",27,7,2,"Technical",1
"gutierrez",27,27,1,"Person",1
"gw_sw",27,4,1,"Nonsense",1
"hernandez",27,27,1,"Nonsense",1
"hydrometrics",27,9,1,"Company",1
"ipr",27,27,1,"Nonsense",1
"isherwood",27,9,1,"Nonsense",1
"itrc",27,3,1,"NGO",1
"ivanhoe",27,27,1,"City",0
"laguna_creek",27,9,1,"Natural_Feature",0
"lakeside_irrigation_water_district",27,27,1,"District",0
"lamont",27,14,1,"City",0
"mtbe",27,9,1,"Nonsense",1
"niles_cone_subbasins",27,27,1,"Basin",0
"pillsbury",27,9,1,"Company",1
"plate_boundary_observatory",27,2,2,"Technical",1
"purisima_a",27,27,1,"Basin",1
"roseville",27,27,1,"City",0
"sacramento_rivers",27,9,1,"Natural_Feature",0
"san",27,4,1,"Nonsense",1
"san_joaquin_rivers",27,7,1,"Natural_Feature",0
"san_pablo",27,27,1,"City",0
"shasta_non_critical",27,27,1,"Basin",1
"sscwd",27,27,1,"District",0
"stantec",27,4,1,"Company",1
"thomes",27,5,2,"Natural_Feature",1
"towill",27,14,1,"Company",1
"tri_valley_management_area",27,27,1,"Geographic_Unit",0
"tu",27,27,1,"Nonsense",1
"ug_l_nd",27,27,1,"Nonsense",1
"urban_zone",27,5,1,"Geographic_Unit",0
"ventura_county_watershed",27,5,2,"Basin",1
"water_quality",27,3,2,"Technical",1
"westlands_groundwater_sustainability_agency",27,14,1,"Other_GSA",0
"yreka",27,27,1,"City",0
"agr",26,9,1,"Nonsense",1
"beneficial_uses_and_users_of_groundwater",26,3,2,"Reference",1
"california_department_of_transportation",26,2,1,"State_Gov",0
"city_of_san_juan_bautista",26,26,1,"City",0
"clay_cap",26,9,1,"Natural_Feature",1
"coordination_group",26,6,1,"Group",0
"county_of_san_luis_obispo",26,9,1,"County",0
"deid",26,13,1,"District",0
"east_oxnard_plain_management_area",26,26,1,"Geographic_Unit",0
"ewrims",26,4,1,"Nonsense",1
"executive_group",26,26,1,"Group",0
"gsa_core_team",26,26,1,"Group",1
"ione",26,4,1,"City",0
"keith_helmuth",26,26,1,"Person",1
"los_angeles_basin",26,9,1,"Basin",0
"mira_monte",26,26,1,"City",0
"modoc",26,26,1,"County",0
"national_pollutant_discharge_elimination_system",26,3,1,"Federal_Gov",0
"natomas_cross_canal",26,26,1,"Infrastructure",1
"pioneer_project",26,13,1,"Water_Project",0
"piru_fillmore",26,13,1,"Geographic_Unit",1
"pomo_indians",26,26,1,"Group",1
"poso_creek",26,5,1,"Natural_Feature",0
"recharge_package",26,6,2,"Technical",1
"red_bluff_subbasins",26,6,1,"Basin",0
"reduction_of_groundwater_storage",26,6,1,"Technical",1
"rio_dell",26,26,1,"City",0
"san_luis_obispo_county_flood_control_and_water_conservation_district",26,13,1,"District",0
"sandra_carlson",26,26,1,"Person",1
"scott_and_shasta_watermaster_district",26,26,1,"District",0
"soma",26,5,1,"Nonsense",1
"south_east_bay_plain",26,26,1,"Geographic_Unit",1
"sutter_subbasin_groundwater_sustainability_plan",26,26,1,"Technical",0
"swp",26,9,1,"Water_Project",1
"tehama_county_flood_control_and_water_conservation_district_board_of_directors",26,5,1,"Group",0
"tejon_ranch_company",26,26,1,"Company",1
"town_of_yountville",26,26,1,"Local_Gov",1
"watersheds_coalition",26,4,2,"Group",1
"wheeler",26,26,1,"Nonsense",1
"white_wolf_groundwater_flow_model",26,26,1,"Technical",0
"wq",26,4,1,"Nonsense",1
"yuba_city",26,6,1,"City",0
"a_technical_advisory_committee",25,2,1,"Group",0
"albany",25,25,1,"City",0
"andrew_garcia",25,5,1,"Person",1
"appendix_j",25,4,1,"Reference",0
"atwater",25,6,1,"City",0
"boards_of_directors",25,2,1,"Group",1
"cabazon_storage_units",25,25,1,"Infrastructure",1
"climate_change_technical_advisory_group",25,2,1,"Group",0
"cordua_irrigation_district",25,25,1,"District",0
"core_group",25,25,1,"Group",0
"county_of_san_diego",25,12,1,"County",0
"county_water_agency",25,8,1,"Group",0
"csd",25,8,2,"District",1
"culver_city",25,25,1,"City",0
"del_valle",25,12,2,"Geographic_Unit",1
"denair",25,25,1,"City",0
"emeryville",25,25,1,"City",0
"exchange_contractors",25,25,1,"Group",1
"franciscan_complex",25,4,1,"Natural_Feature",1
"groundwater_dependent_ecosystem_evaluation_unit",25,25,1,"Geographic_Unit",1
"group_contact",25,5,1,"Legal",0
"gwts",25,25,1,"Technical",1
"hopper_creek",25,12,1,"Natural_Feature",0
"insects",25,25,1,"Nonsense",1
"inyo",25,8,1,"County",0
"kettleman_hills",25,12,1,"Natural_Feature",1
"kings_counties",25,6,1,"Geographic_Unit",1
"lebec",25,25,1,"City",0
"livingston",25,8,1,"City",0
"madera_city_council",25,25,1,"Group",0
"marsh_creek",25,25,1,"Natural_Feature",0
"meti",25,4,1,"Nonsense",1
"millerton",25,12,1,"City",0
"monterey_subbasin_model",25,25,1,"Technical",0
"mount_hebron",25,25,1,"City",0
"mw16",25,25,1,"Nonsense",1
"naval_air_station_lemoore",25,25,1,"Infrastructure",1
"non_delta_management_area",25,25,1,"Geographic_Unit",0
"oak_ridge",25,5,1,"District",0
"online_system_for_well_completion_reports",25,6,1,"Technical",0
"petaluma",25,12,1,"City",0
"public_outreach_and_engagement_plan",25,12,1,"Technical",0
"revolon_slough",25,25,1,"Natural_Feature",0
"santa_barbara_canyon_fault",25,25,1,"Natural_Feature",1
"santa_ynez_river_valley_groundwater_basin",25,12,1,"Basin",0
"santa_ysabel_creek",25,25,1,"Natural_Feature",0
"solano_groundwater_sustainability_agency",25,12,1,"Other_GSA",0
"statewide_groundwater_elevation_monitoring_program",25,3,1,"Technical",0
"steering_committee",25,6,1,"Group",0
"sutter_extension_water_district",25,25,1,"District",0
"trading_program",25,12,1,"Legal",1
"tvgmd",25,25,1,"District",1
"upper_and_lower",25,8,1,"Nonsense",1
"upper_and_lower_aquifer",25,4,1,"Natural_Feature",0
"upper_temescal_valley",25,12,1,"Geographic_Unit",0
"upper_ventura_river_groundwater_basin",25,25,1,"Basin",0
"water_authority",25,12,1,"Group",0
"advisory_panel",24,24,1,"Group",1
"agricultural_representation",24,5,1,"Group",1
"agricultural_water_management_plans",24,3,1,"Technical",0
"ahtna",24,24,1,"Group",1
"applied",24,3,1,"Nonsense",1
"aquifer_production_has_been_relatively_steady_over_the_four_decades_presented_in_figure",24,24,1,"Reference",0
"attachment_a",24,3,1,"Reference",1
"blake_et_al",24,6,1,"Reference",1
"board_and_advisory_committee",24,4,1,"Group",0
"cachuma_reservoir",24,12,1,"Infrastructure",0
"cachuma_resource_conservation_district",24,8,1,"District",0
"calistoga",24,24,1,"City",0
"central_delta",24,4,2,"Geographic_Unit",1
"china_lake",24,24,1,"Natural_Feature",0
"city_of_dixon",24,24,1,"City",0
"county_of_kern",24,4,1,"County",0
"dakota",24,8,1,"Nonsense",1
"dinuba",24,24,1,"City",0
"each_groundwater_sustainability_agency_party",24,4,1,"Group",1
"east_side",24,24,1,"District",0
"enterprise_anderson_groundwater_sustainability_agency_board",24,12,1,"Group",0
"foster_park_aquatic_habitat_area",24,24,1,"Geographic_Unit",0
"galt",24,24,1,"City",0
"galt_irrigation_district_groundwater_sustainability_agency",24,24,1,"Local_GSA",0
"ghb",24,6,1,"Nonsense",1
"great_program",24,24,1,"Nonsense",1
"gsa_board",24,8,1,"Group",0
"gspd",24,24,1,"Nonsense",1
"guejito",24,24,1,"Nonsense",1
"hollister_west",24,24,1,"Basin",1
"huichica_formation",24,24,1,"Natural_Feature",0
"inc",24,2,1,"Nonsense",1
"indian_wells_valley_groundwater_authority_board",24,24,1,"Group",0
"interconnected_surface_water_sustainable_management_criteria",24,8,1,"Legal",1
"kern_county_subbasin_groundwater",24,8,1,"Basin",1
"lacsd",24,24,1,"District",1
"larsen",24,12,1,"Nonsense",1
"mendota_water_authority",24,5,1,"Group",0
"metropolitan",24,8,1,"Nonsense",1
"mount_hermon_association",24,24,1,"Group",1
"native_american_heritage_commission",24,2,1,"State_Gov",0
"noi",24,3,1,"Nonsense",1
"oakville",24,24,1,"City",0
"packwood_creek",24,24,1,"Natural_Feature",0
"permit_sonoma",24,8,3,"Local_Gov",1
"pleasant_valley_county_water_district",24,12,1,"District",0
"public_agency",24,8,1,"Group",0
"reservoir_operations_advisory_committee",24,8,1,"Group",0
"san_juan_bautista",24,24,1,"City",0
"san_luis",24,4,2,"Basin",1
"san_luis_delta",24,5,1,"Natural_Feature",1
"san_pasqual_basin",24,24,1,"Basin",0
"smcl",24,5,1,"Nonsense",1
"south_american_subbasin",24,8,1,"Basin",0
"surface_water_advisory_group",24,24,1,"Group",0
"ust",24,4,1,"Nonsense",1
"van_duzen_river",24,24,1,"Natural_Feature",0
"well_completion_report",24,6,1,"Technical",0
"western_heights_management_area",24,24,1,"Geographic_Unit",0
"woodville",24,12,1,"City",0
"wra",24,4,2,"Group",1
"wy1922",24,6,1,"Nonsense",1
"aerojet",23,8,1,"Company",1
"agricultural_order",23,3,1,"Legal",1
"alameda_formation",23,23,1,"Natural_Feature",0
"arvin_edison",23,23,1,"Local_Gov",1
"boards",23,6,1,"Group",0
"boulder_creek",23,23,1,"City",0
"boyle",23,8,1,"Nonsense",1
"byron",23,23,1,"City",0
"calaveras_county",23,23,1,"County",0
"california_government_code",23,3,1,"State_Gov",0
"casitas",23,12,1,"District",1
"chris_lee",23,23,1,"Person",1
"city_of_redlands",23,23,1,"City",0
"city_of_yucaipa",23,23,1,"City",0
"coastal_branch",23,8,2,"Local_Gov",1
"corning_subbasins",23,5,1,"Basin",0
"corning_water_district",23,23,1,"District",0
"drinking_water_source_assessment_and_protection_program",23,3,1,"Legal",1
"elsinore_valley_municipal_water_district",23,12,1,"District",0
"esri_china",23,4,1,"Company",1
"esri_japan",23,4,1,"Company",1
"fpbgsa_board_of_directors",23,12,1,"Group",0
"gilroy_hollister_basin",23,23,1,"Basin",0
"glenn_counties",23,8,1,"Local_Gov",1
"implementation_of_potential_projects",23,8,1,"Water_Project",0
"kadaster_nl",23,8,2,"Company",1
"kennedy",23,5,1,"City",0
"kern_river_groundwater_sustainability_agency_plan_managers",23,23,1,"Group",1
"kit_novick",23,23,1,"Person",1
"llagas_subbasin",23,23,1,"Basin",0
"loleta",23,23,1,"City",0
"los_banos_creek",23,12,1,"Natural_Feature",0
"luhdorff_scalmanini_consulting_engineers",23,3,1,"Company",1
"martin",23,5,1,"Nonsense",1
"mcmullin_groundwater_sustainability_agency",23,3,1,"Other_GSA",0
"monitoring_networks_and_identification_of_data_gaps",23,2,1,"Technical",0
"moorpark_anticline",23,23,1,"Natural_Feature",1
"oxnard_subbasin_groundwater_sustainability_plan",23,12,1,"Technical",0
"pacheco",23,23,1,"City",0
"pasatiempo",23,23,1,"City",0
"plainview",23,23,1,"City",0
"reclamation",23,8,1,"Federal_Gov",1
"reclamation_district_no_2111_groundwater_sustainability_agency",23,23,1,"Local_GSA",0
"reclamation_district_no_317_groundwater_sustainability_agency",23,23,1,"Local_GSA",0
"reclamation_district_no_349_groundwater_sustainability_agency",23,23,1,"Local_GSA",0
"reclamation_district_no_3_groundwater_sustainability_agency",23,23,1,"Local_GSA",0
"reclamation_district_no_501_groundwater_sustainability_agency_northern_delta_groundwater_sustainability_agency",23,23,1,"Local_GSA",0
"reclamation_district_no_554_groundwater_sustainability_agency",23,23,1,"Local_GSA",0
"reclamation_district_no_556_groundwater_sustainability_agency",23,23,1,"Local_GSA",0
"sacramento_county_groundwater_sustainability_agency_solano",23,23,1,"Local_GSA",0
"salt_river",23,23,1,"Natural_Feature",0
"shasta_valley_resource_conservation_district",23,23,1,"District",0
"singleton",23,23,1,"Nonsense",1
"southern_ma",23,23,1,"Geographic_Unit",1
"spv_gsa",23,23,1,"Other_GSA",0
"standards_and_guiding_principles",23,8,1,"District",0
"syemahm",23,23,1,"Nonsense",1
"tcwd_groundwater_sustainability_agency",23,23,1,"Other_GSA",0
"tier_1",23,12,1,"Nonsense",1
"tule",23,6,1,"Natural_Feature",1
"watsonville",23,12,1,"City",0
"wildcat_group",23,23,1,"Group",0
"wmw",23,12,1,"Nonsense",1
"yolo_subbasin_groundwater_sustainability_plan",23,12,1,"Technical",0
"zamora",23,23,1,"Local_Gov",1
"administration_office",22,22,1,"Nonsense",1
"amador",22,11,1,"County",0
"amador_county_groundwater_management_authority_groundwater_sustainability_agency",22,22,1,"Local_GSA",0
"antelope",22,6,1,"City",0
"basin_optimization_scenarios",22,22,1,"Technical",1
"basin_setting_report",22,11,1,"Technical",0
"california_american_water",22,7,1,"State_Gov",0
"camarillo_sanitary_district",22,22,1,"District",0
"city_of_corning",22,22,1,"City",0
"city_of_galt_groundwater_sustainability_agency",22,22,1,"Local_GSA",0
"city_of_san_buenaventura",22,7,1,"City",0
"city_of_san_luis_obispo",22,7,1,"City",0
"clay_water_district_groundwater_sustainability_agency",22,22,1,"Local_GSA",0
"cuddy_creek",22,22,1,"Natural_Feature",0
"del_valle_groundwater_dependent_ecosystem_unit",22,11,2,"Geographic_Unit",1
"et0",22,6,2,"Nonsense",1
"farm_bureau",22,7,1,"NGO",1
"fivepoint",22,22,1,"Company",1
"fowler",22,11,1,"City",0
"fresno_county_environmental_health_division",22,7,1,"Local_Gov",1
"gilroy_hollister",22,22,1,"Basin",1
"graymer",22,22,1,"Person",1
"groundwater_conditions",22,2,1,"Technical",1
"groundwater_sustainability_plan_implementation",22,4,2,"Legal",1
"groundwater_vistas",22,3,1,"Data_System",1
"hollister_urban_area",22,22,1,"Geographic_Unit",0
"holocene",22,4,2,"Natural_Feature",1
"kaweah_basin_water_quality_association",22,22,1,"Group",1
"kerman",22,11,1,"City",0
"klamath",22,11,1,"City",0
"lsid",22,22,1,"District",0
"maine_prairie_water_district",22,22,1,"District",0
"marina_coast_water_district_groundwater_sustainability_agency",22,22,1,"Other_GSA",0
"mono_county",22,11,1,"County",0
"monterey_subbasins",22,11,1,"Basin",0
"mrdl",22,11,2,"Nonsense",1
"national_recommended_water_quality_criteria",22,11,2,"Legal",1
"ndvi",22,6,1,"Technical",1
"north_management_area",22,22,1,"Geographic_Unit",0
"north_yolo",22,11,1,"District",1
"omochumne_hartnell_water_district_groundwater_sustainability_agency_cosumnes",22,22,1,"Local_GSA",0
"public_health_goal",22,11,2,"Nonsense",1
"riverside_county_flood_control_and_water_conservation_district",22,7,1,"District",0
"sacramento_county_groundwater_sustainability_agency_cosumnes",22,22,1,"Local_GSA",0
"salinas_valley_groundwater_basin",22,11,1,"Basin",0
"san_joaquin_river_exchange_contractors_groundwater_sustainability_plan",22,22,1,"Technical",0
"santa_maria_creek",22,22,1,"Natural_Feature",0
"santa_rita_upland",22,22,1,"Geographic_Unit",1
"sloughhouse_resource_conservation_district_groundwater_sustainability_agency_cosumnes",22,22,1,"Local_GSA",0
"south_yuba",22,11,2,"Basin",1
"stanford_university",22,11,1,"NGO",1
"swk_groundwater_sustainability_agency",22,22,1,"Other_GSA",0
"technical_work_group",22,11,1,"Group",0
"tejon_ranch_commerce_center",22,22,1,"Infrastructure",1
"thermalito_afterbay",22,11,1,"Infrastructure",1
"tm",22,6,1,"Nonsense",1
"warm_springs_ma",22,22,1,"Local_Gov",1
"will_halligan",22,22,1,"Person",1
"yates",22,6,1,"Nonsense",1
"yuba_river",22,22,1,"Natural_Feature",0
"aaron",21,21,1,"Person",1
"applied_to",21,4,1,"Nonsense",1
"arbuckle",21,7,1,"City",0
"atascadero_subbasin",21,21,1,"Basin",0
"banning_storage_unit",21,21,1,"Infrastructure",1
"bedford_coldwater_model",21,21,1,"Technical",0
"bella_vista_water_district",21,10,1,"District",0
"berenbrock",21,7,1,"Person",1
"berenda_creek",21,10,1,"Natural_Feature",0
"beta2",21,10,1,"Nonsense",1
"beverly_hills",21,21,1,"City",0
"bright_et_al",21,10,2,"Person",1
"california_superior_court",21,5,1,"State_Gov",0
"california_water_code_section",21,3,1,"State_Gov",0
"carriger_creek",21,21,1,"Natural_Feature",0
"cbwm",21,21,1,"District",1
"city_of_bishop",21,21,1,"City",0
"city_of_dos_palos",21,21,1,"City",0
"city_of_lodi",21,21,1,"City",0
"city_of_roseville",21,7,1,"City",0
"city_of_santa_barbara",21,21,1,"City",0
"city_of_seaside",21,21,1,"City",0
"coastal_commission",21,7,1,"State_Gov",0
"communication_and_public_engagement",21,4,1,"Group",1
"cooperative_group",21,21,1,"Group",0
"cosana",21,21,1,"Group",1
"curran",21,3,1,"Nonsense",1
"david_cook",21,7,1,"District",0
"del_rey_community_services_district",21,10,1,"District",0
"department_of_toxic_substance_control",21,7,1,"State_Gov",1
"developed_for_implementation",21,3,1,"Nonsense",1
"east_subbasin",21,21,1,"Basin",0
"el_paso_creek",21,21,1,"Natural_Feature",0
"environmental_health_division",21,4,1,"Local_Gov",1
"grant_administration",21,7,1,"Group",1
"grapevine_canyon",21,21,1,"Natural_Feature",1
"groundwater_management_act",21,2,1,"Legal",0
"groundwater_sustainability_agency_executive_committee",21,21,1,"Group",0
"hyperion",21,21,1,"Nonsense",1
"laboratory",21,10,1,"Technical",1
"lak",21,5,1,"Nonsense",1
"los_gatos_creek",21,21,1,"Natural_Feature",0
"meiners_oaks",21,21,1,"City",0
"merced_irrigation_urban_groundwater_sustainability_agency",21,21,1,"Local_GSA",0
"mission_hills_community_services_district",21,21,1,"District",0
"mkr_groundwater_sustainability_agency",21,21,1,"Other_GSA",0
"napa_sonoma",21,21,1,"Geographic_Unit",1
"no_climate_change",21,21,1,"Nonsense",1
"numerical_model",21,10,1,"Technical",0
"o_laboratory",21,3,1,"Nonsense",1
"opv",21,10,1,"Nonsense",1
"pauma",21,21,1,"Geographic_Unit",1
"pixid",21,21,1,"District",0
"public_land_survey_system",21,3,1,"Federal_Gov",0
"public_trust_doctrine",21,5,1,"Legal",1
"purisima_f",21,21,1,"Natural_Feature",1
"quality_assurance_qc",21,7,1,"Technical",1
"r_field",21,3,1,"Nonsense",1
"regional_water_quality_control_boards",21,2,1,"Group",0
"resource_conservation_district",21,7,1,"District",0
"rhna",21,7,1,"Nonsense",1
"riverdale",21,21,1,"City",0
"sacramento_county_groundwater_sustainability_agency",21,7,1,"Other_GSA",0
"safe_drinking_water_act",21,2,1,"Legal",0
"salt_nutrient_management_plan",21,7,1,"Technical",0
"san_miguel_community_services_district",21,10,1,"District",0
"san_timoteo_formation",21,10,1,"Natural_Feature",0
"santa_paula_basin",21,10,1,"Basin",0
"santa_ysabel",21,21,1,"Geographic_Unit",1
"shay_pond",21,21,1,"Natural_Feature",1
"situation_assessment",21,21,1,"Technical",1
"solano_agricultural_scenario_planning_system",21,21,1,"Data_System",1
"stanislaus_and_tuolumne_rivers_groundwater_basin_association",21,21,1,"Local_GSA",0
"state_water_resources_control_board_division_of_drinking_water",21,2,1,"State_Gov",1
"sub",21,7,1,"Nonsense",1
"surface_water_service_area",21,21,1,"Geographic_Unit",0
"sustainable_groundwater_management_grant_program",21,4,2,"State_Gov",1
"sw",21,5,1,"Nonsense",1
"technical_committee",21,7,1,"Group",0
"tehama_county_general_plan",21,5,1,"Technical",0
"temescal_subbasin",21,10,1,"Basin",0
"tier_2_dischargers",21,3,1,"Group",1
"turner_1975",21,7,1,"Reference",1
"vern_freeman_diversion",21,21,1,"Infrastructure",1
"voice_of_america",21,21,1,"Federal_Gov",0
"walnut_grove",21,10,1,"City",0
"water_agency",21,5,1,"Group",0
"woodard",21,3,2,"Nonsense",1
"zanja_de_cota_creek",21,21,1,"Natural_Feature",0
"apn",20,5,3,"Technical",1
"appendix_l2",20,20,1,"Reference",0
"aquitard",20,20,1,"Natural_Feature",1
"aquitards",20,2,1,"Natural_Feature",1
"arroyo_santa_rosa_basin_groundwater_sustainability_agency",20,20,1,"Local_GSA",0
"arroyo_santa_rosa_valley_basin",20,10,1,"Basin",0
"arvin_community_services_district",20,10,1,"District",0
"association",20,2,2,"Group",1
"bartow",20,2,3,"Local_Gov",1
"basin_operating_plan",20,20,1,"Technical",0
"beale_air_force_base",20,10,1,"Infrastructure",1
"beltz",20,20,1,"Nonsense",1
"bend_subbasin",20,10,1,"Basin",0
"buchanan_dam",20,20,1,"Infrastructure",0
"butte_county_department_of_water_and_resource_conservation",20,7,1,"Local_Gov",1
"camanche_village",20,7,1,"City",0
"carneros_subareas",20,20,1,"Geographic_Unit",0
"castroville_seawater_intrusion_project",20,10,1,"Water_Project",0
"centers_for_disease_control",20,7,1,"Federal_Gov",1
"central_valley_project_supply",20,4,1,"Water_Project",1
"central_water_district",20,20,1,"District",0
"chris",20,10,1,"Nonsense",1
"city_of_dos_palos_groundwater_sustainability_agency",20,20,1,"Local_GSA",0
"city_of_merced",20,20,1,"City",0
"communication_engagement_plan",20,5,1,"Technical",0
"cottonwood",20,3,1,"City",0
"crop_root_zone_water_model",20,20,1,"Technical",0
"cuyama_basin_groundwater_sustainability_agency_board",20,20,1,"Group",0
"department_of_finance",20,2,1,"State_Gov",0
"district_board_and_groundwater_commission",20,5,1,"Group",0
"doi",20,5,2,"Nonsense",1
"el_porvenir",20,20,1,"Geographic_Unit",1
"escondido",20,10,1,"City",0
"federal_standards",20,5,1,"Legal",1
"fresno_metropolitan_flood_control_district",20,10,1,"District",0
"glen_ellen",20,20,1,"City",0
"groundwater_resources_advisory_committee",20,10,1,"Group",0
"groundwater_sustainability_plan_technical_team",20,7,1,"Technical",0
"guejito_creek",20,20,1,"Natural_Feature",0
"hantush",20,20,1,"Person",1
"hughes",20,10,1,"Nonsense",1
"initial_calibration_verification",20,20,1,"Technical",1
"integrated_risk_information_system",20,10,1,"Technical",0
"interested_party_database",20,7,1,"Technical",0
"interim_milestones",20,3,3,"Reference",1
"joseph",20,4,1,"Nonsense",1
"kern_water_bank",20,7,2,"Water_Project",1
"kkkk",20,5,1,"Nonsense",1
"laboratory_internal_management_systems",20,20,1,"Technical",0
"lake_deposits",20,10,1,"Natural_Feature",1
"memorandum_of_understanding",20,3,1,"Legal",1
"merced_national_wildlife_refuge",20,20,1,"Natural_Feature",1
"monterey_county_water_resources_agency_board_of_directors",20,10,1,"Group",0
"moorpark_wastewater_treatment_plant",20,10,1,"Infrastructure",1
"mwdsc",20,10,1,"District",0
"national_oceanic_and_atmospheric_administration_fisheries",20,7,1,"Federal_Gov",1
"onewater",20,10,2,"NGO",1
"parlier",20,10,1,"City",0
"paso_robles_basin",20,20,1,"Basin",0
"patterson_irrigation_district",20,10,1,"District",0
"pfoa",20,5,1,"Nonsense",1
"pine_flat_reservoir",20,7,1,"Infrastructure",0
"provost_pritchard",20,2,1,"Company",1
"purisima_bc",20,20,1,"Basin",1
"ranch",20,10,1,"Nonsense",1
"salinas_river",20,7,1,"Natural_Feature",0
"salinas_valley_integrated_hydrologic_model",20,4,1,"Technical",0
"san_luis_rey_river",20,10,1,"Natural_Feature",0
"san_pablo_creek",20,20,1,"Natural_Feature",0
"santa_maria",20,4,1,"City",0
"sdac_communities",20,2,1,"Group",0
"stormwater",20,10,1,"Natural_Feature",1
"templeton_community_services_district",20,10,1,"District",0
"tnc",20,7,1,"NGO",1
"tuolumne_river",20,5,1,"Natural_Feature",0
"units",20,7,1,"Nonsense",1
"upper_aquifer",20,2,1,"Natural_Feature",0
"wcr",20,7,2,"District",1
"western_heights_water_company",20,20,1,"Company",1
"yuima_municipal_water_district",20,20,1,"District",0
"a_groundwater_sustainability_agency_party",19,3,2,"Group",1
"aliso",19,10,1,"Nonsense",1
"allensworth",19,19,1,"City",0
"ash_creek",19,19,1,"Natural_Feature",0
"beller_et_al",19,10,1,"Reference",1
"berenda_slough",19,6,1,"Natural_Feature",0
"c2vsimfg_beta2",19,19,1,"Technical",1
"california_elevation_monitoring",19,1,1,"State_Gov",0
"california_public_records_act",19,1,1,"State_Gov",0
"california_water_service_company",19,3,1,"State_Gov",0
"capitola",19,19,1,"City",0
"cardwell",19,19,1,"Nonsense",1
"castaic_lake_water_agency",19,19,1,"Group",0
"city_of_gustine_groundwater_sustainability_agency",19,19,1,"Local_GSA",0
"collaborative_work_group",19,19,1,"Group",0
"community_of_buttonwillow",19,19,1,"Geographic_Unit",1
"comprehensive_groundwater_monitoring_program",19,19,1,"Technical",0
"costa_county",19,19,1,"County",0
"cosumnes_river",19,10,1,"Natural_Feature",0
"county_of_siskiyou",19,10,1,"County",0
"crafton",19,19,1,"Local_Gov",1
"creek",19,6,1,"Natural_Feature",0
"eastern",19,2,2,"Nonsense",1
"edison",19,10,1,"City",0
"federal_energy_regulatory_commission",19,2,1,"Federal_Gov",0
"groundwater_dependent_ecosystem_evaluation_units",19,10,1,"Geographic_Unit",1
"groundwater_management_activities",19,19,1,"Nonsense",1
"groundwater_modeling_system",19,10,1,"Technical",0
"hemet_north",19,19,1,"District",1
"horizontal_flow_barrier",19,5,1,"Infrastructure",1
"integrated_implementation_committee",19,4,1,"Group",0
"ivanhoe_irrigation_district",19,19,1,"District",0
"kjn_nitrite",19,19,1,"Technical",1
"lakewood_formation",19,19,1,"Natural_Feature",0
"landowner",19,19,1,"Nonsense",1
"larry_walker_associates_team",19,5,2,"Group",1
"marb",19,19,1,"Nonsense",1
"napa_subarea",19,19,1,"Geographic_Unit",0
"national_hydrography_dataset",19,2,1,"Technical",0
"older_alluvium",19,4,1,"Natural_Feature",0
"pioneer_water_company",19,19,1,"Company",1
"precipitation_elevation_regressions_on_independent_slopes_model_climate_group",19,2,1,"Group",0
"raftelis",19,19,1,"Company",1
"rancho_cordova",19,10,1,"City",0
"rd_2068",19,19,1,"District",1
"san_jerardo",19,19,1,"Geographic_Unit",1
"san_juan_creek",19,6,1,"Natural_Feature",0
"santa_ana_area",19,19,1,"Geographic_Unit",0
"santa_clara_valley",19,10,1,"Geographic_Unit",0
"santa_margarita_groundwater_agency_gsa",19,19,1,"Local_GSA",0
"slade",19,10,1,"Nonsense",1
"soil_agricultural_groundwater_banking",19,1,3,"Technical",1
"south_yuba_subbasin",19,19,1,"Basin",0
"ss",19,3,1,"Nonsense",1
"stone_corral_irrigation_district",19,5,1,"District",0
"surface_water_ambient_monitoring_program",19,3,1,"Technical",0
"sustainable_groundwater_management_act_data_portal",19,5,1,"Technical",0
"sustainable_groundwater_management_act_portal",19,1,1,"Data_System",1
"technical_peer_review_group",19,19,1,"Group",0
"tehachapi",19,6,1,"City",0
"underground_source_of_drinking_water",19,19,1,"Natural_Feature",1
"upper_aquifer_system_lower_aquifer_system",19,6,1,"Natural_Feature",0
"urban",19,2,2,"Geographic_Unit",1
"uwwtp",19,19,1,"Infrastructure",1
"varian_ranch_mutual_water_company",19,19,1,"District",1
"west_hills",19,19,1,"Geographic_Unit",1
"white_river",19,3,1,"Natural_Feature",0
"woodbridge_irrigation_district",19,19,1,"District",0
"woodring",19,10,1,"Nonsense",1
"wri",19,19,1,"NGO",1
"0_180_flow_direction",18,3,1,"Technical",1
"anderson_cottonwood_irrigation_district",18,9,1,"District",0
"andy_rich",18,6,1,"Person",1
"appendix_h",18,4,1,"Reference",0
"aptos_creek",18,9,1,"Natural_Feature",0
"aqueduct",18,4,1,"Infrastructure",1
"arcata",18,18,1,"City",0
"ash_slough",18,18,1,"Natural_Feature",0
"banta_carbona_irrigation_district_groundwater_sustainability_agency",18,18,1,"Local_GSA",0
"bedford_coldwater_basin",18,18,1,"Basin",0
"bethel_island",18,18,1,"City",0
"bradbury_dam",18,6,1,"Infrastructure",0
"c2vsimfg_kern_historical_simulation_table_11b_current_groundwater_budget",18,4,1,"Reference",0
"california_constitution",18,4,1,"State_Gov",0
"carbon_tetrachloride",18,18,1,"District",0
"careaga_sand",18,9,1,"Natural_Feature",0
"central_valley_project_contractors",18,3,1,"Group",1
"cienega_groundwater_dependent_ecosystem",18,9,1,"Natural_Feature",0
"city_of_waterford",18,9,1,"City",0
"confluence_aquatic_habitat_area",18,18,1,"Geographic_Unit",0
"dale",18,9,1,"Nonsense",1
"data_management_plan",18,9,1,"Technical",0
"dispute",18,9,1,"Nonsense",1
"dye_creek",18,18,1,"Natural_Feature",0
"environmental_health_services",18,6,1,"Local_Gov",1
"european_space_agency",18,2,1,"Group",0
"fairfield",18,18,1,"City",0
"farm_process",18,6,1,"Nonsense",1
"federal_reserve_water_rights",18,6,1,"Legal",1
"glen_ellen_formation",18,9,1,"Natural_Feature",0
"greater_kaweah",18,9,1,"Basin",1
"groundwater_management_fee",18,18,1,"Legal",1
"groundwater_quality",18,2,2,"Technical",1
"groundwater_storage",18,2,2,"Natural_Feature",1
"groundwater_sustainability_agency_alternate_representative",18,3,1,"Person",1
"gustine",18,9,1,"City",0
"hemet_south",18,18,1,"Basin",1
"humboldt_county_board_of_supervisors",18,18,1,"Group",0
"humboldt_county_department_of_public_works",18,18,1,"Local_Gov",1
"kaweah_sub_basin",18,6,1,"Basin",0
"kearns_west",18,4,1,"Company",1
"kern_county_revision",18,4,2,"Reference",1
"kern_fan_monitoring_committee",18,18,1,"Group",0
"knight",18,9,1,"Nonsense",1
"laguna_vineyard",18,6,1,"Nonsense",1
"lake_success",18,6,1,"Natural_Feature",1
"list",18,2,1,"Nonsense",1
"lompico_sandstone",18,18,1,"Natural_Feature",1
"lompoc_upland",18,9,1,"Geographic_Unit",1
"lower_putah_creek",18,18,1,"Natural_Feature",0
"madera_county_general_plan",18,4,1,"Technical",0
"mapes_ranch",18,18,1,"Nonsense",1
"mokelumne_river",18,6,1,"Natural_Feature",0
"monitored",18,3,1,"Technical",0
"n_dissolved",18,18,1,"Nonsense",1
"newell_creek",18,18,1,"Natural_Feature",0
"newhall_water_division",18,18,1,"District",1
"niles",18,18,1,"Local_Gov",1
"north_bench",18,18,1,"Geographic_Unit",1
"north_cell",18,18,1,"Geographic_Unit",1
"om",18,4,1,"Nonsense",1
"ormond_beach",18,18,1,"Geographic_Unit",1
"pdf",18,3,1,"Nonsense",1
"pico_formation",18,6,1,"Natural_Feature",0
"piru_basins",18,9,1,"Basin",0
"ramboll",18,6,1,"Company",1
"rinconada_fault",18,18,1,"Natural_Feature",1
"russian_river_flood_control",18,18,1,"District",1
"rwm_stakeholder_advisory_group",18,6,1,"Group",0
"sacramento_water_forum",18,9,1,"Group",1
"san_emigdio",18,4,1,"Basin",1
"san_luis_obispo_valley_groundwater_basin",18,18,1,"Basin",0
"san_pasqual_valley_groundwater_basin",18,18,1,"Basin",0
"scalmanini_engineering",18,18,1,"Company",1
"somis",18,18,1,"City",0
"soquel",18,9,1,"City",0
"southern_division",18,9,1,"District",1
"springville",18,3,1,"City",0
"standing_committee",18,18,1,"Group",0
"steffens",18,4,2,"Person",1
"tehama_county_resource_conservation_district",18,4,1,"District",0
"toxicity_identification_evaluations",18,3,1,"District",0
"tuolumne_groundwater_sustainability_agency",18,18,1,"Other_GSA",0
"tx",18,9,1,"Geographic_Unit",1
"upper_ventura_river_basin",18,9,1,"Basin",0
"us_geological_survey",18,2,1,"Federal_Gov",0
"water_level_elevation",18,9,2,"Nonsense",1
"water_quality_coordination_group",18,4,1,"Group",0
"water_resources_information_database",18,18,1,"Technical",0
"willow_slough",18,18,1,"Natural_Feature",0
"wyandotte_creek_groundwater_sustainability_agency_board",18,18,1,"Group",0
"advisory_board",17,17,1,"Group",0
"ag_res",17,17,1,"Nonsense",1
"agricultural_stakeholder",17,8,1,"Group",1
"alameda_island",17,17,1,"Geographic_Unit",1
"angwin",17,17,1,"City",0
"arcadia",17,17,1,"City",0
"arlington",17,17,1,"Local_Gov",1
"assembly",17,2,2,"Group",1
"assembly_bill_3030",17,1,1,"Legal",1
"b",17,3,1,"Nonsense",1
"bcid",17,17,1,"District",0
"california_environmental_protection_agency",17,3,1,"State_Gov",0
"city_of_chico",17,17,1,"City",0
"city_of_marysville",17,17,1,"City",0
"city_of_perris",17,17,1,"City",0
"city_of_simi_valley",17,17,1,"City",0
"cloverdale_canyon",17,17,1,"Natural_Feature",1
"community_plans",17,4,1,"Technical",0
"coordination_committee_and_plan_manager",17,3,1,"Group",1
"corcoran_irrigation_district",17,17,1,"District",0
"county_of",17,2,1,"Nonsense",1
"county_of_madera_groundwater_sustainability_agency_madera",17,17,1,"Local_GSA",0
"desert_water_agency",17,17,1,"Group",0
"eastern_san_joaquin_water_resources_model",17,17,1,"Technical",0
"elsinore_ma",17,17,1,"Local_Gov",1
"for",17,2,1,"Nonsense",1
"fox_canyon_groundwater_management_agency_board_of_directors",17,6,1,"Group",0
"franciscan_formation",17,17,1,"Natural_Feature",0
"general_plan",17,2,1,"Technical",0
"glenn_colusa_irrigation_district",17,8,1,"District",0
"hanson_et_al",17,4,1,"Reference",1
"hayward_groundwater_sustainability_agency",17,17,1,"Other_GSA",0
"hemet_san_jacinto_management_area",17,17,1,"Geographic_Unit",0
"human_right_to_water_and_the_public_trust_doctrine",17,1,1,"Legal",1
"irrigation_training_and_research_center_metric",17,17,1,"Technical",1
"john_ayres",17,17,1,"Person",1
"klamath_project",17,17,1,"Water_Project",0
"ktwd",17,17,1,"District",0
"la_sierra",17,8,1,"Geographic_Unit",1
"lithologic_data",17,3,1,"Technical",0
"lost_river_improved_channel",17,17,1,"Infrastructure",1
"lower_aquifer",17,2,1,"Natural_Feature",0
"matti",17,8,2,"Person",1
"mcwra_board",17,6,1,"Group",0
"method_detection_limit",17,17,1,"Technical",1
"millville_subbasin",17,8,1,"Basin",0
"miocene",17,2,2,"Nonsense",1
"modflow_owhm",17,3,1,"Technical",0
"morales",17,17,1,"Nonsense",1
"moreland",17,8,2,"Nonsense",1
"mw98b",17,17,1,"Nonsense",1
"napa_valley_subbasin_groundwater_sustainability_plan",17,17,1,"Technical",0
"nawqa",17,8,1,"Federal_Gov",1
"newman",17,8,1,"City",0
"newsom",17,2,1,"Person",1
"north_fork_kings_groundwater_sustainability_agency_board",17,17,1,"Group",0
"office_of_environmental_health_hazard_assessment",17,3,1,"State_Gov",0
"owhm",17,8,1,"Technical",1
"pacific_gas_and_electric",17,3,1,"Local_Gov",0
"pajaro_valley_subbasin",17,17,1,"Basin",0
"plumas",17,17,1,"County",0
"potential_projects",17,8,1,"Water_Project",0
"pre_tertiary",17,3,2,"Geographic_Unit",1
"projects",17,4,1,"Water_Project",0
"raisin_city",17,17,1,"City",0
"rcc",17,17,1,"Group",1
"regional_water_board",17,6,1,"Group",0
"rohnert_park",17,17,1,"City",0
"root_creek_water_district",17,8,1,"District",0
"sacramento_regional_county_contract_with_the_federal_government_under_reclamation_sanitation_district",17,17,1,"District",0
"san_francisco_bay_regional_water_quality_control_board",17,6,1,"Group",0
"san_joaquin_river_restoration_project",17,2,1,"Water_Project",0
"san_joaquin_valley_groundwater_basin",17,2,1,"Basin",0
"san_miguel",17,8,1,"City",0
"sarah_hardgrave",17,17,1,"Person",1
"scv",17,17,1,"District",1
"solano_groundwater_sustainability_plan",17,17,1,"Technical",0
"sonoma_valley_groundwater_sustainability_agency_board",17,17,1,"Group",0
"south_fork_kings_groundwater_sustainability_agency",17,17,1,"Local_GSA",0
"state_department_of_water_resources",17,2,1,"State_Gov",1
"state_mining_and_geology_board",17,17,1,"State_Gov",0
"state_university",17,1,1,"State_Gov",0
"stenner_creek",17,17,1,"Natural_Feature",0
"strategy_implementation_strategy",17,8,2,"Technical",1
"subbasin_groundwater_sustainability_plan",17,17,1,"Technical",0
"surface",17,2,2,"Nonsense",1
"sutherland",17,17,1,"Nonsense",1
"taw",17,8,2,"Nonsense",1
"thiessen",17,6,1,"Nonsense",1
"thomasson_1951",17,8,1,"Reference",1
"town_of_windsor",17,8,1,"Local_Gov",1
"tuolumne_county",17,17,1,"County",0
"tuscan_formations",17,8,1,"Natural_Feature",0
"ulatis_creek",17,17,1,"Natural_Feature",0
"updated",17,3,1,"Nonsense",1
"vina_groundwater_sustainability_agency_board",17,17,1,"Group",0
"water_quality_improvement_plan",17,17,1,"Technical",0
"west_sacramento",17,17,1,"City",0
"white_wolf_fault",17,4,1,"Natural_Feature",1
"williamson",17,3,1,"Nonsense",1
"york_creek",17,8,1,"Natural_Feature",0
"a",16,2,1,"Nonsense",1
"agmar",16,8,1,"Nonsense",1
"allendale",16,16,1,"City",0
"andre_monette",16,16,1,"Person",1
"appendix_i",16,4,1,"Reference",0
"arundell_barranca",16,16,1,"Natural_Feature",1
"ballona_creek",16,16,1,"Natural_Feature",0
"bc",16,8,1,"Nonsense",1
"bear_creek",16,16,1,"City",0
"bedford_coldwater_subbasin",16,8,1,"Basin",0
"below_narrows_account",16,5,2,"Nonsense",1
"ben_lomond",16,16,1,"City",0
"birch_creek",16,16,1,"Natural_Feature",0
"budget",16,3,1,"Nonsense",1
"burow_et_al",16,8,1,"Reference",1
"burt",16,4,1,"Nonsense",1
"calam",16,4,3,"Basin",1
"california_rice_commission",16,5,1,"State_Gov",0
"casa_loma_fault",16,16,1,"Natural_Feature",1
"central_kings_groundwater_sustainably_agency",16,16,1,"Group",0
"chowchilla_subbasin_groundwater_sustainability_plan",16,16,1,"Technical",0
"city_of_berkeley",16,16,1,"City",0
"city_of_ione",16,16,1,"City",0
"clemmens",16,4,2,"Nonsense",1
"community_service_district",16,8,1,"District",0
"congress",16,2,1,"Federal_Gov",1
"county_of_fresno_groundwater_sustainability_agency_delta_mendota_management_area_a",16,16,1,"Local_GSA",0
"county_of_fresno_groundwater_sustainability_agency_delta_mendota_management_area_b",16,16,1,"Local_GSA",0
"davis_et_al",16,4,1,"Reference",1
"del_oro_water_company",16,5,1,"Company",1
"department_of_water_resources_natural_communities_commonly_associated_with_groundwater",16,3,1,"Natural_Feature",0
"distributed_parameter_watershed_model",16,16,1,"Technical",0
"division_6_of_the_water_code",16,2,1,"Legal",0
"enterprise_anderson_groundwater_sustainability_agency_management_committee",16,8,1,"Group",0
"environmental_services_department",16,16,1,"Group",0
"esa",16,4,2,"NGO",1
"forebay_groundwater_sustainability_plan",16,8,1,"Technical",0
"fort_ord_reuse_authority",16,16,1,"Group",0
"fpbgsa_board",16,8,1,"Group",0
"frank_konyn",16,16,1,"Person",1
"freeport",16,8,1,"City",0
"gc",16,16,1,"Nonsense",1
"gridley",16,8,1,"City",0
"groundwater_sustainability_agency_board_and_advisory_committee",16,3,1,"Group",0
"groundwater_sustainability_plan_coordination_committee",16,16,1,"Group",0
"gsflow",16,16,1,"Technical",1
"gws_water_budget",16,4,1,"Technical",1
"hernandez_reservoir",16,16,1,"Infrastructure",0
"hydesville",16,16,1,"City",0
"hydrogeological_conceptual_model",16,5,1,"Technical",0
"integrated_ground_and_surface_water_model",16,16,1,"Technical",0
"interested_parties",16,5,1,"Group",1
"izbicki",16,5,1,"Person",1
"james",16,2,2,"Person",1
"jpa_board",16,16,1,"Group",0
"kennedy_jenks",16,8,1,"Company",1
"kenneth_d_schmidt_and_associates",16,16,1,"District",0
"klausmeyer_et_al",16,4,1,"Reference",1
"krista_mutual_water_company",16,16,1,"Company",1
"lake_county_board_of_supervisors",16,16,1,"Group",0
"los_osos_valley_road",16,16,1,"Nonsense",1
"lpccc",16,16,1,"Group",1
"management_area_plans",16,5,1,"Technical",0
"matilija_dam",16,16,1,"Infrastructure",0
"milliken_creek",16,16,1,"Natural_Feature",0
"millview_county_water_district",16,16,1,"District",0
"montague",16,16,1,"City",0
"moreno_valley",16,16,1,"City",0
"national_land_cover_database",16,3,1,"Technical",0
"nuevo_water_company",16,16,1,"Company",1
"olmsted",16,5,2,"Infrastructure",1
"owens_valley_management_area",16,16,1,"Geographic_Unit",0
"pala_subbasins",16,8,1,"Basin",0
"pauloo_et_al",16,8,1,"Reference",1
"permittee",16,16,1,"Nonsense",1
"purisima_aa",16,16,1,"Basin",1
"purisima_hills",16,5,2,"Geographic_Unit",1
"pvgsa",16,16,1,"Local_GSA",0
"qoa",16,4,1,"Nonsense",1
"qya",16,2,1,"Nonsense",1
"reduction_without_projects_scenario",16,5,1,"Technical",1
"representative_monitoring_points",16,16,1,"Technical",0
"representative_monitoring_well",16,16,1,"Technical",0
"ripon",16,16,1,"City",0
"rock_creek_reclamation_district_groundwater_sustainability_agency",16,16,1,"Local_GSA",0
"root_mean_square_error",16,8,1,"Technical",1
"sacramento_county_water_agency",16,16,1,"Group",0
"santa_monica_urban_runoff_recycling_facility",16,16,1,"Infrastructure",1
"santa_paula_c",16,8,2,"Local_Gov",1
"santa_ynez_valley",16,4,1,"Geographic_Unit",0
"seaside_model",16,16,1,"Technical",0
"shrubland_groundwater_dependent_ecosystem_unit",16,8,1,"Natural_Feature",1
"sierra_vista_mutual_water_company",16,16,1,"Company",1
"slofcwcd",16,8,1,"District",1
"slr",16,16,1,"Nonsense",1
"south_fork_kings",16,16,1,"Natural_Feature",1
"srcd",16,16,1,"District",0
"ssss",16,4,1,"Nonsense",1
"state_lands_commission",16,4,1,"State_Gov",0
"sutter_bypass",16,16,1,"Infrastructure",1
"thomas",16,3,2,"Person",1
"tulare_lake_subbasin",16,4,1,"Basin",0
"turner_island_water_district_groundwater_sustainability_agency_merced",16,16,1,"Local_GSA",0
"united_water",16,8,1,"Company",1
"water_budget_best_management_practice",16,3,1,"Technical",1
"weaver",16,16,1,"Nonsense",1
"white_wolf_subbasin",16,4,1,"Basin",0
"wood",16,8,2,"Nonsense",1
"yolo_subbasins",16,8,1,"Basin",0
"yucaipa_sustainable_groundwater_management_act",16,16,1,"Legal",0
"ag_package",15,8,1,"Technical",1
"arroyo_santa_rosa",15,15,1,"Natural_Feature",1
"bakman",15,15,1,"Nonsense",1
"basal_tehama",15,15,1,"Basin",1
"baseline",15,2,1,"Technical",1
"basin_optimization_scenario",15,15,1,"Technical",1
"biddle_ranch_road",15,15,1,"District",0
"big_ag",15,4,3,"Nonsense",1
"big_springs",15,15,1,"Natural_Feature",1
"board_meetings",15,4,3,"Group",1
"buckeye_creek",15,15,1,"Natural_Feature",0
"buena_vista",15,5,1,"City",0
"buena_vista_coalition",15,15,1,"Group",1
"buttonwillow_service_area",15,15,1,"Geographic_Unit",0
"cal_adapt",15,5,1,"Data_System",1
"california_department_of_water",15,1,1,"State_Gov",0
"california_polytechnic_state_university",15,1,1,"City",0
"camp_fire",15,5,1,"Nonsense",1
"central_valley_groundwater_monitoring_collaborative",15,15,1,"Technical",0
"city_of_firebaugh_groundwater_sustainability_agency",15,15,1,"Local_GSA",0
"city_of_manteca",15,8,1,"City",0
"city_of_mendota_groundwater_sustainability_agency",15,15,1,"Local_GSA",0
"cleanup_program",15,8,1,"Group",1
"coordinated_plan_expenses",15,3,2,"Technical",1
"county_of_los_angeles",15,8,1,"County",0
"county_of_mendocino",15,15,1,"County",0
"cromwell",15,15,1,"Nonsense",1
"davis_ranches",15,15,1,"Local_Gov",1
"dbsa",15,3,1,"Nonsense",1
"department_of_water_resources_county",15,3,1,"County",0
"dune_sand_aquifer",15,15,1,"Natural_Feature",0
"east_kaweah",15,15,1,"Basin",1
"edna",15,15,1,"City",0
"elmira",15,15,1,"City",0
"focused_technical_review",15,5,1,"Technical",0
"formation_environmental",15,5,1,"Company",1
"friant_kern",15,3,1,"Basin",1
"friant_unit",15,8,1,"Basin",1
"fugro_consultants",15,3,1,"Company",1
"gar",15,5,1,"Nonsense",1
"groundwater_extraction_credit_marketing",15,15,1,"Group",1
"groundwater_planning_commission",15,8,1,"Group",0
"groundwater_quality_trend_monitoring_work_plan",15,15,1,"Technical",0
"groundwater_sustainability",15,2,2,"Technical",1
"harmon_barranca",15,5,1,"Natural_Feature",1
"heidi",15,15,1,"District",0
"hemet",15,8,1,"City",0
"i",15,2,1,"Nonsense",1
"inductively_coupled_plasma",15,15,1,"Technical",1
"interior",15,1,1,"Federal_Gov",1
"kennedy_jenks_consultants",15,8,1,"Company",1
"lessalt",15,15,1,"Nonsense",1
"liberty_project",15,15,1,"Water_Project",0
"list_of_interested_parties",15,4,1,"Group",1
"livermore_ranch",15,15,1,"Geographic_Unit",1
"ma_plan",15,15,1,"Technical",0
"mendota_pool_group",15,5,1,"Group",0
"mid_kaweah",15,15,1,"District",0
"mission_hills",15,15,1,"City",0
"morrison_creek",15,15,1,"Natural_Feature",0
"mullin_area_groundwater_sustainability_agency_board",15,15,1,"Group",0
"n",15,2,1,"Nonsense",1
"north_san_benito_groundwater_basin",15,15,1,"Basin",0
"olympic_wellfield",15,15,1,"Infrastructure",1
"paso_robles_area_subbasin",15,15,1,"Basin",0
"patrick_lei",15,5,1,"Person",1
"peter_quinlan",15,15,1,"Person",1
"please",15,3,1,"Nonsense",1
"precipitation_runoff_modeling_software",15,15,1,"Technical",0
"pumpage",15,4,1,"Technical",1
"pws",15,5,2,"Nonsense",1
"q_copy",15,2,1,"Nonsense",1
"quality_assurance_project_plan",15,15,1,"Technical",0
"rancho",15,3,1,"Nonsense",1
"right_bank_far",15,15,1,"Infrastructure",1
"root_zone_model",15,15,1,"Technical",0
"s_associated",15,2,1,"Nonsense",1
"san_francisco_public_utilities_commission",15,15,1,"Group",0
"san_juan_ma",15,15,1,"Local_Gov",1
"san_luis_obispo_valley_basin",15,15,1,"Basin",0
"santa_clara_formation",15,15,1,"Natural_Feature",0
"scwa",15,15,1,"District",1
"sierra_nevada_mountains",15,3,1,"Natural_Feature",1
"siskiyou_county_lu",15,8,1,"Local_Gov",1
"slo_district",15,5,1,"District",0
"sonoma_ecology_center",15,5,1,"NGO",1
"sonoma_volcanics",15,15,1,"Natural_Feature",1
"southern_california_edison",15,3,1,"State_Gov",0
"spadra_basin",15,15,1,"Basin",0
"sqcwd",15,15,1,"District",0
"stakeholder_advisory_group",15,4,1,"Group",0
"stakeholder_engagement_plan",15,5,1,"Technical",0
"stanislaus_river",15,8,1,"Natural_Feature",0
"stewart_tract_groundwater_sustainability_agency",15,15,1,"Local_GSA",0
"surface_water_working_group",15,15,1,"Group",0
"sustainability_criteria",15,4,2,"Technical",1
"technical_team",15,5,1,"Technical",0
"tehama_county_groundwater_sustainability_agency",15,3,1,"Other_GSA",0
"thien",15,15,1,"Nonsense",1
"thomas_harder_co",15,15,1,"Company",1
"tlbwsd",15,15,1,"District",1
"tribal_communities",15,5,1,"Group",0
"uts",15,15,1,"Nonsense",1
"warm_springs_hydrologic_area",15,15,1,"Geographic_Unit",0
"waukena",15,15,1,"City",0
"western_cascade",15,15,1,"Geographic_Unit",1
"wheeler_ridge_maricopa_groundwater_sustainability_agency",15,15,1,"Local_GSA",0
"wicc",15,15,1,"Group",1
"willow",15,2,2,"Nonsense",1
"work_group",15,5,1,"Group",0
"yokohl_creek",15,15,1,"Natural_Feature",0
"yolo_management_areas",15,15,1,"Geographic_Unit",0
"ad_hoc_committee",14,3,1,"Group",0
"ahgw",14,14,1,"Nonsense",1
"alternative_calibration",14,14,1,"Technical",1
"american_society_of_civil_engineers",14,2,1,"NGO",1
"assurance_project_plan",14,2,1,"Technical",0
"banning_heights_mutual_water_company",14,14,1,"Company",1
"beckwourth",14,14,1,"City",0
"bility",14,14,1,"Nonsense",1
"bradley_subarea",14,14,1,"Geographic_Unit",0
"butte_college",14,7,1,"Local_Gov",1
"bvid",14,14,1,"District",0
"byron_bethany_irrigation_district_groundwater_sustainability_agency_tracy",14,14,1,"Local_GSA",0
"calaveras_county_water_district",14,14,1,"District",0
"california_american_water_company",14,7,1,"State_Gov",0
"california_water_code_sections",14,2,1,"State_Gov",0
"casitas_formation",14,14,1,"Natural_Feature",0
"ccf",14,14,1,"Nonsense",1
"ccuf",14,14,1,"District",1
"cga_board",14,14,1,"Group",0
"chase",14,14,1,"Nonsense",1
"city_of_firebaugh",14,14,1,"City",0
"city_of_gustine",14,14,1,"City",0
"city_of_lathrop_groundwater_sustainability_agency",14,14,1,"Local_GSA",0
"city_of_moorpark",14,14,1,"City",0
"city_of_salinas",14,4,1,"City",0
"city_of_santa_clarita",14,14,1,"City",0
"city_of_tracy",14,14,1,"City",0
"city_of_tracy_groundwater_sustainability_agency",14,14,1,"Local_GSA",0
"coldwater",14,14,1,"Natural_Feature",1
"colusa_counties",14,7,1,"Local_Gov",1
"corning_subbasin_groundwater_sustainability_plan",14,3,1,"Technical",0
"country_club_fault",14,5,1,"Natural_Feature",1
"county_of_sacramento",14,14,1,"County",0
"county_of_san_joaquin_groundwater_sustainability_agency_tracy",14,14,1,"Local_GSA",0
"cow_creek",14,14,1,"Natural_Feature",0
"delta_mendota_subbasins",14,2,1,"Basin",0
"delta_mendota_technical_working_group",14,3,1,"Group",0
"department_of_parks_and_recreation",14,2,1,"State_Gov",0
"department_of_water_resources_climate_change_guidance",14,2,1,"District",0
"dqo",14,7,1,"Nonsense",1
"east_fork",14,5,1,"Natural_Feature",1
"eastern_san_joaquin",14,7,2,"Geographic_Unit",1
"el_cerrito",14,7,1,"City",0
"el_verano",14,14,1,"City",0
"emily_gardner",14,14,1,"Person",1
"environmental_law_foundation",14,1,1,"NGO",1
"environmental_services",14,14,1,"Group",1
"evenson",14,7,1,"Person",1
"fallowing_program",14,7,1,"Group",1
"federal",14,2,2,"Nonsense",1
"flows",14,1,1,"Nonsense",1
"forsythe_creek",14,14,1,"Natural_Feature",0
"fresno_county_general_plan",14,5,1,"Technical",0
"glenn_colusa",14,7,2,"Basin",1
"grasslands_groundwater_sustainability_agency",14,14,1,"Local_GSA",0
"groundwater_sustainability_agency_board_of_directors",14,1,1,"Group",0
"groundwater_sustainability_plan_chapter",14,14,1,"Reference",1
"hueneme_aquifer",14,4,1,"Natural_Feature",0
"integrated_regional_water_management_group",14,2,1,"Group",0
"ireland",14,2,1,"Geographic_Unit",1
"irrigation_training_and_research_center_mapping_evapotranspiration_at_high_resolution_with_internalized_calibration",14,14,1,"Technical",1
"kaweah_subbasin_basin_setting",14,7,1,"Geographic_Unit",0
"kearns",14,5,2,"Local_Gov",1
"kern_county_general_plan",14,5,1,"Technical",0
"kings_river_water_quality_coalition",14,5,1,"Group",1
"knight_et_al",14,7,2,"Person",1
"lee_lake",14,14,1,"Natural_Feature",0
"lgawd",14,14,1,"District",0
"live_oak",14,7,1,"City",0
"llc",14,2,1,"Nonsense",1
"local_standards",14,5,1,"Legal",1
"loq",14,14,1,"Nonsense",1
"los_angeles_ventura_county_line",14,7,1,"Geographic_Unit",1
"los_olivos",14,7,1,"City",0
"madera_county_government_center",14,7,1,"Local_Gov",1
"madera_subbasin_coordination_committee",14,7,1,"Group",0
"mark_west_creek",14,14,1,"Natural_Feature",0
"mbawg",14,14,1,"Group",1
"mcgraw_et_al",14,14,1,"Reference",1
"mendocino_county_water_agency",14,14,1,"Group",0
"merced_counties",14,4,1,"Local_Gov",1
"merced_county_department_of_public_health",14,4,1,"Local_Gov",1
"middle_fork_feather_river",14,14,1,"Natural_Feature",0
"minimum_thresholds_and_measurable_objectives",14,2,1,"Technical",1
"monterey_county_water_resources_agency_board_of_supervisors",14,7,1,"Group",0
"mya",14,3,1,"Nonsense",1
"n_dissolved_nd",14,14,1,"Technical",1
"napa_creek",14,14,1,"Natural_Feature",0
"national_water_quality_monitoring_council",14,5,1,"Federal_Gov",0
"natomas_mutual_water_company",14,14,1,"District",1
"new_melones_reservoir",14,4,1,"Infrastructure",0
"north_yolo_management_areas",14,14,1,"Geographic_Unit",0
"orange_county",14,7,1,"County",0
"oregon_state_university",14,2,2,"Nonsense",1
"owens_valley_groundwater_authority_board",14,14,1,"Group",0
"oxnard_plain",14,4,2,"Basin",1
"pajaro",14,3,1,"City",0
"pauba_formation",14,14,1,"Natural_Feature",0
"petaluma_river",14,14,1,"Natural_Feature",0
"pfas",14,4,3,"Technical",1
"porterville_general_plan",14,14,1,"Technical",0
"principal_aquifer",14,7,1,"Natural_Feature",0
"project_and_management_actions",14,2,3,"Technical",1
"quality_assurance_quality_control",14,4,1,"Technical",1
"rcsd_management_area",14,14,1,"Geographic_Unit",0
"right_bank_near",14,14,1,"Nonsense",1
"rincon",14,4,2,"Geographic_Unit",1
"riparian_mixed_hardwood",14,7,1,"Natural_Feature",1
"rl_pql",14,2,1,"Nonsense",1
"rpd",14,7,2,"District",1
"russell",14,14,1,"Nonsense",1
"sacramento_municipal_utility_district",14,5,1,"District",0
"safe_and_affordable_drinking_water_fund",14,2,1,"Legal",1
"saline_intrusion_management_area",14,14,1,"Geographic_Unit",0
"san_andreas",14,4,1,"City",0
"san_mateo_bridge",14,14,1,"District",0
"san_timoteo_badlands",14,14,1,"Natural_Feature",1
"santa_barbara_county_flood_control_and_water_conservation_district",14,4,1,"District",0
"schmidt",14,4,1,"District",0
"sespe_formation",14,14,1,"Natural_Feature",0
"sierra_county",14,14,1,"County",0
"soboba_pit",14,14,1,"Infrastructure",1
"sodium_adsorption_ratio",14,14,1,"Technical",1
"southern_minnesota_beet_sugar_cooperative",14,7,1,"Company",1
"spreckels_sugar_company",14,7,1,"Company",1
"steffen",14,7,1,"Person",1
"superior_court",14,2,2,"Nonsense",1
"talmage",14,14,1,"City",0
"tejon_creek",14,14,1,"Natural_Feature",0
"theis_et_al",14,2,2,"Person",1
"this_basin_setting",14,5,1,"Geographic_Unit",0
"tier_1_dischargers",14,2,1,"Group",1
"tooleville",14,7,1,"City",0
"tres_pinos_valley",14,14,1,"Geographic_Unit",0
"tri_county_water_authority",14,7,1,"Group",0
"tui_chub",14,14,1,"Natural_Feature",1
"ucla",14,14,1,"NGO",1
"upper_ventura_river_groundwater_agency_board_of_directors",14,14,1,"Group",0
"vandenberg_village",14,14,1,"City",0
"varies",14,2,1,"Nonsense",1
"victor_formation",14,7,1,"Natural_Feature",0
"voting_representatives",14,14,1,"Group",1
"wac",14,14,1,"District",1
"wsip",14,14,1,"Nonsense",1
"wyandotte_creek_subbasins",14,5,1,"Basin",0
"advisory_committees",13,3,1,"Group",0
"alternate_board",13,6,1,"Group",0
"appendix_2_c",13,6,1,"Reference",0
"appendix_l1",13,13,1,"Reference",0
"basin_optimization",13,13,1,"Technical",1
"bertoldi",13,2,2,"Person",1
"bfw",13,6,1,"Nonsense",1
"board_chambers",13,3,1,"Infrastructure",1
"bondy",13,6,1,"Nonsense",1
"bos",13,4,2,"Local_Gov",1
"browns_valley_irrigation_district",13,13,1,"District",0
"buena_vista_gsa",13,13,1,"Other_GSA",0
"c2vsimfgkern",13,13,1,"Nonsense",1
"cache_slough",13,13,1,"Natural_Feature",0
"cal_poly",13,4,1,"Local_Gov",1
"ch2_m",13,13,1,"Reference",1
"chumash",13,3,2,"Nonsense",1
"city_of_ceres",13,13,1,"City",0
"city_of_clovis",13,13,1,"City",0
"city_of_los_banos_groundwater_sustainability_agency",13,13,1,"Local_GSA",0
"city_of_newman_groundwater_sustainability_agency",13,13,1,"Local_GSA",0
"city_of_norco",13,13,1,"City",0
"city_of_rocklin",13,4,1,"City",0
"coast_live_oak",13,6,1,"Natural_Feature",1
"community_engagement_plan",13,6,1,"Technical",0
"conservation_element",13,2,2,"Nonsense",1
"continental",13,1,1,"Nonsense",1
"county_of_madera_groundwater_sustainability_agency_delta_mendota",13,13,1,"Local_GSA",0
"county_of_riverside",13,13,1,"County",0
"d_plant",13,13,1,"Infrastructure",1
"davenport_creek",13,13,1,"Natural_Feature",0
"depletion_of_interconnected_surface_water",13,2,1,"Natural_Feature",1
"derek_lieberman",13,13,1,"Person",1
"desalter",13,4,1,"Infrastructure",1
"develop",13,1,1,"Nonsense",1
"dmb",13,13,1,"Nonsense",1
"draft_line",13,13,1,"Nonsense",1
"dwinnell_dam",13,13,1,"Infrastructure",0
"edd",13,3,2,"State_Gov",1
"escalon",13,13,1,"City",0
"etal",13,3,1,"Nonsense",1
"evaluate",13,3,1,"Nonsense",1
"evaluation_of_benefits",13,13,1,"Technical",1
"evt",13,6,2,"Technical",1
"felton_system",13,13,1,"Infrastructure",1
"flint",13,4,2,"Geographic_Unit",1
"gcm",13,4,2,"Nonsense",1
"general_head_boundary",13,4,2,"Natural_Feature",1
"government",13,13,1,"Nonsense",1
"grenada",13,13,1,"City",0
"groundwater_quality_assessment_report",13,2,1,"Technical",0
"groundwater_sustainability_plan_regulation",13,3,1,"Legal",0
"groundwater_system",13,6,1,"Natural_Feature",0
"harder",13,6,1,"Nonsense",1
"indio",13,13,1,"City",0
"jameson_american_canyon",13,13,1,"Local_Gov",1
"john_scarborough",13,13,1,"Person",1
"karina_danek",13,13,1,"Person",1
"kayvan",13,13,1,"Person",1
"kenneth_d_schmidt_associates",13,4,1,"District",0
"kern_river_groundwater_sustainability_agency_agricultural_ma",13,13,1,"District",1
"kettleman_city",13,4,1,"City",0
"kirkwood_water_district",13,13,1,"District",0
"lake_cachuma",13,4,1,"Infrastructure",1
"lydon",13,3,1,"Nonsense",1
"mabia",13,13,1,"Basin",1
"madera_regional_groundwater_management_plan",13,6,1,"Technical",0
"malaga",13,13,1,"City",0
"marina_coast_water_district_groundwater_sustainability_agency_monterey",13,13,1,"Local_GSA",0
"mckay_point",13,6,1,"Natural_Feature",1
"mga_board_of_directors",13,13,1,"Group",0
"microsoft_access",13,2,1,"Technical",1
"milliken",13,13,1,"Local_Gov",1
"modesto_subbasins",13,6,1,"Basin",0
"monitoring_plans",13,3,1,"Technical",0
"montecito_creek",13,13,1,"Natural_Feature",0
"mound_basin_groundwater_sustainability_agency_board_of_directors",13,13,1,"Group",0
"n_nd",13,13,1,"Nonsense",1
"napa_county_general_plan",13,13,1,"Technical",0
"napa_county_groundwater_monitoring_plan",13,13,1,"Technical",0
"national_academy_of_sciences",13,4,1,"NGO",1
"naws_china_lake",13,13,1,"Natural_Feature",0
"ndgsa",13,13,1,"Other_GSA",0
"neogene",13,4,3,"Nonsense",1
"nhd",13,4,1,"Data_System",1
"niles_cone_groundwater_basin",13,13,1,"Basin",0
"normalized_difference_moisture_index",13,4,1,"Technical",1
"olancha",13,13,1,"City",0
"ordnance_survey",13,6,2,"Nonsense",1
"pixley_pud",13,4,1,"District",1
"professional_engineer",13,2,1,"Nonsense",1
"project_coordinator",13,6,1,"Nonsense",1
"qc_data",13,13,1,"Technical",0
"relates",13,6,1,"Nonsense",1
"resource_capacity_study",13,13,1,"Technical",1
"sacramento_river_settlement_contractors",13,6,1,"Group",1
"salinas_valley_basin_groundwater_sustainability_agency_monterey",13,13,1,"Local_GSA",0
"salsipuedes_creek",13,6,1,"Natural_Feature",0
"salt_slough",13,13,1,"Natural_Feature",0
"san_diego_county_water_authority",13,6,1,"Group",0
"san_jacinto_wildlife_area",13,13,1,"Geographic_Unit",0
"san_joaquin_river_exchange_contractors_water_authority_groundwater_sustainability_agency",13,13,1,"Other_GSA",0
"san_joaquin_valley_index",13,6,2,"Data_System",1
"san_pasqual_groundwater_management_plan",13,13,1,"Technical",0
"san_ysidro_creek",13,13,1,"Natural_Feature",0
"schedule",13,1,2,"Reference",1
"scripps_orbit_and_permanent_array_center",13,13,1,"Infrastructure",1
"sdsy",13,13,1,"Nonsense",1
"section_3_sustainable_management_criteria",13,13,1,"Reference",0
"selma",13,4,1,"City",0
"sewa",13,13,1,"District",1
"shac",13,13,1,"Group",1
"sloughhouse_resource_conservation_district",13,13,1,"District",0
"smc9",13,6,1,"Nonsense",1
"solano_subbasin_data_management_system",13,13,1,"Technical",0
"somis_fault",13,13,1,"Natural_Feature",1
"south_mesa_water_company",13,13,1,"Company",1
"south_yolo",13,13,1,"District",1
"southeast_sacramento_county_agricultural_water_authority",13,6,1,"Group",0
"state_coastal_conservancy",13,3,1,"State_Gov",0
"state_of_emergency",13,13,1,"Legal",1
"state_water_resource_control_board",13,2,1,"Group",0
"streambed_infiltration",13,2,1,"Natural_Feature",1
"summerland",13,13,1,"City",0
"sumner_hill",13,13,1,"Geographic_Unit",1
"sustainability_agency",13,2,1,"Group",0
"swarzenski",13,13,1,"Nonsense",1
"tehama_county_board_of_supervisors",13,3,1,"Group",0
"tejon_castac_management_areas",13,13,1,"Geographic_Unit",0
"temescal_groundwater_sustainability_plan",13,13,1,"Technical",0
"tertiary_sonoma",13,6,2,"Natural_Feature",1
"thermalito_water_and_sewer_district",13,13,1,"District",0
"tonyville",13,13,1,"City",0
"tre_altamira",13,4,1,"Nonsense",1
"tributaries_groundwater_dependent_ecosystem_unit",13,13,1,"Geographic_Unit",1
"tulare_lake",13,13,1,"Natural_Feature",0
"tulare_lake_basin_water_storage_district",13,6,1,"District",0
"tule_subbasin_data_management_system",13,3,1,"Technical",0
"turner_island_water_district_groundwater_sustainability_agency_delta_mendota",13,13,1,"Local_GSA",0
"united_states_army_corps_of_engineers_sacramento",13,13,1,"Federal_Gov",1
"water_allocation_plan",13,13,1,"Technical",0
"water_forum_agreement",13,6,1,"Group",0
"well_protection_program",13,13,1,"Group",1
"west_placer_groundwater_sustainability_agency",13,13,1,"Local_GSA",0
"west_turlock",13,13,1,"Geographic_Unit",1
"wheatland",13,13,1,"City",0
"wutchumna_water_company",13,13,1,"Company",1
"zayante_fault",13,13,1,"Natural_Feature",1
"agriculture",12,1,1,"Nonsense",1
"airborne_electromagnetic",12,2,1,"Technical",1
"alfalfa",12,3,1,"Nonsense",1
"annual_report",12,2,1,"Technical",0
"anthony",12,12,1,"Nonsense",1
"appendix_1",12,2,1,"Reference",0
"aquifer_cleanup_level",12,12,1,"Technical",1
"arroyo_grande_subbasin",12,12,1,"Basin",0
"arroyo_securities_and_exchange_commissiono_rd_ws",12,3,1,"Nonsense",1
"assembly_bill",12,1,1,"Legal",0
"astm",12,2,2,"Legal",1
"atascadero_creek",12,12,1,"Natural_Feature",0
"basin_boundary_modification",12,12,1,"Legal",1
"basin_characteristics_model",12,3,1,"Technical",0
"basin_management_objective",12,4,1,"Nonsense",1
"big_springs_complex",12,12,1,"Natural_Feature",1
"big_valley",12,6,1,"Geographic_Unit",0
"bill_390",12,1,1,"Legal",1
"bookkeeping_party",12,12,1,"Nonsense",1
"bookman_edmonston",12,6,1,"Person",1
"brackish_water_group",12,12,1,"Group",0
"brennan",12,12,1,"Nonsense",1
"butte_advisory_board",12,12,1,"Group",0
"calaveras",12,6,1,"County",0
"california_division_of_drinking_water",12,3,1,"State_Gov",0
"california_endangered_species_act",12,6,1,"State_Gov",0
"california_health_and_safety_code",12,2,1,"State_Gov",0
"california_land_stewardship_institute",12,12,1,"State_Gov",0
"california_natural_diversity_database",12,2,1,"State_Gov",0
"california_soil_resource_lab",12,1,1,"State_Gov",0
"canyon_view_ranch",12,12,1,"Nonsense",1
"casitas_springs_area",12,12,1,"Geographic_Unit",0
"castaic",12,12,1,"City",0
"cebada",12,6,1,"Nonsense",1
"centerville",12,6,1,"City",0
"cerini",12,12,1,"Person",1
"chalfant_valley",12,12,1,"Geographic_Unit",0
"charnock_wellfield",12,12,1,"Infrastructure",1
"chino_valley_model",12,12,1,"Technical",0
"cienega_springs",12,6,1,"Natural_Feature",1
"city_of_fortuna",12,12,1,"City",0
"city_of_hanford",12,6,1,"City",0
"city_of_paso",12,6,1,"City",0
"city_of_ripon",12,12,1,"City",0
"clark_colony_water_company",12,12,1,"Company",1
"coastal_land_use_plan",12,6,1,"Technical",0
"communications_goal_development",12,2,2,"Technical",1
"council_chambers",12,3,2,"Nonsense",1
"county_groundwater_sustainability_agency",12,4,1,"Other_GSA",0
"court_of_appeal",12,4,1,"Nonsense",1
"cwl",12,6,1,"Nonsense",1
"deep_aquifer",12,12,1,"Natural_Feature",0
"deep_aquifer_zones",12,12,1,"Geographic_Unit",0
"delta",12,2,3,"Natural_Feature",1
"department_of_public_works",12,2,1,"Local_Gov",1
"department_or_water_resources",12,12,1,"State_Gov",1
"disadvantaged_community_committee",12,3,1,"Group",0
"earlimart",12,12,1,"City",0
"east_kern_county_resource_conservation_district",12,12,1,"District",0
"eastern_san_joaquin_subbasin",12,4,1,"Basin",0
"el_toro_primary_aquifer",12,12,1,"Natural_Feature",0
"elsinore_valley_model",12,12,1,"Technical",0
"engagement_with_tribal_governments_guidance_document",12,1,1,"District",0
"environmental_laboratory_accreditation_program",12,6,1,"State_Gov",1
"estrella_subarea",12,12,1,"Geographic_Unit",0
"f",12,1,1,"Nonsense",1
"federal_government",12,2,1,"Federal_Gov",1
"feeney",12,3,1,"Nonsense",1
"figuers",12,12,1,"Nonsense",1
"fillmore_irrigation_company",12,6,1,"Company",1
"fordel",12,4,1,"Nonsense",1
"friant_water_users_authority",12,1,1,"Group",0
"future_baseline_with_projects_scenario",12,6,1,"Technical",1
"galloway",12,2,1,"Nonsense",1
"galt_irrigation_district",12,12,1,"District",0
"garcia",12,2,1,"Nonsense",1
"grassland_ecological_area",12,12,1,"Geographic_Unit",0
"groundwater_banking_feasibility_study",12,4,1,"Technical",1
"groundwater_sustainability_plan_groundwater_sustainability_plan",12,4,1,"Technical",0
"groundwater_sustainability_plan_implementation_network",12,12,1,"Group",1
"group_3",12,12,1,"Group",1
"herald",12,12,1,"City",0
"hfb",12,12,1,"Nonsense",1
"hollywood",12,12,1,"Geographic_Unit",1
"hornbrook_formation",12,12,1,"Natural_Feature",0
"household_water_supply_shortage_reporting_system",12,6,1,"Technical",0
"hydrologic_response_unit",12,12,1,"Technical",1
"implementation",12,2,1,"Nonsense",1
"integrated_resource_water_management_plan",12,2,1,"Technical",0
"interested_parties_list",12,3,2,"Group",1
"ipums_national_historical_geographic_information_system_database",12,3,1,"Technical",0
"isa",12,12,1,"Nonsense",1
"jasperse",12,4,1,"Nonsense",1
"johnson_et_al",12,12,1,"Reference",1
"kck",12,12,1,"Nonsense",1
"kern_county_c2vsimfg_bypassspecsdat_removed",12,3,2,"Data_System",1
"kern_county_subbasin_for",12,3,1,"Basin",1
"keyes",12,12,1,"City",0
"kriging",12,4,1,"Technical",1
"la",12,4,2,"Nonsense",1
"laguna_de_santa_rosa",12,12,1,"Natural_Feature",1
"lahontan_regional_water_quality_control_board",12,12,1,"Group",0
"lofgren",12,2,1,"Person",1
"los_angeles_regional_board",12,12,1,"Group",0
"los_banos_creek_detention_reservoir",12,12,1,"Infrastructure",0
"lowlands_subbasin",12,12,1,"Basin",0
"maine",12,12,1,"State_Gov",1
"mariposa_creek",12,6,1,"Natural_Feature",0
"maximum_benefits_monitoring_program",12,12,1,"Technical",0
"mcclellan_air_force_base",12,6,1,"Infrastructure",1
"mcmullin",12,12,1,"Basin",1
"mendenhall_et_al",12,2,1,"Reference",1
"mendocino_county_resource_conservation_district",12,12,1,"District",0
"merced_sustainable_groundwater_management_act",12,12,1,"Legal",0
"meyers",12,4,1,"City",0
"miugsa",12,12,1,"Local_GSA",0
"model",12,3,1,"Technical",0
"most",12,2,1,"Nonsense",1
"mule_fat",12,12,1,"Natural_Feature",1
"mw15",12,12,1,"Nonsense",1
"napa_county_groundwater_sustainability_agency_board_of_directors",12,12,1,"Group",0
"nathanson_creek",12,12,1,"Natural_Feature",0
"national_centers_for_environmental_information",12,2,1,"Federal_Gov",0
"national_cooperative_soil_survey",12,2,2,"Group",1
"national_program",12,12,1,"Nonsense",1
"national_wetland_inventory",12,2,1,"Data_System",1
"native_american_tribal_communities",12,4,1,"Group",0
"no3n",12,12,1,"Nonsense",1
"no_groundwater_sustainability_agency_party",12,2,2,"Nonsense",1
"non_cal_am",12,12,1,"Nonsense",1
"olcese_water_district",12,12,1,"District",0
"owens_valley_groundwater_authority_board_of_directors",12,12,1,"Group",0
"paskenta_band",12,12,1,"Group",1
"patsy",12,12,1,"Nonsense",1
"plan_review_committee",12,4,1,"Group",0
"poplar_irrigation_company",12,2,2,"Company",1
"potter_valley_project",12,6,1,"Water_Project",0
"prefumo_creek",12,12,1,"Natural_Feature",0
"primary_directors",12,2,2,"Group",1
"putah_creek_council",12,12,1,"Group",0
"qa_qc",12,2,1,"Technical",1
"rcdmc",12,12,1,"District",1
"representative_monitoring_networks",12,12,1,"Technical",0
"riley",12,2,1,"Nonsense",1
"riverside",12,2,1,"County",0
"rock_creek",12,4,1,"Natural_Feature",0
"s_disadvantaged_community",12,6,1,"Group",0
"sacramento_groundwater_authority_groundwater_sustainability_agency",12,12,1,"Local_GSA",0
"sagbi",12,6,2,"Data_System",1
"san_benito_county_water_district_act",12,12,1,"Legal",0
"san_gabriel_fault",12,12,1,"Natural_Feature",1
"san_gabriel_valley_basin",12,12,1,"Basin",0
"san_gorgonio_pass_groundwater_sustainability_agency",12,12,1,"Local_GSA",0
"santa_barbara_groundwater_basin",12,12,1,"Basin",0
"santa_rosa_valley",12,2,1,"City",0
"santa_ynez_band",12,4,1,"Group",1
"santa_ynez_river_valley",12,6,1,"Geographic_Unit",0
"sgiwgm",12,12,1,"Nonsense",1
"siskiyou_county_board_of_supervisors",12,4,1,"Group",0
"sisquoc_formation",12,4,1,"Natural_Feature",0
"sjr",12,12,1,"Basin",1
"smc7",12,6,1,"Nonsense",1
"smithneck_creek",12,12,1,"Natural_Feature",0
"somis_fault_zone",12,12,1,"Geographic_Unit",0
"south_san_jose_creek",12,12,1,"Natural_Feature",0
"southern_california",12,2,1,"State_Gov",0
"spadra_groundwater_sustainability_agency",12,12,1,"Other_GSA",0
"ssci",12,6,2,"Group",1
"stakeholder_workshops",12,6,1,"Group",1
"surface_water_system_overdraft",12,6,2,"Technical",1
"sustainable_groundwater_management_act_tools",12,1,1,"Legal",1
"swat",12,12,1,"Technical",1
"t_summary_of_quality_assurance_evaluation",12,2,1,"Reference",1
"tejon",12,6,1,"Basin",1
"tejon_ranch_conservation_land_use_agreement",12,4,1,"Group",0
"temescal_basin_model",12,12,1,"Technical",0
"teviston",12,12,1,"City",0
"this_physical_solution",12,12,1,"Nonsense",1
"thousand_oaks",12,3,1,"City",0
"tm5",12,2,1,"Nonsense",1
"tri_county",12,3,1,"County",0
"tulare_county_flood_control_district",12,4,1,"District",0
"tulare_county_housing_element_action_program",12,4,2,"Legal",1
"tule_river",12,3,1,"Natural_Feature",0
"tule_subbasin_groundwater_sustainability_agency",12,3,1,"Other_GSA",0
"u_v190_map_features_tule_groundwater_subbasin_alfalfa",12,2,1,"Reference",0
"ucs",12,6,1,"Nonsense",1
"upper_tehama",12,12,1,"Basin",1
"urc",12,3,2,"District",1
"us_geological_survey_professional_paper",12,1,2,"Reference",1
"valencia_water_reclamation_plant",12,12,1,"Infrastructure",1
"vallejo",12,12,1,"City",0
"valley_springs",12,3,1,"City",0
"w_alisa",12,2,1,"Nonsense",1
"water",12,1,2,"Natural_Feature",1
"water_quality_partnership",12,12,1,"Group",1
"wdr",12,6,1,"District",0
"wells_2",12,12,1,"Infrastructure",1
"west_basin_municipal_water_district",12,12,1,"District",0
"west_oxnard_plain_management_area",12,12,1,"Geographic_Unit",0
"west_well_field",12,12,1,"Infrastructure",1
"western_heights_management_areas",12,12,1,"Geographic_Unit",0
"western_municipal_water_district",12,6,1,"District",0
"western_riverside_county_regional_wastewater_authority",12,6,1,"Group",0
"westside_san_joaquin",12,2,1,"District",0
"wildcat_creek",12,6,1,"Natural_Feature",0
"williamson_method",12,3,1,"Technical",1
"woodring_et_al",12,3,1,"Reference",1
"af_ac",11,6,2,"District",1
"amsl",11,6,1,"Nonsense",1
"annual_groundwater_reports",11,11,1,"Technical",0
"annual_reports",11,6,1,"Technical",0
"appendix_3",11,6,1,"Reference",0
"aquifer_systems_a",11,6,1,"Basin",1
"arden",11,4,2,"Geographic_Unit",1
"arroyo_simi_las_posas",11,11,1,"Basin",1
"audubon",11,3,1,"NGO",1
"awmp",11,2,2,"Group",1
"bakersfield_arch",11,4,2,"Nonsense",1
"ballona_wetlands_ecological_reserve",11,11,1,"Natural_Feature",1
"bell_canyon_reservoir",11,11,1,"Infrastructure",0
"board_of_trustees",11,6,1,"Group",1
"boeing",11,11,1,"Company",1
"bouquet_canyon",11,11,1,"Natural_Feature",1
"bouquet_creek",11,11,1,"Natural_Feature",0
"bureau",11,2,2,"Local_Gov",1
"california_central_valley_groundwater_surface_water_simulation_model",11,1,1,"State_Gov",0
"california_city",11,11,1,"City",0
"california_safe_drinking_water_act",11,4,1,"State_Gov",0
"calsimetaw",11,2,3,"NGO",1
"caltrans",11,2,1,"State_Gov",0
"camp_evers",11,11,1,"Natural_Feature",1
"capay",11,11,1,"Geographic_Unit",1
"carlotta_formation",11,11,1,"Natural_Feature",0
"channel_aquifer",11,11,1,"Natural_Feature",0
"charles",11,11,1,"Person",1
"checkbook",11,6,1,"Nonsense",1
"chualar",11,3,1,"City",0
"city_of_tulelake",11,4,1,"City",0
"cma_groundwater_sustainability_agency_committee",11,11,1,"Group",0
"code",11,4,1,"Legal",0
"communication_and_engagement_subcommittee",11,11,1,"Group",0
"conejo_hills",11,11,1,"Geographic_Unit",1
"contra_costa",11,4,1,"County",0
"corona_department_of_water_and_power",11,6,1,"Local_Gov",1
"cosumnes_groundwater_authority",11,11,1,"Group",0
"cosumnes_subbasin_groundwater_sustainability_plan",11,11,1,"Technical",0
"cosumnes_subbasin_working_group",11,11,1,"Group",0
"county_of_butte",11,3,1,"County",0
"county_planning_department",11,3,1,"Group",0
"creighton_ranch",11,11,1,"Local_Gov",1
"croft_gordon",11,6,1,"Person",1
"current_water_budget",11,4,1,"Technical",1
"department_of_water_resources_best_management_practices",11,1,2,"Legal",1
"dipaw",11,11,1,"Nonsense",1
"drinking_water_wells_protection_program",11,11,1,"Group",1
"edgewood",11,11,1,"City",0
"el_rico",11,11,1,"Nonsense",1
"es",11,4,1,"Nonsense",1
"ets",11,11,1,"Nonsense",1
"fairview",11,11,1,"City",0
"faq",11,3,1,"Reference",1
"farmers_irrigation_company",11,6,1,"District",1
"fill",11,2,1,"Nonsense",1
"fire_and_resource_assessment_program",11,6,1,"Group",1
"fresno_county_pleasant_valley",11,11,1,"Geographic_Unit",0
"fully_protected",11,1,1,"Legal",1
"garner_et_al",11,11,1,"Reference",1
"geoscience_support_services_inc",11,11,1,"Company",1
"global_positioning_systems",11,6,1,"Technical",1
"groundwater_dependent_ecosystem_units",11,4,2,"Natural_Feature",1
"groundwater_sustainability_plan_development_team",11,6,1,"Group",1
"henry_miller",11,6,1,"Person",1
"hilmar",11,11,1,"Geographic_Unit",1
"inactive_rancho_cordova_test_site",11,11,1,"Infrastructure",1
"kcwa",11,11,1,"District",1
"kern_county_public_health_services_department",11,4,1,"Group",0
"kern_county_water_agency_improvement_district_no",11,3,1,"District",1
"kern_river",11,6,1,"Natural_Feature",0
"kiessling",11,11,1,"Nonsense",1
"ladpw",11,11,1,"Local_Gov",1
"lidar",11,4,1,"District",0
"linden_county_water_district",11,11,1,"District",0
"loleta_community_services_district",11,11,1,"District",0
"lsce_technical_peer_review_mtg",11,11,1,"Technical",0
"madera_irrigation_district_board",11,11,1,"Group",0
"management_area_exceedance",11,11,1,"Technical",1
"management_of_groundwater",11,11,1,"Technical",1
"markley_formation",11,11,1,"Natural_Feature",0
"matt",11,11,1,"Person",1
"matt_wiedlin",11,11,1,"Person",1
"maxwell",11,11,1,"City",0
"merced_county_groundwater_sustainability_agency",11,11,1,"Other_GSA",0
"merced_subbasin_groundwater_sustainability_plan",11,11,1,"Technical",0
"methyl_tertiary_butyl_ether",11,11,1,"Nonsense",1
"meyers_water_bank",11,6,1,"Water_Project",1
"monitoring_program",11,3,1,"Technical",0
"mulefat",11,4,1,"Natural_Feature",1
"nacimiento_reservoir",11,3,1,"Infrastructure",0
"national_wetlands_inventory",11,4,1,"Data_System",1
"nd",11,4,1,"Nonsense",1
"owens_lake_management_area",11,11,1,"Geographic_Unit",0
"pacheco_reservoir_expansion_project",11,11,1,"Water_Project",0
"patwin",11,11,1,"Group",1
"petaluma_valley_groundwater_sustainability_agency_board",11,11,1,"Group",0
"pid",11,11,1,"District",0
"placer_county_water_agency",11,4,1,"Group",0
"pleasant_valley_state_prison",11,11,1,"Nonsense",1
"policy_advisory_committee",11,11,1,"Group",0
"porter_cologne_water_quality_control_act",11,2,1,"Legal",0
"precipitation_elevation_regressions_on_independent_slopes_model",11,3,1,"Technical",0
"prepare",11,3,1,"Nonsense",1
"programmatic_environmental_impact_report",11,11,1,"Technical",0
"public_health_goals",11,4,1,"Legal",1
"pud",11,6,1,"District",1
"q2_spu",11,11,1,"Technical",1
"recycled_water_facilities_planning_study",11,11,1,"Technical",1
"red_willow",11,11,1,"Natural_Feature",1
"riverside_county_department_of_environmental_health",11,4,1,"District",0
"rmc",11,4,1,"Nonsense",1
"robles_subbasin",11,11,1,"Basin",0
"sacramento_regional_water_bank",11,6,1,"Water_Project",1
"sacramento_suburban_water_district",11,4,1,"District",0
"salt_wells_valley",11,11,1,"Geographic_Unit",0
"san_luis_obispo_valley",11,11,1,"Geographic_Unit",0
"san_luis_unit",11,4,1,"District",1
"san_timoteo_subbasin",11,11,1,"Basin",0
"santa_cruz_co_op",11,11,1,"Group",1
"santa_maria_creeks",11,11,1,"Natural_Feature",0
"santa_rosa_plain_groundwater_sustainability_agency_board",11,11,1,"Group",0
"sdac_disadvantaged_community",11,11,1,"Group",0
"searles_valley_minerals_inc",11,11,1,"Company",1
"sespe_upland",11,6,1,"Geographic_Unit",1
"sgs_orlando",11,11,1,"District",1
"smc5",11,11,1,"Nonsense",1
"soda_creek_fault",11,11,1,"Natural_Feature",1
"soil_mechanics_and_foundation_engineers",11,11,1,"Company",1
"soil_water_budget_model",11,11,1,"Technical",0
"solomon_hills",11,11,1,"Natural_Feature",1
"species_of_special_concern",11,4,1,"Natural_Feature",1
"stratford",11,11,1,"City",0
"streamkeeper",11,11,1,"NGO",1
"subareas",11,4,1,"Geographic_Unit",0
"sulphur_creek",11,6,1,"Natural_Feature",0
"sutter_national_wildlife_refuge",11,11,1,"Natural_Feature",1
"svrp",11,11,1,"Group",1
"sw_gw",11,6,1,"Nonsense",1
"sweetkind_et_al",11,6,1,"Reference",1
"sy",11,3,1,"Nonsense",1
"table",11,2,1,"Reference",0
"terra_bella_community_plan",11,11,1,"Technical",0
"this_communication_and_engagement_plan",11,1,1,"Technical",0
"total_dissolved_solid",11,11,1,"District",0
"tracy_subbasins",11,4,1,"Basin",0
"transmissivity",11,1,1,"Technical",1
"turlock_subbasin_groundwater_sustainability_plan",11,11,1,"Technical",0
"twitter",11,2,2,"Company",1
"upper_valley",11,11,1,"Geographic_Unit",0
"vista_clara",11,11,1,"Company",1
"wagner",11,4,2,"Nonsense",1
"waste_discharge_requirements",11,2,1,"Legal",1
"water_quality_management_coordination_project",11,11,1,"Water_Project",0
"water_quality_supply",11,2,2,"Nonsense",1
"watson_creek",11,11,1,"Natural_Feature",0
"weber",11,6,2,"Nonsense",1
"wells_c",11,11,1,"Infrastructure",1
"west_turlock_subbasin",11,6,1,"Basin",0
"western_management_area_groundwater_sustainability_agency_committee",11,11,1,"Group",0
"wilson",11,4,1,"Nonsense",1
"winton",11,11,1,"City",0
"yokohl",11,4,2,"Geographic_Unit",1
"yreka_creek",11,11,1,"Natural_Feature",0
"zaca_creek",11,11,1,"Natural_Feature",0
"aarhus_workbench",10,5,1,"Technical",1
"adobe_creek_reservoir",10,10,1,"Infrastructure",0
"ag_managed_aquifer_recharge",10,10,1,"Water_Project",1
"alluvium",10,3,1,"Natural_Feature",0
"alta_mutual_water_company",10,2,1,"Company",1
"an_encroachment_permit",10,2,1,"Legal",1
"anc",10,10,1,"Nonsense",1
"anderson_subbasin_groundwater_sustainability_plan",10,5,1,"Technical",0
"aquilogic",10,10,1,"Company",1
"arizona",10,5,1,"State_Gov",1
"authority_board",10,10,1,"Group",0
"banning",10,10,1,"City",0
"bouquet_reservoir",10,10,1,"Infrastructure",0
"bramlette",10,5,1,"Nonsense",1
"branciforte_creek",10,10,1,"Natural_Feature",0
"budget_and_finance_committee",10,2,1,"Group",0
"butte_county_board_of_supervisors",10,5,1,"Group",0
"c_clay",10,5,1,"Natural_Feature",0
"cabazon_storage",10,10,1,"Infrastructure",1
"california_natural_diversity_data_base",10,10,1,"State_Gov",0
"canyon_irrigation_company",10,5,1,"Company",1
"careaga_formation",10,5,1,"Natural_Feature",0
"castac_basin_numerical_model",10,10,1,"Technical",0
"cbi",10,10,1,"Company",1
"chad_taylor",10,3,1,"Person",1
"chg",10,10,1,"Nonsense",1
"city_of_exeter",10,5,1,"City",0
"city_of_lake_elsinore",10,10,1,"City",0
"city_of_orland",10,5,1,"City",0
"city_of_oroville",10,10,1,"City",0
"city_of_richmond",10,10,1,"City",0
"city_of_yuba_city",10,10,1,"City",0
"common_technical_memoranda",10,2,1,"Technical",0
"completion_reports",10,1,1,"Technical",0
"conejo_creek_project",10,3,1,"Water_Project",0
"conservancy",10,2,2,"District",1
"consultant_team",10,10,1,"Group",1
"consulting_engineers",10,1,2,"Nonsense",1
"coordination_program",10,2,1,"Group",1
"corral_de_piedras_creek",10,10,1,"Natural_Feature",0
"county_of_sacramento_groundwater_sustainability_agency_south_american",10,10,1,"Local_GSA",0
"cross",10,3,1,"Nonsense",1
"cuyama_basin_water_resources_model",10,10,1,"Technical",0
"dairy_general_order_monitoring_program",10,2,1,"Technical",0
"depletion_of_interconnected_surface_water_sustainability_indicator",10,10,1,"Technical",1
"discovery_bay_community_services_district_groundwater_sustainability_agency",10,10,1,"Local_GSA",0
"dissolved",10,5,1,"Nonsense",1
"dixon_resource_conservation_district",10,10,1,"District",0
"earlimart_public_utility_district_management_area",10,10,1,"Geographic_Unit",0
"east_kaweah_groundwater_sustainability_agency_board_of_directors",10,10,1,"Group",0
"east_stanislaus",10,5,1,"District",1
"eastside_aquifer_subbasin",10,3,1,"Basin",0
"edf",10,2,1,"Nonsense",1
"el_camino_irrigation_district",10,10,1,"District",0
"el_toro_creek",10,10,1,"Natural_Feature",0
"ema_groundwater_sustainability_agency_committee",10,10,1,"Group",0
"epworth_gravels",10,10,1,"Natural_Feature",1
"eureka",10,10,1,"City",0
"exchange_contract",10,10,1,"Legal",0
"f_monitoring",10,1,1,"Technical",0
"fan_et_al",10,5,1,"Person",1
"fill_data_gaps",10,2,1,"Technical",0
"fiscal_and_contracting_entity",10,10,1,"Legal",1
"flood_alert",10,10,1,"Technical",1
"flood_management_actionsr",10,10,1,"Nonsense",1
"flood_management_arear",10,5,1,"Nonsense",1
"food_and_agriculture_organization",10,10,1,"NGO",1
"formation",10,2,1,"Natural_Feature",0
"fortran",10,1,1,"Nonsense",1
"franciscan_assemblage",10,10,1,"Natural_Feature",1
"frank",10,5,1,"Nonsense",1
"franklin_drainage_district_groundwater_sustainability_agency_northern_delta_groundwater_sustainability_agency",10,10,1,"Other_GSA",0
"frost_hurzel",10,10,1,"Person",1
"fte",10,10,1,"Nonsense",1
"future_baseline",10,3,1,"Technical",1
"geo_logic_company",10,3,1,"Company",1
"geologic_energy_management_division",10,1,1,"State_Gov",0
"great_basin_unified_air_pollution_control_district",10,10,1,"District",0
"greene",10,3,1,"Nonsense",1
"ground_positioning_system",10,10,1,"Technical",1
"ground_water_service_area",10,10,1,"Geographic_Unit",0
"groundwater_surface",10,2,1,"Natural_Feature",1
"groundwater_sustainability_agency_board_meetings",10,2,1,"Group",1
"groundwater_sustainability_agency_management_committee",10,5,1,"Group",0
"groundwater_sustainability_plan_group_alternate_representative",10,2,1,"Group",1
"gwa",10,10,1,"Nonsense",1
"halligan",10,10,1,"Nonsense",1
"hernandez_paicines",10,10,1,"Local_Gov",1
"hydrogeologic",10,2,1,"Nonsense",1
"igs",10,10,1,"Nonsense",1
"incomplete",10,2,1,"Nonsense",1
"interstate_5",10,2,1,"Infrastructure",1
"inyo_county_board_of_supervisors",10,5,1,"Group",0
"inyo_county_water_department",10,10,1,"Group",0
"jay_jasperse",10,5,1,"Person",1
"joint",10,3,1,"Nonsense",1
"joint_supplemental_project",10,10,1,"Water_Project",0
"jones",10,3,1,"Nonsense",1
"kaweah_delta_water_conservation_district_groundwater_model",10,3,1,"Technical",0
"kelseyville_formation",10,10,1,"Natural_Feature",0
"kenwood",10,10,1,"City",0
"kern_delta",10,10,1,"Basin",1
"kern_groundwater_authority_groundwater_sustainability_agency_board",10,10,1,"Group",0
"kern_river_gsa",10,10,1,"Other_GSA",0
"kiefer_landfill",10,10,1,"Infrastructure",1
"kings_river",10,3,1,"Natural_Feature",0
"kmz",10,5,1,"Nonsense",1
"koenig",10,10,1,"Nonsense",1
"l_us_environmental_protection_agency",10,10,1,"Group",0
"laboratory_project_manager",10,3,1,"Nonsense",1
"land_surface_system",10,10,1,"Natural_Feature",1
"land_use_data",10,1,1,"Technical",0
"las_posas_users_group",10,10,1,"Group",0
"lassen_county_board_of_supervisors",10,10,1,"Group",0
"lcs",10,10,1,"Nonsense",1
"left_bank_near",10,10,1,"Nonsense",1
"liberty_millrace_canal",10,10,1,"Infrastructure",1
"lincoln_oaks",10,3,3,"Nonsense",1
"lindsay_strathmore_irrigation_district",10,10,1,"District",0
"little_last_chance_creek",10,10,1,"Natural_Feature",0
"lockeford_community_services_district",10,10,1,"District",0
"long_beach",10,5,1,"City",0
"lookout",10,10,1,"City",0
"los_angeles_basin_plan",10,10,1,"Technical",0
"lower_kaweah",10,5,1,"Basin",1
"madera_county_east",10,5,1,"Geographic_Unit",1
"maximum_contaminant_levels",10,2,2,"Legal",1
"microsoft",10,1,1,"Company",1
"modoc_plateau",10,3,2,"Natural_Feature",1
"monterey_bay",10,2,1,"Geographic_Unit",1
"morton",10,3,1,"Nonsense",1
"mount_hermon",10,10,1,"City",0
"mun",10,10,1,"Nonsense",1
"murphy_slough",10,10,1,"Natural_Feature",0
"mutual_water_company",10,3,1,"District",1
"napa_county_planning",10,10,1,"Local_Gov",1
"napa_valley_floor_subareas",10,10,1,"Geographic_Unit",0
"naval_base_ventura_county",10,10,1,"County",0
"non_delta_management",10,10,1,"Geographic_Unit",1
"normalized_derived_vegetation_index",10,5,1,"Technical",1
"north_salinas_valley",10,10,1,"Geographic_Unit",0
"north_san_joaquin_water_conservation_district_groundwater_sustainability_agency",10,10,1,"Local_GSA",0
"nutrilite",10,10,1,"Company",1
"observed",10,2,1,"Nonsense",1
"olcese",10,10,1,"Nonsense",1
"omochumne_hartnell_water_district_groundwater_sustainability_agency_south_american",10,10,1,"Local_GSA",0
"pajaro_valley",10,5,1,"Geographic_Unit",0
"palustrine",10,5,1,"Natural_Feature",1
"paso_robles_aquifer",10,10,1,"Natural_Feature",0
"periodic",10,1,1,"Nonsense",1
"perris_north",10,10,1,"Basin",1
"pismo_creeks",10,10,1,"Natural_Feature",0
"planada",10,10,1,"City",0
"primary_agency",10,2,1,"Group",0
"project_manager",10,10,1,"Nonsense",1
"projects_and_management",10,3,2,"Group",1
"proposed",10,1,1,"Nonsense",1
"provost",10,3,2,"Nonsense",1
"public_trust",10,2,1,"Legal",1
"r2",10,10,1,"Nonsense",1
"ramona",10,10,1,"City",0
"reclamation_district_no_1002_groundwater_sustainability_agency_northern_delta_groundwater_sustainability_agency",10,10,1,"Other_GSA",0
"reclamation_district_no_2110_groundwater_sustainability_agency_northern_delta_groundwater_sustainability_agency",10,10,1,"Other_GSA",0
"reclamation_district_no_369_groundwater_sustainability_agency_northern_delta_groundwater_sustainability_agency",10,10,1,"Other_GSA",0
"reclamation_district_no_551_groundwater_sustainability_agency",10,10,1,"Local_GSA",0
"reclamation_district_no_744_groundwater_sustainability_agency_northern_delta_groundwater_sustainability_agency",10,10,1,"Other_GSA",0
"reclamation_district_no_755_groundwater_sustainability_agency_northern_delta_groundwater_sustainability_agency",10,10,1,"Other_GSA",0
"reclamation_district_no_813_groundwater_sustainability_agency_northern_delta_groundwater_sustainability_agency",10,10,1,"Other_GSA",0
"reduction_with_projects_scenario",10,5,1,"Technical",1
"regional_water_quality_control_board_water_quality_objective",10,10,1,"Legal",1
"required",10,1,1,"Nonsense",1
"riversidean_alluvial_scrub",10,5,1,"District",0
"rymer",10,10,1,"Nonsense",1
"sa",10,10,1,"Nonsense",1
"sacramento_central_groundwater_authority_groundwater_sustainability_agency_1",10,10,1,"Local_GSA",0
"sacramento_valley_water_year",10,10,1,"Technical",1
"samantha_arthur",10,5,1,"Person",1
"san_antonio_basin",10,10,1,"Basin",0
"san_jose_creek",10,10,1,"Natural_Feature",0
"san_lorenzo_river",10,5,1,"Natural_Feature",0
"san_pasqual_academy",10,10,1,"Nonsense",1
"santa_fe_canal",10,10,1,"Infrastructure",1
"santa_monica_mountains",10,5,1,"Natural_Feature",1
"santa_rita",10,5,1,"Nonsense",1
"scalebroom",10,5,1,"Nonsense",1
"scalmanini",10,2,1,"Nonsense",1
"scalmanini_consulting_engineers",10,2,1,"Company",1
"schafer",10,5,1,"Nonsense",1
"sci",10,5,1,"Nonsense",1
"scott_valley",10,5,1,"Geographic_Unit",0
"sediment_and_erosion_management_plan",10,2,1,"Technical",0
"shrubland",10,5,1,"Natural_Feature",1
"shrubland_groundwater_dependent_ecosystem",10,5,1,"Natural_Feature",0
"sierra_de_salinas",10,3,2,"Natural_Feature",1
"sierraville",10,10,1,"City",0
"sip",10,5,1,"Technical",1
"sloughhouse_resource_conservation_district_groundwater_sustainability_agency_south_american_1",10,10,1,"District",1
"smud",10,10,1,"District",1
"soboba_settlement_agreement",10,10,1,"Group",0
"sokr_groundwater_sustainability_plan",10,10,1,"Technical",0
"solano_project_contract_allocations",10,10,1,"Technical",1
"solano_water_authority",10,10,1,"Group",0
"south_san_joaquin",10,10,1,"Basin",1
"southwest_kings_groundwater_sustainability_agency",10,10,1,"Local_GSA",0
"sql",10,2,1,"Nonsense",1
"sscawa",10,10,1,"District",1
"stakeholder_communication",10,2,1,"Technical",1
"stanford",10,5,1,"City",0
"state_route_99",10,2,1,"Infrastructure",1
"sumner_hill_potential_groundwater_dependent_ecosystem_unit",10,10,1,"Natural_Feature",1
"sustainable_groundwater_management_act_data",10,1,1,"Technical",0
"sustainable_groundwater_planning_grant_program",10,3,2,"State_Gov",1
"sutter_buttes",10,3,1,"Natural_Feature",1
"swd",10,10,1,"District",0
"tehama_county_groundwater_commission",10,2,1,"Group",0
"total_farm_delivery_requirement",10,10,1,"Technical",1
"tre_altamira_inc",10,1,1,"Company",1
"tres_pinos_valley_basin",10,10,1,"Basin",0
"tres_pinos_water_district",10,10,1,"District",0
"tulare_county_farm_bureau",10,3,1,"NGO",1
"tulelake",10,10,1,"City",0
"turlock_groundwater_basin_association",10,10,1,"Group",1
"upper_basins_surface_water_model",10,5,1,"Technical",0
"upper_ventura_river_groundwater_agency_board",10,10,1,"Group",0
"valencia_creek",10,10,1,"Natural_Feature",0
"vandenberg_space_force_base",10,3,2,"Infrastructure",1
"vandenberg_village_community_services_district",10,10,1,"District",0
"washoe",10,10,1,"Local_Gov",1
"water_well_standards",10,5,1,"Legal",1
"wdraft_2021",10,10,1,"District",0
"wildermuth_environmental_inc",10,10,1,"Company",1
"wse",10,10,1,"Nonsense",1
"yolo_subbasin_groundwater_agency",10,3,1,"Group",0
"yuba_goldfields",10,10,1,"Geographic_Unit",1
"3d_geologic_model",9,4,1,"Technical",0
"ab_3030",9,3,1,"Legal",1
"ab_303_public_outreach_project",9,9,1,"Water_Project",0
"adequately_address_groundwater_quality",9,2,2,"Nonsense",1
"adjacent_subbasins",9,4,1,"Basin",0
"administrative_information",9,2,1,"Natural_Feature",0
"af_y_table",9,9,1,"Reference",0
"agency_board_of_directors",9,9,1,"Group",0
"alfz",9,9,1,"Nonsense",1
"alta",9,9,1,"City",0
"ao",9,3,1,"Nonsense",1
"appendix_1_d",9,2,1,"Reference",0
"arb",9,3,2,"State_Gov",1
"attachment_b",9,3,1,"Reference",1
"baja",9,3,1,"Geographic_Unit",1
"barrancas",9,9,1,"Geographic_Unit",1
"bautista_creek",9,9,1,"Natural_Feature",0
"beckwith",9,9,1,"Nonsense",1
"beller",9,3,1,"Nonsense",1
"big_valley_band",9,9,1,"Group",1
"bohm",9,9,1,"Nonsense",1
"bondy_groundwater_consulting",9,3,1,"Company",1
"brown_and_caldwell",9,9,1,"Company",1
"bs",9,4,1,"Nonsense",1
"buckeye",9,9,1,"Geographic_Unit",1
"bulletin_118",9,2,1,"Reference",1
"burton_et_al",9,2,1,"Reference",1
"cache_creek",9,9,1,"Natural_Feature",0
"cachuma",9,3,3,"Natural_Feature",1
"caleta",9,9,1,"Nonsense",1
"california_department_of_health_services",9,3,1,"State_Gov",0
"california_division_of_water_resources",9,2,1,"State_Gov",0
"calpella_county_water_district",9,9,1,"District",0
"camanche_reservoir",9,9,1,"Infrastructure",0
"camp_roberts",9,4,1,"Infrastructure",1
"carneros_subarea",9,9,1,"Geographic_Unit",0
"census_designated_places",9,3,1,"Geographic_Unit",1
"cities_of_oxnard",9,9,1,"Local_Gov",1
"city_of_dorris",9,9,1,"City",0
"city_of_escalon",9,9,1,"City",0
"city_of_greenfield",9,9,1,"City",0
"city_of_huron",9,9,1,"City",0
"city_of_patterson",9,9,1,"City",0
"city_of_port_hueneme",9,4,1,"City",0
"city_of_sebastopol",9,9,1,"City",0
"clean",9,3,1,"Nonsense",1
"columbia",9,3,1,"City",0
"colusa_subbasins",9,3,1,"Basin",0
"community_facilities_district",9,2,1,"District",0
"conservation",9,2,1,"Nonsense",1
"construction_reports",9,3,1,"Technical",0
"continental_basin_deposits",9,9,1,"Natural_Feature",1
"country_club",9,2,1,"City",0
"county_of_contra_costa_groundwater_sustainability_agency",9,9,1,"Local_GSA",0
"csgsa",9,9,1,"Local_GSA",0
"danskin",9,9,1,"Nonsense",1
"darcy",9,2,2,"Nonsense",1
"dataset",9,2,1,"Technical",0
"david_morrison",9,9,1,"District",0
"department_of_agriculture_natural_resources_conservation_service",9,2,1,"Federal_Gov",1
"department_of_energy",9,2,1,"Federal_Gov",0
"department_of_water_resources_irrigation_management_information_system",9,3,1,"Technical",0
"e",9,2,1,"Nonsense",1
"e_clay",9,3,1,"Natural_Feature",0
"earlimart_public_utility_district",9,9,1,"District",0
"east_bay_municipal_utility_district_groundwater_sustainability_agency",9,9,1,"Local_GSA",0
"east_county",9,9,1,"County",0
"eastside_san_joaquin_groundwater_sustainability_agency",9,9,1,"Local_GSA",0
"ebmud_groundwater_sustainability_agency",9,9,1,"Other_GSA",0
"environmental_health_divisions",9,4,1,"Local_Gov",1
"exclusive_groundwater_sustainability_agency",9,9,1,"Other_GSA",0
"fa",9,9,1,"Nonsense",1
"farmers_water_district_groundwater_sustainability_plan",9,2,1,"Technical",0
"fkc_milepost",9,3,2,"Reference",1
"forebay_subarea",9,9,1,"Geographic_Unit",0
"fountain_springs_gulch",9,3,1,"Natural_Feature",1
"frazier_creeks",9,2,1,"Natural_Feature",0
"frwr",9,4,1,"Nonsense",1
"geosystems",9,9,1,"Nonsense",1
"glen_ivy_fault",9,9,1,"Natural_Feature",1
"glenn_county_water_advisory_committee",9,4,1,"Group",0
"glenn_syncline",9,4,1,"Natural_Feature",1
"goodman",9,9,1,"Nonsense",1
"governing_bodies",9,9,1,"Group",1
"graciosa",9,4,2,"Geographic_Unit",1
"grapevine_development",9,9,1,"Nonsense",1
"graton_rancheria",9,3,2,"Group",1
"groundwater_elevation_data_were_sparse_for_the_toro_canyon",9,9,1,"Technical",0
"groundwater_levels",9,2,2,"Data_System",1
"groundwater_monitoring_network_enhancement_project",9,9,1,"Water_Project",0
"groundwater_recharge_project",9,4,1,"Water_Project",0
"groundwater_sustainability_agency_administration",9,2,1,"Group",1
"groundwater_sustainability_plan_elements",9,1,1,"Reference",1
"groundwater_sustainability_plan_evaluation_reports",9,9,1,"Technical",0
"groundwater_sustainability_plan_update",9,3,1,"Reference",1
"gsi_water_solutions",9,4,1,"Company",1
"gsi_water_solutions_inc",9,2,1,"Company",1
"gw_storage",9,2,1,"Technical",1
"habitat_conservation_plan",9,2,1,"Technical",0
"hammil_valley",9,9,1,"Geographic_Unit",0
"hardrock",9,9,1,"Natural_Feature",1
"harrington",9,9,1,"Nonsense",1
"hasan",9,3,1,"Nonsense",1
"hayward_wells_c",9,9,1,"District",1
"hetch_hetchy",9,9,1,"Infrastructure",1
"high_speed_rail",9,9,1,"Infrastructure",1
"hueneme_mugu_shelves",9,3,1,"Natural_Feature",1
"hydrogeologic_conceptualization_report",9,9,1,"Technical",0
"hydrologic_conceptual_model",9,9,1,"Technical",0
"independence",9,9,1,"City",0
"integrated_resources_plan",9,9,1,"Technical",0
"integrated_sustainability_plan",9,4,1,"Technical",0
"intergovernmental_panel_on_climate_change",9,3,1,"Group",1
"inyokern_community_services_district",9,9,1,"District",0
"isola",9,4,1,"Nonsense",1
"julie",9,9,1,"Nonsense",1
"kaweah_subbasin_management_team",9,9,1,"Group",1
"kjn_sulfate_dissolved",9,9,1,"Technical",1
"klamath_national_forest",9,4,1,"Natural_Feature",1
"ksat",9,2,1,"Nonsense",1
"land_use_planning",9,3,2,"Technical",1
"larry_walker",9,9,1,"Person",1
"larry_walker_study",9,9,1,"Technical",1
"las_flores",9,9,1,"City",0
"laton",9,9,1,"City",0
"lee_lake_ma",9,9,1,"District",1
"loch_lomond_reservoir",9,9,1,"Infrastructure",0
"los_alamos_syncline",9,9,1,"Natural_Feature",1
"los_carneros_water_district",9,9,1,"District",0
"lower_tule_river_irrigation_district_board_of_directors",9,9,1,"Group",0
"malin",9,9,1,"Geographic_Unit",1
"marina_del_rey",9,9,1,"City",0
"matheny_tract",9,9,1,"Legal",0
"mather_air_force_base",9,9,1,"Infrastructure",1
"matthew_winegar",9,9,1,"Person",1
"mcgrath",9,2,2,"Nonsense",1
"mcwra_board_of_directors",9,9,1,"Group",0
"melissa_m_rohde",9,4,1,"Person",1
"memorandum_of_agreement",9,2,1,"Group",0
"merced_groundwater_management_plan",9,9,1,"Technical",0
"merced_groundwater_subbasin",9,9,1,"Basin",0
"merced_groundwater_sustainability_plan",9,9,1,"Technical",0
"metropolitan_bakersfield_general_plan",9,4,1,"Technical",0
"mettler",9,4,1,"City",0
"mkgsa_board",9,9,1,"Group",0
"mkgsa_board_of_directors",9,9,1,"Group",0
"monitoring_and_data_collection_protocols",9,9,1,"Technical",0
"monterey_peninsula_water_management_district",9,9,1,"District",0
"mud_slough",9,9,1,"Natural_Feature",0
"mvwd",9,9,1,"District",0
"napa_sonoma_lowlands_subbasin",9,9,1,"Basin",0
"national_field_manual",9,3,2,"Reference",1
"newton",9,2,1,"Nonsense",1
"nkgsa",9,4,1,"Other_GSA",0
"north_valley_regional_recycled_water_program",9,9,1,"Water_Project",1
"northgate",9,3,1,"Nonsense",1
"nubieber",9,9,1,"City",0
"nuevo_lakeview",9,9,1,"Geographic_Unit",1
"openstreetmap",9,2,1,"Data_System",1
"ord",9,9,1,"Nonsense",1
"orland_project",9,9,1,"Water_Project",0
"owens_lake",9,9,1,"Natural_Feature",0
"pacific_lamprey",9,3,1,"Natural_Feature",1
"pixley_id_groundwater_sustainability_agency",9,9,1,"Other_GSA",0
"planned",9,1,1,"Nonsense",1
"planning_committee",9,4,1,"Group",0
"porter_cologne_act",9,1,1,"Legal",0
"potrero",9,9,1,"City",0
"prepared",9,2,1,"Nonsense",1
"preston",9,9,1,"Nonsense",1
"primary_calibration",9,9,1,"Technical",1
"pritchard",9,4,1,"Nonsense",1
"provides",9,1,1,"District",0
"public_information_officer",9,2,3,"Nonsense",1
"public_water_system",9,3,1,"Natural_Feature",0
"pure_water_monterey",9,9,1,"Water_Project",1
"pvwcd",9,3,1,"District",1
"pwc",9,3,1,"Company",1
"quarry",9,9,1,"Natural_Feature",1
"ramelli",9,9,1,"Nonsense",1
"rana",9,2,1,"Nonsense",1
"reclamation_district_2062",9,9,1,"District",1
"rector_reservoir",9,9,1,"Infrastructure",0
"redding_rancheria",9,4,1,"Local_Gov",1
"reported",9,2,1,"Technical",0
"representative_monitoring_site",9,9,1,"Technical",0
"resources",9,2,1,"Nonsense",1
"rice",9,4,1,"Nonsense",1
"rob_swartz",9,9,1,"Person",1
"rock_slough",9,9,1,"Natural_Feature",0
"romero_creek",9,9,1,"Natural_Feature",0
"rss",9,9,1,"Nonsense",1
"rutherford",9,9,1,"City",0
"sacramento_area_flood_control_agency",9,9,1,"Group",0
"safca_flood_management_actionsr",9,9,1,"Nonsense",1
"salinas_valley_basin_groundwater_sustainability_agency_board_of_directors",9,4,1,"Group",0
"samantha",9,9,1,"Nonsense",1
"san_antonio_spreading_grounds",9,9,1,"Infrastructure",1
"san_benito_county_water_district_groundwater_sustainability_agency_north_san_benito",9,9,1,"District",1
"san_cayetano",9,4,2,"Basin",1
"san_juan_valley",9,9,1,"Geographic_Unit",0
"san_luis_national_wildlife_refuge",9,4,1,"Natural_Feature",1
"san_luis_rey_indian_water_authority",9,9,1,"Group",0
"san_miguel_community_services_district_groundwater_sustainability_agency",9,9,1,"Local_GSA",0
"santa_clara_valley_water_district_groundwater_sustainability_agency_north_san_benito",9,9,1,"Local_GSA",0
"santa_clarita_water_division",9,9,1,"District",1
"santa_cruz_mountains",9,4,2,"Geographic_Unit",1
"santa_cruz_mudstone",9,9,1,"Natural_Feature",1
"santa_margarita_groundwater_agency",9,4,2,"Other_GSA",0
"sarah",9,9,1,"Nonsense",1
"secondary_maximum_contaminant_level",9,3,1,"Legal",1
"settlement_contractors",9,4,2,"Group",1
"shastina",9,9,1,"Natural_Feature",1
"sierran",9,4,1,"Nonsense",1
"siskiyou_county_code",9,4,1,"Legal",0
"solano_groundwater_sustainability_agency_collaborative",9,9,1,"Group",1
"south_san_joaquin_valley",9,9,1,"Geographic_Unit",0
"st_johns_river",9,4,1,"Natural_Feature",0
"stakeholders_interested_parties",9,9,1,"Group",1
"state_assembly",9,2,1,"State_Gov",0
"stephen_maples",9,3,1,"Person",1
"stillwater",9,4,2,"Natural_Feature",1
"storativity",9,2,2,"Nonsense",1
"streamflow_routing_package",9,2,1,"Technical",1
"sustainability_agencies",9,2,1,"Group",0
"sustainable_groundwater_management_act_basin_prioritization",9,3,1,"Legal",1
"sustainable_management_of_groundwater_monitoring_protocols",9,2,1,"Technical",0
"sv",9,2,1,"Nonsense",1
"svgb",9,2,1,"Nonsense",1
"table_g2",9,9,1,"Reference",0
"table_pma2",9,9,1,"Reference",0
"technical_review_committee",9,9,1,"Group",0
"technical_review_team",9,9,1,"Technical",0
"terrace",9,9,1,"Natural_Feature",1
"timeline",9,3,1,"Reference",1
"total_dissolved_solids_data",9,9,1,"Technical",0
"total_suspended_solids",9,9,1,"District",0
"town_hall",9,2,2,"Nonsense",1
"tres",9,9,1,"Nonsense",1
"triennial_update",9,9,1,"Technical",1
"tulare_id",9,9,1,"District",0
"tulelake_subbasin",9,9,1,"Basin",0
"ucd",9,4,2,"Nonsense",1
"university_navstar",9,2,1,"Nonsense",1
"upper_pressure_and_canyon",9,9,1,"Natural_Feature",1
"upper_ventura_river_groundwater_model",9,9,1,"Technical",0
"urs",9,3,1,"Company",1
"vandenberg_air_force_base",9,3,1,"Infrastructure",1
"ventura_county_waterworks",9,4,1,"District",1
"verbenia_groundwater_sustainability_agency",9,9,1,"Local_GSA",0
"verification",9,3,1,"Nonsense",1
"vice_chair",9,4,1,"Nonsense",1
"voc",9,9,1,"Nonsense",1
"walnut_hills",9,9,1,"Geographic_Unit",1
"water_conservation_coalition",9,4,1,"Group",1
"water_table_aquifer_zone",9,9,1,"Reference",0
"wba",9,9,1,"District",1
"wel",9,4,1,"Nonsense",1
"wells_valley_groundwater_authority",9,9,1,"Group",0
"wildomar",9,9,1,"City",0
"wildwood_canyon",9,9,1,"Natural_Feature",1
"woodbridge_irrigation_district_groundwater_sustainability_agency",9,9,1,"Local_GSA",0
"yuba_county_water_agency",9,4,1,"Group",0
"yucaipa_valley",9,9,1,"Geographic_Unit",0
"a_memorandum_of_understanding",8,2,1,"Legal",1
"above_mean_sea_level",8,8,1,"Nonsense",1
"above_narrows_account",8,3,2,"Nonsense",1
"adopted_ordinance_no",8,1,2,"Nonsense",1
"agua_tibia_narrows",8,8,1,"Natural_Feature",1
"alaska",8,2,1,"State_Gov",1
"alpaugh_community_services_district",8,8,1,"District",0
"an_advisory_committee",8,1,1,"Group",0
"analyze_accessed",8,2,1,"Nonsense",1
"annual_pumping_allocation",8,3,1,"Legal",1
"annual_pumping_allocation_plan",8,8,1,"Technical",0
"appendix_1_b",8,2,1,"Reference",0
"appendix_e",8,2,1,"Reference",0
"aquifer_systems",8,4,1,"Natural_Feature",0
"arroyo_parida_fault",8,8,1,"District",0
"assembly_bill_359",8,2,1,"Legal",1
"basin_boundary_modi",8,8,1,"Technical",1
"bcvwd",8,8,1,"District",0
"beardsley_wash",8,8,1,"Natural_Feature",1
"bedford_coldwater",8,4,2,"Natural_Feature",1
"benicia",8,4,1,"City",0
"berrenda_mesa",8,8,1,"Geographic_Unit",1
"berry_creek",8,2,1,"City",0
"big_springs_irrigation_district",8,8,1,"District",0
"blue_cut",8,4,1,"Natural_Feature",1
"bob",8,8,1,"Nonsense",1
"box_springs_mutual_water_company",8,8,1,"Company",1
"buellton_aquifer",8,8,1,"Natural_Feature",0
"butano_sandstone",8,8,1,"Natural_Feature",1
"butte_valley_integrated_hydrologic_model",8,8,1,"Technical",0
"california_sycamore",8,4,1,"State_Gov",0
"calistoga_st_helena",8,8,1,"Geographic_Unit",1
"camarillo_sanitation_district",8,2,1,"District",0
"camulos_ranch",8,4,2,"Geographic_Unit",1
"careaga",8,4,1,"Geographic_Unit",1
"census_bureau",8,2,1,"Federal_Gov",0
"central_delta_water_agency_groundwater_sustainability_agency",8,8,1,"Local_GSA",0
"central_san_joaquin_water_conservation_district_groundwater_sustainability_agency",8,8,1,"Local_GSA",0
"central_valley_flood_protection_board",8,2,1,"State_Gov",0
"chevron",8,2,1,"Company",1
"cities_of_camarillo",8,3,2,"Nonsense",1
"city_and_cal_water",8,8,1,"District",1
"city_municipal_code",8,8,1,"Legal",0
"city_of_corcoran",8,8,1,"City",0
"city_of_davis",8,8,1,"City",0
"city_of_hayward_groundwater_sustainability_agency",8,8,1,"Local_GSA",0
"city_of_lodi_groundwater_sustainability_agency",8,8,1,"Local_GSA",0
"city_of_manteca_groundwater_sustainability_agency",8,8,1,"Local_GSA",0
"city_of_stockton_groundwater_sustainability_agency",8,8,1,"Local_GSA",0
"city_of_willows",8,8,1,"City",0
"cleanup_and_abatement_order",8,2,1,"Legal",1
"coalition",8,3,1,"Group",1
"coast_live_oak_alliance",8,3,1,"NGO",1
"coastal",8,2,1,"Geographic_Unit",1
"cob",8,3,1,"Nonsense",1
"colorado_river_aqueduct",8,3,1,"Infrastructure",1
"commonly_associated_with_groundwater",8,2,1,"Nonsense",1
"communication",8,2,1,"Nonsense",1
"communication_and_education_plan",8,8,1,"Technical",0
"communication_and_public_engagement_actions",8,4,1,"Technical",1
"comprehensive_groundwater_management_program",8,8,1,"Legal",1
"continuous_global_positing_system",8,8,1,"Nonsense",1
"cor_water_utility",8,8,1,"District",1
"corning_sub_basin",8,2,1,"Basin",0
"cottonwood_percent",8,2,1,"Nonsense",1
"county_farm",8,1,2,"Nonsense",1
"county_of_san_joaquin_groundwater_sustainability_agency_eastern_san_joaquin_1",8,8,1,"Local_GSA",0
"county_of_san_joaquin_groundwater_sustainability_agency_eastern_san_joaquin_2",8,8,1,"Local_GSA",0
"cuyama_basin_groundwater_sustainability_agency_board_of_directors",8,8,1,"Group",0
"de_groot",8,4,1,"Person",1
"dennis_r",8,8,1,"Nonsense",1
"dfw",8,4,2,"State_Gov",1
"dgps",8,4,1,"Technical",1
"district_groundwater_sustainability_agency",8,1,1,"Other_GSA",0
"draft_assembly_bill_3030",8,4,1,"Legal",1
"draft_best_management_practices",8,1,2,"Technical",1
"dupont_express",8,2,2,"Company",1
"dutcher",8,4,1,"Nonsense",1
"east_contra_costa_irrigation_district_groundwater_sustainability_agency",8,8,1,"Local_GSA",0
"eastern_municipal_water_district",8,8,1,"District",0
"eastern_sierra",8,8,1,"Geographic_Unit",1
"eastside_aquifer_subbasins",8,2,1,"Basin",0
"endangered_species_act",8,4,1,"Legal",0
"environmental",8,1,1,"Nonsense",1
"environmental_impact_report",8,1,1,"Technical",0
"environmental_quality_incentives_program",8,3,1,"Federal_Gov",0
"ergwg",8,8,1,"Nonsense",1
"etchegoin",8,2,1,"Basin",1
"expand",8,1,1,"Nonsense",1
"facilitation_support_services",8,4,1,"Nonsense",1
"fahrenheit",8,2,1,"Nonsense",1
"fairbairn",8,8,1,"Person",1
"fillmore_basin",8,8,1,"Basin",0
"flint_hills",8,8,1,"Geographic_Unit",1
"forebay_subbasin_planning_committee",8,8,1,"Group",0
"fort",8,8,1,"Nonsense",1
"foster_park_habitat_area",8,8,1,"Geographic_Unit",0
"fox_canyon",8,8,1,"District",1
"fresno_county_management_area_a",8,8,1,"Geographic_Unit",1
"frey_creek",8,8,1,"Natural_Feature",0
"friant_division_central_valleyp",8,4,1,"Nonsense",1
"full_natural_flow",8,8,1,"Natural_Feature",1
"future",8,2,1,"Nonsense",1
"garnett_creek",8,8,1,"Natural_Feature",0
"gei_consultants_inc",8,1,1,"Company",1
"geoconsultants",8,8,1,"Company",1
"geoscience",8,2,1,"Technical",1
"geoscience_aecom",8,8,1,"Company",1
"geotracker_electronic_submittal_of_information",8,4,1,"Natural_Feature",0
"gkgsa",8,8,1,"Other_GSA",0
"global_positioning_satellite",8,8,1,"Infrastructure",1
"goshen",8,8,1,"City",0
"governors_office_of_planning_and_research",8,4,1,"State_Gov",0
"gpcd",8,2,1,"Technical",1
"grassland_bypass_project",8,8,1,"Water_Project",0
"groundwater_management_program",8,2,2,"Legal",1
"groundwater_recharge_assessment_tool",8,8,1,"Technical",1
"groundwater_sustainability_agency_governing_body",8,2,1,"Group",1
"groundwater_sustainability_agency_working_group",8,8,1,"Group",0
"groundwater_sustainability_plan_administration",8,2,2,"Group",1
"groundwater_sustainability_plan_development_updates",8,8,1,"Technical",1
"guidance_for_climate_change_data",8,2,1,"Technical",0
"habitat_suitability_indices",8,8,1,"Technical",1
"historical_lows",8,8,1,"Technical",1
"hodges_watershed_improvement_project",8,8,1,"Water_Project",0
"hopper",8,4,1,"Nonsense",1
"house",8,8,1,"Nonsense",1
"housing_element",8,8,1,"Legal",1
"howes",8,2,1,"Nonsense",1
"humboldt",8,8,1,"County",0
"ical",8,8,1,"Nonsense",1
"implementation_team",8,8,1,"Group",1
"improvement_district_no4",8,2,1,"District",1
"integrated_regional_groundwater_management_plan",8,4,1,"Technical",0
"inyo_county_board",8,8,1,"Group",0
"irrigation",8,1,2,"Nonsense",1
"jack_hughes",8,8,1,"Person",1
"jackson_creek",8,8,1,"Natural_Feature",0
"john_neil",8,8,1,"Person",1
"k",8,2,1,"Nonsense",1
"kelsey",8,4,1,"Nonsense",1
"kern_river_groundwater_sustainability_agency_board",8,8,1,"Group",0
"kern_river_watershed_coalition_authority",8,3,1,"Group",0
"kevin_garrett",8,8,1,"Person",1
"klausing",8,8,1,"Person",1
"koterba",8,8,1,"Nonsense",1
"kr",8,1,1,"Nonsense",1
"lacustrine",8,2,1,"Natural_Feature",1
"lai",8,8,1,"Nonsense",1
"lake_hemet_municipal_water_district",8,8,1,"District",0
"lamp",8,4,1,"Nonsense",1
"land_subsidence",8,1,1,"District",0
"landiq",8,1,1,"Company",1
"landowner_land",8,8,1,"Geographic_Unit",1
"landwatch",8,8,1,"NGO",1
"las_posas_syncline",8,8,1,"Natural_Feature",1
"late1980s",8,2,1,"Nonsense",1
"lawrence_livermore_national_laboratory",8,2,1,"Federal_Gov",1
"lcse",8,4,1,"District",1
"lewis",8,8,1,"Nonsense",1
"linden_county_water_district_groundwater_sustainability_agency",8,8,1,"Local_GSA",0
"little_springs_creek",8,8,1,"Natural_Feature",0
"lockeford_community_service_district_groundwater_sustainability_agency",8,8,1,"Local_GSA",0
"lone_pine",8,8,1,"City",0
"los_angeles_aqueduct",8,4,1,"Infrastructure",1
"lower_arroyo_las_posas",8,8,1,"Natural_Feature",1
"lu_lc",8,8,1,"Technical",1
"management",8,4,1,"Nonsense",1
"mark_nordberg",8,1,1,"Person",1
"markley",8,8,1,"Person",1
"matrix",8,4,1,"Nonsense",1
"mcc",8,8,1,"Nonsense",1
"mcclellan",8,3,1,"Nonsense",1
"mcgaugh_slough",8,8,1,"Natural_Feature",0
"meadowbrook",8,8,1,"City",0
"mehrten_formations",8,3,1,"Natural_Feature",0
"mendocino_triple_junction",8,4,1,"Natural_Feature",1
"merced_county_code",8,4,1,"Legal",0
"mettler_county_water_district",8,8,1,"District",0
"mexico",8,2,2,"Geographic_Unit",1
"mid_kings_river_groundwater_sustainability_agency",8,8,1,"Local_GSA",0
"middle_fork_tule_river",8,2,1,"Natural_Feature",0
"mike_cornelius",8,8,1,"Person",1
"mokelumne_rivers",8,8,1,"Natural_Feature",0
"monterey_county_board_of_supervisors",8,3,1,"Group",0
"monterey_subbasin_groundwater_flow_model",8,8,1,"Technical",0
"mu",8,8,1,"Nonsense",1
"my",8,8,1,"Nonsense",1
"n_a_n_a_forebay",8,2,1,"Infrastructure",1
"napa_county_bos",8,8,1,"Local_Gov",1
"napa_subareas",8,8,1,"Geographic_Unit",0
"napa_valley_drought_contingency_plan",8,8,1,"Technical",0
"national_agricultural_statistics_service",8,3,1,"Federal_Gov",0
"national_elevation_dataset",8,4,1,"Technical",0
"navigation_satellite_timing_and_ranging_consortium",8,4,1,"Group",1
"nebmodflow",8,8,1,"Technical",0
"newhall",8,3,1,"Geographic_Unit",1
"nilp",8,8,1,"Nonsense",1
"north_kern_water_storage_district",8,8,1,"District",0
"northern_central_delta_mendota_region_groundwater_sustainability_plan",8,8,1,"Technical",0
"northern_central_delta_mendota_region_groundwater_sustainability_plan_group",8,8,1,"Group",0
"notice_of_intent",8,1,2,"Legal",1
"o_mykiss",8,4,1,"Nonsense",1
"oak_creek",8,8,1,"Natural_Feature",0
"oakdale_irrigation_district_groundwater_sustainability_agency",8,8,1,"Local_GSA",0
"ojai_valley_sanitary_district",8,8,1,"District",0
"operation_next",8,8,1,"Nonsense",1
"operations_committee",8,4,1,"Group",0
"order",8,2,1,"Nonsense",1
"ortiz_partida",8,8,1,"District",0
"palms_project",8,8,1,"Water_Project",0
"pbo",8,2,1,"Nonsense",1
"pearsonville",8,8,1,"City",0
"porterville_area_community_plan",8,8,1,"Technical",0
"project_management_action_name",8,2,1,"Nonsense",1
"project_om",8,4,1,"Water_Project",1
"project_or_action",8,3,1,"Nonsense",1
"projects_management_actions",8,2,2,"Group",1
"putah_creek_accord",8,8,1,"Legal",1
"qal",8,4,2,"Basin",1
"r5",8,8,1,"Nonsense",1
"rbwtp",8,8,1,"Infrastructure",1
"rch_package",8,2,1,"Technical",1
"recharge_facilities",8,2,1,"Infrastructure",1
"reclamation_district_1001",8,8,1,"District",1
"red_bluff_formation",8,4,1,"Natural_Feature",0
"redfem",8,4,1,"Nonsense",1
"reno",8,4,1,"Local_Gov",1
"representative_monitoring_sites",8,8,1,"Technical",0
"richfield",8,8,1,"City",0
"rmw_wls",8,4,2,"Nonsense",1
"robinson_creek",8,8,1,"Natural_Feature",0
"root_creek",8,8,1,"Natural_Feature",0
"roundtables",8,8,1,"Group",1
"ryan_teubert",8,2,1,"Person",1
"sacramento_valley_subsidence_network",8,3,1,"District",0
"san_benito_county_water_district_board_of_directors",8,8,1,"Group",0
"san_benito_county_water_district_groundwater_sustainability_agency_board_of_directors",8,8,1,"Group",0
"san_buenaventura",8,3,1,"Local_Gov",1
"san_diego_river",8,8,1,"Natural_Feature",0
"san_dieguito_river",8,8,1,"Natural_Feature",0
"san_joaquin_delta",8,1,2,"Natural_Feature",1
"san_leandro_cone",8,8,1,"Basin",1
"san_timoteo_canyon",8,8,1,"Natural_Feature",1
"sand_creek",8,4,1,"Natural_Feature",0
"sandra",8,8,1,"Person",1
"santa_ana_watershed",8,4,1,"Basin",1
"santa_maria_river",8,2,1,"Natural_Feature",0
"santa_rosa_basin",8,8,1,"Basin",0
"scotts_valley_area",8,8,1,"Geographic_Unit",0
"section_325",8,2,1,"Reference",0
"sedimentary_deposits_of_live_oak_canyon",8,8,1,"Natural_Feature",1
"sentinel_mw1",8,8,1,"Infrastructure",1
"sgs",8,8,1,"Nonsense",1
"sheridan",8,8,1,"City",0
"siskiyou_county_groundwater_sustainability_agency",8,3,1,"Other_GSA",0
"skgsa",8,8,1,"Other_GSA",0
"smgsp",8,8,1,"Nonsense",1
"sonoma_resource_conservation_district",8,3,1,"District",0
"south_delta_water_agency_groundwater_sustainability_agency",8,8,1,"Local_GSA",0
"south_san_joaquin_groundwater_sustainability_agency",8,8,1,"Local_GSA",0
"south_santa_ana",8,8,1,"Geographic_Unit",1
"spreckels",8,4,1,"City",0
"sssscc",8,2,1,"Nonsense",1
"ssssff",8,2,1,"Nonsense",1
"state_of",8,2,1,"Nonsense",1
"state_university_channel_islands",8,4,2,"Nonsense",1
"steamboat_slough",8,8,1,"Natural_Feature",0
"stillwater_creek",8,8,1,"Natural_Feature",0
"stockton_east_water_district_groundwater_sustainability_agency",8,8,1,"Local_GSA",0
"stream_gage_data_gaps_project",8,8,1,"Water_Project",0
"stream_watch",8,8,1,"Group",1
"surface_water",8,1,1,"Natural_Feature",1
"surface_water_groundwater_recycled_water_transfer_stormwater_other_source_of_outside_water",8,4,1,"District",0
"surface_water_quality_percent",8,8,1,"Technical",1
"sustainable_groundwater_management_act_climate_change_data",8,1,1,"Technical",0
"sustainable_management_of_groundwater",8,2,1,"Legal",1
"sycamore_marsh_farm",8,8,1,"Natural_Feature",1
"system_optimization_review_study",8,8,1,"Technical",1
"table_ii3",8,3,1,"Reference",0
"tca",8,4,1,"District",1
"teague",8,8,1,"Nonsense",1
"team",8,1,2,"Group",1
"terra_linda_recharge_canal",8,4,1,"Infrastructure",1
"that",8,1,1,"Nonsense",1
"threatened",8,1,1,"Nonsense",1
"toro",8,4,1,"Nonsense",1
"traum_et_al",8,8,1,"Reference",1
"trevor_joseph",8,1,1,"Person",1
"tri_county_water_authority_groundwater_sustainability_agency_tulare_lake",8,8,1,"Local_GSA",0
"trussell",8,8,1,"Nonsense",1
"tule_subbasin_lower_tule_river_irrigation_district_groundwater_sustainability_agency_basin",8,1,1,"Basin",0
"tulucay_creeks",8,8,1,"Natural_Feature",0
"tuolumne_county_groundwater_sustainability_agency",8,8,1,"Other_GSA",0
"ucode_2014",8,3,3,"Data_System",1
"union_city",8,8,1,"City",0
"united_states_bureau_of_reclamation_1947",8,2,1,"Federal_Gov",1
"united_states_bureau_of_reclamation_central_valley_project",8,4,1,"Water_Project",0
"united_states_of_america",8,2,1,"Federal_Gov",1
"university_navstar_consortium",8,2,1,"Group",1
"university_well",8,8,1,"Infrastructure",1
"upper_valley_subbasins",8,3,1,"Basin",0
"us_bureau_of_reclamation",8,3,1,"Federal_Gov",1
"us_fish_and_wildlife_service",8,1,1,"Federal_Gov",0
"usdw",8,4,1,"Nonsense",1
"valley_water_collaborative",8,4,1,"Group",1
"vandenberg_a_is_shown_on_figureb",8,4,1,"Nonsense",1
"vega",8,4,1,"Nonsense",1
"vegetation_map_of_the_santa_clara_river",8,4,1,"Natural_Feature",0
"ventura_county_farm_bureau",8,2,1,"NGO",1
"ventura_county_groundwater_section",8,3,1,"Reference",0
"ventura_county_water_work_district",8,8,1,"District",0
"vhd",8,8,1,"Nonsense",1
"wa",8,3,2,"Nonsense",1
"water_budget_best_management_practices",8,2,1,"Technical",1
"watershed_information_and_conservation_council",8,8,1,"Group",0
"weed",8,8,1,"City",0
"west_placer",8,8,1,"Local_Gov",1
"west_yost",8,3,1,"Company",1
"west_yost_associates",8,3,1,"Company",1
"western_management_area_agencies",8,8,1,"Group",0
"wetter",8,4,1,"Nonsense",1
"whiskeytown",8,4,2,"Geographic_Unit",1
"willard_road",8,4,1,"Nonsense",1
"wilson_grove_formation_highlands_basin",8,8,1,"Basin",0
"yolo_counties",8,8,1,"Geographic_Unit",1
"yolo_county_flood_control",8,8,1,"District",1
"zayante_vergeles",8,4,2,"Person",1
"2ab",7,7,1,"Nonsense",1
"a_aliso_water_district",7,1,1,"District",0
"a_citizens_advisory_committee",7,7,1,"Group",0
"a_land_use_study",7,7,1,"Reference",1
"a_national_aeronautics_and_space_administration_jet_propulsion_laboratory",7,1,1,"Federal_Gov",1
"aaron_chapter",7,7,1,"Nonsense",1
"action_level",7,4,2,"Reference",1
"adopted",7,1,1,"Nonsense",1
"ag_preserve",7,7,1,"Geographic_Unit",1
"agua_caliente",7,7,1,"Local_Gov",1
"alamo_creek",7,7,1,"Natural_Feature",0
"alder_creek",7,4,1,"Natural_Feature",0
"aliso_water_district_to",7,1,1,"District",1
"alk",7,7,1,"Nonsense",1
"allen_et_al",7,2,1,"Reference",1
"alton",7,7,1,"Nonsense",1
"amador_water_agency",7,2,1,"Group",0
"amec",7,7,1,"Company",1
"american",7,4,1,"Nonsense",1
"an_executive_committee",7,7,1,"Group",0
"andrewgarciasldmwaorg",7,1,1,"Nonsense",1
"angiola",7,7,1,"Nonsense",1
"appendix_m",7,2,1,"Reference",0
"applied_to_pesticides",7,1,1,"District",0
"approved",7,2,1,"Nonsense",1
"aquifer_system",7,2,1,"Natural_Feature",0
"arroyo_seco_gravels",7,7,1,"Natural_Feature",1
"arvin_edison_water_storage_district_board",7,7,1,"Group",0
"automated_data_review",7,7,1,"Technical",0
"avenal",7,7,1,"City",0
"b_data",7,1,1,"Technical",0
"b_grassland_groundwater_sustainability_plan",7,1,1,"Technical",0
"banning_canyon",7,7,1,"Natural_Feature",1
"based",7,1,1,"Nonsense",1
"basin_no",7,2,2,"Nonsense",1
"basin_plans",7,1,1,"Technical",0
"bedford_canyon_formation",7,7,1,"Natural_Feature",0
"benito_county",7,7,1,"County",0
"berry_crops",7,7,1,"Nonsense",1
"beth_milliken",7,7,1,"Person",1
"bitter_creek",7,7,1,"Natural_Feature",0
"blanco_drain",7,7,1,"Infrastructure",1
"board_of_directors_and_advisory_committee",7,4,1,"Group",0
"bortugno",7,7,1,"Person",1
"bowman_subbasins",7,1,1,"Basin",0
"buena_vista_rancheria",7,7,1,"Local_Gov",1
"buffalo_creek",7,4,1,"Natural_Feature",0
"bureau_of_reclamation_report_of_operations",7,1,1,"Technical",0
"burnett",7,2,2,"Nonsense",1
"butte_city",7,7,1,"Local_Gov",1
"butte_valley_basalt",7,7,1,"Natural_Feature",1
"c1",7,4,1,"Nonsense",1
"c_northern_central_delta_mendota_regions_groundwater_sustainability_plan",7,1,1,"Technical",0
"c_rc",7,7,1,"Nonsense",1
"cachuma_creek",7,7,1,"Natural_Feature",0
"california_native_plant_society",7,1,1,"State_Gov",0
"california_regional_water_quality_control_board",7,2,1,"State_Gov",0
"california_simulation_of_evapotranspiration_of_applied_water",7,1,1,"State_Gov",0
"california_state",7,2,1,"State_Gov",0
"california_supreme_court",7,2,1,"State_Gov",0
"calpine",7,7,1,"City",0
"cameron_creek",7,7,1,"Natural_Feature",0
"cdp",7,2,1,"Nonsense",1
"central_delta_water_agency",7,4,1,"Group",0
"central_subbasins",7,7,1,"Basin",0
"central_yolo",7,7,1,"District",1
"channel_islands_air_national_guard_station",7,2,2,"Federal_Gov",1
"characterization_report",7,7,1,"Technical",0
"charles_gardiner",7,7,1,"Person",1
"china",7,7,1,"Geographic_Unit",1
"ciervo",7,7,1,"Nonsense",1
"citizens_advisory_group",7,4,1,"Group",0
"city_groundwater_sustainability_agency",7,7,1,"Other_GSA",0
"city_of_atascadero",7,4,1,"City",0
"city_of_beverly_hills",7,7,1,"City",0
"city_of_brentwood_groundwater_sustainability_agency",7,7,1,"Local_GSA",0
"city_of_folsom",7,7,1,"City",0
"city_of_menifee",7,7,1,"City",0
"city_of_newman",7,7,1,"City",0
"city_of_rancho_cordova",7,7,1,"City",0
"city_of_santa_rosa",7,7,1,"City",0
"city_of_woodland",7,7,1,"City",0
"city_of_yreka",7,7,1,"City",0
"clendenen_associates",7,7,1,"Company",1
"cmip5",7,4,1,"Technical",1
"coastal_protection",7,1,2,"Group",1
"code_of_civil_procedure",7,7,1,"Legal",1
"colusa_basin_drain",7,7,1,"Infrastructure",1
"communications_and_engagement_plan",7,2,1,"Technical",0
"comprehensive_environmental_response_compensation_and_liability_act",7,7,1,"Federal_Gov",0
"consolidated",7,4,1,"District",0
"contact",7,1,1,"Legal",0
"core",7,4,1,"Nonsense",1
"cornelius",7,7,1,"Nonsense",1
"corral_de",7,7,1,"Nonsense",1
"cosumnes_working_group",7,7,1,"Group",0
"county_of_humboldt",7,7,1,"County",0
"county_of_san",7,7,1,"Local_Gov",1
"county_of_sonoma",7,7,1,"County",0
"craig_creek",7,7,1,"Natural_Feature",0
"creston_subarea",7,7,1,"Geographic_Unit",0
"cross_creek",7,4,1,"Natural_Feature",0
"cuenca",7,7,1,"Geographic_Unit",1
"data_management_system_working_group",7,1,1,"Group",0
"del_rey",7,4,1,"City",0
"deliverables",7,2,1,"Nonsense",1
"delorme",7,1,1,"Company",1
"delta_mendota_subbasin_intrabasin_coordination_agreement",7,1,1,"Group",0
"department_of_water_resources_lu_lc",7,7,1,"State_Gov",1
"department_report",7,7,1,"Technical",0
"direct_recharge_project",7,7,1,"Water_Project",0
"direct_use_project",7,7,1,"Water_Project",0
"draft_groundwater_sustainability_plan",7,2,1,"Technical",0
"drought_contingency_plan",7,4,1,"Technical",0
"ducks_unlimited",7,4,1,"NGO",1
"ducks_unlimited_wetland_inventory",7,1,1,"Data_System",1
"e_identification",7,1,1,"District",0
"e_j_remson",7,7,1,"Person",1
"east_san_joaquin_water_quality_coalition",7,4,1,"Group",1
"eastern_municipal_water_district_board_of_directors",7,7,1,"Group",0
"edison_fault",7,7,1,"Natural_Feature",1
"elsinore_subbasin",7,4,1,"Basin",0
"eric_schmidt",7,7,1,"District",0
"et0_data",7,2,1,"Technical",0
"eta",7,4,1,"Nonsense",1
"exceedance",7,1,2,"Nonsense",1
"expanded_water_conservation_and_standby_rationing_plan",7,7,1,"Technical",0
"facilitator",7,7,1,"Nonsense",1
"fallow_bank",7,2,2,"Group",1
"farrar_et_al",7,4,1,"Reference",1
"features",7,1,1,"Nonsense",1
"federal_agencies",7,1,1,"Group",0
"federal_express",7,1,1,"Company",1
"field_and_transport",7,4,1,"Infrastructure",1
"fonzi",7,7,1,"Nonsense",1
"ford_wd",7,4,1,"District",0
"forebay_subbasin_groundwater_sustainability_plan",7,7,1,"Technical",0
"fox_canyon_drain",7,7,1,"Infrastructure",1
"freemont",7,2,1,"Nonsense",1
"fresno_management_areas_a_b_groundwater_sustainability_plan",7,1,1,"Technical",0
"future_sustainable",7,4,1,"Nonsense",1
"general_counsel",7,4,1,"Nonsense",1
"geographical_information_system",7,7,1,"Technical",0
"geohydrologic",7,7,1,"Nonsense",1
"geothermex",7,7,1,"Company",1
"gerber",7,2,1,"City",0
"glen_creek",7,7,1,"Natural_Feature",0
"glenn_groundwater_authority_operations_fee",7,7,1,"Legal",1
"greater_kaweah_groundwater_sustainability_agency_board_of_directors",7,7,1,"Group",0
"greenfield_cwd",7,7,1,"District",0
"grf",7,7,1,"Nonsense",1
"groundwater_accounting_structure",7,7,1,"Technical",1
"groundwater_elevation_data_were_sparse_for_the_toro_canyon_1974",7,7,1,"Technical",0
"groundwater_replenishment_reuse_project",7,4,1,"Water_Project",0
"groundwater_surface_water_interactions",7,2,2,"Natural_Feature",1
"groundwater_sustainability_plan_evaluations",7,1,2,"Technical",1
"groundwater_sustainability_plan_implementation_team",7,7,1,"Group",1
"groundwater_sustainability_plan_schedule",7,4,1,"Reference",1
"gw_sacramento_and_the_woodland_exchange",7,7,1,"Group",1
"gwa_board",7,7,1,"Group",0
"harbaugh",7,1,1,"Person",1
"hilton",7,1,2,"Nonsense",1
"historic_current",7,1,1,"Nonsense",1
"historically",7,1,1,"Nonsense",1
"hookton",7,7,1,"Natural_Feature",1
"i75r3327d",7,7,1,"Nonsense",1
"ids",7,2,1,"District",0
"ilkhanipour",7,7,1,"Person",1
"indicator_wells",7,2,2,"Infrastructure",1
"insar",7,2,1,"Technical",1
"instagram",7,2,2,"Nonsense",1
"interested_party",7,4,2,"Nonsense",1
"interior_bureau_of_reclamation",7,7,1,"Federal_Gov",1
"inyo_county_planning_commission",7,7,1,"Group",0
"ironhouse_sanitary_district",7,7,1,"District",0
"isw_sustainable_management_criteria",7,2,2,"Technical",1
"ivette_iraheta",7,7,1,"Person",1
"james_id",7,7,1,"District",0
"james_irrigation_district_groundwater_sustainability_agency",7,4,1,"Other_GSA",0
"jean_moran",7,7,1,"Person",1
"kbwqa",7,7,1,"Group",1
"kern_groundwater_authority_gsa",7,7,1,"Other_GSA",0
"kern_management_area",7,7,1,"Geographic_Unit",0
"kern_nwr",7,1,1,"District",1
"kiefer",7,2,1,"Nonsense",1
"kings_basin_coordination_efforts",7,2,1,"Group",1
"klamath_county",7,7,1,"County",0
"knightsen",7,7,1,"City",0
"l_nd",7,7,1,"Nonsense",1
"la_grange",7,7,1,"City",0
"la_selva_beach",7,7,1,"City",0
"land_iq",7,1,1,"Company",1
"lateral_subsurface_groundwater_flows",7,2,1,"Natural_Feature",1
"layer_property_flow",7,7,1,"Technical",1
"lepomis",7,2,2,"Natural_Feature",1
"lessalt_water_treatment_plant",7,7,1,"Infrastructure",1
"linda",7,4,1,"City",0
"lindmore_irrigation_district",7,7,1,"District",0
"little_shasta_river",7,7,1,"Natural_Feature",0
"los_gatos",7,7,1,"City",0
"los_molinos_subbasins",7,4,1,"Basin",0
"los_olivos_community_service_district",7,7,1,"District",0
"los_vaqueros_reservoir",7,2,1,"Infrastructure",0
"lower_tule_river_groundwater_sustainability_agency_board",7,7,1,"Group",0
"mailchimp",7,2,1,"Company",1
"management_action_no",7,4,1,"Nonsense",1
"mapmyindia",7,2,1,"Company",1
"marin_water",7,7,1,"District",1
"maslonkowski",7,7,1,"Person",1
"mbk_engineers",7,4,1,"Company",1
"mcwra_board_of_supervisors",7,7,1,"Group",0
"mdbm",7,4,1,"Nonsense",1
"measurable_objectives_and_minimum_thresholds",7,2,1,"Reference",1
"mebp",7,7,1,"Nonsense",1
"medium",7,1,1,"Nonsense",1
"mendota_subbasin_coordination_agreement",7,1,1,"Group",0
"merced_co_groundwater_sustainability_agency",7,7,1,"Other_GSA",0
"mid_valley_wd",7,1,1,"District",0
"millard_canyons",7,7,1,"Natural_Feature",1
"mint_canyon",7,7,1,"Geographic_Unit",1
"modeling_best_management_practices",7,1,1,"Technical",0
"modeling_best_management_practices_guidance_document",7,1,1,"Technical",0
"modflow_one_water_hydrologic_model",7,4,1,"Technical",0
"modoc_county_board_of_supervisors",7,7,1,"Group",0
"mollisols",7,2,1,"Natural_Feature",1
"monterey_county_flood_control_and_water_conservation_district",7,2,1,"District",0
"montgomery_associates",7,2,1,"Company",1
"moyle",7,7,1,"Nonsense",1
"mpwmdfo10d",7,7,1,"Nonsense",1
"mwd",7,7,1,"District",0
"napa_resource_conservation_district",7,7,1,"District",0
"napa_valley_groundwater_subbasin",7,7,1,"Basin",0
"national_marine_fisheries",7,7,1,"Federal_Gov",1
"national_primary_drinking_water_regulations",7,1,1,"Legal",0
"ncdm",7,7,1,"Nonsense",1
"net_recharge",7,1,1,"Technical",1
"network",7,7,1,"Nonsense",1
"niswonger_et_al",7,2,2,"Reference",1
"non_voting_representatives",7,7,1,"Group",1
"north_central_region_office",7,7,1,"Local_Gov",1
"northern_sacramento_valley",7,2,1,"Geographic_Unit",0
"northwest_cell",7,7,1,"Geographic_Unit",1
"nrd",7,4,1,"District",1
"oat_creek",7,7,1,"Natural_Feature",0
"olcese_sand_aquifer_unit",7,7,1,"Natural_Feature",1
"oneill_ranch",7,7,1,"Nonsense",1
"orange_cove_irrigation_district",7,7,1,"District",0
"orcutt_sand",7,4,1,"Natural_Feature",0
"owens_creek",7,7,1,"Natural_Feature",0
"oxnard_basins",7,7,1,"Basin",0
"pacific_gas_and_electric_company",7,2,1,"Company",1
"paicines_reservoir",7,7,1,"Infrastructure",0
"pala",7,7,1,"City",0
"paleogene",7,4,2,"Geographic_Unit",1
"palomar",7,4,1,"Nonsense",1
"pavley",7,1,1,"Legal",1
"periodic_evaluation",7,1,1,"Technical",1
"pixid_groundwater_sustainability_agency",7,7,1,"Other_GSA",0
"pixley_public_utility_district",7,7,1,"District",0
"plainview_mutual_water_company",7,7,1,"Company",1
"planned_projects_and_management_actions",7,7,1,"Reference",1
"plumas_national_forest",7,7,1,"Natural_Feature",1
"point_mugu",7,7,1,"Natural_Feature",1
"policy_project",7,4,1,"Water_Project",0
"poplar",7,7,1,"Nonsense",1
"portland",7,7,1,"Local_Gov",1
"public_water_systems",7,1,1,"Natural_Feature",0
"pyramid_hills_sands",7,7,1,"Natural_Feature",0
"quercus",7,2,1,"Nonsense",1
"r1",7,2,1,"Nonsense",1
"raisin_city_oil_field",7,7,1,"Natural_Feature",1
"ramirez_water_district",7,4,1,"District",0
"rancho_murieta",7,7,1,"City",0
"rancho_temescal",7,4,1,"Geographic_Unit",1
"receiving_water",7,1,1,"Natural_Feature",1
"recycled_water_irrigation_areas",7,7,1,"Geographic_Unit",0
"regional_boards",7,1,1,"Group",0
"regional_critical_infrastructure",7,7,1,"Infrastructure",1
"regional_water_quality_control_board_wqo",7,4,2,"Group",1
"regionals",7,7,1,"Nonsense",1
"rehoboth",7,7,1,"Nonsense",1
"reilly",7,2,2,"Person",1
"reliance",7,7,1,"Nonsense",1
"replace_existing_facilities",7,7,1,"Nonsense",1
"resource_conservation_district_of",7,7,1,"District",1
"riverwash_scrub",7,7,1,"Natural_Feature",1
"rmw_initial_studyw01",7,7,1,"Reference",1
"rmw_water_quality",7,7,1,"Technical",1
"rockwood",7,7,1,"Nonsense",1
"rod",7,4,1,"Nonsense",1
"rosenberg",7,7,1,"Nonsense",1
"russell_city_energy_center",7,7,1,"Infrastructure",1
"s",7,1,1,"Nonsense",1
"sacramento_county_farm_bureau",7,4,1,"NGO",1
"san_antonio_formation",7,7,1,"Natural_Feature",0
"san_bernardino_subbasin",7,7,1,"Basin",0
"san_gabriel",7,2,1,"City",0
"san_jacinto_fault_zone",7,4,1,"Geographic_Unit",0
"san_jacinto_fault_zones",7,7,1,"Geographic_Unit",0
"san_joaquin_river_exchange_contractors_water_authority",7,7,1,"Group",0
"san_joaquin_river_restoration",7,2,1,"Water_Project",1
"san_joaquin_valley_basin",7,1,1,"Basin",0
"san_juan_bautista_subbasins",7,7,1,"Basin",0
"san_luis_reservoir",7,2,1,"Infrastructure",0
"sandy_mush_mutual_water_company",7,7,1,"Company",1
"santa_ana_mountains",7,7,1,"Natural_Feature",1
"santa_cruz_creek",7,7,1,"Natural_Feature",0
"santa_margarita_ranch_mutual_water_company",7,7,1,"District",1
"santa_nella_county_water_district",7,4,1,"District",0
"santa_ynez_basin",7,7,1,"Basin",0
"saucedo",7,4,1,"Nonsense",1
"scott_graham",7,7,1,"Person",1
"section_ff_ff",7,7,1,"Reference",0
"semcu",7,7,1,"District",1
"shallow_alluvial_deposits",7,7,1,"Natural_Feature",1
"shasta_river_downstream",7,7,1,"Natural_Feature",1
"sierra_valley_resource_conservation_district",7,7,1,"District",0
"sjrecgsa",7,4,1,"Other_GSA",0
"small_water_systems",7,2,1,"Natural_Feature",0
"soil_agricultural_groundwater_banking_index_data",7,1,1,"Technical",0
"sonoma_valley_integrated_groundwater_flow_model",7,7,1,"Technical",0
"southwest_kings",7,4,2,"District",1
"states",7,2,1,"Geographic_Unit",1
"statewide_groundwater_elevation_monitoring_statewide_groundwater_elevation_monitoring",7,1,1,"Technical",0
"stream",7,1,1,"Natural_Feature",1
"study",7,2,1,"Nonsense",1
"subarticle_2",7,1,1,"Reference",1
"subbasin_coordination_committee",7,2,1,"Group",0
"subbasin_data_management_system",7,2,1,"Technical",0
"subbasin_technical_committee",7,7,1,"Group",0
"subsurface",7,2,2,"Nonsense",1
"success",7,2,1,"Nonsense",1
"sulfate",7,2,1,"Natural_Feature",1
"sullivan_et_al",7,1,1,"Reference",1
"supplemental_monitoring_network",7,7,1,"Technical",0
"surface_energy_balance_algorithm_for_land",7,1,1,"Technical",1
"surface_executive",7,1,1,"Nonsense",1
"sustainability_goals",7,1,1,"Nonsense",1
"sustainable_groundwater_management_act_projects_for",7,1,1,"Legal",1
"sustainable_groundwater_management_act_services_activity_agreement",7,7,1,"Group",0
"sustainable_groundwater_management_act_sustainability_indicators",7,2,1,"Legal",1
"sustainable_management_criteria_section",7,4,1,"Reference",0
"table_v1",7,2,1,"Reference",0
"tba",7,4,1,"Nonsense",1
"teague_data_center",7,7,1,"Technical",0
"technical_advisory_committees",7,4,1,"Group",0
"tehama_colusa_canal",7,7,1,"Infrastructure",1
"tehama_counties",7,2,2,"Nonsense",1
"tejon_castac_water_district_groundwater_sustainability_agency",7,7,1,"Local_GSA",0
"temporary_agricultural_land_fallowing_project",7,7,1,"Water_Project",0
"this_public_outreach_and_engagement_plan",7,1,1,"Technical",0
"tif",7,7,1,"Nonsense",1
"tipton_community",7,2,1,"Group",0
"tmc",7,2,1,"Nonsense",1
"town_of_discovery_bay",7,7,1,"Local_Gov",1
"tracy_subbasin_groundwater_sustainability_agencies",7,7,1,"Group",0
"triple_falls_creek",7,7,1,"Natural_Feature",0
"trona",7,7,1,"City",0
"tuolumne_rivers_groundwater_basin_association",7,7,1,"Group",1
"turlock_lake",7,2,1,"Natural_Feature",0
"turlock_subbasins",7,2,1,"Basin",0
"turnipseed_project",7,7,1,"Water_Project",0
"tuscan",7,2,2,"Geographic_Unit",1
"ulatis",7,7,1,"Basin",1
"united_states_bureau_of_reclamation_central_valley_operation_annual_reports",7,1,1,"Technical",0
"university_of_california_merced",7,4,1,"State_Gov",0
"upper_san_luis_rey",7,7,1,"Basin",1
"upper_san_luis_rey_subbasin",7,7,1,"Basin",0
"urban_communities",7,7,1,"Group",0
"us_express_mail",7,1,1,"Nonsense",1
"valley_oaks",7,7,1,"Nonsense",1
"valley_water_groundwater_sustainability_agency",7,7,1,"Other_GSA",0
"ventura_county_government_center_hall_of_administration",7,2,1,"Infrastructure",1
"ventura_river_watershed_council",7,7,1,"Group",0
"via",7,2,1,"Nonsense",1
"visalia_water_conservation_plant",7,7,1,"Infrastructure",1
"volatile_organic_compound",7,7,1,"Technical",1
"walnut_creek",7,7,1,"City",0
"water_management_plans",7,2,1,"Technical",0
"water_shortage_contingency_plan",7,7,1,"Technical",0
"watersheds_coalition_of_ventura_county_disadvantaged_community_committee",7,2,1,"Group",0
"website_portal",7,7,1,"Data_System",1
"west",7,1,2,"Nonsense",1
"west_butte_subbasin",7,7,1,"Basin",0
"white_wolf_groundwater_sustainability_agency_board",7,7,1,"Group",0
"woodard_curran_provost_pritchard",7,1,1,"Company",1
"yolo_county_flood_control_and_water_conservation_district",7,7,1,"District",0
"yuba_water_agency_groundwater_sustainability_agency",7,7,1,"Other_GSA",0
"zapato_chino_creek",7,7,1,"Natural_Feature",0
"a_alyson_watson",6,6,1,"Person",1
"a_conflict_of_interest_code",6,1,1,"Legal",0
"a_coordinating_committee",6,6,1,"Group",0
"a_long_term_sustainable_water_supply",6,1,1,"Nonsense",1
"action_et_al",6,6,1,"Nonsense",1
"ad_hoc_stakeholder_engagement_committee",6,6,1,"Group",0
"adobe_creek_conjunctive_use",6,6,1,"Water_Project",1
"ae",6,2,1,"Nonsense",1
"alameda_county_public_works_agency",6,6,1,"Group",0
"analysis_plan",6,1,1,"Technical",0
"anne_sippi_clinic",6,6,1,"Nonsense",1
"anticline_ridge",6,6,1,"District",0
"appendix_8a",6,6,1,"Reference",0
"appendix_e_detected",6,2,1,"Reference",0
"appendix_l",6,1,1,"Reference",0
"applied_water",6,2,1,"Technical",1
"aquatic_bioassay_and_consulting",6,3,1,"Company",1
"armona_csd",6,6,1,"District",1
"armstrong_ranch",6,6,1,"Local_Gov",1
"arroyo_las_posas_simi",6,6,1,"Natural_Feature",1
"arsenic_mitigation_project",6,6,1,"Water_Project",0
"as",6,1,1,"Nonsense",1
"asgsa_board",6,6,1,"Group",0
"assigning",6,3,1,"Nonsense",1
"at",6,1,1,"Nonsense",1
"atascadero_basin",6,6,1,"Basin",0
"attachment_f3",6,6,1,"Reference",1
"auditor",6,1,2,"Person",1
"baccharis",6,3,1,"Natural_Feature",1
"bandy_canyon",6,6,1,"Natural_Feature",1
"bank",6,3,1,"Nonsense",1
"banker",6,6,1,"Nonsense",1
"basin_plan_amendment",6,3,2,"Reference",1
"bbbbbbbbbb",6,1,1,"Nonsense",1
"bear_river_band",6,6,1,"Group",1
"becky_steinbruner",6,6,1,"Person",1
"bedford_coldwater_groundwater_sustainability_authority",6,6,1,"Group",0
"beneficial_uses_and_users",6,2,3,"Legal",1
"berrenda",6,6,1,"Geographic_Unit",1
"berryessa",6,6,1,"Geographic_Unit",1
"bfi",6,6,1,"Nonsense",1
"board_advisory_committee",6,2,1,"Group",0
"bolsa_se",6,6,1,"Nonsense",1
"boundary_flow_scenario",6,6,1,"Technical",1
"boyes_hot_springs",6,6,1,"City",0
"bridgeville",6,6,1,"District",0
"bryan_bondy",6,2,1,"Person",1
"buntingville",6,6,1,"Geographic_Unit",1
"burrel_ditch_company",6,1,1,"Company",1
"burton",6,2,1,"Nonsense",1
"byron_bethany_irrigation_district_groundwater_sustainability_agency_east_contra_costa",6,6,1,"Local_GSA",0
"byron_division",6,6,1,"District",1
"c2vsimfg_kern_model",6,2,1,"Technical",0
"c_share",6,1,1,"Nonsense",1
"calibrated_horizontal_hydraulic_conductivity",6,6,1,"Technical",1
"caliente_formation",6,6,1,"Natural_Feature",0
"california_department_of_fish_and_recommendation",6,6,1,"State_Gov",0
"california_government_code_section_6509",6,6,1,"State_Gov",0
"california_institute_of_technology",6,1,1,"State_Gov",0
"california_well_standards_ordinance",6,3,1,"State_Gov",0
"calistoga_subarea",6,6,1,"Geographic_Unit",0
"capay_valley",6,6,1,"Geographic_Unit",0
"capitol_core_group",6,6,1,"Group",0
"carabas",6,6,1,"Nonsense",1
"casa_blanca_barrier",6,6,1,"Infrastructure",1
"cdec10",6,6,1,"Data_System",1
"central_delta_130",6,1,1,"Basin",1
"chanac_formation",6,3,1,"Natural_Feature",0
"charles_brush",6,2,1,"Person",1
"chemical",6,3,1,"Nonsense",1
"chicken_hill_fault",6,6,1,"Natural_Feature",1
"chico_creek",6,1,1,"Natural_Feature",0
"chino_subbasin",6,6,1,"Basin",0
"chowchilla_subbasin_groundwater_sustainability_plan_advisory_committee",6,6,1,"Group",0
"cities_of_ceres",6,6,1,"Local_Gov",1
"cities_of_cotati",6,6,1,"Nonsense",1
"citrus_heights",6,6,1,"City",0
"city_of_antioch_groundwater_sustainability_agency",6,6,1,"Local_GSA",0
"city_of_capitola",6,6,1,"City",0
"city_of_coalinga_groundwater_sustainability_agency",6,6,1,"Local_GSA",0
"city_of_gonzales",6,2,1,"City",0
"city_of_kerman",6,6,1,"City",0
"city_of_paso_robles_groundwater_sustainability_agency",6,6,1,"Local_GSA",0
"city_of_san",6,3,1,"City",0
"city_of_soledad",6,2,1,"City",0
"city_of_wheatland",6,6,1,"City",0
"city_recharge",6,2,2,"Infrastructure",1
"coastal_plain_model_and_regional_model",6,3,1,"Technical",0
"column_l_of_table",6,1,1,"Reference",0
"completed_submitted_activity",6,6,1,"Nonsense",1
"completion_of_task",6,6,1,"Nonsense",1
"confined_animal_sites",6,3,1,"Geographic_Unit",1
"conway_bank",6,1,2,"Natural_Feature",1
"cooperative_extension",6,2,2,"Group",1
"coordination",6,2,1,"Nonsense",1
"cottonwood_creek_recharge_facility",6,6,1,"Infrastructure",1
"county_of_fresno_groundwater_sustainability_agency",6,6,1,"Other_GSA",0
"coyote_hills",6,6,1,"Natural_Feature",1
"coyote_valley_dam",6,6,1,"Infrastructure",0
"cross_sections",6,3,1,"Technical",1
"crpr",6,2,1,"Nonsense",1
"crystal_geyser_roxane",6,6,1,"Company",1
"cy",6,2,1,"Nonsense",1
"d_itenfisu",6,1,1,"Nonsense",1
"d_technical_advisory_committee_standards",6,2,1,"Technical",0
"data_compilation",6,1,1,"Technical",0
"data_entry",6,3,1,"Technical",0
"david_e_welter",6,3,1,"District",0
"david_manning",6,2,1,"District",0
"dce",6,6,1,"Nonsense",1
"deadman_creek",6,6,1,"Natural_Feature",0
"dehp",6,6,1,"Nonsense",1
"deliver",6,1,1,"Nonsense",1
"department_of_conservation",6,2,1,"State_Gov",0
"department_of_environmental_health",6,2,1,"Local_Gov",1
"department_of_food_and_agriculture",6,2,1,"State_Gov",0
"department_of_water_resources_100",6,6,1,"State_Gov",1
"department_of_water_resources_climate_change_guidance_and_resource_guide",6,2,1,"District",0
"department_of_water_resources_climate_change_technical_advisory_group1_climate",6,1,1,"Technical",0
"department_of_water_resources_population_tool",6,6,1,"Data_System",1
"description_of_coordinated_data_management_system",6,1,1,"Technical",0
"description_of_data",6,1,1,"Technical",0
"detected",6,1,1,"Nonsense",1
"dhi",6,6,1,"Company",1
"diablo_water_district_groundwater_sustainability_agency",6,6,1,"Local_GSA",0
"diagram",6,6,1,"Nonsense",1
"dickson",6,6,1,"Nonsense",1
"disadvantaged_community_community",6,2,1,"Group",0
"disadvantaged_community_involvement_committee",6,2,1,"Group",0
"downstream_water_users",6,3,1,"Group",1
"draft_monterey",6,6,1,"Nonsense",1
"drinking_water_and_health",6,3,2,"Nonsense",1
"dudley_ridge_water_district",6,6,1,"District",0
"dunnigan_hills_management_areas",6,6,1,"Geographic_Unit",0
"each_primary_and_alternate",6,1,1,"Nonsense",1
"east_turlock",6,6,1,"District",1
"eastern_management_area_groundwater_sustainability_agency",6,3,1,"Other_GSA",0
"eastern_tule_groundwater_sustainability_agency_basin",6,1,1,"Basin",0
"eastside_groundwater_sustainability_agency",6,6,1,"Other_GSA",0
"edison_oil_field",6,6,1,"Natural_Feature",1
"edna_valley_growers_mutual_water_company",6,6,1,"Company",1
"effect_of_minimum_thresholds_on_neighboring_basins_and_subbasins",6,2,1,"Basin",0
"elsinore_fault_zone",6,2,1,"Geographic_Unit",0
"entisols",6,3,1,"Natural_Feature",1
"entrix",6,6,1,"Company",1
"environmental_data_exchange_network",6,2,1,"State_Gov",0
"environmental_health_bureau",6,3,1,"Local_Gov",1
"environmental_resource_management_element",6,2,1,"Reference",1
"equation",6,3,1,"Nonsense",1
"esparto",6,6,1,"City",0
"evaluated_against_the_sustainable_management_criteria",6,3,2,"Technical",1
"existing_data",6,3,1,"Technical",0
"farallon",6,3,1,"Natural_Feature",1
"farallon_geographics",6,6,1,"Company",1
"farmhouse",6,6,1,"Nonsense",1
"fk",6,1,1,"Nonsense",1
"forebay_sustainable_management_criteria_technical_advisory_committee",6,6,1,"Group",0
"freeport_regional_water_authority",6,6,1,"Group",0
"freshwater_trust_and_local_government_commission",6,6,1,"Group",0
"fresno_county_board_of_supervisors",6,3,1,"Group",0
"fresno_sloughs",6,6,1,"Natural_Feature",0
"friant_water_authority_report",6,6,1,"Technical",0
"fruit_growers_laboratory",6,3,1,"Company",1
"gateway",6,6,1,"Nonsense",1
"general_legal_counsel",6,3,1,"Nonsense",1
"geologic_study_of_the_orange_cove_irrigation_district",6,1,1,"District",0
"geological_survey_basin_characterization_model",6,6,1,"Technical",0
"geomorphic_setting",6,6,1,"Geographic_Unit",0
"geosystems_analysis_inc",6,6,1,"Company",1
"gila",6,2,2,"Natural_Feature",1
"global_warming_potential",6,2,1,"Technical",1
"gms",6,2,2,"Technical",1
"goals_and_objectives",6,2,1,"Reference",1
"goods_and_services",6,6,1,"Nonsense",1
"google_earth",6,6,1,"Technical",1
"grasslands_wildlife_management_area",6,3,1,"Geographic_Unit",0
"grayson",6,6,1,"City",0
"great_program_advanced_water_purification_facility_expansion_project",6,6,1,"Water_Project",0
"groundwater_ambient_monitoring_and_assessment_groundwater_information_system",6,3,1,"Technical",0
"groundwater_dependent_ecosystem_evaluation",6,6,1,"Technical",1
"groundwater_guide",6,6,1,"District",0
"groundwater_information_center",6,2,2,"Data_System",1
"groundwater_management",6,1,2,"Group",1
"groundwater_management_plan_update",6,2,2,"Technical",1
"groundwater_model",6,6,1,"Technical",0
"groundwater_pumping_fee_program",6,6,1,"Legal",1
"groundwater_sustainability_agency_advisory_committee",6,2,1,"Group",0
"groundwater_sustainability_agency_notice",6,6,1,"Legal",1
"groundwater_sustainability_agency_party_board_of_directors",6,1,1,"Group",0
"groundwater_sustainability_plan_adoption",6,2,2,"Reference",1
"groundwater_sustainability_plan_emergency_regulations_guide",6,2,1,"District",0
"groundwater_sustainability_plan_entities",6,6,1,"Technical",1
"groundwater_sustainability_plan_implementation_effects_on_general_plan_water_supply_assumptions_groundwater_sustainability_plan",6,6,1,"Technical",0
"groundwater_sustainability_plan_stakeholder_communication_and_engagement",6,1,1,"Technical",1
"groundwater_sustainability_plan_working_group_administrative",6,6,1,"Group",1
"groundwater_sustainability_plan_workshops",6,2,1,"Group",1
"groundwater_sustainable_agencies",6,1,1,"Group",0
"gw_settlement_water",6,6,1,"Technical",1
"hank_rupp",6,6,1,"Person",1
"harris",6,6,1,"Person",1
"held",6,3,1,"Nonsense",1
"hereinafter",6,1,1,"Nonsense",1
"hernandez_and_paicines_reservoirs",6,6,1,"Infrastructure",0
"hills_valley_id",6,6,1,"District",0
"hopkins_groundwater_consultants",6,2,1,"Company",1
"httpwwwipumsorg",6,2,1,"Nonsense",1
"hurzel",6,6,1,"Nonsense",1
"hydrogeologic_survey_results_conceptual_model",6,6,1,"Technical",0
"hydrogeologic_working_group",6,6,1,"Group",0
"hydrogeological_data",6,1,1,"Technical",0
"hydrometrics_water_resources_inc",6,6,1,"Company",1
"i_a_walter",6,1,1,"Person",1
"implementation_procedures",6,2,3,"Legal",1
"incomplete_determination",6,6,1,"Nonsense",1
"inflow_terms_and_table",6,1,1,"Reference",0
"institute",6,6,1,"Nonsense",1
"interconnected_surface_waters",6,3,1,"Natural_Feature",1
"introduction",6,1,1,"Reference",1
"irrigation_training_research_center",6,1,2,"Group",1
"jacalitos",6,6,1,"Natural_Feature",1
"katz",6,6,1,"Nonsense",1
"kaweah_subbasin_hydrologic_budget_average",6,2,1,"Technical",1
"kerby",6,6,1,"Nonsense",1
"kern_county_urban_zones",6,2,1,"Geographic_Unit",0
"kew",6,3,1,"Nonsense",1
"kings_subbasin_coordinated_water_budgets",6,1,1,"Technical",1
"kings_subbasin_groundwater_sustainability_agencies",6,1,1,"Group",0
"la_loma_ranch_mutual",6,6,1,"District",1
"laboratory_coordinators",6,3,1,"Group",1
"lake_shastina",6,6,1,"City",0
"lake_success_reservoir",6,1,1,"Infrastructure",0
"lake_success_success_reservoir",6,2,1,"Infrastructure",0
"land_use_element",6,2,1,"Reference",1
"las_posas_hills",6,3,1,"Natural_Feature",1
"las_posas_sand",6,3,1,"Natural_Feature",0
"leadership_counsel",6,3,1,"NGO",1
"loca",6,6,1,"Nonsense",1
"lockeford",6,6,1,"City",0
"lomerias_muertas",6,6,1,"Natural_Feature",1
"longfin_smelt",6,6,1,"Natural_Feature",1
"loosely_consolidated_deposits",6,6,1,"District",0
"los_angeles_county_flood_control_district",6,6,1,"District",0
"los_angeles_county_waterworks_district",6,6,1,"District",0
"los_banos_creek_detention_dam",6,6,1,"Infrastructure",0
"lower_kaweah_rivers",6,2,1,"Natural_Feature",0
"lower_san_joaquin_levee_district",6,6,1,"District",0
"m_e_jensen",6,1,1,"Person",1
"mack",6,1,1,"Nonsense",1
"madera_canal",6,3,1,"Infrastructure",1
"madera_groundwater_subbasin",6,3,1,"Basin",0
"madera_sub_basin",6,3,1,"Basin",0
"management_action_8",6,6,1,"Nonsense",1
"management_area_critical_infrastructure",6,6,1,"Technical",1
"management_plan",6,6,1,"Technical",0
"management_practices_evaluation_program",6,6,1,"Group",1
"matthews",6,3,1,"Nonsense",1
"maximum_contaminant_limit",6,6,1,"Legal",1
"mayacamas",6,3,1,"Basin",1
"mckay",6,3,1,"Nonsense",1
"memorandum",6,3,1,"Reference",1
"mendez_et_al",6,6,1,"Reference",1
"merced_county_general_plan",6,3,1,"Technical",0
"mhb",6,6,1,"Nonsense",1
"michigan_bar",6,6,1,"Geographic_Unit",1
"milliken_reservoir",6,6,1,"Infrastructure",0
"monitoring_networks",6,2,1,"Technical",0
"monterey_bay_national_marine_sanctuary",6,6,1,"Natural_Feature",1
"monterey_county_general_plan",6,6,1,"Technical",0
"moore",6,6,1,"Nonsense",1
"moore_biological_consultants",6,6,1,"Company",1
"moore_twining_associates_environmental_division",6,6,1,"Company",1
"moro_cojo_slough",6,1,1,"Natural_Feature",0
"moss_landing",6,6,1,"City",0
"mutual_water",6,1,1,"District",1
"napa_river_flood_protection_project",6,6,1,"Water_Project",0
"napa_sonoma_valley_groundwater_basin",6,6,1,"Basin",0
"national_aeronautics_and_space_administration_jet_propulsion_laboratory",6,1,1,"Federal_Gov",1
"national_hydrologic_model",6,6,1,"Technical",0
"national_research_council",6,3,1,"Group",0
"natural_communities_commonly_associated",6,2,1,"Natural_Feature",1
"natural_resources_defense_council",6,1,1,"Group",0
"need_for_the_project_covering",6,2,1,"Nonsense",1
"new_creek",6,6,1,"Natural_Feature",0
"nick_janes",6,6,1,"Person",1
"norco_city_council",6,6,1,"Group",0
"north_fork_regional_recharge_project",6,6,1,"Water_Project",0
"notice_of_intent_to_adopt",6,6,1,"Reference",1
"ohws",6,6,1,"Nonsense",1
"ojai_basin_groundwater_management_agency",6,6,1,"Local_GSA",0
"ojai_valley",6,6,1,"Geographic_Unit",0
"ojai_water_conservation_district",6,6,1,"District",0
"oneill_forebay",6,3,1,"Infrastructure",1
"ordanance_survey",6,6,1,"Nonsense",1
"order_and_mrp",6,6,1,"Nonsense",1
"oro_loma_water_district_groundwater_sustainability_agency",6,6,1,"Local_GSA",0
"outdoor_access_for_all_act",6,1,1,"Legal",0
"outreach",6,1,2,"Group",1
"pacheco_pass_water_district",6,6,1,"District",0
"padre",6,6,1,"Nonsense",1
"paee",6,6,1,"Nonsense",1
"para",6,3,1,"Nonsense",1
"paradigm_environmental",6,6,1,"Company",1
"parcc",6,3,1,"Nonsense",1
"pardee_reservoir",6,3,1,"Infrastructure",0
"parks_creek",6,6,1,"Natural_Feature",0
"participating_agencies",6,6,1,"Group",0
"paso_basin_county_of_san_luis_obispo_groundwater_sustainability_agency",6,6,1,"Other_GSA",0
"patterson_and_gustine",6,1,2,"Geographic_Unit",1
"paula",6,3,1,"Person",1
"pauloo_et_al_2020",6,2,1,"Reference",1
"peer_review_report",6,3,1,"Technical",0
"peoples_ditch_company",6,6,1,"Company",1
"perched_mounded_aquifer",6,6,1,"Natural_Feature",0
"pesticide_contamination_prevention_act",6,1,1,"Legal",0
"pinedale_county_water_district",6,6,1,"District",0
"pinoleville_pomo_nation",6,6,1,"Group",1
"pinos_creek",6,6,1,"Natural_Feature",0
"pixley_id_board_of_directors",6,6,1,"Group",0
"pleasant_valley_pipeline",6,3,1,"Infrastructure",1
"pleistocene_alluvium",6,6,1,"Natural_Feature",0
"pole_creek_fan",6,3,1,"Natural_Feature",1
"portal",6,6,1,"Nonsense",1
"portola",6,6,1,"City",0
"pro_tern",6,1,1,"Group",1
"project_lead",6,3,1,"Nonsense",1
"prudic",6,2,1,"Person",1
"public_outreach_plan",6,3,1,"Technical",0
"public_trust_resources_resulting",6,6,1,"Nonsense",1
"public_utilities_commission_regulated_water_public_utilities_commission_regulated_water",6,1,1,"Group",1
"public_water",6,1,4,"Nonsense",1
"purisima_highlands",6,6,1,"Geographic_Unit",1
"qg",6,3,1,"Nonsense",1
"r_g_allen",6,1,1,"Person",1
"r_l_elliott",6,1,1,"Person",1
"r_l_snyder",6,1,1,"Person",1
"rasmus",6,6,1,"Nonsense",1
"rcra",6,6,1,"Legal",1
"rector_creek",6,6,1,"Natural_Feature",0
"recycled_water_transfer_stormwater_other_source_of_outside_water",6,6,1,"District",0
"reed_ditch_company",6,6,1,"Company",1
"regional_surface_water_supply_project",6,6,1,"Water_Project",0
"regional_water_management_group",6,2,1,"Group",0
"report",6,1,1,"Technical",0
"representative_or_alternate",6,1,1,"Nonsense",1
"representatives_and_alternate_representatives",6,1,1,"Group",1
"requires",6,1,1,"Nonsense",1
"reservation",6,2,2,"Geographic_Unit",1
"reserve_center",6,6,1,"Infrastructure",1
"responsible_agency",6,6,1,"Group",0
"rice_coalition_groundwater_assessment_report",6,6,1,"Technical",0
"richard_c_slade_associates",6,2,1,"Company",1
"riparian_mixed_hardwood_alliance",6,3,1,"NGO",1
"rmc_water_and_environment",6,2,1,"Company",1
"roberts_reservoir",6,6,1,"Infrastructure",0
"robles_city_hall",6,6,1,"Infrastructure",1
"rockworks",6,6,1,"Technical",1
"rrbwsd",6,3,1,"District",1
"rsc",6,3,1,"Nonsense",1
"rules_and_regulations",6,2,1,"Legal",0
"rural_communities",6,6,1,"Group",0
"rwm_stakeholders_group",6,2,1,"Group",0
"sa_1_2",6,1,2,"Nonsense",1
"sacigsm",6,6,1,"Basin",1
"salinas_city_company",6,1,1,"Company",1
"samantha_salvia",6,6,1,"Person",1
"san_bernardino_valley",6,3,1,"Geographic_Unit",0
"san_elijo",6,6,1,"District",1
"san_fernando",6,6,1,"City",0
"san_jacinto_lower_pressure",6,6,1,"Natural_Feature",1
"san_jacinto_upper_pressure",6,3,2,"Natural_Feature",1
"san_joaquin_basin",6,3,1,"Basin",0
"san_joaquin_river_exchange_contractors_management_area_j",6,6,1,"Geographic_Unit",1
"san_joaquin_river_restoration_settlement_water_management_goal",6,2,1,"Legal",1
"san_luis_delta_mendota_water_authority_los_banos",6,6,1,"District",1
"san_luis_obispo_county_integrated_regional_water_management_plan",6,2,1,"Technical",0
"san_pedro",6,6,1,"Geographic_Unit",1
"santa_clarita_valley_water_agency",6,6,1,"Group",0
"santa_clarita_valley_water_district",6,6,1,"District",0
"santa_rosa_syncline",6,6,1,"Natural_Feature",1
"santa_ynez_community_services_district",6,3,1,"District",0
"santa_ynez_upland",6,3,1,"Geographic_Unit",1
"sec",6,3,1,"Federal_Gov",0
"sections",6,2,1,"Nonsense",1
"sedimentary_deposits",6,6,1,"Natural_Feature",1
"segment_est",6,1,2,"Technical",1
"self",6,1,1,"Nonsense",1
"semitropic_water_storage_district",6,3,1,"District",0
"setting_representative_monitoring_site_appendix_c_figure",6,1,1,"Reference",0
"setting_representative_monitoring_site_appendix_d_figure",6,1,1,"Reference",0
"shandon_san_juan_groundwater_sustainability_agency",6,6,1,"Local_GSA",0
"shasta_river_near_montague",6,6,1,"Natural_Feature",1
"shrubland_alliance",6,3,1,"NGO",1
"sierra_counties",6,6,1,"Geographic_Unit",1
"sierra_valley_groundwater_basin",6,6,1,"Basin",0
"sims",6,6,1,"Nonsense",1
"slater",6,6,1,"Nonsense",1
"sn_management_corp",6,6,1,"Company",1
"sonoma_county_department_of_health_services",6,2,1,"Local_Gov",1
"sonoma_valley_subbasins",6,2,1,"Basin",0
"soquel_creek_water_district",6,6,1,"District",0
"south_county_cities",6,1,1,"Geographic_Unit",1
"south_kings",6,6,1,"District",1
"south_mesa_barrier",6,6,1,"Infrastructure",1
"south_sutter_water_district_groundwater_sustainability_agency",6,6,1,"Local_GSA",0
"spatial_distribution",6,6,1,"Technical",1
"springs",6,2,1,"Natural_Feature",1
"spv_basin",6,6,1,"Basin",0
"stakeholder_engagement",6,3,1,"Group",1
"stanislaus_rivers",6,2,1,"Natural_Feature",0
"starting",6,1,1,"Nonsense",1
"state_highways_132",6,1,1,"Infrastructure",1
"state_third_appellate_district_court_of_appeal",6,1,2,"State_Gov",1
"state_water",6,3,1,"State_Gov",1
"stevinson",6,6,1,"City",0
"stewart_creek",6,2,1,"Natural_Feature",0
"stream_inflow_tule_river_streamflow",6,1,2,"Natural_Feature",1
"subarticle",6,6,1,"Reference",1
"subsurfac",6,6,1,"Nonsense",1
"success_dam_enlargement",6,1,1,"Water_Project",1
"sulfate_dissolved",6,6,1,"Nonsense",1
"sun_world",6,6,1,"Company",1
"supreme_court_of_the_united_states",6,3,1,"Federal_Gov",0
"sustainability_criteria_zone",6,6,1,"Geographic_Unit",0
"sustainability_plan_related_support",6,6,1,"Nonsense",1
"sustainable_management_sustainability_indicators_criteria_sustainable_management_criteria",6,2,2,"Legal",1
"sycamore_slough",6,6,1,"Natural_Feature",0
"t_a_howell",6,1,1,"Person",1
"table_7",6,2,1,"Reference",0
"table_pma1",6,6,1,"Reference",0
"tbd",6,2,1,"Nonsense",1
"tehama_formation_of_pliocene",6,6,1,"Natural_Feature",1
"tehama_tuscan_transition_zone",6,3,1,"Geographic_Unit",0
"tejon_castac_management_area_figure",6,6,1,"Reference",0
"tejon_castac_water_district",6,3,1,"District",0
"temescal_sub_basin",6,6,1,"Basin",0
"terranova",6,1,2,"Company",1
"this_sampling_and_analysis_plan",6,2,1,"Technical",0
"tier_1_management_action",6,6,1,"Technical",1
"tier_2",6,6,1,"Nonsense",1
"tolay",6,6,1,"Geographic_Unit",1
"toxic_injection_well_control_act",6,1,1,"Legal",0
"trans",6,3,1,"Nonsense",1
"traver",6,6,1,"City",0
"tribal_outreach_committee",6,6,1,"Group",0
"trust",6,1,1,"Nonsense",1
"tsj",6,3,1,"Nonsense",1
"tsmf",6,6,1,"Nonsense",1
"tujunga",6,6,1,"Geographic_Unit",1
"tulare_county_environmental_health_services_division",6,3,1,"Local_Gov",1
"tulare_county_general_plan_background_report",6,2,1,"Technical",0
"tulelake_irrigation_district_groundwater_sustainability_agency",6,6,1,"Local_GSA",0
"tulucay",6,6,1,"Natural_Feature",1
"turbidity",6,2,1,"District",0
"u_v_43",6,1,1,"Nonsense",1
"united_states_government",6,1,1,"Federal_Gov",1
"upper",6,2,1,"Nonsense",1
"upper_and_lower_180_foot_aquifers",6,6,1,"Natural_Feature",0
"upper_limit_secondary_maximum_contaminant_level",6,1,1,"Legal",1
"upper_san_luis_rey_watershed_model",6,6,1,"Technical",0
"upper_valley_subbasin_committee",6,3,1,"Group",0
"upw",6,3,1,"Nonsense",1
"us_army_corps_of_engineers",6,3,1,"Federal_Gov",1
"us_bureau_of_reclamation_federal_facilities",6,2,1,"Federal_Gov",1
"us_census_bureau_disadvantaged_community_tract",6,6,1,"Legal",0
"us_mail",6,1,2,"Infrastructure",1
"val_verde",6,6,1,"City",0
"vandenberg",6,2,2,"Infrastructure",1
"vegcamp",6,2,1,"Nonsense",1
"ventura_county_investigation",6,2,3,"Technical",1
"veterans_home",6,6,1,"Nonsense",1
"vpbw",6,6,1,"Nonsense",1
"water_balance_subregions",6,6,1,"Geographic_Unit",0
"water_budget_bmp",6,2,1,"Technical",1
"water_division",6,1,3,"State_Gov",1
"water_quality_criteria",6,3,1,"Legal",1
"water_resources_division",6,1,1,"State_Gov",1
"wcvc",6,6,1,"Group",1
"wdl",6,6,1,"District",0
"wells_valley_cooperative_groundwater_management_group",6,6,1,"Group",0
"westlands_water_district_board",6,6,1,"Group",0
"westside_sacramento",6,3,1,"District",0
"westside_subbasin_groundwater_sustainability_plan",6,3,1,"Technical",0
"wildomar_fault",6,6,1,"Natural_Feature",1
"wilson_1959",6,6,1,"Reference",1
"wine_institute",6,2,1,"NGO",1
"wood_rodgers",6,3,1,"Company",1
"work_group_facilitator",6,2,2,"Group",1
"work_of_ad_hoc_sub_workgroups",6,1,1,"Group",0
"wrime",6,6,1,"Nonsense",1
"wy1993",6,2,1,"Nonsense",1
"yuba_water_agency_board_of_directors",6,6,1,"Group",0
"yucaipa_sub_basin",6,6,1,"Basin",0
"yvwd02",6,6,1,"District",0
"zack_carroll",6,6,1,"Person",1
"zapato_chino_creeks",6,6,1,"Natural_Feature",0
"a_human_right_to_safe_drinking_water",5,1,1,"Legal",1
"a_state_water_project_table",5,1,1,"Reference",0
"action_1",5,5,1,"Nonsense",1
"actions_to_address_data_gaps",5,2,1,"Technical",0
"ad_hoc_communications_committee",5,5,1,"Group",0
"adaptive_management",5,2,2,"Legal",1
"administration",5,1,1,"Nonsense",1
"aerojet_site",5,5,1,"Infrastructure",1
"afd",5,5,1,"Nonsense",1
"agricultural_order_no",5,1,1,"Legal",1
"agricultural_water_quality_goals",5,2,1,"Legal",1
"alameda_water_company",5,5,1,"Company",1
"albaugh_public_draft",5,5,1,"Reference",1
"alexander",5,1,2,"Nonsense",1
"aliquot",5,5,1,"Nonsense",1
"alternate_representatives",5,1,1,"Group",1
"alzraiee",5,5,1,"Nonsense",1
"american_river_basin_study",5,5,1,"Technical",1
"and",5,1,1,"Nonsense",1
"andrews_street_bridge",5,5,1,"District",0
"angeles",5,5,1,"Nonsense",1
"angelica_martin",5,5,1,"Person",1
"annual",5,1,1,"Nonsense",1
"annual_budget",5,5,1,"Nonsense",1
"appendix_1_a",5,1,1,"Reference",0
"appendix_2",5,2,1,"Reference",0
"appropriative",5,2,1,"Legal",1
"arcadia_water_treatment_plant",5,5,1,"Infrastructure",1
"arcmap",5,1,1,"Technical",1
"argus",5,5,1,"Data_System",1
"arroyo_santa_rosa_groundwater_sustainability_agency_board",5,5,1,"Group",0
"arvin_edison_management_area_figure",5,5,1,"Reference",0
"assembly_bill_1668",5,2,1,"Legal",1
"attachment_c_freshwater",5,1,1,"Reference",1
"awaswas",5,2,1,"Nonsense",1
"ballico_cortez_water_district",5,5,1,"District",0
"banking_ma",5,5,1,"Nonsense",1
"barbara_county",5,2,1,"County",0
"barranca",5,5,1,"Nonsense",1
"base_pumping_allocation_program",5,5,1,"Legal",1
"base_realignment_and_closure",5,5,1,"Group",1
"basin_coordination_agreement",5,5,1,"Group",0
"basin_groundwater_dependent_ecosystem",5,1,1,"Natural_Feature",0
"basin_plan_objectives",5,2,1,"Reference",1
"bcid_board_of",5,5,1,"District",0
"beaumont_storage_unit",5,5,1,"Infrastructure",1
"beneficial_uses_and_land",5,5,1,"Technical",1
"berkstresser",5,5,1,"Nonsense",1
"blair_et_al",5,5,1,"Reference",1
"bmps",5,2,1,"Nonsense",1
"board_of_the_cga",5,5,1,"Group",1
"board_or_advisory_committee",5,2,1,"Group",0
"bowman_subbasin_surface_water_system",5,5,1,"Natural_Feature",0
"brandt",5,1,1,"Person",1
"breen",5,5,1,"Nonsense",1
"bryan_thoreson",5,2,1,"Person",1
"bsk_associates",5,2,1,"Company",1
"btdqs",5,5,1,"Nonsense",1
"buellton_bend",5,5,1,"Natural_Feature",1
"bulrush_cattail",5,5,1,"Natural_Feature",1
"bvgsa",5,5,1,"Other_GSA",0
"cache_formation",5,5,1,"Natural_Feature",0
"cal_poly_national_oceanic_and_atmospheric_administration",5,5,1,"Federal_Gov",1
"california_civil_code",5,1,1,"State_Gov",0
"california_department",5,1,1,"State_Gov",0
"california_department_of_fish_wildlife",5,2,1,"State_Gov",0
"california_statewide_median_household_income",5,1,1,"State_Gov",0
"california_water_plan",5,2,1,"State_Gov",0
"canvasback",5,5,1,"Nonsense",1
"capay_hills",5,5,1,"Natural_Feature",1
"carollo_engineers",5,2,1,"Company",1
"carrick",5,5,1,"City",0
"casitas_reservoir",5,5,1,"Infrastructure",0
"castro_valley",5,5,1,"City",0
"ccwg",5,5,1,"Group",1
"central_coast_groundwater_coalition",5,5,1,"Local_Gov",0
"central_coast_regional_water_quality_control_board_ag_order",5,1,1,"Legal",1
"central_coast_vineyard_team",5,5,1,"Group",1
"central_management_area_groundwater_sustainability_agency",5,2,1,"Other_GSA",0
"central_valley_regional_water_board",5,2,1,"Group",0
"central_valley_salt_and_nitrate_management_plan",5,1,1,"Technical",0
"charleston",5,5,1,"Geographic_Unit",1
"charnock_and_olympic_wellfields",5,5,1,"Infrastructure",1
"chilcoot",5,5,1,"Geographic_Unit",1
"chloride_dissolved",5,5,1,"District",0
"christopher",5,5,1,"Person",1
"christopher_ohland",5,5,1,"Person",1
"citizen_advisory_committee",5,2,1,"Group",0
"city_of_alameda",5,5,1,"City",0
"city_of_american_canyon",5,5,1,"City",0
"city_of_ojai",5,5,1,"City",0
"city_of_riverside",5,2,1,"City",0
"city_of_selma",5,2,1,"City",0
"clahan",5,5,1,"Nonsense",1
"cloverdale_creeks",5,5,1,"Natural_Feature",0
"coalinga_state_hospital",5,5,1,"Nonsense",1
"coastal_branch_pipeline",5,2,1,"Infrastructure",1
"codornices_creek",5,5,1,"Natural_Feature",0
"cold_stream",5,5,1,"Natural_Feature",1
"collaborate",5,1,1,"Nonsense",1
"colusa_county_water_resources",5,5,1,"Local_Gov",1
"colusa_grass_plants",5,1,1,"Natural_Feature",1
"communication_and_engagement",5,2,1,"Group",1
"communication_engagement",5,1,2,"Group",1
"communications_and_public_engagement",5,5,1,"Group",1
"communications_engagement_plan",5,5,1,"Technical",0
"communications_rep",5,5,1,"Nonsense",1
"conditions",5,2,1,"Nonsense",1
"cone",5,5,1,"Nonsense",1
"conn_valley",5,5,1,"Geographic_Unit",0
"consolidated_foundries_incorporated",5,5,1,"District",0
"continental_deposits",5,5,1,"Natural_Feature",1
"continuous",5,1,1,"Nonsense",1
"contra_costa_counties",5,5,1,"Local_Gov",1
"coordinated_operation_agreement",5,5,1,"Group",0
"coordination_committee_meetings",5,1,1,"Group",1
"coordination_committee_of_the_authorization",5,1,1,"Group",1
"copeland_creek",5,5,1,"Natural_Feature",0
"cordua_irrigation_district_groundwater_sustainability_agency",5,5,1,"Other_GSA",0
"county_general_plan",5,2,1,"Technical",0
"county_of_monterey_housing_and_community_development",5,1,1,"Local_Gov",1
"county_of_plumas_groundwater_sustainability_agency",5,5,1,"Local_GSA",0
"county_of_sutter_groundwater_sustainability_agency_north_american",5,5,1,"Local_GSA",0
"covered",5,1,1,"Nonsense",1
"cpgs",5,5,1,"Group",1
"cpmg",5,5,1,"Nonsense",1
"crc_pipeline",5,1,1,"Infrastructure",1
"creely_force",5,5,1,"Nonsense",1
"croft",5,2,1,"Nonsense",1
"csu",5,5,1,"State_Gov",1
"cuddy_creek_bank_modifications_project",5,5,1,"Water_Project",0
"cwa",5,5,1,"Legal",1
"dale_et_al",5,2,1,"Reference",1
"data_gaps_data",5,5,1,"Technical",0
"deadman_gulch",5,5,1,"Natural_Feature",1
"deanna_delu",5,5,1,"Person",1
"deep_aquifers_study",5,5,1,"Technical",1
"del_temescal",5,5,1,"Geographic_Unit",1
"delta_community_area_plan",5,5,1,"Technical",0
"delta_division",5,2,1,"District",1
"delta_mendota_groundwater_sustainability_plan_groups",5,5,1,"Group",0
"delta_technical_working_group_meetings",5,1,1,"Technical",0
"department_of_water_resources_global_positioning_system",5,5,1,"Technical",1
"department_of_water_resources_online_population_tool",5,5,1,"Data_System",1
"department_of_water_resources_technical_support_services",5,2,1,"Technical",0
"department_of_water_resources_wy",5,5,1,"State_Gov",1
"dhi_water_environment",5,5,1,"Company",1
"digital_communication_digital",5,1,1,"Nonsense",1
"disadvantaged_community_involvement_program",5,2,1,"Group",1
"district_headquarters",5,5,1,"Nonsense",1
"district_supervisors",5,5,1,"Group",1
"division_of_environmental_health",5,5,1,"State_Gov",1
"dixon_rio_vista",5,5,1,"Local_Gov",1
"dm_ii_groundwater_sustainability_agency",5,5,1,"Local_GSA",0
"dow_chemical_et_al",5,5,1,"Company",1
"drainwater",5,5,1,"Natural_Feature",1
"drinking_water_protection_services",5,1,2,"Local_Gov",1
"dry_well_notification_system",5,5,1,"Technical",1
"dunn_environmental",5,2,1,"Company",1
"east_bay_municipal_utility_district",5,2,1,"District",0
"east_branch_extension",5,2,1,"Infrastructure",1
"east_contra_costa_working_group",5,5,1,"Group",0
"east_turlock_subbasin",5,5,1,"Basin",0
"eastside_groundwater_sustainability_plan",5,5,1,"Technical",0
"eastside_water_management_area",5,5,1,"Geographic_Unit",0
"economically_distressed_area",5,5,1,"Geographic_Unit",0
"ed_surface",5,5,1,"Nonsense",1
"eel_river_action_plan",5,5,1,"Technical",0
"el_toro",5,5,1,"Nonsense",1
"eldredge",5,5,1,"Nonsense",1
"elk_bayou",5,2,1,"Natural_Feature",1
"elkhorn_slough",5,2,1,"Natural_Feature",0
"elsinore_valley_municipal_water_district_board_of_directors",5,5,1,"Group",0
"eltal",5,5,1,"Nonsense",1
"environmental_assessment",5,5,1,"Technical",1
"environmental_conservation_interests",5,1,1,"Group",1
"environmental_council_of_sacramento",5,2,1,"NGO",1
"environmental_quality_act_complete",5,5,1,"Legal",1
"equip",5,2,1,"Nonsense",1
"era_economics",5,5,1,"Company",1
"exeter_irrigation_district",5,5,1,"District",0
"fallowing",5,2,2,"Nonsense",1
"farm_evaluation_plans",5,5,1,"Technical",0
"farm_service_agency",5,2,1,"Federal_Gov",0
"fcc",5,5,1,"Nonsense",1
"federal_court",5,5,1,"Federal_Gov",1
"federal_maximum_contaminant_levels",5,2,1,"Legal",1
"federal_regulatory_agencies",5,1,1,"Group",0
"fernando_group",5,5,1,"Group",0
"fig",5,5,1,"Nonsense",1
"flint_et_al",5,2,2,"Person",1
"flood_board",5,5,1,"Group",0
"forebay_aquifer_subbasin",5,2,1,"Basin",0
"forebay_management_area",5,5,1,"Geographic_Unit",0
"forming_parties",5,5,1,"Group",1
"fort_ord_conceptual_site_model",5,5,1,"Technical",0
"fox_canyon_groundwater_management_agency_groundwater_sustainability_agency_arroyo_santa_rosa_valley",5,5,1,"Geographic_Unit",0
"franklin",5,5,1,"City",0
"freeman_expansion_project",5,5,1,"Water_Project",0
"fresno_county_department_of_public_health",5,2,1,"Local_Gov",1
"friant_central_valleyp",5,2,1,"District",1
"future_baseline_with_projects",5,5,1,"Water_Project",0
"g",5,1,1,"Nonsense",1
"galloway_et_al",5,2,1,"Reference",1
"gannett",5,5,1,"Company",1
"garfield_water_district",5,5,1,"District",0
"general_and_community_plans",5,5,1,"Technical",0
"general_plans_andor_community_specific_plans",5,1,1,"Technical",0
"geological_survey_gage_improvement_district_11135500",5,2,1,"District",1
"geomorphic",5,2,1,"Nonsense",1
"george_fontes",5,5,1,"Person",1
"geotechnical_consultants",5,5,1,"Technical",0
"geothermal_resources",5,1,1,"Natural_Feature",1
"gilroy_hollister_groundwater_basin",5,5,1,"Basin",0
"gis_user_community",5,1,1,"Group",0
"glover",5,5,1,"Person",1
"goal",5,1,1,"Nonsense",1
"goodnow_slough",5,5,1,"Natural_Feature",0
"gorelick",5,5,1,"Person",1
"governing_boards",5,5,1,"Group",0
"gqmps",5,5,1,"Data_System",1
"grassland_basin_drainers",5,5,1,"District",1
"grassland_resource_conservation_district_board_of_directors",5,5,1,"Group",0
"greater_monterey_county_integrated_regional_water_management_regional_water_management_group",5,1,1,"Group",0
"grizzly_creek",5,5,1,"Natural_Feature",0
"groundwater_dependent_ecosystem_work_group",5,2,1,"Group",0
"groundwater_discharge",5,1,1,"Natural_Feature",1
"groundwater_discharge_to_streams",5,5,1,"Natural_Feature",1
"groundwater_monitoring_facilities",5,5,1,"Technical",0
"groundwater_sustainability_agency_tracking",5,5,1,"Data_System",1
"groundwater_sustainability_agency_tracking_sheet",5,5,1,"Technical",1
"groundwater_sustainability_plan_assessment_reports",5,2,1,"Technical",0
"groundwater_sustainability_plan_coordination_committee_and_technical_committee",5,5,1,"Group",0
"groundwater_sustainability_plan_coordination_group",5,5,1,"Group",0
"groundwater_sustainability_plan_development_project",5,5,1,"Water_Project",0
"groundwater_sustainability_plan_elements_elements",5,1,2,"Reference",1
"groundwater_sustainability_plan_elements_guide",5,2,1,"District",0
"groundwater_sustainability_plan_level_water_budgets",5,1,1,"Technical",1
"groundwater_sustainability_plan_model",5,2,1,"Technical",0
"groundwater_sustainability_plan_organization_and_preparation_checklist",5,1,1,"Reference",1
"groundwater_sustainability_plan_planning_team",5,5,1,"Group",1
"groundwater_sustainability_plan_regions",5,1,1,"Geographic_Unit",0
"groundwater_sustainability_plan_staff",5,2,1,"Group",1
"groundwater_sustainability_plan_stakeholder_communication_and_engagement_guidance_document",5,1,1,"District",0
"groundwater_sustainability_plan_subgroup",5,1,1,"Group",0
"groundwater_sustainability_planning",5,5,1,"Technical",1
"gsag",5,5,1,"Nonsense",1
"guejito_creeks",5,5,1,"Natural_Feature",0
"gwp_collective_numeric_interim",5,1,1,"Technical",1
"gwv",5,5,1,"Nonsense",1
"halliday",5,5,1,"District",0
"hayward_wells_b",5,5,1,"Infrastructure",1
"hcgwpp",5,5,1,"District",1
"helley_and_hardwood",5,5,1,"Nonsense",1
"hgc",5,5,1,"District",1
"hidden_dam",5,5,1,"Infrastructure",0
"high_cascade",5,5,1,"Basin",1
"highland_springs_reservoir",5,5,1,"Infrastructure",0
"hill_creek",5,5,1,"Natural_Feature",0
"hollister_urban_area_water_project",5,5,1,"Water_Project",0
"holser",5,5,1,"Nonsense",1
"hueneme_road",5,5,1,"Infrastructure",1
"hydrologic_unit",5,5,1,"Geographic_Unit",1
"identification_of_data_gaps",5,1,1,"Technical",0
"imerys",5,5,1,"Company",1
"improvement_district",5,1,1,"District",0
"independent_science_review_panel",5,5,1,"Group",1
"individual",5,1,1,"District",0
"industrial_process_supply",5,2,2,"Natural_Feature",1
"inrmp",5,5,1,"Nonsense",1
"integrated_implementation_plan",5,1,1,"Technical",0
"interests_and_challenges_stakeholder",5,1,2,"Group",1
"interim_operating_agreement",5,5,1,"Group",0
"intermap",5,1,1,"Company",1
"internal_calibration",5,1,1,"Technical",1
"interstate_80_bridge",5,5,1,"District",0
"invasive_plant_removal",5,2,1,"Water_Project",1
"inyo_county_environmental_health_department",5,2,1,"Group",0
"irrigated_land_regulatory_program",5,5,1,"Legal",1
"irrigation_management_information_system_et",5,2,1,"Data_System",1
"irrigation_management_information_system_stations",5,2,1,"Data_System",1
"is",5,2,1,"Nonsense",1
"isp",5,1,1,"Nonsense",1
"itrc_mapping_evapotranspiration_at_high_resolution_with_internalized_calibration",5,5,1,"Technical",1
"japan",5,2,1,"Nonsense",1
"john_f_mann_jr",5,5,1,"Person",1
"kdsa_et_al",5,5,1,"Nonsense",1
"kear",5,5,1,"Nonsense",1
"kelsey_tuff",5,5,1,"Natural_Feature",1
"kern_gorge_fault",5,5,1,"Natural_Feature",1
"kern_groundwater_authority_groundwater_sustainability_agency_managers_group",5,5,1,"Group",0
"kern_subbasin_or",5,5,1,"Basin",1
"kern_water_bank_authority",5,2,1,"Group",0
"king_subbasin",5,1,1,"Basin",0
"kings_river_water_district",5,5,1,"District",0
"koltermann",5,5,1,"Person",1
"lacey_kiriakou",5,5,1,"Person",1
"lahontan_regional_board",5,5,1,"Group",0
"lake",5,5,1,"County",0
"lake_hennessey",5,5,1,"Natural_Feature",1
"lake_nacimiento",5,5,1,"City",0
"lakeport",5,5,1,"City",0
"land_subsidence_data",5,1,1,"Technical",0
"lcgmp",5,5,1,"Nonsense",1
"leake",5,1,1,"Nonsense",1
"leaking_underground_storage_tank",5,2,2,"Technical",1
"lemoore_naval_air_station",5,5,1,"Infrastructure",1
"lettis",5,5,1,"Nonsense",1
"lindcove",5,5,1,"City",0
"lindmore",5,5,1,"Nonsense",1
"lindo_channel",5,5,1,"Natural_Feature",1
"loam",5,1,1,"Natural_Feature",0
"local_primary_agency",5,1,1,"Group",0
"lompico_creek",5,5,1,"Natural_Feature",0
"los_angeles_region",5,2,1,"Geographic_Unit",0
"los_molinos_subbasin_table",5,1,1,"Reference",0
"los_padres_national_forest",5,1,1,"Natural_Feature",1
"lower_klamath_national_wildlife_refuge",5,2,1,"Federal_Gov",1
"lower_princeton_valley_fill",5,5,1,"Basin",1
"lux",5,2,1,"Nonsense",1
"madera_county_west",5,5,1,"Geographic_Unit",1
"madera_farm",5,2,1,"Nonsense",1
"madera_farm_bureau",5,5,1,"NGO",1
"madera_valley_water_company",5,5,1,"Company",1
"maintaining_sustainability",5,5,1,"Nonsense",1
"management_action",5,2,1,"Nonsense",1
"management_actions_and_projects",5,2,1,"Water_Project",0
"management_practice_evaluation_program",5,2,1,"Technical",1
"management_zones",5,2,1,"Geographic_Unit",0
"manning_creek",5,5,1,"Natural_Feature",0
"manual_of_california_vegetation",5,2,1,"State_Gov",0
"map_unit",5,5,1,"Reference",0
"mapping_evapotranspiration",5,2,1,"Technical",1
"mar",5,5,1,"Nonsense",1
"maricopa",5,2,1,"City",0
"mary_anne_seay",5,5,1,"Person",1
"master_water_treatment_agreement",5,5,1,"Group",0
"matt_zidar",5,5,1,"District",0
"matti_et_al",5,5,1,"Reference",1
"mcnab_creek",5,5,1,"Natural_Feature",0
"measurable_objectives_and_interim_milestones",5,2,2,"Technical",1
"media",5,1,1,"Nonsense",1
"mendota_pool_group_monitoring_program",5,2,1,"Technical",0
"mendota_subbasin_coordination_committee_and_technical_working_group",5,1,1,"Group",0
"merced_county_general_plan_background_report",5,5,1,"Technical",0
"merced_region",5,5,1,"Geographic_Unit",0
"merced_sun_star",5,5,1,"NGO",1
"mercury",5,1,1,"Natural_Feature",1
"metropolitan_water_district_of_southern_california",5,2,1,"State_Gov",0
"meyers_farm",5,2,1,"Nonsense",1
"mid",5,2,1,"District",0
"migratory_bird_treaty_act",5,5,1,"Legal",0
"mills",5,2,1,"Nonsense",1
"miramar",5,5,1,"Nonsense",1
"mitten",5,5,1,"Nonsense",1
"mixed_willow_super_alliance",5,5,1,"Group",1
"mnw2",5,2,1,"Technical",1
"model_layer_3",5,2,1,"Technical",0
"model_layer_4",5,2,1,"Technical",0
"modelo_formation",5,5,1,"Natural_Feature",0
"moi",5,2,1,"Nonsense",1
"monitoring_well_standards",5,2,1,"Technical",0
"montague_water_conservation_district",5,5,1,"District",0
"montgomery",5,2,1,"Nonsense",1
"mound_basin",5,5,1,"Basin",0
"mound_basin_groundwater_sustainability_agency_board",5,5,1,"Group",0
"mount_shasta",5,2,1,"City",0
"mpwmdfo10s",5,5,1,"Nonsense",1
"multi",5,2,1,"Nonsense",1
"multiple_comment_response",5,5,1,"Nonsense",1
"mw_n",5,5,1,"Nonsense",1
"napa_county_baseline_data_report",5,5,1,"Technical",0
"napa_county_groundwater_ordinance",5,5,1,"Legal",0
"narrowleaf_willow",5,2,1,"Natural_Feature",1
"narrows_nr_lompoc_ca",5,2,1,"Natural_Feature",1
"national_audubon_society",5,2,1,"NGO",1
"national_hydrograph_dataset",5,1,1,"Technical",0
"national_oceanic_and_atmospheric_administration_national_centers_for_environmental_information",5,2,1,"Natural_Feature",0
"national_resource_conservation_service",5,5,1,"Federal_Gov",1
"native_american_contacts_list_request",5,2,2,"Nonsense",1
"neb_modflow",5,5,1,"Technical",0
"neroly_formation",5,5,1,"Natural_Feature",0
"newhall_county_water_district",5,5,1,"District",0
"nick_watterson",5,5,1,"Person",1
"niles_cone_alternative",5,5,1,"Basin",1
"nojoqui_creek",5,5,1,"Natural_Feature",0
"non_groundwater_sustainability_agency",5,2,1,"Other_GSA",0
"north",5,2,1,"Nonsense",1
"north_carolina",5,5,1,"State_Gov",1
"north_county_project",5,5,1,"Water_Project",0
"north_delta_water_agency",5,5,1,"Group",0
"north_richmond",5,5,1,"City",0
"north_system",5,5,1,"Infrastructure",1
"northern_central",5,5,1,"Geographic_Unit",1
"northside",5,5,1,"District",0
"notes",5,1,1,"Nonsense",1
"nuevo_lakeview_production_area",5,5,1,"Geographic_Unit",0
"oakdale_id",5,5,1,"District",0
"oilfield",5,2,2,"Natural_Feature",1
"omochumne",5,2,2,"Basin",1
"one_water_hydrologic_model",5,5,1,"Technical",0
"operations",5,1,1,"Nonsense",1
"opti",5,1,1,"Nonsense",1
"orland_artois_water_district",5,5,1,"District",0
"owens_lake_management",5,5,1,"Group",1
"pacific_a",5,5,1,"Nonsense",1
"page_balding",5,5,1,"Reference",0
"pajaro_valley_water_agency",5,5,1,"Group",0
"partnership",5,5,1,"Group",1
"pavlovic",5,5,1,"Nonsense",1
"peoples_water_company",5,5,1,"Company",1
"permit_11043",5,2,1,"Legal",1
"petaluma_formation",5,5,1,"Natural_Feature",0
"piedmont",5,5,1,"City",0
"pine_flat_dam",5,5,1,"Infrastructure",0
"pioneer",5,2,1,"City",0
"pioneer_point",5,5,1,"Geographic_Unit",1
"piru_subbasin",5,5,1,"Basin",0
"plans",5,1,1,"Technical",0
"pleasant_valley_water_district",5,5,1,"District",0
"plio_pleistocene",5,2,1,"Natural_Feature",1
"pmas",5,1,1,"Group",1
"potrero_canyon",5,5,1,"Natural_Feature",1
"power_and_water_resources_pooling_authority",5,5,1,"Group",0
"prado_management_area",5,5,1,"Geographic_Unit",0
"prather_creek",5,5,1,"Natural_Feature",0
"proberta",5,1,1,"City",0
"proberta_water_district",5,5,1,"District",0
"project_chemist",5,5,1,"Nonsense",1
"project_implementation",5,5,1,"Nonsense",1
"project_r2",5,5,1,"Water_Project",1
"projects_and_actions",5,5,1,"Group",1
"public_draft",5,2,1,"Reference",1
"pumping_management_plan",5,5,1,"Technical",0
"pumping_optimization_project",5,5,1,"Water_Project",0
"pure_water_monterey_project",5,5,1,"Water_Project",0
"ralph_m_brown_act_54950",5,1,1,"Legal",1
"rancho_matilija_mutual_water_company",5,2,1,"Company",1
"reach_4_of",5,5,1,"Nonsense",1
"recharge_master_plan",5,5,1,"Technical",0
"reclamation_district_no_1001_groundwater_sustainability_agency",5,5,1,"Local_GSA",0
"reduction_with_projects",5,5,1,"Water_Project",0
"reduction_without_projects_scenario_2",5,2,1,"Technical",1
"remedial_investigation",5,5,1,"Technical",1
"remedial_investigation_fs",5,5,1,"Reference",1
"remleh_scherzinger",5,5,1,"Person",1
"rhode_et_al",5,2,1,"Person",1
"richard_c_slade_associates_llc",5,5,1,"Company",1
"richard_shatz",5,5,1,"Person",1
"rio_del_mar",5,5,1,"City",0
"riverside_counties",5,5,1,"District",0
"rmw_isw",5,5,1,"Nonsense",1
"rmw_trc_monitoring_well23d",5,5,1,"Technical",0
"rogina_water_company",5,5,1,"Company",1
"rural_community_assistance_corporation",5,1,1,"NGO",1
"sacramento_county_superior_court",5,2,1,"Nonsense",1
"salinas_valley_basin_groundwater_sustainability_agency_advisory_committee",5,2,1,"Group",0
"salinity_management_pipeline",5,2,1,"Water_Project",1
"salt_and_nitrate_management_plan",5,2,1,"Technical",0
"salt_creek_groundwater_dependent_ecosystem_evaluation_unit",5,5,1,"Geographic_Unit",1
"san_ardo",5,1,1,"City",0
"san_benito_river_valley",5,5,1,"Geographic_Unit",0
"san_diego_regional_water_quality_control_board",5,5,1,"Group",0
"san_dieguito",5,5,1,"Basin",1
"san_gorgonio",5,5,1,"Basin",1
"san_jacinto_flow_model",5,5,1,"Technical",0
"san_joaquin_river_restoration_study_background_report",5,1,1,"Technical",0
"san_juan_subarea",5,5,1,"Geographic_Unit",0
"san_juan_water_district",5,5,1,"District",0
"san_lorenzo_valley_water_district_pasatiempo",5,5,1,"District",1
"san_luis_delta_mendota",5,5,1,"Basin",1
"san_miguelito_creek",5,5,1,"Natural_Feature",0
"san_pedro_formations",5,2,1,"Natural_Feature",0
"san_timoteo_wash",5,5,1,"Natural_Feature",1
"santa_ana_basin",5,2,1,"Basin",0
"santa_ana_south",5,5,1,"Basin",1
"santa_barbara_channelkeeper",5,5,1,"NGO",1
"santa_barbara_county_board_of_supervisors",5,5,1,"Group",0
"santa_clarita_valley_sanitation_district",5,5,1,"District",0
"santa_margarita_aquifer",5,5,1,"Natural_Feature",0
"santa_ynez_river_area",5,5,1,"Geographic_Unit",0
"santa_ysabel_creeks",5,5,1,"Natural_Feature",0
"sceps",5,5,1,"Nonsense",1
"scv_recharge_compiler",5,5,1,"Technical",1
"sea_level_rise",5,5,1,"Natural_Feature",1
"seaside_watermaster",5,5,1,"District",0
"section_1714_monitoring_network",5,2,1,"Reference",0
"section_316",5,5,1,"Reference",0
"section_328",5,2,1,"Reference",0
"section_page",5,5,1,"Reference",0
"sections_1090",5,1,1,"Reference",1
"sentinel_weekly_news",5,2,1,"Reference",1
"sfkgsa",5,5,1,"Local_GSA",0
"sgpsgm",5,5,1,"Nonsense",1
"shandon_subarea",5,5,1,"Geographic_Unit",0
"shasta_dam",5,2,1,"Infrastructure",0
"shasta_trinity_national_forest",5,5,1,"Natural_Feature",1
"sierra_brooks",5,5,1,"City",0
"sierra_nevada_mountain_range_and",5,1,1,"Natural_Feature",1
"sierra_valley_groundwater_management_district_board_of_directors",5,5,1,"Group",0
"siii",5,5,1,"Nonsense",1
"simulated",5,2,1,"Nonsense",1
"sisquoc",5,2,1,"City",0
"smgwa_board_of_directors",5,5,1,"Group",0
"smith_et_al",5,1,1,"Reference",1
"sneed",5,1,1,"Nonsense",1
"sneed_et_al",5,1,1,"Reference",1
"snmps",5,1,1,"Nonsense",1
"solano_county_general_plan",5,5,1,"Technical",0
"solano_subbasin_groundwater_sustainability_agency_collaborative",5,5,1,"Group",1
"solano_subbasins",5,5,1,"Basin",0
"south_mesa04",5,5,1,"Reference",1
"stakeholder_advisory_committees",5,2,1,"Group",0
"stakeholder_communications",5,1,2,"Technical",1
"stakeholder_outreach",5,1,1,"Group",1
"stakeholder_workshops_stakeholder",5,1,1,"Group",1
"standard_methods",5,2,1,"Technical",1
"stevinson_water_district",5,2,1,"District",0
"strathmore_map",5,1,1,"Reference",0
"study_unit_survey",5,5,1,"Technical",1
"subbasin_coordination_agreement",5,5,1,"Group",0
"subbasin_groundwater_sustainability_agency",5,1,1,"Other_GSA",0
"subbasin_management_team",5,5,1,"Group",1
"subbasin_no",5,1,3,"Technical",1
"subbasin_planning_committee",5,5,1,"Group",0
"subbasin_sustainability_goal",5,2,1,"Nonsense",1
"subwatershed",5,5,1,"Geographic_Unit",1
"supervisory_control_and_data_acquisition",5,1,1,"Technical",0
"surface_water_quality_ammonia",5,5,1,"Technical",1
"surface_water_supply",5,1,1,"Natural_Feature",1
"sustainability_fee",5,1,1,"Legal",1
"sustainable_groundwater_management_act_annual_report",5,2,1,"Technical",0
"sustainable_groundwater_management_act_monitoring_networks",5,5,1,"Technical",0
"sustainable_groundwater_management_act_sustainability_indicators_six",5,2,1,"Legal",1
"sustainable_groundwater_management_act_technical_support_services",5,5,1,"Technical",0
"sustainable_groundwater_management_program",5,2,1,"Legal",1
"sustainable_management_criteria_best_management_practice",5,2,2,"Technical",1
"sustainable_management_of_groundwater_sustainable_management_criteria_bmp",5,1,2,"Technical",1
"sustainable_management_of_groundwater_water_budget",5,1,1,"Technical",1
"sve",5,5,1,"Nonsense",1
"sweeney_creek",5,5,1,"Natural_Feature",0
"swk",5,5,1,"Nonsense",1
"swsd",5,5,1,"District",1
"sycamore_creek",5,5,1,"Natural_Feature",0
"syrwcd",5,5,1,"District",1
"t0601300019",5,5,1,"Reference",1
"table_a_entitlement",5,5,1,"Reference",0
"task_force",5,2,1,"Group",1
"teague_et_al",5,5,1,"Reference",1
"teale_albers",5,2,1,"Basin",1
"technical_memo",5,2,1,"Technical",0
"tejon_ranch_conservation_and_land_use",5,5,1,"Nonsense",1
"tejon_ranch_corporation",5,5,1,"Company",1
"teledyne_cast_parts",5,5,1,"Company",1
"terranova_ranch",5,5,1,"Local_Gov",1
"tetra_tech",5,2,1,"Company",1
"this_common_chapter",5,1,1,"Nonsense",1
"thomas_harder_and_company",5,5,1,"Company",1
"thompson_creek",5,5,1,"Natural_Feature",0
"tier_1_sustainable_pumping_charge",5,2,1,"Legal",1
"tier_2_transitional_pumping_charge",5,2,1,"Legal",1
"tmdl",5,2,1,"Legal",1
"tony_emmert",5,5,1,"Person",1
"toro_creek",5,5,1,"Natural_Feature",0
"towill_inc",5,5,1,"Company",1
"transportation_agency_for_monterey_county",5,2,1,"County",0
"tres_pinos_county_water_district",5,5,1,"District",0
"tributaries",5,2,1,"Natural_Feature",1
"tulare_county_local_agency_formation_commission",5,1,1,"Group",0
"tupman",5,2,1,"City",0
"turk",5,5,1,"Nonsense",1
"uavsar",5,2,1,"Technical",1
"ukiah_valley_basin_groundwater_sustainability_agency_board",5,5,1,"Group",0
"united_and",5,1,1,"Nonsense",1
"united_auburn_indian_community",5,5,1,"Group",0
"united_states_bureau_of_reclamation_water_allocations",5,5,1,"Federal_Gov",1
"united_states_census_bureau",5,1,1,"Federal_Gov",1
"united_states_fish_and_wildlife_service",5,1,1,"Federal_Gov",0
"university",5,2,1,"Nonsense",1
"university_of_california_at",5,1,1,"State_Gov",0
"university_of_california_division_of_agriculture_and_natural_resources",5,1,1,"State_Gov",0
"upper_princeton_valley",5,1,1,"Geographic_Unit",0
"upper_san_luis_rey_resource_conservation_district",5,5,1,"District",0
"upper_valley_subbasin_groundwater_sustainability_plan",5,5,1,"Technical",0
"urban_lands",5,5,1,"Geographic_Unit",1
"urban_ma",5,5,1,"Nonsense",1
"us_department_of_agriculture",5,1,1,"Federal_Gov",0
"us_fish_wildlife_service",5,2,1,"Federal_Gov",1
"variability_correction_factor",5,2,1,"Technical",1
"ventura_harbor",5,5,1,"Natural_Feature",1
"vgm",5,5,1,"Nonsense",1
"vina_north",5,5,1,"Geographic_Unit",1
"virtual_town_hall",5,5,1,"Group",1
"voting_representative",5,5,1,"Nonsense",1
"vroblesky",5,5,1,"Person",1
"washington",5,2,1,"City",0
"water_control_diagram",5,5,1,"Reference",1
"water_quality_objectives",5,1,1,"Legal",1
"water_supplies",5,1,1,"Nonsense",1
"watershed_coordinator",5,5,1,"Person",1
"watershed_information_center_and_conservancy",5,5,1,"NGO",1
"wbs",5,2,1,"Nonsense",1
"wellhead_protection_program",5,1,1,"Legal",1
"west_kern_water_district",5,2,1,"District",0
"west_modesto",5,5,1,"City",0
"west_turlock_subbasin_groundwater_sustainability_agency_board",5,5,1,"Group",0
"westend",5,5,1,"Nonsense",1
"western_shasta_resource_conservation_district",5,2,1,"District",0
"wetland_riparian_communities_hydrological_flow",5,5,1,"Natural_Feature",1
"wgs84",5,5,1,"Technical",1
"white_ranch",5,5,1,"Geographic_Unit",1
"willits",5,2,1,"City",0
"wilson_grove_formation_highlands",5,2,1,"Natural_Feature",1
"wisp",5,2,1,"Nonsense",1
"wl",5,5,1,"Nonsense",1
"work_of_subcommittees_and",5,1,1,"Nonsense",1
"wsj",5,2,1,"Nonsense",1
"ynez_river",5,2,1,"Natural_Feature",0
"yolo_county_farm_bureau",5,5,1,"NGO",1
"yolo_zamora_north",5,5,1,"Geographic_Unit",1
"ysga_board_of_directors",5,5,1,"Group",0
"yucaipa_graben_complex",5,5,1,"Natural_Feature",1
"yucaipa_valley_regional_water_filtration_facility",5,5,1,"Infrastructure",1
"zone_3_operations_planning_tool",5,5,1,"Technical",1
"2015_uwmp",4,2,2,"Technical",1
"a2_a4",4,4,1,"Nonsense",1
"a3",4,2,1,"Nonsense",1
"a_alyson",4,4,1,"Person",1
"a_groundwater_planning_commission",4,2,1,"Group",0
"a_party",4,1,1,"Nonsense",1
"aaee",4,4,1,"Nonsense",1
"accounting_system",4,2,1,"Technical",1
"acer",4,2,1,"Nonsense",1
"acreage",4,4,1,"Nonsense",1
"activity",4,2,1,"Nonsense",1
"adobe",4,2,1,"Nonsense",1
"advisory_boards_meetings_updates",4,1,1,"Group",1
"advisory_committee_and_board",4,1,1,"Group",0
"advisory_committee_regular_meeting",4,4,1,"Group",1
"aecom",4,2,1,"Company",1
"aerojet_rocketdyne",4,4,1,"Company",1
"aes",4,4,1,"Company",1
"af_month",4,4,1,"Nonsense",1
"ag_orders",4,1,1,"Legal",1
"agf",4,4,1,"Nonsense",1
"agl",4,2,1,"Nonsense",1
"agreement",4,4,1,"Group",0
"agricultural_conservation",4,2,1,"Nonsense",1
"agricultural_water_management_council",4,1,1,"Group",0
"agricultural_water_quality_objectives",4,4,1,"Legal",1
"alameda_county_city",4,4,1,"Local_Gov",1
"alamo",4,2,1,"City",0
"albaugh",4,4,1,"Nonsense",1
"alfisols",4,2,1,"Natural_Feature",1
"alfonso",4,4,1,"Person",1
"ali_taghavi",4,1,1,"Person",1
"all_water_level_data",4,2,1,"Technical",0
"allocations_and_default_flow_schedules",4,2,2,"Technical",1
"alluvial_fan",4,4,1,"Natural_Feature",1
"alternative",4,4,1,"Nonsense",1
"american_society_for_testing_and_materials",4,2,1,"NGO",1
"analyze",4,1,1,"Nonsense",1
"anderson_lodge",4,2,1,"Nonsense",1
"antelope_subbasin_table",4,4,1,"Reference",0
"apex_ranch",4,4,1,"Nonsense",1
"appendix_1_notice_of_intent_to_adopt",4,4,1,"Reference",0
"appendix_2_d_active",4,1,1,"Reference",0
"appendix_3a",4,1,1,"Reference",0
"appendix_3a_figure",4,4,1,"Reference",0
"appendix_3b",4,2,1,"Reference",0
"appendix_p",4,2,1,"Reference",0
"apple",4,1,1,"Nonsense",1
"aqueduct_along_old_river_road",4,1,1,"Infrastructure",1
"aquifer",4,1,1,"Natural_Feature",0
"aquifer_replenishment_project",4,4,1,"Water_Project",0
"aquifer_walnut_ave_ws",4,1,1,"Natural_Feature",1
"aquilogic_inc",4,4,1,"Company",1
"are_responsible_for_the_disproportionate_and_disparate_impacts_that_will_have_on_disadvantaged_communities_belonging_to_protected_groups",4,4,1,"Group",0
"army_corps",4,4,1,"Federal_Gov",1
"arroyo_grande",4,4,1,"City",0
"arvin_edison_water_storage_district_board_of_directors",4,4,1,"Group",0
"asch",4,2,1,"Nonsense",1
"assessor_parcel_number",4,4,1,"Data_System",1
"association_of_california_water_agencies",4,1,1,"State_Gov",0
"atascadero_groundwater_sustainability_agency",4,4,1,"Other_GSA",0
"attachment",4,1,1,"Nonsense",1
"audubon_society",4,2,1,"NGO",1
"az1",4,4,1,"Nonsense",1
"b1",4,2,1,"Nonsense",1
"b_staff",4,2,2,"Nonsense",1
"bachand_and_associates",4,4,1,"Company",1
"bartlett",4,1,1,"Nonsense",1
"bartow_and_pittman",4,2,1,"Person",1
"base_pumping_allocation",4,4,1,"Legal",1
"basin_coordinator",4,2,2,"Group",1
"basin_deposits",4,2,1,"Natural_Feature",1
"basin_level_public_data",4,2,1,"Technical",0
"bay",4,4,1,"Natural_Feature",1
"bcid_board_of_directors",4,4,1,"Group",0
"bedford_wash",4,4,1,"Infrastructure",1
"beneficial_uses_and_users_of",4,2,1,"Nonsense",1
"benefit",4,2,1,"Nonsense",1
"berryman",4,4,1,"Person",1
"bifenture_ec_agricultural",4,1,1,"Nonsense",1
"bill_6",4,1,1,"Legal",1
"biola_community_service_district",4,4,1,"District",0
"black_rascal_creek",4,4,1,"Natural_Feature",0
"blms",4,1,2,"State_Gov",1
"bob_kelley",4,4,1,"Person",1
"bolsa_subbasins",4,4,1,"Basin",0
"boundary_brentwood_modification",4,4,1,"Legal",1
"bowman_cottonwood_creek_invasives_control",4,1,1,"Water_Project",1
"bowman_subbasin_groundwater_sustainability_plan",4,4,1,"Technical",0
"boyle_engineering",4,2,1,"Company",1
"brent_richardson",4,4,1,"Person",1
"britz",4,1,1,"Nonsense",1
"brookdale",4,4,1,"City",0
"bruno",4,4,1,"Nonsense",1
"buena_vista_farms",4,4,1,"Local_Gov",1
"buena_vista_wsd",4,4,1,"District",1
"bulletin_7490",4,2,1,"Reference",1
"bureau_of_irrigation_lab_reclamation",4,1,1,"Federal_Gov",1
"bureau_of_reclamation_1947",4,2,1,"Federal_Gov",1
"butte_valley_irrigation_district",4,4,1,"District",0
"by_other_entities",4,4,1,"Nonsense",1
"cal_am_slant",4,4,1,"Infrastructure",1
"cal_poly_irrigation_training_research_center",4,1,2,"Group",1
"california_coastal_conservancy",4,2,1,"State_Gov",0
"california_code_of_regulations_division",4,2,1,"State_Gov",0
"california_department_of",4,1,1,"State_Gov",0
"california_department_of_veterans_affairs",4,4,1,"State_Gov",0
"california_drinking_water_notification_levels",4,2,1,"State_Gov",0
"california_elevation_monitoring_statewide_groundwater_elevation_monitoring",4,1,1,"State_Gov",0
"california_natural_resources",4,1,1,"State_Gov",0
"california_state_water_project",4,1,1,"State_Gov",0
"california_water_code_section_12924",4,1,1,"State_Gov",0
"california_water_plan_update",4,1,1,"State_Gov",0
"california_water_resources_control_board",4,1,1,"State_Gov",0
"california_waterfowl_association",4,4,1,"State_Gov",0
"calleguas_creek_watershed",4,2,1,"Geographic_Unit",1
"calloway_weir",4,4,1,"Infrastructure",0
"camp_anza",4,4,1,"Local_Gov",1
"can_operate",4,1,1,"Nonsense",1
"canada",4,1,1,"Geographic_Unit",1
"capital_improvement_and_financing_plan",4,4,1,"Technical",0
"capital_project_budget",4,4,1,"Reference",1
"careaga_sand_formation",4,2,1,"Natural_Feature",0
"carex",4,1,1,"Nonsense",1
"carrick_creek",4,4,1,"Natural_Feature",0
"casillas",4,4,1,"Nonsense",1
"castac_basin_groundwater_flow_model",4,4,1,"Technical",0
"catostomus",4,2,2,"Natural_Feature",1
"ccwqcp",4,4,1,"Group",1
"central_coast_wetlands_group",4,1,1,"Group",0
"central_valley_formation",4,4,1,"Natural_Feature",0
"central_valley_joint_venture",4,4,1,"Group",1
"central_valley_project_supplies_central_valley_project",4,4,1,"Water_Project",0
"cerrito_creek",4,4,1,"Natural_Feature",0
"cfc",4,4,1,"Nonsense",1
"cfr",4,4,1,"Legal",1
"cga_operations_fee",4,4,1,"Legal",1
"ch_appendix_6a",4,4,1,"Reference",0
"chain_of_custody",4,2,1,"Technical",1
"chair_of_the_board",4,1,1,"Group",0
"chair_of_the_stakeholder_committee",4,2,1,"Group",0
"chalfant",4,4,1,"City",0
"charles_holman",4,4,1,"Person",1
"china_island_unit",4,4,1,"Geographic_Unit",1
"china_slough",4,4,1,"Natural_Feature",0
"cities_of_visalia",4,1,2,"Local_Gov",1
"citizen_advisory_group",4,1,1,"Group",0
"citizens_advisory_committee",4,4,1,"Group",0
"citrus_supreme_spray_oil",4,1,1,"Nonsense",1
"city_council_and_county_board_of_supervisors",4,2,1,"Group",0
"city_council_of_bakersfield",4,1,1,"Local_Gov",1
"city_of_lakeport",4,4,1,"City",0
"city_of_livingston",4,4,1,"City",0
"city_of_mcfarland",4,1,1,"City",0
"city_of_redding",4,2,1,"City",0
"city_of_san_luis_obispo_groundwater_sustainability_agency",4,4,1,"Local_GSA",0
"city_of_santa",4,1,1,"City",0
"city_of_seaside_city",4,4,1,"City",0
"clay_marker",4,4,1,"Natural_Feature",1
"clay_water_district",4,4,1,"District",0
"cleanup_and_abatement_orders",4,4,1,"Legal",1
"cma_agencies",4,4,1,"Group",0
"coast_ranges",4,1,1,"Geographic_Unit",1
"coldwater_subbasin",4,4,1,"Basin",0
"coleman",4,4,1,"Nonsense",1
"colgan_creek",4,4,1,"Natural_Feature",0
"collectively",4,1,1,"Nonsense",1
"colusa_county_groundwater_commission",4,4,1,"Group",0
"colusa_subbasin_multi_benefit_groundwater",4,4,1,"Water_Project",1
"colusa_subbasin_multi_benefit_groundwater_recharge",4,4,1,"Water_Project",1
"committees",4,2,1,"Group",0
"community_of_pixley_community_of_earlimart_city_of",4,1,1,"City",0
"community_of_terra_bella_community_of_community_of_poplar",4,1,2,"Nonsense",1
"community_profiles",4,4,1,"Technical",1
"community_workshops",4,4,1,"Group",1
"compared",4,1,1,"Nonsense",1
"comprehensive_environmental_response_compensation",4,4,1,"Legal",1
"con_ext",4,4,1,"Nonsense",1
"conaway",4,4,1,"Person",1
"conaway_ranch",4,4,1,"Infrastructure",1
"conjunctive_use_programs_local",4,1,2,"Nonsense",1
"conservation_land_water_use_changes",4,4,1,"Technical",1
"conservation_reserve_program",4,4,1,"Legal",1
"construction_documents_building_permits",4,4,1,"Legal",1
"consultants",4,2,2,"Nonsense",1
"continue",4,2,1,"Nonsense",1
"contra_costa_county_gp",4,4,1,"Local_Gov",1
"control_board",4,1,1,"Group",0
"coordinate_evaluation_with_guidance_developed",4,4,1,"District",0
"coordinates_x_report",4,1,1,"Technical",0
"coordination_of_monitoring_subsidence",4,4,1,"Technical",0
"corning_subbasin_groundwater_sustainability_agency",4,1,1,"Other_GSA",0
"corps",4,4,1,"Federal_Gov",1
"council_chamber",4,2,1,"Nonsense",1
"county_of_lassen_groundwater_sustainability_agency",4,4,1,"Local_GSA",0
"county_of_modoc_groundwater_sustainability_agency_big_valley",4,4,1,"Local_GSA",0
"county_subareas",4,4,1,"Geographic_Unit",0
"critically_dry",4,2,2,"Legal",1
"critically_dry_water_year",4,2,1,"Technical",1
"cropscape",4,2,1,"Data_System",1
"csab",4,1,1,"Group",1
"cultural_resources_department",4,4,1,"Group",0
"cutler_public_utility_district",4,4,1,"District",0
"cw",4,4,1,"Nonsense",1
"daniel_b_stephens",4,1,1,"Person",1
"data_gap_analysis_technical_appendix",4,4,1,"Reference",0
"data_gaps",4,2,1,"Technical",0
"data_gaps_analysis",4,2,1,"Technical",0
"data_management",4,1,1,"Technical",0
"dates",4,1,1,"Nonsense",1
"davids_eng",4,4,1,"District",0
"davis_et",4,1,1,"Reference",1
"de",4,2,1,"Nonsense",1
"decision_making_process",4,2,2,"Nonsense",1
"delano_earlimart_irrigation_district_management_area_action_1_continued",4,4,1,"Reference",1
"delivery_capability_report",4,1,1,"Technical",0
"delta_water_supply_project",4,4,1,"Water_Project",0
"demello",4,4,1,"Nonsense",1
"denmark",4,2,1,"Geographic_Unit",1
"department_of_fish_and_wildlife_private_duck_ponds_groundwater_dependent_ecosystem_evaluation_unit",4,4,1,"Natural_Feature",1
"department_of_water",4,2,1,"Local_Gov",1
"department_of_water_resources_2011",4,4,1,"Reference",1
"department_of_water_resources_basins_subbasins",4,4,1,"Basin",0
"department_of_water_resources_bulletins",4,2,2,"Reference",1
"department_of_water_resources_climate_change_technical_advisory_group",4,1,1,"Group",0
"department_of_water_resources_disadvantaged_community_mapping",4,1,1,"Data_System",1
"department_of_water_resources_groundwater_sustainability_plan",4,1,1,"Technical",0
"department_of_water_resources_north_central_region_office",4,4,1,"State_Gov",1
"department_of_water_resources_statewide_groundwater_elevation_monitoring",4,2,1,"Technical",0
"department_of_water_resources_subbasin",4,2,1,"Basin",0
"department_of_water_resources_variable_infiltration_capacity",4,4,1,"Technical",1
"department_of_water_resources_water",4,4,1,"State_Gov",1
"department_of_water_resources_water_management_planning_tool",4,4,1,"Data_System",1
"depletions_of_interconnected_surface_water",4,4,1,"Technical",1
"description_of_steps_to_fill_data_gaps",4,4,1,"Technical",0
"developed_for_implementation_northern_sacramento",4,1,3,"Nonsense",1
"developed_supply",4,4,1,"Technical",1
"direct",4,1,1,"Nonsense",1
"disney_corporation",4,4,1,"Company",1
"dissolved_molybdenum",4,4,1,"Nonsense",1
"district_board_meetings",4,1,3,"Group",1
"district_court",4,4,1,"Nonsense",1
"district_groundwater_sustainability_agency_board",4,4,1,"Group",0
"domestic_well",4,1,1,"Infrastructure",1
"doreen",4,4,1,"Nonsense",1
"draft_piru_fillmore_basins_assembly_bill_3030",4,2,1,"Legal",1
"drain",4,1,2,"Natural_Feature",1
"driller",4,1,1,"Nonsense",1
"drt_drain_return_package",4,2,2,"Technical",1
"dry_creeks",4,2,1,"Natural_Feature",0
"duck_slough",4,4,1,"Natural_Feature",0
"dutchman_creek",4,4,1,"Natural_Feature",0
"dwrsf",4,4,1,"Nonsense",1
"east_contra_costa_subbasins",4,4,1,"Basin",0
"east_side_streams",4,1,1,"District",0
"east_side_subarea",4,4,1,"Geographic_Unit",0
"east_well_field",4,4,1,"Infrastructure",1
"eastern_hills",4,1,1,"Geographic_Unit",1
"eastern_tule_interested_parties",4,4,1,"Group",1
"eastern_water_alliance",4,4,1,"Group",1
"eastside_subbasin_planning_committee",4,4,1,"Group",0
"ebpgb_model",4,4,1,"Technical",0
"eckhardt",4,4,1,"Person",1
"eda",4,4,1,"Nonsense",1
"efficient_water_management_practices",4,1,1,"Nonsense",1
"el_toro_groundwater_study",4,4,1,"Technical",1
"electronic_data_library",4,1,1,"Technical",0
"elks_lane",4,4,1,"Geographic_Unit",1
"empire",4,4,1,"City",0
"environmental_health_department",4,1,1,"Group",0
"environmental_planning_permitting",4,4,1,"Group",1
"eocene_epoch",4,4,1,"Nonsense",1
"equation_1",4,2,1,"Nonsense",1
"erik_ringelberg",4,4,1,"Person",1
"esd",4,4,1,"Nonsense",1
"etchegoin_formation",4,4,1,"Natural_Feature",0
"european_commission",4,2,1,"Group",0
"exempt_aquifers",4,4,1,"Natural_Feature",0
"existing_vegetation_type",4,4,1,"Technical",1
"expanded_conjunctive_use",4,4,1,"Water_Project",1
"extensometer_data",4,4,1,"Technical",0
"fall",4,1,2,"Natural_Feature",1
"fall_creek",4,4,1,"Natural_Feature",0
"farmers_groundwater_sustainability_agency",4,4,1,"Other_GSA",0
"faunt_et_al",4,2,1,"Reference",1
"fc_mw2d",4,4,1,"Technical",1
"feather",4,1,2,"Natural_Feature",1
"federal_and_state_conservancy",4,1,1,"Group",1
"field_supervisor",4,4,1,"Person",1
"fillmore_city_council",4,2,1,"Group",0
"fish_game_cannery_feedlot",4,4,1,"District",1
"fivepoint_holdings",4,4,1,"Company",1
"flood_control_facility",4,4,1,"Infrastructure",1
"flowpath_studies",4,4,1,"Technical",1
"fmp",4,4,1,"Nonsense",1
"fo30",4,4,1,"Nonsense",1
"focused_technical_report",4,2,1,"Technical",0
"follow_up",4,1,1,"Nonsense",1
"fordel_extensometer",4,2,1,"Infrastructure",1
"forebay_subbasin_committee",4,4,1,"Group",0
"foster_park",4,4,1,"Geographic_Unit",1
"fresno_county_management_areas",4,4,1,"Geographic_Unit",0
"funding_commitment",4,2,1,"Nonsense",1
"g7",4,2,1,"Nonsense",1
"gamit",4,4,1,"Technical",1
"general_fund",4,4,1,"Nonsense",1
"general_water_quality_of_principal_aquifers",4,1,1,"Natural_Feature",0
"genevieve_taylor",4,4,1,"Person",1
"geographic_information_system_data",4,4,1,"Technical",0
"geographic_information_system_user_community",4,2,1,"Group",0
"geologic",4,1,1,"Nonsense",1
"geological_survey_professional_paper",4,2,1,"Reference",1
"geosyntec_consultants",4,2,1,"Company",1
"gilroy",4,4,1,"City",0
"gipsy",4,4,1,"Nonsense",1
"glenn_county_farm_bureau",4,4,1,"NGO",1
"glenn_groundwater_authority_boards",4,4,1,"Group",0
"goodding",4,2,1,"Natural_Feature",1
"goyenetche_dairy",4,4,1,"Company",1
"grandview_school",4,4,1,"Nonsense",1
"grants",4,1,1,"Nonsense",1
"grassland_water_district_board_of_directors",4,4,1,"Group",0
"groundwater_authority",4,4,1,"Group",0
"groundwater_commission_bylaws",4,1,1,"Legal",0
"groundwater_depended_ecosystems_units",4,4,1,"Natural_Feature",1
"groundwater_extraction_credit_marketing_and_trading_programs",4,4,1,"Legal",1
"groundwater_flow_model_report",4,4,1,"Technical",0
"groundwater_level",4,2,1,"Technical",1
"groundwater_quality_measurements",4,1,1,"Technical",1
"groundwater_sustainability_advisory_committee",4,4,1,"Group",0
"groundwater_sustainability_agency_implementation",4,2,1,"Legal",1
"groundwater_sustainability_agency_level",4,2,1,"Technical",1
"groundwater_sustainability_plan_implementation_and_updates_implementation",4,1,3,"Technical",1
"groundwater_sustainability_plan_program_management",4,4,1,"Technical",1
"groundwater_sustainability_plan_section_setting",4,4,1,"Reference",0
"groundwater_sustainability_plan_sections",4,2,2,"Reference",1
"groundwater_sustainability_plan_technical_advisory_committee",4,4,1,"Group",0
"groundwater_vistas_for_windows_version",4,1,1,"Technical",1
"groundwater_wells",4,2,1,"Infrastructure",1
"group_a",4,1,1,"Group",1
"group_d",4,1,2,"Group",1
"gsa_component",4,4,1,"Nonsense",1
"gse",4,4,1,"Nonsense",1
"guijarral_hills",4,4,1,"Natural_Feature",1
"haas_slough",4,4,1,"Natural_Feature",0
"hallwood_irrigation_company",4,4,1,"Company",1
"hcm9",4,4,1,"Nonsense",1
"henry_c_garnett_water_purification_plant",4,4,1,"Infrastructure",1
"heritage_ranch_community_services_district",4,2,1,"Other_GSA",0
"hevesi",4,1,1,"Nonsense",1
"hif",4,4,1,"Nonsense",1
"historical_water_budget_results",4,1,1,"Technical",1
"hoffman",4,4,1,"Nonsense",1
"hollister_hills_state_vehicular_recreation_area",4,4,1,"Geographic_Unit",0
"holly_dillon",4,4,1,"Person",1
"home_gardens_water_district",4,4,1,"District",0
"hoover",4,4,1,"Infrastructure",1
"hopland",4,4,1,"City",0
"hot_springs_fault",4,4,1,"Natural_Feature",1
"hotz_1977_wagner",4,4,1,"Reference",1
"how",4,1,1,"Nonsense",1
"how_will_be_achieved",4,1,1,"Nonsense",1
"hsa",4,4,1,"District",1
"hsg",4,2,1,"Nonsense",1
"htd",4,4,1,"Nonsense",1
"hutchinson",4,4,1,"Nonsense",1
"hydraulic_conductivity_hydraulic",4,1,1,"Technical",1
"hydrogeology",4,4,1,"Technical",1
"hydrologic_model_technical_memorandum",4,4,1,"Technical",0
"hydrologic_soils_group",4,4,1,"Group",0
"hydrology_hydrology",4,4,1,"Nonsense",1
"hydrostratigraphic",4,1,2,"Technical",1
"i_alyson",4,4,1,"Person",1
"ian_gottschalk",4,4,1,"Person",1
"ikes_creeks",4,4,1,"Natural_Feature",0
"ilr",4,4,1,"Nonsense",1
"im",4,4,1,"Nonsense",1
"imperial_formation",4,4,1,"Natural_Feature",0
"imperial_holly_corporation",4,2,1,"Company",1
"implemented_management",4,2,2,"Nonsense",1
"in_the_safe_drinking_water_information_system",4,1,1,"Technical",0
"includes",4,1,1,"Nonsense",1
"indian_wells_valley_groundwater_authority_board_of_directors",4,4,1,"Group",0
"intake",4,4,1,"Infrastructure",1
"integrated_regional_water_management_planning_act",4,1,1,"Legal",0
"integrated_water_flow_model_soil_data_builder",4,2,1,"Technical",0
"interbasin_working_group",4,4,1,"Group",0
"interconnected_surface_waters_maps_sustainable_groundwater_management_act",4,1,1,"Legal",0
"interlake_tunnel_project",4,1,1,"Water_Project",0
"international_geomagnetic_reference_field",4,2,1,"Technical",1
"isaacson",4,4,1,"Nonsense",1
"j_crop",4,1,1,"Nonsense",1
"jacalitos_creek",4,4,1,"Natural_Feature",0
"jackson_valley_irrigation_district",4,2,1,"District",0
"james_irrigation_district_main_canal",4,4,1,"Infrastructure",1
"james_m_montgomery_consulting_engineers",4,4,1,"Company",1
"javascript",4,2,1,"Nonsense",1
"javascript_object_notation",4,2,1,"Nonsense",1
"jet_propulsion_laboratory_interferometric_synthetic_aperture_radar",4,2,1,"Technical",1
"joan_isaacson",4,4,1,"Person",1
"joaquin",4,2,1,"Nonsense",1
"john_doherty",4,2,1,"Person",1
"jonathan_whipple",4,4,1,"Person",1
"jose_flores",4,4,1,"Person",1
"jpa_agreement",4,2,1,"Group",0
"jpl",4,4,1,"Nonsense",1
"juanita_lake",4,4,1,"Natural_Feature",0
"k_irrigation",4,1,1,"Nonsense",1
"karen_shaffer_projector",4,1,1,"Nonsense",1
"kawano",4,2,1,"Nonsense",1
"kaweah_subbasin_basin_setting_document",4,4,1,"Reference",1
"kelsey_creek_detention_structure",4,4,1,"Infrastructure",1
"kelseyville_county_water_works_district",4,4,1,"District",0
"kern_river_fan",4,4,1,"Natural_Feature",1
"kern_river_flow_and_municipal_water_program",4,4,1,"Water_Project",1
"kern_sanitation_authority",4,4,1,"Group",0
"kibler_et_al",4,4,1,"Reference",1
"kilburn",4,4,1,"Nonsense",1
"kimball_reservoir",4,4,1,"Infrastructure",0
"kings_basin_water_authority",4,4,1,"Group",0
"kings_river_for_irrigation",4,1,1,"Natural_Feature",1
"kkkkff0",4,1,1,"Nonsense",1
"kristen_culbert",4,4,1,"Person",1
"ksb",4,4,1,"Nonsense",1
"la_graciosa",4,4,1,"Geographic_Unit",1
"la_jolla",4,4,1,"Geographic_Unit",1
"laboratory_quality_assurance",4,2,1,"Technical",1
"laboratory_quality_assurance_manual",4,1,2,"Technical",1
"ladph",4,4,1,"Local_Gov",1
"lake_county_2003",4,4,1,"Reference",1
"lake_county_groundwater_management_plan",4,4,1,"Technical",0
"lakeview_groundwater_dependent_ecosystem_evaluation_unit",4,4,1,"Geographic_Unit",1
"land_system_budget",4,4,1,"Technical",1
"land_use_planning_agencies",4,1,1,"Group",0
"landowner_access_agreements",4,1,1,"Group",0
"landsat",4,4,1,"Technical",1
"langley_eastside",4,4,1,"District",0
"langley_subbasin_groundwater_sustainability_plan",4,4,1,"Technical",0
"langley_subbasin_planning_committee",4,4,1,"Group",0
"lani_lutar",4,4,1,"Person",1
"las_posas_anticline",4,4,1,"Natural_Feature",1
"lathrop_city",4,4,1,"Local_Gov",1
"latinx",4,2,1,"Nonsense",1
"layer_1",4,2,1,"Nonsense",1
"lead_agency",4,2,1,"Group",0
"leadership_counsel_for",4,2,1,"NGO",1
"leak_repair_program",4,4,1,"Water_Project",1
"lesjwa",4,4,1,"Nonsense",1
"lifetime_health_advisory",4,2,1,"Legal",1
"light_detection_and_ranging",4,2,1,"Technical",1
"limoneira",4,2,1,"Company",1
"linda_dorn",4,4,1,"Person",1
"linden",4,4,1,"City",0
"lion",4,4,1,"Nonsense",1
"local",4,1,1,"Nonsense",1
"local_groundwater_management_assistance_act",4,4,1,"Legal",0
"lompoc_federal_correctional_complex",4,4,1,"Nonsense",1
"los_alamos_park",4,4,1,"Geographic_Unit",1
"los_angeles_county_sanitation_district",4,4,1,"District",0
"los_angeles_downtown",4,4,1,"Geographic_Unit",1
"los_angeles_national_cemetery",4,4,1,"Infrastructure",1
"los_banos_wildlife_area",4,4,1,"Geographic_Unit",0
"los_molinos_improvements_habitat_restoration",4,1,1,"Water_Project",1
"los_molinos_subbasin_groundwater_sustainability_plan",4,4,1,"Technical",0
"los_molinos_subbasin_gws_water_budgets",4,1,1,"Technical",1
"los_molinos_subbasin_jurisdictional_consolidation",4,1,1,"District",0
"los_molinos_subbasin_surface_water_system",4,4,1,"Natural_Feature",0
"los_padres_forest_watch",4,2,1,"NGO",1
"lower_deer_creek_lower_deer_creek_levee",4,1,1,"Infrastructure",1
"lower_tuscan",4,4,1,"Basin",1
"lpug",4,1,1,"Nonsense",1
"luhdorff_and_scalmanini_consulting_engineers_team",4,4,1,"Company",1
"lynch_creek",4,4,1,"Natural_Feature",0
"lyngby",4,2,1,"Geographic_Unit",1
"mac",4,4,1,"Nonsense",1
"madera_county_department_of_agricultural_weights_and_measures",4,2,1,"Local_Gov",1
"madera_irrigation_district_groundwater_committee",4,4,1,"Group",0
"madera_irrigation_district_om",4,4,1,"District",1
"madera_lake",4,4,1,"Natural_Feature",0
"madera_subbasin_recharge_projects",4,4,1,"Water_Project",0
"magsa",4,2,1,"Other_GSA",0
"malaga_county_water_district",4,4,1,"District",0
"management_actions_policies_to_reduce_overall_water_demand_and_management_actions_policies_to_reduce_groundwater_pumping",4,2,1,"Legal",1
"manganese",4,1,1,"Natural_Feature",1
"marchand",4,1,1,"Nonsense",1
"mark_fisler",4,4,1,"Person",1
"martin_et_al",4,4,1,"Reference",1
"maupas",4,2,1,"Nonsense",1
"mcconnell",4,4,1,"Person",1
"meiss_ranch",4,4,1,"Local_Gov",1
"melissa_rohde",4,4,1,"Person",1
"memo",4,4,1,"Nonsense",1
"memorandum_of_understanding_establishing",4,4,1,"Legal",1
"mendocino",4,2,1,"County",0
"merced_falls",4,2,1,"Natural_Feature",1
"merced_irrigation_district_advisory_committee",4,4,1,"Group",0
"merced_subbasin_draft",4,4,1,"Reference",1
"merstan",4,4,1,"Nonsense",1
"meyers_farm_water_bank",4,4,1,"Water_Project",1
"mgmo",4,4,1,"District",1
"mi_consumptive_use",4,4,1,"Technical",1
"miguelito_creek",4,4,1,"Natural_Feature",0
"mike",4,4,1,"Person",1
"miles_creek",4,4,1,"Natural_Feature",0
"minney",4,2,1,"Nonsense",1
"model_layer_1",4,2,1,"Technical",0
"model_layer_2_and",4,2,1,"Technical",0
"modeled",4,1,1,"Technical",0
"modflow_farm_process",4,1,1,"Technical",0
"mohave_tui_chub",4,4,1,"Natural_Feature",1
"monitored_for_other_programs",4,4,1,"Technical",0
"monitoring_and_adaptive_management_plan",4,4,1,"Technical",0
"monitoring_entity_local",4,1,1,"Technical",0
"monitoring_network_monitoring",4,1,1,"Technical",0
"monitoring_protocols_for_data_collection_and_monitoring",4,2,1,"Technical",0
"monroeville_water_district",4,4,1,"District",0
"montalvo_wwtps",4,1,1,"Infrastructure",1
"monterey_county_environmental_health_bureau",4,4,1,"Local_Gov",1
"monterey_county_water_resources_agency_act",4,1,1,"Legal",0
"monterey_peninsula_water_supply_project_coastal_development_permit",4,4,1,"Legal",1
"monticello_dam",4,4,1,"Infrastructure",0
"morrison",4,4,1,"Nonsense",1
"mount_george",4,4,1,"Natural_Feature",1
"mount_hermon_south_scotts_valley",4,4,1,"Geographic_Unit",0
"mountain_block_recharge",4,4,1,"Natural_Feature",1
"mpep_team",4,4,1,"Group",1
"mpwmdfo6d",4,4,1,"Nonsense",1
"mt_mo",4,1,2,"Geographic_Unit",1
"munitions_and_explosives_of_concern",4,4,1,"Natural_Feature",1
"must_include_additional_information_in_order",4,4,1,"Nonsense",1
"márquez",4,4,1,"Nonsense",1
"n_a_n_a",4,1,1,"Nonsense",1
"n_a_nature_conservancy",4,4,1,"NGO",1
"n_slope",4,1,2,"Nonsense",1
"napa_county_a",4,4,1,"Geographic_Unit",1
"napa_county_groundwater_resource_committee",4,4,1,"Group",0
"napa_county_groundwater_sustainability_plan_advisory_committee",4,4,1,"Group",0
"napa_county_statewide_groundwater_elevation_monitoring_network_plan",4,4,1,"Technical",0
"napa_creek_flood_project",4,4,1,"Water_Project",0
"napa_sonoma_valley",4,4,1,"Geographic_Unit",0
"napa_valley_subbasin_groundwater",4,4,1,"Basin",1
"narrows",4,2,1,"Natural_Feature",1
"national_forest_service",4,1,1,"Federal_Gov",1
"national_priorities_list",4,2,2,"Reference",1
"naval_construction_battalion_center_port_hueneme",4,4,1,"Infrastructure",1
"nccps",4,1,2,"Nonsense",1
"ndma",4,1,3,"Federal_Gov",1
"nebim",4,4,1,"Nonsense",1
"needed",4,2,1,"Nonsense",1
"neil",4,4,1,"Person",1
"network_design_entities",4,1,1,"Nonsense",1
"neva_ridge_technologies",4,2,1,"District",0
"nevada_irrigation_district",4,4,1,"District",0
"new_jerusalem_drainage_district",4,4,1,"District",0
"new_stone_wd",4,2,1,"District",0
"newhall_ranch",4,4,1,"Water_Project",1
"ng",4,2,1,"Nonsense",1
"nichols_et_al",4,4,1,"Reference",1
"nishikawa",4,4,1,"Nonsense",1
"nitrogen",4,4,1,"Natural_Feature",1
"nmr",4,2,1,"Nonsense",1
"no",4,1,1,"Nonsense",1
"north_coast_resource_partnership",4,2,1,"Group",1
"north_county",4,4,1,"County",0
"north_fork",4,2,1,"City",0
"north_grassland_water_conservation_and_water_quality_control_project",4,4,1,"Water_Project",0
"northeast_management_area",4,4,1,"Geographic_Unit",0
"northeast_napa",4,4,1,"Geographic_Unit",1
"northeast_napa_special_groundwater_study",4,4,1,"Technical",1
"northern_sacramento_valley_board",4,1,1,"Group",0
"northwestern_block_figure",4,4,1,"Reference",0
"nwt",4,2,1,"Nonsense",1
"oakeshott",4,4,1,"Nonsense",1
"office_of_water_programs",4,4,1,"State_Gov",1
"ohwd_agricultural_flood_management_actionsr",4,4,1,"District",0
"ohwd_cosumnes_river_flow_augmentation",4,4,1,"District",0
"ohwd_groundwater_sustainability_agency",4,4,1,"Other_GSA",0
"on",4,1,1,"Nonsense",1
"op_ed",4,1,1,"Nonsense",1
"oracle",4,4,1,"Company",1
"orcutt",4,2,1,"City",0
"order_suborder",4,2,1,"Nonsense",1
"orestimba_creek_recharge_and_recovery_project",4,2,1,"Water_Project",0
"orinda",4,4,1,"City",0
"orrs",4,4,1,"Nonsense",1
"outcrops",4,1,1,"Natural_Feature",1
"ow6b",4,4,1,"Nonsense",1
"owens_lake_management_areas",4,4,1,"Geographic_Unit",0
"p_nutrients_total_maximum_daily_load",4,1,1,"Legal",1
"pacheco_reservoir",4,2,1,"Infrastructure",0
"pacific_gas_electric",4,2,1,"Company",1
"packwood_creeks",4,2,1,"Natural_Feature",0
"page_6",4,4,1,"Reference",0
"pajaro_river_watershed_nutrient_total_maximum_daily_load",4,1,2,"Legal",1
"paleocene",4,2,2,"Nonsense",1
"palmer",4,4,1,"Nonsense",1
"parson",4,2,1,"Nonsense",1
"partners",4,4,1,"Group",1
"pasadena",4,4,1,"City",0
"pasatiempo_golf_club",4,4,1,"Nonsense",1
"paso_robles_area",4,4,1,"Geographic_Unit",0
"paso_robles_formation_or",4,4,1,"Natural_Feature",1
"paso_robles_groundwater_management_plan",4,4,1,"Technical",0
"pauma_valley_community_services_district",4,2,1,"District",0
"pcgid",4,4,1,"District",0
"pdgsps",4,2,1,"Nonsense",1
"pepperwood_preserve",4,4,1,"Natural_Feature",1
"permit",4,4,1,"Legal",1
"permits",4,1,1,"Legal",1
"pfs21_water_supply_pfs25",4,4,1,"Nonsense",1
"phosphatic_shale",4,2,1,"Natural_Feature",1
"pickett_peak",4,1,1,"Natural_Feature",1
"piper_diagram",4,4,1,"Technical",1
"pixley_national_wildlife_refuge",4,2,1,"Natural_Feature",1
"pixley_wildlife_refuge",4,1,1,"Natural_Feature",1
"planning_development_services",4,4,1,"Local_Gov",1
"playa_vista",4,4,1,"Geographic_Unit",1
"pleasant",4,4,1,"Nonsense",1
"pleasant_valley_water_district_board_of_directors",4,4,1,"Group",0
"pliocene_tuscan_formation",4,1,1,"Natural_Feature",0
"plumas_county_board_of_supervisors",4,4,1,"Group",0
"plumas_mutual_water_company",4,4,1,"Company",1
"point",4,1,1,"Nonsense",1
"point_source_non_point_source",4,2,1,"Nonsense",1
"pomona_valley_protective_association",4,4,1,"District",1
"poplar_cotton_cp",4,4,1,"Nonsense",1
"porcelaneous_shale",4,1,1,"Natural_Feature",1
"pp",4,4,1,"Nonsense",1
"ppp",4,2,1,"Nonsense",1
"preservation_and_holding_times_sample",4,1,3,"Technical",1
"press_release",4,4,1,"Nonsense",1
"previously",4,1,1,"Nonsense",1
"private_pumper",4,4,1,"Group",1
"proctor_gamble",4,4,1,"Company",1
"program_project_performed_statewide_the_priority_basin_project",4,2,1,"Water_Project",0
"project_management_action_name_project_proponent_project_type_project_location_projects_and_management_actions",4,1,2,"Nonsense",1
"projected_future_land_use_water_budget",4,1,1,"Technical",1
"projects_and_management_actions_developed_for_implementation",4,4,1,"Nonsense",1
"projects_andor_management_actions",4,4,1,"Nonsense",1
"projects_to_develop_new_supplies",4,4,1,"Water_Project",1
"provident_irrigation_district",4,4,1,"District",0
"public_advisory_committees",4,1,1,"Group",0
"public_meetings",4,1,1,"Group",1
"public_outreach_consultant",4,2,2,"Person",1
"public_utilities_department",4,4,1,"Group",0
"public_workshop",4,2,1,"Group",1
"public_workshops",4,2,1,"Group",1
"puc",4,1,1,"State_Gov",1
"pumping",4,2,1,"Nonsense",1
"pumping_management_actions",4,4,1,"Legal",1
"purisima_anticline",4,4,1,"Natural_Feature",1
"qa",4,2,1,"Nonsense",1
"quatal_formation",4,4,1,"Natural_Feature",0
"r20e",4,4,1,"Geographic_Unit",1
"rcac",4,4,1,"NGO",1
"recommendations",4,2,1,"Reference",1
"red_bluff_community",4,1,1,"Group",0
"red_bluff_municipal_airport",4,1,2,"Infrastructure",1
"red_rock_valley",4,4,1,"Geographic_Unit",0
"reg",4,4,1,"Nonsense",1
"regional",4,1,1,"Nonsense",1
"regional_board_staff",4,1,1,"Group",1
"regional_project",4,4,1,"Water_Project",0
"regional_water_management_groups",4,1,1,"Group",0
"regional_water_quality_control_board_los_angeles",4,4,1,"State_Gov",1
"regional_water_quality_control_board_water_quality_control_plan",4,1,1,"Technical",0
"regional_water_quality_control_plant",4,4,1,"Infrastructure",1
"regulated_site_portal",4,2,1,"Data_System",1
"regulation",4,1,1,"Legal",0
"regulatory_agencies",4,1,1,"Group",0
"relationship",4,1,1,"Nonsense",1
"replenish_big_bear_team",4,4,1,"Group",1
"reservoir",4,1,1,"Infrastructure",0
"restoration_flows",4,2,1,"Natural_Feature",1
"retrieved",4,1,1,"Nonsense",1
"rewis",4,4,1,"Nonsense",1
"richgrove_community_service_district",4,4,1,"District",0
"riddle",4,4,1,"District",0
"ridgemark_facilities",4,4,1,"District",0
"rikki_schroeder",4,4,1,"Person",1
"rincon_creek_fault",4,4,1,"Natural_Feature",1
"river_channel_deposits",4,2,1,"Natural_Feature",1
"riverdale_public_utility_district",4,4,1,"District",0
"riverdale_pud_board",4,4,1,"Group",0
"riverine",4,2,1,"Natural_Feature",1
"riverkeeper",4,4,1,"NGO",1
"rivers_and_streams_system",4,4,1,"Natural_Feature",1
"riverside_county_general_plan",4,2,1,"Technical",0
"riverside_county_ordinance",4,2,1,"Legal",0
"rmw_isw2",4,4,1,"Nonsense",1
"rmw_isw3",4,4,1,"Nonsense",1
"robbins",4,2,1,"City",0
"robinson",4,4,1,"Nonsense",1
"rodgers_creek_fault",4,4,1,"Natural_Feature",1
"ron_stefani",4,4,1,"Person",1
"roquemore",4,4,1,"Nonsense",1
"rural_valley_lands_plan",4,2,1,"Technical",0
"sacramento_army_depot",4,4,1,"Infrastructure",1
"sacramento_valley_subsidence_project",4,1,1,"Water_Project",0
"salinas_r_nr_bradley_ca",4,1,1,"Natural_Feature",1
"salinas_valley_basin_groundwater_sustainability_agency_staff",4,4,1,"Group",1
"salinas_valley_models",4,1,1,"Technical",0
"sam_boland_brien",4,1,1,"Person",1
"sampled",4,1,1,"Nonsense",1
"san_diego_region",4,4,1,"Geographic_Unit",0
"san_diego_zoo_safari_park",4,4,1,"NGO",1
"san_felipe_division",4,4,1,"District",1
"san_joaquin_general_plan",4,4,1,"Technical",0
"san_luis_rey_valley",4,4,1,"Geographic_Unit",0
"san_mateo_county",4,2,1,"County",0
"san_pasqual_tribe",4,4,1,"Group",1
"san_ysidro",4,4,1,"District",0
"sanger_and_reedley",4,2,2,"Local_Gov",1
"santa_barbara_county_association",4,2,1,"Group",1
"santa_cruz_county_environmental_health_services",4,4,1,"Local_Gov",1
"santa_cruz_county_sanitation_district",4,4,1,"District",0
"santa_cruz_creeks",4,4,1,"Natural_Feature",0
"santa_cruz_river",4,4,1,"Natural_Feature",0
"santa_margarita_basin",4,4,1,"Basin",0
"santa_rita_syncline",4,2,1,"Natural_Feature",1
"santa_rosa_plain_watershed",4,4,1,"Basin",1
"schellville",4,4,1,"Geographic_Unit",1
"schmid",4,1,1,"District",0
"schmidt_et_al",4,2,1,"District",0
"scotts_creek",4,4,1,"Natural_Feature",0
"scs",4,4,1,"Nonsense",1
"sdac_systems_outside_of",4,4,1,"District",0
"seaside_subbasins",4,4,1,"Basin",0
"seawat",4,4,1,"Technical",1
"seawater_intrusion_monitoring_network",4,2,1,"Technical",0
"second_point",4,4,1,"Nonsense",1
"section_523_conjunctive_use",4,4,1,"Reference",0
"see_note",4,1,1,"Nonsense",1
"semitropic",4,2,1,"District",1
"serpentinite",4,2,1,"Natural_Feature",1
"sespe_creek_riparian_groundwater_dependent_ecosystem_unit",4,2,1,"Natural_Feature",1
"sewer_system_management_plan",4,4,1,"Technical",0
"sgd",4,4,1,"Nonsense",1
"sharpe_depot",4,4,1,"Infrastructure",1
"shasta_water_transaction_program",4,4,1,"Water_Project",1
"sierra_club",4,2,1,"NGO",1
"sierra_valley_groundwater_management_district_groundwater_sustainability_agency",4,4,1,"Local_GSA",0
"sierra_valley_watermaster",4,4,1,"Group",1
"silty_shale",4,2,1,"Natural_Feature",1
"simulated_compared_to",4,4,1,"Nonsense",1
"sjvapcd_dust_control_plan",4,4,1,"Technical",0
"slocfcwd",4,4,1,"District",0
"sloughhouse_resource_conservation_district_groundwater_sustainability_agency",4,4,1,"Other_GSA",0
"sm",4,1,1,"Nonsense",1
"smga",4,1,2,"Local_Gov",1
"smith_et",4,2,1,"Reference",1
"social_media",4,2,1,"Nonsense",1
"solano_county_department_of_resource_management",4,4,1,"Local_Gov",1
"solano_habitat_conservation_plan",4,4,1,"Technical",0
"solano_parties",4,4,1,"Group",1
"solano_water_project",4,4,1,"Water_Project",0
"soledad_canyon",4,4,1,"Geographic_Unit",1
"soluna_outreach_solutions",4,4,1,"Company",1
"sonoma_land_trust",4,2,1,"NGO",1
"sonoma_valley_county_sanitation_district",4,4,1,"District",0
"sonoma_valley_groundwater_management_program",4,4,1,"Group",1
"sonoma_valley_subbasin",4,4,1,"Basin",0
"south_delta_water_agency",4,4,1,"Group",0
"south_feather_water_and_power_agency",4,4,1,"Group",0
"south_jackson",4,1,3,"Geographic_Unit",1
"south_sacramento_habitat_conservation_plan",4,2,1,"Technical",0
"southeast_sacramento_county",4,4,1,"County",0
"southern_sierra_nevada_mountains",4,1,2,"Natural_Feature",1
"southern_western_pond_turtle",4,2,1,"Natural_Feature",1
"spatial",4,1,2,"Nonsense",1
"special_study_report",4,4,1,"Technical",0
"spreading",4,2,2,"Infrastructure",1
"srf",4,4,1,"Nonsense",1
"staff",4,1,2,"Nonsense",1
"standing_advisory_committee",4,4,1,"Group",0
"stanford_aqua_geo_frameworks",4,4,1,"Technical",1
"stanford_vina_irrigation_dam",4,1,1,"Infrastructure",0
"stanislaus_and_tuolumne_rivers_groundwater_basin_association_groundwater_sustainability_agency_technical_advisory_committee",4,4,1,"Group",0
"stanislaus_counties",4,2,1,"Local_Gov",1
"stanislaus_county_groundwater_ordinance",4,2,1,"Legal",0
"state_clearinghouse",4,2,1,"State_Gov",1
"state_of_the_basin_report",4,1,1,"Technical",0
"state_revolving_fund",4,1,1,"Legal",1
"state_route",4,4,1,"Infrastructure",1
"state_secondary",4,4,1,"State_Gov",1
"state_university_stanislaus",4,4,1,"Local_Gov",1
"state_water_interconnection_project",4,4,1,"Water_Project",0
"statsgo2",4,1,1,"Data_System",1
"stege_sanitary_district",4,4,1,"District",0
"stetson_engineers",4,4,1,"Company",1
"stillwater_sciences_2016",4,2,1,"Reference",1
"stiner",4,4,1,"Nonsense",1
"stone_corral_ivanhoe_irrigation_districts",4,4,1,"District",0
"stonewood",4,4,1,"Nonsense",1
"stony_creek_fan",4,4,1,"Natural_Feature",1
"storm_drainage_master_plan",4,2,1,"Technical",0
"stratford_public_utility_district",4,4,1,"District",0
"strathmore_public_utility_district",4,4,1,"District",0
"strawberry",4,4,1,"City",0
"stream_alluvium",4,4,1,"Natural_Feature",0
"stream_channel_restoration",4,2,1,"Water_Project",1
"stream_reaches_based",4,4,1,"Nonsense",1
"subarticle_4_of_article_5",4,2,1,"Legal",1
"subbasin_chapter_8",4,4,1,"Reference",1
"subbasin_groundwater_sustainability_agencies",4,2,1,"Group",0
"submitted",4,2,1,"Nonsense",1
"subsidence_study_and_basin_study",4,4,1,"District",0
"sultana_csd",4,4,1,"District",1
"surface_water_data",4,4,1,"Technical",0
"surface_water_groundwater_recycled_water_transfer_stormwater",4,4,1,"Nonsense",1
"surface_water_operations_module",4,1,1,"Technical",1
"surface_water_quality_chromium",4,4,1,"Technical",1
"surficial_geologic",4,1,1,"Technical",1
"surfrider_foundation",4,2,1,"District",0
"sustainability_period",4,4,1,"Nonsense",1
"sustainable_groundwater_management_act_data_viewer_web",4,2,1,"Technical",0
"sustainable_groundwater_management_act_fee",4,2,1,"Legal",1
"sustainable_groundwater_management_act_httpsd3n8a8pro7vhmxcloudfrontnetcommunitywatercenterpages293attachmentsoriginal1559328858guide_to",4,2,1,"District",0
"sustainable_groundwater_management_planning",4,2,1,"Legal",1
"sustainable_groundwater_planning_grant",4,1,1,"Legal",1
"sustainable_management_criteria_sustainable",4,2,1,"Legal",1
"sustainable_management_of_groundwater_guidance_for_climate_change_data",4,4,1,"Technical",0
"sustainable_winegrowing_program",4,4,1,"Group",1
"sutter_counties",4,4,1,"Local_Gov",1
"sutter_subbasin_data_management_system",4,4,1,"Technical",0
"svbgsa_advisory_committee",4,1,1,"Group",0
"svbgsa_board_of_directors",4,4,1,"Group",0
"sweany",4,4,1,"Nonsense",1
"system_optimization_review",4,4,1,"Technical",1
"table_3_7",4,2,1,"Reference",0
"table_a",4,1,1,"Reference",0
"table_a_and_article_21",4,2,1,"Reference",0
"table_c3_7",4,1,1,"Reference",0
"table_d2",4,4,1,"Reference",0
"table_plan_managera2",4,4,1,"Reference",0
"tbwqc_groundwater_quality_trend_monitoring_workplan",4,2,1,"Technical",0
"technical_subcommittee",4,2,1,"Group",0
"tehachapi_creek",4,4,1,"Natural_Feature",0
"tehama_county_data_management_system_user_manual",4,1,1,"Technical",0
"tehama_county_enterprise_anderson_groundwater_sustainability_agency_flood_control_and_water_conservation_district",4,2,1,"District",0
"tehama_county_flood_control_and_water_conservation_district_act",4,1,1,"Legal",0
"tehama_county_flood_control_and_water_conservation_district_technical_advisory_committee",4,1,1,"Group",0
"tehama_county_flood_control_water_conservation_district_district",4,1,1,"District",0
"tehama_county_groundwater_sustainability_agency_board_of",4,1,1,"Group",1
"tehama_county_resource_sacramento",4,1,2,"Local_Gov",1
"tehama_groundwater_sustainability_agency",4,1,1,"Other_GSA",0
"tehama_valley_mobile",4,1,1,"Nonsense",1
"temescal_creek",4,2,1,"Natural_Feature",0
"terra",4,1,1,"Nonsense",1
"terra_bella_sewer_maintenance_district",4,4,1,"District",0
"tetrachloroethylene",4,2,2,"Natural_Feature",1
"teviston_community_service_district",4,4,1,"District",0
"thc",4,4,1,"Nonsense",1
"third_party",4,1,1,"Nonsense",1
"this_communications_and_engagement_plan",4,1,1,"Technical",0
"this_project",4,4,1,"Water_Project",0
"this_technical_memorandum",4,2,1,"Technical",0
"thomes_district",4,1,1,"District",0
"tim_przybyla",4,4,1,"Person",1
"time",4,1,1,"Nonsense",1
"tjrn",4,2,1,"Nonsense",1
"to",4,1,1,"Nonsense",1
"to_fill_data_gaps",4,2,1,"Technical",0
"to_minimize_water_contamination_encourage",4,2,1,"Nonsense",1
"todd_gw",4,4,1,"Infrastructure",1
"tolay_volcanics",4,4,1,"Natural_Feature",1
"torrey",4,2,1,"Nonsense",1
"towsley_formation",4,4,1,"Natural_Feature",0
"tracy_groundwater_sustainability_plan",4,4,1,"Technical",0
"tracy_san_joaquin_county",4,4,1,"County",0
"train_groundwater_sustainability_agency_staff",4,2,2,"Nonsense",1
"trends",4,2,1,"Nonsense",1
"trigger_for_implementation_and_termination",4,4,1,"Legal",1
"tss",4,2,1,"Nonsense",1
"tu_unit",4,4,1,"District",1
"tulare_county_environmental_health_division",4,2,1,"Local_Gov",1
"tule_cattail",4,4,1,"Natural_Feature",1
"tule_lake_national_wildlife_refuge",4,4,1,"Natural_Feature",1
"tuolumne_rivers",4,1,1,"Natural_Feature",0
"tuolumne_rivers_groundwater_basin_association_groundwater_sustainability_agency",4,4,1,"Other_GSA",0
"turlock_irrigation_district_board_of_directors",4,4,1,"Group",0
"u_v",4,4,1,"Nonsense",1
"ubd",4,4,1,"Nonsense",1
"ug_l_nd_05",4,4,1,"Nonsense",1
"umbrella",4,2,1,"Nonsense",1
"union_of_concerned_scientists",4,2,1,"NGO",1
"union_pacific_railroad",4,1,1,"Company",1
"united_states_census",4,4,1,"Federal_Gov",1
"united_states_department_of_agriculture_natural_resourcescs",4,4,1,"Federal_Gov",1
"united_states_geological_survey_national_field_manual",4,2,2,"Technical",1
"university_of_california_above_normalr",4,1,1,"State_Gov",0
"university_of_california_agriculture_and_natural_resources",4,2,1,"State_Gov",0
"updates_model",4,1,1,"Technical",0
"upper_cache_creek",4,4,1,"Natural_Feature",0
"upper_klamath_lake",4,4,1,"Natural_Feature",0
"upper_middle_tehama",4,4,1,"District",0
"upper_russian_river_water_agency",4,4,1,"Group",0
"upper_san_pedro_formation",4,2,1,"Natural_Feature",0
"upper_santa_barbara_formation",4,4,1,"Natural_Feature",0
"upper_temescal_valley_snmp",4,4,1,"Technical",1
"upper_valley_subbasin_planning_committee",4,4,1,"Group",0
"upson_and",4,4,1,"Nonsense",1
"urban_water_management_planning_act",4,1,1,"Legal",0
"us_census_american_community",4,2,1,"Group",0
"us_environmental_protection_agency_california_toxics_rule",4,2,1,"State_Gov",0
"us_geological_survey_scientific_investigations_report",4,1,1,"Technical",0
"us_weather_service",4,4,1,"Federal_Gov",1
"used",4,2,1,"Nonsense",1
"uses_users_interest_category",4,4,1,"Nonsense",1
"using_diurnal_temperature",4,2,1,"Technical",1
"uva",4,4,1,"Nonsense",1
"uzf1_package",4,4,1,"Technical",1
"valencia_water_company",4,4,1,"Company",1
"valley_oak",4,4,1,"Natural_Feature",1
"valley_oak_alliance",4,4,1,"NGO",1
"various",4,4,1,"Nonsense",1
"vaughn_water_company",4,4,1,"Company",1
"ventura_county_general_plan_update_water_element_focus_group",4,1,1,"Group",0
"ventura_county_stormwater_permits",4,2,1,"Legal",1
"ventura_county_stormwater_quality_management_program",4,2,1,"Group",1
"ventura_regional_groundwater_flow_model",4,2,1,"Technical",0
"vicki",4,4,1,"Person",1
"vina_chico_management_area",4,4,1,"Geographic_Unit",0
"virginia_phelps",4,2,1,"Person",1
"vista_irrigation_district",4,4,1,"District",0
"vomwd",4,4,1,"District",0
"warren_act",4,2,1,"Legal",0
"warthan",4,4,1,"Nonsense",1
"water_charges_framework",4,4,1,"Legal",1
"water_energy_and_efficiency_grant",4,4,1,"Legal",1
"water_interactions",4,1,1,"Nonsense",1
"water_pollution_control_facility",4,2,1,"Infrastructure",1
"water_quality_sustainable_management_criteria",4,2,1,"Legal",1
"water_resources_department",4,2,1,"Group",0
"water_security",4,1,1,"Nonsense",1
"water_year_index",4,2,2,"Technical",1
"watermaster_program",4,2,1,"Group",1
"watkins_johnson",4,4,1,"Company",1
"wb13",4,4,1,"Nonsense",1
"wcf",4,4,1,"Nonsense",1
"well_information",4,4,1,"Natural_Feature",0
"wells_monitored",4,2,1,"Technical",0
"wells_program",4,4,1,"Group",1
"west_butte",4,2,1,"Geographic_Unit",1
"west_creek",4,4,1,"Natural_Feature",0
"west_side_irrigation_district",4,4,1,"District",0
"western_foundation_of_vertebrate_zoology",4,2,1,"NGO",1
"western_heights",4,4,1,"Geographic_Unit",1
"western_lower",4,2,1,"Geographic_Unit",1
"western_regional_climate_center",4,4,1,"Technical",1
"westside",4,2,1,"City",0
"wetland_mitigation_bank",4,4,1,"Infrastructure",1
"whale_rock_reservoir",4,4,1,"Infrastructure",0
"wheatland_room",4,4,1,"Nonsense",1
"wheeler_ridge",4,2,1,"District",0
"white",4,2,1,"Nonsense",1
"white_lands",4,4,1,"Geographic_Unit",1
"whwc14",4,4,1,"Nonsense",1
"wildlife_conservation_board",4,1,1,"State_Gov",0
"wildwood_creek",4,4,1,"Natural_Feature",0
"wilkins",4,4,1,"Nonsense",1
"will",4,2,1,"Nonsense",1
"windsor_creek",4,4,1,"Natural_Feature",0
"woodland_davis",4,4,1,"Local_Gov",1
"woodland_davis_clean_water_agency",4,4,1,"Group",0
"woodward_reservoir",4,4,1,"Infrastructure",0
"worts",4,4,1,"Nonsense",1
"x",4,1,1,"Nonsense",1
"yearout",4,2,1,"Nonsense",1
"yocha_dehe_wintun_nation",4,2,2,"Group",1
"yolo_zamora",4,4,1,"Basin",1
"yuba_subbasin_groundwater_agency",4,4,1,"Group",0
"yucaipa_sustainable_groundwater_management_act_board",4,4,1,"Group",0
"zamora_syncline",4,4,1,"Natural_Feature",1
"zayante",4,4,1,"City",0
"2018_regulatory_fee_study",3,1,1,"Reference",1
"501c3",3,2,2,"Legal",1
"841a",3,3,1,"Nonsense",1
"a_recharge",3,1,1,"Nonsense",1
"a_water_acquisition_and_exchange_agreement",3,3,1,"Group",0
"a_water_quality_control_plan",3,1,1,"Technical",0
"ab",3,2,1,"Nonsense",1
"abc_liovin_drilling",3,3,1,"Company",1
"accelerated_water_transfer_program",3,2,1,"Water_Project",1
"act",3,1,1,"Legal",0
"administrative_boundaries",3,2,1,"Geographic_Unit",1
"administrative_draft_multiple_species_habitat_conservation_plan",3,1,1,"Technical",0
"advisory_committee_and_technical_advisory_committee",3,3,1,"Group",0
"advisory_committees_and_boards",3,1,1,"Group",0
"aem_study",3,3,1,"Technical",1
"afrpa",3,3,1,"Nonsense",1
"afterbay",3,3,1,"Infrastructure",1
"agricultural_crop_water_management_measures",3,1,1,"Technical",1
"agricultural_groundwater_substitution_transfers_pumping",3,1,1,"Nonsense",1
"agricultural_lands",3,3,1,"Geographic_Unit",1
"agricultural_water",3,1,1,"Natural_Feature",1
"airborne_electromagnetic_system",3,3,1,"Technical",1
"al",3,1,1,"Nonsense",1
"alabama_hills",3,3,1,"Geographic_Unit",1
"alco_water_service",3,2,1,"District",1
"all_attachments",3,1,1,"Reference",1
"alpaugh_community",3,3,1,"Group",0
"alta_school",3,3,1,"Local_Gov",1
"alturas",3,3,1,"City",0
"amador_county_groundwater_management_authority",3,3,1,"Local_GSA",0
"amanda",3,3,1,"Person",1
"amended_consulting_agreement",3,3,1,"Group",0
"america",3,1,1,"Geographic_Unit",1
"american_river",3,3,1,"Natural_Feature",0
"american_tribal_communities",3,1,1,"Group",0
"american_water",3,3,1,"Company",1
"an_interested_party",3,2,2,"Nonsense",1
"an_interested_party_database",3,2,1,"Technical",0
"analytical",3,1,1,"Nonsense",1
"andy",3,3,1,"Person",1
"annual_groundwater_report",3,3,1,"Technical",0
"annual_monitoring_data_evaluation",3,1,1,"Technical",0
"appendix_1_c",3,2,1,"Reference",0
"appendix_1_e",3,2,1,"Reference",0
"appendix_2_f",3,3,1,"Reference",0
"appendix_2_j",3,3,1,"Reference",0
"appendix_9b",3,1,1,"Reference",0
"appendix_b_further",3,1,1,"Reference",0
"appendix_b_projected_land_use_change",3,3,1,"Reference",0
"appendix_c5",3,2,1,"Reference",0
"appendix_c_table",3,1,1,"Reference",0
"appendix_e_nitrate_levels",3,1,1,"Reference",0
"appendix_f_note",3,3,1,"Reference",0
"appendix_i_letter",3,3,1,"Reference",0
"appendix_l2_2",3,3,1,"Reference",0
"appendix_l2_5",3,3,1,"Reference",0
"appendix_o",3,2,1,"Reference",0
"appendix_t",3,2,1,"Reference",0
"applicable_land_use_plans",3,1,1,"Technical",0
"applied_groundwater_modeling",3,1,1,"Technical",0
"arcpy",3,3,1,"Technical",1
"arcview",3,1,1,"Technical",1
"are",3,2,1,"Nonsense",1
"arnold_drive",3,3,1,"Nonsense",1
"arroyo_de_las_viboras",3,3,1,"Natural_Feature",1
"arroyo_santa_rosa_groundwater_sustainability_agency_board_of_directors",3,3,1,"Group",0
"arroyo_seco_groundwater_sustainability_agency",3,3,1,"Other_GSA",0
"arroyo_toads",3,3,1,"Natural_Feature",1
"arsenic_arsenic",3,1,1,"Nonsense",1
"arvada",3,3,1,"Local_Gov",1
"arvin_edison_kern_subbasin_management_area",3,3,1,"Geographic_Unit",0
"ashland",3,3,1,"City",0
"assembly_bill_1944",3,3,1,"Legal",1
"association_of_bay_area_governments",3,1,1,"Group",1
"atascadero_state_hospital",3,3,1,"Infrastructure",1
"attachment_f2",3,3,1,"Reference",1
"attachment_f4",3,3,1,"Reference",1
"attachment_g",3,3,1,"Reference",1
"atwell_island_water_district",3,3,1,"District",0
"awd1",3,3,1,"District",0
"awhc",3,3,1,"Nonsense",1
"b_agricultural_water_management_compliance_c_statewide_groundwater_elevation_monitoring_basin_prioritization",3,1,1,"Technical",0
"b_discuss",3,1,1,"Nonsense",1
"b_eardsley_w_ash",3,1,1,"Person",1
"background_and",3,1,1,"Nonsense",1
"bailey",3,1,1,"Nonsense",1
"bakman_water_company",3,3,1,"Company",1
"ballico",3,3,1,"City",0
"basement",3,3,1,"Natural_Feature",1
"basin_characterization_report",3,3,1,"Technical",0
"basin_data_management_system",3,2,1,"Technical",0
"basin_management_program",3,3,1,"Group",1
"basin_monitoring_program_task_force",3,2,1,"Technical",0
"basin_technical_advisory_committee",3,3,1,"Group",0
"bayou_vista_ditch_company",3,3,1,"Company",1
"bayside",3,3,1,"District",0
"be",3,2,1,"Nonsense",1
"bear_rivers",3,3,1,"Natural_Feature",0
"becky_rittenberg",3,3,1,"Person",1
"benedict",3,3,1,"Nonsense",1
"beneficial_users",3,3,1,"Nonsense",1
"bennett",3,2,1,"Nonsense",1
"bennett_brooks",3,3,1,"Person",1
"berenda",3,3,1,"Geographic_Unit",1
"beta2_revision",3,3,1,"Reference",1
"bgepa",3,3,1,"Legal",1
"big_springs_ranch_wildlife_area",3,3,1,"Geographic_Unit",0
"big_valley_advisory_committee_big_valley_advisory_committee",3,3,1,"Group",0
"big_valley_basin",3,3,1,"Basin",0
"bill_564",3,2,1,"Legal",1
"bill_610",3,1,1,"Legal",1
"biola_community_services_district",3,3,1,"District",0
"black_butte_dam",3,3,1,"Infrastructure",0
"bluegreen",3,1,1,"NGO",1
"board_committees",3,2,1,"Group",0
"board_meeting",3,1,2,"Nonsense",1
"board_of_directors_regular_meeting",3,3,1,"Group",1
"board_of_the_gravelly_ford_water_district",3,3,1,"District",0
"board_of_the_groundwater_sustainability_agency",3,3,1,"Other_GSA",0
"board_of_the_shandon_water_district",3,3,1,"District",0
"bondy_groundwater_consulting_inc",3,3,1,"Company",1
"bootsma",3,3,1,"Person",1
"bordering_buckeye",3,3,1,"Geographic_Unit",1
"boulder_city",3,3,1,"Local_Gov",1
"brackish_water_resources_partnership",3,3,1,"Group",1
"briefings",3,3,1,"Nonsense",1
"budget_and_funding",3,3,1,"Technical",1
"budget_transfer",3,3,1,"Nonsense",1
"bulletin",3,1,1,"Reference",1
"burton_mesa_ecological_reserve",3,3,1,"Natural_Feature",1
"butte_county_water_commission",3,3,1,"Group",0
"butte_subbasins",3,3,1,"Basin",0
"butte_valley_national_grassland",3,3,1,"Natural_Feature",1
"butterfield_drain",3,3,1,"Infrastructure",1
"buttonwillow_county_water_district",3,1,1,"District",0
"by",3,1,1,"Nonsense",1
"byron_bethany_irrigation_district_groundwater_sustainability_plan",3,3,1,"Technical",0
"c_projected",3,3,1,"Nonsense",1
"cabrillo_college",3,3,1,"Nonsense",1
"cachuma_project_member_units",3,2,1,"Group",1
"calculated",3,1,1,"Nonsense",1
"caldwell_et_al",3,3,1,"Reference",1
"calfax",3,3,1,"Company",1
"caliente_creek",3,3,1,"Natural_Feature",0
"california_aquatic_resource_inventory",3,3,1,"State_Gov",0
"california_arsenic_threat",3,2,1,"State_Gov",0
"california_association_of_winegrape_growers",3,1,1,"State_Gov",0
"california_coastal_act",3,3,1,"State_Gov",0
"california_code",3,2,1,"State_Gov",0
"california_conservation_easements",3,1,1,"State_Gov",0
"california_division_of_oil_gas",3,1,1,"State_Gov",0
"california_division_of_water_rights",3,1,1,"State_Gov",0
"california_environmental_assessments",3,1,1,"State_Gov",0
"california_environmental_information_catalog",3,1,1,"State_Gov",0
"california_environmental_protec",3,1,1,"State_Gov",0
"california_environmental_resources_evaluation_system",3,1,1,"State_Gov",0
"california_freshwater_species_database",3,2,1,"State_Gov",0
"california_maximum_contaminant_level",3,3,1,"State_Gov",0
"california_national_guard",3,3,1,"State_Gov",0
"california_oil_gas",3,2,1,"State_Gov",0
"california_state_groundwater_elevation_monitoring_program",3,1,1,"State_Gov",0
"california_veterans_home",3,3,1,"State_Gov",0
"california_water_code_10730",3,2,1,"State_Gov",0
"california_water_foundation",3,1,1,"State_Gov",0
"california_water_sustainability_indicators_framework",3,1,1,"State_Gov",0
"california_well_standards",3,2,1,"State_Gov",0
"california_winegrape_commission",3,1,1,"State_Gov",0
"caltrans_survey_manual",3,1,1,"Reference",1
"camp_far_west_irrigation_district",3,3,1,"District",0
"capay_landowners_association",3,3,1,"Group",1
"capital_improvement_program",3,2,2,"Group",1
"careaga_sands",3,1,1,"Natural_Feature",0
"careaga_sandstone",3,3,1,"Natural_Feature",1
"cartago",3,3,1,"City",0
"cascade",3,3,1,"Nonsense",1
"casino",3,2,1,"Nonsense",1
"castle",3,1,1,"Nonsense",1
"castle_oaks_water_reclamation_plant",3,3,1,"Infrastructure",1
"cayuma",3,1,2,"Nonsense",1
"cbannelkeeper",3,3,1,"Nonsense",1
"ccbl_city_of",3,1,1,"City",0
"cdm_smith",3,3,1,"Company",1
"cec",3,3,1,"State_Gov",1
"center_for_collaborative_policy",3,3,1,"Legal",0
"central",3,3,1,"Nonsense",1
"central_coast_salmon_enhancement",3,3,1,"NGO",1
"central_interior_valleys_subarea",3,3,1,"Geographic_Unit",0
"central_subbasin",3,3,1,"Basin",0
"central_valley_spatial_reference_network",3,3,1,"Technical",1
"central_valley_steelhead",3,3,1,"Natural_Feature",1
"ceres_main",3,3,1,"Nonsense",1
"certificate_of_publication",3,1,2,"Reference",1
"chair_of_the_resource_conservationc",3,3,1,"Nonsense",1
"checker",3,1,1,"Nonsense",1
"chico_state",3,1,2,"State_Gov",1
"chowchilla_subbasin_coordination_committee",3,3,1,"Group",0
"christensen",3,3,1,"Person",1
"chronic_lowering_of_groundwater_levels_and",3,3,1,"Nonsense",1
"church",3,3,1,"Nonsense",1
"cienba",3,3,1,"Nonsense",1
"cii",3,1,1,"Nonsense",1
"cities_of_exeter",3,3,1,"Local_Gov",1
"cities_of_hemet",3,3,1,"Local_Gov",1
"cities_of_modesto",3,2,1,"Geographic_Unit",1
"cities_of_napa",3,3,1,"Geographic_Unit",1
"cities_of_vacaville",3,3,1,"Local_Gov",1
"city_department",3,3,1,"Group",0
"city_of_delano",3,3,1,"City",0
"city_of_el_cerrito",3,3,1,"City",0
"city_of_hollister_san_benito_county_water_district",3,3,1,"City",0
"city_of_lindsay",3,3,1,"City",0
"city_of_marina_planning_commission",3,3,1,"City",0
"city_of_pasadena",3,3,1,"City",0
"city_of_rio_vista",3,3,1,"City",0
"city_of_san_jacinto",3,3,1,"City",0
"city_of_shafter",3,3,1,"City",0
"city_public_utilities_department",3,3,1,"Group",0
"clay_layer",3,3,1,"Natural_Feature",1
"clayey",3,2,1,"Nonsense",1
"clean_water_action_and_clean_water_fund",3,1,1,"NGO",1
"cleath_harris",3,3,1,"Person",1
"clifton_court",3,3,1,"Infrastructure",1
"closeout",3,1,1,"Nonsense",1
"coarsegold",3,2,1,"City",0
"colorado",3,1,1,"State_Gov",1
"colusa_basin_drain_south",3,3,1,"Infrastructure",1
"colusa_yolo_county",3,3,1,"County",0
"comments",3,1,1,"Nonsense",1
"committed",3,3,1,"Nonsense",1
"committee_and_ad_hoc_work_groups",3,3,1,"Group",0
"common_chapter",3,3,1,"Reference",1
"communication_engagement_and_outreach_plan",3,3,1,"Technical",0
"communications",3,2,1,"Nonsense",1
"communications_portal",3,3,1,"Data_System",1
"community_alliance",3,1,2,"NGO",1
"community_engagement_and_activities_database",3,3,1,"Technical",0
"community_of_allensworth",3,3,1,"Geographic_Unit",1
"company",3,2,1,"Nonsense",1
"comprehensive_transportation_plan",3,1,1,"Technical",0
"comprehensive_water_resources_report",3,3,1,"Technical",0
"conaway_extensometer",3,3,1,"Infrastructure",1
"conjunction",3,3,1,"Nonsense",1
"connect_alpaugh",3,1,2,"Nonsense",1
"conservation_district",3,2,1,"District",0
"conservation_element_of_the_general_plan",3,1,1,"Technical",0
"consolidated_rock",3,3,1,"District",0
"consortium_of_california",3,3,1,"State_Gov",0
"construct",3,2,1,"Nonsense",1
"contra_costa_health_serviceseh_division",3,3,1,"Local_Gov",1
"control",3,3,1,"Nonsense",1
"cooke",3,1,1,"Nonsense",1
"coombs",3,3,1,"Nonsense",1
"corning_domes",3,3,1,"Infrastructure",1
"corocan_clay",3,1,1,"Natural_Feature",0
"corona_management_agreements",3,3,1,"Group",0
"corona_wrf3",3,3,1,"Technical",1
"cosumnes_management_plan",3,1,1,"Technical",0
"counties",3,3,1,"Geographic_Unit",1
"counties_of_solano",3,3,1,"Geographic_Unit",1
"county_agricultural",3,3,1,"Local_Gov",1
"county_board",3,3,1,"Group",0
"county_bos",3,3,1,"Group",1
"county_city",3,2,2,"Nonsense",1
"county_counsel",3,1,1,"Local_Gov",1
"county_of_kings",3,1,1,"County",0
"county_of_san_luis_obispo_groundwater_sustainability_agency_san_luis_obispo_valley",3,3,1,"Local_GSA",0
"county_of_tuolumne",3,3,1,"County",0
"county_of_tuolumne_groundwater_sustainability_agency",3,3,1,"Local_GSA",0
"county_service_area",3,2,1,"Geographic_Unit",0
"county_water_agency_working_group",3,1,1,"Group",0
"crandell",3,3,1,"Nonsense",1
"criteria_a",3,3,1,"Nonsense",1
"crna",3,1,1,"District",1
"cross_section_b_b",3,2,1,"Reference",0
"cucamonga_basin",3,3,1,"Basin",0
"current",3,1,1,"Nonsense",1
"cy_1993",3,1,1,"Reference",1
"daily_root_zone_simulation_model",3,3,1,"Technical",0
"daniel_tartakovsky",3,1,1,"Person",1
"data_archive_interface",3,3,1,"Technical",0
"data_collection_and_analysis",3,3,1,"Technical",0
"data_gap",3,2,1,"Technical",0
"data_gap_analysis_technical_memorandum",3,1,1,"Technical",0
"data_gaps_advisory_committee_role_review",3,1,1,"Technical",0
"data_quality_objective_process",3,2,1,"Technical",0
"david_mayer",3,3,1,"District",0
"davids",3,3,1,"District",0
"declining_to_dewatered_dewatered",3,3,1,"Nonsense",1
"dee_jaspar",3,3,1,"Person",1
"deep_aquifer_zone",3,3,1,"Geographic_Unit",0
"deep_percolation",3,3,1,"Technical",1
"deer_unit",3,1,2,"Nonsense",1
"defense_language_institute",3,3,1,"Nonsense",1
"del_rey_community_service_district",3,3,1,"District",0
"delaney_slough",3,3,1,"Natural_Feature",0
"delano_earlimart_irrigation_district_board_of_directors",3,3,1,"Group",0
"delhi_county_water_district",3,3,1,"District",0
"delta_mend",3,3,1,"NGO",1
"delta_mendota_subbasin_water_year",3,3,1,"Geographic_Unit",1
"delta_primary_zone",3,3,1,"Geographic_Unit",0
"delta_protection_commission",3,3,1,"State_Gov",0
"department_of_corrections_and_rehabilitation",3,2,1,"State_Gov",0
"department_of_fish_and_wildlife_distribution",3,3,1,"State_Gov",1
"department_of_pesticide_regulations",3,1,1,"Legal",0
"department_of_water_and_power",3,2,1,"Local_Gov",1
"department_of_water_resources_facilitation_support_services",3,1,1,"State_Gov",1
"department_of_water_resources_interferometric_synthetic_aperture_radar",3,1,1,"Technical",1
"department_of_water_resources_kck",3,3,1,"State_Gov",1
"department_of_water_resources_madera_county_land_use_survey",3,2,1,"Technical",1
"department_of_water_resources_natural_communities",3,3,1,"Group",0
"department_of_water_resources_regulations",3,3,1,"Legal",0
"department_of_water_resources_sustainable_groundwater_management_act",3,1,1,"Legal",0
"department_of_water_resources_water_data_library",3,3,1,"Technical",0
"department_recommendations",3,3,1,"Nonsense",1
"derek_t_mcdonald",3,3,1,"Person",1
"description",3,2,1,"Nonsense",1
"description_of_measurable_objectives_measurable_objectives",3,1,2,"Reference",1
"designated",3,2,1,"Nonsense",1
"detroit",3,3,1,"Local_Gov",1
"deuel_vocational_institution",3,3,1,"Nonsense",1
"developed",3,1,1,"Nonsense",1
"development",3,2,1,"Nonsense",1
"diablo_ranges",3,2,1,"Natural_Feature",1
"dibromo_chloropropane",3,2,1,"Nonsense",1
"dickinson",3,1,1,"Nonsense",1
"disadvantaged_community_support_and_outreach",3,1,1,"Group",1
"disadvantaged_community_work_group",3,1,1,"Group",0
"displayed",3,2,1,"Nonsense",1
"distributed_stormwater_collection_managed_aquifer_recharge",3,3,1,"Water_Project",1
"distribution",3,1,1,"Nonsense",1
"district_department",3,1,1,"Group",0
"district_monitoring_wells",3,3,1,"Technical",0
"district_zones_of_benefit_zone_area",3,3,1,"Geographic_Unit",0
"diverted",3,1,1,"Nonsense",1
"division_7_of_title_i_of_the_california_government_code",3,1,1,"State_Gov",0
"do_not_avoid_disparate_impacts_or_consider_the_interests_of_disadvantaged_communities_19_current_projects_and_management_actions_will_not_address_overdraft",3,3,1,"District",0
"do_not_avoid_disparate_impacts_or_consider_the_interests_of_disadvantaged_communities_current_projects_and_management_actions_will_not_address_overdraft",3,3,1,"District",0
"doctrine",3,1,2,"Nonsense",1
"documentation_of_a_computer_program",3,1,1,"Technical",1
"domestic_beneficial",3,2,1,"Nonsense",1
"dominick_amador",3,3,1,"Person",1
"donna_meyers",3,3,1,"Person",1
"donohue_h6_reviseddra",3,3,1,"Reference",1
"doolin",3,3,1,"Nonsense",1
"draft_technical_memorandum",3,1,1,"Technical",0
"drainage_reservoir",3,1,1,"Infrastructure",0
"drinking_water_forum",3,3,1,"Group",1
"drinking_water_program",3,3,1,"Group",1
"drn",3,3,1,"Basin",1
"dry_creek_tribe",3,1,3,"NGO",1
"dtg",3,3,1,"Nonsense",1
"dunes_state_park",3,3,1,"Natural_Feature",1
"durbin",3,3,1,"Person",1
"dye_creek_subbasin",3,2,1,"Basin",0
"dzurella_et_al",3,3,1,"Person",1
"e_groundwater_management_compliance",3,1,1,"Nonsense",1
"easmus_froend",3,3,1,"Person",1
"east_butte_subbasins",3,2,1,"Basin",0
"east_contra_costa_subbasin_groundwater_sustainability_plan",3,3,1,"Technical",0
"eastern_kern_county_resource_conservation_district",3,3,1,"District",0
"eastern_tule_groundwater_sustainability_agency_board_of_directors",3,3,1,"Group",0
"eastside_subbasins",3,3,1,"Basin",0
"ebmud_board",3,3,1,"Group",0
"edmund_g_brown",3,3,1,"Person",1
"ekga",3,3,1,"Nonsense",1
"el_agua",3,3,1,"Nonsense",1
"el_dorado",3,3,1,"County",0
"el_sobrante_de_san_jacinto",3,3,1,"Geographic_Unit",1
"el_toro_planning",3,3,1,"Group",1
"ellicott_slough",3,3,1,"Natural_Feature",0
"ely",3,1,1,"Geographic_Unit",1
"emergent_wetland",3,3,1,"Natural_Feature",1
"empire_westside_irrigation_district",3,3,1,"District",0
"encyclopedia",3,1,1,"Nonsense",1
"endangered_endangered",3,3,1,"Nonsense",1
"energy_resources_engineering_stanford_university",3,1,2,"Group",1
"environmental_compliance_and_permitting",3,1,1,"Legal",1
"environmental_impact_reports",3,3,1,"Technical",0
"environmental_management_wells_program",3,3,1,"Technical",1
"erikson",3,3,1,"Person",1
"escalon_city_council",3,3,1,"Group",0
"esparto_csd",3,3,1,"District",1
"established",3,1,1,"Nonsense",1
"estates",3,3,1,"Nonsense",1
"estimated_estimated_estimated",3,3,1,"Nonsense",1
"estrella_subarea_stakeholders",3,3,1,"Group",1
"esu_threatened_threatened",3,3,1,"Nonsense",1
"etof",3,3,1,"Nonsense",1
"etref",3,3,1,"Nonsense",1
"eusuff",3,1,1,"Nonsense",1
"evaluate_and",3,1,1,"Nonsense",1
"evapotranspiration_of_surface_water",3,3,1,"Technical",1
"ewm",3,3,1,"Nonsense",1
"executive",3,3,1,"Nonsense",1
"executive_committee_meetings",3,3,1,"Group",1
"executive_group_meetings",3,3,1,"Group",1
"executive_team",3,3,1,"Group",1
"expanded_conservation_and_standby_rationing_plan",3,3,1,"Technical",0
"export_application_permit",3,3,1,"Legal",1
"express",3,1,1,"Nonsense",1
"extend",3,1,1,"Nonsense",1
"f225_land_use_planning_and_management",3,1,2,"Reference",1
"f_city",3,3,1,"Nonsense",1
"fallbrook",3,3,1,"City",0
"family_farmers",3,1,1,"Group",1
"farm",3,1,1,"Nonsense",1
"farmer",3,3,1,"Nonsense",1
"farr_et_al",3,1,1,"Person",1
"fcgma_board_of_directors",3,3,1,"Group",0
"feather_falls",3,1,1,"Natural_Feature",1
"feather_river",3,3,1,"Natural_Feature",0
"federal_endangered_species",3,3,1,"Legal",1
"federal_grant_programs",3,3,1,"Group",1
"federal_greenhouse_gas_regulations_adopted",3,1,1,"Legal",1
"feet",3,3,1,"Nonsense",1
"fernandeño_tataviam_band_of",3,3,1,"NGO",1
"fetters_hot_springs",3,3,1,"Natural_Feature",1
"fico",3,2,1,"Nonsense",1
"fillmore_basins",3,3,1,"Basin",0
"finder",3,3,1,"Nonsense",1
"first_point_of_measurement",3,3,1,"Technical",1
"first_point_to_second_point",3,3,1,"Nonsense",1
"fishery",3,3,1,"Nonsense",1
"fleckenstein_et_al",3,3,1,"Reference",1
"flood_risk_management",3,1,3,"Group",1
"flows_between_adjacent_subbasins",3,1,1,"Basin",0
"folsom_lake",3,1,1,"Natural_Feature",0
"formation_environmental_tm",3,3,1,"Nonsense",1
"forming_and_participating_parties",3,3,1,"Group",1
"fort_ord_site_conceptual_model",3,3,1,"Technical",0
"fortord_salinas_valley_aquitard",3,3,1,"Natural_Feature",1
"fortuna_total_palmer_water",3,3,1,"Company",1
"foster_park_riparian_groundwater_dependent_ecosystem_unit",3,3,1,"Natural_Feature",1
"fox_canyon_groundwater_management_agency_groundwater_management_plan_update",3,1,1,"Technical",1
"fram",3,2,1,"Nonsense",1
"frazier_mountain_high_school_water_project",3,3,1,"Water_Project",0
"freckleton",3,1,1,"Nonsense",1
"fresno_county_management_area_b",3,3,1,"Geographic_Unit",1
"fresno_rivers",3,2,1,"Natural_Feature",0
"fresno_state",3,2,1,"Local_Gov",1
"friant_dam",3,1,1,"Infrastructure",0
"friant_water",3,2,1,"District",1
"g11",3,3,1,"Nonsense",1
"g_public_utilities",3,1,2,"Group",1
"gadwall",3,3,1,"Natural_Feature",1
"gage",3,2,1,"Nonsense",1
"galt_laguna_creek",3,1,1,"Natural_Feature",0
"garden_farms_community_water_district",3,3,1,"District",0
"gardner",3,2,1,"Nonsense",1
"garzas_creek",3,3,1,"Natural_Feature",0
"gateway_village",3,3,1,"Local_Gov",1
"gavin_newsom",3,1,1,"Person",1
"gazelle",3,3,1,"City",0
"gbpo",3,3,1,"Nonsense",1
"general_business_administration",3,1,1,"Nonsense",1
"general_plan_updates",3,1,2,"Reference",1
"geodatabase",3,3,1,"Technical",0
"geographical_information_systems",3,3,1,"Technical",0
"geologic_cross_sections",3,2,1,"Technical",1
"geological_survey_techniques_of_water_resources_investigations",3,1,1,"Technical",1
"geologists",3,2,2,"Nonsense",1
"geology_hydrogeology",3,3,1,"Technical",1
"george_anderson",3,3,1,"Person",1
"geoscience_and_aecom",3,3,1,"Company",1
"geotracker_groundwater_ambient_monitoring_and_assessment",3,2,1,"Technical",0
"gibson",3,3,1,"Nonsense",1
"gillespie_et",3,2,1,"Reference",1
"gina_bartlett",3,3,1,"Person",1
"gina_bartlett_founded",3,1,1,"Nonsense",1
"giumarra_vineyards_corp_giumarra_bros",3,3,1,"Company",1
"glen_ivy_hot_springs",3,3,1,"Natural_Feature",1
"glendale",3,2,1,"City",0
"glenn_colusa_canal",3,3,1,"Infrastructure",1
"glenn_colusa_hydrogeologic_conceptual_model",3,3,1,"Technical",0
"glenn_county_general_plan",3,3,1,"Technical",0
"glenn_county_rcd",3,3,1,"District",0
"globk",3,3,1,"Nonsense",1
"goodwin_reservoir",3,3,1,"Infrastructure",0
"gps_driller_instructions_overview",3,1,1,"Technical",1
"grant_completion",3,1,2,"Nonsense",1
"grapevine_development_p_ma",3,3,1,"Nonsense",1
"grassland_groundwater_sustainability_agency_board_of_directors",3,3,1,"Group",0
"graves_creek",3,3,1,"Natural_Feature",0
"gray_lodge_wildlife_area",3,3,1,"Geographic_Unit",0
"grimes",3,3,1,"City",0
"groundwater_ambient_monitoring_and_assessment_data",3,1,1,"Technical",0
"groundwater_ambient_monitoring_and_assessment_geotracker",3,3,1,"Technical",0
"groundwater_ambient_monitoring_and_assessment_gis",3,3,1,"Technical",0
"groundwater_basin_authority",3,3,1,"Group",0
"groundwater_dependent_eco",3,1,1,"Natural_Feature",1
"groundwater_dependent_ecosystem_id",3,3,1,"District",0
"groundwater_extraction",3,1,1,"Technical",1
"groundwater_extraction_metering_and_reporting_plan",3,3,1,"Technical",0
"groundwater_extraction_reporting_program",3,3,1,"Technical",0
"groundwater_legislation",3,1,1,"Legal",1
"groundwater_level_monitoring_network",3,2,1,"Technical",0
"groundwater_levels_and_groundwater_storage",3,3,1,"Technical",1
"groundwater_management_plans",3,3,1,"Technical",0
"groundwater_quality_monitoring_act",3,1,1,"Legal",0
"groundwater_quality_monitoring_network",3,2,1,"Technical",0
"groundwater_report",3,3,1,"Technical",0
"groundwater_sustainability_agencies_and_groundwater_sustainability_plans",3,1,1,"Technical",0
"groundwater_sustainability_agency_branding_summary_logo_website",3,3,1,"Technical",1
"groundwater_sustainability_agency_committee_meetings",3,1,1,"Group",1
"groundwater_sustainability_agency_monitoring_field_lead",3,3,1,"Technical",0
"groundwater_sustainability_agency_public_hearings",3,3,1,"Group",1
"groundwater_sustainability_agency_roundtable",3,3,1,"Group",1
"groundwater_sustainability_agency_staff",3,3,1,"Group",1
"groundwater_sustainability_agency_technical_experts",3,3,1,"Technical",0
"groundwater_sustainability_agency_website",3,2,1,"Data_System",1
"groundwater_sustainability_agency_work_group",3,3,1,"Group",0
"groundwater_sustainability_plan_adoption_public_hearing",3,1,2,"Reference",1
"groundwater_sustainability_plan_advisory",3,3,1,"Group",1
"groundwater_sustainability_plan_annotated_outline",3,1,1,"Reference",1
"groundwater_sustainability_plan_elements_part",3,1,1,"Reference",1
"groundwater_sustainability_plan_implementation_and",3,2,1,"Nonsense",1
"groundwater_sustainability_plan_implementation_program_management",3,3,1,"Group",1
"groundwater_sustainability_plan_information",3,1,1,"Natural_Feature",0
"groundwater_sustainability_plan_management",3,2,2,"Group",1
"groundwater_sustainability_plan_master_meeting_schedule",3,3,1,"Reference",1
"groundwater_sustainability_plan_periodic_evaluations",3,1,2,"Legal",1
"groundwater_sustainability_plan_project_manager",3,3,1,"Nonsense",1
"groundwater_sustainability_plan_public_review_draft",3,3,1,"Reference",1
"groundwater_sustainability_plan_regs",3,3,1,"Legal",1
"groundwater_sustainability_plan_review",3,1,1,"Technical",1
"groundwater_sustainability_plan_section",3,2,1,"Reference",0
"groundwater_sustainability_plan_technical_work_group",3,3,1,"Group",0
"groundwater_system_water_budget_results",3,2,1,"Technical",1
"group_c",3,3,1,"Group",1
"gsflow_arcpy",3,3,1,"Technical",1
"gt_cardwell",3,3,1,"Person",1
"guide",3,3,1,"District",0
"guidiville_rancheria",3,3,1,"District",0
"gwel",3,2,1,"Nonsense",1
"hallwood",3,3,1,"Local_Gov",1
"hand_held_controller",3,3,1,"Nonsense",1
"harding_lawson_associates",3,3,1,"Company",1
"hargreaves",3,3,1,"Nonsense",1
"hayward_groundwater_sustainability_agencies",3,3,1,"Group",0
"head_time",3,1,1,"Technical",1
"healdsburg",3,3,1,"City",0
"hearn_et_al",3,3,1,"Reference",1
"hecht",3,3,1,"Person",1
"hemet_san_jacinto_groundwater_management_area",3,3,1,"Geographic_Unit",0
"henleyville",3,3,1,"Geographic_Unit",1
"hensley",3,3,1,"Nonsense",1
"herb",3,3,1,"Nonsense",1
"herbaria",3,3,1,"Nonsense",1
"heritage_ranch",3,3,1,"Local_Gov",1
"hexavalent_chromium_levels",3,1,1,"Technical",1
"highland_creek",3,3,1,"Natural_Feature",0
"holding_contract",3,3,1,"Legal",0
"hong_kong",3,1,1,"Geographic_Unit",1
"hopps",3,3,1,"Nonsense",1
"hsieh",3,1,1,"Nonsense",1
"hsr",3,3,1,"Nonsense",1
"httpswwwmcwdorggovernance_meetingshtml",3,3,1,"District",0
"httpwwwkernrivergsaorg",3,1,1,"Nonsense",1
"hubbard",3,2,1,"Nonsense",1
"huckins",3,3,1,"Nonsense",1
"huerhuero_creek",3,3,1,"Natural_Feature",0
"human_resources",3,3,1,"Nonsense",1
"humboldt_county_groundwater",3,3,1,"Basin",1
"hydrogeologic_study_of_the_warm_springs_groundwater_subbasin",3,3,1,"Basin",0
"hydrogeological_conceptual_model_best_management_practices",3,1,1,"Technical",0
"hydrographic_reports",3,3,1,"Technical",0
"hydrologic_soil_group",3,3,1,"Group",0
"hydrological_data",3,1,1,"Technical",0
"hydrologics",3,3,1,"Company",1
"iers",3,3,1,"Nonsense",1
"impervious_surface_coefficient",3,3,1,"Technical",1
"implementation_measure_15c",3,1,1,"Reference",1
"imported_water_project_options",3,3,1,"Water_Project",1
"improvement_company",3,3,1,"Company",1
"industrial_general_permit",3,3,1,"Legal",1
"information_and_criteria",3,1,2,"Nonsense",1
"instream",3,3,1,"Natural_Feature",1
"integrated_recharge_and_recovery_program",3,3,1,"Water_Project",1
"integrated_regional_water_management_plan_projects_and_programs",3,1,3,"Water_Project",1
"integrated_regional_water_management_stakeholders_advisory_group",3,1,1,"Group",0
"interagency_task_force",3,2,1,"Group",1
"interconnecte",3,3,1,"Nonsense",1
"interferometric_synthetic_aperture",3,2,1,"Technical",1
"interim_milestones_and_measurable_objectives",3,2,1,"Reference",1
"international_water_district",3,3,1,"District",0
"intertie",3,3,1,"Infrastructure",1
"inyo_county_code",3,2,1,"Legal",0
"ione_band_of",3,3,1,"Group",1
"ione_formations",3,3,1,"Natural_Feature",0
"irrigated_lands_program",3,2,2,"Legal",1
"irrigation_districts",3,2,1,"District",0
"ivanhoe_irrigation_district_management_area",3,3,1,"Geographic_Unit",0
"ivanhoe_public_utilities_district",3,3,1,"District",0
"iwvcgwmg",3,3,1,"Nonsense",1
"j",3,3,1,"Nonsense",1
"j44_interface_with",3,1,1,"Nonsense",1
"j_summary",3,3,1,"Reference",1
"jacob_rancho_water_company",3,3,1,"Company",1
"jason_sun",3,3,1,"Person",1
"jean_okuye",3,3,1,"Person",1
"jeanna_long",3,3,1,"Person",1
"jeof_wyrick",3,3,1,"Person",1
"jiang_et_al",3,2,1,"Reference",1
"jja",3,3,1,"Nonsense",1
"joint_board",3,3,1,"Group",0
"julie_leimbach",3,2,1,"Person",1
"julie_tumamait",3,3,1,"Person",1
"kaweah_delta_water_conservation_district_groundwater",3,3,1,"District",1
"kbs",3,3,1,"Nonsense",1
"kellogg_et_al",3,3,1,"Reference",1
"kenneth_schmidt",3,3,1,"District",0
"kern_county_subbasin_coordination_agreement",3,3,1,"Group",0
"kern_groundwater_authority_umbrella_groundwater_sustainability_plan",3,3,1,"Technical",0
"kern_national_wildlife_refuge_complex",3,1,2,"Federal_Gov",1
"kern_river_channel",3,3,1,"Natural_Feature",1
"kern_river_groundwater_sustainability_agency_executive_board",3,1,1,"Group",0
"kern_tulare_wd",3,3,1,"District",0
"kerry_schmitz",3,3,1,"Person",1
"keswick",3,2,1,"City",0
"kim_loeb",3,1,1,"Person",1
"kings_coordinated_group",3,2,1,"Group",0
"kings_county_general_plan",3,2,1,"Technical",0
"kings_river_fisheries_program",3,1,1,"Group",1
"kings_subbasin_coordination_agreement",3,2,1,"Group",0
"kings_subbasin_coordination_efforts",3,1,1,"Group",1
"krcda06",3,3,1,"Nonsense",1
"ksjra",3,3,1,"Nonsense",1
"l25_groundwater_management_plan",3,1,1,"Technical",0
"la_county",3,1,1,"County",0
"la_sierra_university",3,3,1,"NGO",1
"laboratory_quality_control_samples",3,1,1,"Technical",1
"lacfcd",3,3,1,"District",1
"ladi_asgill",3,3,1,"Person",1
"lafco",3,1,1,"Group",1
"lake_county_environmental_health_department",3,3,1,"Group",0
"lake_mathews",3,2,1,"City",0
"lakeside_ditch_company",3,3,1,"District",0
"land_and_water_use",3,1,2,"Technical",1
"land_subsidence_monitoring_the_tehama_county_flood_control_and_water_conservation_district",3,1,1,"District",0
"land_subsidence_sustainability_indicators",3,2,1,"District",0
"land_surface_elevation_monitoring_plan",3,1,1,"Technical",0
"land_use_elements_or_topic_categories_of_applicable_general_plans",3,1,1,"Technical",0
"landon",3,3,1,"Nonsense",1
"landowner_data",3,3,1,"Technical",0
"landwatch_monterey_county",3,3,1,"County",0
"langenheim",3,3,1,"Nonsense",1
"large_environmental_models",3,2,1,"Technical",0
"larry_harris",3,3,1,"Person",1
"las_palmas",3,3,1,"Geographic_Unit",1
"lasan",3,3,1,"Local_Gov",1
"layers_12",3,1,1,"Nonsense",1
"lc",3,2,1,"Nonsense",1
"lcp",3,3,1,"Local_Gov",1
"ldpe",3,3,1,"Nonsense",1
"leadership_counsel_for_justice_and_accountability",3,3,1,"NGO",1
"ledesma",3,3,1,"Nonsense",1
"legal_authority_yucaipa_groundwater_sustainability_agency",3,3,1,"Other_GSA",0
"legal_counsel_legal",3,1,2,"Nonsense",1
"lennar",3,3,1,"Company",1
"lesa",3,3,1,"Nonsense",1
"lewis_creek_water_district",3,3,1,"District",0
"lewis_creeks",3,1,1,"Natural_Feature",0
"liberty",3,3,1,"Nonsense",1
"license",3,1,1,"Legal",1
"light_infantry_division",3,3,1,"Nonsense",1
"lindmore_irrigation_district_management_area",3,3,1,"Geographic_Unit",0
"live_stream_requirement",3,3,1,"Legal",1
"local_agency_management_program",3,3,1,"Group",1
"local_area_management_program",3,3,1,"Group",1
"local_regulatory_setting",3,1,1,"Geographic_Unit",0
"location_and_construction_data",3,3,1,"Technical",0
"lompico_formation",3,3,1,"Natural_Feature",0
"lompoc_buellton",3,1,2,"Geographic_Unit",1
"lone_pine_paiute",3,3,1,"Group",1
"long_term_governance_committee",3,3,1,"Group",0
"long_term_operations_criteria_and_plan",3,3,1,"Technical",0
"los_angeles_county_sanitation_districts",3,3,1,"District",0
"los_angeles_county_waterworks_district_no",3,3,1,"District",1
"los_angeles_groundwater_basin",3,3,1,"Basin",0
"los_angeles_regional_water_quality_control_board_basin_plan",3,3,1,"Technical",0
"lower_alameda_formation",3,3,1,"Natural_Feature",0
"lower_aquifer_system_both",3,1,1,"Natural_Feature",1
"lower_lateral_3",3,3,1,"Infrastructure",1
"lower_princeton_submarine_valley",3,1,1,"Geographic_Unit",0
"lower_tule_irrigation_district",3,3,1,"District",0
"lwa",3,3,1,"Nonsense",1
"m1",3,1,1,"Nonsense",1
"m3_local_climate_change_planning",3,1,1,"Technical",1
"madera_county_environmental_health_division",3,3,1,"Local_Gov",1
"madera_county_headquarters",3,3,1,"Local_Gov",1
"madera_station",3,3,1,"Infrastructure",1
"madera_water_district_groundwater_management_plan",3,3,1,"Technical",0
"madison_csd",3,3,1,"Local_Gov",1
"mae",3,3,1,"Nonsense",1
"main_san_gabriel_basin_judgment",3,3,1,"Legal",1
"main_san_gabriel_basin_watermaster",3,3,1,"Group",1
"maintained",3,2,1,"Nonsense",1
"managed_aquifer_recharge_and_banking_actions",3,1,2,"Technical",1
"managed_aquifer_recharge_high_volume",3,3,1,"Water_Project",1
"management_action_4",3,3,1,"Nonsense",1
"manning",3,3,1,"Nonsense",1
"manor_west",3,1,1,"Geographic_Unit",1
"manteca_general_plan_update",3,3,1,"Reference",1
"map_package",3,1,1,"Reference",0
"maples_service_area",3,3,1,"Geographic_Unit",0
"margin_of_operational_flexibility",3,1,1,"Technical",1
"marina_coast_water_district_board",3,3,1,"Group",0
"marina_deligiannis",3,3,1,"Person",1
"mark_grismer",3,3,1,"Person",1
"markstrom_et_al",3,2,1,"Reference",1
"marquardtlevenberg",3,3,1,"Technical",1
"marsh_deposits",3,1,1,"Natural_Feature",1
"matthew_sturdivant",3,3,1,"Person",1
"maximum_total_dissolved_solids_concentrations",3,3,1,"District",0
"mcarthur",3,3,1,"City",0
"mcclure",3,3,1,"Person",1
"mcdonald",3,3,1,"Nonsense",1
"mcnab_creek_valley",3,3,1,"Geographic_Unit",0
"mcnell_creek",3,3,1,"Natural_Feature",0
"measurable_objective_and_minimum_threshold",3,3,1,"Technical",1
"melissa_estrada_maravilla",3,3,1,"Person",1
"mellon",3,3,1,"Person",1
"mendall",3,3,1,"Nonsense",1
"mendocino_county_board_of_supervisors_chambers",3,3,1,"Infrastructure",1
"mendocino_national_forest",3,3,1,"Natural_Feature",1
"mendonca",3,3,1,"Person",1
"menke_et_al",3,3,1,"Reference",1
"merced_county_board_of_supervisors",3,2,1,"Group",0
"merced_county_farm_bureau",3,3,1,"NGO",1
"merced_formation",3,3,1,"Natural_Feature",0
"merced_formations",3,3,1,"Natural_Feature",0
"merced_subbasin_groundwater_sustainability_agency_governing_board",3,3,1,"Group",0
"mesa",3,2,1,"City",0
"mesozoic_era",3,2,1,"Nonsense",1
"met",3,3,1,"Nonsense",1
"method_of_standard_additions",3,3,1,"Technical",1
"mettler_recharge_project",3,3,1,"Water_Project",0
"meyer_plant",3,3,1,"Infrastructure",1
"mi_supplemental",3,3,1,"Reference",1
"mi_supplemental_water",3,3,1,"Nonsense",1
"michigan",3,2,1,"State_Gov",1
"microsoft_teams",3,2,1,"Company",1
"mid_county_basin",3,3,1,"Basin",0
"migr",3,3,1,"Nonsense",1
"migration_of_contaminated_groundwater_in",3,1,1,"Nonsense",1
"millard_canyon",3,3,1,"Natural_Feature",1
"milliken_sarco",3,3,1,"Basin",1
"mills_pipeline",3,3,1,"Infrastructure",1
"minh_tran",3,3,1,"Person",1
"minimum_threshold_boundary_conditions",3,3,1,"Technical",1
"mit_department_of_urban_studies_and_planning",3,1,3,"Group",1
"mit_harvard_public_disputes_program",3,1,1,"NGO",1
"mobil_oil_corporation",3,3,1,"Company",1
"model_layers_4",3,3,1,"Technical",0
"modflow_surfact",3,3,1,"Legal",0
"mohawk_valley_road",3,3,1,"Nonsense",1
"mollusks",3,1,1,"Natural_Feature",1
"monitoring_and_management_measures",3,2,1,"Technical",0
"monitoring_and_management_programs",3,1,1,"Technical",0
"monitoring_network_v_identify_projects_and_management_actions_to_maintain_or_improve",3,3,1,"Technical",0
"monitoring_protocols_and",3,3,1,"Technical",0
"monitoring_wells",3,1,1,"Technical",0
"monterey_bay_air_resources_district",3,3,1,"District",0
"monterey_county_resources_agency",3,3,1,"Group",0
"monterey_formations",3,3,1,"Natural_Feature",0
"monterey_groundwater_sustainability_plan",3,3,1,"Technical",0
"monterey_peninsula_water_supply_project_mw4",3,3,1,"Water_Project",1
"moore_twining_associates_environmental_division_project_water_conservation_plant",3,3,1,"Company",1
"moran_lake",3,3,1,"Natural_Feature",0
"moreland_ditch",3,1,1,"Infrastructure",1
"moreno",3,3,1,"Nonsense",1
"mound_subbasin",3,3,1,"Basin",0
"mountain_front_recharge",3,2,1,"Natural_Feature",1
"msa",3,3,1,"Nonsense",1
"msr",3,1,1,"Nonsense",1
"mt_ranch",3,3,1,"Nonsense",1
"muck",3,3,1,"Nonsense",1
"mugu_aquifer",3,3,1,"Natural_Feature",0
"mutsun",3,2,2,"Group",1
"mvr",3,3,1,"District",1
"mw11",3,2,2,"Nonsense",1
"mw8",3,3,1,"Nonsense",1
"n51_water_resource_management_of",3,1,1,"Nonsense",1
"n_n6",3,1,1,"Nonsense",1
"n_water",3,3,1,"Nonsense",1
"napa_county_department_of_public_works",3,3,1,"Local_Gov",1
"napa_county_groundwater_sustainability_agency_board",3,3,1,"Group",0
"napa_county_planning_commission",3,3,1,"Group",0
"napa_county_public_works",3,3,1,"Local_Gov",1
"napa_road_recycled_water_pipeline",3,3,1,"Infrastructure",1
"napa_sonoma_lowlands",3,3,1,"Geographic_Unit",1
"national_fish_and_wildlife_service",3,1,1,"Federal_Gov",1
"national_forest",3,2,1,"Natural_Feature",1
"national_geographic",3,3,1,"Nonsense",1
"national_oceanic_atmospheric_administration",3,2,1,"Federal_Gov",1
"national_streamflow_information_program",3,3,1,"Federal_Gov",1
"national_weather_service",3,3,1,"Federal_Gov",0
"natomas_cross_canal_sb_channel_habitat_enhancements_project",3,3,1,"Water_Project",0
"natomas_east_main_drainage_canal",3,3,1,"Infrastructure",1
"natural_communities_commonly_associated_with_groundwater_database_hosted",3,3,1,"Technical",0
"natural_community_dataset",3,3,1,"Technical",0
"natural_resources_department",3,1,1,"Group",0
"naval_base_ventura_county_point_mugu",3,3,1,"Infrastructure",1
"navd",3,1,2,"Technical",1
"nawqa_quality_assurance_specialist",3,3,1,"Person",1
"ncgwb",3,3,1,"District",1
"need",3,2,1,"Nonsense",1
"neill",3,3,1,"Nonsense",1
"new_hogan_reservoir",3,3,1,"Infrastructure",0
"new_imported_colorado_river_aqueduct",3,3,1,"Infrastructure",1
"new_model",3,3,1,"Technical",0
"new_production",3,3,1,"Nonsense",1
"new_supplies",3,3,1,"Nonsense",1
"new_town",3,1,1,"Local_Gov",1
"newman_gustine",3,2,2,"Local_Gov",1
"newport_inglewood_fault_zone",3,3,1,"Geographic_Unit",0
"newspaper_of_general_circulation",3,2,1,"Nonsense",1
"ng_sustainable_groundwater_managementa",3,3,1,"Nonsense",1
"ngcc",3,1,1,"Nonsense",1
"niki_mcginnis",3,3,1,"Person",1
"niles_cone_san_lorenzo_cone",3,3,1,"Basin",1
"nimbus_dam",3,3,1,"Infrastructure",0
"nishikawa_et_al",3,3,1,"Reference",1
"nl",3,3,1,"Nonsense",1
"non_authority",3,3,1,"Group",0
"non_point_pollution_discharge",3,1,2,"Natural_Feature",1
"nordberg",3,3,1,"Nonsense",1
"normalized_river_milese",3,3,1,"Nonsense",1
"normwd",3,3,1,"District",0
"north_and",3,2,1,"Nonsense",1
"north_bay_aqueduct",3,3,1,"Infrastructure",1
"north_complex_fire",3,1,1,"Natural_Feature",1
"north_corning_dome",3,3,1,"Infrastructure",1
"north_monterey_county_hydrogeologic_study",3,3,1,"Technical",1
"north_sacramento",3,2,2,"Local_Gov",1
"north_san_benito_county",3,3,1,"County",0
"north_service_area",3,1,1,"Geographic_Unit",0
"north_yuba_subbasins",3,3,1,"Basin",0
"northern_pleasant_valley",3,1,1,"Geographic_Unit",0
"notes_numbers",3,2,1,"Nonsense",1
"ntu",3,2,1,"Nonsense",1
"o",3,1,1,"Nonsense",1
"oak_glen_filtration_plant",3,3,1,"Infrastructure",1
"oak_ridge_fault",3,3,1,"District",0
"occupational_safety_and_health_administration",3,3,1,"Federal_Gov",0
"odc",3,3,1,"Nonsense",1
"off_aqueduct_power_facilities",3,3,1,"Infrastructure",1
"office_of_emergency_services",3,3,1,"Local_Gov",1
"office_permit_resource_management_department",3,1,1,"Group",0
"oildale_mutual_water_company",3,3,1,"Company",1
"ojai_basin_groundwater_management_agency_board_of_directors",3,3,1,"Group",0
"olcese_groundwater_sustainability_agency_statewide_groundwater_elevation_monitoring_monitoring_plan",3,3,1,"Technical",0
"olcese_sands",3,2,1,"Natural_Feature",0
"olympic",3,3,1,"Nonsense",1
"omochumne_hartnell_water_district",3,3,1,"District",0
"ongoing",3,3,1,"Nonsense",1
"operational_fee",3,1,2,"Nonsense",1
"orcutt_grass",3,3,1,"Natural_Feature",1
"orlando",3,3,1,"Local_Gov",1
"orosi_high_school",3,3,1,"Nonsense",1
"oroville_general_plan",3,3,1,"Technical",0
"os",3,3,1,"Nonsense",1
"outreach_venues_database",3,3,1,"Technical",0
"overall_groundwater_management_strategy",3,3,1,"Legal",1
"p_highland_economics",3,1,1,"Company",1
"p_hopkins_groundwater_consultants_inc",3,1,1,"Company",1
"pacific_decadal_oscillation",3,2,1,"Natural_Feature",1
"page_5_united_water_conservation_district",3,1,1,"District",0
"page_leblanc",3,2,1,"Reference",0
"paleozoic",3,3,1,"Nonsense",1
"parameter_elevation_regression_on",3,1,1,"Technical",1
"parker",3,2,1,"Nonsense",1
"parks",3,2,2,"Geographic_Unit",1
"paso_robles_area_groundwater_subbasin",3,3,1,"Basin",0
"paso_robles_formation_aquifers",3,3,1,"Natural_Feature",0
"paso_robles_subbasin_groundwater_sustainability_plan",3,3,1,"Technical",0
"paso_subbasin",3,3,1,"Basin",0
"passive_sampling_equipment",3,1,1,"Infrastructure",1
"pastoria_energy_facility",3,3,1,"Infrastructure",1
"path_to_sustainable_groundwater_management",3,1,1,"Reference",1
"paula_subbasin",3,2,1,"Basin",0
"pbes_department",3,3,1,"Group",0
"pce_plume",3,3,1,"Natural_Feature",1
"periodic_evaluations",3,1,1,"Technical",1
"pescadero",3,3,1,"City",0
"petaluma_formations",3,3,1,"Natural_Feature",0
"phillips",3,2,1,"Nonsense",1
"pioneer_water",3,1,1,"District",1
"pioneer_water_pipeline",3,1,1,"Infrastructure",1
"pismo_formation_aquifer",3,3,1,"Natural_Feature",0
"pl",3,2,1,"Nonsense",1
"plan_area",3,1,1,"Geographic_Unit",0
"planning_area",3,1,1,"Geographic_Unit",0
"pleasant_grove_creek",3,3,1,"Natural_Feature",0
"pleasant_valley_wd",3,3,1,"District",0
"population_and_demographic_information_population_and_demographic_data",3,1,1,"Technical",0
"porter_slough_near_road",3,2,1,"Natural_Feature",1
"porterville_developmental_center",3,3,1,"Nonsense",1
"potable_reuse_feasibility_study",3,3,1,"Technical",1
"prather",3,3,1,"Local_Gov",1
"precipitation_daily",3,1,2,"Data_System",1
"precipitation_enhancement",3,3,1,"Water_Project",1
"precipitation_percolation",3,3,1,"Technical",1
"precipitation_precipitation_elevation_regressions_on_independent_slopes_model_calsimetaw",3,1,1,"Technical",0
"precipitation_recharge",3,1,1,"Natural_Feature",1
"priestly_taylor",3,2,1,"Person",1
"primary_and_secondary",3,1,1,"Nonsense",1
"principal_aquifers",3,1,1,"Natural_Feature",0
"pro_tem",3,2,1,"Nonsense",1
"process_for_determining_minimum_thresholds",3,2,1,"Technical",1
"project_completion_report",3,1,1,"Technical",0
"project_data",3,2,1,"Technical",0
"project_expansion",3,3,1,"Nonsense",1
"project_or_component_description",3,3,1,"Reference",1
"projected_current_land_use_water_budget",3,1,1,"Technical",1
"projected_data_baseline",3,3,1,"Technical",0
"projected_future_water_demand",3,1,1,"Technical",1
"projected_future_water_supply",3,1,1,"Technical",1
"projected_water_budget",3,2,1,"Technical",1
"proposal_solicitation_package",3,1,1,"Reference",1
"proposition_1_sustainable_groundwater_managementa_planning_grant",3,1,1,"Legal",1
"pros",3,1,1,"Nonsense",1
"protection_of_life_structure_equipment_and_property",3,1,2,"Nonsense",1
"provide",3,2,1,"District",0
"provided",3,1,1,"District",0
"pu_i19",3,1,2,"Nonsense",1
"public",3,1,1,"Nonsense",1
"public_affairs",3,3,1,"Group",1
"public_hearings",3,3,1,"Group",1
"public_input",3,1,2,"Nonsense",1
"public_outreach",3,1,1,"Group",1
"public_review_draft_plan",3,3,1,"Technical",0
"purisima_a_and",3,3,1,"Basin",1
"purisima_highlands_subbasin",3,3,1,"Basin",0
"purple_iris",3,1,1,"Nonsense",1
"purpose_of_groundwater_sustainability_plan",3,1,1,"Technical",0
"q23",3,1,1,"Nonsense",1
"qa_qc_data",3,3,1,"Technical",0
"qoao",3,1,1,"Nonsense",1
"quality_assurance_and_quality_control",3,3,1,"Technical",1
"quality_assurance_evaluation",3,3,1,"Technical",1
"quantitation",3,3,1,"Nonsense",1
"quincy",3,3,1,"City",0
"qwsu_ibw",3,3,1,"District",1
"rancho_murieta_community_service_district_several",3,1,1,"District",1
"rancho_murieta_community_services_district",3,2,1,"District",0
"rancho_seco",3,3,1,"Infrastructure",1
"rand_communities_water_district",3,3,1,"District",0
"rcd",3,3,1,"District",0
"real_time_water_quality_monitoring_network",3,3,1,"Technical",0
"recharge_capacity",3,2,1,"Technical",1
"recharge_projects",3,1,1,"Water_Project",0
"reclamation_for_friant_division_central_valleyp",3,3,1,"Water_Project",1
"red_bank_creek",3,3,1,"Natural_Feature",0
"reduction_without_projects_scenario_3",3,1,1,"Technical",1
"reed_canary_grass",3,3,1,"Natural_Feature",1
"reeves_creek_groundwater_dependent_ecosystem_evaluation_unit",3,3,1,"Geographic_Unit",1
"regional_advisory_committee",3,3,1,"Group",0
"regional_water_board_regulatory_programs",3,3,1,"Group",1
"regional_water_management_foundation",3,3,1,"NGO",1
"regional_water_management_planning",3,1,2,"Technical",1
"register_2016",3,3,1,"Reference",1
"regulatory_process",3,2,2,"Legal",1
"relationship_of_minimum_thresholds_for_other_sustainability_indicators",3,3,1,"Technical",1
"remediation_operations_remediation",3,1,1,"Nonsense",1
"reporting_program",3,3,1,"Technical",0
"representatives_and",3,1,1,"Nonsense",1
"require",3,1,1,"Nonsense",1
"response_levels",3,1,1,"Nonsense",1
"restrict_groundwater_flow",3,1,2,"Nonsense",1
"rfi",3,3,1,"Reference",1
"rincon_consultants",3,3,1,"Company",1
"rio_bravo",3,3,1,"Natural_Feature",1
"riparian_evapotranspiration",3,2,1,"Natural_Feature",1
"riverbank_formations",3,3,1,"Natural_Feature",0
"riverpark",3,3,1,"Nonsense",1
"riverside_community_services_district",3,3,1,"District",0
"rmg",3,3,1,"Nonsense",1
"robinson_creeks",3,3,1,"Natural_Feature",0
"robles_city_council_chambers",3,3,1,"Infrastructure",1
"robles_habitat_area",3,3,1,"Geographic_Unit",0
"rock_creek_reclamation_district",3,3,1,"District",0
"rohnerville_formation",3,3,1,"Natural_Feature",0
"rosa_rancheria",3,3,1,"Local_Gov",1
"rose_valley",3,3,1,"Geographic_Unit",0
"rotary_clubs",3,3,1,"NGO",1
"round_2_funding_kern_river_groundwater_sustainability_agency",3,1,1,"Other_GSA",0
"round_3_proposition_68_planning",3,1,1,"Legal",1
"ruins_creek",3,3,1,"Natural_Feature",0
"rural_community_advisory_committee",3,3,1,"Group",0
"rustic_canyon_channels",3,3,1,"Natural_Feature",1
"rv",3,1,1,"Nonsense",1
"sacramento_county_2030",3,3,1,"Reference",1
"sacramento_county_department_of_water_resources",3,2,1,"Local_Gov",1
"sacramento_river_east_levee",3,3,1,"Infrastructure",1
"sacramento_watershed_coordinated_monitoring_program",3,1,1,"Technical",0
"safety",3,2,1,"Nonsense",1
"saint_helena",3,3,1,"Local_Gov",1
"salinas_valley_basin_groundwater_sustainability_agency_subbasin_planning_committee",3,3,1,"Group",0
"salinity_control_program",3,3,1,"Group",1
"saltwater_intrusion_saltwater",3,1,1,"Natural_Feature",1
"san_antonio_basin_groundwater_sustainability_agency_board_of_directors",3,3,1,"Group",0
"san_antonio_basin_water_district",3,3,1,"District",0
"san_benito_salt_and_nutrient_management_plan",3,3,1,"Technical",0
"san_bernardino_valley_municipal",3,3,1,"District",1
"san_buenaventura_municipal_code",3,3,1,"Legal",0
"san_cayetano_fault",3,3,1,"Natural_Feature",1
"san_gabriel_snmp",3,3,1,"Group",1
"san_joaquin_river_basin",3,2,1,"Basin",0
"san_joaquin_river_seepage",3,3,1,"Natural_Feature",1
"san_leandro_reclamation_facility",3,3,1,"Infrastructure",1
"san_lorenzo_valley_system",3,3,1,"Natural_Feature",1
"san_luis_delta_mendota_water_authority_administration_offices",3,1,2,"Group",1
"san_luis_delta_mendota_water_authority_member_agencies",3,1,1,"Group",0
"san_luis_drain",3,3,1,"Infrastructure",1
"san_luis_national_wildlife_refuge_complex",3,3,1,"Natural_Feature",1
"san_luis_obispo_city_council",3,3,1,"Group",0
"san_luis_obispo_county_planning_department",3,3,1,"Group",0
"san_luis_range",3,3,1,"Natural_Feature",1
"san_mateo_plain_groundwater_subbasin",3,3,1,"Basin",0
"san_pablo_bay",3,3,1,"Natural_Feature",1
"san_pasqual_basin_groundwater_sustainability_plan",3,3,1,"Technical",0
"san_pasqual_valley_groundwater_sustainability_agency",3,3,1,"Local_GSA",0
"san_timoteo_canyon_road",3,3,1,"Infrastructure",1
"san_timoteo_management_areas",3,3,1,"Geographic_Unit",0
"sanel_valley",3,3,1,"Geographic_Unit",0
"santa_ana_valley",3,3,1,"Geographic_Unit",0
"santa_barbara_county_integrated_regional_water_management_plan",3,1,1,"Technical",0
"santa_clara_calleguas",3,1,2,"District",1
"santa_clara_river_environmental_groundwater_committee",3,2,1,"Group",0
"santa_clarita_municipal_code",3,3,1,"Legal",0
"santa_cruz_city",3,3,1,"Local_Gov",1
"santa_fe_railroad",3,3,1,"Nonsense",1
"santa_margarita_formations",3,3,1,"Natural_Feature",0
"santa_rosa_groundwater_agency",3,3,1,"Group",0
"santa_rosa_indian_community",3,3,1,"Group",0
"santa_rosa_plain_advisory_committee",3,1,1,"Group",0
"santa_rosa_plain_groundwater_subbasin",3,3,1,"Basin",0
"santa_rosa_road",3,3,1,"Infrastructure",1
"santa_rosa_valley_groundwater_basin",3,3,1,"Basin",0
"santa_ynez_alluvium",3,3,1,"Natural_Feature",0
"santa_ynez_groundwater_communication_portal",3,3,1,"Data_System",1
"save_the_american_river_association",3,3,1,"NGO",1
"scientists",3,2,1,"Group",1
"scott_dam",3,3,1,"Infrastructure",0
"scotts_valley_basin",3,3,1,"Basin",0
"scotts_valley_times",3,3,1,"Nonsense",1
"scripps_institution_of_oceanography",3,1,1,"NGO",1
"sdac_median_household_income",3,3,1,"Technical",1
"searles_valley",3,3,1,"City",0
"seawater_intrusion_sustainability_indicator",3,3,1,"Technical",1
"seawater_intrusion_working_group",3,2,1,"Group",0
"sebal",3,3,1,"Technical",1
"seca_place",3,3,1,"Nonsense",1
"secondary_management_areas_a",3,3,1,"Geographic_Unit",1
"section_10631",3,3,1,"Reference",0
"section_1d6",3,2,1,"Reference",0
"section_3787_assessment_and_improvement_of_monitoring_network_interconnected_surface_waters",3,1,1,"Reference",0
"section_4",3,3,1,"Reference",0
"section_iia",3,1,1,"Reference",0
"section_nc",3,3,1,"Reference",0
"section_title_sustainability_plan",3,3,1,"Reference",0
"seikel_creek",3,3,1,"Natural_Feature",0
"seismic_safety_and_safety_element",3,1,1,"Legal",1
"self_help_enterprises",3,2,1,"NGO",1
"semitropic_school",3,1,2,"Local_Gov",1
"sentinel",3,2,2,"Nonsense",1
"sentinel_peak",3,3,1,"Natural_Feature",1
"septic_septic_conversions",3,3,1,"Technical",1
"septic_systems",3,2,1,"Infrastructure",1
"sespe_paula",3,1,2,"Basin",1
"shallow_zone",3,1,1,"Geographic_Unit",0
"shasta_critical_years",3,3,1,"Data_System",1
"shasta_valley_wildlife_area",3,3,1,"Geographic_Unit",0
"sidence_data",3,1,1,"Technical",0
"sierra_club_sacramento_group",3,3,1,"Group",0
"sierra_valley_groundwater_management_district_board",3,3,1,"Group",0
"sierra_valley_groundwater_management_district_board_meeting",3,3,1,"Group",1
"silva_flat",3,3,1,"Geographic_Unit",1
"simmler_formation",3,3,1,"Natural_Feature",0
"siskiyou_county_flood_control_and_water_conservation_district",3,3,1,"District",0
"site_documentation_and_cleanup_contractor",3,1,1,"Company",1
"sjrec",3,3,1,"District",1
"sjrec_groundwater_sustainability_plan_group",3,3,1,"Group",0
"skinner_filtration_plant",3,2,1,"Infrastructure",1
"sldmwa_administration_offices",3,2,1,"Group",1
"sldmwa_member_agencies",3,1,1,"Group",0
"slo_district_board",3,1,1,"Group",0
"snt",3,3,1,"Nonsense",1
"soil_moisture_method",3,3,1,"Technical",1
"sokr_groundwater_sustainability_agencies",3,3,1,"Group",0
"solano_groundwater_sustainability_plan_technical_team",3,3,1,"Technical",0
"solano_subbasin_data_management_user_manual",3,3,1,"Technical",0
"solano_subbasin_education_program",3,3,1,"Group",1
"son0553",3,3,1,"Nonsense",1
"sonoma_county_winegrowers",3,1,1,"Group",1
"sonoma_farm_bureau",3,1,1,"NGO",1
"sonoma_valley_groundwater_subbasin",3,3,1,"Basin",0
"sonoma_veg",3,1,2,"Technical",1
"sound_science",3,3,1,"Nonsense",1
"south_american",3,3,1,"Nonsense",1
"south_county_water_supply_program",3,3,1,"Water_Project",1
"south_ebp_subbasin",3,3,1,"Basin",0
"south_las_posas",3,3,1,"Basin",1
"south_modesto",3,3,1,"Geographic_Unit",1
"south_sacramento_area",3,3,1,"Geographic_Unit",0
"south_san_joaquin_irrigation_district_board_of_directors",3,3,1,"Group",0
"south_san_joaquin_valley_mpep_committee",3,3,1,"Group",0
"south_san_joaquin_valley_mpep_team",3,3,1,"Group",1
"south_service_area",3,1,1,"Geographic_Unit",0
"south_victoria_ave",3,1,1,"Nonsense",1
"south_vina",3,2,1,"Basin",1
"south_yuba_water_district",3,3,1,"District",0
"southern_california_edison_company",3,1,1,"State_Gov",0
"southern_san_joaquin_municipal_utility_district",3,2,1,"Other_GSA",0
"southern_unit",3,3,1,"Geographic_Unit",1
"special_meetings",3,3,1,"Nonsense",1
"sphere_of",3,1,1,"Nonsense",1
"sphere_of_influence_of_the_pixley_pud",3,1,1,"Geographic_Unit",1
"spreckels_gauge",3,3,1,"Infrastructure",1
"ssc",3,2,1,"Nonsense",1
"st_johns_water_district",3,2,1,"District",0
"stakeholder_committee_coordinating_committee",3,3,1,"Group",0
"stakeholder_directors",3,3,1,"Group",1
"stakeholder_surveys",3,3,1,"Technical",1
"standard_oil_company",3,3,1,"Company",1
"stanislaus_county_general_plan",3,3,1,"Technical",0
"stanislaus_river_flood_mitigation_and_direct_recharge_project",3,3,1,"Water_Project",0
"state_board_water_rights_decisions",3,1,2,"Legal",1
"state_database_systems",3,1,1,"Technical",0
"state_greenhouse_gas_regulations_regulation",3,1,1,"Legal",0
"state_revolving_fund_protection_agency",3,1,1,"Group",0
"state_third_appellate_district",3,1,1,"District",0
"state_water_resources_control_board_data",3,1,1,"Technical",0
"state_water_resources_control_board_electronic_water_rights_information_management_system",3,2,1,"Technical",0
"state_water_resources_control_board_groundwater_ambient_monitoring_and_assessment_priority_basin_project",3,1,1,"Water_Project",0
"statewide",3,3,1,"District",0
"statewide_california_department_of_transportation_phase",3,1,1,"State_Gov",0
"statewide_groundwater_elevation_monitoring_monitoring_entity_for_solano_county",3,3,1,"County",0
"steelhead",3,2,1,"Natural_Feature",1
"stockholm_environment_institute",3,2,1,"NGO",1
"stone_corral",3,3,1,"Infrastructure",1
"stonegate",3,3,1,"Nonsense",1
"stream_flow_river",3,3,1,"Natural_Feature",0
"streamflow_routing",3,2,1,"Technical",1
"sturgeon",3,3,1,"Natural_Feature",1
"su",3,2,1,"Nonsense",1
"subarticle_2_of_article_5",3,1,2,"Legal",1
"subarticle_3",3,1,1,"Reference",1
"subbasin_committees",3,1,1,"Group",0
"subbasin_groundwater_sustainability_plan_support",3,1,1,"Group",1
"subcuenca_de_solano",3,3,1,"Basin",1
"subsection_a",3,3,1,"Nonsense",1
"substitute_environmental_document",3,3,1,"Reference",1
"subsurface_geologic_cross",3,2,1,"Technical",1
"sultana",3,3,1,"City",0
"surface_water_development_actions",3,1,1,"Technical",1
"surface_water_quality_aluminum",3,3,1,"Technical",1
"surface_water_quality_arsenic",3,3,1,"Technical",1
"surface_water_supply_historical",3,1,1,"Technical",1
"surface_water_system_calculation",3,3,1,"Technical",1
"sustainability_certification_program",3,1,1,"Group",1
"sustainability_goal_of",3,2,1,"Nonsense",1
"sustainability_indicators_appendix_section_s23",3,1,1,"Reference",0
"sustainable_conservation",3,3,1,"NGO",1
"sustainable_groundwater",3,2,2,"Natural_Feature",1
"sustainable_groundwater_management_act_1",3,1,1,"Legal",1
"sustainable_groundwater_management_act_2019_basin_prioritization",3,3,1,"Legal",1
"sustainable_groundwater_management_act_annual_reports",3,3,1,"Technical",0
"sustainable_groundwater_management_act_groundwater_sustainability_plan",3,2,1,"Technical",0
"sustainable_groundwater_management_act_milestones",3,1,1,"Legal",1
"sustainable_groundwater_management_act_monitoring_network_for_degraded_water_quality",3,2,1,"Technical",0
"sustainable_groundwater_management_act_planning_grant",3,1,1,"Legal",1
"sustainable_groundwater_management_act_portal_groundwater_sustainability_agency_map",3,3,1,"Reference",0
"sustainable_groundwater_management_act_program",3,2,1,"Legal",1
"sustainable_groundwater_management_act_series",3,3,1,"Legal",1
"sustainable_groundwater_management_section",3,1,1,"Reference",0
"sustainable_groundwater_plan_implement_enforce_management_act",3,3,1,"Legal",0
"sustainable_groundwater_planning",3,1,2,"Technical",1
"sustainable_los_angeles_grand_challenge",3,3,1,"Group",1
"sustainable_management_criteria_best_management_practices",3,1,1,"Legal",1
"sustainable_water_infrastructure_project",3,3,1,"Water_Project",0
"sutter_county_groundwater_sustainability_agency",3,3,1,"Other_GSA",0
"sutter_creek",3,3,1,"City",0
"sutter_mutual_water_company",3,3,1,"Company",1
"svbgsa_board_of_directors_advisory_committee",3,1,1,"Group",0
"svihm",3,3,1,"District",1
"sw_et",3,3,1,"Nonsense",1
"swartz",3,3,1,"Nonsense",1
"sweany_creek",3,3,1,"Natural_Feature",0
"sween",3,3,1,"Nonsense",1
"swi_projects_notes",3,3,1,"Reference",1
"syblon_reid",3,3,1,"District",0
"sycamore",3,3,1,"Natural_Feature",1
"sycamore_mutual_water_company",3,3,1,"Company",1
"t0600100980",3,3,1,"Nonsense",1
"t1",3,2,1,"Nonsense",1
"t2",3,2,1,"Nonsense",1
"t_reated_w_astewater_recharge",3,1,2,"Nonsense",1
"table_4_12",3,1,1,"Reference",0
"table_c3_2",3,3,1,"Reference",0
"table_water_budget15",3,3,1,"Reference",0
"tables_d4_and",3,3,1,"Reference",1
"tamarisk",3,3,1,"Natural_Feature",1
"task_4_procure_design",3,1,1,"Nonsense",1
"task_7_review_and_assessment_of_data_management_system",3,1,1,"Technical",0
"tbwqc_program",3,1,1,"Group",1
"teerink_pumping_plant",3,3,1,"Infrastructure",1
"tehama_colusa_canals",3,3,1,"Infrastructure",1
"tehama_county_domestic_well_tracking_and_outreach_program",3,1,2,"Technical",1
"tehama_county_groundwater_management_plan",3,3,1,"Technical",0
"tehama_formations",3,2,1,"Natural_Feature",0
"tejon_castac_management_area_the_tejon_castac_management_area",3,3,1,"Geographic_Unit",0
"tejon_rancho",3,3,1,"Local_Gov",1
"temescal_basin_groundwater_sustainability_agency",3,3,1,"Other_GSA",0
"temperature",3,2,1,"Nonsense",1
"templates",3,1,1,"Nonsense",1
"terra_bella_ducor",3,1,1,"Geographic_Unit",1
"texaco",3,3,1,"Company",1
"thalweg",3,2,1,"Natural_Feature",1
"this_data_management_plan",3,1,1,"Technical",0
"thomas_gast_associates",3,3,1,"Company",1
"thomas_harder",3,1,1,"Person",1
"ticlavilca",3,3,1,"Nonsense",1
"tier_3_supplementary_pumping_charge",3,2,1,"Legal",1
"tipton_community_stormwater",3,1,2,"District",1
"tlbwd",3,3,1,"District",0
"to_achieve_sustainability_goal",3,2,1,"Nonsense",1
"to_be_to_be_to_be_watershed",3,3,1,"Basin",1
"to_benefit",3,3,1,"Nonsense",1
"to_prepare",3,1,1,"Nonsense",1
"to_review_land_use_plans_and_efforts_to_coordinate_with_land_use_planning_agencies_to_assess_activities",3,3,1,"Nonsense",1
"tomatek",3,3,1,"Nonsense",1
"tomtom",3,3,1,"Company",1
"tonalite",3,3,1,"Nonsense",1
"torrey_torrey",3,1,1,"Nonsense",1
"tph",3,3,1,"Nonsense",1
"tracy_fish_collection_facility",3,3,1,"Infrastructure",1
"transfer_county",3,3,1,"County",0
"transportation_agency",3,2,1,"Group",0
"trc_monitoring_well16d",3,3,1,"Technical",0
"tre_altamira_interferometric_synthetic_aperture_radar",3,1,1,"Technical",1
"tribal_government",3,2,1,"Local_Gov",1
"trout_unlimited",3,2,1,"NGO",1
"tsm",3,3,1,"Nonsense",1
"tulare_county_department",3,1,1,"Group",0
"tulare_county_department_of_health_and_human_services",3,1,1,"Local_Gov",1
"tulare_county_flood_control_master_plan",3,1,1,"Technical",0
"tulare_county_flood_control_master_planning",3,1,2,"Technical",1
"tulare_county_planning_and_development_department",3,1,1,"Group",0
"tulare_county_public_works_department",3,1,1,"Group",0
"tulare_county_storm_water_quality_and_regulation_ordinance",3,1,1,"Legal",0
"tulare_county_water_commission",3,1,1,"Group",0
"tulare_lake_sub_basin",3,1,1,"Basin",0
"tule_subbasin_mou_group",3,2,1,"Group",0
"turlock_lake_formation",3,2,1,"Natural_Feature",0
"twitchell_dam_project",3,1,1,"Water_Project",0
"uanvco",3,2,1,"Nonsense",1
"un",3,3,1,"Nonsense",1
"underground_injection_control",3,2,1,"Legal",1
"underground_services_alert",3,1,2,"Technical",1
"unified_soil_classification_system",3,1,1,"Technical",1
"unimpaired_millerton_inflow",3,1,1,"Technical",1
"united_calleguas",3,1,1,"District",1
"united_nations_governments",3,1,1,"Nonsense",1
"united_states_department_of_interior",3,3,1,"Federal_Gov",1
"united_states_geological_survey_national_streamflow_information_program",3,1,1,"Federal_Gov",1
"united_states_space_force",3,3,1,"Federal_Gov",1
"united_water_conservation_district_model_particle_tracks",3,3,1,"Technical",0
"unmanned_aerial_vehicle_synthetic_aperture_radar",3,3,1,"Technical",1
"upper_aquifer_wells",3,3,1,"Infrastructure",1
"upper_carlotta",3,3,1,"Geographic_Unit",1
"upper_san_gabriel_valley_municipal_water_district",3,3,1,"District",0
"upper_temescal_valley_salt_and_nutrient_management_plan",3,3,1,"Technical",0
"ur",3,2,1,"Nonsense",1
"us_army_corps_of_engineers_construction_cost_composite_index",3,3,1,"Technical",1
"us_census_american_community_survey",3,1,1,"Data_System",1
"us_navy",3,2,1,"Federal_Gov",1
"uses_significant",3,2,1,"Nonsense",1
"uvrgsa",3,3,1,"Other_GSA",0
"v",3,1,1,"Nonsense",1
"valencia_country_club",3,3,1,"Nonsense",1
"valencia_reclamation_plant",3,2,1,"Infrastructure",1
"valley_subarea",3,3,1,"Geographic_Unit",0
"vandenberg_state_marine_reserve",3,2,1,"Natural_Feature",1
"vedder",3,2,2,"Natural_Feature",1
"ventura_california",3,1,1,"State_Gov",0
"ventura_county_agricultural_association",3,3,1,"NGO",1
"ventura_county_department_of_public_works_flood_control_district",3,1,1,"District",0
"ventura_county_investigations",3,1,1,"Group",1
"ventura_county_water_works_district_1",3,1,1,"District",1
"verboon",3,3,1,"Person",1
"vermont",3,3,1,"State_Gov",1
"vern_freeman",3,3,1,"Person",1
"victoria_basins",3,3,1,"Basin",0
"views",3,3,1,"Nonsense",1
"vinton",3,3,1,"Local_Gov",1
"vision_plan",3,3,1,"Technical",0
"vista",3,3,1,"City",0
"vista_hills",3,3,1,"Geographic_Unit",1
"vista_irrigation_district_city_of_escondido",3,3,1,"City",0
"walnut_hills_ranch",3,3,1,"Nonsense",1
"wastewater_treatment_plant",3,2,1,"Infrastructure",1
"water_balance_subarea",3,3,1,"Geographic_Unit",0
"water_budget_report",3,3,1,"Technical",0
"water_conservation_strategic_plan",3,3,1,"Technical",0
"water_data_information_system",3,3,1,"Technical",0
"water_efficiency_program",3,3,1,"Group",1
"water_infrastructure_finance_and_innovation_act_us_environmental",3,1,1,"Legal",1
"water_levels",3,3,1,"Technical",1
"water_project_authority",3,1,1,"Group",0
"water_quality_data",3,1,1,"Technical",0
"water_resources_bulletin",3,3,1,"Reference",1
"water_supply_advisory_committee",3,3,1,"Group",0
"water_supply_augmentation_study",3,3,1,"Technical",1
"watercourse_engineering",3,3,1,"Nonsense",1
"wcp",3,3,1,"Nonsense",1
"webb",3,3,1,"Nonsense",1
"webb_tract",3,2,1,"Legal",0
"webber",3,3,1,"Nonsense",1
"well_package",3,3,1,"Infrastructure",1
"well_registration",3,3,1,"Legal",1
"well_t24s_r23e22e1",3,3,1,"Infrastructure",1
"wellhead_recharge_area_protection",3,1,1,"Legal",1
"wells_02n21w11j05s",3,3,1,"Infrastructure",1
"wells_extensometers",3,2,1,"Infrastructure",1
"west_goshen",3,3,1,"City",0
"west_las_posas_management_area_of",3,1,1,"Geographic_Unit",1
"western",3,3,1,"Nonsense",1
"western_management_area_advisory_committee",3,3,1,"Group",0
"western_management_area_of",3,3,1,"Geographic_Unit",1
"western_saline_front",3,3,1,"Natural_Feature",1
"westley",3,3,1,"City",0
"weymouth",3,3,1,"Local_Gov",1
"whittaker_bermite_corporation",3,3,1,"Company",1
"wiedlin",3,3,1,"Nonsense",1
"wildwood_canyon_state_park",3,3,1,"Natural_Feature",1
"wilkinson_gill_water_company",3,3,1,"Company",1
"will_be_accomplished",3,2,1,"Nonsense",1
"williamson_act",3,3,1,"Legal",0
"withdrawing_party",3,3,1,"Nonsense",1
"wolf",3,3,1,"Natural_Feature",1
"workgroup_tiers_2_3",3,3,1,"Group",1
"working_groups",3,3,1,"Group",0
"wr",3,3,1,"Nonsense",1
"wsc",3,3,1,"District",1
"wwwfcgmaorg",3,3,1,"Nonsense",1
"wy2019",3,1,1,"Reference",1
"wyrick",3,3,1,"Nonsense",1
"yager_creek",3,3,1,"Natural_Feature",0
"yceh",3,3,1,"Nonsense",1
"yeats_et_al",3,3,1,"Person",1
"yolo_parties",3,3,1,"Group",1
"yolo_sustainable_groundwater_management_act_working_group",3,3,1,"Group",0
"young_alluvium",3,2,1,"Natural_Feature",0
"yuba_county_environmental_health_department",3,3,1,"Group",0
"yvwd16",3,3,1,"District",0
"zeng",3,3,1,"Nonsense",1
"µs_cm",3,3,1,"Nonsense",1
"δ2h",3,3,1,"Nonsense",1
"015_budget",2,2,1,"Reference",1
"2015_urban_water_management_plan",2,2,1,"Technical",0
"20year_study_period",2,2,1,"Reference",1
"22412_uncertainty_in_water_budget_uncertainties",2,2,1,"Technical",1
"2b",2,2,1,"Nonsense",1
"3546e",2,1,1,"Nonsense",1
"3564f",2,1,1,"Nonsense",1
"500_250_75_senate_bill",2,2,1,"Legal",0
"644452b",2,1,1,"Nonsense",1
"93105_wwwdbstephenscom",2,2,1,"District",0
"a029657",2,2,1,"Nonsense",1
"a_charles",2,2,1,"Person",1
"a_city_of_lompoc",2,2,1,"City",0
"a_coordination_agreement",2,1,1,"Group",0
"a_coordination_committee",2,2,1,"Group",0
"a_forming_party",2,2,1,"Nonsense",1
"a_groundwater_pumping_fee_program",2,2,1,"Legal",1
"a_groundwater_quality_trend_monitoring_groundwater_quality_trend_monitoring",2,1,1,"Technical",0
"a_groundwater_quality_trend_monitoring_workplan",2,1,1,"Technical",0
"a_local_well_name",2,2,1,"Infrastructure",1
"a_management_arca",2,1,2,"District",1
"a_management_committee",2,2,1,"Group",0
"a_memorandum_of_agreement",2,1,1,"Group",0
"a_n",2,2,1,"Nonsense",1
"a_natural_communities_commonly_associated_with_groundwater",2,2,1,"Natural_Feature",0
"a_non_party",2,1,1,"Nonsense",1
"a_proposal_solicitation_package",2,1,1,"Reference",1
"a_proposition_1_sustainable_groundwater_planning_grant",2,1,1,"Legal",1
"a_resolution_to_establish_a",2,2,1,"Nonsense",1
"a_sacred_lands_file_native_american_contacts_list_request",2,2,1,"Reference",1
"a_salt_and_nutrient_management_plan",2,1,1,"Technical",0
"a_solano_subbasin_groundwater_sustainability_agency_advisory_group",2,2,1,"Group",0
"a_stakeholder_advisory_committee",2,1,1,"Group",0
"a_state",2,2,1,"Nonsense",1
"a_technical_work_group",2,2,1,"Group",0
"a_water_accounting_framework",2,1,2,"Technical",1
"a_water_conservation_strategic_plan",2,1,1,"Technical",0
"a_water_management_plan",2,1,1,"Technical",0
"a_water_supply_reliability_report_update",2,2,1,"Technical",0
"aarhus_geosoftware",2,1,1,"Company",1
"ab303",2,2,1,"Legal",1
"ab_1668",2,1,1,"Legal",1
"ab_303",2,2,1,"Legal",1
"ab_303_appx_c",2,2,1,"Reference",1
"ab_359",2,1,1,"Legal",1
"ab_361",2,2,1,"Legal",1
"ab_le",2,2,1,"Nonsense",1
"aberdeen",2,2,1,"Local_Gov",1
"ac",2,2,1,"Nonsense",1
"accountability",2,1,2,"Nonsense",1
"acevedo",2,2,1,"Nonsense",1
"achieving",2,1,1,"Nonsense",1
"ackerman",2,2,1,"Nonsense",1
"act_and_public_resources_code_section_21065",2,1,1,"Reference",0
"action_agriculture_general",2,2,1,"Nonsense",1
"action_levels",2,2,1,"Technical",1
"activity_hazard_analysis",2,2,1,"Technical",1
"activity_participants_for",2,2,1,"Nonsense",1
"acton",2,1,1,"City",0
"adam_bingham",2,2,1,"Person",1
"adaptive_basin_management",2,2,1,"Group",1
"adaptive_salinity_drainage_management",2,2,1,"Water_Project",1
"adcock",2,2,1,"Person",1
"address_data_gaps_and_improve_refine_sustainable_management_criteria",2,2,1,"Technical",0
"addressed",2,2,1,"Nonsense",1
"addressing_collect",2,2,1,"Nonsense",1
"adjacent_areas",2,1,1,"Geographic_Unit",0
"adjacent_rock",2,2,1,"Natural_Feature",1
"adjudicated",2,2,1,"Legal",1
"administering_agency",2,2,1,"Group",0
"administración",2,2,1,"Nonsense",1
"administrative_record",2,1,1,"Reference",1
"adopts",2,1,1,"Nonsense",1
"advisory_committee_chair",2,1,1,"Group",1
"advisory_committee_charter",2,1,2,"Group",1
"aem_airborne_electromagnetic_aqua_geo_frameworks",2,1,1,"Technical",1
"af_y_water",2,2,1,"Group",1
"af_yr",2,2,1,"Nonsense",1
"affiliates",2,1,1,"Nonsense",1
"afy_additionally",2,2,1,"Nonsense",1
"agencies_the_agencies",2,2,1,"Group",0
"agency_bylaws",2,2,1,"Legal",0
"agency_coordinator",2,1,1,"Group",1
"agency_each_agency",2,1,1,"Group",0
"agency_personnel",2,2,1,"Nonsense",1
"agenda",2,1,1,"Nonsense",1
"agricultural_contractors",2,2,1,"Group",1
"agricultural_irrigation",2,2,1,"Nonsense",1
"agricultural_irrigation_efficiency_a",2,1,1,"Technical",1
"agricultural_land",2,2,1,"Geographic_Unit",1
"agricultural_lands_domain",2,2,1,"Geographic_Unit",1
"agricultural_pool",2,2,1,"Group",1
"agricultural_pumping_precipitation",2,2,1,"Natural_Feature",1
"agricultural_resources",2,2,1,"Nonsense",1
"agricultural_threshold_study",2,1,1,"Technical",1
"agriculture_natural_resources_conservation_service",2,1,1,"Federal_Gov",1
"agua_subterránea_pasados",2,2,1,"Nonsense",1
"ahtna_engineering_services",2,2,1,"Company",1
"aimee",2,2,1,"Nonsense",1
"air_force_and",2,2,1,"Nonsense",1
"airborne_geophysics",2,2,1,"Technical",1
"airport",2,1,1,"City",0
"akm",2,2,1,"Nonsense",1
"alameda_county_gp",2,2,1,"Local_Gov",1
"alex_kan",2,2,1,"Person",1
"alhambra",2,2,1,"City",0
"ali_sahli",2,2,1,"Person",1
"aliso_canyon",2,2,1,"Natural_Feature",1
"all",2,1,1,"Nonsense",1
"all_agency_board",2,2,1,"Group",0
"allen",2,2,1,"Nonsense",1
"alley",2,2,1,"Nonsense",1
"alluvial_fan_deposits",2,2,1,"Natural_Feature",1
"alluvial_upper_tehama",2,2,1,"Basin",1
"allwardt",2,2,1,"Person",1
"alpaugh_community_service_district",2,1,1,"District",0
"alyson_waterson",2,2,1,"Person",1
"amador_counties",2,2,1,"Local_Gov",1
"amador_county_code",2,2,1,"Legal",0
"amah_mutsun_land_trust",2,1,1,"NGO",1
"amanda_peisch",2,2,1,"Person",1
"ambassadors",2,2,1,"Group",1
"ambient_water_quality_criteria",2,1,1,"Legal",1
"american_mink",2,1,1,"Natural_Feature",1
"ametek_aerospace_et_al",2,2,1,"Company",1
"an_augmentation_fee",2,1,1,"Legal",1
"an_government",2,2,1,"Nonsense",1
"an_interested_party_list",2,2,1,"Nonsense",1
"and_recharge",2,2,1,"Nonsense",1
"anderson_rose_dam",2,2,1,"Infrastructure",0
"andrea_reich",2,2,1,"Person",1
"andrew_renshaw",2,2,1,"Person",1
"angela_bezzone",2,2,1,"Geographic_Unit",0
"animal_sitespermitted_facilities_with_waste_discharge_requirements_orders_geotracker",2,2,1,"Data_System",1
"anna_olsen",2,2,1,"Person",1
"annual_pumping_allocation_andor_transient_pool_allocation",2,2,1,"Legal",1
"antelope_subbasin_projected",2,2,1,"Technical",1
"antelope_subbasin_surface_water_system",2,2,1,"Natural_Feature",0
"apac",2,2,1,"Group",1
"apex_ranch_conjunctive_use_project",2,2,1,"Water_Project",0
"appendix_1_b_182",2,1,1,"Reference",0
"appendix_1_f",2,2,1,"Reference",0
"appendix_1_f_community_engagement_plan_for_development_and_adoption_of_a_groundwater_sustainability_plan_sonoma",2,2,1,"Reference",0
"appendix_2_3",2,2,1,"Reference",0
"appendix_2_a",2,2,1,"Reference",0
"appendix_2_e",2,2,1,"Reference",0
"appendix_2f",2,2,1,"Reference",0
"appendix_2fa",2,2,1,"Reference",0
"appendix_4_c_to_address",2,2,1,"Reference",0
"appendix_6_b",2,2,1,"Reference",0
"appendix_6b_table_2",2,2,1,"Reference",0
"appendix_a_336_quantification_of_current",2,2,1,"Reference",0
"appendix_b_appendix_c",2,1,1,"Reference",0
"appendix_b_groundwater",2,2,1,"Reference",0
"appendix_b_projected_land_use_change_with",2,2,1,"Reference",0
"appendix_c_next_year",2,2,1,"Reference",0
"appendix_d2",2,2,1,"Reference",0
"appendix_d3c",2,2,1,"Reference",0
"appendix_e_based",2,2,1,"Reference",0
"appendix_f_static",2,2,1,"Reference",0
"appendix_g_based",2,2,1,"Reference",0
"appendix_h_67",2,2,1,"Reference",0
"appendix_h_data",2,2,1,"Reference",0
"appendix_i_hydrogeologic_conceptual_model_and_groundwater_conditions",2,2,1,"Reference",0
"appendix_l_additionally",2,2,1,"Reference",0
"application_29657",2,2,1,"Nonsense",1
"application_of_geophysics_to_environmental_and_engineering_problems_nashville",2,1,1,"Reference",1
"applied_calculation",2,1,1,"Technical",1
"applied_flows",2,2,1,"Technical",1
"applied_groundwater_return_flows",2,2,1,"Technical",1
"applied_recharge",2,2,1,"Water_Project",1
"applied_surface_water_return",2,1,1,"Natural_Feature",1
"approximated_approximated",2,2,1,"Nonsense",1
"approximated_approximated_average",2,2,1,"Nonsense",1
"aqua_geo",2,2,1,"Data_System",1
"aquaculture",2,2,1,"Nonsense",1
"aquatic_bioassay_and_consulting_laboratory",2,1,1,"Company",1
"arc_hydro_groundwater",2,2,1,"Technical",1
"arcadia_wellfield",2,2,1,"Infrastructure",1
"ardisols",2,1,1,"Natural_Feature",1
"arlington_western_municipal",2,2,1,"District",1
"army_depot",2,2,1,"Infrastructure",1
"army_forces_command",2,2,1,"Federal_Gov",1
"aromas_formation",2,2,1,"Natural_Feature",0
"aromas_sand",2,2,1,"Natural_Feature",0
"arrowweed",2,2,1,"Natural_Feature",1
"arroyo_dos_picachos",2,2,1,"Natural_Feature",1
"arroyo_pasajero",2,2,1,"Natural_Feature",1
"arroyo_santa",2,2,1,"Natural_Feature",1
"arroyo_seco_groundwater",2,2,1,"Basin",1
"arroyo_seco_groundwater_sustainability_agency_1",2,2,1,"Local_GSA",0
"arroyo_willow",2,1,1,"Natural_Feature",1
"arundell",2,2,1,"Nonsense",1
"asch_th",2,1,1,"Nonsense",1
"asgsa_boards",2,2,1,"Group",0
"asr_program",2,2,1,"Water_Project",1
"assembly_bill_32",2,1,1,"Legal",1
"assembly_bill_52",2,1,1,"Legal",1
"assembly_bill_599",2,2,1,"Legal",1
"assimilative_capacity",2,2,1,"Technical",1
"associated_vegetation_california",2,2,1,"State_Gov",0
"association_for_the_advancement_of_cost_engineering",2,2,1,"NGO",1
"association_of_water_agencies_of",2,1,1,"Group",1
"assure_that",2,2,1,"Nonsense",1
"attachment_d_specifically",2,2,1,"Reference",1
"attachments_m_national_aeronautics_and_space_administration_jpl",2,1,1,"Federal_Gov",1
"auburn",2,2,1,"City",0
"audubon_california",2,2,1,"State_Gov",0
"authority_board_of_directors",2,2,1,"Group",0
"authorizing",2,2,1,"Nonsense",1
"automated_high_output_ground_seeding",2,2,1,"Technical",1
"automatic_precise_positioning_service",2,2,1,"Technical",1
"avek",2,2,1,"District",1
"avila_beach",2,2,1,"City",0
"awmps_improve_monitoring_program",2,2,1,"Technical",0
"b_board",2,1,1,"Group",0
"b_review",2,2,1,"Reference",1
"background_study",2,2,1,"Reference",1
"badger_creek",2,2,1,"Natural_Feature",0
"bailey_fault",2,2,1,"Natural_Feature",1
"ballona_aquifer_groundwater",2,2,1,"Natural_Feature",1
"baltimore_aircoil_company_to_allow_for_connection",2,2,1,"Company",1
"banks_pumping_plant",2,1,1,"Infrastructure",1
"barbara_dalgish_pg",2,2,1,"Person",1
"barber",2,2,1,"Nonsense",1
"barham_ranch",2,2,1,"Local_Gov",1
"barlow",2,2,1,"Nonsense",1
"barow",2,1,1,"Nonsense",1
"bartow_ja",2,1,1,"District",1
"baseline_future_scenario_simulations",2,2,1,"Technical",1
"basewide_groundwater_monitoring_program",2,2,1,"Technical",0
"basin_characterization_model_developed",2,2,1,"Technical",0
"basin_completed",2,2,1,"Nonsense",1
"basin_executive",2,2,1,"Group",1
"basin_stakeholders",2,1,1,"Group",1
"basinscout",2,2,1,"Technical",1
"bay_margin",2,2,1,"Natural_Feature",1
"bayside_groundwater_project",2,2,1,"Water_Project",0
"bb_bb",2,2,1,"Nonsense",1
"bb_limited_recharge_and_recovery",2,2,1,"Basin",1
"bcgsa_board",2,2,1,"Group",0
"bcgsa_board_of_directors",2,2,1,"Group",0
"bcwd",2,2,1,"District",0
"bear",2,1,1,"Natural_Feature",1
"beaughan_creek",2,2,1,"Natural_Feature",0
"because",2,1,1,"Nonsense",1
"bedford_coldwater_groundwater_subbasin",2,2,1,"Basin",0
"bedford_coldwater_sub_basin",2,2,1,"Basin",0
"belin",2,2,1,"Nonsense",1
"belridge",2,2,1,"District",0
"ben",2,2,1,"Person",1
"beneficial_uses_and_users_of_groundwater_significant",2,2,1,"Technical",1
"berenbrock_1988",2,2,1,"Reference",1
"berenda_slough_byp_7",2,2,1,"Infrastructure",1
"berrenda_mesa_water_district",2,2,1,"District",0
"bethel_island_municipal_improvement_district",2,2,1,"District",0
"betty_moore_foundation",2,1,1,"NGO",1
"beverly_hills_utilities_corporation",2,2,1,"Company",1
"big_pine_community_service_district",2,2,1,"District",0
"big_springs_ranch",2,2,1,"Nonsense",1
"big_valley_advisory_committee_92221_draft",2,2,1,"Group",1
"big_valley_groundwater_sustainability_agency_groundwater_sustainability_plan_advisory_committee",2,2,1,"Group",0
"biggs_west_gridley",2,2,1,"District",0
"bill_1168",2,1,1,"Legal",1
"bill_779",2,2,1,"Legal",1
"bill_jackson",2,1,1,"Person",1
"bill_jones_pumping_plant",2,1,1,"Infrastructure",1
"bill_x7_7",2,2,1,"Legal",1
"bioretention_bioswale_project",2,2,1,"Water_Project",0
"bird_creek",2,2,1,"Natural_Feature",0
"black_butte",2,2,1,"Natural_Feature",1
"black_cottonwood_woodland",2,1,1,"Natural_Feature",1
"bloyd",2,2,1,"Infrastructure",1
"blue_indicates_flows_greater",2,2,1,"Nonsense",1
"board_as_interested_parties",2,2,1,"Group",1
"board_chair",2,2,1,"Nonsense",1
"board_members",2,2,1,"Group",1
"board_of_directors_and",2,1,1,"Group",1
"board_of_directors_meetings",2,1,1,"Group",1
"board_of_directors_notice_of_board_of_directors",2,1,1,"Group",0
"board_of_supervisors_of_the_county_of_monterey",2,2,1,"Local_Gov",1
"board_of_supervisors_of_the_county_of_san_diego",2,2,1,"Local_Gov",1
"board_of_the_authority",2,2,1,"Group",0
"boeing_company",2,2,1,"Company",1
"boise",2,2,1,"Local_Gov",1
"boles_creek",2,2,1,"Natural_Feature",0
"bonds_medium",2,2,1,"Nonsense",1
"bonta_creek",2,2,1,"Natural_Feature",0
"bookman_edmonston_engineering_inc",2,2,1,"Company",1
"borax",2,1,1,"Nonsense",1
"boreholes",2,1,1,"Infrastructure",1
"boronda",2,2,1,"City",0
"borrego_gsa",2,2,1,"Other_GSA",0
"bostic",2,1,1,"Nonsense",1
"boundary_flow_measurement",2,1,1,"Technical",1
"bouquet_junction",2,2,1,"Geographic_Unit",1
"bowman_subbasin_historical_lateral_subsurface_groundwater",2,2,1,"Natural_Feature",1
"bowman_subbasin_historical_vertical_subsurface",2,2,1,"Technical",1
"braatne",2,2,1,"Nonsense",1
"brad_herrema",2,2,1,"Person",1
"brady_r_otto",2,2,1,"Person",1
"brenda",2,1,1,"Person",1
"brenda_bay_area",2,1,1,"Geographic_Unit",0
"broad_considerations_for_projects_and_management_actions",2,2,1,"District",0
"brock_buche",2,2,1,"Person",1
"brock_buche_groundwater_sustainability_agency_party",2,2,1,"District",1
"brown_act",2,1,1,"Legal",0
"brown_act_compliance",2,1,1,"Legal",1
"browns_creek",2,2,1,"Natural_Feature",0
"brush_creek",2,2,1,"Natural_Feature",0
"bryophytes",2,2,1,"Natural_Feature",1
"bs_chemistry",2,1,1,"Nonsense",1
"bsk_laboratory",2,1,2,"Technical",1
"btex",2,2,1,"Nonsense",1
"buck",2,2,1,"Nonsense",1
"buellton_upland_subarea",2,2,1,"Geographic_Unit",0
"buena_vista_pumping_plant",2,2,1,"Infrastructure",1
"build_on_existing_management",2,2,1,"Legal",1
"build_public_engagement_for_regional_sustainability_many",2,1,1,"Nonsense",1
"bulletin_74_9",2,1,1,"Reference",1
"bulletin_74_90",2,2,1,"Reference",1
"bulrush",2,2,1,"Natural_Feature",1
"burbank",2,2,1,"City",0
"burdell_mountain",2,2,1,"Natural_Feature",1
"burdette_ogle",2,2,1,"Person",1
"bureau_of_indian_affairs",2,1,1,"Federal_Gov",0
"bureau_of_reclamation_revenue",2,2,1,"Federal_Gov",1
"burnham",2,2,1,"Nonsense",1
"burow",2,2,1,"Natural_Feature",1
"bush",2,1,1,"Nonsense",1
"butler_slough",2,2,1,"Natural_Feature",0
"butte_county_groundwater_inventory_analysis",2,1,1,"Technical",1
"butte_water_district_groundwater_sustainability_agency",2,2,1,"Other_GSA",0
"butte_water_district_groundwater_sustainability_agency_sutter",2,2,1,"Local_GSA",0
"bvhim",2,2,1,"Nonsense",1
"by_non_groundwater_sustainability_agency_entities",2,2,1,"Nonsense",1
"byron_bethany_irrigation",2,2,1,"District",1
"byron_bethany_irrigation_district_web",2,2,1,"District",1
"byron_division_canal_45",2,2,1,"Infrastructure",1
"byron_katie_trust",2,2,1,"NGO",1
"byron_sanitary_district",2,2,1,"District",0
"c2vsimfg_kern_historical_simulation_table_13_assessment_of_potential_native",2,2,1,"Reference",0
"c_appendix_j",2,2,1,"Reference",0
"c_collaborative",2,2,1,"Group",1
"c_e_plan",2,2,1,"Technical",0
"c_given",2,2,1,"Nonsense",1
"cache_creek_resources_management_plan",2,2,1,"Technical",0
"cacheville_csd",2,2,1,"Local_Gov",1
"cachuma_operation_and_maintenance_board",2,1,1,"Group",0
"cachuma_operations_and_maintenance_board",2,2,1,"Group",0
"cachuma_project_on",2,1,1,"Water_Project",1
"cadwr",2,2,1,"State_Gov",1
"calabazas_creek",2,2,1,"Natural_Feature",0
"calibrated_root_zone_water_budget_components",2,2,1,"Technical",1
"california_aqueduct_subsidence_studies",2,2,1,"State_Gov",0
"california_code_of_regulation",2,1,1,"State_Gov",0
"california_code_of_regulations_tit",2,2,1,"State_Gov",0
"california_contractors_license_law",2,2,1,"State_Gov",0
"california_department_of_fish",2,1,1,"State_Gov",0
"california_department_of_water_resources_state_water_data_library_statewide_groundwater_elevation_monitoring",2,2,1,"State_Gov",0
"california_division_of_mines_bulletin",2,2,1,"State_Gov",0
"california_environmental",2,1,1,"State_Gov",0
"california_environmental_flows_framework",2,2,1,"State_Gov",0
"california_environmental_health_tracking_program",2,2,1,"State_Gov",0
"california_environmental_reporting_system",2,2,1,"State_Gov",0
"california_farmland_trust",2,1,1,"State_Gov",0
"california_fourth_climate_change_assessment",2,2,1,"State_Gov",0
"california_integrated_water_quality_system_project",2,2,1,"State_Gov",0
"california_invasive_plant_c",2,1,1,"State_Gov",0
"california_public_resources_code",2,1,1,"State_Gov",0
"california_quality_act",2,1,1,"State_Gov",0
"california_regional_water_quality_control_board_general_order",2,1,1,"State_Gov",0
"california_resource_conservation_district",2,2,1,"State_Gov",0
"california_roundtable_on_water",2,2,1,"State_Gov",0
"california_soil_resource_lab_at",2,1,1,"State_Gov",0
"california_spatial_reference_center",2,2,1,"State_Gov",0
"california_species_list_tools",2,2,1,"State_Gov",0
"california_sportfishing_protection_alliance",2,1,1,"State_Gov",0
"california_state_constitution",2,2,1,"State_Gov",0
"california_state_department_of_public_health_order_of",2,1,1,"State_Gov",0
"california_state_groundwater_elevation_monitoring",2,1,1,"State_Gov",0
"california_state_notification_level",2,1,1,"State_Gov",0
"california_statewide_groundwater",2,1,1,"State_Gov",0
"california_statewide_groundwater_elevations_monitoring_program",2,2,1,"State_Gov",0
"california_water_action_plan",2,2,1,"State_Gov",0
"california_water_code_section_107236b",2,2,1,"State_Gov",0
"california_water_code_section_10723b",2,1,1,"State_Gov",0
"california_water_code_section_10728",2,2,1,"State_Gov",0
"california_water_code_section_135612",2,2,1,"State_Gov",0
"california_water_code_section_1810",2,2,1,"State_Gov",0
"calistoga_popcornflower",2,2,1,"Natural_Feature",1
"calleguas_calleguas",2,2,1,"District",1
"calleguas_municipal_water_district_aquifer_storage_and_recovery_project_and_in_lieu_storage_program",2,2,1,"Water_Project",1
"callitriche_heterophylla",2,2,1,"Natural_Feature",1
"calvin_college",2,1,1,"Nonsense",1
"camp_comfort",2,2,1,"Local_Gov",1
"camp_far_west_reservoir",2,2,1,"Infrastructure",0
"camrosa_board_of_directors",2,2,1,"Group",0
"camrosa_gsa",2,2,1,"Other_GSA",0
"camrosa_water_district_boards",2,1,1,"Group",0
"can_be_withdrawn",2,1,1,"Nonsense",1
"canal_system",2,2,1,"Infrastructure",1
"cannia",2,1,2,"Basin",1
"canyon",2,2,1,"Natural_Feature",1
"carl",2,2,1,"Person",1
"carle",2,1,1,"Nonsense",1
"carman_creek",2,2,1,"Natural_Feature",0
"carneros_basin",2,2,1,"Basin",0
"carney",2,1,1,"Nonsense",1
"carollo_engineers_inc",2,2,1,"Company",1
"carp",2,2,1,"Natural_Feature",1
"carr_fire",2,1,1,"Natural_Feature",1
"carswell_2009",2,2,1,"Reference",1
"casa_de_fruta",2,2,1,"Local_Gov",1
"cascades",2,2,1,"Geographic_Unit",1
"case_4_region_management_actions",2,2,1,"Nonsense",1
"casgems_program",2,2,1,"State_Gov",1
"castaic_junction",2,1,1,"Infrastructure",1
"castaic_lake_water_agency_santa_clarita_water_division",2,2,1,"District",1
"castaic_subunit",2,2,1,"Basin",1
"castroville_community_services_district",2,1,1,"District",0
"catalog_climate",2,2,1,"Technical",1
"cch1_berkeley_mapper",2,2,1,"Technical",1
"ceanothus_hellmers_et_al",2,1,1,"Person",1
"census_designated_place",2,2,1,"Geographic_Unit",1
"census_designated_places_of_boulder_creek",2,2,1,"Natural_Feature",0
"central_california_coast",2,2,1,"State_Gov",0
"central_california_coast_distinct_population_segment",2,2,1,"State_Gov",0
"central_coast_water_authority_board_of_directors",2,1,1,"Group",0
"central_management_agency",2,2,1,"Group",0
"central_sacramento_county",2,2,1,"County",0
"central_tendency",2,2,1,"Nonsense",1
"central_tendency_2070",2,2,1,"Technical",1
"central_valley_dairy_representative_monitoring",2,2,1,"Technical",0
"central_valley_flood_protection_board_communications_decision_making_processes",2,2,1,"Group",1
"central_valley_improvement_act",2,1,1,"Legal",0
"central_valley_project_delta_division",2,2,1,"Water_Project",1
"central_valley_project_friant",2,2,1,"Water_Project",1
"central_valley_project_san_luis",2,2,1,"Water_Project",1
"central_valley_project_settlement_contract",2,2,1,"Legal",0
"central_valley_project_supplies_agencies",2,1,1,"Group",0
"central_valley_project_water_service_contractors",2,2,1,"Group",1
"central_water_system",2,2,1,"Natural_Feature",0
"central_yolo_management",2,2,1,"Group",1
"central_yolo_management_area",2,2,1,"Geographic_Unit",0
"centre_europeen_de_reserches_et_de_formation",2,2,1,"Natural_Feature",0
"certificate_of_analysis",2,1,1,"Reference",1
"certified_unified_program_agency",2,2,1,"Group",0
"cgs",2,1,1,"State_Gov",1
"ch3_revise_line",2,2,1,"Nonsense",1
"chair_of_each_committee",2,2,1,"Group",0
"chair_of_the_executive_committee",2,1,1,"Group",0
"chair_of_the_technical_advisory_committee",2,1,1,"Group",0
"challenges",2,1,1,"Nonsense",1
"chambers_public_noticing_irrigation_district211",2,2,1,"District",1
"champlin_slough",2,2,1,"Natural_Feature",0
"channel_island_beach",2,1,1,"Natural_Feature",1
"channel_islands_beach_community",2,1,1,"Group",0
"channels",2,1,1,"Natural_Feature",1
"chapman",2,2,1,"Person",1
"chappelle",2,2,1,"Nonsense",1
"chapter_8",2,2,1,"Reference",1
"chatsworth",2,1,1,"Geographic_Unit",1
"chevron_usa_inc",2,2,1,"Company",1
"chico_management_area",2,2,1,"Geographic_Unit",0
"chico_rancheria",2,2,1,"Local_Gov",1
"chino_desalter_authority",2,2,1,"Group",0
"chittenden",2,2,1,"Basin",1
"chloride_chloride",2,1,1,"District",0
"cholame",2,2,1,"Geographic_Unit",1
"chowchilla_bypass_water",2,2,1,"Water_Project",1
"chowchilla_madera",2,2,1,"Basin",1
"chowchilla_subbasins",2,2,1,"Basin",0
"chowchilla_water_district_board",2,2,1,"Group",0
"chowchilla_water_district_meeting",2,2,1,"Group",1
"chris_boyle",2,2,1,"Person",1
"christensen_associates_inc",2,2,1,"Company",1
"chronic_lowering_of_groundwater_fall",2,2,1,"Natural_Feature",1
"chuck_corica_golf_complex",2,2,1,"Infrastructure",1
"chumash_mission",2,1,1,"Nonsense",1
"chung",2,2,1,"Nonsense",1
"circumstances_and_criteria_for_implementation",2,2,1,"Reference",1
"cisdce",2,2,1,"Nonsense",1
"cities_of_rohnert_park",2,2,1,"Local_Gov",1
"citizens_advisory_groups",2,1,1,"Group",0
"citizens_for_responsible_oil_and_gas",2,1,1,"NGO",1
"city_clerk_to_execute_the_certificate_of_acceptance",2,2,1,"Nonsense",1
"city_council_chambers",2,2,1,"Nonsense",1
"city_environment_committee",2,2,1,"Group",0
"city_general_plan",2,2,1,"Technical",0
"city_of_5",2,2,1,"City",0
"city_of_albany",2,2,1,"City",0
"city_of_bishop_to",2,2,1,"City",0
"city_of_canyon_lake",2,2,1,"City",0
"city_of_el_cerrito_gp",2,2,1,"City",0
"city_of_farmersville",2,2,1,"City",0
"city_of_hemet",2,2,1,"City",0
"city_of_oakley",2,2,1,"City",0
"city_of_scotts_valley_tertiary_treatment_plant",2,2,1,"City",0
"city_of_weed",2,2,1,"City",0
"citywide_non",2,2,1,"District",0
"clarita",2,1,1,"Nonsense",1
"claudia_faunt",2,1,1,"Person",1
"clean_water_action",2,2,1,"NGO",1
"clean_water_state_revolving_fund_program",2,1,1,"State_Gov",1
"cleveland_national_forest",2,2,1,"Natural_Feature",1
"clint_mckay",2,2,1,"Person",1
"clovis_sewage_treatment_water_reuse_facility",2,2,1,"Infrastructure",1
"cma_groundwater_sustainability_agency_advisory_committee",2,2,1,"Group",0
"co",2,1,1,"Nonsense",1
"coachella_valley_water_district",2,2,1,"District",0
"coastal_conservancy",2,2,1,"State_Gov",1
"coastal_range",2,2,1,"Geographic_Unit",1
"coastal_ranges",2,2,1,"Geographic_Unit",1
"coastal_zone_management_act",2,1,1,"Legal",0
"code_of_civil_procedure_section_861",2,2,1,"Reference",0
"coldwater_groundwater_sustainability_authority",2,2,1,"Group",0
"collaboration",2,1,1,"Nonsense",1
"collaborative_decision_approach",2,2,1,"Group",1
"collection_of_other_required_information",2,1,1,"Natural_Feature",0
"colusa_city_council",2,2,1,"Group",0
"colusa_subbasin_multi_benefit_groundwater_recharge_costs_item",2,2,1,"Reference",1
"commerce",2,1,1,"City",0
"commercial_environmental_health",2,1,1,"Nonsense",1
"committee_action",2,2,1,"Nonsense",1
"committee_and_governing_board",2,2,1,"Group",0
"communication_forums_tools_governance_agencies_briefings_board",2,1,1,"Group",0
"communication_key_sustainable_groundwater_management_act",2,1,1,"Legal",0
"communication_monitoring",2,2,1,"Technical",0
"communication_objectives",2,1,1,"Nonsense",1
"communications_and_engagement",2,2,1,"Group",1
"communities",2,1,1,"Group",0
"community_development",2,2,1,"Nonsense",1
"community_development_department",2,2,1,"Group",0
"community_engagement_and_outreach_plan",2,2,1,"Technical",0
"community_engagement_survey",2,2,1,"Technical",1
"community_engagement_team",2,2,1,"Group",1
"community_monitoring_program",2,2,1,"Technical",0
"community_planning_districts",2,2,1,"District",0
"community_services_district_law",2,1,1,"Legal",0
"complaint_and_petition_for_declaratory_relief",2,2,1,"Legal",1
"comprehensive_groundwater_quality_monitoring_program",2,2,1,"Technical",0
"concur",2,2,1,"Nonsense",1
"conejo_creek_flows_by_t",2,2,1,"Data_System",1
"conejo_creek_water_pumping_program",2,1,1,"Water_Project",1
"conejo_creeks",2,2,1,"Natural_Feature",0
"confined",2,1,1,"Nonsense",1
"confined_while",2,2,1,"Nonsense",1
"conflict_of_interest_code",2,2,1,"Legal",0
"congruently",2,1,1,"Nonsense",1
"conifer",2,1,1,"Nonsense",1
"conjunctive",2,2,1,"Nonsense",1
"conjunctive_use_agreements",2,2,1,"Group",0
"consensus_and_collaboration_program",2,1,1,"Group",1
"conservation_and_land_use",2,2,1,"Legal",1
"conservation_and_open_space",2,1,1,"Group",1
"conservation_and_open_space_element",2,1,2,"Reference",1
"conservation_development_and_planning",2,2,1,"Group",1
"conservation_easements",2,2,1,"Legal",1
"conservation_element_and_open_space_element",2,1,1,"Reference",1
"conservation_open_space_element",2,2,1,"Legal",1
"conservation_service",2,1,1,"Federal_Gov",1
"conservation_technical_assistance",2,1,1,"Technical",0
"considering_beneficial_uses_and_users",2,2,1,"District",0
"consolidated_bedrock",2,2,1,"District",0
"constituents_of_concern",2,2,1,"Technical",1
"construction_activities_and_requirements_specific",2,2,1,"Reference",1
"contra_all_project_phases",2,2,1,"Nonsense",1
"contra_costa_county_water_agency",2,2,1,"Group",0
"contra_costa_goldfields",2,2,1,"Natural_Feature",1
"contract",2,1,1,"Legal",0
"contracting_entities",2,1,1,"Group",1
"controller_of_the_agency",2,2,1,"Group",0
"conversations_calibration",2,2,1,"Nonsense",1
"conveyance",2,2,1,"Infrastructure",1
"cooperating_agreement",2,2,1,"Group",0
"cooperation_agreement",2,2,1,"Group",0
"cooperative_committee_regular_meeting",2,2,1,"Group",1
"coordinate_community_development_decisions",2,2,1,"Group",1
"coordinated_costs",2,2,1,"Nonsense",1
"coordinates",2,1,1,"Nonsense",1
"coordinating_body",2,2,1,"Group",1
"coordination_of_farm_plans",2,2,1,"Technical",0
"coordination_the_enterprise_anderson_groundwater_sustainability_agency",2,1,1,"Other_GSA",0
"cordua_id",2,2,1,"District",0
"corona_groundwater_management_plan",2,2,1,"Technical",0
"corona_utility_authority",2,1,1,"Group",0
"corporation",2,2,1,"Nonsense",1
"corral_de_tierra_areas",2,2,1,"Geographic_Unit",0
"corral_de_tierra_management",2,2,1,"Group",1
"corral_de_tierra_subarea",2,2,1,"Geographic_Unit",0
"corridors_framework_plan",2,2,1,"Technical",0
"corydon",2,2,1,"Nonsense",1
"coso_valley",2,2,1,"Geographic_Unit",0
"costs",2,1,1,"Nonsense",1
"cosumnes_basin_data_management_system",2,2,1,"Technical",0
"cosumnes_subbain",2,2,1,"Basin",1
"cosumnes_working_group_consultants",2,2,1,"Group",1
"coswpa",2,2,1,"Group",1
"cottonwood_creek_recharge_project",2,2,1,"Water_Project",0
"council_of_county",2,2,1,"County",0
"country_club_faults",2,1,1,"Natural_Feature",1
"county_adopted_uab",2,2,1,"Legal",1
"county_city_of",2,2,1,"City",0
"county_department_of_public_health",2,2,1,"Local_Gov",1
"county_environmental_health_departments",2,2,1,"Group",0
"county_environmental_health_division",2,2,1,"Local_Gov",1
"county_government_center",2,2,1,"Infrastructure",1
"county_groundwater_commission",2,2,1,"Group",0
"county_of_marin",2,1,1,"County",0
"county_of_monterey_groundwater_sustainability_agency",2,2,1,"Local_GSA",0
"county_of_siskiyou_local_agency_formation_commission",2,1,1,"Group",0
"county_of_sutter",2,2,1,"County",0
"county_of_tulare_health_and_human_services_agency",2,1,1,"Group",0
"county_overlying",2,2,1,"Geographic_Unit",1
"county_road_a12_reach_length",2,2,1,"Nonsense",1
"county_service_areas",2,1,1,"Geographic_Unit",0
"county_water_well_ordinance_4468",2,1,1,"Legal",1
"county_where",2,2,1,"Nonsense",1
"covid19",2,1,1,"District",0
"cowardin_et_al",2,2,1,"Reference",1
"cpp_reverse_osmosis_plant",2,2,1,"Infrastructure",1
"crane_creek",2,2,1,"City",0
"create_and_manage",2,2,1,"Nonsense",1
"cretaceous_val_verde_tonalite",2,2,1,"Natural_Feature",1
"criteria",2,2,1,"Nonsense",1
"criteria_a_and_b",2,2,1,"Nonsense",1
"critical_species_lookbook",2,2,1,"Technical",1
"cross_complaint",2,2,1,"Nonsense",1
"cross_section_a_a",2,2,1,"Reference",0
"cross_section_c_c",2,2,1,"Reference",0
"cross_section_locations",2,2,1,"Reference",0
"cucamonga",2,2,1,"Geographic_Unit",1
"current_monitoring_network",2,1,1,"Technical",0
"customer_assistance_program",2,2,1,"Group",1
"cvpia",2,2,1,"Group",1
"cwc_section_10723",2,1,1,"Reference",0
"cwm",2,2,1,"Nonsense",1
"cwsrf_program",2,2,1,"Group",1
"d5447",2,2,1,"Nonsense",1
"d5891",2,2,1,"Nonsense",1
"dairy_program",2,2,1,"Nonsense",1
"dan_steiner",2,2,1,"Person",1
"danish_environmental_protection_agency",2,1,1,"Group",0
"data_collection_data",2,1,1,"Technical",0
"data_management_system_and_data_reporting",2,1,1,"Technical",0
"data_management_various",2,1,1,"Technical",0
"data_quality_and_objectives",2,1,1,"Technical",0
"data_quality_and_quality_control_plan",2,1,1,"Technical",0
"data_quality_data",2,1,1,"Technical",0
"data_recording",2,2,1,"Technical",0
"data_type",2,2,1,"Technical",0
"daulton",2,2,1,"Geographic_Unit",1
"david_fairman",2,2,1,"District",0
"david_jacobs",2,2,1,"District",0
"davids_engineering_inc",2,2,1,"District",0
"davids_engineering_luhdorff_and_scalmanini_consulting_engineers",2,2,1,"District",0
"davids_lsce",2,2,1,"District",0
"davis_wd",2,2,1,"District",0
"dctra_groundwater_management_plan_memorandum",2,1,1,"Reference",1
"dctra_groundwater_management_plan_update",2,1,2,"Technical",1
"de_agua",2,2,1,"Nonsense",1
"de_monitoreo",2,2,1,"Technical",0
"decreasing",2,2,1,"Nonsense",1
"deep_aquifer_investigative_study",2,2,1,"Technical",1
"deep_aquitard",2,2,1,"Natural_Feature",1
"deep_percolation_of",2,2,1,"Nonsense",1
"deer_creek_and_tule_river_authority_groundwater_management_plan_update",2,1,1,"Technical",1
"defines_sustainable_management_criteria",2,1,1,"Legal",1
"degradation_of_water_quality_sustainability_indicator",2,2,1,"Technical",1
"degraded_water_quality_smc",2,2,1,"Technical",1
"del_norte",2,1,1,"County",0
"del_valle_isw",2,1,1,"District",1
"del_valle_reach",2,1,2,"Geographic_Unit",1
"delano_earlimart_id",2,2,1,"District",0
"delano_earlimart_irrigation_district_groundwater_sustainability_agency_board_of_directors",2,2,1,"Group",0
"delano_earlimart_irrigation_district_groundwater_sustainability_agency_jurisdiction",2,2,1,"Geographic_Unit",1
"delta_accelerated_water_transfer_program",2,2,1,"Water_Project",1
"delta_conveyance_project",2,2,1,"Water_Project",0
"delta_mendota_groundwater_subbasin",2,2,1,"Basin",0
"delta_stewardship_council",2,1,1,"State_Gov",0
"deltamendota",2,2,1,"Basin",1
"dem",2,1,1,"Infrastructure",1
"demands",2,1,1,"Nonsense",1
"dennis_r_keller",2,2,1,"Person",1
"department_of",2,2,1,"Nonsense",1
"department_of_cannabis_control",2,1,1,"State_Gov",1
"department_of_defense_army_nqa1_certified_lead",2,2,1,"Person",1
"department_of_fish_and_wildlife_comment_7_new_planning_thresholds",2,2,1,"Nonsense",1
"department_of_fish_and_wildlife_department_of_fish_and_wildlife",2,1,1,"State_Gov",1
"department_of_forestry_and_fire_protection",2,1,1,"State_Gov",0
"department_of_health_and_human_services",2,2,1,"Federal_Gov",0
"department_of_planning_and_development",2,2,1,"Local_Gov",1
"department_of_state_hospitals",2,2,1,"State_Gov",0
"department_of_water_resources_2019_state_water_project_delivery_capability_report",2,1,1,"Technical",0
"department_of_water_resources_4",2,1,1,"State_Gov",1
"department_of_water_resources_basin",2,1,1,"Basin",0
"department_of_water_resources_bmp",2,2,1,"State_Gov",1
"department_of_water_resources_california_elevation_monitoring_statewide_groundwater_elevation_monitoring",2,2,1,"State_Gov",0
"department_of_water_resources_comments",2,1,2,"Federal_Gov",1
"department_of_water_resources_environmental_science_associates_insar",2,2,1,"Group",1
"department_of_water_resources_groundwater_sustainability_plan_elements_guide",2,1,1,"District",0
"department_of_water_resources_groundwater_sustainability_plan_evaluations",2,2,1,"State_Gov",1
"department_of_water_resources_guidance_document",2,2,1,"District",0
"department_of_water_resources_merced_county_land_use_survey",2,2,1,"Technical",1
"department_of_water_resources_n",2,2,1,"State_Gov",1
"department_of_water_resources_northern_region",2,1,1,"Geographic_Unit",0
"department_of_water_resources_portal",2,2,1,"Data_System",1
"department_of_water_resources_publication",2,2,1,"Reference",1
"department_of_water_resources_recharge",2,2,1,"State_Gov",1
"department_of_water_resources_region_offices",2,1,1,"State_Gov",1
"department_of_water_resources_statewide_groundwater_elevation_monitoring_program_2_equipped",2,2,1,"Technical",0
"department_of_water_resources_sustainable_groundwater_management_act_portal",2,1,1,"Data_System",1
"department_of_water_resources_sustainable_groundwater_management_grant_program",2,1,1,"State_Gov",1
"department_of_water_resources_the_variable_operation",2,2,1,"Group",1
"department_of_water_resources_water_tool",2,2,1,"Data_System",1
"department_of_water_resources_water_year",2,2,1,"Data_System",1
"department_of_water_resources_well_standards",2,2,1,"Legal",1
"department_of_water_resources_well_standards_bulletin_nos",2,1,1,"Legal",1
"department_of_water_resources_well_standards_bulletins_nos",2,1,1,"Legal",1
"departmental_allocation_list_for_emergency_services_division_of_the_county_executive_office",2,2,1,"Reference",1
"depletion_of",2,1,1,"Nonsense",1
"depletion_of_interconnected_surface_water_regional",2,1,1,"Technical",1
"depletion_of_interconnected_surface_water_that",2,2,1,"Nonsense",1
"depletion_of_interconnected_surface_waters",2,1,1,"Natural_Feature",1
"depth",2,2,1,"Nonsense",1
"depthtogroundwater",2,2,1,"Technical",1
"derived_from_gems_and_adjusted_change",2,2,1,"Technical",1
"description_of_measures_and_explanation_of_how_will_be_achieved",2,2,1,"Reference",1
"design",2,1,1,"Nonsense",1
"detailed_analysis_unit",2,1,2,"Geographic_Unit",1
"detected_in_groundwater_wells",2,2,1,"Technical",1
"determination_of_sustainable_yield_sustainable",2,1,1,"Technical",1
"development_of_a_numerical_groundwater_flow_model",2,2,1,"Technical",0
"di",2,2,1,"Nonsense",1
"digiorgio_unit",2,2,1,"Basin",1
"direct_mail",2,1,1,"Nonsense",1
"direct_recharge_in_agriculture_areas",2,2,1,"Geographic_Unit",0
"disadvantaged_communities_inform",2,2,1,"Technical",1
"disadvantaged_community_block_groups",2,1,1,"Group",0
"disadvantaged_community_boundaries_places",2,2,1,"Geographic_Unit",1
"disadvantaged_community_communities",2,2,1,"Group",0
"disadvantaged_community_involvement_section_186_pg_committee",2,2,1,"Reference",0
"disadvantaged_community_mapping_tool",2,1,2,"Data_System",1
"discharge",2,1,2,"Nonsense",1
"discharges_consumptive_use_lateral_flow_of_groundwater",2,2,1,"Technical",1
"discussion_of_management_actions",2,1,1,"Reference",1
"dissolved_iron",2,2,1,"Natural_Feature",1
"distribution_system_improvement_projects",2,2,1,"Water_Project",0
"district_engineer",2,2,1,"Person",1
"division_13",2,2,1,"Legal",1
"division_3_of_the_public_resources_code",2,1,1,"Legal",0
"division_6_of_the",2,2,1,"Nonsense",1
"division_7",2,2,1,"Local_Gov",1
"division_of_safety_of_dams",2,2,1,"Infrastructure",0
"division_of_the_director",2,1,1,"Group",1
"division_of_water_resources",2,2,1,"State_Gov",1
"division_one",2,1,1,"Nonsense",1
"divisions_and_programs",2,1,1,"Group",1
"divisions_of_geologic_time",2,2,1,"Nonsense",1
"dm",2,2,1,"Nonsense",1
"dmgb_coordination_committee",2,2,1,"Group",0
"domestic_well_owners",2,1,1,"Group",1
"dominic_gutierrez",2,2,1,"Person",1
"dorsey_et_al",2,2,1,"Reference",1
"doug_a_linney",2,2,1,"Person",1
"douglas_fir",2,2,1,"Natural_Feature",1
"draft_chapter_9_project_and_management_actions",2,2,1,"Reference",1
"draft_groundwater_sustainability_plan_review",2,1,1,"Technical",1
"draft_intertie_feasibility_study",2,2,1,"Technical",1
"draft_merced_subbasin_groundwater_sustainability_plan",2,2,1,"Technical",0
"draft_piru_fillmore_basins_assembly_bill",2,1,1,"Legal",0
"drain_packages",2,2,1,"Technical",1
"drought_management_plan",2,2,1,"Technical",0
"dryfield_creek",2,2,1,"Natural_Feature",0
"drywells",2,2,1,"Infrastructure",1
"dt",2,2,1,"Nonsense",1
"dubrovsky",2,1,1,"Person",1
"duell",2,2,1,"Nonsense",1
"duke_energy",2,2,1,"Company",1
"duncan_macewan",2,2,1,"Person",1
"dw",2,2,1,"Nonsense",1
"dymally_alatorre_bilingual_services_act",2,2,1,"Legal",0
"e3",2,2,1,"Nonsense",1
"e_hautala",2,1,1,"Person",1
"e_logs",2,2,1,"Technical",1
"e_o",2,2,1,"Nonsense",1
"each_party",2,1,1,"Nonsense",1
"each_project_or_action",2,1,1,"Nonsense",1
"each_regular_board_of_directors",2,1,1,"Group",0
"eagsp",2,1,1,"Nonsense",1
"earl_schmitt_filtration_plant",2,2,1,"Infrastructure",1
"early_action_plans",2,1,1,"Technical",0
"east_contra_costa_groundwater_sustainability_plan",2,2,1,"Technical",0
"east_contra_costa_irrigation_district_board_report",2,2,1,"Technical",0
"east_las_posas_management_area_model",2,2,1,"Technical",0
"east_niles",2,2,1,"City",0
"east_stanislaus_integrated_regional_water_management_plan",2,2,1,"Technical",0
"eastern_management_area_of",2,2,1,"Geographic_Unit",1
"eastern_management_areas",2,2,1,"Geographic_Unit",0
"eastern_portion",2,1,1,"Geographic_Unit",1
"eastern_tule",2,2,1,"Basin",1
"eastern_tule_groundwater_sustainability_agency_interested_parties_list",2,2,1,"Reference",1
"eastern_tule_groundwater_sustainability_agency_joint_powers_authority",2,2,1,"Group",0
"eastside_bypass_chowchilla_canal",2,2,1,"District",0
"eastside_lower_aquifer",2,2,1,"Natural_Feature",0
"ebay",2,2,1,"Company",1
"edna_ranch_mutual_water_company",2,2,1,"Company",1
"education",2,1,1,"Nonsense",1
"education_of_groundwater_use_per_acre",2,2,1,"Technical",1
"effect_of_minimum_threshold_on",2,2,1,"Nonsense",1
"eki_environment_water_inc",2,2,1,"Company",1
"el_camino_restoration",2,2,1,"Water_Project",1
"el_estudio_de_tarifas_que",2,2,1,"Nonsense",1
"el_monitoreo_y_la_presentación_informes",2,2,1,"Technical",0
"el_nido_canal",2,2,1,"District",0
"el_paso_water_utilities",2,2,1,"District",1
"el_rio_groundwater_recharge_facility",2,2,1,"Infrastructure",1
"el_rio_mobile_estates",2,2,1,"Geographic_Unit",1
"el_rio_spreading_grounds",2,2,1,"Infrastructure",1
"el_río",2,2,1,"Natural_Feature",1
"elbar_ranch",2,1,1,"Nonsense",1
"electronic_data_transfer_library",2,1,1,"Technical",0
"elevation_contour",2,2,1,"Technical",1
"elk_grove_general_plan",2,2,1,"Technical",0
"elkhorn",2,2,1,"City",0
"elkhorn_property",2,2,1,"Geographic_Unit",1
"ellis",2,2,1,"Geographic_Unit",1
"elsinore_valley_groundwater_subbasin",2,2,1,"Basin",0
"elvin_kumar",2,2,1,"Person",1
"empire_weir_no",2,2,1,"Infrastructure",1
"empire_west_side_irrigation_district",2,2,1,"District",0
"encourage",2,1,1,"Nonsense",1
"endangered",2,2,1,"Nonsense",1
"endangered_fully_protected_reliance_on_groundwater",2,2,1,"Nonsense",1
"endangered_fully_protected_reliance_on_groundwater_direct",2,2,1,"Nonsense",1
"ensure",2,1,1,"Nonsense",1
"enterprise_anderson_groundwater_sustainability_agency_management_adjacent_basins_committee",2,1,1,"Group",0
"enterprises",2,2,1,"Nonsense",1
"entities",2,2,1,"Nonsense",1
"environmental_and_ecosystem_uses",2,2,1,"Legal",1
"environmental_defense_fund_t10000003428_mw2",2,2,1,"NGO",1
"environmental_health_department_well_program",2,2,1,"Local_Gov",1
"environmental_management_element",2,2,1,"Reference",1
"environmental_resources_engineering",2,1,1,"Company",1
"environmental_services_dept",2,2,1,"Local_Gov",1
"environmental_users_of_groundwater_representatives",2,1,1,"Group",1
"eric_limas",2,1,1,"Person",1
"eric_shannon",2,2,1,"Person",1
"eryn_torres",2,1,1,"Person",1
"es_421_direct_groundwater_potential",2,2,1,"Technical",1
"esjga",2,1,1,"Nonsense",1
"esjwqc",2,2,1,"Nonsense",1
"establish",2,2,1,"Nonsense",1
"estimated",2,2,1,"Nonsense",1
"estimating",2,1,1,"Nonsense",1
"et_measurement",2,2,1,"Technical",1
"et_package",2,2,1,"Technical",1
"etpr",2,2,1,"Nonsense",1
"evaluate_distribution_of_groundwater_dependent_ecosystems",2,2,1,"Natural_Feature",0
"evaluate_groundwater_sustainability_plan",2,2,1,"Technical",0
"evaluated",2,2,1,"Nonsense",1
"evan_perez",2,2,1,"Person",1
"evapotranspiration",2,2,1,"Natural_Feature",1
"evapotranspiration_crop",2,1,1,"Technical",1
"executive_committees",2,2,1,"Group",0
"exeter_irrigation_district_management_area",2,2,1,"Geographic_Unit",0
"existing_enforce",2,2,1,"Legal",1
"existing_expanded_conjunctive_use",2,2,1,"Water_Project",1
"expanded_water_conservation_and_standby_rationing_plan_4_water_conservation",2,2,1,"Legal",1
"external_communications_representative",2,2,1,"Nonsense",1
"f1",2,2,1,"Nonsense",1
"f_dischargers",2,2,1,"Data_System",1
"facilitation_support_and_technical_support",2,2,1,"Technical",0
"factory_ponds",2,1,1,"Natural_Feature",1
"fair_oaks",2,2,1,"City",0
"fall_levels",2,2,1,"Technical",1
"family_resource_center",2,2,1,"Local_Gov",1
"fan_et_adenostoma",2,1,2,"Reference",1
"fan_et_ceanothus",2,1,1,"Nonsense",1
"farm_advisors",2,2,1,"Group",1
"farm_bureau_county_farm",2,2,1,"NGO",1
"farm_demand",2,2,1,"Nonsense",1
"farm_level",2,1,1,"Geographic_Unit",1
"farm_october_7",2,2,1,"Nonsense",1
"farm_process_package",2,2,1,"Nonsense",1
"fe",2,1,1,"Nonsense",1
"feather_river_regional_flood_management_plan",2,2,1,"Technical",0
"federal_and_state",2,1,1,"Group",1
"federal_emergency_management_agency",2,1,1,"Federal_Gov",0
"federal_entities_established",2,2,1,"Group",1
"federal_grants",2,2,1,"Legal",1
"federal_power_commission",2,1,1,"Group",0
"federal_wellhead_protection_program",2,1,1,"Federal_Gov",1
"fesa",2,2,1,"Legal",1
"ff_ff",2,2,1,"Nonsense",1
"field_duplicate_and_site_specific_quality_control",2,1,1,"Technical",1
"field_techniques_for_estimating_water_fluxes_between_surface_water_and_ground_water",2,1,1,"Technical",1
"files12_071data_current",2,2,1,"Technical",0
"fillmore_b_piru_c",2,1,1,"Basin",1
"finance_committee",2,2,1,"Group",0
"finite_element_model",2,1,1,"Technical",0
"firebaugh_irrigation_management_information_system",2,2,1,"Technical",0
"flood_and_water_conservation_district",2,1,1,"District",0
"flood_bypass",2,2,1,"Infrastructure",1
"flood_reserve",2,2,1,"Infrastructure",1
"floodplain",2,1,1,"Natural_Feature",1
"floodplain_enhancement_and_recharge",2,1,1,"Water_Project",1
"floodwater_the_district",2,2,1,"District",0
"florin_county_water_district",2,2,1,"District",0
"flows_technical",2,2,1,"Technical",0
"flows_underflow",2,1,2,"Technical",1
"focused_cross_sections",2,2,1,"Technical",1
"fogg_1997",2,1,1,"Reference",1
"fonsi",2,2,1,"Nonsense",1
"foothill_woodland",2,1,1,"Natural_Feature",1
"foothills_simulated",2,2,1,"Technical",1
"forebay_subbasin_groundwater_sustainability_plan_implementation_agreement",2,2,1,"Group",0
"foreman",2,1,1,"Nonsense",1
"forest_ranch",2,2,1,"City",0
"formerly_established",2,2,1,"Nonsense",1
"forrest_frick_pipeline",2,2,1,"Infrastructure",1
"forsythe",2,2,1,"Nonsense",1
"foster_park_aquatic_habitat_area_groundwater_dependent_ecosystem",2,2,1,"Natural_Feature",0
"foundational_data_documents",2,2,1,"Technical",0
"fpbga",2,1,1,"Nonsense",1
"fpbga_board_directors",2,1,1,"Group",1
"framework_document",2,1,1,"Reference",1
"franciscan_basement",2,2,1,"Natural_Feature",1
"franciscan_formation_physical_properties_wells",2,2,1,"Technical",1
"frank_konyn_dairy_inc",2,2,1,"Company",1
"freeman",2,2,1,"Nonsense",1
"freeport_regional_water_project",2,2,1,"Water_Project",0
"freitas",2,2,1,"Nonsense",1
"fremont_cottonwood",2,1,1,"Natural_Feature",1
"fresno_bee",2,1,2,"Nonsense",1
"fresno_river_flood_releases",2,2,1,"Water_Project",1
"friant_class",2,1,1,"Nonsense",1
"friant_kern_canal_as_regional_critical_infrastructure",2,2,1,"Infrastructure",1
"friant_kern_canal_central_valleyp",2,1,1,"Infrastructure",1
"frog",2,1,1,"Nonsense",1
"front_outside",2,1,1,"District",0
"front_piru_a",2,1,2,"Basin",1
"ftr",2,1,1,"Nonsense",1
"full_advanced_treatment_program",2,2,1,"Water_Project",1
"funded_seek",2,2,1,"Nonsense",1
"future_baseline_and_climate_change",2,2,1,"Technical",1
"future_baseline_with_climate_change",2,2,1,"Technical",1
"g_g",2,2,1,"Nonsense",1
"g_l",2,1,1,"Nonsense",1
"gabbro",2,2,1,"Natural_Feature",1
"gabilan",2,2,1,"Basin",1
"gadwall_unit",2,2,1,"Geographic_Unit",1
"gage_package",2,1,2,"Technical",1
"gainey_ranch",2,1,2,"Geographic_Unit",1
"galt_herald",2,2,1,"Reference",1
"galt_wwtp",2,1,1,"Infrastructure",1
"garden_farms_community_water_district_garden_farms_community_water_district",2,2,1,"District",0
"garden_highway_mutual_water_company",2,2,1,"District",1
"garmin",2,1,1,"Company",1
"garrapata",2,1,2,"Natural_Feature",1
"gasterosteus_creek",2,1,1,"Natural_Feature",0
"gcidwis",2,2,1,"District",0
"gcp",2,2,1,"Technical",1
"gems_program",2,1,1,"Technical",1
"general_agriculture",2,1,1,"Nonsense",1
"general_basin_plan_objectives",2,2,1,"Reference",1
"general_description_and_topography",2,2,1,"Reference",1
"general_information_reporting_period",2,2,1,"Technical",0
"general_plan_action_items",2,2,1,"Reference",1
"general_plan_environmental_impact_report",2,1,1,"Technical",0
"general_plans_and_groundwater_ordinances",2,1,1,"Legal",0
"general_plans_or_urban_water_management_plans",2,1,1,"Technical",0
"general_services_administration",2,1,1,"Federal_Gov",0
"general_waste_discharge_requirements",2,2,1,"Legal",1
"geojson",2,1,1,"Nonsense",1
"geologic_cross_section",2,1,1,"Reference",0
"geological",2,2,1,"Nonsense",1
"geological_survey_groundwater_ambient_monitoring_and_assessment_priority_basin_project_report",2,2,1,"Technical",0
"geological_survey_groundwater_quality_monitoring",2,1,1,"Technical",0
"geological_survey_national_elevation_dataset",2,1,1,"Technical",0
"geological_survey_national_field_manual",2,2,1,"Reference",1
"geological_survey_scientific_investigations_report",2,1,1,"Technical",0
"geological_survey_water",2,2,1,"State_Gov",1
"geological_survey_water_supply_paper_1467",2,1,1,"Reference",1
"geomega",2,1,1,"Company",1
"geottracker",2,2,1,"Data_System",1
"gg",2,2,1,"Nonsense",1
"ghb_package",2,2,1,"Technical",1
"giant_reed",2,2,1,"Natural_Feature",1
"gibs",2,2,1,"Nonsense",1
"gillespie",2,1,2,"Local_Gov",1
"gillham",2,2,1,"Nonsense",1
"gl",2,1,1,"Nonsense",1
"gla_data",2,2,1,"Technical",0
"glenn_county_community_wildfire_protection_plan",2,2,1,"Technical",0
"global_navigation_satellite_system",2,2,1,"Technical",1
"global_positioning",2,1,1,"Technical",1
"gmt2",2,1,1,"Nonsense",1
"go",2,2,1,"Nonsense",1
"golden_state_water_company_culver_city",2,2,1,"Company",1
"golden_state_water_company_golden_state_water_company",2,1,1,"Company",1
"golf_courses",2,1,1,"Nonsense",1
"gordon",2,1,1,"Nonsense",1
"gottschalk",2,1,1,"Nonsense",1
"gov",2,2,1,"Nonsense",1
"governance_committee",2,2,1,"Group",0
"governance_workgroup",2,2,1,"Group",0
"gp2",2,1,1,"Nonsense",1
"graham_hill_water_treatment_plan",2,2,1,"Technical",0
"granite_construction",2,2,1,"Company",1
"granitic",2,1,1,"Nonsense",1
"grant",2,1,1,"Nonsense",1
"grassland_drainage_area_gar",2,2,1,"Basin",1
"gravels",2,1,1,"Natural_Feature",1
"greater_monterey_county_region",2,2,1,"Geographic_Unit",0
"greater_tule_management_area",2,2,1,"Geographic_Unit",0
"griffith_creek",2,2,1,"Natural_Feature",0
"griffith_park",2,1,2,"Natural_Feature",1
"groundwater_accounting_program",2,2,1,"Technical",1
"groundwater_agency",2,2,1,"Group",0
"groundwater_ambient_monitoring_and_assessment_priority_basin_project",2,2,1,"Water_Project",0
"groundwater_ambient_monitoring_and_assessment_technical_hydrogeologic_and_data_support",2,1,1,"Technical",0
"groundwater_banking_program",2,2,1,"Water_Project",1
"groundwater_basin_prioritization",2,2,1,"Technical",1
"groundwater_dependent_ecosystem_locations",2,2,1,"Natural_Feature",1
"groundwater_dependent_ecosystem_pulse",2,2,1,"Natural_Feature",1
"groundwater_dependent_ecosystem_rooting_database",2,2,1,"Technical",0
"groundwater_elevation_data_groundwater",2,1,1,"Technical",0
"groundwater_exchange",2,2,1,"Infrastructure",1
"groundwater_export_groundwater",2,1,1,"Nonsense",1
"groundwater_export_ordinance",2,2,1,"Legal",0
"groundwater_extraction_accurate",2,1,1,"Technical",1
"groundwater_extraction_credit_marketing_and",2,2,1,"Nonsense",1
"groundwater_extraction_monitoring",2,1,1,"Technical",0
"groundwater_extraction_monitoring_data_gaps",2,1,1,"Technical",0
"groundwater_level_minimum_thresholds",2,2,1,"Technical",1
"groundwater_levels_agres",2,2,1,"Technical",1
"groundwater_management_ordinance",2,1,1,"Legal",0
"groundwater_management_planning_act",2,1,1,"Legal",0
"groundwater_metering_and_reporting_plan",2,2,1,"Technical",0
"groundwater_model_of_east",2,2,1,"Technical",0
"groundwater_monitoring_network",2,2,1,"Technical",0
"groundwater_monitoring_program",2,1,1,"Technical",0
"groundwater_planning_commission_authority",2,1,1,"Group",0
"groundwater_quality_data_processing_groundwater",2,2,1,"Technical",0
"groundwater_quality_groundwater",2,2,1,"Technical",1
"groundwater_quality_impacts",2,2,1,"Legal",0
"groundwater_quality_monitoring_and_data_sources_groundwater",2,1,1,"Technical",0
"groundwater_quality_monitoring_objectives",2,2,1,"Technical",0
"groundwater_quality_samples",2,2,1,"Technical",1
"groundwater_recordation_program",2,2,1,"Technical",1
"groundwater_replenishment_and_reuse_project_recycled_water_project",2,2,1,"Water_Project",0
"groundwater_resources_advisory",2,2,1,"Group",1
"groundwater_resources_section",2,1,1,"Reference",0
"groundwater_service_area",2,2,1,"Geographic_Unit",0
"groundwater_status_report",2,1,1,"Technical",0
"groundwater_storage_minimum_threshold",2,2,1,"Reference",1
"groundwater_storage_program",2,2,1,"Water_Project",1
"groundwater_sustainability_agency_coordination_implementation",2,1,1,"Group",1
"groundwater_sustainability_agency_formation_notification",2,1,1,"Legal",1
"groundwater_sustainability_agency_forming_parties_and_participating_parties",2,2,1,"Group",1
"groundwater_sustainability_agency_party_contact",2,2,1,"Legal",0
"groundwater_sustainability_agency_representative",2,2,1,"Group",1
"groundwater_sustainability_management_act",2,1,1,"Legal",0
"groundwater_sustainability_plan_ac",2,2,1,"Legal",1
"groundwater_sustainability_plan_community_advisory_committee",2,2,1,"Group",0
"groundwater_sustainability_plan_coordinating_committee",2,2,1,"Group",0
"groundwater_sustainability_plan_data",2,1,1,"Technical",0
"groundwater_sustainability_plan_development_basin_setting_hydrogeologic_conceptual_model_table_hydrogeologic_conceptual_model1",2,2,1,"Reference",0
"groundwater_sustainability_plan_development_process_we",2,2,1,"Nonsense",1
"groundwater_sustainability_plan_emergency_regulation",2,2,1,"Legal",0
"groundwater_sustainability_plan_emergency_regulations",2,1,1,"Legal",0
"groundwater_sustainability_plan_evaluation",2,1,1,"Technical",1
"groundwater_sustainability_plan_foundational_data_documents",2,2,1,"Technical",0
"groundwater_sustainability_plan_groundwater_sustainability_commission",2,2,1,"Group",0
"groundwater_sustainability_plan_implementation_effects_on_water_supply_assumptions_implementation",2,2,1,"Technical",1
"groundwater_sustainability_plan_implementation_interaction_the_yuba_subbasins",2,2,1,"Basin",0
"groundwater_sustainability_plan_planning",2,1,1,"Technical",1
"groundwater_sustainability_plan_program",2,2,1,"Group",1
"groundwater_sustainability_plan_provide",2,2,1,"District",0
"groundwater_sustainability_plan_regulations_section",2,2,1,"Reference",0
"groundwater_sustainability_plan_regulations_section_3554",2,1,1,"Reference",0
"groundwater_sustainability_plan_section_3",2,2,1,"Reference",0
"groundwater_sustainability_plan_section_where_is",2,2,1,"Reference",0
"groundwater_sustainability_plan_september_2019",2,2,1,"Reference",1
"groundwater_sustainability_plan_stakeholder_communication",2,2,1,"Group",1
"groundwater_sustainability_plan_stakeholder_workshop",2,2,1,"Group",1
"groundwater_sustainability_plan_studies_planned_projects_and_management",2,2,1,"Reference",1
"groundwater_sustainability_plan_technical_workshops",2,2,1,"Technical",0
"groundwater_sustainability_plan_the_soil_agricultural_groundwater_banking",2,2,1,"Water_Project",1
"groundwater_sustainability_planning_process_update",2,1,2,"Reference",1
"groundwater_sustainable_agency",2,1,1,"Group",0
"groundwater_water_budget",2,2,1,"Technical",1
"grounwater_pumping",2,2,1,"Nonsense",1
"group_1_and_group",2,2,1,"Group",0
"group_4_pmas",2,1,1,"Group",1
"grove",2,1,1,"Nonsense",1
"grr",2,2,1,"Nonsense",1
"gui",2,2,1,"Nonsense",1
"guiding_principles_for_models_used",2,2,1,"Technical",0
"guinda",2,2,1,"City",0
"gw_elevation_contour",2,2,1,"Technical",1
"gw_geochemistry",2,2,1,"Technical",1
"gwa_board_of_directors",2,2,1,"Group",0
"gwc5",2,2,1,"Nonsense",1
"h",2,1,1,"Nonsense",1
"habitat",2,1,1,"Natural_Feature",1
"habitat_comment",2,2,1,"Nonsense",1
"hall",2,2,1,"Nonsense",1
"hanson_aggregates",2,2,1,"Company",1
"harder_and_company",2,1,1,"Company",1
"harding_ese",2,1,1,"District",1
"hardwick",2,2,1,"City",0
"harris_ranch",2,2,1,"Nonsense",1
"harrison",2,1,1,"Nonsense",1
"hartsock_worth",2,2,1,"Person",1
"harvest_water_program",2,2,1,"Water_Project",1
"harvey_diversion",2,1,1,"Infrastructure",1
"harvey_o_banks_pumping_plant",2,1,1,"Infrastructure",1
"hayde_sanchez",2,2,1,"Person",1
"hayes",2,2,1,"Nonsense",1
"haynes",2,1,1,"Nonsense",1
"hayward_water_shortage_contingency_plan",2,2,1,"Technical",0
"healdsburg_area",2,2,1,"Geographic_Unit",0
"health_and",2,2,1,"Nonsense",1
"health_order",2,1,1,"Legal",1
"hellmers_et_al",2,1,1,"Reference",1
"helm",2,2,1,"Nonsense",1
"help_enterprises",2,2,1,"Company",1
"hemet_management_area",2,2,1,"Geographic_Unit",0
"hemet_san_jacinto_groundwater_management_area_adjudication",2,2,1,"Legal",1
"hemet_south_groundwater_management_zone",2,2,1,"Geographic_Unit",0
"henry_miller_road",2,2,1,"Infrastructure",1
"herald_fire_protection_district",2,2,1,"District",0
"herb_smart",2,2,1,"Nonsense",1
"hercules_water_company",2,2,1,"Company",1
"heritage_ranch_community_services_district_groundwater_sustainability_agency",2,2,1,"Other_GSA",0
"hexazinone",2,2,1,"Nonsense",1
"high_priority",2,1,1,"Nonsense",1
"hill_canyon_wastewater_treatment_plant",2,2,1,"Infrastructure",1
"hills",2,2,1,"Natural_Feature",1
"historical",2,1,2,"Nonsense",1
"historical_study_period",2,2,1,"Technical",1
"hob",2,2,1,"Nonsense",1
"holly_sugar_corporation",2,1,1,"Company",1
"hollywood_subbasin",2,2,1,"Basin",0
"horizontal_flow_barrier_package",2,1,1,"Technical",1
"hosted",2,2,1,"Nonsense",1
"housing_element_advisory_committee",2,2,1,"Group",0
"how_can_operate_without_causing_undesirable_results",2,2,1,"Nonsense",1
"howard_et_al",2,1,1,"Reference",1
"howard_franklin",2,2,1,"Person",1
"hsg_a",2,2,1,"Nonsense",1
"hsu_layer_5",2,1,1,"Technical",1
"httpscasoilresourcelawrucdavisedusagbi",2,1,1,"Nonsense",1
"httpswatercagovmediadwrwebsitewebpagesprogramsgroundwatermanagementsustainablegroundwatermanagementbestmanagementpracticesandguidancedocumentsfil",2,2,1,"District",0
"human",2,2,1,"Nonsense",1
"humboldt_county_board_of",2,2,1,"Local_Gov",1
"humboldt_county_building_and_planning_department",2,2,1,"Group",0
"humboldt_department_of_public_works_environmental_services",2,2,1,"Local_Gov",1
"humboldt_redwood_company",2,2,1,"Company",1
"humboldt_state_university",2,1,1,"Nonsense",1
"hurlbutt",2,2,1,"Person",1
"hutchkiss",2,2,1,"Nonsense",1
"hydesville_community_services_district",2,2,1,"District",0
"hydraulic_conductivity_aquifer_thickness",2,2,1,"Technical",1
"hydrofocus",2,2,1,"Company",1
"hydrogeologic_conceptual_model_the_tule_lake_subbasin",2,2,1,"Basin",0
"hydrogeologic_inc",2,1,1,"Company",1
"hydrogeologic_subareas",2,2,1,"Geographic_Unit",0
"hydrogeophysics_group",2,1,1,"Group",0
"hydrographs_for_main_street_monitoring_wells",2,2,1,"Technical",0
"hydrographs_hydrographs",2,1,1,"Technical",1
"hydrologic_conceptual_model_and_groundwater_conditions_report",2,2,1,"Technical",0
"hydrologic_conditions_report",2,1,1,"Technical",0
"hydrologic_flow_barrier",2,2,1,"Natural_Feature",1
"hydrologic_soil_group_a",2,2,1,"Technical",1
"hydrology_hydrologic",2,2,1,"Technical",1
"hydrostratigraphic_evaluation",2,2,1,"Technical",1
"hydstra",2,2,1,"Data_System",1
"i_alyson_watson",2,2,1,"Person",1
"i_drinking_water_wells_monitoring_network",2,2,1,"Technical",0
"icp",2,2,1,"Nonsense",1
"idaho",2,1,1,"District",0
"identification_of_interconnected_surface_water_systems",2,1,1,"Natural_Feature",0
"identify_funding_alternatives_the_subbasin",2,2,1,"Basin",0
"idw",2,2,1,"District",0
"ikes",2,2,1,"Nonsense",1
"impacted",2,1,1,"Nonsense",1
"impervious_and_urban_landscape",2,2,1,"Geographic_Unit",1
"implementation_of_group",2,2,1,"Group",0
"implementation_of_this_action",2,2,1,"Nonsense",1
"implementation_process_and_timetable",2,1,1,"Reference",1
"improve",2,2,1,"Nonsense",1
"improvements",2,2,1,"Nonsense",1
"in_applicable_general_plans",2,2,1,"Technical",0
"in_section",2,2,1,"Reference",0
"in_section_107278_public_notification_and_participation",2,1,1,"Reference",0
"include",2,2,1,"Nonsense",1
"included",2,2,1,"Nonsense",1
"included_basin",2,1,1,"Basin",0
"included_table",2,1,1,"Reference",0
"incorporation_of_monitoring",2,1,1,"Technical",0
"indian_creek",2,2,1,"Natural_Feature",0
"individual_individual",2,2,1,"District",0
"industrial_service_supply",2,2,1,"Nonsense",1
"industrial_wells",2,2,1,"Infrastructure",1
"information_and_methods",2,2,1,"Reference",1
"informes_anuales",2,2,1,"Reference",1
"initiate",2,2,1,"Nonsense",1
"inland_empire_brine_line",2,2,1,"Infrastructure",1
"inland_surface_waters_plan",2,1,1,"Technical",0
"inland_surface_waters_plan_and_enclosed_bays_and_estuaries_plan",2,1,1,"Technical",0
"installation_restoration_program",2,2,1,"Group",1
"institut_national_agronomique_de_tunisie",2,2,1,"Nonsense",1
"integrated_plan",2,2,1,"Technical",0
"integrated_regional_water_management_program",2,1,2,"State_Gov",1
"integrated_regional_water_management_the_watershed_coalition_of",2,1,1,"Group",1
"integrates_sw_gw_model",2,2,1,"Technical",0
"interagency_drought_task_forces",2,2,1,"Group",1
"interagency_refuge_water_management_team",2,2,1,"Group",1
"interbasin",2,1,1,"Basin",0
"interconnected",2,1,2,"Nonsense",1
"interested_parties_databases",2,2,1,"Technical",0
"interested_party_list",2,1,2,"Group",1
"interferometric_synthetic_aperture_imagery",2,2,1,"Technical",1
"intra_basin_coordination_between_management_areanagement",2,1,1,"Nonsense",1
"introduction_the_united_water_conservation_district",2,1,1,"District",0
"invasive_species_eradication",2,2,1,"Group",1
"investigates_exceedance",2,2,1,"Nonsense",1
"investigation_and_cleanup_of_contaminated_sites",2,1,1,"Legal",1
"investment_program",2,1,1,"Nonsense",1
"investor_owned_utility",2,2,1,"Nonsense",1
"inyo_co",2,2,1,"Local_Gov",1
"inyo_county_planning_department",2,2,1,"Group",0
"inyo_county_technical_group",2,2,1,"Group",0
"inyo_mono",2,2,1,"Basin",1
"io",2,2,1,"Nonsense",1
"irlp",2,2,1,"Nonsense",1
"irrigated_lands_regulatory_program_domestic_wells",2,2,1,"Legal",1
"irrigation_demand_reduction",2,1,1,"Technical",1
"irrigation_management_information_system_station",2,2,1,"Data_System",1
"irrigation_supply_wells",2,2,1,"Infrastructure",1
"irrigation_training_resource_center",2,2,1,"Group",1
"isa_8",2,2,1,"Nonsense",1
"israel",2,2,1,"Geographic_Unit",1
"its_policies_and_activities",2,2,1,"Nonsense",1
"izbicki_et_al",2,2,1,"Reference",1
"j_texaco",2,2,1,"Nonsense",1
"jack_noble",2,2,1,"Person",1
"jacks",2,2,1,"Nonsense",1
"jackson_2002",2,1,1,"Reference",1
"jacobs_district",2,1,1,"District",0
"jacobs_engineering",2,1,1,"Company",1
"james_groundwater_sustainability_agency_plan_area",2,2,1,"Geographic_Unit",0
"james_h_wegley",2,2,1,"Person",1
"james_irrigation_district_board_of_directors",2,2,1,"Group",0
"james_maxwell",2,2,1,"Person",1
"james_strong",2,2,1,"Person",1
"jameson",2,2,1,"Nonsense",1
"jc",2,1,1,"Nonsense",1
"je_amoore",2,1,1,"Person",1
"jeff",2,2,1,"Nonsense",1
"jeff_fenton",2,2,1,"Person",1
"jennifer_spaletta",2,2,1,"Person",1
"jenning_et_al",2,2,1,"Reference",1
"jennings",2,1,1,"Nonsense",1
"jenny_tribo",2,2,1,"Person",1
"jensen",2,2,1,"Nonsense",1
"jim_rumbaugh",2,2,1,"Person",1
"joaquin_subbasin_hcm",2,2,1,"Technical",1
"joaquin_valley",2,1,1,"Geographic_Unit",0
"john_a_coleman",2,2,1,"Person",1
"john_bootsma",2,2,1,"Person",1
"john_chadwell",2,2,1,"Person",1
"john_heinlen_mutual_water_company",2,2,1,"District",1
"john_ricker",2,2,1,"Person",1
"johnsen",2,2,1,"Nonsense",1
"joint_exercise_of_powers_agreement_establishing",2,2,1,"Legal",1
"joint_groundwater_sustainability_agency_boards_meeting",2,2,1,"Group",1
"joint_power_authority",2,2,1,"Group",0
"joint_powers",2,2,1,"Legal",1
"joint_technical_advisory_committee",2,2,1,"Group",0
"joint_technical_advisory_committee_meetings",2,2,1,"Technical",0
"jones_pumping_plant",2,2,1,"Infrastructure",1
"jotform",2,2,1,"Company",1
"journal_of_applied_toxicology",2,1,1,"Reference",1
"jpa_outline",2,1,1,"Nonsense",1
"julia_berry",2,2,1,"Person",1
"juniper_creek",2,2,1,"Natural_Feature",0
"jurassic_bedford_canyon_formation",2,2,1,"Natural_Feature",0
"kanawha_wd",2,2,1,"District",0
"karuk_tribe",2,2,1,"Group",1
"katarina_campbell",2,2,1,"Person",1
"katie_hockett",2,2,1,"Person",1
"kaweah_aem_sci_inv_v1xyz",2,1,1,"Technical",1
"kaweah_delta_water_conservation_district_land_surface_elevation_monitoring_plan",2,1,1,"Technical",0
"kaweah_groundwater_communication_portal",2,2,1,"Data_System",1
"kaweah_management_team",2,2,1,"Group",1
"kaweah_st_johns_river",2,2,1,"Natural_Feature",0
"kaweah_subbasin_committee_management_team",2,2,1,"Group",1
"kaweah_subbasin_coordination_agreement",2,2,1,"Group",0
"kaweah_subbasin_hydrologic_model",2,1,1,"Technical",0
"kcl",2,2,1,"Nonsense",1
"kellogg_creek",2,2,1,"Natural_Feature",0
"ken_elwin",2,2,1,"Person",1
"ken_minn",2,1,1,"Person",1
"kenneth_hahn_state",2,2,1,"Infrastructure",1
"kerby_ranch",2,2,1,"Nonsense",1
"kern_basin_plan",2,2,1,"Technical",0
"kern_channel",2,2,1,"Natural_Feature",1
"kern_county_environmental_health_services",2,2,1,"Local_Gov",1
"kern_county_integrated_regional_water_management_region",2,1,1,"Geographic_Unit",0
"kern_county_planning_community_development_department",2,1,1,"Group",0
"kern_county_water_agency_board",2,2,1,"Group",0
"kern_delta_water_district_eastside_canal",2,2,1,"District",0
"kern_groundwater_authority_checkbook",2,2,1,"Nonsense",1
"kern_groundwater_management_committee",2,2,1,"Group",0
"kern_integrated_regional_water_management_plan",2,2,1,"Technical",0
"kern_managers_meetings_representatives",2,1,1,"Group",1
"kern_river_flood_channel_canal",2,2,1,"Infrastructure",1
"kern_river_formations",2,1,1,"Natural_Feature",0
"kern_river_oilfield",2,2,1,"Natural_Feature",1
"kern_river_plan_element",2,2,1,"Group",1
"kern_river_watermaster",2,2,1,"Group",1
"kern_sustainable_groundwater_managementa_coordination_committee",2,2,1,"Group",0
"kevin",2,1,1,"Person",1
"kia_vang",2,2,1,"Person",1
"kiefer_landfill_description",2,2,1,"Infrastructure",1
"kings_coalition",2,2,1,"Group",1
"kings_river_conservation",2,2,1,"Group",1
"kings_river_east_groundwater_sustainability_agency_agency",2,2,1,"Group",0
"kings_river_flood_flows",2,2,1,"Natural_Feature",1
"kjn_dissolved",2,2,1,"Nonsense",1
"kjn_nitrate_nitrite",2,2,1,"Data_System",1
"klamath_basin",2,2,1,"Basin",0
"klausmeyer",2,2,1,"Person",1
"knights_landing_csd",2,2,1,"District",1
"knoxville",2,2,1,"Nonsense",1
"kouba",2,2,1,"Nonsense",1
"krega",2,2,1,"District",1
"kristin_sicke",2,2,1,"Person",1
"kulongoski_et_al",2,2,1,"Reference",1
"kyle_knutson",2,2,1,"Person",1
"l114_noticing_public",2,2,1,"Nonsense",1
"l_05",2,2,1,"Reference",1
"l_2s",2,2,1,"Nonsense",1
"la_agencia_y_políticas",2,2,1,"Nonsense",1
"la_purísima_mission_state_historic_park",2,2,1,"Natural_Feature",1
"la_selva",2,2,1,"Natural_Feature",1
"la_sostenibilidad",2,2,1,"District",0
"lacey_mcbride",2,2,1,"District",0
"lafayette",2,2,1,"City",0
"lafreniere",2,2,1,"Nonsense",1
"lahontan",2,2,1,"Basin",1
"lake_cachuma_reservoir",2,1,1,"Infrastructure",0
"lake_county_flood_control_and_water_conservation_district",2,2,1,"District",0
"lake_mendocino_drive_ukiah",2,2,1,"Infrastructure",1
"lake_natoma",2,2,1,"Natural_Feature",1
"lake_oroville",2,1,1,"Natural_Feature",1
"lamnin",2,2,1,"Nonsense",1
"lanare_csd_board",2,2,1,"Group",0
"land",2,1,2,"Nonsense",1
"land_based_assessment_fees",2,2,1,"Legal",1
"land_corporation",2,2,1,"Company",1
"land_subsidence_affecting_land_reilly",2,2,1,"District",0
"land_subsidence_management_area",2,2,1,"Geographic_Unit",0
"land_subsidence_monitoring",2,1,1,"Technical",0
"land_subsidence_sustainable_management_criteria",2,2,1,"District",0
"land_subsidence_sustainable_management_criteria_locally_defined_significant_and_unreasonable_conditions",2,2,1,"District",0
"land_technical_memorandum",2,2,1,"Technical",0
"land_use_inventory",2,2,1,"Technical",1
"land_use_jurisdiction_coordination_program",2,2,1,"Group",1
"land_use_study",2,2,1,"Technical",1
"landowners_and_municipal_users",2,2,1,"Group",1
"lands_uses",2,2,1,"Nonsense",1
"landsmart",2,2,1,"NGO",1
"lane_et_al",2,2,1,"Person",1
"lark_seep",2,2,1,"Natural_Feature",1
"las_agencias",2,2,1,"District",1
"las_brisas",2,2,1,"Nonsense",1
"las_condiciones_históricas",2,2,1,"Nonsense",1
"las_posas_estates",2,2,1,"Geographic_Unit",1
"lassotovitch",2,2,1,"Nonsense",1
"lateral_boundaries",2,1,1,"Technical",1
"laton_community_services_district",2,2,1,"District",0
"law816",2,2,1,"Legal",1
"law_offices_of",2,2,1,"Nonsense",1
"lawrence_berkeley_national_laboratory",2,2,1,"Federal_Gov",1
"lawrence_livermore",2,1,1,"Company",1
"layer_1_and_2",2,1,1,"Nonsense",1
"layne",2,2,1,"Company",1
"lcja",2,2,1,"Nonsense",1
"lead_entity_the_lead_entity",2,2,1,"Nonsense",1
"leadership_council",2,2,1,"Group",0
"leads",2,2,1,"Nonsense",1
"leak_repair_programs",2,1,1,"Group",1
"leandro_maldonado",2,2,1,"Person",1
"lebec_county_water_district_lebec_pw",2,2,1,"District",1
"ledyard",2,2,1,"Local_Gov",1
"lee",2,2,1,"Nonsense",1
"legal_authority_mandatory",2,2,1,"Legal",1
"legal_counsels",2,2,1,"Group",1
"leland_stanford_junior_university",2,1,2,"NGO",1
"level_2",2,2,1,"Nonsense",1
"levels32",2,2,1,"Nonsense",1
"levi_paulin",2,2,1,"Person",1
"lewis_creek_recharge_project",2,2,1,"Water_Project",0
"liberty_mill_race_company",2,2,1,"Company",1
"liberty_utilities",2,2,1,"Company",1
"lichau_creek",2,2,1,"Natural_Feature",0
"lieu_recharge_projects_to_deliver_unused",2,2,1,"Water_Project",1
"limited_agriculture",2,2,1,"Geographic_Unit",1
"limoneira_company",2,1,1,"Company",1
"lindsay_strathmore_irrigation_district_management_area",2,2,1,"Geographic_Unit",0
"lindsay_strathmore_irrigation_districts",2,2,1,"District",0
"linguistic_isolation_linguistic",2,2,1,"Nonsense",1
"list_of_abbreviations_1d",2,1,1,"Reference",1
"list_of_management_actions",2,2,1,"Reference",1
"list_of_projects",2,1,1,"Water_Project",0
"list_of_projects_and_management_actions",2,1,1,"Reference",1
"lithologic_texture_geostatistical",2,1,1,"Technical",1
"little_dixie_washes",2,2,1,"Natural_Feature",1
"local_area_formation_commission",2,2,1,"Group",0
"local_basin_management_objectives",2,1,2,"Group",1
"local_groundwater_assistance_surface_water_groundwater",2,2,1,"Group",1
"local_meteoric_water_line",2,2,1,"Technical",1
"local_supplies_local",2,1,1,"Nonsense",1
"localized_outreach_and_engagement_strategies",2,1,1,"Technical",1
"location",2,1,1,"Nonsense",1
"lockeford_community_services_district_lockeford_community_services_district",2,2,1,"District",0
"lompoc_regional_wastewater_treatment_plant",2,2,1,"Infrastructure",1
"long_canyon_anticlines",2,2,1,"Natural_Feature",1
"lookout_rancheria",2,2,1,"Local_Gov",1
"los_alamos_community_service_district",2,2,1,"District",0
"los_angeles_county_department",2,2,1,"Group",0
"los_angeles_county_department_of_regional_planning",2,2,1,"Local_Gov",1
"los_angeles_county_district",2,2,1,"District",0
"los_angeles_county_waterworks",2,2,1,"District",1
"los_banos_alluvium",2,2,1,"Natural_Feature",0
"los_banos_creek_recharge_and_recovery_project",2,2,1,"Water_Project",0
"los_padres_estates",2,2,1,"Geographic_Unit",1
"los_proyectos",2,2,1,"Nonsense",1
"lost_hills",2,2,1,"City",0
"low_alluvial_fan_of",2,1,1,"Natural_Feature",1
"lower_180foot_aquifer",2,2,1,"Natural_Feature",0
"lower_cache_putah",2,2,1,"Basin",1
"lower_elkhorn_natural_resources_district_by_exploration_resources_international_geophysics_llc",2,1,1,"District",1
"lower_feeder",2,2,1,"Natural_Feature",1
"lower_kaweah_river",2,2,1,"Natural_Feature",0
"lower_layer_5",2,1,2,"Nonsense",1
"lower_pressure_and",2,2,1,"Nonsense",1
"lower_princeton_submarine",2,1,2,"Natural_Feature",1
"lower_santa_ynez_river_fish_management_plan",2,1,1,"Technical",0
"lower_tule",2,2,1,"Basin",1
"lower_tule_river_groundwater_sustainability_agency",2,2,1,"Other_GSA",0
"lower_uncertainty_wafr_fraction",2,2,1,"Nonsense",1
"loyalton_fault",2,2,1,"Natural_Feature",1
"lucas_avila",2,2,1,"Person",1
"luiseno_indians",2,2,1,"NGO",1
"lux_land_company",2,2,1,"Company",1
"m",2,1,1,"Nonsense",1
"macdoel_ii",2,2,1,"Water_Project",1
"macgillivray",2,2,1,"Nonsense",1
"machado",2,2,1,"Nonsense",1
"mactec",2,2,1,"Company",1
"madera_community_college_center",2,2,1,"Local_Gov",1
"madera_county_auditor",2,2,1,"Local_Gov",1
"madera_county_board_of_supervisors",2,2,1,"Group",0
"madera_county_transportation_commission",2,2,1,"Group",0
"madera_irrigation_district_board_of_directors",2,2,1,"Group",0
"madera_irrigation_district_pipeline",2,2,1,"Infrastructure",1
"madera_ranch",2,2,1,"Nonsense",1
"magnuson_stevens_fishery_conservation_and_management_act",2,2,1,"Legal",0
"mailing_addresses",2,1,1,"Nonsense",1
"main_intake_canal_seepage_reimbursement_program",2,2,1,"Water_Project",1
"major_aquifers_aquitards_geologic",2,1,1,"Natural_Feature",1
"making",2,1,1,"Nonsense",1
"mammal_roosts",2,1,1,"Natural_Feature",1
"managed_aquifer_recharge_low_volume",2,2,1,"Water_Project",1
"managed_aquifer_recharge_of_overland_flow",2,2,1,"Water_Project",1
"management_action_5",2,2,1,"Nonsense",1
"management_action_this_management_action",2,2,1,"Nonsense",1
"management_actions_groundwater_extraction_allocation_framework",2,2,1,"Legal",1
"management_area_a",2,2,1,"Geographic_Unit",1
"management_area_b",2,2,1,"Geographic_Unit",1
"management_areas_a",2,2,1,"Geographic_Unit",1
"management_committees",2,2,1,"Group",0
"management_considerations",2,2,1,"District",0
"management_es6",2,2,1,"Nonsense",1
"management_of_groundwater_extractions_and_recharge",2,2,1,"Nonsense",1
"management_program",2,1,2,"Technical",1
"management_team",2,2,1,"Group",1
"management_undesirable",2,2,1,"Technical",1
"manure_nutrient_management_plan",2,2,1,"Technical",0
"mapping_of_department_of_water_resources_natural_communities",2,1,1,"Group",0
"marcuse",2,2,1,"Nonsense",1
"mare_island",2,2,1,"Geographic_Unit",1
"marin",2,2,1,"County",0
"marin_county",2,2,1,"County",0
"marina_coast_water_district_groundwater_sustainability_agency_180400_foot_aquifer",2,2,1,"Natural_Feature",0
"marina_ord_area",2,2,1,"Geographic_Unit",0
"marine_street_plant",2,2,1,"Infrastructure",1
"mariposa",2,1,1,"County",0
"mariposa_county",2,2,1,"County",0
"mariposa_county_resource_conservation_district",2,2,1,"District",0
"mark_souders",2,2,1,"Person",1
"master_coordination_agreement",2,2,1,"Group",0
"matrix_spike_chemistry",2,1,1,"Technical",1
"matt_pandol",2,2,1,"Person",1
"matthew_mayry",2,1,1,"Person",1
"mayfly_insects",2,2,1,"Natural_Feature",1
"mayhew_creek",2,2,1,"Natural_Feature",0
"mañana_woods",2,2,1,"Natural_Feature",1
"mcalister",2,2,1,"Nonsense",1
"mcdonnell_douglas_corporation",2,2,1,"Company",1
"mcgrath_fault",2,2,1,"Natural_Feature",1
"mcgrath_faults",2,2,1,"Natural_Feature",1
"mclaughlin",2,2,1,"Nonsense",1
"mclr",2,2,1,"Nonsense",1
"mcmurtrey",2,2,1,"Person",1
"meacham_hill",2,2,1,"Natural_Feature",1
"meade",2,2,1,"Nonsense",1
"means_for_you_and_your_community",2,2,1,"Group",0
"measurable_objectives_for_subsidence",2,1,1,"District",0
"measurable_objectives_when",2,2,1,"Nonsense",1
"measured_measured",2,2,1,"Nonsense",1
"measured_simulated",2,2,1,"Technical",1
"measurement_quality_objectives",2,1,1,"Technical",1
"mechanisms_groundwater_sustainability_agency",2,2,1,"Other_GSA",0
"melruna_carmel_avenues_basin_project",2,2,1,"Water_Project",0
"memorandum_of_agreement_for_formation_of_a_groundwater_sustainability_agency",2,1,1,"Other_GSA",0
"memorandum_of_understanding_to_form_the_santa_clarita_valley_groundwater_sustainability_agency",2,2,1,"Other_GSA",0
"mendocino_county_auditor",2,2,1,"Local_Gov",1
"mendocino_county_well",2,2,1,"Infrastructure",1
"mendota_pool_transfer_pumping_project",2,2,1,"Water_Project",0
"mendota_subbasins",2,1,1,"Basin",0
"merced_chowchilla_intertie",2,2,1,"Infrastructure",1
"merced_county_department_of_agriculture",2,2,1,"Local_Gov",1
"merced_county_environmental_health",2,2,1,"Local_Gov",1
"merced_groundwater_sustainability_agency",2,2,1,"Other_GSA",0
"merced_groundwater_sustainability_plan_implementation_program",2,2,1,"Technical",1
"merced_groundwater_sustainability_plan_program",2,2,1,"Group",1
"merced_subbasin_data_management_system",2,2,1,"Technical",0
"merced_sun_times",2,2,1,"NGO",1
"merquin",2,2,1,"Basin",1
"meter_audits",2,1,1,"Technical",1
"metered_1975",2,2,1,"Technical",1
"methodological_data_quality_objectives",2,1,1,"Technical",0
"metropolitan_water_resources_management_plan",2,2,1,"Technical",0
"meyers_bank_pond",2,1,1,"Natural_Feature",1
"meyers_bank_ponds",2,1,1,"Natural_Feature",1
"michael_baker_international",2,2,1,"Company",1
"michael_cornelius",2,2,1,"Person",1
"michelle_anderson",2,2,1,"Person",1
"michelle_parker_quality_assurance_manager",2,2,1,"Nonsense",1
"mid_kaweah_groundwater_sustainability_agency_service_area",2,2,1,"Geographic_Unit",0
"middle_kern_upper",2,2,1,"District",0
"middle_sacramento_valley_study_unit",2,2,1,"District",0
"milestone",2,1,1,"Nonsense",1
"mill_and_deer",2,2,1,"Natural_Feature",1
"millerton_reservoir",2,1,1,"Infrastructure",0
"millville",2,2,1,"City",0
"minimum_thresholds_and_measurable_objectives_and_implementation_planning",2,2,1,"Reference",1
"minimum_thresholds_and_undesirable_result",2,2,1,"Technical",1
"miroc5",2,2,1,"Technical",1
"mission_statement",2,1,1,"Nonsense",1
"mkgsa_groundwater_storage_sustainable_management_criteria",2,2,1,"Technical",1
"mo_noncompliance",2,2,1,"Technical",1
"mobile_home_park_llc",2,1,1,"Company",1
"model_discretization_model",2,2,1,"Technical",0
"model_parameters",2,2,1,"Technical",0
"modesto_regional_water_treatment_plant",2,2,1,"Infrastructure",1
"modflow2005",2,1,1,"Technical",0
"modflow_drain_package",2,2,1,"Technical",0
"modflow_unstructured_grid",2,2,1,"Technical",0
"modflow_usg_recharge_of",2,2,1,"Technical",0
"modhms",2,1,1,"Data_System",1
"modoc_county_boards",2,2,1,"Group",0
"modoc_county_groundwater_sustainability_agency",2,2,1,"Other_GSA",0
"modoc_ditch_company",2,1,1,"Company",1
"modoc_division",2,2,1,"District",1
"mohamed_jabloun",2,2,1,"Person",1
"mohave",2,2,1,"Geographic_Unit",1
"mokewise",2,2,1,"Nonsense",1
"monitor",2,2,1,"Technical",0
"monitored_for_groundwater_elevations",2,2,1,"Technical",0
"monitoring_and_data_management",2,2,1,"Technical",0
"monitoring_and_data_management_monitoring",2,1,1,"Technical",0
"monitoring_network_design_criteria_design",2,1,1,"Technical",0
"monitoring_network_module",2,2,1,"Technical",0
"monitoring_networks_and_identification_of_data_bmp",2,2,1,"Technical",0
"monitoring_protocols_best_management_practices",2,2,1,"Technical",0
"monitoring_reporting",2,1,1,"Technical",0
"monitoring_well_network",2,1,1,"Technical",0
"mono_rancheria",2,2,1,"Local_Gov",1
"monterey_county_water_resource_agency",2,2,1,"Group",0
"monterey_county_water_resources_act",2,1,1,"Legal",0
"monterey_county_water_resources_agency_board_of_directors_or",2,1,1,"Group",1
"monterey_county_water_resources_agency_reservoir_operations_advisory_committee",2,1,1,"Group",0
"monterey_management_areas",2,2,1,"Geographic_Unit",0
"montgomery_engineers",2,2,1,"Company",1
"monument_hills",2,2,1,"City",0
"moose",2,1,1,"Nonsense",1
"morgan_hill",2,2,1,"City",0
"morongo",2,2,1,"Local_Gov",1
"mountain_province",2,2,1,"Local_Gov",1
"moved",2,1,1,"Nonsense",1
"moyle_et_al",2,1,1,"Reference",1
"mpwmdfo10",2,2,1,"Nonsense",1
"mpwmdfo5s",2,2,1,"Nonsense",1
"ms4_permit",2,2,1,"Legal",1
"msl_segmented",2,2,1,"Nonsense",1
"mt_hebron_work_center",2,2,1,"Infrastructure",1
"mts",2,1,1,"Nonsense",1
"mudpit_claystone",2,2,1,"Natural_Feature",1
"mugu_canyon",2,2,1,"Natural_Feature",1
"mugu_lagoon",2,2,1,"Natural_Feature",1
"mule",2,2,1,"Nonsense",1
"mullin_area_groundwater_sustainability_agency_joint_powers_authority",2,2,1,"Group",0
"multi_benefit_recharge_project",2,2,1,"Water_Project",0
"multi_benefit_recharge_suitability_tool",2,2,1,"Technical",1
"municipal_management_area",2,1,1,"Geographic_Unit",0
"municipalwaterinfrastructure",2,2,1,"Infrastructure",1
"must_include_additional_information_for_the_public_to_evaluate",2,2,1,"Legal",1
"mw22",2,1,1,"Nonsense",1
"mw5s",2,2,1,"Nonsense",1
"n_a_10723b",2,2,1,"Nonsense",1
"n_a_n_a_n_a_n_a_n_a",2,2,1,"Nonsense",1
"n_a_pursuant",2,2,1,"Nonsense",1
"n_useurekaprojects56111217388gismapsdeliverables11217388_ervp_groundwater_sustainability_plan11217388_ervp_groundwater_sustainability_planaprx_data",2,2,1,"Technical",0
"na_cl",2,2,1,"Nonsense",1
"nacimiento_pipeline",2,2,1,"Infrastructure",1
"naglee_burk_irrigation_district",2,2,1,"District",0
"napa_blue_grass",2,2,1,"Natural_Feature",1
"napa_county_groundwater_sustainability_agency_stakeholder_communication_and_engagement_plan",2,2,1,"Technical",0
"napa_county_housing_authority",2,2,1,"Group",0
"napa_county_ordinance",2,2,1,"Legal",0
"napa_county_regional_park",2,2,1,"Local_Gov",1
"napa_st_piezo",2,2,1,"Technical",1
"napa_subbasin",2,2,1,"Basin",0
"napa_valley_integrated_hydrologic_model_figure",2,2,1,"Reference",0
"napa_valley_integrated_hydrologic_model_water_balance_regions",2,2,1,"Geographic_Unit",0
"napa_valley_transportation_authority",2,2,1,"Group",0
"napacounty214s",2,2,1,"Geographic_Unit",1
"nasb",2,2,1,"District",1
"nate_brown",2,2,1,"Person",1
"national_aeronautics_and_space_administration_jet_propulsion_laboratory_interferometric_synthetic_aperture_radar",2,2,1,"Technical",1
"national_geodetic_survey_guidelines_for_establishing_gps_derived_ellipsoid_heights",2,2,1,"District",0
"national_geodetic_vertical_datum",2,2,1,"Reference",1
"national_ground_water_monitoring_network",2,1,1,"Technical",0
"national_historic_preservation_act",2,2,1,"Legal",0
"national_marine_fisheries_criteria_used_see",2,2,1,"Reference",1
"national_marine_fisheries_service_southern_california_steelhead_recovery_plan",2,2,1,"State_Gov",0
"national_ocean_service",2,1,1,"Federal_Gov",0
"national_resources_conservation_service",2,1,1,"Federal_Gov",1
"national_spatial_reference_system",2,2,1,"Data_System",1
"national_wildlife_refuges",2,2,1,"Natural_Feature",1
"native_vegetation",2,2,1,"Natural_Feature",1
"natural_communities_commonly_associated_with",2,2,1,"Nonsense",1
"naval_air_station_point_mugu",2,2,1,"Infrastructure",1
"navstar",2,1,1,"Infrastructure",1
"ncfcwd",2,2,1,"District",0
"needs_gw_et",2,2,1,"Technical",1
"neva_ridge",2,1,1,"District",0
"nevada_geodetic_laboratory_global_positioning_system_network",2,2,1,"Technical",1
"new_brighton",2,2,1,"Local_Gov",1
"new_stone_water_district_board_of_directors",2,2,1,"Group",0
"new_well_permit",2,2,1,"Legal",1
"new_york_times",2,2,1,"Company",1
"newell_creek_pipeline",2,2,1,"Infrastructure",1
"newhall_ranch_water_reclamation_plant",2,2,1,"Infrastructure",1
"newport_inglewood",2,2,1,"Basin",1
"newspaper",2,1,1,"Nonsense",1
"newt_larvae",2,1,1,"Natural_Feature",1
"next",2,2,1,"Nonsense",1
"nextdoor",2,1,1,"Company",1
"nic_marchini",2,2,1,"Person",1
"nick_degroot_water_treatment_plant",2,2,1,"Infrastructure",1
"nick_osman",2,2,1,"Person",1
"nickel_family_llc",2,2,1,"Company",1
"nickel_water",2,2,1,"Company",1
"nicolaus",2,2,1,"City",0
"nitrogen_summary_reports",2,2,1,"Technical",0
"nltl_ld_z",2,1,1,"Nonsense",1
"noe",2,1,1,"Nonsense",1
"nojoqui",2,2,1,"Geographic_Unit",1
"non_ag",2,1,1,"Nonsense",1
"non_central_valleyp",2,2,1,"Nonsense",1
"non_operating_budgets",2,2,1,"Nonsense",1
"norm_groot",2,2,1,"Person",1
"normal",2,2,1,"Nonsense",1
"normal_dry",2,1,2,"Nonsense",1
"north_bench_management_area_the_north_bench_management_area",2,2,1,"Geographic_Unit",0
"north_coast_regional_water_quality_control_board_water_quality_control_plan",2,2,1,"Technical",0
"north_ebp",2,2,1,"District",1
"north_fork_kings_groundwater_sustainability_agency_board_of_directors",2,2,1,"Group",0
"north_fork_rancheria",2,2,1,"Local_Gov",1
"north_kings_groundwater_sustainability_agency_advisory_committee",2,2,1,"Group",0
"north_kings_groundwater_sustainability_agency_board_of_directors",2,2,1,"Group",0
"north_kings_groundwater_sustainability_agency_management_structure",2,2,1,"Group",1
"north_pipeline_project",2,2,1,"Water_Project",0
"north_richmond_water_recycling_project",2,2,1,"Water_Project",0
"north_sacramento_valley",2,2,1,"Geographic_Unit",0
"north_san_joaquin_water_conservation_district_winery",2,2,1,"Nonsense",1
"north_tulare",2,2,1,"Basin",1
"north_yolo_management",2,2,1,"District",1
"northeast_napa_area_model",2,2,1,"Technical",0
"northeast_napa_study_area",2,2,1,"Geographic_Unit",0
"northeastern_maidu",2,2,1,"District",0
"northern_california_water_association",2,1,1,"Local_Gov",0
"northern_central_delta_mendota_regions_groundwater_sustainability_plan",2,1,1,"Technical",0
"northern_counties_groundwater_characterization",2,1,1,"Technical",1
"northern_delta",2,1,1,"Geographic_Unit",1
"not_applicable",2,2,1,"Nonsense",1
"notes_1",2,1,1,"Nonsense",1
"notice_of_decision",2,1,2,"Reference",1
"notice_of_decision_to_become_a_groundwater_sustainability_agency",2,2,1,"Other_GSA",0
"notice_to_comply",2,2,1,"Legal",1
"notice_to_public_and_other_agencies",2,2,1,"Group",0
"notices_of_decision",2,1,2,"Legal",1
"notification_of_groundwater_sustainability_agency",2,2,1,"Other_GSA",0
"novmeber",2,1,1,"Nonsense",1
"np",2,2,1,"Nonsense",1
"nrms",2,2,1,"Nonsense",1
"numerical_model_report",2,2,1,"Technical",0
"nwi",2,2,1,"Nonsense",1
"o_h_pipeline_agreement",2,1,1,"Group",0
"oak_valley_school",2,2,1,"Nonsense",1
"oak_woodland",2,2,1,"Natural_Feature",1
"oakdale_id_management_area",2,2,1,"Geographic_Unit",0
"observed_groundwater_levels",2,2,1,"Data_System",1
"occurs",2,1,1,"Nonsense",1
"ocean_ranch_unit",2,2,1,"District",1
"ocean_view_system",2,2,1,"Infrastructure",1
"office_of_environmental_health",2,2,1,"Local_Gov",1
"office_of_the_california",2,2,1,"State_Gov",0
"office_of_tribal_policy_advisor",2,1,1,"State_Gov",1
"office_of_water_quality",2,2,1,"State_Gov",1
"ojai_thacher_school",2,2,1,"NGO",1
"okieville_highland_acres_mutual_water_co",2,2,1,"Company",1
"olcese_sands_aquifer_unit",2,2,1,"Natural_Feature",1
"oleary",2,1,1,"Nonsense",1
"olivehurst_plumas_lake",2,2,1,"Natural_Feature",0
"olympic_subbasins",2,2,1,"Basin",0
"oncorhynchus",2,1,1,"Natural_Feature",1
"one_water_one_watershed",2,2,1,"Group",1
"oneill_dam",2,2,1,"Infrastructure",0
"online_system",2,1,1,"Data_System",1
"ontario",2,2,1,"City",0
"opened",2,2,1,"Nonsense",1
"operates",2,2,1,"Nonsense",1
"operational_flexibility",2,2,1,"Nonsense",1
"opportunities_for_public_engagement_and_public_input",2,2,1,"Reference",1
"opv_ag_owners_assoc",2,1,1,"Group",1
"orange",2,2,1,"County",0
"oregon_water_resources_department",2,2,1,"Group",0
"orland_artois",2,2,1,"Basin",1
"orland_artois_water_district_direct_groundwater",2,2,1,"District",1
"orland_buttes",2,2,1,"Natural_Feature",1
"orosi_public_utility_district",2,2,1,"District",0
"orthomin",2,2,1,"Nonsense",1
"other",2,1,1,"Nonsense",1
"outflow",2,1,2,"Nonsense",1
"outreach_and_engagement_plan",2,1,1,"Technical",0
"outreach_engagement",2,2,1,"Group",1
"outreach_engagement_committee",2,2,1,"Group",0
"outreach_engagement_communications_committee",2,2,1,"Group",0
"outside",2,1,1,"District",0
"overbank",2,1,1,"Natural_Feature",1
"overdraft_conditions_overdraft",2,1,1,"Legal",1
"overland_runoff_simulated",2,2,1,"Technical",1
"ow6a",2,2,1,"Nonsense",1
"owens_valley_committee",2,2,1,"Group",0
"oxnard_hueneme",2,2,1,"Local_Gov",1
"oze_et_al",2,2,1,"Person",1
"p",2,2,1,"Nonsense",1
"p_management_actions",2,2,1,"Nonsense",1
"pacheco_creek_valley",2,2,1,"Geographic_Unit",0
"pacific_coast_salmon_fmp",2,2,1,"Legal",1
"pacific_ecorisk",2,1,1,"Company",1
"pacific_fleet",2,2,1,"Federal_Gov",1
"packwood_creek_structures_project",2,2,1,"Water_Project",0
"page_x_maps",2,2,1,"Reference",0
"paiute_tribe",2,2,1,"Group",1
"pajaro_valley_groundwater_management_agency",2,1,1,"Group",0
"pakiser",2,2,1,"Nonsense",1
"palmer_howe",2,2,1,"Person",1
"palos",2,2,1,"Nonsense",1
"pan_et",2,2,1,"Person",1
"para_kern_river_groundwater_sustainability_agency",2,2,1,"Other_GSA",0
"parameter_regression_for_independent_slopes_model_climate_group",2,2,1,"Group",0
"parrott_investment_company",2,2,1,"Company",1
"participate",2,1,1,"Nonsense",1
"pasajero",2,2,1,"Nonsense",1
"paskenta",2,2,1,"City",0
"paskenta_fault",2,1,1,"Natural_Feature",1
"paskenta_tribal_council",2,2,1,"Group",0
"paso_basin",2,2,1,"Basin",0
"paso_basin_county",2,2,1,"County",0
"paso_robles_basin_groundwater_management_plan",2,2,1,"Technical",0
"paso_robles_groundwater_basin_water_banking_feasibility_study",2,2,1,"Technical",1
"paso_robles_groundwater_communication_portal",2,2,1,"Data_System",1
"paso_robles_subbasin_data_management_system",2,2,1,"Technical",0
"path_to_achieve_measurable_objectives",2,2,1,"Reference",1
"patterson_tract_community_services_district",2,2,1,"District",0
"pauloo",2,1,1,"Nonsense",1
"pdf_form",2,2,1,"Technical",1
"pds",2,2,1,"Nonsense",1
"peninsular_range_assemblage",2,2,1,"Natural_Feature",1
"peninsular_ranges",2,2,1,"Natural_Feature",1
"peninsular_ranges_province",2,2,1,"Geographic_Unit",1
"percent_of_total_streamflow_projected",2,2,1,"Technical",1
"percolation",2,2,1,"Natural_Feature",1
"petaluma_valley_groundwater_sustainability_agency_board_or_advisory_committee",2,1,1,"Group",0
"pete_lawson",2,1,1,"Person",1
"peters",2,2,1,"City",0
"petrified_forest",2,2,1,"Natural_Feature",1
"pfbs",2,2,1,"Nonsense",1
"pfos",2,1,1,"Natural_Feature",1
"pfoss_pfoas",2,2,1,"Nonsense",1
"pfoss_public_facilitiesoas",2,2,1,"Technical",1
"phased_mitigation_of_overdraft_reduction_to_reach_sustainability",2,2,1,"Water_Project",1
"phg",2,2,1,"Nonsense",1
"pico_formations",2,1,1,"Natural_Feature",0
"piezometers",2,2,1,"Infrastructure",1
"pilarcitos",2,2,1,"Natural_Feature",1
"pine_oak_woodlands",2,1,1,"Natural_Feature",1
"pinedale_cwd",2,2,1,"District",0
"piru_aquatic_consulting_services",2,1,1,"Company",1
"piru_b",2,1,1,"Basin",1
"piru_basins_monitoring_program",2,1,1,"Technical",0
"piru_creek_riparian",2,1,1,"Natural_Feature",1
"piru_groundwater_basins_sustainable_management_criteria",2,1,1,"Legal",1
"piru_wastewater_treatment_plant",2,1,1,"Infrastructure",1
"pittsburg_plain_subbasin",2,2,1,"Basin",0
"plan",2,1,1,"Technical",0
"plan_implementation_section_10",2,2,1,"Reference",0
"plan_manager",2,1,1,"Nonsense",1
"planada_workshop_questions_and_comments",2,2,1,"Reference",1
"planned_projects_projects",2,1,1,"Water_Project",0
"planning_and_management_actions",2,1,1,"Nonsense",1
"planning_and_management_considerations_working",2,2,1,"District",0
"planning_commissions",2,2,1,"Group",0
"planning_horizon_water_year2041",2,2,1,"Reference",1
"planning_tool",2,2,1,"Nonsense",1
"plant_depth_database",2,2,1,"Technical",0
"pleasant_valley_basin",2,2,1,"Basin",0
"pleasant_valley_subbasin_landowner_stakeholder",2,2,1,"Group",1
"plieto_fault",2,2,1,"Natural_Feature",1
"plio_pleistocene_tulare_formation",2,2,1,"Natural_Feature",0
"plumas_county_groundwater_sustainability_agency",2,2,1,"Other_GSA",0
"pma_committee",2,2,1,"Group",0
"poe_monitoring_programs",2,1,1,"Technical",0
"poe_om_programs",2,1,2,"Group",1
"policy_w24_agricultural_and_urban_practices",2,1,1,"Legal",1
"pomona_develop",2,2,1,"Nonsense",1
"poplar_community_service_district",2,2,1,"District",0
"porter_cologne_water_quality_control_act_and_clean_water_act",2,2,1,"Legal",0
"porterville_city_council",2,2,1,"Group",0
"poseidon",2,2,1,"District",0
"post_construction_requirements",2,1,1,"Legal",1
"post_eocene",2,2,1,"Natural_Feature",1
"potenti_al",2,2,1,"Nonsense",1
"potential",2,2,1,"Nonsense",1
"potential_projects_projects",2,1,1,"Water_Project",0
"pou_om_programs",2,1,1,"Technical",1
"power_water_resources_pooling_authority",2,2,1,"Group",0
"precipitated_calcium_carbonate_ponds",2,1,1,"Infrastructure",1
"precipitation_based_spatially",2,2,1,"Nonsense",1
"precipitation_inputs",2,1,1,"Technical",1
"precipitation_monitoring_and_water_year_classifications_infiltration",2,2,1,"Technical",0
"precipitation_runoff",2,1,1,"Natural_Feature",1
"precipitation_source_areas",2,2,1,"Geographic_Unit",0
"precipitation_table",2,2,1,"Reference",0
"precipitation_thresholds",2,2,1,"Technical",1
"predominant",2,2,1,"Nonsense",1
"prepared_for",2,1,1,"Nonsense",1
"preserve_cosumnes_coalition_delta_meadows_state_park_tribal_governments",2,2,1,"Group",1
"preserved_entitlement",2,2,1,"Legal",1
"preserves",2,1,1,"Natural_Feature",1
"press_enterprise",2,2,1,"Company",1
"press_outreach_press",2,1,1,"Group",1
"pressurization",2,1,1,"Nonsense",1
"pretiosa",2,2,1,"Nonsense",1
"prichard",2,2,1,"Local_Gov",1
"primary",2,1,1,"Nonsense",1
"primary_water",2,2,1,"Natural_Feature",1
"priority_basin_project",2,1,1,"Water_Project",0
"private_wells",2,2,1,"Infrastructure",1
"private_wells_new_systems",2,2,1,"Infrastructure",1
"pro_version",2,2,1,"Nonsense",1
"procedures",2,2,1,"Nonsense",1
"process_for_criteria_the_sustainable_management_criteria",2,1,1,"Technical",1
"process_for_determining_measurable_objectives_interim_milestones",2,2,1,"Technical",1
"processes",2,1,1,"Nonsense",1
"professional_certification_water",2,1,1,"Nonsense",1
"program_quality_objectives",2,2,1,"Legal",1
"project_and_management_action_no",2,2,1,"Nonsense",1
"project_benefits_and_water_reliability",2,2,1,"Reference",1
"project_benefits_and_water_reliability_project",2,2,1,"Water_Project",0
"project_benefits_project",2,2,1,"Water_Project",0
"project_hydrology",2,2,1,"Technical",1
"project_initial_study_mitigated_negative_declaration",2,2,1,"Reference",1
"project_management_action",2,1,2,"Nonsense",1
"project_management_team",2,2,1,"Group",1
"project_managers",2,2,1,"Group",1
"project_supply",2,2,1,"Water_Project",1
"projected_agricultural_land_use_areas",2,2,1,"Geographic_Unit",0
"projected_agricultural_land_use_areas_figure",2,2,1,"Reference",0
"projected_climate_current_climate",2,1,1,"Technical",1
"projected_future_agricultural_demand_for",2,1,1,"Nonsense",1
"projected_future_land_use",2,2,1,"Technical",1
"projected_land_use_and_section",2,2,1,"Reference",0
"projects_and_management_actions_hydrogeologic_conceptual_model_data_gaps_potential",2,2,1,"Technical",0
"projects_and_management_actions_projects",2,2,1,"Water_Project",0
"projects_to_enhance_recharge",2,2,1,"Water_Project",1
"projects_to_enhance_recharge_banking",2,2,1,"Water_Project",1
"projects_to_increase_surface_storage_capacity_delivery_flexibility",2,2,1,"Water_Project",1
"proporcionar_información_sobre_sus_desafíos_de",2,2,1,"Nonsense",1
"protect",2,1,1,"Nonsense",1
"provision_d13",2,2,1,"Legal",1
"prunedale",2,2,1,"City",0
"public_comments",2,1,1,"Group",1
"public_engagement_meetings",2,2,1,"Group",1
"public_hearing",2,1,1,"Group",1
"public_involvement_plan",2,2,1,"Technical",0
"public_resources_code",2,2,1,"Legal",0
"public_review",2,1,1,"Reference",1
"public_review_draft",2,2,1,"Reference",1
"public_trust_resources_based",2,2,1,"Legal",1
"public_works_department",2,1,1,"Group",0
"public_works_measure_a_lake_berryessa_project",2,2,1,"Water_Project",0
"puente_group",2,2,1,"Group",0
"puente_narrows_agreement",2,2,1,"Group",0
"pumped",2,1,1,"Nonsense",1
"pumpers_association",2,1,1,"Group",1
"pumping1",2,2,1,"Nonsense",1
"pumping_allocations",2,1,1,"Technical",1
"pure_water_monterey_environmental_impact_report",2,1,1,"Technical",0
"pure_water_monterey_expansion_project",2,2,1,"Water_Project",0
"purified_wastewater_sources",2,2,1,"Natural_Feature",1
"purisima_aa_unit",2,2,1,"Basin",1
"purisima_def_f",2,2,1,"Basin",1
"purisima_f_unit",2,2,1,"Basin",1
"purisima_point",2,1,1,"Natural_Feature",1
"putah_creek_accord_undesirable_result",2,2,1,"Legal",1
"putah_creek_cone",2,2,1,"Basin",1
"putah_creek_settlement_agreement",2,2,1,"Group",0
"pw12",2,1,1,"Nonsense",1
"q8_av",2,2,1,"Nonsense",1
"q9",2,2,1,"Nonsense",1
"qb_qf",2,1,1,"Nonsense",1
"qg_qg",2,1,1,"Nonsense",1
"qro",2,2,1,"Nonsense",1
"quality_arroyo_santa_rosa_valley_basin",2,2,1,"Basin",0
"quality_assurance_manager",2,1,1,"Nonsense",1
"quality_assurance_manual",2,2,1,"Technical",1
"quality_assurance_project_plans",2,2,1,"Technical",0
"quality_assurance_quality_control_data",2,2,1,"Technical",0
"quality_assurance_quality_control_plan",2,2,1,"Technical",0
"quality_criteria_for_water",2,1,1,"Technical",1
"quaternary",2,1,2,"Geographic_Unit",1
"quaternary_alluvium_quaternary",2,1,1,"Natural_Feature",1
"que_la_groundwater_sustainability_agency",2,2,1,"Other_GSA",0
"r23e",2,2,1,"Nonsense",1
"r2_resource_consultants",2,1,1,"Company",1
"r4_model",2,2,1,"Technical",0
"rafael_silberblatt",2,1,1,"Person",1
"raisin_city_oilfield",2,2,1,"Natural_Feature",1
"ralph_m_brown_act5",2,1,1,"Legal",1
"rancho_esquon",2,2,1,"Local_Gov",1
"rancho_san_juan",2,1,1,"Local_Gov",1
"rancho_tehama_reserve",2,2,1,"City",0
"randsburg",2,2,1,"City",0
"ranging_consortium",2,2,1,"Group",1
"re_li_ab_ility",2,2,1,"Nonsense",1
"recharge_basin_estimated_costs_table",2,2,1,"Reference",0
"recharge_field_infiltration_study_to_promote",2,2,1,"Technical",1
"recharged",2,2,1,"Nonsense",1
"recital_b_i",2,2,1,"Reference",1
"reclaimed",2,2,1,"Nonsense",1
"reclaimed_water_master_plan",2,2,1,"Technical",0
"reclaimed_water_percolation_reclaimed",2,1,2,"Infrastructure",1
"reclamation_and_madera_irrigation_district",2,2,1,"District",0
"reclamation_board",2,2,1,"Group",0
"reclamation_data",2,2,1,"Technical",0
"reclamation_district_2107",2,2,1,"District",1
"reclamation_district_groundwater_sustainability_agency",2,2,1,"Other_GSA",0
"records_infiltration_of_surface",2,2,1,"Technical",1
"records_of_decision",2,2,1,"Reference",1
"recovered_water_account",2,2,1,"Legal",1
"recreation",2,1,1,"Nonsense",1
"recycled",2,2,1,"Nonsense",1
"recycled_water",2,1,1,"Natural_Feature",1
"recycled_water_master_plan",2,2,1,"Technical",0
"recycled_water_plant_modifications_project",2,2,1,"Water_Project",0
"recycled_water_policy",2,2,1,"Legal",0
"red",2,1,1,"Nonsense",1
"red_bluff_subbasin_historical_lateral_subsurface_groundwater",2,2,1,"Basin",1
"red_bluff_subbasin_historical_vertical_subsurface",2,2,1,"Technical",1
"red_bluff_subbasin_surface_water_system",2,2,1,"Natural_Feature",0
"redding_basin_water_resources_management",2,1,1,"Group",1
"redding_note",2,1,1,"Reference",1
"reduce_reliance_on_imported_water",2,2,1,"Water_Project",1
"reeves_creek",2,2,1,"Natural_Feature",0
"reference_point",2,2,1,"Reference",1
"refuge_water_supply_program",2,2,1,"Water_Project",1
"regional_conservation_district",2,2,1,"District",0
"regional_coordinators",2,1,1,"Group",1
"regional_criteria_for_evaluating_water_management_plans",2,2,1,"Technical",0
"regional_groundwater_monitoring_program",2,2,1,"Technical",0
"regional_model_domain",2,1,1,"Technical",0
"regional_san",2,2,1,"District",1
"regional_water_quality_control_board_basin_plan_amendment",2,2,1,"Legal",1
"regional_water_quality_control_board_la",2,2,1,"State_Gov",1
"regional_water_quality_control_board_site",2,2,1,"District",1
"regional_water_quality_control_board_water_quality_management_programs",2,2,1,"Group",1
"regional_water_quality_control_board_water_quality_management_programs_upper_ventura_rivergb",2,2,1,"Group",1
"regionally",2,1,1,"Nonsense",1
"regulatory_cleanup_program",2,2,1,"Legal",1
"reichard",2,1,1,"Person",1
"relied_upon_to_establish_minimum_thresholds",2,2,1,"Technical",1
"relied_upon_to_establish_the_minimum_thresholds",2,1,2,"Nonsense",1
"remediation_progress",2,1,1,"Technical",1
"remediation_specialist",2,2,1,"Nonsense",1
"reporting_limit",2,2,1,"Technical",0
"reporting_limit_schafer_associates",2,2,1,"Technical",0
"representative_monitoring_stations",2,2,1,"Technical",0
"require_new_developments_to_prove_sustainable_water_supply",2,1,1,"Legal",1
"required_flows",2,2,1,"Technical",1
"resolution",2,1,1,"Nonsense",1
"resource",2,1,1,"Nonsense",1
"resource_basin_certified",2,2,1,"Legal",1
"resource_capacity_study_report",2,2,1,"Technical",0
"resource_conservation_districts",2,1,1,"District",0
"resource_management_element",2,2,1,"Reference",1
"resource_management_plans",2,1,1,"Technical",0
"resource_protection_and_preservation",2,2,1,"Legal",1
"rest_application_programming_interfaces",2,1,1,"Technical",1
"review",2,1,1,"Nonsense",1
"reviews",2,2,1,"Reference",1
"reynolds",2,2,1,"Nonsense",1
"rhyolite_ash",2,2,1,"Natural_Feature",1
"ric_1207274",2,2,1,"Nonsense",1
"richgrove_community_services_district",2,2,1,"District",0
"richmond_advanced_recycled_expansion",2,2,1,"Water_Project",1
"ridgecrest_county_water_district",2,2,1,"District",0
"rincon_kenwood_subbasin",2,2,1,"Basin",0
"rincon_valley_subbasin",2,2,1,"Basin",0
"rio_vista_standard_deviationac",2,2,1,"Nonsense",1
"rio_vista_water_treatment_plant",2,2,1,"Infrastructure",1
"riparian_communities_management",2,2,1,"Group",1
"riverdale_pud",2,2,1,"District",1
"riverside_county_flood_control_district",2,2,1,"District",0
"riversidian_alluvial_scrub",2,2,1,"District",0
"rl",2,2,1,"Nonsense",1
"rms",2,2,1,"Nonsense",1
"rms_locations",2,2,1,"Data_System",1
"rmw_trc_monitoring_well16d",2,2,1,"Technical",0
"robertson",2,2,1,"Nonsense",1
"robin",2,2,1,"Nonsense",1
"rock_creek_reclamation_district_board_of_trustees",2,2,1,"Group",1
"rock_ranch",2,2,1,"Nonsense",1
"rodriquez_labor_camp",2,2,1,"Nonsense",1
"roe",2,2,1,"Nonsense",1
"rogelio_caudillo",2,2,1,"Person",1
"rohde",2,2,1,"Nonsense",1
"roland_sanford",2,2,1,"Person",1
"rolling_hills_casino",2,2,1,"Nonsense",1
"root_mean_square",2,2,1,"Technical",1
"rosa_fault_zone",2,2,1,"Geographic_Unit",0
"roseburg_lumber_company",2,2,1,"Company",1
"rosedale_rio_bravo_water_storage_districts",2,1,1,"District",0
"rosie_yacoub",2,2,1,"Person",1
"rouse",2,2,1,"City",0
"rst",2,2,1,"Nonsense",1
"rubus",2,2,1,"Nonsense",1
"rural_community_systems",2,1,1,"Group",1
"russell_range",2,2,1,"Natural_Feature",1
"russian_river_flood_control_and_water_conservation_and_improvement_district",2,2,1,"District",0
"russian_river_flood_control_on_farm_groundwater",2,2,1,"Infrastructure",1
"russian_river_independent_science_review_panel",2,2,1,"Group",1
"rx_coil",2,1,1,"Nonsense",1
"ryan_ridges",2,2,1,"District",0
"ryder_gulch",2,2,1,"Natural_Feature",1
"s_american",2,2,1,"Nonsense",1
"sa1",2,2,1,"Nonsense",1
"sacramento_and_the_woodland",2,2,1,"Geographic_Unit",1
"sacramento_area_flood_control",2,2,1,"District",1
"sacramento_county_board",2,2,1,"Group",0
"sacramento_county_code",2,2,1,"Legal",0
"sacramento_county_county",2,2,1,"County",0
"sacramento_county_environmental_management_department",2,2,1,"Group",0
"sacramento_groundwater_sustainability_agency",2,2,1,"Other_GSA",0
"sacramento_river_funding_area",2,1,1,"Geographic_Unit",0
"sacramento_river_national_wildlife_refuge",2,2,1,"Natural_Feature",1
"sacramento_state_university_consensus_and_collaboration_program",2,1,1,"Group",1
"sacramento_valley_water_management_agreement",2,2,1,"Group",0
"sagr",2,2,1,"Nonsense",1
"salinas_valley_basin_groundwater_sustainability_agency_180400_foot_aquifer",2,2,1,"Natural_Feature",0
"salinas_valley_basin_groundwater_sustainability_agency_forebay_aquifer",2,2,1,"Local_GSA",0
"sampled_collected_wells_with",2,2,1,"Nonsense",1
"sampled_detection",2,2,1,"Technical",1
"san_antonio_groundwater_basin",2,2,1,"Basin",0
"san_ardo_oil_field",2,2,1,"Natural_Feature",1
"san_benito_counties",2,2,1,"Geographic_Unit",1
"san_benito_county_salt_and_nutrient_management_plan",2,2,1,"Technical",0
"san_bernardino_basin_area",2,2,1,"Geographic_Unit",0
"san_buenaventura_mission",2,1,1,"Nonsense",1
"san_diego_association_of_governments",2,2,1,"Group",1
"san_diego_county_department_of_environmental_health",2,2,1,"Local_Gov",1
"san_diego_integrated_regional_water_management_program",2,2,1,"Group",1
"san_dieguito_river_valley_conservancy",2,2,1,"NGO",1
"san_dieguito_watershed_habitat_restoration",2,2,1,"Water_Project",1
"san_emigdio_creek",2,2,1,"Natural_Feature",0
"san_fernando_valley",2,1,1,"Geographic_Unit",0
"san_francisco_bay",2,2,1,"Natural_Feature",1
"san_francisco_county",2,2,1,"County",0
"san_gabriel_mountain",2,2,1,"Natural_Feature",1
"san_gorgonio_pass_groundwater_model",2,2,1,"Technical",0
"san_gorgonio_pass_representative_monitoring_network",2,2,1,"Technical",0
"san_jacinto_mountains",2,1,1,"Natural_Feature",1
"san_jacinto_watersheds_authority",2,2,1,"Group",0
"san_joaquin_farm_bureau",2,2,1,"NGO",1
"san_joaquin_field_division",2,2,1,"District",1
"san_joaquin_river_exchange_contractors_management_area_a",2,2,1,"Geographic_Unit",1
"san_joaquin_river_exchange_contractors_management_area_b",2,2,1,"District",1
"san_joaquin_river_exchange_contractors_management_area_c",2,2,1,"Geographic_Unit",1
"san_jose",2,1,1,"City",0
"san_leandro_cones",2,2,1,"Natural_Feature",1
"san_lorenzo_cones",2,2,1,"Basin",1
"san_lorenzo_valley_water_district_pasatiempo_7",2,2,1,"District",1
"san_lorenzo_valley_water_district_quail_mw_september_model",2,2,1,"Technical",0
"san_luis_creek",2,2,1,"Natural_Feature",0
"san_luis_drain_and",2,2,1,"Nonsense",1
"san_luis_drainage_authority",2,2,1,"Group",0
"san_luis_obispo_county_fcwcd",2,2,1,"District",1
"san_luis_rey_municipal_water_district",2,2,1,"District",0
"san_luis_rey_valley_basin",2,1,1,"Basin",0
"san_luis_water_district",2,1,1,"District",0
"san_luis_water_districts",2,1,1,"District",0
"san_marcos",2,1,1,"City",0
"san_mateo_creek",2,2,1,"Natural_Feature",0
"san_miguel_community_services_district_board_of_directors",2,2,1,"Group",0
"san_miguel_community_services_district_district_wwwsanmiguelcsdorg",2,2,1,"District",1
"san_timoteo_management",2,2,1,"Group",1
"san_ventura",2,2,1,"Nonsense",1
"sandhills",2,2,1,"Geographic_Unit",1
"santa_ana_creek",2,2,1,"Natural_Feature",0
"santa_ana_river_watershed",2,2,1,"Geographic_Unit",1
"santa_barbara_county_association_of_governments_regional_growth_forecasts",2,1,1,"Technical",1
"santa_barbara_county_department_of_public_health_environmental_health_services",2,2,1,"Local_Gov",1
"santa_barbara_county_groundwater_report",2,1,1,"Technical",0
"santa_barbara_county_hydrology",2,2,1,"Technical",1
"santa_barbara_county_planning_and_development_department",2,2,1,"Group",0
"santa_barbara_creek",2,2,1,"Natural_Feature",0
"santa_barbara_news_press",2,1,1,"Nonsense",1
"santa_clara_basin",2,2,1,"Basin",0
"santa_clara_river_dry",2,1,1,"Natural_Feature",1
"santa_clara_river_newhall_to",2,1,1,"Natural_Feature",1
"santa_clara_river_upstream_of",2,1,1,"Natural_Feature",1
"santa_clara_river_watershed",2,2,1,"Geographic_Unit",1
"santa_clara_water_conservation_district",2,2,1,"District",0
"santa_clarita_valley_water",2,1,1,"District",1
"santa_cruz_environmental_health",2,2,1,"Local_Gov",1
"santa_cruz_wastewater_treatment_facility",2,2,1,"Infrastructure",1
"santa_margarita_aquifer_private_pumpers",2,2,1,"Group",1
"santa_margarita_aquifers",2,2,1,"Natural_Feature",0
"santa_nella_community_specific_plan",2,2,1,"Technical",0
"santa_paula_mound",2,1,1,"Natural_Feature",1
"santa_rita_uplands",2,1,1,"Geographic_Unit",1
"santa_rita_valley",2,2,1,"Geographic_Unit",0
"santa_rosa_park",2,2,1,"Natural_Feature",1
"santa_susana",2,1,1,"City",0
"santa_ynez_ema_groundwater_sustainability_plan_development",2,2,1,"Technical",1
"santa_ynez_fire",2,2,1,"Nonsense",1
"santa_ynez_hydrologic_unit",2,1,1,"Geographic_Unit",1
"santa_ynez_reservation",2,2,1,"Geographic_Unit",1
"santa_ynez_river_basin",2,2,1,"Basin",0
"saracino",2,2,1,"Nonsense",1
"satellite_data",2,2,1,"Technical",0
"saticoy_groundwater_replenishment_and_reuse_project",2,2,1,"Water_Project",0
"sattley",2,2,1,"City",0
"sauer",2,1,2,"Nonsense",1
"sb797",2,2,1,"Legal",1
"scalamanini_engineering",2,2,1,"Company",1
"scaling_factors",2,1,1,"Technical",1
"scenarios",2,2,1,"Technical",1
"schematic_diagram_of_kaweah_river_system",2,1,1,"Technical",1
"schenk",2,1,1,"Person",1
"scott_de_leon",2,2,1,"Person",1
"scotts_valley_dry_cleaners",2,2,1,"Company",1
"scotts_valley_syncline",2,2,1,"Natural_Feature",1
"scr",2,2,1,"Nonsense",1
"scripps_orbit_and_permanent_array_center_global_navigation_satellite_system_processing",2,2,1,"Technical",1
"scv_groundwater_sustainability_agency_decision_making_process",2,2,1,"Technical",1
"scvm",2,2,1,"District",1
"scwa_allendale",2,2,1,"District",1
"sdac_consultation",2,2,1,"Group",1
"sdac_geographic",2,2,1,"Geographic_Unit",1
"se_resultado_de_las_condiciones_naturales_de_oxidación_y_reevaluarán_y_describirán_mediante",2,2,1,"District",0
"seacliff",2,2,1,"City",0
"seascape_pw",2,2,1,"District",1
"seaside_model_layers_to_method_blankgwfm_layers",2,2,1,"Technical",0
"seawater_intrusion",2,1,1,"Natural_Feature",1
"sebastopol_meadowfoam",2,2,1,"Natural_Feature",1
"second_amended_cross_complaint",2,1,2,"Legal",1
"secondary_maximum_contaminant_levels",2,2,1,"Legal",1
"secondary_maximum_contaminant_limits",2,2,1,"Legal",1
"section_10723",2,1,1,"Reference",0
"section_13801_of",2,2,1,"Reference",0
"section_13_agency_information",2,2,1,"Natural_Feature",0
"section_1428",2,1,1,"Reference",0
"section_155",2,2,1,"Reference",0
"section_183_og",2,2,1,"Reference",0
"section_1912_data",2,2,1,"Reference",0
"section_2323",2,2,1,"Reference",0
"section_237_pg",2,2,1,"Reference",0
"section_25",2,2,1,"Reference",0
"section_325_land_subsidence",2,2,1,"Reference",0
"section_3562",2,2,1,"Reference",0
"section_4359",2,1,1,"Reference",0
"section_532_basin_optimization_scenarios",2,2,1,"Reference",0
"section_7481",2,2,1,"Reference",0
"section_chronic_lowering_of_groundwater_levels",2,2,1,"Reference",0
"section_conjunctive_use",2,2,1,"Reference",0
"sections_3514",2,1,1,"Reference",1
"sections_421",2,1,1,"Reference",1
"secure_engineering_services_begin_setting_assessment",2,1,1,"Company",1
"see_appendix",2,1,1,"Reference",0
"selected_maintaining_entity_for_monitoring_network_statewide_groundwater_elevation_monitoring",2,2,1,"Technical",0
"selection_of_appropriate_modeling_software_for_development_of_san_luis_obispo",2,2,1,"Technical",0
"self_help",2,2,1,"Group",1
"semiconfined",2,2,1,"Natural_Feature",1
"senate_bill_1168",2,1,1,"Legal",1
"sensitive_wildlife_species_sensitive",2,2,1,"Natural_Feature",1
"separate",2,2,1,"Nonsense",1
"septic_systems_groundwater",2,2,1,"Natural_Feature",1
"septic_systems_surface",2,1,2,"Infrastructure",1
"sequoia",2,2,1,"Natural_Feature",1
"sequoia_forestkeeper",2,2,1,"NGO",1
"sespe_united_2018",2,1,1,"Reference",1
"setting_3",2,1,1,"Nonsense",1
"setting_hydrogeologic_conceptual_model",2,1,1,"Technical",0
"settlers_ditch_company",2,2,1,"Company",1
"sewer_network_service_area",2,2,1,"Geographic_Unit",0
"sgs_north_america_inc",2,2,1,"Company",1
"shafter_state_interstate_highway_bureau_of_indian_affairs_national_land_area_representation",2,2,1,"Nonsense",1
"shallow_alluvial_aquifer",2,2,1,"Natural_Feature",0
"shallow_aquifer_alluvium",2,2,1,"Natural_Feature",0
"shallow_aquifer_zone",2,2,1,"Geographic_Unit",0
"sharpe",2,2,1,"Nonsense",1
"sharpe_army_depot",2,2,1,"Infrastructure",1
"shasta_county_water_resources_master_plan",2,1,1,"Technical",0
"shasta_valley_basins",2,1,1,"Basin",0
"shelly",2,2,1,"Nonsense",1
"sheridan_see_section_33",2,2,1,"Reference",0
"si_lve_ra_tr_l_napacounty218s",2,2,1,"Nonsense",1
"siemens",2,2,1,"Company",1
"sierra_club_mineral_king_group",2,2,1,"Group",0
"sierra_madre_foothills",2,2,1,"Geographic_Unit",1
"sierra_nevada_basement",2,2,1,"Natural_Feature",1
"sierra_nevada_foothills",2,2,1,"Geographic_Unit",1
"sierra_nevada_mountain",2,2,1,"Natural_Feature",1
"sierra_valleys_railroad",2,2,1,"Company",1
"sii",2,1,1,"Nonsense",1
"siiib",2,2,1,"Nonsense",1
"silty_clay",2,1,1,"Natural_Feature",0
"simulated_groundwater_levels",2,2,1,"Data_System",1
"simulates_model_does_not_simulate_horizontal_connection_vertical_connection",2,2,1,"Technical",0
"singleton_subarea",2,2,1,"Geographic_Unit",0
"siskiyou",2,2,1,"County",0
"siskiyou_county_farm_bureau",2,1,2,"NGO",1
"siskiyou_county_superior_court",2,2,1,"Local_Gov",1
"site",2,2,1,"Nonsense",1
"site_characterization_and_remediation_of_environmental_pollutants",2,2,1,"Technical",1
"site_cleanup_program",2,2,1,"Group",1
"six_basins_model",2,2,1,"Technical",0
"sldmwa_customs_and_border_protection",2,2,1,"Federal_Gov",1
"slender_mariposa_lily",2,1,1,"Natural_Feature",1
"sloughhouse_resource_conservation_district_board_of_directors",2,2,1,"Group",0
"sloughhouse_resources_conservation_district",2,2,1,"District",0
"smc1",2,1,1,"Nonsense",1
"smgwa_legal_authority",2,2,1,"Group",0
"snyder",2,1,1,"Nonsense",1
"social_media_fifteen",2,2,1,"Nonsense",1
"soil_agricultural_groundwater_banking_index_4",2,1,1,"Technical",1
"soil_agricultural_groundwater_banking_index_dataset_very_poor_bulletin",2,2,1,"Technical",0
"soil_mechanics_and_foundation_engineers_1967",2,2,1,"Reference",1
"soil_survey_staff",2,1,1,"Group",1
"solano_integrated_hydrologic_conceptual_model",2,2,1,"Technical",0
"solano_investigations_project",2,2,1,"Water_Project",0
"solano_project_water_not",2,2,1,"Nonsense",1
"solano_subbasin_groundwater_sustainability_plan_development",2,2,1,"Technical",1
"solano_subbasin_groundwater_sustainability_plan_technical_team",2,2,1,"Technical",0
"solano_yolo_county",2,2,1,"County",0
"solinst",2,2,1,"Company",1
"solvang_public_works_department",2,1,1,"Group",0
"son0552",2,2,1,"Reference",1
"sonoma_county_auditor_controller_treasurer_tax_collector",2,1,1,"Local_Gov",1
"sopac",2,2,1,"District",1
"sophocleous",2,2,1,"Person",1
"sorenson",2,2,1,"Nonsense",1
"soscol_junction_project",2,2,1,"Water_Project",0
"south_american_subbasin_groundwater_sustainability_plan",2,2,1,"Technical",0
"south_coast_conduit",2,2,1,"Infrastructure",1
"south_county_surface_water_supply_project",2,2,1,"Water_Project",0
"south_del_rey_avenue",2,2,1,"Nonsense",1
"south_division",2,2,1,"Geographic_Unit",1
"south_management_area",2,2,1,"Geographic_Unit",0
"south_ord",2,2,1,"Basin",1
"south_valley",2,2,1,"Geographic_Unit",0
"southeast_san_joaquin",2,1,1,"Basin",1
"southern_area_cross_section_d_d",2,2,1,"Reference",0
"southern_california_association_of_governments",2,2,1,"State_Gov",0
"southern_california_distinct_population_segment",2,1,1,"State_Gov",0
"southern_california_steelhead_recovery_plan",2,2,1,"State_Gov",0
"southgate",2,2,1,"Local_Gov",1
"southwest_management_area",2,2,1,"Geographic_Unit",0
"southwest_san_timoteo",2,2,1,"Basin",1
"southwestern_block",2,2,1,"Basin",1
"sovereign_tribal_nations",2,2,1,"Group",1
"sp128",2,2,1,"Nonsense",1
"sp129",2,2,1,"Nonsense",1
"spadra_groundwater_sustainability_agency_executive_committee",2,2,1,"Group",0
"spadra_groundwater_sustainability_agency_implementation_team",2,2,1,"Group",1
"spadra_landfill",2,2,1,"Infrastructure",1
"sparse_matrix_solver",2,2,1,"Technical",1
"spatial_discretization",2,1,1,"Technical",1
"spatial_irrigation_management_information_system",2,1,1,"Technical",0
"special_study",2,2,1,"Technical",1
"spencer",2,2,1,"Nonsense",1
"sphere_of_influence",2,1,1,"Legal",1
"spreckels_sugar_beet_processing_facility",2,1,1,"Infrastructure",1
"spreckels_sugar_plant",2,2,1,"Infrastructure",1
"spring_2017",2,2,1,"Reference",1
"spring_2018",2,2,1,"Reference",1
"springs_specific_plan",2,2,1,"Technical",0
"springville_domain",2,1,1,"Geographic_Unit",1
"springville_fault_zone",2,1,1,"Geographic_Unit",0
"spv_groundwater_sustainability_plan_advisory_committee",2,2,1,"Group",0
"squeesar",2,2,1,"Nonsense",1
"sr_pomo_indians",2,2,1,"Group",1
"srd",2,2,1,"Nonsense",1
"srphm10",2,2,1,"Technical",1
"srwcb",2,1,2,"District",1
"sscwd_ridgemark_facilities",2,2,1,"District",0
"staal",2,2,1,"Nonsense",1
"stakeholder_engagement_team",2,2,1,"Group",1
"stakeholder_survey",2,1,1,"Technical",1
"stakeholders",2,2,1,"Group",1
"standard_reports_standard_report",2,1,1,"Technical",0
"stanislaus_and_tuolumne_rivers_groundwater_basin_association_groundwater_sustainability_agency_tuolumne_groundwater_sustainability_agency",2,2,1,"Other_GSA",0
"stanislaus_county_code",2,2,1,"Legal",0
"stanislaus_county_department_of_environmental_resources",2,2,1,"Local_Gov",1
"stanislaus_county_water_advisory_committee",2,2,1,"Group",0
"stanislaus_multi_agency",2,2,1,"Group",0
"stanislaus_state_stormwater_recharge",2,2,1,"Water_Project",1
"state_beach",2,1,1,"Natural_Feature",1
"state_council_on_environmental_qualitya_guidelines",2,2,1,"Legal",0
"state_data",2,1,1,"Technical",0
"state_division_of_drinking_water",2,1,1,"State_Gov",1
"state_hospital",2,2,1,"Local_Gov",1
"state_of_california_reference_evapotranspiration",2,1,1,"State_Gov",0
"state_regional_water_quality_control_board",2,1,1,"Group",0
"state_secondary_drinking_water_standards",2,2,1,"Legal",1
"state_small_water_systems",2,2,1,"Natural_Feature",0
"state_water_project_contractors",2,2,1,"Group",1
"state_water_resources_board",2,2,1,"Group",0
"state_water_resources_control_board_geographic_environmental_information_management_system",2,1,1,"Technical",0
"state_water_resources_control_board_recycled_water_policy",2,1,1,"Legal",0
"state_water_resources_control_board_water_resources",2,2,1,"State_Gov",1
"statewide_crop_mapping",2,2,1,"District",0
"statewide_groundwater_elevation_monitoring_monitoring_entity",2,2,1,"Technical",0
"static_program",2,2,1,"Nonsense",1
"statsgo",2,2,1,"Technical",1
"stephanie_anagnoson",2,2,1,"Person",1
"stewart",2,2,1,"Nonsense",1
"stewart_tract",2,2,1,"Legal",0
"stipulation",2,2,1,"Nonsense",1
"stockton_fault",2,2,1,"Natural_Feature",1
"stone_corral_irrigation_district_management_area",2,2,1,"Geographic_Unit",0
"stony_point",2,2,1,"Geographic_Unit",1
"stop",2,1,1,"Nonsense",1
"storage_of_information_required_for",2,2,1,"Nonsense",1
"stormflows",2,2,1,"Technical",1
"stormwater_management_program",2,2,1,"Legal",1
"stormwater_resources",2,2,1,"Infrastructure",1
"stratford_irrigation_district",2,2,1,"District",0
"strathmore_irrigation_district",2,2,1,"District",0
"stratigraphic_columns",2,1,1,"Technical",1
"stream_channel_improvements",2,2,1,"Water_Project",1
"streamflow_augmentation",2,1,1,"Water_Project",1
"streamflow_depletion_reaches",2,1,2,"Natural_Feature",1
"streamflow_monitoring",2,2,1,"Technical",0
"streamflow_streamflow",2,1,2,"Nonsense",1
"street",2,2,1,"Nonsense",1
"strongs",2,2,1,"Nonsense",1
"suaeda",2,2,1,"Natural_Feature",1
"subareas_east",2,2,1,"Geographic_Unit",1
"subbasin_groundwater_sustainability_plan_technical",2,2,1,"Technical",0
"subbasin_implementation_committee",2,2,1,"Group",0
"subbasin_management_team_comprised",2,2,1,"Group",1
"subbasin_planning_committees",2,2,1,"Group",0
"subbasin_temescal_valley_water_district",2,2,1,"District",0
"subbasin_working_group",2,1,1,"Group",0
"submit_annual_reports",2,2,1,"Technical",0
"subsurface_water_budget",2,2,1,"Technical",1
"suite_210",2,2,1,"Nonsense",1
"summers_engineering",2,2,1,"Company",1
"sun_maid_growers",2,2,1,"District",0
"support_sustainable_groundwater_supplies",2,2,1,"Nonsense",1
"supports",2,1,1,"Nonsense",1
"surface_water_bodies_supply_water_to_basin_residents",2,2,1,"District",0
"surface_water_monitoring_network",2,2,1,"Technical",0
"surface_water_quality_cadmium",2,2,1,"Natural_Feature",1
"surface_water_quality_iron",2,2,1,"Technical",1
"surface_water_quality_manganese",2,2,1,"Technical",1
"surface_water_quality_monitoring_locations",2,2,1,"Technical",0
"surface_water_quality_selenium",2,2,1,"Technical",1
"surface_water_quality_set",2,2,1,"Data_System",1
"surface_water_technical",2,2,1,"Technical",0
"surface_water_technical_advisory_group_representatives",2,2,1,"Technical",0
"surface_water_treatment_facility",2,1,1,"Infrastructure",1
"surficial_deposits",2,2,1,"Natural_Feature",1
"surficial_geology_figure",2,1,1,"Reference",0
"sustainability_agency_board",2,1,1,"Group",0
"sustainability_criteria_zones",2,2,1,"Geographic_Unit",0
"sustainability_evaluation",2,1,1,"Technical",1
"sustainability_groundwater_management_act",2,1,1,"Legal",0
"sustainability_indicator_4",2,2,1,"Technical",1
"sustainability_plan",2,2,1,"Technical",0
"sustainability_plans",2,2,1,"Technical",0
"sustainable_groundwater_management_act_3564",2,1,1,"Legal",1
"sustainable_groundwater_management_act_committee",2,1,1,"Group",0
"sustainable_groundwater_management_act_dataviewer",2,2,1,"Technical",0
"sustainable_groundwater_management_act_facilitation_support_services_program",2,2,1,"State_Gov",1
"sustainable_groundwater_management_act_groundwater_sustainability_plan_regulations_section",2,1,1,"Reference",0
"sustainable_groundwater_management_act_implementation156_specifically",2,2,1,"Legal",1
"sustainable_groundwater_management_act_implementation213_specifically",2,2,1,"Legal",1
"sustainable_groundwater_management_act_monitoring_network_for_depletions_of_interconnected_surface_water",2,2,1,"Technical",0
"sustainable_groundwater_management_act_monitoring_network_module",2,2,1,"Technical",0
"sustainable_groundwater_management_act_planning",2,2,1,"Legal",1
"sustainable_groundwater_management_act_regulations_article_8",2,2,1,"Legal",1
"sustainable_groundwater_management_act_requirements_for_stakeholder_outreach",2,1,1,"Legal",1
"sustainable_groundwater_management_act_section_107203",2,1,1,"Reference",0
"sustainable_groundwater_management_act_soar",2,2,1,"Legal",1
"sustainable_groundwater_management_act_strategies",2,2,1,"Legal",1
"sustainable_groundwater_management_act_sustainability_goals",2,2,1,"Legal",1
"sustainable_groundwater_management_act_technical_committee_meeting",2,1,1,"Technical",0
"sustainable_groundwater_management_grant_program_planning",2,2,1,"Legal",1
"sustainable_management_criteria_figures",2,2,1,"Reference",1
"sustainable_management_criteria_for_groundwater_quality",2,1,2,"Legal",1
"sustainable_management_criteria_summary_table",2,1,1,"Reference",0
"sustainable_management_criteria_survey",2,2,1,"Technical",1
"sustainable_management_criteria_workshops",2,2,1,"Group",1
"sustainable_water_infrastructure_project_awtf",2,2,1,"Water_Project",1
"sustainable_yield_estimate_sustainable",2,1,1,"Technical",1
"sutter_county_board_of_supervisors",2,2,1,"Group",0
"sutter_county_environmental_health_division",2,1,1,"Local_Gov",1
"sutter_placer_county_line",2,2,1,"Geographic_Unit",1
"sutter_subbasin_hydrogeologic_conceptual_model",2,2,1,"Technical",0
"svd",2,1,1,"Nonsense",1
"svii",2,2,1,"Nonsense",1
"sw_1240",2,1,1,"Nonsense",1
"swall_basin_southwest_cell",2,2,1,"Geographic_Unit",1
"swi_protective",2,2,1,"Technical",1
"swift_et",2,1,2,"Nonsense",1
"swift_et_al",2,1,1,"Reference",1
"swift_et_river_river",2,1,1,"Natural_Feature",0
"swrcs",2,2,1,"Technical",1
"swtp",2,2,1,"Infrastructure",1
"sycamore_ranch",2,1,2,"Local_Gov",1
"symposium",2,1,1,"Nonsense",1
"syndicate_water_company",2,2,1,"Company",1
"t0600102079_mw1",2,2,1,"Technical",1
"t11s",2,2,1,"Nonsense",1
"t22s",2,2,1,"Geographic_Unit",1
"t_hopkins",2,2,1,"Person",1
"table_2c3_2",2,1,1,"Reference",0
"table_35",2,2,1,"Reference",0
"table_4_atascadero_subbasin_project_budget",2,2,1,"Reference",0
"table_a2fd14",2,1,1,"Reference",0
"table_numbers",2,1,1,"Reference",0
"table_of_contents",2,2,1,"Reference",0
"tamara_kelly",2,1,1,"Person",1
"task_forces",2,2,1,"Group",1
"tbe_city",2,2,1,"Nonsense",1
"tbsmd",2,2,1,"Nonsense",1
"tcwa_boardroom",2,2,1,"Infrastructure",1
"tcwd_board_of_directors",2,2,1,"Group",0
"technical_advisory",2,1,1,"Technical",0
"technical_advisory_committee_meetings",2,1,1,"Technical",0
"technical_advisory_committee_planning_group",2,2,1,"Group",0
"technical_assistance",2,1,1,"Technical",0
"technical_experts_committee",2,2,1,"Group",0
"technical_lead",2,1,1,"Technical",0
"technical_see",2,2,1,"Technical",0
"technical_services_support",2,1,1,"Technical",0
"technical_stakeholder_and_board",2,2,1,"Group",0
"techniques_of_water_resources_investigations",2,2,1,"Reference",1
"tehama_1992_mining",2,2,1,"Reference",1
"tehama_colusa_canal_authority",2,2,1,"Group",0
"tehama_formation_exposures",2,1,1,"Natural_Feature",1
"tehama_formation_of",2,2,1,"Natural_Feature",1
"tehama_september_27",2,1,1,"Nonsense",1
"tejon_mountain_village_environmental_impact_report",2,2,1,"Technical",0
"tejon_ranchcorp",2,2,1,"Company",1
"templeton_community_service_district",2,2,1,"District",0
"templeton_community_services_district_board",2,2,1,"Group",0
"terms_and_conditions",2,1,2,"Legal",1
"terry_foreman",2,2,1,"Person",1
"tertiary_treatment_plant",2,2,1,"Infrastructure",1
"testing_of_recharge_capacity",2,2,1,"Technical",1
"teubert",2,2,1,"Person",1
"texas_commission_on_environmental_quality",2,2,1,"State_Gov",1
"tf",2,2,1,"Nonsense",1
"thamnophis_gigas_threatened",2,2,1,"Nonsense",1
"that_city_of",2,2,1,"City",0
"theim",2,1,1,"Nonsense",1
"thermalito",2,1,1,"City",0
"these_rules_and_regulations",2,1,1,"Legal",0
"this",2,1,1,"Nonsense",1
"this_action",2,2,1,"Nonsense",1
"this_certification",2,1,1,"Nonsense",1
"this_certification_for",2,1,1,"Nonsense",1
"this_hydrogeologic_conceptualization_and_characterization_of_conditions_report",2,2,1,"Technical",0
"this_intertie_feasibility_study",2,2,1,"Technical",1
"this_lower_alameda_formation",2,2,1,"Natural_Feature",0
"this_public_user_guide",2,1,1,"District",0
"this_stipulation_and_order",2,2,1,"Legal",1
"this_white_wolf_groundwater_sustainability_agency",2,2,1,"Other_GSA",0
"thomas_fire",2,1,1,"Natural_Feature",1
"thomas_harter",2,2,1,"Person",1
"threatened_special_concern_arssc",2,2,1,"Technical",1
"threatened_threatened",2,2,1,"Nonsense",1
"threatened_threatened_reliance_on_groundwater",2,2,1,"Nonsense",1
"tidewater",2,2,1,"District",0
"tier_1_management_action_8_study",2,2,1,"Technical",1
"tim_durbin",2,1,1,"Person",1
"tim_echevarria",2,2,1,"Person",1
"timeline_for_implementation_and_accrual_of_expected_benefits",2,2,1,"Reference",1
"timeline_for_implementation_and_accrual_of_expected_benefits_depending",2,2,1,"Reference",1
"title_23_california_code_of_regulations",2,2,1,"State_Gov",0
"tm1",2,2,1,"Nonsense",1
"tmdl_task_force_of_tmdl",2,2,1,"Group",1
"to_achieve_measurable_objectives",2,2,1,"Nonsense",1
"to_meet_costs",2,2,1,"Nonsense",1
"to_modify_for_future_climate_change_based_projections",2,2,1,"Technical",1
"to_protect_water_quality_prepare",2,2,1,"Nonsense",1
"to_stay_engaged",2,2,1,"Nonsense",1
"todd_greene",2,1,1,"Person",1
"todos_los_gastos",2,2,1,"Nonsense",1
"tom_bess_asphalt_company",2,2,1,"Company",1
"tom_lauknes",2,1,1,"Person",1
"tom_moody",2,2,1,"Person",1
"toro_canyon",2,2,1,"City",0
"total",2,2,1,"Nonsense",1
"total_maximum_daily",2,1,1,"Nonsense",1
"town_of",2,1,1,"Nonsense",1
"town_of_mendocino",2,2,1,"Local_Gov",1
"tracy_carbona",2,2,1,"Nonsense",1
"tracy_defense",2,2,1,"Water_Project",1
"tracy_subbasin_communication_and_engagement_plan",2,2,1,"Technical",0
"tracy_subbasin_groundwater",2,2,1,"Basin",1
"tracy_subbasin_groundwater_sustainability_agency",2,2,1,"Other_GSA",0
"tracy_subbasin_interested_parties_database",2,2,1,"Technical",0
"train_gsa_staff",2,2,1,"Group",1
"tranquility",2,1,1,"Nonsense",1
"tranquillity",2,2,1,"City",0
"transect_study_the_groundwater_sustainability_agency",2,2,1,"Other_GSA",0
"transition_probability_geostatistical_software",2,1,1,"Technical",1
"transportation_charge",2,2,1,"Nonsense",1
"transverse_ranges_geomorphic_province",2,1,1,"Geographic_Unit",1
"travis_air_force_base",2,2,1,"Infrastructure",1
"trc_pw88a",2,2,1,"Nonsense",1
"treaty",2,2,1,"Legal",1
"tres_pinos_fault",2,2,1,"Natural_Feature",1
"tribal_band",2,1,1,"Group",1
"tribal_beneficial",2,1,2,"Group",1
"tribal_engagement",2,1,1,"Group",1
"tribal_jurisdictional_boundaries",2,2,1,"Geographic_Unit",1
"tribal_reservations",2,2,1,"Geographic_Unit",1
"triennial_updates",2,2,1,"Technical",1
"trigger_levels",2,2,1,"Technical",1
"trilby_barton",2,1,1,"Person",1
"trimble_geo_7x",2,1,1,"Infrastructure",1
"trs",2,1,1,"Nonsense",1
"truckee",2,2,1,"City",0
"tshawytscha_central_valley",2,2,1,"Geographic_Unit",0
"tulare_basins",2,1,1,"Basin",0
"tulare_board_of_public_utilities",2,2,1,"Group",1
"tulare_code",2,2,1,"Legal",0
"tulare_counties",2,2,1,"Local_Gov",1
"tulare_county_2030",2,2,1,"Reference",1
"tulare_county_resource_management_agency",2,2,1,"Group",0
"tulare_study",2,1,2,"Reference",1
"tule_basin_sustainable_management_criteria",2,1,1,"Legal",1
"tule_elk_reserve",2,2,1,"Natural_Feature",1
"tulelake_city_hall_update",2,2,1,"Local_Gov",1
"tulelake_groundwater_sustainability_agency",2,1,1,"Other_GSA",0
"tulelake_subbasin_groundwater_sustainability_plan",2,2,1,"Technical",0
"tuolumne_county_board_of_supervisors",2,2,1,"Group",0
"turf_removal_program",2,2,1,"Water_Project",1
"turlock_groundwater_sustainability_plan_pma",2,2,1,"Geographic_Unit",1
"turlock_subbasin_groundwater_management_plan",2,2,1,"Technical",0
"turnipseed",2,1,1,"Nonsense",1
"twin_oaks_irrigation_district",2,2,1,"District",0
"ub",2,1,1,"Nonsense",1
"ucwd_board",2,1,1,"Group",0
"uda",2,2,1,"Nonsense",1
"uic",2,2,1,"Nonsense",1
"ukiah_valley_area_plan",2,2,1,"Technical",0
"ukiah_valley_gsa",2,2,1,"Other_GSA",0
"unafco_ground",2,2,1,"District",1
"under_drinking_water_programs",2,1,1,"Group",1
"underground_storage_tank",2,2,1,"Infrastructure",1
"underlying_the_water_budgets_are_unclear",2,2,1,"Nonsense",1
"underst_nd_ing",2,1,1,"Nonsense",1
"undesirable",2,1,1,"Nonsense",1
"uninhabited_aerial_vehicle_synthetic_aperture_radar",2,2,1,"Technical",1
"union_water_company",2,2,1,"Company",1
"united_board_of_directors",2,1,1,"Group",0
"united_calleguas_municipal_water_district",2,1,1,"District",0
"united_groundwater_management_plan",2,1,1,"Technical",0
"united_gw_quality",2,1,1,"NGO",1
"united_states_department_of_agriculture_natural",2,1,1,"Federal_Gov",1
"united_states_department_of_agriculture_natural_resources_conservation_service",2,1,1,"Federal_Gov",1
"united_states_forest_service",2,2,1,"Federal_Gov",1
"united_states_geological_service",2,1,1,"Federal_Gov",1
"united_states_geological_survey_model",2,2,1,"Technical",0
"united_states_geological_survey_national_hydrography_dataset",2,2,1,"Technical",0
"united_states_geological_survey_national_water",2,1,1,"Federal_Gov",1
"united_states_geological_survey_national_water_information_system",2,2,1,"Technical",0
"united_states_geological_survey_scientific_investigations_report",2,1,1,"Technical",0
"united_states_geological_survey_water_supply_paper",2,2,1,"Technical",1
"united_states_geological_survey_wilson_creek",2,2,1,"Natural_Feature",0
"united_the_oxnard_plain_surface_water_distribution_model",2,1,1,"Technical",0
"united_water_conservation_district_basin_conditions",2,1,2,"District",1
"universal_transverse_mercator",2,1,1,"Technical",1
"university_of_california_agricultural_and",2,1,1,"State_Gov",0
"university_of_california_agricultural_and_natural_resources",2,2,1,"State_Gov",0
"university_of_california_at_davis_center_for_watershed_science",2,2,1,"State_Gov",0
"university_of_california_board_of_regents",2,2,1,"State_Gov",0
"university_of_california_in",2,2,1,"State_Gov",0
"university_of_south_dakota",2,1,1,"Nonsense",1
"unlikely",2,1,1,"Nonsense",1
"unregulated_contaminant_monitoring_rule",2,2,1,"Technical",0
"unsaturated_based",2,2,1,"Nonsense",1
"upcoming_board",2,1,1,"Group",0
"updates",2,1,1,"Nonsense",1
"upper_and_lower_san_luis_rey_valley_groundwater_subbasins",2,2,1,"Basin",0
"upper_cosumnes",2,2,1,"Basin",1
"upper_princeton_valley_fill_formation",2,2,1,"Natural_Feature",0
"upper_san_leandro",2,2,1,"Basin",1
"upper_san_leandro_reservoir",2,2,1,"Infrastructure",0
"upper_san_luis_rey_valley_subbasin",2,2,1,"Basin",0
"upper_santa_ana_valley",2,2,1,"Geographic_Unit",0
"upper_santa_rosa_creek",2,2,1,"Natural_Feature",0
"upper_saugus_formation",2,2,1,"Natural_Feature",0
"upper_temescal_valley_groundwater_management_zone",2,2,1,"Geographic_Unit",0
"upper_valley_aquifer",2,2,1,"Natural_Feature",0
"upper_valley_aquifer_subbasin",2,2,1,"Basin",0
"upper_ventura_river_groundwater_agency_data_quality_control_review_procedures",2,2,1,"Technical",0
"urban_water_management",2,2,1,"Technical",1
"urban_water_supplier_reports",2,2,1,"Technical",0
"us_census_acs",2,2,1,"Technical",1
"us_departments",2,1,1,"Group",0
"us_environmental_protection_agency_guidance_on_systematic",2,1,1,"District",0
"us_environmental_protection_agency_national_recommended_water_quality_criteria",2,1,2,"Reference",1
"us_fish_and_wildlife",2,1,1,"Federal_Gov",1
"us_naval_construction_battalion_center",2,1,1,"Federal_Gov",1
"us_supreme_court",2,2,1,"Federal_Gov",1
"used_for_evaluating_groundwater_surface_water_interactions",2,2,1,"Technical",1
"used_to_estimate_the_water_budget",2,2,1,"Nonsense",1
"used_to_monitor_groundwater_quality",2,2,1,"Technical",0
"user_input_parameters",2,2,1,"Nonsense",1
"uses_environmental",2,2,1,"Nonsense",1
"utilities",2,1,1,"Group",1
"vacaville_groundwater_sustainability_agency",2,2,1,"Other_GSA",0
"valeteria_dry_cleaners",2,2,1,"Nonsense",1
"validation_data",2,2,1,"Technical",0
"valley",2,2,1,"Geographic_Unit",0
"valley_springs_formation_the_valley_springs_formation",2,1,1,"Natural_Feature",0
"van_der_maaten",2,1,1,"Person",1
"van_hoozen_james_l_family_trust",2,2,1,"Nonsense",1
"vcf",2,1,1,"Nonsense",1
"venice",2,2,1,"Geographic_Unit",1
"ventura_county_agricultural",2,1,2,"Local_Gov",1
"ventura_county_environmental_health_division",2,2,1,"Local_Gov",1
"ventura_county_flood_control_district",2,1,1,"District",0
"ventura_county_general_plan_environmental_impact_report",2,1,1,"Technical",0
"ventura_county_ordinance",2,1,1,"Legal",0
"ventura_county_planning_commission",2,1,1,"Group",0
"ventura_county_resource_management_agency_division_of_environmental_health",2,1,1,"Local_Gov",1
"ventura_county_stormwater_quality_monitoring_program",2,2,1,"Technical",0
"ventura_water",2,2,1,"District",1
"verano_st_piezo",2,2,1,"Technical",1
"vicki_kretsinger_grabert_lead_engineer",2,2,1,"Person",1
"vicksburg",2,1,1,"Nonsense",1
"vina_advisory_committee",2,2,1,"Group",0
"vineyard",2,2,1,"City",0
"visual_modflow",2,2,1,"Technical",0
"vp_of_operations_for_torrent_laboratory",2,1,1,"Nonsense",1
"vwlpdwhg6fkhgxohri0rgho8sgdwhfwlylwlhv",2,1,1,"Nonsense",1
"w_4th",2,2,1,"Nonsense",1
"w_morton_avenue",2,2,1,"Nonsense",1
"w_thompson",2,2,1,"Person",1
"walnut_hills_mutual_water_company",2,2,1,"Company",1
"warm_springs_area",2,2,1,"Geographic_Unit",0
"wastewater_enterprise_management_agreement",2,1,1,"Group",0
"water_agencies",2,1,1,"Group",0
"water_allocation_plan_agricultural_ma",2,2,1,"Nonsense",1
"water_budget_diagram",2,2,1,"Technical",1
"water_budget_technical_memoranda",2,1,1,"Technical",0
"water_budgets",2,2,1,"Technical",1
"water_commission_water_supply_investment_program",2,1,2,"Water_Project",1
"water_conservation",2,1,1,"Nonsense",1
"water_control_manual",2,2,1,"Reference",1
"water_efficiency_and_allocation_program",2,2,1,"Legal",1
"water_exchange_project",2,2,1,"Water_Project",0
"water_management",2,1,1,"Group",1
"water_management_services",2,2,1,"Local_Gov",1
"water_quality_control_board",2,1,1,"Group",0
"water_quality_control_policy_for_maintaining_instream_flows",2,2,1,"Legal",1
"water_quality_frequently",2,2,1,"Nonsense",1
"water_quality_goals_for_agriculture",2,1,1,"Legal",1
"water_quality_table",2,2,1,"Reference",0
"water_resources_and_supply_water",2,2,1,"Natural_Feature",1
"water_resources_control_board",2,1,1,"Group",0
"water_resources_division_of_the_public_works_department",2,1,1,"Group",0
"water_resources_recovery_facility",2,2,1,"Infrastructure",1
"water_resources_staff",2,2,1,"Group",1
"water_supply",2,1,1,"Nonsense",1
"water_supply_agreement_for_delivery_of_water_through",2,1,1,"Legal",1
"water_supply_assessment",2,2,1,"Technical",1
"water_supply_optimization_plan",2,2,1,"Technical",0
"water_supply_plan",2,2,1,"Technical",0
"water_supply_reports",2,2,1,"Technical",0
"water_symposium_hosted",2,2,1,"Nonsense",1
"water_systems_consulting_inc",2,2,1,"Company",1
"water_treatment_plant",2,2,1,"Infrastructure",1
"water_use_and_efficiency_branch",2,1,1,"State_Gov",1
"water_use_efficiency_programs",2,2,1,"Group",1
"water_year_2043",2,1,2,"Nonsense",1
"waterboard_geotracker_groundwater_ambient_monitoring_and_assessment",2,1,1,"Technical",0
"waterford_without_increasing_costs",2,2,1,"Nonsense",1
"watermains",2,2,1,"Infrastructure",1
"watershed_boundary",2,1,1,"Geographic_Unit",1
"watershed_boundary_central_management_area",2,1,1,"Geographic_Unit",0
"watershed_consumptive_use_fractions_of",2,2,1,"Technical",1
"watershed_information_center_conservancy",2,2,1,"NGO",1
"watershed_integrated_regional_urban_water_management_plan",2,2,1,"Technical",0
"watershed_protection_district",2,2,1,"District",0
"watersheds_15_coalition",2,2,1,"Group",1
"wd",2,1,1,"District",0
"weather_data",2,1,1,"Technical",0
"well_02n20w17j06s_accounting",2,2,1,"Technical",1
"well_completion_report_application",2,2,1,"Technical",0
"well_log",2,2,1,"Technical",1
"well_outage_risk_analysis",2,1,1,"Technical",1
"well_owners_guide",2,2,1,"District",0
"wells_02n19w07k02_and",2,2,1,"Nonsense",1
"wells_02n19w07k03s_and_02n19w07k02s",2,2,1,"Infrastructure",1
"wells_02n21w11j06s",2,2,1,"Infrastructure",1
"wells_03n20w35r03s",2,2,1,"Infrastructure",1
"wells_coordinates",2,2,1,"Technical",1
"wells_monterey_peninsula_water_management_districtfo9",2,2,1,"District",1
"wells_notes",2,1,1,"Reference",1
"wells_samples",2,2,1,"Technical",1
"wells_tract",2,2,1,"Legal",0
"wells_with_site_code",2,2,1,"Legal",0
"west_butte_subbasins",2,1,1,"Basin",0
"west_fork_carson",2,2,1,"Natural_Feature",1
"west_las_posas_management_area_several_united_water_conservation_district",2,2,1,"District",0
"west_san_jacinto_groundwater_management",2,2,1,"District",1
"west_stanislaus",2,2,1,"Basin",1
"west_turlock_subbasin_groundwater_sustainability_agency_east_turlock_subbasingsa",2,2,1,"Other_GSA",0
"western_areas_power_administration",2,2,1,"Federal_Gov",1
"western_management_agency",2,2,1,"Group",0
"western_management_area_cma_model",2,1,1,"Technical",0
"western_management_area_groundwater_sustainability_agency_advisory_committee",2,2,1,"Group",0
"western_pacific_railroad",2,2,1,"Nonsense",1
"western_water_recycling_facility",2,2,1,"Infrastructure",1
"western_yolo",2,2,1,"Geographic_Unit",1
"westland",2,2,1,"Local_Gov",1
"westlands_water_quality_coalition",2,2,1,"Group",1
"westside_central_valleyp",2,1,1,"District",0
"westside_coalition",2,2,1,"District",0
"westside_sacramento_integrated_regional_water_management_plan",2,2,1,"Technical",0
"westside_subbasin_boundary",2,2,1,"District",0
"wh3_self_reporting_of_groundwater_extraction_level",2,1,1,"Technical",0
"wheeler_crest",2,2,1,"Geographic_Unit",1
"when_establishing_sustainable_management_criteria",2,2,1,"Reference",1
"where_exceeded_the_estimated_pump_intake_depth_table",2,2,1,"Reference",0
"whereas",2,2,1,"Nonsense",1
"white_alder",2,2,1,"Natural_Feature",1
"whitewater_recharge_facilities",2,2,1,"Infrastructure",1
"wicc_board_of_directors",2,2,1,"Group",0
"wight_way",2,2,1,"Nonsense",1
"wilcoxon",2,2,1,"Nonsense",1
"wildlife_habitat",2,1,1,"Natural_Feature",1
"wildlife_heritage_foundation",2,1,1,"NGO",1
"will_affect",2,2,1,"Nonsense",1
"will_manage_areas_not_covered",2,2,1,"Nonsense",1
"william_flaxington",2,2,1,"Person",1
"willowbrook",2,2,1,"City",0
"wilma_chan",2,2,1,"Person",1
"wind_gap_pumping_plant",2,1,1,"Infrastructure",1
"wind_wolves_preserve",2,2,1,"Natural_Feature",1
"wood_project_chemist",2,2,1,"Nonsense",1
"woodbridge_ecological_reserve",2,2,1,"District",0
"woodland_alliance",2,1,1,"Nonsense",1
"woolfenden",2,2,1,"Person",1
"working_group_meeting",2,2,1,"Group",1
"working_group_to",2,2,1,"Group",1
"wr16_water_supplier_cooperation",2,1,1,"Group",1
"wrmwsd_board",2,2,1,"Group",0
"wrwrf",2,2,1,"Nonsense",1
"wscp",2,2,1,"Nonsense",1
"wscps",2,2,1,"Group",1
"wutchumna_ditch",2,2,1,"Infrastructure",1
"wyandotte_creek_advisory_committee",2,2,1,"Group",0
"wyandotte_creek_subbasin_groundwater_sustainability_agency",2,2,1,"Other_GSA",0
"wyt1_bay",2,2,1,"Basin",1
"xyz_dist",2,2,1,"District",1
"y_n_project_recharge",2,2,1,"Water_Project",1
"y_proyectados_para_la_subcuenca",2,2,1,"Nonsense",1
"yates_et_al",2,2,1,"Reference",1
"yellow_butte",2,2,1,"Nonsense",1
"yellow_warbler",2,1,1,"Natural_Feature",1
"ynez",2,1,1,"Nonsense",1
"yokohl_creek_recharge_project",2,2,1,"Water_Project",0
"yolo_county_integrated",2,2,1,"Group",1
"yolo_groundwater_sustainability_agency",2,2,1,"Other_GSA",0
"you",2,1,1,"Nonsense",1
"youtube",2,2,1,"Company",1
"ysga_model",2,2,1,"Technical",0
"ysi_6820",2,1,1,"Infrastructure",1
"ysi_6920",2,1,1,"Infrastructure",1
"yuba_county_code",2,2,1,"Legal",0
"yuba_county_general_plan",2,2,1,"Technical",0
"yucaipa_landfill",2,2,1,"Infrastructure",1
"yucaipa_sub_basin_groundwater_sustainability_agency",2,2,1,"Other_GSA",0
"yucaipa_sustainable_groundwater_management_agency",2,2,1,"Group",0
"yulupa_creek",2,2,1,"Natural_Feature",0
"yvwrff",2,2,1,"Nonsense",1
"zhang_et_al",2,1,1,"Reference",1
"δstorage",2,2,1,"Nonsense",1
"00061_feet",1,1,1,"Nonsense",1
"001μg_l",1,1,1,"Nonsense",1
"01n22w20j08s",1,1,1,"Geographic_Unit",1
"02n20w02d02s",1,1,1,"Geographic_Unit",1
"02n20w07k02s",1,1,1,"Geographic_Unit",1
"03n20w35j01s",1,1,1,"Geographic_Unit",1
"0433pm_5",1,1,1,"Nonsense",1
"07n01e29p001_m",1,1,1,"Reference",1
"1010_intermountain_conservation_camp",1,1,1,"Nonsense",1
"1062021",1,1,1,"Nonsense",1
"1128_federal_government",1,1,1,"Nonsense",1
"11b",1,1,1,"Nonsense",1
"1222021",1,1,1,"Nonsense",1
"12343_data_management_system_data",1,1,1,"Technical",0
"12920_13",1,1,1,"Nonsense",1
"12_management_areas",1,1,1,"Geographic_Unit",0
"134_legal_authority",1,1,1,"Group",0
"13mg_l",1,1,1,"Nonsense",1
"143_operational_flexibility_limitations",1,1,1,"Reference",1
"164400_af",1,1,1,"Nonsense",1
"18_ma",1,1,1,"Nonsense",1
"1998_permit",1,1,1,"Legal",1
"1_department_of_water_resources",1,1,1,"State_Gov",1
"1cvp",1,1,1,"Water_Project",1
"2014_sustainable_groundwater_management_act",1,1,1,"Legal",0
"2016_feasibility_study",1,1,1,"Reference",1
"2016_salt_and_nutrient_management_plan",1,1,1,"Technical",0
"2020d",1,1,1,"Nonsense",1
"2070_central_tendency_climate_change_factors",1,1,1,"Technical",1
"210c",1,1,1,"Nonsense",1
"214_city_of",1,1,1,"City",0
"214_historical_santa_ysabel_creek_riparian_rights_riparian",1,1,1,"Legal",1
"23111_irrigated_lands_regulatory_program",1,1,1,"Legal",1
"2332_groundwater_exchange",1,1,1,"Nonsense",1
"255_city_and",1,1,1,"Nonsense",1
"25_reference_to",1,1,1,"Reference",1
"272_approach",1,1,1,"Nonsense",1
"296280_af",1,1,1,"Nonsense",1
"310_monitoring_and_management_programs",1,1,1,"Technical",0
"313_land_use_plans",1,1,1,"Technical",0
"3252_criteria",1,1,1,"Reference",1
"325_composite_surface_a_composite_surface",1,1,1,"Technical",1
"3272019_ug",1,1,1,"Nonsense",1
"335_city_and",1,1,1,"Nonsense",1
"35410_initial_notification",1,1,1,"Reference",1
"3546_agency_information",1,1,1,"Natural_Feature",0
"3548f",1,1,1,"Nonsense",1
"355_protocols_for_data_collection_and_monitoring_standards_for_establishing_monitoring_protocols",1,1,1,"Technical",0
"3623_brochure",1,1,1,"Reference",1
"372_head",1,1,1,"Nonsense",1
"416_chowchilla_water_district_project_financing_pursuant",1,1,1,"Legal",1
"422019_ug",1,1,1,"Nonsense",1
"423_data_management",1,1,1,"Technical",0
"42410_legal_authority",1,1,1,"Group",0
"424_education_and_outreach_4241_project_description",1,1,1,"Reference",1
"424_streamflow_measurements",1,1,1,"Technical",1
"43108_legal_authority",1,1,1,"Group",0
"43_monitoring_and_management_considerations",1,1,1,"Technical",0
"463_salt_river",1,1,1,"Natural_Feature",0
"471_tule_subbasin_data",1,1,1,"Technical",0
"476500_inflow_outflow_gw",1,1,1,"Technical",1
"4b4_8_legal_authority",1,1,1,"Group",0
"4c2_management_action_no",1,1,1,"Reference",1
"4th_floor",1,1,1,"Nonsense",1
"55_hydraulic_gradients_between_aquifers",1,1,1,"Natural_Feature",0
"5_distribution_system",1,1,1,"Infrastructure",1
"5_water",1,1,1,"Nonsense",1
"612018_board",1,1,1,"Group",0
"65436_colusa_subbasin",1,1,1,"Basin",0
"722018_responsibilty_board",1,1,1,"Group",0
"76_worksheet_37",1,1,1,"Reference",1
"77_development",1,1,1,"Nonsense",1
"7_c",1,1,1,"Nonsense",1
"7_city",1,1,1,"Nonsense",1
"813_communication_and_outreach_ongoing",1,1,1,"Technical",1
"83212_relationship_to_additional_groundwater_sustainability_plan_elements",1,1,1,"Reference",1
"8346_timetable_for_implementation",1,1,1,"Reference",1
"852021",1,1,1,"Nonsense",1
"904b",1,1,1,"Nonsense",1
"914_monitoring_and_data_management_monitoring_of_the",1,1,1,"Technical",0
"9272018_ug",1,1,1,"Nonsense",1
"933_criteria",1,1,1,"Reference",1
"952_conceptual_projects_six",1,1,1,"Reference",1
"952_minimum_thresholds",1,1,1,"Reference",1
"95406_wwwsonomavalleygroundwaterorg",1,1,1,"Nonsense",1
"96_periodic",1,1,1,"Nonsense",1
"97_land_subsidence_historical",1,1,1,"District",0
"a2",1,1,1,"Nonsense",1
"a2_4",1,1,1,"Nonsense",1
"a2_decentralized_stormwater_recharge",1,1,1,"Water_Project",1
"a2fa16",1,1,1,"Nonsense",1
"a2fa17",1,1,1,"Nonsense",1
"a2fa6",1,1,1,"Nonsense",1
"a2ff20",1,1,1,"Nonsense",1
"a2fg13",1,1,1,"Nonsense",1
"a85005",1,1,1,"Nonsense",1
"a_ag_innovations",1,1,1,"Company",1
"a_biological_assessment_and_environmental_impact_report",1,1,1,"Technical",0
"a_bound_party",1,1,1,"Nonsense",1
"a_budget_transfer",1,1,1,"Nonsense",1
"a_calculation",1,1,1,"Nonsense",1
"a_citizen_advisory_group",1,1,1,"Group",0
"a_coastal_development_permit",1,1,1,"Legal",1
"a_community_community",1,1,1,"Group",0
"a_comprehensive_allocation_method",1,1,1,"Technical",1
"a_comprehensive_groundwater_management_plan",1,1,1,"Technical",0
"a_comprehensive_groundwater_quality_management_plan",1,1,1,"Technical",0
"a_continuously_operating_reference_stations",1,1,1,"Technical",1
"a_coordinating_committee_figure_es2",1,1,1,"Reference",0
"a_county_of_ventura",1,1,1,"Local_Gov",1
"a_dairy_element",1,1,1,"Nonsense",1
"a_define",1,1,1,"Nonsense",1
"a_detailed_operations_and_water_monitoring_plan",1,1,1,"Technical",0
"a_drought_operations_technical_advisory_committee",1,1,1,"Group",0
"a_fire",1,1,1,"Nonsense",1
"a_funding_partner",1,1,1,"Group",1
"a_geotracker",1,1,1,"Data_System",1
"a_geotracker_ranch_global_identification_number",1,1,1,"District",0
"a_groundwater_augmentation_program",1,1,1,"Water_Project",1
"a_land_subsidence_monitoring_and_management_plan",1,1,1,"Technical",0
"a_long_term_water_exchange_agreement",1,1,1,"Group",0
"a_management_area_exceedance",1,1,1,"Technical",1
"a_mayor_council",1,1,1,"Group",0
"a_meeting_inventory_table",1,1,1,"Reference",0
"a_nitrate_total_maximum_daily_loadpurisma",1,1,1,"Legal",1
"a_notice_of_intent_on",1,1,1,"Nonsense",1
"a_partnership_commitment",1,1,1,"Nonsense",1
"a_planning",1,1,1,"Nonsense",1
"a_planning_committee",1,1,1,"Group",0
"a_policy_advisory_committee",1,1,1,"Group",0
"a_precipitation_threshold_for_runoff",1,1,1,"Technical",1
"a_public_access_to_records",1,1,1,"Legal",1
"a_regional_water_efficiency_program",1,1,1,"Group",1
"a_resources_development_assessment",1,1,1,"Reference",1
"a_routine_maintenance_agreement",1,1,1,"Group",0
"a_sacred_lands_and_tribal_contact",1,1,1,"Legal",0
"a_sacred_lands_file",1,1,1,"Technical",1
"a_seawater_intrusion_model",1,1,1,"Technical",0
"a_sewer_connection_permit",1,1,1,"Legal",1
"a_special_project_committee",1,1,1,"Group",0
"a_stakeholder_committee",1,1,1,"Group",0
"a_state_of_california",1,1,1,"State_Gov",0
"a_state_water_project",1,1,1,"Water_Project",0
"a_state_water_project_contractor",1,1,1,"Group",1
"a_subbasin_coordination_committee",1,1,1,"Group",0
"a_superior_court_of",1,1,1,"Nonsense",1
"a_technical_committee",1,1,1,"Group",0
"a_technical_peer_review_group",1,1,1,"Group",0
"a_technical_peer_review_team",1,1,1,"Technical",0
"a_temporary_water_service_program",1,1,1,"Group",1
"a_water_exchange_and_water_transportation_agreement_agreement",1,1,1,"Group",0
"a_water_resource_validation_program",1,1,1,"District",0
"aall",1,1,1,"Nonsense",1
"aapg",1,1,1,"NGO",1
"ab2222",1,1,1,"Nonsense",1
"ab_3030_groundwater_management_plan",1,1,1,"Technical",0
"ab_303_project",1,1,1,"Water_Project",0
"ab_32",1,1,1,"Legal",1
"ab_52",1,1,1,"Legal",1
"abandoned_sa_n",1,1,1,"Nonsense",1
"abbreviations",1,1,1,"Reference",1
"abhishek_singh",1,1,1,"Person",1
"abrams",1,1,1,"Person",1
"abrup",1,1,1,"Nonsense",1
"absence_of_management_changes",1,1,1,"Nonsense",1
"acalanes_ridge",1,1,1,"City",0
"access",1,1,1,"Nonsense",1
"accord",1,1,1,"Nonsense",1
"according",1,1,1,"Nonsense",1
"accounting_management_action",1,1,1,"Legal",1
"accumulated_capital_outlay_fund",1,1,1,"Nonsense",1
"acft26",1,1,1,"Nonsense",1
"achieve_sustainability",1,1,1,"Nonsense",1
"acknowledgements",1,1,1,"Reference",1
"action_area",1,1,1,"Geographic_Unit",0
"action_reclamation",1,1,1,"Water_Project",1
"active_gauge_locations",1,1,1,"Technical",1
"active_groundwater_sustainability_agency_coordination_with_water_quality_agencies_and_coalitions",1,1,1,"Group",1
"active_modflow_westside",1,1,1,"Technical",0
"ad_hoc_funding_committee",1,1,1,"Group",0
"adam_claes",1,1,1,"Person",1
"adams",1,1,1,"Infrastructure",0
"adams_and_academy",1,1,1,"Nonsense",1
"adapted",1,1,1,"Nonsense",1
"adaptive_management_strategy",1,1,1,"Technical",1
"addi_tional_pl",1,1,1,"Nonsense",1
"additional",1,1,1,"Nonsense",1
"additional_monitoring",1,1,1,"Technical",0
"address",1,1,1,"Nonsense",1
"address_data",1,1,1,"Technical",0
"address_identified_data_gaps",1,1,1,"Technical",0
"adelaida_area_hydrogeologic_study",1,1,1,"District",0
"adequately_address_groundwater_quality_12",1,1,1,"Reference",1
"adin_community_services_district",1,1,1,"District",0
"adin_ranger_station",1,1,1,"Infrastructure",1
"adin_wells",1,1,1,"Infrastructure",1
"adjacent_basins",1,1,1,"Basin",0
"adjacent_subareas_table",1,1,1,"Reference",0
"adjusted_base_production_rights",1,1,1,"Legal",1
"admin_fiscal_subcommittee",1,1,1,"Group",0
"administering",1,1,1,"Nonsense",1
"administrative",1,1,1,"Nonsense",1
"administrative_agency",1,1,1,"Group",0
"administrative_approach_and_implementation",1,1,1,"Nonsense",1
"administrative_approach_governance_structure",1,1,1,"Technical",1
"administrative_costs_the_administrative",1,1,1,"Nonsense",1
"administrative_draft",1,1,1,"Reference",1
"administrative_fiscal_committee",1,1,1,"Group",0
"administrative_monitoring_reporting",1,1,1,"Technical",0
"administrative_personal",1,1,1,"Nonsense",1
"administrative_staff",1,1,1,"Nonsense",1
"administrator_collect",1,1,1,"Nonsense",1
"adopt",1,1,1,"Nonsense",1
"adopted_city_urban_development_boundary",1,1,1,"Geographic_Unit",1
"adopted_ordinance",1,1,1,"Legal",0
"advanced_biological_testing",1,1,1,"Technical",1
"advanced_water_purification_facility",1,1,1,"Infrastructure",1
"advanced_water_purification_facility_project",1,1,1,"Water_Project",0
"advisory",1,1,1,"Group",1
"advisory_board_of_the_groundwater_exchange",1,1,1,"Group",1
"advisory_committee_and",1,1,1,"Nonsense",1
"advisory_committee_and_technical_advisory_subcommittee",1,1,1,"Group",0
"advisory_committee_and_technical_peer_review_group",1,1,1,"Group",0
"advisory_committee_distribution_system_usage_with_facilities",1,1,1,"Group",1
"advisory_committee_meetings",1,1,1,"Group",1
"advisory_group",1,1,1,"Group",0
"ae20",1,1,1,"Nonsense",1
"ae27",1,1,1,"Nonsense",1
"aec",1,1,1,"Nonsense",1
"aem_study10",1,1,1,"Technical",1
"aem_study11",1,1,1,"Technical",1
"aem_survey",1,1,1,"Technical",1
"aer",1,1,1,"Nonsense",1
"aera_energy_llc",1,1,1,"Company",1
"aerojet_general_corp",1,1,1,"Company",1
"aerojet_general_corporation",1,1,1,"Company",1
"aewsd_private_california_department_of_transportation_basin_connections",1,1,1,"State_Gov",0
"af_abbreviations",1,1,1,"Reference",1
"af_central_valley_project",1,1,1,"Water_Project",0
"af_of",1,1,1,"Nonsense",1
"af_of_level_2",1,1,1,"Nonsense",1
"af_y_difference",1,1,1,"Technical",1
"af_y_f",1,1,1,"Nonsense",1
"af_y_page_4_4",1,1,1,"Reference",0
"af_yr_of_table_a",1,1,1,"Reference",0
"affonso",1,1,1,"Nonsense",1
"afyin",1,1,1,"Nonsense",1
"ag_coverage",1,1,1,"Technical",1
"ag_water",1,1,1,"Nonsense",1
"agai_nst",1,1,1,"Nonsense",1
"agencies_cachuma_resource_conservation_district",1,1,1,"District",0
"agencies_department",1,1,1,"Group",0
"agencies_organization_and_management_structures_the",1,1,1,"Nonsense",1
"agencies_with_water_management_responsibilities",1,1,1,"Group",1
"agency_additional_information",1,1,1,"Natural_Feature",0
"agency_administration_operations",1,1,1,"Nonsense",1
"agency_for_toxic_substances_and_disease_registry_agency_for_toxic_substances_and_disease",1,1,1,"Federal_Gov",1
"agency_governing_board",1,1,1,"Group",0
"agency_information_ebmud",1,1,1,"District",1
"agency_jurisdictional_boundaries_groundwater_sustainability_agency",1,1,1,"Other_GSA",0
"agency_organization_and_management_structure",1,1,1,"Reference",1
"agency_sustainable",1,1,1,"Nonsense",1
"agenda_to",1,1,1,"Nonsense",1
"aging_and_disability_program",1,1,1,"Local_Gov",1
"agricultural_ag",1,1,1,"Nonsense",1
"agricultural_agricultural",1,1,1,"Nonsense",1
"agricultural_agricultural_mutual_water_company",1,1,1,"Company",1
"agricultural_and_industrial",1,1,1,"Nonsense",1
"agricultural_business",1,1,1,"Nonsense",1
"agricultural_conveyance_system",1,1,1,"Infrastructure",1
"agricultural_demands",1,1,1,"Geographic_Unit",1
"agricultural_drain_tiles_agricultural",1,1,1,"Infrastructure",1
"agricultural_groundwater_extraction_monitoring_per_sierra_valleygmd",1,1,1,"Technical",0
"agricultural_irrigation_pumping",1,1,1,"Nonsense",1
"agricultural_land_and_water_use_budget",1,1,1,"Technical",1
"agricultural_land_retirement",1,1,1,"Legal",1
"agricultural_land_use_jurisdiction",1,1,1,"Geographic_Unit",1
"agricultural_lands_preservation_initiative",1,1,1,"Group",1
"agricultural_management_water_plans",1,1,1,"Technical",0
"agricultural_morongo_band_of_mission_indians",1,1,1,"Local_Gov",1
"agricultural_operations",1,1,1,"Nonsense",1
"agricultural_residential_groundwater_users",1,1,1,"District",0
"agricultural_resource_or_agriculture",1,1,1,"Nonsense",1
"agricultural_seat",1,1,1,"Local_Gov",1
"agricultural_surface_water_supplies",1,1,1,"Infrastructure",1
"agricultural_urban_reserve",1,1,1,"Geographic_Unit",1
"agricultural_users",1,1,1,"Group",1
"agricultural_waiver_program",1,1,1,"Legal",1
"agricultural_water_authority",1,1,1,"Group",0
"agricultural_water_conservation_act",1,1,1,"Legal",0
"agricultural_water_management",1,1,1,"Nonsense",1
"agricultural_water_management_planning_agricultural",1,1,1,"Technical",1
"agricultural_water_providers",1,1,1,"District",0
"agricultural_water_quality_thresholds",1,1,1,"Technical",1
"agricultural_water_resources_wr15",1,1,1,"Technical",1
"agricultural_wells",1,1,1,"Infrastructure",1
"agriculture_agriculture",1,1,1,"Nonsense",1
"agriculture_land_use_projections",1,1,1,"Technical",1
"agriculture_water_management_plan",1,1,1,"Technical",0
"agroclimate_stations_data",1,1,1,"Technical",0
"agua_tibia_fan",1,1,1,"Natural_Feature",1
"ahtna_environmental",1,1,1,"Company",1
"ahtna_government_services",1,1,1,"Local_Gov",1
"ahtna_prior",1,1,1,"Nonsense",1
"ahtna_program",1,1,1,"Group",1
"ahtna_project_chemist",1,1,1,"Person",1
"aims_to_complete_draft",1,1,1,"Nonsense",1
"air_force_environmental_restoration_program",1,1,1,"Federal_Gov",1
"air_quality",1,1,1,"Natural_Feature",1
"air_quality_elements",1,1,1,"Technical",1
"air_reserve_base",1,1,1,"Infrastructure",1
"air_reserve_board",1,1,1,"Group",0
"airborne_electromagenetic",1,1,1,"Technical",1
"airoyo_seco",1,1,1,"Natural_Feature",1
"al_departamento_de_recursos_hídricos",1,1,1,"Local_Gov",1
"al_department_of_water_resources",1,1,1,"State_Gov",1
"al_descenso",1,1,1,"Geographic_Unit",1
"alameda_counties",1,1,1,"Nonsense",1
"alameda_county_department_of_public_works",1,1,1,"Local_Gov",1
"alameda_deposits",1,1,1,"Natural_Feature",1
"alan_shearer",1,1,1,"Person",1
"alberhill",1,1,1,"Geographic_Unit",1
"alessandro",1,1,1,"Nonsense",1
"alex",1,1,1,"Person",1
"alexander_kerby",1,1,1,"Person",1
"alfonso_ramelli",1,1,1,"Person",1
"algorithm_for_land",1,1,1,"Technical",1
"alkaline_scrub",1,1,1,"Natural_Feature",1
"all_wba_5",1,1,1,"Data_System",1
"allen_camp_unit",1,1,1,"District",1
"allende_basin",1,1,1,"Basin",0
"allocation_program",1,1,1,"Nonsense",1
"alluvial_aquifer",1,1,1,"Natural_Feature",0
"alluvial_fan_deposits_water_bearing_formation_isolated",1,1,1,"Natural_Feature",1
"almond",1,1,1,"Nonsense",1
"alpaugh_csd",1,1,1,"District",1
"alpert",1,1,1,"Nonsense",1
"alta_irrigation_districts",1,1,1,"District",0
"alta_mesa_conditions_summary_road_crossing",1,1,1,"Technical",1
"amador_county_groundwater_authority_board_of_directors",1,1,1,"Group",0
"amador_county_groundwater_management_authority_board_of_directors",1,1,1,"Group",0
"amador_regional_sanitation_authority",1,1,1,"Group",0
"amador_water_agency_board_room",1,1,1,"Infrastructure",1
"amah_mutsun_tribal_band",1,1,1,"Group",1
"amanda_monaco",1,1,1,"Person",1
"amazon",1,1,1,"Nonsense",1
"amber_ritchie",1,1,1,"Person",1
"amec_foster_wheeler",1,1,1,"Company",1
"american_canyon",1,1,1,"City",0
"american_chemical_society",1,1,1,"NGO",1
"american_chemical_sympo",1,1,1,"Nonsense",1
"american_community_survey_median_household",1,1,1,"Data_System",1
"american_del_rey",1,1,1,"Nonsense",1
"american_heritage_commission",1,1,1,"Group",0
"american_legion",1,1,1,"NGO",1
"american_potash",1,1,1,"Company",1
"american_rivers_sacramento",1,1,1,"NGO",1
"american_rivers_total_outflow_15167800",1,1,1,"Natural_Feature",1
"american_sacramento_county_water_agency",1,1,1,"Group",0
"american_standard_code_for_information_interchange",1,1,1,"Nonsense",1
"american_water_works_company",1,1,1,"Company",1
"ameripride",1,1,1,"District",0
"amy_steinfeld",1,1,1,"Person",1
"an_ad_hoc_committee",1,1,1,"Group",0
"an_ad_hoc_communications_committee",1,1,1,"Group",0
"an_agricultural_water_quality_goal",1,1,1,"Nonsense",1
"an_alternative_management_strategy",1,1,1,"Nonsense",1
"an_economic_analysis_and_framework_for",1,1,1,"Reference",1
"an_interbasin_coordination",1,1,1,"Group",1
"an_interbasin_public_works",1,1,1,"Water_Project",1
"an_interested_parties_advisory_committee",1,1,1,"Group",0
"an_interested_parties_database",1,1,1,"Technical",0
"an_op_ed_piece",1,1,1,"Nonsense",1
"an_state",1,1,1,"Nonsense",1
"ana",1,1,1,"Nonsense",1
"ana_riparian_groundwater_dependent_ecosystem_unit",1,1,1,"Natural_Feature",1
"anadromous_salmonid",1,1,1,"District",0
"anagnoson",1,1,1,"Nonsense",1
"analysis_of_historical_surface_water_diversions_historical",1,1,1,"Technical",1
"analytic_approach_modeling",1,1,1,"Technical",0
"ancestral_mount_shasta",1,1,1,"Natural_Feature",1
"and_maintenance",1,1,1,"Nonsense",1
"and_union_of",1,1,1,"Nonsense",1
"anderson_valley",1,1,1,"Geographic_Unit",0
"andisols",1,1,1,"Natural_Feature",1
"andrew_millison",1,1,1,"Person",1
"andrew_pandol",1,1,1,"Person",1
"andrews_st_bridge",1,1,1,"District",0
"andy_bogetti_family_trust",1,1,1,"Nonsense",1
"andy_duffey",1,1,1,"Person",1
"andy_gordus",1,1,1,"Person",1
"andy_rodgers",1,1,1,"Person",1
"angeles_county",1,1,1,"County",0
"angwin_subarea",1,1,1,"Geographic_Unit",0
"animals_dependent_on_groundwater",1,1,1,"Natural_Feature",1
"ann_dubay",1,1,1,"Person",1
"anna_caballero",1,1,1,"Person",1
"annexed",1,1,1,"Nonsense",1
"annual_meeting",1,1,1,"Group",1
"annual_operations_maintenance",1,1,1,"Technical",1
"annual_proponent",1,1,1,"Nonsense",1
"annual_pumping_allocations",1,1,1,"Technical",1
"annual_state_water_project_entitlements",1,1,1,"Reference",1
"annual_streamflow",1,1,1,"Data_System",1
"another",1,1,1,"Nonsense",1
"another_ngo",1,1,1,"NGO",1
"ant_hill_oil_field",1,1,1,"Nonsense",1
"anthony_rocha",1,1,1,"Person",1
"antidegradation_objectives_for_total_dissolved_solids",1,1,1,"District",0
"antidegradation_study",1,1,1,"District",0
"any",1,1,1,"Nonsense",1
"app_g",1,1,1,"Nonsense",1
"appellate_court_to",1,1,1,"Nonsense",1
"appendix_1_b_contact",1,1,1,"Reference",0
"appendix_1_b_the_framework_agreement",1,1,1,"Reference",0
"appendix_1_f_community_engagement_plan_for_development_and_adoption_of_a_groundwater_sustainability_plan",1,1,1,"Reference",0
"appendix_1_g",1,1,1,"Reference",0
"appendix_1_notice",1,1,1,"Reference",0
"appendix_1_table_1_2",1,1,1,"Reference",0
"appendix_25_m",1,1,1,"Reference",0
"appendix_2_c_hydrographs",1,1,1,"Reference",0
"appendix_2_d",1,1,1,"Reference",0
"appendix_2_groundwater",1,1,1,"Reference",0
"appendix_3_a",1,1,1,"Reference",0
"appendix_3_a_environmental_beneficial_water_uses",1,1,1,"Reference",0
"appendix_3a_figures_1_3",1,1,1,"Reference",0
"appendix_3a_shallow_well_protection_memorandum",1,1,1,"Reference",0
"appendix_3a_table",1,1,1,"Reference",0
"appendix_3d",1,1,1,"Reference",0
"appendix_4",1,1,1,"Reference",0
"appendix_4_c",1,1,1,"Reference",0
"appendix_4_d",1,1,1,"Reference",0
"appendix_4b",1,1,1,"Reference",0
"appendix_5_a",1,1,1,"Reference",0
"appendix_6d",1,1,1,"Reference",0
"appendix_7_a_table",1,1,1,"Reference",0
"appendix_a_137",1,1,1,"Reference",0
"appendix_a_141",1,1,1,"Reference",0
"appendix_a_51_principal_aquifers",1,1,1,"Natural_Feature",0
"appendix_a_advisory_committee_comprehensive",1,1,1,"Reference",0
"appendix_a_fcma",1,1,1,"Reference",0
"appendix_a_groundwater_sustainability_plan_coordinating_committee",1,1,1,"Reference",0
"appendix_a_groundwater_sustainability_plan_stakeholder_committee",1,1,1,"Reference",0
"appendix_a_implementation_team",1,1,1,"Reference",0
"appendix_a_initial_notification",1,1,1,"Reference",0
"appendix_a_project",1,1,1,"Water_Project",0
"appendix_a_projected_scenarios",1,1,1,"Reference",0
"appendix_a_table_3",1,1,1,"Reference",0
"appendix_a_water_budgets",1,1,1,"Reference",0
"appendix_b_521",1,1,1,"Reference",0
"appendix_b_a",1,1,1,"Reference",0
"appendix_b_eastern_tule_groundwater_sustainability_agency",1,1,1,"Other_GSA",0
"appendix_b_implementation_period",1,1,1,"Reference",0
"appendix_b_part",1,1,1,"Reference",0
"appendix_b_paso",1,1,1,"Reference",0
"appendix_b_surface",1,1,1,"Reference",0
"appendix_b_translation",1,1,1,"Reference",0
"appendix_b_water",1,1,1,"Reference",0
"appendix_b_water_budgets",1,1,1,"Reference",0
"appendix_c_1551",1,1,1,"Reference",0
"appendix_c_arroyo_santa_rosa_groundwater_sustainability_agency",1,1,1,"Other_GSA",0
"appendix_c_beneficial_uses",1,1,1,"Reference",0
"appendix_c_department_of_water_resources_preparation_checklist",1,1,1,"Reference",0
"appendix_c_sustainable_groundwater_management_act",1,1,1,"Reference",0
"appendix_c_the",1,1,1,"Reference",0
"appendix_c_the_city_of_ione",1,1,1,"City",0
"appendix_d1",1,1,1,"Reference",0
"appendix_d_the_county",1,1,1,"County",0
"appendix_e_two",1,1,1,"Reference",0
"appendix_f_2030",1,1,1,"Reference",0
"appendix_f_agricultural_supply",1,1,1,"Reference",0
"appendix_f_future",1,1,1,"Reference",0
"appendix_f_one",1,1,1,"Reference",0
"appendix_f_potential_model_applications",1,1,1,"Reference",0
"appendix_f_supplemental_wetlands",1,1,1,"Reference",0
"appendix_f_technical_and_regulatory_evaluation_of_mun",1,1,1,"Reference",0
"appendix_g_a",1,1,1,"Reference",0
"appendix_g_ce_survey_results",1,1,1,"Reference",0
"appendix_g_delta_mendota_subbasin_communications",1,1,1,"Reference",0
"appendix_g_see_chapter_4",1,1,1,"Reference",0
"appendix_g_tule_subbasin",1,1,1,"Basin",0
"appendix_g_water_quality_goals_water",1,1,1,"Reference",0
"appendix_h_comments",1,1,1,"Reference",0
"appendix_h_figure",1,1,1,"Reference",0
"appendix_h_future_baseline_scenario_results",1,1,1,"Reference",0
"appendix_h_table_3",1,1,1,"Reference",0
"appendix_i_54_water_budget_definitions_and_assumptions",1,1,1,"Reference",0
"appendix_i_highlights",1,1,1,"Reference",0
"appendix_j_abbreviations",1,1,1,"Reference",0
"appendix_j_highlights",1,1,1,"Reference",0
"appendix_j_hydrogeologic_conceptual_model",1,1,1,"Reference",0
"appendix_k_21",1,1,1,"Reference",0
"appendix_k_assessment_of",1,1,1,"Reference",0
"appendix_k_table",1,1,1,"Reference",0
"appendix_k_water_budget",1,1,1,"Reference",0
"appendix_l_water_budget",1,1,1,"Reference",0
"appendix_n_table",1,1,1,"Reference",0
"applicable",1,1,1,"Nonsense",1
"application",1,1,1,"Nonsense",1
"application_for_service",1,1,1,"Legal",1
"applied_groundwater_return",1,1,1,"Technical",1
"applied_municipal_services",1,1,1,"Company",1
"applied_surface_water",1,1,1,"Natural_Feature",1
"applied_water_et",1,1,1,"Technical",1
"appoint_public_board_member_planning_committee_regular_meeting",1,1,1,"Nonsense",1
"appointed",1,1,1,"Nonsense",1
"appraisal_institute",1,1,1,"NGO",1
"appro_pri",1,1,1,"Nonsense",1
"appropriative_am",1,1,1,"Legal",1
"approval4_westlands_groundwater_sustainability_agency",1,1,1,"Other_GSA",0
"approved_budget",1,1,1,"Nonsense",1
"approved_organizational_activities",1,1,1,"Nonsense",1
"april_board",1,1,1,"Group",0
"aptos_creel",1,1,1,"Technical",1
"aquatic_conservation_strategy",1,1,1,"Group",1
"aquifer_hydraulic_properties_information",1,1,1,"Natural_Feature",0
"aquifer_production_has_been_relatively_steady_over_the_four_decades_presented_in_figure_y",1,1,1,"Reference",0
"aquifer_replenishment_project_implementation",1,1,1,"Water_Project",1
"aquifer_storage_and_recovery_council_on_environmental_qualitya",1,1,1,"Nonsense",1
"aquifer_storage_and_recovery_operation_effects",1,1,1,"Technical",1
"aquifer_storage_and_recovery_year",1,1,1,"Technical",1
"aquifer_storage_recovery_project",1,1,1,"Water_Project",0
"aquifer_test_calibration_data",1,1,1,"Technical",0
"aquila",1,1,1,"Nonsense",1
"aquitard_properties_bulletin",1,1,1,"Reference",1
"aquitards_department_of_water_resources_bulletin",1,1,1,"Technical",1
"aquitards_primary",1,1,1,"Natural_Feature",1
"aquitards_semi_perched_aquifer",1,1,1,"Natural_Feature",0
"arbolada",1,1,1,"Geographic_Unit",1
"arbuckle_farr_et",1,1,1,"Person",1
"arcohe_unified_school_district",1,1,1,"District",0
"are_inadequate",1,1,1,"Nonsense",1
"are_located",1,1,1,"Nonsense",1
"are_management_implementation",1,1,1,"Nonsense",1
"area",1,1,1,"Geographic_Unit",0
"area_of_critical_environmental_concern",1,1,1,"Legal",1
"areas_of_interest",1,1,1,"Geographic_Unit",1
"areas_of_recharge_and_prior",1,1,1,"Technical",1
"areas_recharge",1,1,1,"Nonsense",1
"argia_spp",1,1,1,"Natural_Feature",1
"argon",1,1,1,"Nonsense",1
"arlington_groundwater_sustainability_agency",1,1,1,"Other_GSA",0
"armona_community_services_district_armona_community_services_district",1,1,1,"District",0
"armona_stratford",1,1,1,"Geographic_Unit",1
"army_base_realignment_and_closure",1,1,1,"Federal_Gov",1
"army_base_realignment_and_closure_fort_ord_office",1,1,1,"Group",1
"army_base_realignment_and_closure_office",1,1,1,"Federal_Gov",1
"army_corps_of_engineers_army_corps_of_engineers",1,1,1,"Federal_Gov",1
"army_corps_of_engineers_corps",1,1,1,"Federal_Gov",1
"army_corps_of_engineers_water_control_data_system",1,1,1,"Technical",0
"army_reserve_center",1,1,1,"Infrastructure",1
"arrowhead_bottling_plant",1,1,1,"Infrastructure",1
"arroyo_chub",1,1,1,"Natural_Feature",1
"arroyo_conejo_conejo_creek",1,1,1,"Natural_Feature",0
"arroyo_del_toro_temescal_wash",1,1,1,"Natural_Feature",1
"arroyo_grande_creek",1,1,1,"Natural_Feature",0
"arroyo_parida_section_of",1,1,1,"Reference",0
"arroyo_ramoso",1,1,1,"Natural_Feature",1
"arroyo_santa_rosa_basin_groundwater_sustainability_agency_website_regular",1,1,1,"Group",1
"arroyo_santa_rosa_basin_recharge_projects",1,1,1,"Water_Project",0
"arroyo_seco_cone_management",1,1,1,"Group",1
"arroyo_seco_cone_management_area_subbasins",1,1,1,"Basin",0
"arroyo_seco_cone_management_area_table",1,1,1,"Reference",0
"arroyo_seco_groundwater_sustainability_agency_board_of_directors",1,1,1,"Group",0
"arsenal",1,1,1,"Nonsense",1
"arsenic_mitigation_program",1,1,1,"Group",1
"artesia",1,1,1,"City",0
"arturo_mejia",1,1,1,"Person",1
"arundo",1,1,1,"Natural_Feature",1
"arvin_community_services_district_board",1,1,1,"Group",0
"arvin_edison_management",1,1,1,"District",1
"arvin_edison_management_area_historical",1,1,1,"Geographic_Unit",1
"arvin_edison_management_area_table_gwc2",1,1,1,"Reference",0
"arvin_edison_management_area_the_management_actions",1,1,1,"Nonsense",1
"arvin_edison_management_area_the_projects",1,1,1,"Water_Project",0
"arvin_groundwater_sustainability_agency_arvin_edison_water_storage_district",1,1,1,"District",0
"as_0",1,1,1,"Nonsense",1
"asaga",1,1,1,"Nonsense",1
"ashland_cherryland_community_health_wellness",1,1,1,"NGO",1
"aspen_environmental_group",1,1,1,"Group",0
"asr_pilot_project",1,1,1,"Water_Project",0
"asrigb",1,1,1,"Nonsense",1
"assembly_bill_1881",1,1,1,"Legal",1
"assessed",1,1,1,"Nonsense",1
"assessment",1,1,1,"Reference",1
"assessment_and_identification_of_data_gaps",1,1,1,"Technical",0
"assessment_and_identification_of_data_gaps_surface_water_monitoring_network",1,1,1,"Technical",0
"assessment_control_board",1,1,1,"Group",0
"assessments",1,1,1,"Technical",1
"assessments_periodic",1,1,1,"Technical",1
"assessmentwith_the_madera_county_auditor",1,1,1,"Person",1
"assessor_collector",1,1,1,"Local_Gov",1
"assessor_parcel",1,1,1,"Geographic_Unit",1
"assigned",1,1,1,"Nonsense",1
"assigning_board",1,1,1,"Group",0
"associated_vegetation_tidewater",1,1,1,"District",0
"association_of_american",1,1,1,"NGO",1
"association_of_ground_water_agencies",1,1,1,"Group",0
"assumed_rooting_depth",1,1,1,"Technical",1
"assumes",1,1,1,"Nonsense",1
"astm_1996",1,1,1,"Reference",1
"atascadero_state",1,1,1,"Local_Gov",1
"atascadero_subbasin_composite_hydrograph",1,1,1,"Technical",1
"atherton",1,1,1,"City",0
"athird_party",1,1,1,"Nonsense",1
"atolia",1,1,1,"Nonsense",1
"attachment_e_the_data",1,1,1,"Technical",0
"attachment_h",1,1,1,"Reference",1
"attachments",1,1,1,"Reference",1
"attachments_m_national_aeronautics_and_space_administration_jet_propulsion_laboratory",1,1,1,"Federal_Gov",1
"attribute_attribute",1,1,1,"Nonsense",1
"atwell_island_wd",1,1,1,"District",0
"audobon",1,1,1,"NGO",1
"augmentation",1,1,1,"Nonsense",1
"austin",1,1,1,"Local_Gov",1
"austinsloughhousercdorg",1,1,1,"District",1
"authority_fact_sheet",1,1,1,"Reference",1
"authority_of_agency_agencies",1,1,1,"Group",0
"authority_of_the_board_of_directors",1,1,1,"Group",0
"authority_report",1,1,1,"Technical",0
"authority_staff",1,1,1,"Nonsense",1
"authorize",1,1,1,"Nonsense",1
"authorizing_impacted_department",1,1,1,"Group",0
"available_for_use_for_groundwater_recharge",1,1,1,"Technical",1
"ave",1,1,1,"Nonsense",1
"ave_data",1,1,1,"Technical",0
"ave_selma",1,1,1,"Nonsense",1
"avenue_116_lateral_project",1,1,1,"Water_Project",0
"avenue_144the_pixley_national_wildlife_refuge",1,1,1,"Natural_Feature",1
"avenues_88",1,1,1,"Nonsense",1
"average_2479",1,1,1,"Nonsense",1
"b13_consideration",1,1,1,"District",0
"b_alyson_watson",1,1,1,"Person",1
"b_calculate",1,1,1,"Nonsense",1
"b_california_maximum_contaminant",1,1,1,"State_Gov",0
"b_gd",1,1,1,"Nonsense",1
"b_jennings",1,1,1,"Person",1
"b_public_engagement_process",1,1,1,"Technical",1
"b_sustainable_management_criteria",1,1,1,"Reference",1
"b_utilize",1,1,1,"Nonsense",1
"baber",1,1,1,"Nonsense",1
"bachand_associates",1,1,1,"Company",1
"background_eki_environment_and_water",1,1,1,"Group",1
"background_south_fork_kings_groundwater_sustainability_agency",1,1,1,"Other_GSA",0
"background_tri_county_water_authority",1,1,1,"Group",0
"background_water_quality",1,1,1,"Technical",1
"badger",1,1,1,"Nonsense",1
"bahia_magdalena",1,1,1,"Natural_Feature",1
"bailey_fault_zone",1,1,1,"Geographic_Unit",0
"bain",1,1,1,"Nonsense",1
"bakersfield_californian",1,1,1,"State_Gov",0
"bakersfield_city_hall",1,1,1,"Local_Gov",1
"bakersfield_water_board",1,1,1,"Group",0
"balance_hydrologics",1,1,1,"Company",1
"ballico_cortez_water_district_central_valley",1,1,1,"Geographic_Unit",0
"banning_record_gazette_press_enterprise_publication_date_for_record_gazette",1,1,1,"Nonsense",1
"banning_wastewater_treatment_facility",1,1,1,"Infrastructure",1
"barbareno_ventureno_band_of_mission_indians",1,1,1,"Group",1
"barometric",1,1,1,"Nonsense",1
"barometric_compensation",1,1,1,"Technical",1
"barstow",1,1,1,"City",0
"bartow_j_a",1,1,1,"Person",1
"base_realignment_and_closure_act",1,1,1,"Legal",0
"base_realignment_and_closure_environmental_coordinator",1,1,1,"Person",1
"baseline_forecast_municipal_pumping_municipal",1,1,1,"Technical",1
"basic_irrigation_scheduling",1,1,1,"Technical",1
"basin_alluvium",1,1,1,"Natural_Feature",0
"basin_beneficial_users",1,1,1,"Group",1
"basin_boundaries",1,1,1,"Geographic_Unit",1
"basin_boundaries_4",1,1,1,"Data_System",1
"basin_boundaries_various_las_posas_valleyb",1,1,1,"Basin",1
"basin_boundary50",1,1,1,"Technical",1
"basin_cf",1,1,1,"Basin",1
"basin_characterization",1,1,1,"Technical",1
"basin_characterization_model_a",1,1,1,"Technical",0
"basin_coordination_committee",1,1,1,"Group",0
"basin_evaluation_metrics",1,1,1,"Technical",1
"basin_governance",1,1,1,"Group",1
"basin_groundwater",1,1,1,"Natural_Feature",1
"basin_investigation",1,1,1,"Technical",1
"basin_management",1,1,1,"Group",1
"basin_management_objective_workshops",1,1,1,"Group",1
"basin_management_plan",1,1,1,"Technical",0
"basin_numerical_model_active_model_domain_and_primary_watershed_features",1,1,1,"Technical",0
"basin_plan_maximum_benefit_objective",1,1,1,"Legal",1
"basin_plan_objective",1,1,1,"Nonsense",1
"basin_plan_wqo",1,1,1,"Legal",1
"basin_point_of_contact",1,1,1,"Legal",0
"basin_recharge_areas",1,1,1,"Geographic_Unit",0
"basin_setting_information",1,1,1,"Natural_Feature",0
"basin_setting_of_the_plan_area",1,1,1,"Geographic_Unit",0
"basin_setting_section",1,1,1,"Reference",0
"basin_setting_section_2",1,1,1,"Reference",0
"basin_the_northern_central_delta_mendota_region",1,1,1,"Geographic_Unit",0
"basin_watershed_model",1,1,1,"Technical",0
"basis_for_determining_declining_groundwater_levels",1,1,1,"Technical",1
"bay_delta_office",1,1,1,"State_Gov",1
"baydelta",1,1,1,"Basin",1
"bayside_aquifer_storage_and_recovery",1,1,1,"District",0
"bayview",1,1,1,"City",0
"bb_limited_and",1,1,1,"Nonsense",1
"bb_limited_recharge_and_recovery_the_bb_limited_recharge_and_recovery",1,1,1,"Nonsense",1
"bc_laboratories",1,1,1,"Company",1
"bcgsa_bedford_coldwater_groundwater_sustainability_authority",1,1,1,"Group",0
"bdc",1,1,1,"Nonsense",1
"beacon_creek",1,1,1,"Natural_Feature",0
"beale",1,1,1,"Nonsense",1
"bealville_fanglomerate",1,1,1,"Natural_Feature",1
"bear_creek_reservoir",1,1,1,"Infrastructure",0
"bear_creeks",1,1,1,"Natural_Feature",0
"bear_mountain_truck",1,1,1,"Nonsense",1
"bear_river_based",1,1,1,"District",1
"bear_river_inflow",1,1,1,"Natural_Feature",1
"beast_management_practices_for_monitoring_networks",1,1,1,"Technical",0
"beaumont_subbasin",1,1,1,"Basin",0
"beaumont_underflow",1,1,1,"Basin",1
"beckwourth_emigrant_trail",1,1,1,"Natural_Feature",1
"beckwourth_room",1,1,1,"Nonsense",1
"becomes",1,1,1,"Nonsense",1
"becomes_other_obsftsw",1,1,1,"Nonsense",1
"bedford_coldwater_groundwa_ter_sustainability_authority_to",1,1,1,"District",1
"bedford_coldwater_groundwater_basin_agency",1,1,1,"Group",0
"bedford_coldwater_joint_powers_authority",1,1,1,"Group",0
"bellflower_aquitard",1,1,1,"Natural_Feature",1
"belmont_manor",1,1,1,"Nonsense",1
"ben_king",1,1,1,"Person",1
"ben_lyons",1,1,1,"Person",1
"beneficial",1,1,1,"Nonsense",1
"beneficial_municipal",1,1,1,"Nonsense",1
"beneficial_to_information",1,1,1,"Natural_Feature",0
"beneficial_user",1,1,1,"Nonsense",1
"beneficial_user_input",1,1,1,"Nonsense",1
"beneficial_uses",1,1,1,"Nonsense",1
"beneficial_uses_taylor",1,1,1,"Technical",1
"benefit_realization_and_evaluation_wh1_wh5",1,1,1,"Technical",1
"benefit_status",1,1,1,"Nonsense",1
"benefited_circumstances_for_implementation_schedule",1,1,1,"Nonsense",1
"beneﬁcial_user_groups",1,1,1,"Group",0
"beneﬁcial_uses_and_users",1,1,1,"Technical",1
"benicia_arsenal",1,1,1,"Infrastructure",1
"benito_county_water_district",1,1,1,"District",0
"benzene_toluene_ethylbenzene_xylenes",1,1,1,"Natural_Feature",1
"bergon_senior_center",1,1,1,"Nonsense",1
"berkeley_water_works",1,1,1,"Infrastructure",1
"bermite_corporation",1,1,1,"Company",1
"berryessa_area_name",1,1,1,"Geographic_Unit",1
"best_management_practices_for_monitoring_protocols",1,1,1,"Technical",0
"beta_version",1,1,1,"Nonsense",1
"better_environment",1,1,1,"NGO",1
"better_reflect_local_surface_water_operations",1,1,1,"Nonsense",1
"between_city_and",1,1,1,"Nonsense",1
"between_systems",1,1,1,"Nonsense",1
"beveridge_diamond",1,1,1,"District",0
"bi_monthly",1,1,1,"Nonsense",1
"bi_weekly",1,1,1,"Nonsense",1
"biannual_resource_summary_reports",1,1,1,"Technical",0
"big_valley_advisory_committee_1062021",1,1,1,"Group",1
"big_valley_basin_communication",1,1,1,"Group",1
"big_valley_water_treatment_plant",1,1,1,"Infrastructure",1
"biggs_west_gridley_water_district",1,1,1,"District",0
"biggs_west_gridley_water_district_inform",1,1,1,"District",0
"bill_599",1,1,1,"Legal",1
"bill_985",1,1,1,"Legal",1
"bill_brewster",1,1,1,"Person",1
"bill_ehorn",1,1,1,"Person",1
"bill_senate",1,1,1,"Legal",1
"bill_stagnaro",1,1,1,"Person",1
"bill_x7_6",1,1,1,"Legal",1
"bioaccumulation_monitoring_program",1,1,1,"Technical",0
"bioassessment_program",1,1,1,"Technical",1
"biological",1,1,1,"Nonsense",1
"biosketch",1,1,1,"Reference",1
"biovir_labs",1,1,1,"Company",1
"birch",1,1,1,"Nonsense",1
"bishop_community_redevelopment_agency",1,1,1,"Group",0
"bitter_creek_national_wildlife_refuge_refuge_manager",1,1,1,"Person",1
"black_willows",1,1,1,"Natural_Feature",1
"blackhawk",1,1,1,"City",0
"blair_sellers",1,1,1,"Person",1
"blake_wilbur",1,1,1,"Person",1
"blakeley",1,1,1,"Nonsense",1
"blanca_ortiz",1,1,1,"Person",1
"blanco_drain_and_rec_ditch",1,1,1,"Infrastructure",1
"blms_sfp",1,1,1,"Nonsense",1
"blms_st",1,1,1,"Nonsense",1
"blrr",1,1,1,"Nonsense",1
"blue_goose",1,1,1,"Nonsense",1
"blue_sky_center",1,1,1,"Nonsense",1
"bm8wr6i",1,1,1,"Nonsense",1
"bm_e548",1,1,1,"Nonsense",1
"bmps_groundwater",1,1,1,"Technical",1
"bnsf",1,1,1,"Company",1
"bnsf_railway_company_intermodal_facility_recharge_pond",1,1,1,"Infrastructure",1
"board_25",1,1,1,"Group",1
"board_approval",1,1,1,"Nonsense",1
"board_calendar",1,1,1,"Technical",1
"board_consent",1,1,1,"Nonsense",1
"board_engagement",1,1,1,"Group",1
"board_for",1,1,1,"Nonsense",1
"board_meeting_information_groundwater_sustainability_agency_meeting_frequency",1,1,1,"Technical",1
"board_of_commissioners",1,1,1,"Group",1
"board_of_director",1,1,1,"Group",0
"board_of_directors_3",1,1,1,"Group",1
"board_of_directors_board_of_supervisors",1,1,1,"Group",0
"board_of_directors_briefings_representatives_of_the_big_valley_groundwater_sustainability_agency",1,1,1,"Other_GSA",0
"board_of_directors_responsible",1,1,1,"Group",1
"board_of_directors_technical_advisory_committee_and_advisory_committee",1,1,1,"Group",0
"board_of_supervisors5",1,1,1,"Group",1
"board_of_supervisors_humboldt_county_board_of",1,1,1,"Local_Gov",1
"board_of_supervisors_meeting",1,1,1,"Group",1
"board_of_supervisors_of_the_county",1,1,1,"County",0
"board_of_supervisors_of_the_county_of_inyo",1,1,1,"Local_Gov",1
"board_of_supervisors_resolution_91",1,1,1,"Legal",1
"board_of_the",1,1,1,"Nonsense",1
"board_of_the_colusa_county_water_district",1,1,1,"District",0
"board_of_the_east_kaweahgsa",1,1,1,"Other_GSA",0
"board_of_the_glenn_colusa_irrigation_district",1,1,1,"District",0
"board_of_the_in_home_support_services_public_authority_of_napa_county",1,1,1,"County",0
"board_of_the_lake_berryessa_resort_improvement",1,1,1,"Group",1
"board_of_the_maxwell_irrigation_district",1,1,1,"District",0
"board_of_the_napa_berryessa_resort_improvement_district",1,1,1,"District",0
"board_of_the_santa_rosa_plain_groundwater_sustainability_agency",1,1,1,"Other_GSA",0
"board_of_the_sonoma_valley_groundwater_sustainability_agency",1,1,1,"Other_GSA",0
"board_of_the_ukiah_valley_basingsa",1,1,1,"Other_GSA",0
"board_often",1,1,1,"Nonsense",1
"board_on_groundwater_management_strategy_concept",1,1,1,"Group",1
"boards_of_directors_and",1,1,1,"Nonsense",1
"boards_of_directors_and_appendix_b",1,1,1,"Reference",0
"bob_griffith",1,1,1,"Person",1
"bod",1,1,1,"Nonsense",1
"bof_water_study_group",1,1,1,"Group",0
"bogan",1,1,1,"Nonsense",1
"bogetti_family_trust",1,1,1,"Nonsense",1
"bolsa_management_areas_east",1,1,1,"Geographic_Unit",1
"bondy_groundwater_sustainability_plan_development_and_preparation",1,1,1,"Technical",1
"bonnie",1,1,1,"Person",1
"bonny_doon",1,1,1,"City",0
"bonsall",1,1,1,"City",0
"bookkeeping_party_of_the_agency",1,1,1,"Group",0
"bookman_edmonston_engineering",1,1,1,"Company",1
"borings",1,1,1,"Technical",1
"boron_total_maximum_daily_load",1,1,1,"Legal",1
"bos_resolution_no",1,1,1,"Legal",1
"boundary",1,1,1,"Nonsense",1
"bouquet_canyon_creek_restoration",1,1,1,"Water_Project",1
"bouquet_reservoir_table",1,1,1,"Reference",0
"box_b_climate_change",1,1,1,"Reference",1
"boyce_et_al",1,1,1,"Reference",1
"bp_amoco_et_al",1,1,1,"Company",1
"bptc",1,1,1,"Nonsense",1
"bracken_brae",1,1,1,"Geographic_Unit",1
"brackish_groundwater_project",1,1,1,"Water_Project",0
"braitman_associates",1,1,1,"Company",1
"branch_of_technical_development_and_quality_systems",1,1,1,"Technical",0
"brandy_swisher",1,1,1,"Person",1
"branstetter_mill",1,1,1,"Infrastructure",1
"breanne_ramos",1,1,1,"Person",1
"brecken_cuyama_pleito",1,1,1,"Legal",1
"brenda_wey",1,1,1,"Person",1
"breported_reference_point",1,1,1,"Technical",0
"brian_cypher",1,1,1,"Person",1
"brian_ehlers",1,1,1,"Person",1
"brian_grant",1,1,1,"Person",1
"brian_shaw",1,1,1,"Person",1
"brian_teuber",1,1,1,"Person",1
"brigadoon",1,1,1,"Nonsense",1
"bromochloromethane",1,1,1,"Nonsense",1
"bromodichloromethane",1,1,1,"Nonsense",1
"bromodichloromethane_dichlorobromomethane",1,1,1,"Nonsense",1
"brookside_recharge_facility",1,1,1,"District",0
"broom_sedge",1,1,1,"Natural_Feature",1
"brown_act20_members_of",1,1,1,"Legal",1
"brown_caldwell_report",1,1,1,"Technical",0
"browns_valley",1,1,1,"Geographic_Unit",0
"brownstein",1,1,1,"Nonsense",1
"browse_team",1,1,1,"Group",1
"bruce_blayney",1,1,1,"Person",1
"bruce_howarth",1,1,1,"Person",1
"bruce_spencer",1,1,1,"Person",1
"brushy_creek",1,1,1,"Natural_Feature",0
"bryan_info",1,1,1,"Nonsense",1
"bryan_kelly",1,1,1,"Person",1
"bs3_phase",1,1,1,"Nonsense",1
"bssc",1,1,1,"Group",1
"bt",1,1,1,"Nonsense",1
"buckeye_zamora",1,1,1,"Local_Gov",1
"budget_adjustment",1,1,1,"Nonsense",1
"budget_and_funding_strategy",1,1,1,"Technical",1
"budget_for_subbasin_soil_zonea",1,1,1,"Nonsense",1
"budget_transfer_nos",1,1,1,"Nonsense",1
"bueau",1,1,1,"Nonsense",1
"buena",1,1,1,"Nonsense",1
"buena_vista_groundwater_sustainability_agency_governance_committee",1,1,1,"Group",0
"buena_vista_rancheria_of_me_wuk",1,1,1,"Group",1
"buena_vista_road",1,1,1,"Nonsense",1
"buenaventura",1,1,1,"Nonsense",1
"building_and_environmental_services",1,1,1,"Local_Gov",1
"building_department",1,1,1,"Group",0
"bulk_fuel_terminals",1,1,1,"Infrastructure",1
"bull_creek",1,1,1,"Natural_Feature",0
"bulletin_1181",1,1,1,"Reference",1
"bulrush_sequoia",1,1,1,"Nonsense",1
"bureau_board",1,1,1,"Group",0
"bureau_of_land_management_bakersfield_field_office",1,1,1,"Federal_Gov",1
"bureau_of_reclamation_carmel",1,1,1,"Federal_Gov",1
"bureau_of_reclamation_fish_and_wildlife_service",1,1,1,"Federal_Gov",1
"bureau_of_reclamation_for_class",1,1,1,"Federal_Gov",1
"bureau_of_reclamation_surface_water_supplies_surface_water_supplies_national_resources_conservation_service",1,1,1,"Federal_Gov",1
"bureau_of_sanitary_engineering",1,1,1,"State_Gov",1
"burton_mesa_subarea",1,1,1,"Geographic_Unit",0
"business_groups_associations",1,1,1,"Group",1
"business_interests",1,1,1,"Nonsense",1
"butano_formation",1,1,1,"Natural_Feature",0
"butano_formations",1,1,1,"Natural_Feature",0
"butte_basin",1,1,1,"Basin",0
"butte_creek_channel_restoration",1,1,1,"Water_Project",1
"butte_lake",1,1,1,"Natural_Feature",0
"butte_slough_irrigation_board_meeting",1,1,1,"Group",1
"butte_subbasin_advisory_board",1,1,1,"Group",0
"butte_tulelake",1,1,1,"Natural_Feature",0
"buttonwillow",1,1,1,"City",0
"bvgsp",1,1,1,"Nonsense",1
"bvid_bvid",1,1,1,"District",0
"bvihm_calibration_figure",1,1,1,"Reference",0
"bvpp",1,1,1,"Nonsense",1
"by_acid_mine_drainage",1,1,1,"District",0
"by_others",1,1,1,"Nonsense",1
"by_private",1,1,1,"Nonsense",1
"by_priviate_landowners",1,1,1,"Nonsense",1
"by_source",1,1,1,"Nonsense",1
"bylaws_development_review_draft",1,1,1,"Reference",1
"bylaws_of_the_agency",1,1,1,"Group",0
"bypass_project",1,1,1,"Water_Project",0
"byron_bethany_irrigation_district_groundwater_sustainability_agency",1,1,1,"Other_GSA",0
"byron_kathleen_mitchell",1,1,1,"Person",1
"c2vsimfg_kern_historical_simulation_table_12_sustainable",1,1,1,"Reference",0
"c_0_9_9_1",1,1,1,"Nonsense",1
"c_16000",1,1,1,"Nonsense",1
"c_cooperative",1,1,1,"Nonsense",1
"c_dg",1,1,1,"Nonsense",1
"c_ed",1,1,1,"Nonsense",1
"c_ge",1,1,1,"Nonsense",1
"c_jachens",1,1,1,"Person",1
"c_pope_valley",1,1,1,"Geographic_Unit",0
"c_rc_11",1,1,1,"Nonsense",1
"c_rc_7_countywide",1,1,1,"District",0
"c_san_joaquin_river_groundwater_information",1,1,1,"Natural_Feature",0
"c_stillwater_sciences",1,1,1,"Company",1
"c_sustainable_groundwater_management_act_compliance_monitoring_network",1,1,1,"Technical",0
"c_total",1,1,1,"Nonsense",1
"ca",1,1,1,"State_Gov",1
"ca_central_valley_groundwater_surface_water_simulation_model",1,1,1,"Technical",0
"ca_state_mandate",1,1,1,"Legal",1
"cabazon_storage_unit7",1,1,1,"Infrastructure",1
"cable_channel_15",1,1,1,"Nonsense",1
"cache_central_valleyp",1,1,1,"District",1
"cache_creek_area",1,1,1,"Geographic_Unit",0
"cache_creek_casino",1,1,1,"Company",1
"cache_creek_p_61",1,1,1,"Reference",1
"cache_formation_soil_mechanics_and",1,1,1,"Technical",1
"cacheville_community_services_district",1,1,1,"District",0
"cacheville_csd_cacheville",1,1,1,"District",1
"cachuma_water_conservation_district",1,1,1,"District",0
"cadastral",1,1,1,"Technical",1
"cadiz",1,1,1,"Geographic_Unit",1
"cal",1,1,1,"Nonsense",1
"cal_fire",1,1,1,"State_Gov",0
"cal_neva",1,1,1,"Group",1
"cal_poly_crop",1,1,1,"Nonsense",1
"cal_poly_itrc",1,1,1,"Group",1
"cal_poly_san_luis_obispo",1,1,1,"Local_Gov",1
"cal_trans_shandon_rest",1,1,1,"Infrastructure",1
"cal_trout",1,1,1,"NGO",1
"cal_utilities",1,1,1,"Company",1
"calaveras_county_general_plan_conservation_element",1,1,1,"Reference",1
"calaveras_county_rcd",1,1,1,"District",0
"calaveras_county_resource",1,1,1,"Local_Gov",1
"calculate",1,1,1,"Nonsense",1
"calculated_horizontal",1,1,1,"Nonsense",1
"calenviroscreen",1,1,1,"Data_System",1
"calfed",1,1,1,"Group",1
"calfed_bay_delta_erp",1,1,1,"Group",1
"calflora",1,1,1,"NGO",1
"calibrated_streambed_conductance",1,1,1,"Technical",1
"califomia_govemment_code_sections_6506",1,1,1,"Legal",1
"califor_nia_soil_resource_lab",1,1,1,"Technical",1
"californ_ia",1,1,1,"Nonsense",1
"california_american_water_in",1,1,1,"State_Gov",0
"california_aqueduct_san_luis_canal",1,1,1,"State_Gov",0
"california_aquifer_susceptibility",1,1,1,"State_Gov",0
"california_arroyo",1,1,1,"State_Gov",0
"california_assembly",1,1,1,"State_Gov",0
"california_black_rail_conservation",1,1,1,"State_Gov",0
"california_budget_act",1,1,1,"State_Gov",0
"california_bulletin",1,1,1,"State_Gov",0
"california_business_and_professions",1,1,1,"State_Gov",0
"california_central_valley_dairies",1,1,1,"State_Gov",0
"california_citrus_state_historical_park",1,1,1,"State_Gov",0
"california_climate_action_registry",1,1,1,"State_Gov",0
"california_coastal_national_monument",1,1,1,"State_Gov",0
"california_coastal_zone",1,1,1,"State_Gov",0
"california_code_of_regulations_groundwater_sustainability_plans",1,1,1,"State_Gov",0
"california_code_of_regulations_title_22",1,1,1,"State_Gov",0
"california_constitution_article",1,1,1,"State_Gov",0
"california_constitution_article_x_2",1,1,1,"State_Gov",0
"california_county",1,1,1,"County",0
"california_dairies_inc_pixley_agricultural",1,1,1,"State_Gov",0
"california_department_of_fish_and_game",1,1,1,"State_Gov",0
"california_department_of_health_services_division",1,1,1,"State_Gov",0
"california_department_of_justice_related",1,1,1,"State_Gov",0
"california_department_of_resources",1,1,1,"State_Gov",0
"california_department_of_toxic_substances",1,1,1,"State_Gov",0
"california_department_of_transportation_office_of_geotechnical_design_north",1,1,1,"State_Gov",0
"california_department_of_x_finance",1,1,1,"State_Gov",0
"california_division_of_mines_and_geology",1,1,1,"State_Gov",0
"california_division_of_oil_and_gas",1,1,1,"State_Gov",0
"california_drinking_water_source_assessment_program",1,1,1,"State_Gov",0
"california_elevation_monitoring_statewide_groundwater_elevation_monitoring_program",1,1,1,"State_Gov",0
"california_endangered_species",1,1,1,"State_Gov",0
"california_executive_order_d5_99",1,1,1,"State_Gov",0
"california_geological_society",1,1,1,"State_Gov",0
"california_government_code_section",1,1,1,"State_Gov",0
"california_government_code_section_6066",1,1,1,"State_Gov",0
"california_government_code_section_8952",1,1,1,"State_Gov",0
"california_government_code_sections_6506",1,1,1,"State_Gov",0
"california_groundwate_bulletin",1,1,1,"State_Gov",0
"california_groundwater_conditions_update",1,1,1,"State_Gov",0
"california_health_and_safety_code_and_titles",1,1,1,"State_Gov",0
"california_homemade_food_act",1,1,1,"State_Gov",0
"california_independent_community_services_district",1,1,1,"State_Gov",0
"california_islands",1,1,1,"State_Gov",0
"california_native_american_tribes_united_auburn_indian_community",1,1,1,"State_Gov",0
"california_natural_diversity_database_59",1,1,1,"State_Gov",0
"california_north_coast_regional_water_quality_control_board_national_pollutant_discharge_elimination_system_permits",1,1,1,"State_Gov",0
"california_professional",1,1,1,"State_Gov",0
"california_protected_areas_and_wildlife_areas",1,1,1,"State_Gov",0
"california_public_utility_commission",1,1,1,"State_Gov",0
"california_real_time_network",1,1,1,"State_Gov",0
"california_reclamation_district",1,1,1,"State_Gov",0
"california_resources_corporation",1,1,1,"State_Gov",0
"california_resources_corporation_pipeline",1,1,1,"State_Gov",0
"california_rice_commission_irrigated_lands_regulatory_program",1,1,1,"State_Gov",0
"california_safe_drinking_water_information_system",1,1,1,"State_Gov",0
"california_sawgrass_cladium",1,1,1,"State_Gov",0
"california_seven_party_agreement_of",1,1,1,"State_Gov",0
"california_state_agency",1,1,1,"State_Gov",0
"california_state_board_of_health",1,1,1,"State_Gov",0
"california_state_department_of_toxic_substances_control",1,1,1,"State_Gov",0
"california_state_legislation",1,1,1,"State_Gov",0
"california_statewide",1,1,1,"State_Gov",0
"california_statewide_entities",1,1,1,"State_Gov",0
"california_statewide_groundwater_elevation",1,1,1,"State_Gov",0
"california_sustainable_winegrowing_alliance_et_al",1,1,1,"State_Gov",0
"california_upper_lower_aquifer",1,1,1,"State_Gov",0
"california_urban_water_management_plan_act",1,1,1,"State_Gov",0
"california_urban_water_management_planning_act",1,1,1,"State_Gov",0
"california_watch",1,1,1,"State_Gov",0
"california_water",1,1,1,"State_Gov",0
"california_water_board",1,1,1,"State_Gov",0
"california_water_boards_drinking_water_public_water_system_information",1,1,1,"State_Gov",0
"california_water_code_13801",1,1,1,"State_Gov",0
"california_water_code_regulations_section",1,1,1,"State_Gov",0
"california_water_code_section_1063",1,1,1,"State_Gov",0
"california_water_code_section_107210",1,1,1,"State_Gov",0
"california_water_code_section_107232",1,1,1,"State_Gov",0
"california_water_code_section_107238a",1,1,1,"State_Gov",0
"california_water_code_section_107278",1,1,1,"State_Gov",0
"california_water_code_section_10730",1,1,1,"State_Gov",0
"california_water_code_section_10750",1,1,1,"State_Gov",0
"california_water_code_section_75570",1,1,1,"State_Gov",0
"california_water_service_co",1,1,1,"State_Gov",0
"california_water_service_urban_water_management_plan",1,1,1,"State_Gov",0
"california_water_services_company",1,1,1,"State_Gov",0
"california_yosemite",1,1,1,"State_Gov",0
"california_yountville",1,1,1,"State_Gov",0
"california_youth_authority",1,1,1,"State_Gov",0
"califrwnia",1,1,1,"Nonsense",1
"calistoga_and_st_helena",1,1,1,"Geographic_Unit",1
"calistoga_planning_area",1,1,1,"Geographic_Unit",0
"callitriche_heterophylla_bolanderi",1,1,1,"Natural_Feature",1
"calmat_co",1,1,1,"Local_Gov",1
"calpella_census_desig_nated_place",1,1,1,"Geographic_Unit",1
"calpine_corporation",1,1,1,"Company",1
"camanche_dam_reservoir_camanche_reservoir",1,1,1,"Infrastructure",0
"camarillo_fault",1,1,1,"Natural_Feature",1
"camarillo_heights",1,1,1,"Geographic_Unit",1
"camarillo_utility_enterprise",1,1,1,"Local_Gov",1
"camino_tassajara",1,1,1,"City",0
"camren_d_whitledge",1,1,1,"Person",1
"camrosa_opv_management_area_gsa",1,1,1,"Other_GSA",0
"can_1062021",1,1,1,"Nonsense",1
"canada_verde",1,1,1,"Nonsense",1
"canal",1,1,1,"Infrastructure",1
"canal_operational_recharge",1,1,1,"Water_Project",1
"canal_ranch",1,1,1,"Nonsense",1
"canal_reservoir_recharge",1,1,1,"Water_Project",1
"canal_system_water_budget",1,1,1,"Technical",1
"canonie_environmental",1,1,1,"Company",1
"canyon_storage",1,1,1,"Infrastructure",1
"capacity",1,1,1,"Nonsense",1
"capacity_study_board_of_supervisors",1,1,1,"Group",0
"capay_formation",1,1,1,"Natural_Feature",0
"capay_valley_non",1,1,1,"Group",1
"capelli",1,1,1,"Nonsense",1
"capital_improvement_funds",1,1,1,"Group",1
"capital_improvements_division",1,1,1,"Local_Gov",1
"capital_studies",1,1,1,"Technical",1
"capjac",1,1,1,"Nonsense",1
"capra_road_railroad_crossing",1,1,1,"Infrastructure",1
"cardno",1,1,1,"Company",1
"careaga_canyon",1,1,1,"Natural_Feature",1
"cargill_salt",1,1,1,"Company",1
"carla_gonzalez",1,1,1,"Person",1
"carmel",1,1,1,"Geographic_Unit",1
"carmel_a_rodriguez",1,1,1,"Person",1
"carmel_avenues",1,1,1,"Nonsense",1
"carmel_j_angelo",1,1,1,"Person",1
"carpinteria_montecito_groundwater_sustainability_agency",1,1,1,"Other_GSA",0
"carpinteria_valley",1,1,1,"Geographic_Unit",0
"carrick_gazelle",1,1,1,"Person",1
"carroll",1,1,1,"Nonsense",1
"carson_creek",1,1,1,"Natural_Feature",0
"carter",1,1,1,"Person",1
"casa",1,1,1,"Nonsense",1
"casitas_dam_and_reservoir",1,1,1,"Infrastructure",0
"casitas_mutual_water_district",1,1,1,"District",0
"casitas_springs_hydrogeologic_areas_coast_live_oak",1,1,1,"Geographic_Unit",1
"casitas_system",1,1,1,"Infrastructure",1
"castac_management_areas",1,1,1,"Geographic_Unit",0
"castac_numerical_model",1,1,1,"Technical",0
"castaic_reservoir",1,1,1,"Infrastructure",0
"castle_hill",1,1,1,"City",0
"castle_oaks",1,1,1,"Geographic_Unit",1
"categories_of",1,1,1,"Nonsense",1
"cathedral_city",1,1,1,"City",0
"causes_significant_and_unreasonable_results_to_beneficial_uses_of_surface_water_groundwater",1,1,1,"Legal",1
"cawelo_wd",1,1,1,"District",0
"cayan_et_al",1,1,1,"Reference",1
"cbaf",1,1,1,"Nonsense",1
"ccc",1,1,1,"Nonsense",1
"ccid",1,1,1,"District",0
"ccr_time",1,1,1,"Technical",1
"cdm",1,1,1,"Nonsense",1
"ce_the_management_committees",1,1,1,"Group",0
"cedar_grove_area",1,1,1,"Geographic_Unit",0
"cehrs",1,1,1,"Technical",1
"census",1,1,1,"Data_System",1
"census_block_groups",1,1,1,"Group",0
"census_bureau_data_portal_disadvantaged_community_communications_best_practices",1,1,1,"Technical",0
"census_places",1,1,1,"Geographic_Unit",1
"center_for_irrigation_technology",1,1,1,"Group",1
"centerville_clay",1,1,1,"Natural_Feature",0
"centerville_fremont_and_deep_aquifers",1,1,1,"Natural_Feature",0
"centerville_fremont_aquifers",1,1,1,"Natural_Feature",0
"central_basin_management_area",1,1,1,"Geographic_Unit",0
"central_california_irrigation",1,1,1,"State_Gov",0
"central_calistoga_subareas_cross_sections",1,1,1,"Technical",1
"central_coast_ambient_monitoring_program",1,1,1,"Technical",0
"central_coast_regional_extensive",1,1,1,"Technical",1
"central_coast_regional_water_quality_control_board_basin_plan_surface",1,1,1,"Reference",1
"central_collection",1,1,1,"Nonsense",1
"central_interior_limited",1,1,1,"Company",1
"central_management_area_groundwater_sustainability_plan_the_committee",1,1,1,"Group",0
"central_regional_water_quality_control_board",1,1,1,"Group",0
"central_san_joaquin",1,1,1,"District",1
"central_santa_cruz_county_water_district",1,1,1,"District",0
"central_tendency_climate_change_scenario",1,1,1,"Technical",1
"central_valley_office",1,1,1,"Local_Gov",1
"central_valley_project_allocation",1,1,1,"Water_Project",1
"central_valley_project_central_valley_project",1,1,1,"Water_Project",0
"central_valley_project_contract_supplies",1,1,1,"Water_Project",1
"central_valley_project_cross_valley_canal_unit",1,1,1,"Water_Project",1
"central_valley_project_facilities_delta_cross_channel_the_delta_cross_channel",1,1,1,"Infrastructure",1
"central_valley_project_friant_kern_canal_unit_class_1",1,1,1,"Water_Project",1
"central_valley_project_improvement_act_central_valley_project_improvement_act",1,1,1,"Legal",0
"central_valley_project_operations_5",1,1,1,"Water_Project",1
"central_valley_project_supplies",1,1,1,"Water_Project",1
"central_valley_project_supplies_madera_irrigation_district_groundwater_sustainability_agency",1,1,1,"Other_GSA",0
"central_valley_project_supplies_mc_groundwater_sustainability_agency",1,1,1,"Other_GSA",0
"central_valley_salinity_coalition",1,1,1,"NGO",1
"central_valley_snmp",1,1,1,"Technical",1
"central_valley_water_board_cwd_county_water_district_disadvantaged_community",1,1,1,"Group",0
"central_valley_water_board_waste_discharge_requirements_general",1,1,1,"Legal",1
"central_valley_wildlife",1,1,1,"Natural_Feature",1
"central_washington_university_analysis_center",1,1,1,"Technical",1
"centralized_ebp_subbasin_website",1,1,1,"Data_System",1
"centralized_non_potable_reuse",1,1,1,"Water_Project",1
"centre_national_de_892",1,1,1,"Nonsense",1
"cerritos_creek",1,1,1,"Natural_Feature",0
"cerro_coso_community_college",1,1,1,"Nonsense",1
"certified_unified_program_agencies",1,1,1,"Group",0
"cga_board_of_directors",1,1,1,"Group",0
"cgps_stations",1,1,1,"Technical",1
"ch2",1,1,1,"Reference",1
"chabotlos_positas_cc",1,1,1,"Local_Gov",1
"chad",1,1,1,"Nonsense",1
"chad_blais",1,1,1,"Person",1
"chainnan",1,1,1,"Nonsense",1
"chair_of_the_board_of_supervisors",1,1,1,"Group",0
"chair_of_the_native_advisory_council",1,1,1,"Group",0
"chairpersons",1,1,1,"Group",1
"chamber",1,1,1,"Group",1
"chamber_of_commerce_and_rotary_club",1,1,1,"NGO",1
"chamber_of_commerce_association_of_realtors",1,1,1,"NGO",1
"chambers_of_commerce",1,1,1,"NGO",1
"changes_line",1,1,1,"Nonsense",1
"chapter_4",1,1,1,"Reference",1
"charadrius",1,1,1,"Nonsense",1
"charbeneau",1,1,1,"Person",1
"charlene_reece_family_trust",1,1,1,"Nonsense",1
"charles_fryer",1,1,1,"Person",1
"charles_jennings",1,1,1,"Person",1
"charnock",1,1,1,"Natural_Feature",1
"charnock_olympic",1,1,1,"Infrastructure",1
"charnock_technical_advisory_group",1,1,1,"Group",0
"chd",1,1,1,"District",1
"checkerbloom",1,1,1,"Nonsense",1
"chemical_agent_identification_sets",1,1,1,"District",0
"chemical_company",1,1,1,"Company",1
"chemist",1,1,1,"Nonsense",1
"cherokee",1,1,1,"City",0
"chg_project_manager",1,1,1,"Nonsense",1
"chiang",1,1,1,"Nonsense",1
"china_lake_naval_air_weapons_station",1,1,1,"Infrastructure",1
"chino_watermaster",1,1,1,"Group",1
"chloride_tce",1,1,1,"District",0
"chloroform",1,1,1,"Nonsense",1
"cholame_creek",1,1,1,"Natural_Feature",0
"chow",1,1,1,"Nonsense",1
"chowchilla_district_chamber_of_inform",1,1,1,"Group",1
"chowchilla_river",1,1,1,"Natural_Feature",0
"chowchilla_river_system",1,1,1,"Natural_Feature",1
"chowchilla_rivers",1,1,1,"Natural_Feature",0
"chowchilla_subbasin_advisory_committee",1,1,1,"Group",0
"chowchilla_subbasin_domestic",1,1,1,"Basin",1
"chowchilla_subbasin_domestic_well_mitigation_program",1,1,1,"Group",1
"chowchilla_subbasin_groundwater_sustainability_agencies",1,1,1,"Group",0
"chowchilla_subbasin_projects",1,1,1,"Water_Project",0
"chowchilla_water_district_board_of_directors",1,1,1,"Group",0
"chowchilla_water_district_capacity_increase",1,1,1,"Water_Project",1
"chowchilla_water_district_groundwater_sustainability_agency_board_of_directors",1,1,1,"Group",0
"chowchilla_water_district_interested_management_criteria",1,1,1,"Group",1
"chris_lopez",1,1,1,"Person",1
"christina",1,1,1,"Person",1
"christine_cromenes",1,1,1,"Person",1
"christine_thompson",1,1,1,"Person",1
"christopher_neely",1,1,1,"Person",1
"chrome_crankshaft",1,1,1,"Nonsense",1
"chromite",1,1,1,"Natural_Feature",1
"chronic_lowering_of_groundwater_levels_sustainable_management_criteria",1,1,1,"Legal",1
"chumash_indians",1,1,1,"Nonsense",1
"chumash_indians_wastewater_treatment_facility",1,1,1,"Infrastructure",1
"chumash_mission_indians_tribal_reservation",1,1,1,"Geographic_Unit",1
"cities_of_beaumont_calimesa",1,1,1,"Geographic_Unit",1
"cities_of_capitola",1,1,1,"Local_Gov",1
"cities_of_davis",1,1,1,"Local_Gov",1
"cities_of_davis_dixon",1,1,1,"Nonsense",1
"cities_of_huron",1,1,1,"Local_Gov",1
"cities_of_mendota",1,1,1,"Local_Gov",1
"cities_of_oakley",1,1,1,"Nonsense",1
"cities_of_rio_vista",1,1,1,"Geographic_Unit",1
"cities_of_turlock",1,1,1,"Local_Gov",1
"cities_of_ventura",1,1,1,"Local_Gov",1
"cities_of_yountville",1,1,1,"Local_Gov",1
"citizens",1,1,1,"Group",1
"citizens_advisory_council",1,1,1,"Group",0
"citizens_groups",1,1,1,"Group",0
"citrus",1,1,1,"City",0
"city_4",1,1,1,"Nonsense",1
"city_and",1,1,1,"Nonsense",1
"city_attorneys_offices",1,1,1,"Group",1
"city_calimesa",1,1,1,"Local_Gov",1
"city_council_and_board_of_supervisors",1,1,1,"Group",0
"city_council_meetings",1,1,1,"Group",1
"city_council_of_the_city_of",1,1,1,"City",0
"city_council_of_the_city_of_lathrop",1,1,1,"City",0
"city_council_of_the_city_of_tracy",1,1,1,"City",0
"city_council_of_the_city_of_yucaipa",1,1,1,"City",0
"city_data",1,1,1,"Technical",0
"city_engineer_to_open_escrow_services",1,1,1,"Nonsense",1
"city_limit",1,1,1,"Geographic_Unit",1
"city_municipal_domestic",1,1,1,"Nonsense",1
"city_of_alhambra",1,1,1,"City",0
"city_of_atwater",1,1,1,"City",0
"city_of_atwater_general_plan",1,1,1,"City",0
"city_of_biggs",1,1,1,"City",0
"city_of_buellton_1995",1,1,1,"City",0
"city_of_calistoga_sewer_system_management_plan",1,1,1,"City",0
"city_of_chowchilla_sphere_of_influence_expansion_municipal_service_review",1,1,1,"City",0
"city_of_emeryville",1,1,1,"City",0
"city_of_greenfietd",1,1,1,"City",0
"city_of_gustine_on_projects_and_management",1,1,1,"City",0
"city_of_king",1,1,1,"City",0
"city_of_la_verne",1,1,1,"City",0
"city_of_marysville_groundwater_sustainability_agency",1,1,1,"Other_GSA",0
"city_of_merced_general_plan",1,1,1,"City",0
"city_of_napa_napa_sanitation_district",1,1,1,"City",0
"city_of_redding_federal_water_management_plan",1,1,1,"City",0
"city_of_ridgecrest_sanitation_district",1,1,1,"City",0
"city_of_san_bernardino",1,1,1,"City",0
"city_of_san_diego_public",1,1,1,"City",0
"city_of_san_luis_obispo_city_council",1,1,1,"City",0
"city_of_san_mateo",1,1,1,"City",0
"city_of_santa_clara",1,1,1,"City",0
"city_of_solvang_municipal_code_4",1,1,1,"City",0
"city_of_st_helena_municipal_code",1,1,1,"City",0
"city_of_tehama",1,1,1,"City",0
"city_of_ukiah_water_treatment_department",1,1,1,"City",0
"city_of_woodlake",1,1,1,"City",0
"city_san_luis_obispo",1,1,1,"Local_Gov",1
"city_state",1,1,1,"Nonsense",1
"city_to",1,1,1,"Nonsense",1
"city_urban_development_boundary",1,1,1,"Geographic_Unit",1
"city_urban_water_management_plan",1,1,1,"Technical",0
"city_water_commission",1,1,1,"Group",0
"city_water_division",1,1,1,"Local_Gov",1
"city_water_resources_manager",1,1,1,"Nonsense",1
"civic_clubs",1,1,1,"Group",1
"civiltec_engineering",1,1,1,"Company",1
"clair_a_hill_whiskeytown_dams",1,1,1,"Infrastructure",0
"clara_valley",1,1,1,"Geographic_Unit",0
"claremont",1,1,1,"City",0
"claremont_fault",1,1,1,"Natural_Feature",1
"clark",1,1,1,"Local_Gov",1
"clarksburg_management_area",1,1,1,"Geographic_Unit",0
"class_v_injection_well",1,1,1,"Infrastructure",1
"classification",1,1,1,"Nonsense",1
"classification_and_assessment_with",1,1,1,"Nonsense",1
"classification_wizard",1,1,1,"Nonsense",1
"clay_plug",1,1,1,"Infrastructure",1
"clay_station_conditions_summary",1,1,1,"Technical",1
"clay_water_district_board_of_directors",1,1,1,"Group",0
"clayton_coordination",1,1,1,"Group",1
"clayton_engstrom",1,1,1,"Person",1
"clayton_water_district",1,1,1,"District",0
"clean_beneficial",1,1,1,"Nonsense",1
"clean_water_letter",1,1,1,"Nonsense",1
"clean_water_state_revolving_fund_medium",1,1,1,"State_Gov",1
"cleath_and_associates",1,1,1,"Company",1
"climate",1,1,1,"Natural_Feature",1
"climate_change_data",1,1,1,"Technical",0
"climate_change_surface_system_major_components",1,1,1,"Technical",1
"climate_daily",1,1,1,"Data_System",1
"climate_registry",1,1,1,"Data_System",1
"climate_station",1,1,1,"Infrastructure",1
"climate_station_sonoma_county_airport",1,1,1,"Infrastructure",1
"clock_pumping_flow_rate_cumulative_temp",1,1,1,"Technical",1
"clopyralid",1,1,1,"District",0
"cm",1,1,1,"Nonsense",1
"cma137",1,1,1,"District",1
"cma_committee",1,1,1,"Group",0
"cma_groundwater_sustainability_agency_board",1,1,1,"Group",0
"cmp",1,1,1,"District",1
"cnddb_calochortus",1,1,1,"Data_System",1
"cnddb_direct",1,1,1,"Data_System",1
"cnddb_montia",1,1,1,"Technical",1
"coachella_valley",1,1,1,"Geographic_Unit",0
"coalinga_feed_yard_phone",1,1,1,"Nonsense",1
"coalinga_groundwater_sustainability_agency_city",1,1,1,"District",1
"coalinga_groundwater_sustainability_agency_email",1,1,1,"Nonsense",1
"coalinga_huron_recreation",1,1,1,"Nonsense",1
"coarsegold_regional_conservation_district",1,1,1,"District",0
"coast_live_oak_natural_communities",1,1,1,"Group",0
"coastal_berry_farms",1,1,1,"Company",1
"coastal_commission_commission",1,1,1,"Group",0
"coastal_salmonid_population_monitoring_strategy_design_and_methods",1,1,1,"Technical",0
"coastal_watersheds_of",1,1,1,"Nonsense",1
"cob_2800_recharge",1,1,1,"Water_Project",1
"cohasset",1,1,1,"City",0
"cohen",1,1,1,"Person",1
"colby_pereira",1,1,1,"Person",1
"collaborative_opportunities",1,1,1,"Nonsense",1
"collect",1,1,1,"Nonsense",1
"collected_schedule",1,1,1,"Nonsense",1
"collection",1,1,1,"Nonsense",1
"college_of_continuing_education",1,1,1,"Local_Gov",1
"colonial_heights",1,1,1,"Local_Gov",1
"colorado_river",1,1,1,"Natural_Feature",0
"colorado_school_of_mines",1,1,1,"Local_Gov",1
"columbia_casualty_company",1,1,1,"Company",1
"colusa_basin_watershed_management_plan",1,1,1,"Technical",0
"colusa_canal",1,1,1,"Infrastructure",1
"colusa_county_36",1,1,1,"Geographic_Unit",1
"colusa_county_sustainable_groundwater_managementa_meetings",1,1,1,"Group",1
"colusa_drain_mutual_water_company",1,1,1,"Company",1
"colusa_drain_overall",1,1,1,"Natural_Feature",1
"colusa_drain_simulated_average",1,1,1,"Technical",1
"colusa_glenn",1,1,1,"District",1
"colusa_grass",1,1,1,"Natural_Feature",1
"colusa_groundwater_authority_background",1,1,1,"Reference",1
"colusa_groundwater_authority_glenn_groundwater_authority",1,1,1,"Group",0
"colusa_industrial_properties_conference_room",1,1,1,"Infrastructure",1
"colusa_local_agency_formation",1,1,1,"Natural_Feature",0
"colusa_subbasin_demand_management",1,1,1,"Group",1
"colusa_subbasin_logo",1,1,1,"Nonsense",1
"com",1,1,1,"Nonsense",1
"comes_online",1,1,1,"Nonsense",1
"comment",1,1,1,"Nonsense",1
"comments_2",1,1,1,"Reference",1
"commercial",1,1,1,"Nonsense",1
"committee_executive_committee",1,1,1,"Group",0
"committee_meeting",1,1,1,"Nonsense",1
"committee_meetings",1,1,1,"Nonsense",1
"committees_groundwater_sustainability_agency",1,1,1,"Other_GSA",0
"committees_working_groups_advisory_groups_cga_committees_and_advisory_committees",1,1,1,"Group",0
"commonly",1,1,1,"Nonsense",1
"commonly_associated",1,1,1,"Nonsense",1
"commonly_associated_court_tribal_outreach_and_engagement_strategies",1,1,1,"Group",1
"commonly_associated_with_groundwater_national_conservation_easement_database_national_conservation_easement_database",1,1,1,"Technical",0
"commonly_associated_with_groundwater_vegetation",1,1,1,"Natural_Feature",1
"communication_a_communications_engagement_plan",1,1,1,"Technical",0
"communication_a_public_outreach_and_engagement_plan",1,1,1,"Technical",0
"communication_and_public_outreach_plan",1,1,1,"Technical",0
"communication_committee",1,1,1,"Group",0
"communication_department_of_water_resources",1,1,1,"State_Gov",1
"communication_engagement_forums_member_agencies_governance_briefings",1,1,1,"Group",1
"communication_forums_tools_governance_agencies_briefings",1,1,1,"Group",1
"communication_plan",1,1,1,"Technical",0
"communications_engagement",1,1,1,"Group",1
"communications_plan",1,1,1,"Technical",0
"community_climate_action_plan",1,1,1,"Technical",0
"community_development_element",1,1,1,"Reference",1
"community_engagement_forums",1,1,1,"Group",1
"community_engagement_plan_for_development_and_adoption_of_a_groundwater_sustainability_plan",1,1,1,"Technical",0
"community_facilities_district_no",1,1,1,"District",1
"community_government_affairs_manager",1,1,1,"Nonsense",1
"community_involvement_workshops",1,1,1,"Group",1
"community_of_alpaugh",1,1,1,"Geographic_Unit",1
"community_of_arbuckle",1,1,1,"Local_Gov",1
"community_of_broad_creek",1,1,1,"Natural_Feature",0
"community_of_pixley",1,1,1,"Local_Gov",1
"community_organizations_others_community",1,1,1,"Group",0
"community_planning_group",1,1,1,"Group",0
"community_services_and_facilities",1,1,1,"Group",1
"community_services_district_solano",1,1,1,"District",1
"community_water_education_initiative_fuels_management_for_watershed_health_potential",1,1,1,"Group",1
"como_los",1,1,1,"Nonsense",1
"como_los_requisitos_de_presentación_de",1,1,1,"Nonsense",1
"como_un",1,1,1,"Nonsense",1
"compilation_of_technical_information_records_for",1,1,1,"Technical",0
"complainr",1,1,1,"Nonsense",1
"complaint_and_petition",1,1,1,"Legal",1
"completed",1,1,1,"Nonsense",1
"completed_engagement",1,1,1,"Nonsense",1
"completion_report_map_application",1,1,1,"Reference",0
"compliance_with_objectives",1,1,1,"Technical",1
"composition_patsy_tennyson",1,1,1,"Nonsense",1
"comyn",1,1,1,"Nonsense",1
"conceptual_aquifer_systems",1,1,1,"Natural_Feature",0
"conceptual_model_development",1,1,1,"Technical",0
"conceptual_water_budget_components_and_linkages",1,1,1,"Technical",1
"concerned_scientists",1,1,1,"NGO",1
"concerning_annexation_of_the_fort_ord_into_zones_2",1,1,1,"Legal",1
"condi_tions",1,1,1,"Nonsense",1
"condition_for_implementation_recycled_water_project",1,1,1,"Water_Project",0
"condition_for_implementation_the_gsa",1,1,1,"Other_GSA",0
"conditionally_approved_groundwater_assessment_report",1,1,1,"Technical",0
"conditions_or_constraints_on_implementation_the_hayward",1,1,1,"Nonsense",1
"conductance_and_total_dissolved_solids",1,1,1,"District",0
"conductivity_kh",1,1,1,"Technical",1
"conduit",1,1,1,"Infrastructure",1
"confluence_flume",1,1,1,"Infrastructure",1
"conformably",1,1,1,"Nonsense",1
"conjunctive_use",1,1,1,"Technical",1
"conjunctive_use_managed_recharge_in_lieu",1,1,1,"Water_Project",1
"conjunctive_use_ponds",1,1,1,"Infrastructure",1
"conjunctive_use_programs",1,1,1,"Water_Project",1
"conjunctive_use_programs_conjunctive",1,1,1,"Group",1
"conjunctive_use_tier_2",1,1,1,"Nonsense",1
"connect_to_public_water_system",1,1,1,"Natural_Feature",0
"connect_to_public_water_system_public",1,1,1,"Nonsense",1
"connected_to_groundwater_figure",1,1,1,"Reference",0
"conner",1,1,1,"Person",1
"conrow",1,1,1,"Person",1
"consensus_building_institute_process_recommendations",1,1,1,"Technical",1
"consent_calendar",1,1,1,"Technical",1
"conservation_and_agricultural_best_management_practicess",1,1,1,"Legal",1
"conservation_and_demand",1,1,1,"Nonsense",1
"conservation_council",1,1,1,"Group",0
"conservation_element_of_the_wgp",1,1,1,"Technical",1
"conservation_methods",1,1,1,"Nonsense",1
"conservation_orange_county_water_district",1,1,1,"District",0
"conservation_practices_management_action",1,1,1,"Nonsense",1
"conserve",1,1,1,"Nonsense",1
"conserve_water_resources",1,1,1,"Nonsense",1
"consider_adopting",1,1,1,"District",0
"consider_approval",1,1,1,"District",0
"considerando_el_uso_de_la_tierra",1,1,1,"District",0
"considered_environmental_defense_fund",1,1,1,"District",0
"consolidated_treatment_facility",1,1,1,"District",0
"constant_head",1,1,1,"Technical",1
"constructed",1,1,1,"Nonsense",1
"construction_abandonment",1,1,1,"Nonsense",1
"construction_activities_and_requirements",1,1,1,"Reference",1
"construction_funding",1,1,1,"Nonsense",1
"construction_of_site_c",1,1,1,"Water_Project",1
"consulting_civil_engineers",1,1,1,"Company",1
"consumer_confidence_reports",1,1,1,"Technical",0
"consumnes_groundwater_sustainability_agency",1,1,1,"Other_GSA",0
"consumptive_use_and_agricultural_demand",1,1,1,"Technical",1
"contact_information_for_plan_manger_groundwater_sustainability_agency_mailing_address",1,1,1,"Nonsense",1
"contains",1,1,1,"Nonsense",1
"continental_alameda_formation",1,1,1,"Natural_Feature",0
"continue_monitoring",1,1,1,"Technical",0
"continues",1,1,1,NA,0
"continuous_gps_stations",1,1,1,"Technical",1
"continuous_monitoring",1,1,1,"Technical",0
"contra_costa_county_groundwater_sustainability_agency",1,1,1,"Other_GSA",0
"contra_costa_county_health_services",1,1,1,"Local_Gov",1
"contra_costa_county_ordinance",1,1,1,"Legal",0
"contra_costa_health_services_environmental_health_division",1,1,1,"Local_Gov",1
"contra_costa_water_district_contra_costa_water_district",1,1,1,"District",0
"contract33",1,1,1,"Nonsense",1
"contracting_entities_and_interested_parties",1,1,1,"Group",1
"contracting_entities_or_interested_parties",1,1,1,"Group",1
"contributing_parties_and_stakeholders",1,1,1,"Group",1
"control_and_water_conservation_district",1,1,1,"District",0
"control_package",1,1,1,"Technical",1
"conveyance_system_and_distribution_the_district",1,1,1,"District",0
"cook_et_al",1,1,1,"Reference",1
"cooperated_use_agreement",1,1,1,"Group",0
"cooperative_committee_regular_meetings_the_cooperative_committee",1,1,1,"Group",0
"cooperative_committee_special_meeting",1,1,1,"Group",1
"cooperative_monitoring_and_adaptive_groundwater_management_agreement",1,1,1,"Group",0
"coordinación_para_implementar_múltiples",1,1,1,"Group",1
"coordinate",1,1,1,"Nonsense",1
"coordination_and",1,1,1,"Nonsense",1
"coordination_and_information_sharing_coordination",1,1,1,"Group",1
"coordination_committee_structure_and_meetings_the_coordination_committee",1,1,1,"Group",0
"coordination_groundwater_sustainability_agency",1,1,1,"Other_GSA",0
"coordination_subbasin",1,1,1,"Basin",0
"coordination_the_vina_subbasin",1,1,1,"Basin",0
"coordination_workgroup_of_the",1,1,1,"Group",1
"copernicus",1,1,1,"Company",1
"cor_public_works_department",1,1,1,"Group",0
"cor_public_works_departments",1,1,1,"Group",0
"cordova_creek_maintenance_water_forum",1,1,1,"Group",1
"cordua_irrigation_district_cordua_irrigation_district",1,1,1,"District",0
"core_team_and",1,1,1,"Nonsense",1
"cori_hayman",1,1,1,"Person",1
"corixidae",1,1,1,"District",0
"corn_camp_projects",1,1,1,"Water_Project",0
"corn_camp_water_bank",1,1,1,"Water_Project",1
"corn_springs",1,1,1,"Natural_Feature",1
"corning_subbasin_agricultural_land",1,1,1,"Geographic_Unit",1
"corning_water_district_agricultural_water_management_plan",1,1,1,"Technical",0
"corona_disadvantaged_community",1,1,1,"Group",0
"corona_elsinore_valley_municipal_water_district_trilogy",1,1,1,"District",1
"corona_information",1,1,1,"Natural_Feature",0
"corona_management",1,1,1,"Nonsense",1
"corona_municipal_code",1,1,1,"Legal",0
"corona_norco",1,1,1,"Local_Gov",1
"corona_on",1,1,1,"Geographic_Unit",1
"corona_service_area",1,1,1,"Geographic_Unit",0
"coronita",1,1,1,"City",0
"corral_de_piedras",1,1,1,"Natural_Feature",1
"corral_de_tierra_area_water_budget_zone",1,1,1,"Geographic_Unit",0
"corral_de_tierra_management_areas",1,1,1,"Geographic_Unit",0
"correctional_training_facility",1,1,1,"Nonsense",1
"cory_bantilan",1,1,1,"Person",1
"coso_ranges",1,1,1,"Natural_Feature",1
"costa",1,1,1,"Nonsense",1
"costa_rica",1,1,1,"Geographic_Unit",1
"costs_and_funding_construction",1,1,1,"Reference",1
"costs_and_funding_plan",1,1,1,"Technical",0
"costs_capital",1,1,1,"Nonsense",1
"costs_cost_category_fiscal_year",1,1,1,"Technical",1
"cosumes_basin_coordinates",1,1,1,"Geographic_Unit",1
"cosumnes_chinook_salmon",1,1,1,"Natural_Feature",1
"cosumnes_depth",1,1,1,"Technical",1
"cosumnes_groundwater_subbasin",1,1,1,"Basin",0
"cosumnes_pio",1,1,1,"District",1
"cosumnes_river_flow_monitoring_program",1,1,1,"Technical",0
"cosumnes_subbasin_groundwater_sustainability_agency",1,1,1,"Other_GSA",0
"cosumnes_sustainable_groundwater_management_act_working_group",1,1,1,"Group",0
"cottonwood_creek_wildlife_areas",1,1,1,"Geographic_Unit",0
"council_appointed_officers",1,1,1,"Group",1
"council_chamber_and_virtual_platform",1,1,1,"Infrastructure",1
"council_meetings",1,1,1,"Group",1
"council_of_the_city_of",1,1,1,"City",0
"counties_general_plans",1,1,1,"Technical",0
"county_additional_water_use",1,1,1,"Geographic_Unit",1
"county_assessor",1,1,1,"Local_Gov",1
"county_basin",1,1,1,"Basin",0
"county_board_of_supervisors_or_city_council",1,1,1,"Group",0
"county_clerk",1,1,1,"Local_Gov",1
"county_code",1,1,1,"Legal",0
"county_department_of",1,1,1,"Nonsense",1
"county_department_of_environmental_health",1,1,1,"Local_Gov",1
"county_department_of_environmental_health_and_quality",1,1,1,"Local_Gov",1
"county_department_of_environmental_health_services",1,1,1,"Local_Gov",1
"county_district_attorneys",1,1,1,"Local_Gov",1
"county_division_of_environmental_health_and_county_office_of_emergency_services",1,1,1,"Local_Gov",1
"county_environmental_health_services",1,1,1,"Local_Gov",1
"county_farm_bureau",1,1,1,"NGO",1
"county_flood_control_and_water_conservation_district",1,1,1,"District",0
"county_flood_control_water_conservation_district",1,1,1,"District",0
"county_flood_maps",1,1,1,"Technical",1
"county_groundwater_ordinance",1,1,1,"Legal",0
"county_indemnity",1,1,1,"Nonsense",1
"county_monterey_county",1,1,1,"County",0
"county_mou_management_area_the_county_mou_management_area",1,1,1,"Geographic_Unit",0
"county_of_calaveras",1,1,1,"County",0
"county_of_inyo_public_geographic",1,1,1,"Local_Gov",1
"county_of_los_angeles_county",1,1,1,"County",0
"county_of_merced_chowchilla_groundwater_sustainability_agency",1,1,1,"Other_GSA",0
"county_of_riverside_wells",1,1,1,"District",0
"county_of_sacramento_public_works",1,1,1,"Local_Gov",1
"county_of_san_bernardino_board_of_supervisors",1,1,1,"Group",0
"county_of_san_francisco_superior",1,1,1,"Local_Gov",1
"county_of_san_joaquin",1,1,1,"County",0
"county_of_san_luis_obispo_board",1,1,1,"Group",0
"county_of_san_luis_obispo_department_of_planning",1,1,1,"Local_Gov",1
"county_of_san_luis_obispo_engineer",1,1,1,"Local_Gov",1
"county_of_santa",1,1,1,"Local_Gov",1
"county_of_santa_barbara_public",1,1,1,"Local_Gov",1
"county_of_sutter_groundwater_sustainability_agency",1,1,1,"Other_GSA",0
"county_of_tulare_general_plan",1,1,1,"Technical",0
"county_of_tuolumne_resolution",1,1,1,"Legal",1
"county_office_of_emergency_services",1,1,1,"Local_Gov",1
"county_operations_center",1,1,1,"Infrastructure",1
"county_ordinance",1,1,1,"Legal",0
"county_planning",1,1,1,"Local_Gov",1
"county_planning_commission",1,1,1,"Group",0
"county_public_works",1,1,1,"Local_Gov",1
"county_public_works_department",1,1,1,"Group",0
"county_resolution_no",1,1,1,"Nonsense",1
"county_roads",1,1,1,"Infrastructure",1
"county_santa_ynez_river_water_conservation_district",1,1,1,"District",0
"county_santa_ynez_riverwcd",1,1,1,"District",1
"county_service_area_50",1,1,1,"District",1
"county_service_areas_10a",1,1,1,"District",1
"county_stormwater",1,1,1,"Local_Gov",1
"county_water_authority_act",1,1,1,"Legal",0
"county_water_resources_agency",1,1,1,"Group",0
"county_water_well_ordinance_no",1,1,1,"Legal",1
"county_water_works_district_42_community_advocacy_committee",1,1,1,"Group",0
"county_waterworks_district",1,1,1,"District",0
"county_well_ordinance_4468",1,1,1,"Legal",1
"countywide_water_and_wastewater_municipal_supply_review",1,1,1,"District",0
"cov",1,1,1,"Nonsense",1
"covid19_pandemic_budget_budget_amendment_for",1,1,1,"District",0
"cowin",1,1,1,"Nonsense",1
"cps",1,1,1,"Company",1
"crafton_hills_reservoir",1,1,1,"Infrastructure",0
"craig_finster",1,1,1,"Person",1
"crasnean",1,1,1,"Nonsense",1
"creamline_basin_northeast_cell",1,1,1,"Geographic_Unit",1
"create_a_transparent_inclusive_collaborative_process_for_groundwater_sustainability_agency_formation_stakeholders",1,1,1,"Group",1
"creation_and_implementation_of_the_freeport_freeport_regional_water_authority",1,1,1,"Group",0
"creek_subbasin",1,1,1,"Basin",0
"creely",1,1,1,"Nonsense",1
"creely_and_force",1,1,1,"Person",1
"creston_elementary_school",1,1,1,"Nonsense",1
"criteria_b",1,1,1,"Reference",1
"criteria_survey",1,1,1,"Technical",1
"criterion_1_5",1,1,1,"Reference",1
"critical_species_lookbook_appendix_i_species_relevant",1,1,1,"Reference",0
"critical_water_supply_areas",1,1,1,"Geographic_Unit",0
"crockett",1,1,1,"City",0
"crop2014",1,1,1,"Data_System",1
"crop_estimation_techniqueaw",1,1,1,"Nonsense",1
"crop_etaw",1,1,1,"Technical",1
"crop_livestock_report",1,1,1,"Technical",0
"cropland_data_layer",1,1,1,"Technical",0
"crops_eighteen",1,1,1,"Nonsense",1
"cross_boundary_projects",1,1,1,"Water_Project",0
"cross_ca_dept_of_water_cnl_weir_action_trigger",1,1,1,"Technical",1
"cross_section_b",1,1,1,"Reference",0
"cross_section_development_cross",1,1,1,"Reference",0
"cross_section_ff_ff",1,1,1,"Reference",0
"cross_sections_cross",1,1,1,"Technical",1
"cross_sections_d",1,1,1,"Technical",1
"cross_valley_canal",1,1,1,"Infrastructure",1
"crwqcb",1,1,1,"District",1
"crystalline_rock",1,1,1,"Natural_Feature",1
"crónico_del_nivel_de_las_aguas_subterráneas_se",1,1,1,"Technical",1
"cs",1,1,1,"Nonsense",1
"csa",1,1,1,"Nonsense",1
"csg_consultants",1,1,1,"Company",1
"csu_fresno_foundation",1,1,1,"NGO",1
"csubject_to",1,1,1,"Nonsense",1
"cty",1,1,1,"Nonsense",1
"cu",1,1,1,"Nonsense",1
"cultural_resources",1,1,1,"Natural_Feature",1
"culver",1,1,1,"Local_Gov",1
"cumorah_knolls",1,1,1,"Geographic_Unit",1
"cumula",1,1,1,"Nonsense",1
"current_data_sources_and_analysis",1,1,1,"Technical",0
"current_historical_water_budget",1,1,1,"Technical",1
"current_monitoring_network_1_on_monitoring",1,1,1,"Technical",0
"current_monitoring_network_number_of_number_of",1,1,1,"Technical",0
"current_year_agriculture",1,1,1,"Nonsense",1
"curt_holmes",1,1,1,"Person",1
"curtis_paxton",1,1,1,"Person",1
"cutler_orosi_surface_water_plant_authority",1,1,1,"Group",0
"cuvhm",1,1,1,"Technical",1
"cuyama_basin_data_management_system",1,1,1,"Technical",0
"cuyama_basin_water_resources_model_grid_analysts",1,1,1,"Technical",0
"cvgsm",1,1,1,"Technical",1
"cvhm",1,1,1,"Technical",1
"cvp_contractors",1,1,1,"Group",1
"cvp_imported_water_two_management_areas",1,1,1,"Geographic_Unit",0
"cvp_supplies",1,1,1,"Water_Project",1
"cvsalts",1,1,1,"Group",1
"cwc_section_10723b",1,1,1,"Reference",0
"cwc_sections_10780",1,1,1,"Legal",1
"cwd",1,1,1,"District",0
"cwd_2011",1,1,1,"District",0
"d5",1,1,1,"Nonsense",1
"d_a_ponce",1,1,1,"Person",1
"d_based",1,1,1,"Nonsense",1
"d_city",1,1,1,"Nonsense",1
"d_enforcement_agency",1,1,1,"Group",0
"d_liebersbach",1,1,1,"Person",1
"d_schmidt",1,1,1,"District",0
"d_williams",1,1,1,"Person",1
"dacs_changes",1,1,1,"Technical",1
"daily_root_zone_simulation",1,1,1,"Technical",1
"dairy_facilities",1,1,1,"Nonsense",1
"dairy_industry",1,1,1,"Nonsense",1
"damon_point",1,1,1,"Natural_Feature",1
"dan_bouse",1,1,1,"Person",1
"dan_howes",1,1,1,"Person",1
"dana_stuart",1,1,1,"Person",1
"daniel_b_steiner",1,1,1,"Person",1
"daniel_chavez",1,1,1,"Person",1
"daniel_j_ohanlon",1,1,1,"Person",1
"daniel_wilber",1,1,1,"Person",1
"danville",1,1,1,"City",0
"data_acquisition",1,1,1,"Technical",0
"data_aggregation_and_field_classification_field",1,1,1,"Technical",0
"data_analysis",1,1,1,"Technical",0
"data_and_assumptions",1,1,1,"Technical",0
"data_and_reporting_standards_table",1,1,1,"Reference",0
"data_center_climate_data_online",1,1,1,"Technical",0
"data_collection",1,1,1,"Technical",0
"data_collection_and_management",1,1,1,"Technical",0
"data_county_administration_management_system",1,1,1,"Technical",0
"data_data",1,1,1,"Technical",0
"data_entry_data",1,1,1,"Technical",0
"data_evaluation_methodology",1,1,1,"Technical",0
"data_exchange_center_website",1,1,1,"Technical",0
"data_export_and_interaction_data",1,1,1,"Technical",0
"data_formats_several_american_standard_code_for_information_interchange",1,1,1,"Technical",0
"data_gap_analysis",1,1,1,"Technical",0
"data_gap_filling_efforts",1,1,1,"Technical",0
"data_gap_study",1,1,1,"Technical",0
"data_gaps_and_uncertainty",1,1,1,"Technical",0
"data_gaps_estimated_costs_contour_mapping",1,1,1,"Technical",0
"data_interpretation_and_results_simulation",1,1,1,"Technical",0
"data_management_and_reporting_milestones",1,1,1,"Technical",0
"data_management_areanagement_system_management_areaintenance",1,1,1,"Technical",0
"data_management_data",1,1,1,"Technical",0
"data_management_quality_assurance",1,1,1,"Technical",0
"data_management_specialist",1,1,1,"Technical",0
"data_management_system_3562b4",1,1,1,"Technical",0
"data_management_system_a_alyson_watson",1,1,1,"Technical",0
"data_management_system_and_data_reporting_data",1,1,1,"Technical",0
"data_management_system_chromium_total",1,1,1,"Technical",0
"data_management_system_data",1,1,1,"Technical",0
"data_management_system_development_and_functionality",1,1,1,"Technical",0
"data_management_system_hosting_gei",1,1,1,"Technical",0
"data_management_system_monitoring",1,1,1,"Technical",0
"data_management_system_overview",1,1,1,"Technical",0
"data_processing_processing",1,1,1,"Technical",0
"data_quality_objectives",1,1,1,"Technical",0
"data_sources_data",1,1,1,"Technical",0
"data_structure",1,1,1,"Technical",0
"data_tracking",1,1,1,"Technical",0
"datasets_downscaling",1,1,1,"Technical",0
"dataviewer",1,1,1,"Technical",0
"date",1,1,1,"Nonsense",1
"daulton_station",1,1,1,"Infrastructure",1
"davenport",1,1,1,"City",0
"david_bean",1,1,1,"District",0
"david_ceppos",1,1,1,"District",0
"david_jacks_corporation",1,1,1,"District",0
"david_mcmichael",1,1,1,"District",0
"david_taussig_associates",1,1,1,"District",0
"david_vigil",1,1,1,"District",0
"davis_fadtke_k",1,1,1,"Person",1
"davis_staff",1,1,1,"Nonsense",1
"db",1,1,1,"Nonsense",1
"ddt",1,1,1,"Nonsense",1
"de_gestión_la_sección_4",1,1,1,"Nonsense",1
"de_leon",1,1,1,"Person",1
"de_minimis",1,1,1,"Legal",1
"de_más_del_10",1,1,1,"Nonsense",1
"de_sabla_centerville",1,1,1,"District",1
"deadman",1,1,1,"Natural_Feature",1
"dear_board_of_directors",1,1,1,"Group",0
"debbie_liebersbach",1,1,1,"Person",1
"decentralized_non_potable_reuse",1,1,1,"Water_Project",1
"decomposition_decomposition",1,1,1,"Nonsense",1
"dedicated_outreach_to_tribal_interests_plumas_county",1,1,1,"County",0
"deep",1,1,1,"Nonsense",1
"deep_aa",1,1,1,"Nonsense",1
"deep_aquifer_system_primary",1,1,1,"Natural_Feature",1
"deep_percolation_of_direct_precipitation",1,1,1,"Natural_Feature",1
"deep_water_desal_llc",1,1,1,"Company",1
"deep_wells",1,1,1,"Infrastructure",1
"deer_creek_and_tule_river_authority_groundwater_management_plan_memorandum",1,1,1,"Reference",1
"deer_creek_instream_flow_enhancements_and_conjunctive_use_management_projects_trout_unlimited",1,1,1,"Water_Project",1
"deer_creek_stream_flow_stream",1,1,1,"Natural_Feature",1
"deer_creek_streambed",1,1,1,"Natural_Feature",1
"defense",1,1,1,"Nonsense",1
"defense_base_closure_and_realignment_act",1,1,1,"Legal",0
"define_como_el",1,1,1,"Nonsense",1
"definition_of",1,1,1,"Nonsense",1
"degradation_of_water_quality",1,1,1,"Natural_Feature",1
"degradation_of_water_quality_undesirable_results",1,1,1,"Technical",1
"degraded",1,1,1,"Nonsense",1
"deir",1,1,1,"Legal",1
"del_agua",1,1,1,"Nonsense",1
"del_agua_forman_agencias_de_ayudar_sostenibilidad_de_las_aguas_subterráneas",1,1,1,"District",0
"del_puerto_canyon_reservoir_project",1,1,1,"Water_Project",0
"del_rey_lagoon",1,1,1,"Natural_Feature",1
"delano_earlimart_irrigation_district_general_fund",1,1,1,"District",1
"delano_earlimart_irrigation_district_groundwater_sustainability_agency_manager",1,1,1,"Person",1
"delano_earlimart_irrigation_district_pixid_ground_water",1,1,1,"District",0
"delhi_municipal_advisory_council",1,1,1,"Group",0
"delineated",1,1,1,"Nonsense",1
"delivered",1,1,1,"Nonsense",1
"deliveries_flows_valley",1,1,1,"Geographic_Unit",0
"delta_area",1,1,1,"Geographic_Unit",0
"delta_mend_and_minimum_thresholds",1,1,1,"Technical",1
"delta_mendota_groundwater_sustainability_plan_group",1,1,1,"Group",0
"delta_mendota_subbasin_groups",1,1,1,"Group",0
"delta_mendota_subbasin_sustainable",1,1,1,"Basin",1
"delta_mendota_water_authority",1,1,1,"Group",0
"delta_newton_raphson",1,1,1,"Technical",1
"delta_protection_commission_delta_stewardship_council_the_delta_protection_commission",1,1,1,"Group",0
"delta_requirement_improvement_act",1,1,1,"Legal",0
"delta_smelt",1,1,1,"Natural_Feature",1
"delta_stewardship",1,1,1,"Group",1
"demand_management",1,1,1,"Technical",1
"demand_management_flood_risk_reduction_enhanced_recharge_surface_water_conveyance_supply_augmentation_management_actions",1,1,1,"Nonsense",1
"demands_grapevine_project",1,1,1,"Water_Project",0
"demarco",1,1,1,"Nonsense",1
"denise_england",1,1,1,"Person",1
"density",1,1,1,"Nonsense",1
"density_of_monitoring_sites_and_frequency_of_measurement",1,1,1,"Technical",0
"denver",1,1,1,"Local_Gov",1
"denver_federal_center",1,1,1,"Infrastructure",1
"department_of_commerce",1,1,1,"Federal_Gov",0
"department_of_conservation_cortez_avesgem",1,1,1,"State_Gov",1
"department_of_defense_gc",1,1,1,"Federal_Gov",1
"department_of_defense_quality_systems",1,1,1,"Federal_Gov",1
"department_of_defense_quality_systems_manual_for_environmental_laboratories",1,1,1,"Reference",1
"department_of_developmental_services",1,1,1,"State_Gov",0
"department_of_fish_and_wildlife_and_the_nature_conservancy",1,1,1,"Group",1
"department_of_fish_and_wildlife_california_natural_diversity_database",1,1,1,"State_Gov",0
"department_of_fish_and_wildlife_comment_6",1,1,1,"Nonsense",1
"department_of_fish_and_wildlife_department_of_water_resources",1,1,1,"State_Gov",1
"department_of_fish_and_wildlife_headquarters",1,1,1,"State_Gov",1
"department_of_fish_and_wildlife_private_duck_pond_groundwater_dependent_ecosystem_evaluation_unit",1,1,1,"Technical",1
"department_of_fish_and_wildlife_sensitive_natural_communities_list",1,1,1,"Reference",1
"department_of_fish_and_wildlife_special_animals_list",1,1,1,"Reference",1
"department_of_fish_and_wildlife_the_department_of_fish_and_wildlife",1,1,1,"State_Gov",1
"department_of_interior",1,1,1,"Federal_Gov",1
"department_of_land",1,1,1,"State_Gov",1
"department_of_pesticide_regulation_department_of_pesticide_regulation_department_of_water_resources",1,1,1,"District",0
"department_of_pesticide_regulation_surface_water_protection_program",1,1,1,"District",0
"department_of_planning_development_services",1,1,1,"Local_Gov",1
"department_of_public_health_primary_station_code",1,1,1,"Legal",0
"department_of_public_works_and_planning",1,1,1,"Local_Gov",1
"department_of_regional_planning",1,1,1,"Local_Gov",1
"department_of_resources_recycling_and_recovery",1,1,1,"State_Gov",0
"department_of_resources_recycling_and_recovery_for",1,1,1,"State_Gov",1
"department_of_resources_recycling_and_recovery_for_beverage_container_recycling_city_county_payment_programs",1,1,1,"State_Gov",1
"department_of_the_interior",1,1,1,"Federal_Gov",0
"department_of_the_navy_1",1,1,1,"Federal_Gov",1
"department_of_water_and_resource_conservation",1,1,1,"Local_Gov",1
"department_of_water_f_projected_population_growth",1,1,1,"Nonsense",1
"department_of_water_resources_2016",1,1,1,"Reference",1
"department_of_water_resources_2018",1,1,1,"Reference",1
"department_of_water_resources_2070",1,1,1,"State_Gov",1
"department_of_water_resources_76726",1,1,1,"State_Gov",1
"department_of_water_resources_basin_4_007",1,1,1,"State_Gov",1
"department_of_water_resources_basin_no",1,1,1,"State_Gov",1
"department_of_water_resources_basin_number_3049",1,1,1,"State_Gov",1
"department_of_water_resources_basins_no",1,1,1,"State_Gov",1
"department_of_water_resources_bmp_sustainable_management_of_groundwater",1,1,1,"Technical",1
"department_of_water_resources_bulletin_132",1,1,1,"Reference",1
"department_of_water_resources_california_elevation_monitoring",1,1,1,"State_Gov",0
"department_of_water_resources_data_format_spatial_resolution_temporal_resolution",1,1,1,"Technical",0
"department_of_water_resources_defined_basin",1,1,1,"Basin",0
"department_of_water_resources_department_of_water_resources_ema",1,1,1,"State_Gov",1
"department_of_water_resources_department_of_water_resources_groundwater_sustainability_agency",1,1,1,"Other_GSA",0
"department_of_water_resources_disadvantaged_community_mapping_tool",1,1,1,"Data_System",1
"department_of_water_resources_division_of_planning_and_local_assistance",1,1,1,"State_Gov",1
"department_of_water_resources_division_of_safety_of_dams",1,1,1,"Infrastructure",0
"department_of_water_resources_engagement_with_tribal_governments14",1,1,1,"Reference",1
"department_of_water_resources_european_space_agency",1,1,1,"Group",0
"department_of_water_resources_extensometers",1,1,1,"State_Gov",1
"department_of_water_resources_folsom_south_canal",1,1,1,"Infrastructure",1
"department_of_water_resources_for_groundwater_sustainability_plan_implementation_of_a_metering_and_infrastructure_network",1,1,1,"State_Gov",1
"department_of_water_resources_global_positioning_system_survey_data",1,1,1,"Technical",0
"department_of_water_resources_grants",1,1,1,"State_Gov",1
"department_of_water_resources_groundwater_bulletin",1,1,1,"Technical",1
"department_of_water_resources_groundwater_sustainability_agency",1,1,1,"Other_GSA",0
"department_of_water_resources_guidance_document_for_groundwater_sustainability_plan",1,1,1,"Technical",0
"department_of_water_resources_integrated_regional_water_management",1,1,1,"State_Gov",1
"department_of_water_resources_interested",1,1,1,"State_Gov",1
"department_of_water_resources_land_iq",1,1,1,"State_Gov",1
"department_of_water_resources_land_use_surveys",1,1,1,"Technical",1
"department_of_water_resources_mapping_tool",1,1,1,"Data_System",1
"department_of_water_resources_meeting",1,1,1,"Group",1
"department_of_water_resources_natural_communities_associated_with_groundwater",1,1,1,"Natural_Feature",1
"department_of_water_resources_natural_communities_commonly_associated",1,1,1,"Technical",1
"department_of_water_resources_northern_district",1,1,1,"District",0
"department_of_water_resources_po_box",1,1,1,"Nonsense",1
"department_of_water_resources_preparation_checklist",1,1,1,"Reference",1
"department_of_water_resources_reclamation_subsidence_monitoring",1,1,1,"Technical",0
"department_of_water_resources_records",1,1,1,"State_Gov",1
"department_of_water_resources_southern_region_office_tribal_liaison",1,1,1,"State_Gov",1
"department_of_water_resources_spring_fall",1,1,1,"State_Gov",1
"department_of_water_resources_statewide_groundwater_elevation_monitoring_network",1,1,1,"Technical",0
"department_of_water_resources_sub_basin",1,1,1,"Basin",0
"department_of_water_resources_subbasin_boundaries",1,1,1,"Data_System",1
"department_of_water_resources_sustainable_groundwater_management_act_basin_prioritization_tool",1,1,1,"Technical",1
"department_of_water_resources_sustainable_groundwater_management_act_data_portal",1,1,1,"Technical",0
"department_of_water_resources_sustainable_groundwater_management_act_website",1,1,1,"Data_System",1
"department_of_water_resources_sustainable_groundwater_management_grant",1,1,1,"State_Gov",1
"department_of_water_resources_sustainable_groundwater_managementa",1,1,1,"State_Gov",1
"department_of_water_resources_sustainable_groundwater_managementa_data_viewer",1,1,1,"Technical",0
"department_of_water_resources_sustainable_management_criteria_best_management_practices",1,1,1,"Legal",1
"department_of_water_resources_sustainable_management_criteria_bmp",1,1,1,"Legal",1
"department_of_water_resources_technical",1,1,1,"Technical",0
"department_of_water_resources_the_variable_operation_maintenance",1,1,1,"State_Gov",1
"department_of_water_resources_tre_altamira",1,1,1,"State_Gov",1
"department_of_water_resources_water_companyr",1,1,1,"Nonsense",1
"department_of_water_resources_well_standards_publications",1,1,1,"Reference",1
"depletion_evaluation",1,1,1,"Technical",1
"depletion_of_interconnected_surface_water_current",1,1,1,"Technical",1
"depletion_of_interconnected_surface_water_page",1,1,1,"Reference",0
"depletion_of_interconnected_surface_water_permanent",1,1,1,"Technical",1
"depletion_of_interconnected_surface_water_sustainability_indicator_mts",1,1,1,"Technical",1
"depletion_of_interconnected_sw_smc",1,1,1,"Technical",1
"depletions_of_interconnected_surface_water_sustainability_indicator",1,1,1,"Technical",1
"depletions_of_interconnected_surface_waters",1,1,1,"Technical",1
"depositional",1,1,1,"Nonsense",1
"dept_of_food_and",1,1,1,"Nonsense",1
"derek",1,1,1,"Nonsense",1
"derek_yurosek",1,1,1,"Person",1
"descenso_del_nivel_de_las_aguas_subterráneas_en",1,1,1,"Nonsense",1
"described_in_section_54_and",1,1,1,"Reference",0
"description_clarksburg_management_area",1,1,1,"Geographic_Unit",0
"description_delano_earlimart_irrigation_district",1,1,1,"District",0
"description_intra_western_management_area",1,1,1,"Geographic_Unit",0
"description_of_beneficial_uses_and_users",1,1,1,"Technical",1
"description_of_conditions_in_each_ma",1,1,1,"Reference",1
"description_of_historical_cumulative_change",1,1,1,"Technical",1
"description_of_management_area",1,1,1,"Geographic_Unit",0
"description_of_sustainability_goal",1,1,1,"Nonsense",1
"description_of_water_resources_monitoring_and_management_programs",1,1,1,"Technical",0
"description_the_regional_solution",1,1,1,"Nonsense",1
"desert_water_agency_groundwater_sustainability_agency_newspaper",1,1,1,"Nonsense",1
"designated_uses",1,1,1,"Legal",1
"destroy",1,1,1,"Nonsense",1
"detai",1,1,1,"Nonsense",1
"detected_above",1,1,1,"Nonsense",1
"determines",1,1,1,"Nonsense",1
"develop_a_potable_water_supply",1,1,1,"Water_Project",1
"develop_an",1,1,1,"Nonsense",1
"develop_domestic_well_management_program",1,1,1,"Water_Project",1
"develop_implement",1,1,1,"Nonsense",1
"develop_stakeholder_incentive_programs",1,1,1,"Nonsense",1
"developed_dixon",1,1,1,"Geographic_Unit",1
"developed_for_implementation_vineyard_and",1,1,1,"Nonsense",1
"development_and",1,1,1,"Nonsense",1
"development_approach",1,1,1,"Nonsense",1
"development_goals_and_policies",1,1,1,"Legal",0
"development_of_5year",1,1,1,"Nonsense",1
"development_of_basin_management_objectives",1,1,1,"Technical",1
"development_of_groundwater_allocation_per_acre",1,1,1,"Technical",1
"development_of_hydrogeologic_conceptual_model_and_aquifer_parameters_8",1,1,1,"Technical",0
"development_of_projected_water_budget_scenarios",1,1,1,"Technical",1
"development_of_public_data_coordination",1,1,1,"Technical",0
"development_of_uniform_criteria_for",1,1,1,"Nonsense",1
"development_of_united_states_geological_survey_integrated_hydrologic_model",1,1,1,"Technical",0
"development_review_services",1,1,1,"Local_Gov",1
"development_services_department",1,1,1,"Group",0
"development_support",1,1,1,"Nonsense",1
"dfg",1,1,1,"Nonsense",1
"diablo_hills",1,1,1,"Natural_Feature",1
"diagram_of_levels",1,1,1,"Reference",1
"diamond_joy",1,1,1,"Nonsense",1
"diane_cardwell",1,1,1,"Person",1
"diane_kennedy",1,1,1,"Person",1
"dibblee_et_al",1,1,1,"Reference",1
"dibromochloropropane",1,1,1,"Nonsense",1
"dichlorobromomethane_bdcme",1,1,1,"Nonsense",1
"diego",1,1,1,"Nonsense",1
"digital_e_blast",1,1,1,"Nonsense",1
"digital_elevation_nwt",1,1,1,"Technical",1
"digital_general_soil_map",1,1,1,"Reference",0
"digital_interested_parties_list",1,1,1,"Group",1
"digital_national_spatial_reference_system",1,1,1,"Data_System",1
"digitalglobe",1,1,1,"Company",1
"dinoseb",1,1,1,"Nonsense",1
"direct_delivery_for_municipal_use",1,1,1,"Water_Project",1
"direct_delivery_for_municipal_use_permits",1,1,1,"Legal",1
"direct_installation_programs",1,1,1,"Group",1
"direct_loan_grant",1,1,1,"Legal",1
"direct_precipitation",1,1,1,"Natural_Feature",1
"direct_public_works_to_video",1,1,1,"District",0
"direct_read_manual_turbine",1,1,1,"Infrastructure",1
"direct_recharge_direct",1,1,1,"Technical",1
"directors",1,1,1,"Group",1
"disadvantaged_communities_blocks",1,1,1,"Geographic_Unit",1
"disadvantaged_communities_data",1,1,1,"Technical",0
"disadvantaged_communities_places_boundaries",1,1,1,"Geographic_Unit",1
"disadvantaged_community_block_group",1,1,1,"Group",0
"disadvantaged_community_boundaries",1,1,1,"Geographic_Unit",1
"disadvantaged_community_d",1,1,1,"Technical",1
"disadvantaged_community_mapping_tools",1,1,1,"Technical",1
"disadvantaged_community_or_public_water",1,1,1,"Geographic_Unit",1
"disadvantaged_community_per_bureau",1,1,1,"Data_System",1
"disclaimer_for_climate_change_data",1,1,1,"Technical",0
"discrete",1,1,1,"Nonsense",1
"discuss",1,1,1,"Nonsense",1
"discuss_groundwater_sustainability_agency",1,1,1,"Other_GSA",0
"discussed_in_section_3331",1,1,1,"Reference",0
"discussion_streamflow",1,1,1,"Technical",1
"disposal_and_reuse_of_fort_ord",1,1,1,"Legal",1
"distribute_formal",1,1,1,"Nonsense",1
"distributed",1,1,1,"Nonsense",1
"distributed_stormwater_collection_and_managed_aquifer",1,1,1,"Natural_Feature",0
"distributes",1,1,1,"Nonsense",1
"district_canal_state_water_resources_control_board",1,1,1,"Group",0
"district_court_of_appeals",1,1,1,"Nonsense",1
"district_farmers",1,1,1,"Group",1
"district_geology",1,1,1,"Technical",1
"district_office",1,1,1,"Local_Gov",1
"district_well_4",1,1,1,"Infrastructure",1
"districts_boards_of_directors",1,1,1,"Group",1
"div_20",1,1,1,"Nonsense",1
"div_43",1,1,1,"Nonsense",1
"div_59_water_rights",1,1,1,"Legal",1
"division_12",1,1,1,"Legal",1
"division_13_of_the_public_resources_code",1,1,1,"Legal",0
"division_2_of",1,1,1,"Nonsense",1
"division_2_of_the_revenue_and_taxation_code",1,1,1,"Legal",0
"division_6",1,1,1,"District",1
"division_7_of_title_1_of_the_california_government_code",1,1,1,"State_Gov",0
"division_9_of_the_public_resources_code",1,1,1,"Legal",0
"division_disadvantaged_communities_oil_field_of_drinking_water",1,1,1,"Nonsense",1
"division_of_drink_ing_water",1,1,1,"State_Gov",1
"division_of_drinking_water_primary_station_code",1,1,1,"Legal",0
"division_of_integrated_regional_water_manage_ment_department_of_water_resources_north_central_region_office",1,1,1,"State_Gov",1
"division_of_integrated_regional_water_medium",1,1,1,"State_Gov",1
"division_of_oil_gas",1,1,1,"State_Gov",1
"division_of_oil_gas_and_geothermal_resources",1,1,1,"State_Gov",1
"division_of_regional_assistance",1,1,1,"State_Gov",1
"division_of_water_rights",1,1,1,"State_Gov",1
"division_subunit",1,1,1,"Nonsense",1
"divisions",1,1,1,"Nonsense",1
"dixie",1,1,1,"Geographic_Unit",1
"dixon_planning_area",1,1,1,"Geographic_Unit",0
"dixon_post_office",1,1,1,"Nonsense",1
"dixon_unified_school_district_and_the_dixon_family_and_children_services",1,1,1,"Nonsense",1
"djstinct",1,1,1,"Nonsense",1
"dm_ii",1,1,1,"Technical",1
"dmb_coordination_agreement",1,1,1,"Group",0
"dmgb",1,1,1,"District",1
"dnpc",1,1,1,"Nonsense",1
"do",1,1,1,"Nonsense",1
"doctrine_of_mutual_prescription",1,1,1,"Legal",1
"document_for_sustainable_groundwater_management",1,1,1,"Reference",1
"documents1_sustainable_groundwater_management_act",1,1,1,"Legal",0
"dof_county",1,1,1,"County",0
"dokka",1,1,1,"Nonsense",1
"domain_boundary",1,1,1,"Geographic_Unit",1
"domaine_chandon",1,1,1,"Company",1
"domestic_well_project",1,1,1,"Water_Project",0
"domestic_well_project_groundwater_quality_data_report",1,1,1,"Technical",0
"domestic_wells",1,1,1,"Infrastructure",1
"dominion_energy",1,1,1,"Company",1
"doreen_chapter",1,1,1,"Nonsense",1
"doreen_dadamo",1,1,1,"Person",1
"dosd",1,1,1,"Nonsense",1
"doug_w",1,1,1,"Person",1
"douglas_mankin",1,1,1,"Person",1
"dow_chemical",1,1,1,"Company",1
"dow_chemical_company",1,1,1,"Company",1
"download",1,1,1,"Nonsense",1
"downstream_kaweah",1,1,1,"Geographic_Unit",1
"doyle_scholarship",1,1,1,"Nonsense",1
"draft_biological_opinion",1,1,1,"Technical",1
"draft_chapter_3_and",1,1,1,"Reference",1
"draft_chapter_4",1,1,1,"Reference",1
"draft_communication_engagement_plan",1,1,1,"Technical",0
"draft_groundwater",1,1,1,"Nonsense",1
"draft_groundwater_sustainability_plan_creation",1,1,1,"Technical",1
"draft_groundwater_sustainability_plan_outreach_meetings",1,1,1,"Technical",1
"draft_groundwater_sustainability_plan_public_comments",1,1,1,"Reference",1
"draft_hydrogeologic_conceptual_model_chapter",1,1,1,"Technical",0
"draft_lines_115116",1,1,1,"Nonsense",1
"draft_lines_1163",1,1,1,"Reference",1
"draft_lines_93",1,1,1,"Reference",1
"draft_projects_and_management_actions_presentation_and_discussion_elisa_garvey",1,1,1,"Nonsense",1
"draft_sustainable_management_criteria_best_management_practice",1,1,1,"Technical",1
"draft_sustainable_management_criteria_best_management_practice_httpswatercagovprogramsgroundwater_management_sustainable_groundwater_management_actgroundwatermanagement_bestmanagementpracticesandguidancedocuments",1,1,1,"District",0
"draft_sustainable_management_criteria_bmp",1,1,1,"Technical",1
"draft_technical_memorandums",1,1,1,"Technical",0
"drain_package",1,1,1,"Technical",1
"drainages",1,1,1,"Natural_Feature",1
"drains",1,1,1,"Natural_Feature",1
"drilled",1,1,1,"Nonsense",1
"drinc_portal_annual_reports",1,1,1,"Technical",0
"drinking",1,1,1,"Nonsense",1
"drinking_uranium",1,1,1,"Nonsense",1
"drinking_water_and_environmental_management",1,1,1,"Group",1
"drinking_water_division_of_state_waterboards",1,1,1,"Group",0
"drinking_water_observation_program",1,1,1,"Technical",1
"drinking_water_source_assessment_and_protection",1,1,1,"Technical",1
"drive",1,1,1,"Nonsense",1
"drought_management_program",1,1,1,"Group",1
"drttj",1,1,1,"Nonsense",1
"duck_stamp",1,1,1,"Nonsense",1
"due",1,1,1,"Nonsense",1
"dune_subbasin",1,1,1,"Basin",0
"dunne_st",1,1,1,"Geographic_Unit",1
"dunnigan_hills_management_area",1,1,1,"Geographic_Unit",0
"duplicate_rs",1,1,1,"Nonsense",1
"dust_control_mitigation_program_project_description_section",1,1,1,"Reference",0
"dutch_slough_restoration_project",1,1,1,"Water_Project",0
"duzel_formation_op_basement",1,1,1,"Natural_Feature",1
"dv",1,1,1,"Nonsense",1
"dwight",1,1,1,"Person",1
"dwsap_program",1,1,1,"Group",1
"dğăŵɖɖƌžăđś",1,1,1,"Nonsense",1
"dğăŵɖɖƌžăđś_lsce",1,1,1,"Nonsense",1
"dğăŵɖɖƌžăđś_lsce_team",1,1,1,"Nonsense",1
"e4",1,1,1,"Nonsense",1
"e523_differences_in_sustainable",1,1,1,"Reference",1
"e_board_of_directors",1,1,1,"Group",0
"e_boat",1,1,1,"Nonsense",1
"e_dual",1,1,1,"Nonsense",1
"e_lindmore_st",1,1,1,"Geographic_Unit",1
"e_the_ebp_subbasin_deep_aquifer",1,1,1,"Natural_Feature",0
"each_groundwater_sustainability_agency_board",1,1,1,"Group",0
"each_management_team_committee",1,1,1,"Group",0
"each_objective",1,1,1,"Nonsense",1
"each_public_workshop",1,1,1,"Group",1
"each_subbasin_management_area",1,1,1,"Geographic_Unit",0
"each_year",1,1,1,"Nonsense",1
"eagle",1,1,1,"Nonsense",1
"eagle_fd",1,1,1,"District",1
"earlimart_public_utilities_district",1,1,1,"District",0
"earth_rotation_service",1,1,1,"Nonsense",1
"east_bay_leadership_council_water_task_force",1,1,1,"Group",1
"east_bay_municipal_utilities",1,1,1,"District",1
"east_bay_municipal_utilities_district",1,1,1,"District",0
"east_bear_creek",1,1,1,"Natural_Feature",0
"east_bear_creek_unit",1,1,1,"District",1
"east_branch",1,1,1,"Natural_Feature",1
"east_branch_aqueduct",1,1,1,"Infrastructure",1
"east_butte",1,1,1,"Geographic_Unit",1
"east_contra_costa_subbasin_communications",1,1,1,"Group",1
"east_palo_alto",1,1,1,"City",0
"east_san_joaquin_river_watershed_coalition",1,1,1,"Group",1
"east_san_joaquin_water_quality_coalition_board_of_directors",1,1,1,"Group",0
"east_side_canal_intake",1,1,1,"District",0
"east_spv",1,1,1,"District",1
"east_stanislaus_regional_water_management_partnership",1,1,1,"Group",1
"east_tulare_villa",1,1,1,"City",0
"east_turlock_subbasin_groundwater_sustainability_agency_agricultural_recharge_project",1,1,1,"Water_Project",0
"east_turlock_subbasin_groundwater_sustainability_agency_project_upland_pipeline_project",1,1,1,"Water_Project",0
"east_turlock_subbasin_groundwater_sustainability_agency_projects",1,1,1,"Water_Project",0
"east_turlock_subbasin_groundwater_sustainability_agency_tac_special_meeting",1,1,1,"Group",1
"east_ukiah",1,1,1,"Geographic_Unit",1
"east_yosemite_ave",1,1,1,"Nonsense",1
"eastern_bvihm",1,1,1,"Data_System",1
"eastern_kern_county_resources_conservation_district",1,1,1,"District",0
"eastern_mountains_limited",1,1,1,"Company",1
"eastern_mountains_subarea",1,1,1,"Geographic_Unit",0
"eastern_san",1,1,1,"Nonsense",1
"eastern_san_2025",1,1,1,"Reference",1
"eastern_san_joaquin_county",1,1,1,"County",0
"eastern_subbasin_cross_section_development_cross",1,1,1,"Reference",0
"eastern_tule_groundwater_sustainability_agency_boundaries_jurisdictional_areas",1,1,1,"Geographic_Unit",0
"eastman_lake",1,1,1,"Natural_Feature",0
"eastside_aquifer_subbasin_groundwater_sustainability_plan",1,1,1,"Technical",0
"eastside_canal_intake",1,1,1,"District",0
"eastside_water_district_as_agency",1,1,1,"Group",0
"eblasts",1,1,1,"Nonsense",1
"ebmud_groundwater_sustainability_agency_board_of_directors",1,1,1,"Group",0
"eclay",1,1,1,"Natural_Feature",0
"economic",1,1,1,"Nonsense",1
"economic_and_social_responsibility",1,1,1,"Nonsense",1
"economic_research_service",1,1,1,"Federal_Gov",0
"ecorp_consulting",1,1,1,"Company",1
"ecosystems",1,1,1,"Natural_Feature",0
"ecuador",1,1,1,"State_Gov",1
"ed",1,1,1,"Nonsense",1
"eda6",1,1,1,"Nonsense",1
"eddie_gallegos",1,1,1,"Person",1
"eddy_teasdale",1,1,1,"Person",1
"edit",1,1,1,"Nonsense",1
"edmunston",1,1,1,"Nonsense",1
"edna_valley_growers_mwc",1,1,1,"District",1
"education_and_outreach_management_actions",1,1,1,"Group",1
"education_and_outreach_management_actions_regular_communication",1,1,1,"Technical",1
"education_and_outreach_wellhead_requirements",1,1,1,"Legal",1
"education_outreach",1,1,1,"Group",1
"educational_materials",1,1,1,"Technical",1
"edward_a_schlotman",1,1,1,"Person",1
"edward_t_henry",1,1,1,"Person",1
"eel_river_groundwater_working_group",1,1,1,"Group",0
"eel_river_valley_basin_intertidal_zone",1,1,1,"Geographic_Unit",0
"efforts",1,1,1,"Nonsense",1
"egypt",1,1,1,"Geographic_Unit",1
"eir",1,1,1,"Nonsense",1
"ekcrcd16",1,1,1,"Nonsense",1
"eki_environment_water",1,1,1,"Nonsense",1
"el",1,1,1,"Nonsense",1
"el_almacenamiento_de_aguas_subterráneas_y_el_progreso_en_la_implementación_del_plan",1,1,1,"Technical",0
"el_bosque_mutual_water_company",1,1,1,"Company",1
"el_capitan_reservoir",1,1,1,"Infrastructure",0
"el_condado_de_napa",1,1,1,"Local_Gov",1
"el_nido_canal_improvement_project",1,1,1,"Water_Project",0
"el_nino_southern_oscillation",1,1,1,"Natural_Feature",1
"el_niño",1,1,1,"Natural_Feature",1
"el_número",1,1,1,"Nonsense",1
"el_peco",1,1,1,"Basin",1
"el_rico_tri_county",1,1,1,"County",0
"el_rincon",1,1,1,"Geographic_Unit",1
"el_rio_del_norte_area_plan",1,1,1,"Technical",0
"el_rio_wellfield",1,1,1,"Infrastructure",1
"el_segundo",1,1,1,"City",0
"el_toro_study",1,1,1,"Reference",1
"el_uso",1,1,1,"Nonsense",1
"electronic_annual_report",1,1,1,"Technical",0
"electronic_water_rights_information_management_system",1,1,1,"Technical",0
"elements_guide_1",1,1,1,"District",0
"elizabeth_kraft",1,1,1,"Person",1
"elk_grove_water_service",1,1,1,"District",1
"elkhorn_property_recharge_project_and",1,1,1,"Water_Project",1
"elkhorn_slough_ecological_reserve",1,1,1,"Natural_Feature",1
"elkhorn_slough_state_marine_conservation_area",1,1,1,"Geographic_Unit",0
"elkhorn_state_marine_reserve",1,1,1,"Natural_Feature",1
"ellestad_trust",1,1,1,"NGO",1
"elrod",1,1,1,"Nonsense",1
"elsinore_hydrologic_area",1,1,1,"Geographic_Unit",0
"elsinore_maximum_benefit_proposal",1,1,1,"Legal",1
"elsinore_subbasin_groundwater_sustainability_plan_development_update_wiersema",1,1,1,"Reference",1
"elsinore_valley_municipal_water_district_integrated_resources_plan",1,1,1,"Technical",0
"ema_citizen_advisory_group",1,1,1,"Group",0
"emerson_creek",1,1,1,"Natural_Feature",0
"emily_m_taylor",1,1,1,"Person",1
"emys",1,1,1,"Nonsense",1
"en_el_condado",1,1,1,"Nonsense",1
"encourages_active_involvement_establishment_of",1,1,1,"Nonsense",1
"energy_llc",1,1,1,"Company",1
"energy_passive_groundwater_recharge_product",1,1,1,"Nonsense",1
"engineers",1,1,1,"Group",1
"engineers_army_corps_of_engineers",1,1,1,"Federal_Gov",1
"enhanced_recycled_water_feasibility_study",1,1,1,"Technical",1
"enhancement_of_pf15j_extension_of",1,1,1,"Nonsense",1
"enterprise_water_management",1,1,1,"District",1
"entre",1,1,1,"Nonsense",1
"environ",1,1,1,"Company",1
"environment_assessments",1,1,1,"Technical",1
"environmental_assessments",1,1,1,"Technical",1
"environmental_awareness",1,1,1,"Nonsense",1
"environmental_community_organizations",1,1,1,"Group",1
"environmental_compliance_specialist",1,1,1,"Person",1
"environmental_defense_fund_and",1,1,1,"NGO",1
"environmental_defense_fund_t10000003428_mw4",1,1,1,"NGO",1
"environmental_groundwater_committee",1,1,1,"Group",0
"environmental_health",1,1,1,"Nonsense",1
"environmental_health_division_of",1,1,1,"Nonsense",1
"environmental_impact",1,1,1,"Legal",0
"environmental_justice",1,1,1,"Legal",1
"environmental_process",1,1,1,"Nonsense",1
"environmental_quality_act_considerations",1,1,1,"District",0
"environmental_quality_act_considerations_development",1,1,1,"District",0
"environmental_quality_act_medium_santa_barbara_county",1,1,1,"County",0
"environmental_quality_act_negative_declaration",1,1,1,"Legal",1
"environmental_quality_act_review_operations_monitoring_management_administration_plan",1,1,1,"Technical",0
"environmental_scientist_settleable_solidsho",1,1,1,"District",0
"environmental_services_cooperative_agreement",1,1,1,"Group",0
"environmental_simulations",1,1,1,"Technical",1
"environmental_utilities_department",1,1,1,"Group",0
"environmental_water_account",1,1,1,"Technical",1
"epworth_gravels_management_area_historical",1,1,1,"Geographic_Unit",1
"equation_2",1,1,1,"Technical",1
"equation_3_1",1,1,1,"Reference",1
"equipment_blanks_collection",1,1,1,"Nonsense",1
"eraut",1,1,1,"Nonsense",1
"eric_brennan",1,1,1,"Person",1
"eric_o_larsen",1,1,1,"Person",1
"eric_quinley",1,1,1,"Person",1
"eric_senter",1,1,1,"Person",1
"eric_swenson",1,1,1,"Person",1
"erickson_ranch",1,1,1,"Nonsense",1
"erik",1,1,1,"Person",1
"erratum",1,1,1,"Nonsense",1
"es15_ensuring_groundwater_conditions_in_the_subbasin41_management_action",1,1,1,"Reference",1
"es16_ensuring_groundwater_conditions_in_the_subbasin43_management_action",1,1,1,"Water_Project",1
"es2_basin",1,1,1,"Basin",0
"es54_group_1_management_action_4",1,1,1,"Nonsense",1
"es7",1,1,1,"Nonsense",1
"es_11_model_discretization",1,1,1,"Technical",0
"es_30_sustainable_management_criteria",1,1,1,"Reference",1
"esi",1,1,1,"Nonsense",1
"esjgwa_board_of_directors",1,1,1,"Group",0
"essential_groundwater_sustainability_plan_planning",1,1,1,"Technical",1
"establish_measurement_of_agricultural_extraction_planning",1,1,1,"Legal",1
"establishing_committees",1,1,1,"Group",0
"establishing_degradation_of_water_quality_measurable_objectives",1,1,1,"Legal",1
"estadísticamente",1,1,1,"Nonsense",1
"estimate",1,1,1,"Nonsense",1
"estimated_annual",1,1,1,"Nonsense",1
"estimated_project",1,1,1,"Water_Project",0
"estimates",1,1,1,"Nonsense",1
"estrada",1,1,1,"Nonsense",1
"estrella_el_pomar_creston_water_district",1,1,1,"Other_GSA",0
"estuary_21",1,1,1,"Natural_Feature",1
"et_2070",1,1,1,"Nonsense",1
"etchegoin_formations",1,1,1,"Natural_Feature",0
"ethylene_dibromide",1,1,1,"District",0
"eugene_camozzi",1,1,1,"Person",1
"european_radar_observatory",1,1,1,"Infrastructure",1
"euthamia",1,1,1,"Natural_Feature",1
"ev04_edna_valley09",1,1,1,"Basin",1
"evaluation_of_basin_optimization_scenarios",1,1,1,"Technical",1
"evaluation_of_multiple_minimum_thresholds",1,1,1,"Technical",1
"evapotranspiration_change_factors",1,1,1,"Technical",1
"evapotranspiration_coefficient",1,1,1,"Technical",1
"evapotranspiration_evapotranspiration",1,1,1,"Technical",1
"evapotranspiration_inputs_daily",1,1,1,"Data_System",1
"evapotranspiration_of_applied_water",1,1,1,"Technical",1
"evelyn_young_spath",1,1,1,"Person",1
"evt_package",1,1,1,"Technical",1
"ew_merritt_farms",1,1,1,"Local_Gov",1
"ewing_et_al",1,1,1,"Reference",1
"ex",1,1,1,"Nonsense",1
"exceedance_pesticide",1,1,1,"District",0
"exceeds",1,1,1,"Nonsense",1
"except",1,1,1,"Nonsense",1
"excess_irrigation",1,1,1,"Nonsense",1
"excess_water_supplies",1,1,1,"Nonsense",1
"exchange_contractors_groundwater_sustainability_plan_group",1,1,1,"Group",0
"excluded",1,1,1,"Nonsense",1
"excluded_20000",1,1,1,"Nonsense",1
"exclusive_agencies",1,1,1,"Group",0
"exclusive_agricultural",1,1,1,"Geographic_Unit",1
"exclusive_agriculture",1,1,1,"Nonsense",1
"executive_committee_regular_meeting_aug",1,1,1,"Group",1
"executive_office",1,1,1,"Group",1
"executive_order",1,1,1,"Legal",1
"executive_order_n2920_effective_n_a_n_a",1,1,1,"Legal",1
"exemptible",1,1,1,"Nonsense",1
"exhibit",1,1,1,"Reference",0
"exhibits_a",1,1,1,"Reference",1
"exhibits_a1",1,1,1,"Reference",1
"existentes",1,1,1,"Nonsense",1
"existing_water_resource_management_programs",1,1,1,"Group",1
"expand_castroville_seawater_intrusion_project",1,1,1,"Water_Project",0
"expand_groundwater_level_and_quality_monitoring",1,1,1,"Technical",0
"expand_use_of",1,1,1,"Nonsense",1
"expanded_basin",1,1,1,"Basin",0
"expansion_delivery_pipeline_project",1,1,1,"Water_Project",0
"expansion_of_the_city_results",1,1,1,"Nonsense",1
"extant_cicindela",1,1,1,"Nonsense",1
"extant_oncorhynchus",1,1,1,"Natural_Feature",1
"extension_farm_advisor",1,1,1,"Local_Gov",1
"extensometers_aquifer",1,1,1,"Natural_Feature",0
"external",1,1,1,"Nonsense",1
"external_communication_external",1,1,1,"Nonsense",1
"external_watershed_pumping",1,1,1,"Nonsense",1
"extraction_facilities",1,1,1,"Infrastructure",1
"extraction_projects",1,1,1,"Water_Project",0
"exxon_mobil",1,1,1,"Company",1
"exxonmobil_et_al",1,1,1,"Company",1
"f_corcoran_clayid_class_2",1,1,1,"District",0
"f_operational",1,1,1,"Nonsense",1
"f_stakeholder_advisory_committees",1,1,1,"Group",0
"fabela_rodriguez",1,1,1,"Person",1
"facebook_instagram",1,1,1,"Company",1
"facies_f_figure",1,1,1,"Reference",0
"facilitation",1,1,1,"Nonsense",1
"facilitation_and_support_services",1,1,1,"Nonsense",1
"facilitation_support_services_program",1,1,1,"Group",1
"facilitation_team",1,1,1,"Group",1
"facilitator_request_committee",1,1,1,"Group",0
"fact_sheets",1,1,1,"Reference",1
"fair_oaks_formation",1,1,1,"Natural_Feature",0
"fair_oaks_water_district_coordination",1,1,1,"Group",1
"falls",1,1,1,"Natural_Feature",1
"fanglomerates",1,1,1,"Natural_Feature",1
"fao_56",1,1,1,"Reference",1
"farber_schreck",1,1,1,"Company",1
"farm_bureau_offices",1,1,1,"Group",1
"farm_evaluation_surveys",1,1,1,"Technical",1
"farm_loan",1,1,1,"Nonsense",1
"farm_package",1,1,1,"Technical",1
"farmers",1,1,1,"Group",1
"farmers_water_district_board_of_directors",1,1,1,"Group",0
"farmers_water_district_groundwater_sustainability_agency_board",1,1,1,"Group",0
"farmers_water_district_recharge_and_recovery",1,1,1,"Water_Project",1
"farmington",1,1,1,"City",0
"farmington_dam",1,1,1,"Infrastructure",0
"farmington_groundwater_recharge_seasonal_habitat_study_final_report",1,1,1,"Technical",0
"farmington_program",1,1,1,"Nonsense",1
"farmland_mapping_and_monitoring_program",1,1,1,"Technical",0
"farmland_mitigation_program_guidelines",1,1,1,"Legal",0
"farmland_preservation",1,1,1,"Legal",1
"farr_et_al_2016",1,1,1,"Reference",1
"fas",1,1,1,"Nonsense",1
"fatima_robinson",1,1,1,"Person",1
"fault",1,1,1,"Natural_Feature",1
"faulting",1,1,1,"Technical",1
"faunt_el_al",1,1,1,"Reference",1
"fax",1,1,1,"Nonsense",1
"fazio_fazio_fazio",1,1,1,"Nonsense",1
"fcgma_groundwater_management_plan_update",1,1,1,"Technical",1
"fcma_mab",1,1,1,"Group",1
"fd_field",1,1,1,"Nonsense",1
"feather_river_pump_station_fish_screen",1,1,1,"Infrastructure",1
"feather_river_pump_station_fish_screen_feasibility_study",1,1,1,"Technical",1
"fed",1,1,1,"Nonsense",1
"federal_agencies_federal",1,1,1,"Federal_Gov",1
"federal_andor_local",1,1,1,"Nonsense",1
"federal_aviation_administration",1,1,1,"Federal_Gov",0
"federal_central_valley_project",1,1,1,"Water_Project",0
"federal_clean_water_act",1,1,1,"Legal",0
"federal_correctional_institution_lompoc",1,1,1,"Infrastructure",1
"federal_entities",1,1,1,"Group",1
"federal_facility_overlay",1,1,1,"Technical",1
"federal_fishery_management_plans",1,1,1,"Technical",0
"federal_government_federal",1,1,1,"Federal_Gov",1
"federal_government_within",1,1,1,"Group",1
"federal_jurisdictions_federal",1,1,1,"Federal_Gov",1
"federal_lands",1,1,1,"Geographic_Unit",1
"federal_level_2",1,1,1,"Nonsense",1
"federal_office",1,1,1,"Federal_Gov",1
"federal_safe_drinking_water_act",1,1,1,"Legal",0
"federal_state",1,1,1,"Nonsense",1
"federal_water_pollution_control_act",1,1,1,"Legal",0
"fee_collection_procedures_law",1,1,1,"Legal",0
"felicia_dan",1,1,1,"Person",1
"fenzel_1972",1,1,1,"Reference",1
"fernald_point_fault",1,1,1,"Natural_Feature",1
"fernbridge_rio_dell_metropolitan",1,1,1,"District",0
"ferro_property_program",1,1,1,"Group",1
"festuca",1,1,1,"Natural_Feature",1
"fi",1,1,1,"Nonsense",1
"field_guide_for_collecting_and_processing_stream_water_samples",1,1,1,"District",0
"field_sampling_guidance_document_1220",1,1,1,"District",0
"field_techniques_for_estimating_water_fluxes_between_surface_water_and",1,1,1,"Technical",1
"fifth_assessment_report",1,1,1,"Technical",0
"figure",1,1,1,"Reference",0
"figure_a2fc17_and_table",1,1,1,"Reference",0
"figures",1,1,1,"Reference",1
"file_extraction_report",1,1,1,"Technical",0
"filed",1,1,1,"Nonsense",1
"filling_efforts",1,1,1,"Nonsense",1
"final_coordination_agreement",1,1,1,"Group",0
"final_feasibility_study",1,1,1,"Technical",1
"finance_and_administration_committee",1,1,1,"Group",0
"finance_and_administration_committee_of_the_board_of_directors",1,1,1,"Group",0
"finance_committee_agency",1,1,1,"Group",0
"fire_safe_councils",1,1,1,"Group",0
"fire_sciences_laboratory",1,1,1,"Technical",1
"firebaugh_intake_canal",1,1,1,"Infrastructure",1
"first",1,1,1,"Nonsense",1
"first_amended_c0mplalnt_for_declaratory_relief_and_petition",1,1,1,"Nonsense",1
"first_amended_complaint_and_petition",1,1,1,"Reference",1
"first_amended_cross_complaint",1,1,1,"Legal",1
"first_appellate_district",1,1,1,"District",0
"fiscal",1,1,1,"Nonsense",1
"fiscal_year",1,1,1,"Nonsense",1
"fish_and_wildlife_service_critical_habitat_mapper",1,1,1,"Data_System",1
"fish_and_wildlife_service_hcp",1,1,1,"Federal_Gov",1
"fish_and_wildlife_service_threatened_endangered_species_active_critical_habitat_report",1,1,1,"Technical",0
"fish_game_cannery_feedlot_and_fish_game",1,1,1,"Nonsense",1
"fish_monitoring",1,1,1,"Technical",0
"fisher_et_al",1,1,1,"Reference",1
"fisheries_species_recovery_grants",1,1,1,"Group",1
"five_creek",1,1,1,"Natural_Feature",0
"flame_ionization_detector",1,1,1,"Technical",1
"fleet_readiness_center_west",1,1,1,"Federal_Gov",1
"fleischmann",1,1,1,"Nonsense",1
"flood_control",1,1,1,"Local_Gov",1
"flood_local_maintenance_areas_and_federal_lands",1,1,1,"Geographic_Unit",1
"flood_managed_aquifer_recharge_feasibility_implementation",1,1,1,"Water_Project",1
"flood_mar_flood_managed_aquifer",1,1,1,"Natural_Feature",0
"flood_plain_deposits",1,1,1,"Natural_Feature",1
"flood_protection",1,1,1,"Group",1
"flood_water",1,1,1,"Natural_Feature",1
"flooded",1,1,1,"Nonsense",1
"floodmarsurface_water_supply",1,1,1,"Nonsense",1
"flournoy",1,1,1,"City",0
"flowinspector_version",1,1,1,"Technical",1
"flows_diversions",1,1,1,"Technical",1
"flows_framework1",1,1,1,"Technical",1
"flows_to_from",1,1,1,"Nonsense",1
"fluvial",1,1,1,"Natural_Feature",1
"flyers",1,1,1,"Nonsense",1
"focus_on_salinity",1,1,1,"Nonsense",1
"focused",1,1,1,"Nonsense",1
"focused_conference",1,1,1,"Group",1
"folsom_project_elements",1,1,1,"Water_Project",1
"folsom_state_recreational_area",1,1,1,"Geographic_Unit",0
"foothill",1,1,1,"Nonsense",1
"foothill_feeder",1,1,1,"Infrastructure",1
"for_ag",1,1,1,"Nonsense",1
"for_distribution_by",1,1,1,"Nonsense",1
"for_pit_river_alliance",1,1,1,"NGO",1
"forebay_forebay_aquifer_subbasin_subbasin",1,1,1,"Basin",0
"forebay_subbasin_groundwater",1,1,1,"Basin",1
"forest_city_corp",1,1,1,"Company",1
"forest_springs",1,1,1,"Natural_Feature",1
"fork_putah_creek",1,1,1,"Natural_Feature",0
"formation_the_napa_county_board_of_supervisors",1,1,1,"Group",0
"formations",1,1,1,"Natural_Feature",0
"formed",1,1,1,"Nonsense",1
"forming_parties_and_participating_parties",1,1,1,"Group",1
"fort_huachuca",1,1,1,"Local_Gov",1
"fort_lewis",1,1,1,"Local_Gov",1
"fort_ord_army_base",1,1,1,"Infrastructure",1
"fort_ord_habitat_management_plan",1,1,1,"Technical",0
"fort_ord_office",1,1,1,"Local_Gov",1
"fort_ord_reuse_authority_board_of_directors",1,1,1,"Group",0
"fort_ord_reuse_group",1,1,1,"Group",0
"fort_ord_wetlands",1,1,1,"Natural_Feature",1
"fortuna_total",1,1,1,"Nonsense",1
"foster_park_riparian_groundwater_dependent_ecosystem",1,1,1,"Natural_Feature",0
"foundation_engineers_inc",1,1,1,"Company",1
"fowler_creek",1,1,1,"Natural_Feature",0
"fox_canyon_drain_stewart_canyon",1,1,1,"Infrastructure",1
"fox_canyon_groundwater_management_agency_act",1,1,1,"Legal",0
"fpbgsa_stakeholder_representation_board",1,1,1,"Group",0
"fr18161220",1,1,1,"Nonsense",1
"franciscan_complex_and_coast_range_ophiolite",1,1,1,"Natural_Feature",1
"franciscan_group",1,1,1,"Group",0
"frank_bergon",1,1,1,"Person",1
"frasier_group",1,1,1,"Group",0
"frates_wells",1,1,1,"Infrastructure",1
"fred_thurman",1,1,1,"Person",1
"freeman_diversion_project",1,1,1,"Water_Project",0
"freemont_cotton",1,1,1,"Nonsense",1
"freeport_regional_water_facility",1,1,1,"Infrastructure",1
"fremming_parson",1,1,1,"Person",1
"frequency_field",1,1,1,"Nonsense",1
"frequently",1,1,1,"Nonsense",1
"freshwater_marsh",1,1,1,"Natural_Feature",1
"fresno_city_council",1,1,1,"Group",0
"fresno_county_2050",1,1,1,"Geographic_Unit",1
"fresno_county_area",1,1,1,"Geographic_Unit",0
"fresno_county_council_of_governments",1,1,1,"Group",1
"fresno_county_kings_county",1,1,1,"County",0
"fresno_county_land",1,1,1,"Geographic_Unit",1
"fresno_county_management_area_a_b",1,1,1,"Geographic_Unit",1
"fresno_county_management_areas_a_b_draft",1,1,1,"Geographic_Unit",1
"fresno_county_pleasant_valley_groundwater_sustainability_agency",1,1,1,"Other_GSA",0
"fresno_county_public_works_and_planning",1,1,1,"Local_Gov",1
"fresno_county_school_outreach",1,1,1,"Group",1
"fresno_county_water_advisory_committee",1,1,1,"Group",0
"fresno_dry_creek",1,1,1,"Natural_Feature",0
"fresno_foundation",1,1,1,"NGO",1
"fresno_id",1,1,1,"District",0
"fresno_metropolitan_flood",1,1,1,"District",1
"fresno_metropolitan_flood_control_district_board",1,1,1,"Group",0
"fresno_metropolitan_flood_control_district_fish_and_wildlife_service_fish_and_wildlife_service",1,1,1,"Nonsense",1
"fresno_metropolitan_flood_control_district_program",1,1,1,"District",1
"fresno_metropolitan_flood_control_district_project_description",1,1,1,"Reference",1
"fresno_river_1",1,1,1,"Natural_Feature",1
"fresno_slough_water",1,1,1,"Natural_Feature",1
"fresno_slough_water_district",1,1,1,"District",0
"friant_contractor",1,1,1,"District",1
"friant_contracts",1,1,1,"Legal",0
"friant_division_central_valleyp_contractor",1,1,1,"Water_Project",1
"friant_division_contractor",1,1,1,"Group",1
"friant_kern_canal_central_valley_project",1,1,1,"Water_Project",0
"friant_kern_canal_pump_back_project",1,1,1,"Water_Project",0
"friant_releases",1,1,1,"Water_Project",1
"friends",1,1,1,"Nonsense",1
"fruitridge_vista",1,1,1,"District",0
"fsc",1,1,1,"Nonsense",1
"fss",1,1,1,"Nonsense",1
"fte_staff_services",1,1,1,"Nonsense",1
"fugro_west_inc",1,1,1,"Company",1
"fully_protected_reliance_on_groundwater",1,1,1,"Legal",1
"fully_protected_reliance_on_groundwater_direct",1,1,1,"Nonsense",1
"future_baseline_and_future_baseline_with_climate_change_i_and_ii",1,1,1,"Reference",1
"future_baseline_with_climate_change_i_and_ii",1,1,1,"Technical",1
"future_baseline_with_climate_change_ii",1,1,1,"Technical",1
"future_city_of",1,1,1,"City",0
"future_conditions",1,1,1,"Reference",1
"future_groundwater_resource_development_simulations_consistent",1,1,1,"Technical",1
"future_groundwater_sustainability_agency_board",1,1,1,"Group",0
"future_management_area_concept_management",1,1,1,"Geographic_Unit",1
"future_monitoring_networks",1,1,1,"Technical",0
"future_operations",1,1,1,"Nonsense",1
"future_pumping_recommendations_in",1,1,1,"Technical",1
"future_water_demand_and_water_supply_options",1,1,1,"Technical",1
"future_wmw",1,1,1,"Nonsense",1
"fveg",1,1,1,"Nonsense",1
"fwua",1,1,1,"District",1
"fwua_appendix_d",1,1,1,"Reference",0
"g3",1,1,1,"Nonsense",1
"g4",1,1,1,"Nonsense",1
"g6",1,1,1,"Nonsense",1
"g_247",1,1,1,"Nonsense",1
"g_docks_h_irrigation",1,1,1,"Nonsense",1
"gabilan_subarea",1,1,1,"Geographic_Unit",0
"gadwall_deep_channel",1,1,1,"Natural_Feature",1
"gadwall_units",1,1,1,"Natural_Feature",1
"gage_800a",1,1,1,"Infrastructure",1
"gage_gap",1,1,1,"Technical",1
"gages_springs",1,1,1,"Natural_Feature",1
"gaging",1,1,1,"Nonsense",1
"gaining",1,1,1,"Nonsense",1
"gains",1,1,1,"Nonsense",1
"galt_waste_water_treatment_plant",1,1,1,"Infrastructure",1
"gap",1,1,1,"Nonsense",1
"gap_filling_efforts",1,1,1,"Technical",1
"gaps",1,1,1,"Nonsense",1
"gaps_analysis",1,1,1,"Technical",1
"gaps_analysis_technical",1,1,1,"Technical",0
"gaps_best_management_practice",1,1,1,"Technical",1
"gardena",1,1,1,"City",0
"gardenas_et_al",1,1,1,"Person",1
"garrison_park",1,1,1,"Geographic_Unit",1
"gary_mickelson",1,1,1,"Person",1
"gary_o",1,1,1,"Person",1
"gary_serrato",1,1,1,"Person",1
"gastelum",1,1,1,"Nonsense",1
"gave",1,1,1,"Nonsense",1
"ge_text",1,1,1,"Nonsense",1
"gei_consultants_et",1,1,1,"Company",1
"general_agricultural",1,1,1,"Nonsense",1
"general_and_associate",1,1,1,"Nonsense",1
"general_board",1,1,1,"Group",0
"general_groundwater_quality_current",1,1,1,"Technical",1
"general_groundwater_sustainability_plan_updates",1,1,1,"Reference",1
"general_head_boundaries",1,1,1,"Technical",1
"general_information_general",1,1,1,"Reference",1
"general_mineral_chemistry",1,1,1,"Technical",1
"general_minerals",1,1,1,"Nonsense",1
"general_outreach_and_audience_mapping_pursuant",1,1,1,"Technical",1
"general_permit",1,1,1,"Legal",1
"general_permits",1,1,1,"Legal",1
"general_plan_and_related_plan_land_use_categories",1,1,1,"Technical",1
"general_plan_conservation_element",1,1,1,"Legal",1
"general_public",1,1,1,"Nonsense",1
"general_wastewater_wastewater_policies",1,1,1,"Legal",0
"general_water_budget",1,1,1,"Technical",1
"general_water_quality",1,1,1,"Technical",1
"general_water_quality_water",1,1,1,"Technical",1
"general_welfare",1,1,1,"Nonsense",1
"generales",1,1,1,"Nonsense",1
"generales_y_los",1,1,1,"Nonsense",1
"geochemical_data",1,1,1,"Technical",0
"geodetic_branch",1,1,1,"District",1
"geographic_information_system_clip",1,1,1,"Data_System",1
"geographic_setting_the_subbasin",1,1,1,"Basin",0
"geoid_3112",1,1,1,"District",0
"geologic_conditions_hotchkiss",1,1,1,"Technical",1
"geologic_cross_sections_three",1,1,1,"Reference",1
"geologic_formations",1,1,1,"Natural_Feature",0
"geologic_mapping_of_surficial_geology_and_faults_surficial",1,1,1,"Technical",1
"geologic_names_committee",1,1,1,"Group",0
"geologic_section_groundwater",1,1,1,"Reference",0
"geologic_setting",1,1,1,"Geographic_Unit",0
"geologic_setting_1",1,1,1,"Reference",1
"geologic_structures_the_yucaipa_subbasin",1,1,1,"Basin",0
"geologic_unit",1,1,1,"Technical",1
"geological_and_structural_setting_the_basin",1,1,1,"Basin",0
"geological_survey_geologic",1,1,1,"Technical",1
"geological_survey_national_hydrography_datasets",1,1,1,"Technical",0
"geological_survey_national_water",1,1,1,"Federal_Gov",1
"geological_survey_nonindigenous_aquatic_species",1,1,1,"Technical",1
"geological_survey_stream_monitoring_network",1,1,1,"Technical",0
"geological_survey_water_supply_paper_no1469",1,1,1,"Reference",1
"geology",1,1,1,"Technical",1
"geology_geologic_data_map_6",1,1,1,"Reference",0
"geology_hydrogeology_the_upper_pressure",1,1,1,"Technical",1
"geology_of_the_fresh_groundwater_basin_of_the_central_valley",1,1,1,"Geographic_Unit",0
"geology_of_the_northern_sacramento_valley_1",1,1,1,"Reference",1
"geology_sierra_valley",1,1,1,"Geographic_Unit",0
"geomatrix_consultants",1,1,1,"Company",1
"geometrics_geode",1,1,1,"Company",1
"geophysical_data_geophysical",1,1,1,"Technical",0
"georgette_seefeldt",1,1,1,"Person",1
"geospatial_dataset",1,1,1,"Technical",0
"geosyntec_board_agenda",1,1,1,"Reference",1
"geosyntec_brown",1,1,1,"Company",1
"geosyntec_consultants_inc",1,1,1,"Company",1
"geotechnical_characterization_report",1,1,1,"Technical",0
"geotracker_data_management_system",1,1,1,"Technical",0
"geotracker_database",1,1,1,"Technical",0
"geotracker_groundwater_ambient_monitoring_and_assessment_program",1,1,1,"Technical",0
"geotracker_regulated_facilities_7",1,1,1,"Data_System",1
"gerald_davis",1,1,1,"Person",1
"gil_spencer",1,1,1,"Person",1
"given",1,1,1,"Nonsense",1
"gk",1,1,1,"Nonsense",1
"glen_avon",1,1,1,"Geographic_Unit",1
"glenn_4_groundwater_authorities",1,1,1,"Group",0
"glenn_artois_community_services_district",1,1,1,"District",0
"glenn_colusa_irrigation",1,1,1,"District",1
"glenn_county_department_of_agriculture_weights_and_measurements",1,1,1,"Local_Gov",1
"glenn_county_drought_taskforce",1,1,1,"Group",1
"glenn_county_environmental_health_department",1,1,1,"Group",0
"glenn_county_general_plans",1,1,1,"Technical",0
"glenn_county_groundwater",1,1,1,"Geographic_Unit",1
"glenn_county_multi_jurisdictional_hmp",1,1,1,"Reference",1
"glenn_county_water_quality_program",1,1,1,"Group",1
"glenn_groundwater_authorities",1,1,1,"Group",0
"glenn_interagency",1,1,1,"Group",0
"glenn_interagency_drought_task_forces",1,1,1,"Group",1
"glenn_knapp",1,1,1,"Person",1
"glenn_subwatershed",1,1,1,"Geographic_Unit",1
"glenn_tehama_county",1,1,1,"County",0
"glenn_valley",1,1,1,"Geographic_Unit",0
"global_marine_drilling_inc",1,1,1,"Company",1
"global_meteoric_water_line",1,1,1,"Natural_Feature",1
"global_positioning_surveys_the",1,1,1,"Technical",1
"globk8",1,1,1,"Nonsense",1
"gmt3",1,1,1,"Nonsense",1
"goal_cf3_action_cf3b",1,1,1,"Nonsense",1
"goals",1,1,1,"Nonsense",1
"gold_gulch",1,1,1,"Natural_Feature",1
"gold_rush",1,1,1,"Nonsense",1
"goleta",1,1,1,"City",0
"gonzales_road",1,1,1,"Infrastructure",1
"gooch",1,1,1,"Nonsense",1
"good_housekeeping",1,1,1,"Nonsense",1
"goodwin_dam",1,1,1,"Infrastructure",0
"google_earth_engine",1,1,1,"Data_System",1
"gorrill_ranch",1,1,1,"Local_Gov",1
"gossage_creek",1,1,1,"Natural_Feature",0
"governance_agencies_briefings_groundwater_sustainability_agency_board",1,1,1,"Group",0
"governance_committee_of_the_buena_vista_groundwater_sustainability_agency",1,1,1,"Other_GSA",0
"governing_body",1,1,1,"Group",1
"government_city_of_seaside",1,1,1,"City",0
"government_code_section_61060",1,1,1,"Reference",0
"government_legislative_cost",1,1,1,"Nonsense",1
"government_public_agencies",1,1,1,"Group",0
"gpd",1,1,1,"Nonsense",1
"gps_gnss_network",1,1,1,"Technical",1
"gps_stations",1,1,1,"Technical",1
"graham",1,1,1,"Nonsense",1
"grandtab",1,1,1,"Nonsense",1
"granite_construction_company",1,1,1,"Company",1
"grant_application",1,1,1,"Nonsense",1
"grant_funding",1,1,1,"Nonsense",1
"grant_program",1,1,1,"Nonsense",1
"grant_review",1,1,1,"Technical",1
"grant_writing",1,1,1,"Nonsense",1
"grantland_area",1,1,1,"Geographic_Unit",0
"grants184",1,1,1,"Nonsense",1
"grapevine_development_scenario",1,1,1,"Nonsense",1
"grassland_environmental_education_center",1,1,1,"Local_Gov",1
"grassland_groundwater_sustainability_agency_advisory_committee",1,1,1,"Group",0
"gravelly_ford_water_district_board_of_directors",1,1,1,"Group",0
"gravelly_ford_water_district_groundwater_sustainability_agency_area",1,1,1,"Geographic_Unit",0
"gravelly_ford_water_district_groundwater_sustainability_agency_board_of_directors",1,1,1,"Group",0
"gravelly_ford_water_executive",1,1,1,"Group",1
"greater_kaweah_groundwater_sustainability_agency_communication_and_engagement_plan",1,1,1,"Technical",0
"greater_monterey_county_integrated_regional_water_management_plan",1,1,1,"Technical",0
"green_building",1,1,1,"Nonsense",1
"green_streets_program",1,1,1,"Water_Project",1
"greenfield_cwd_board_of_directors",1,1,1,"Group",0
"greenwich_meridian",1,1,1,"District",0
"greg_porter",1,1,1,"Person",1
"gregory_l_james",1,1,1,"Person",1
"gridley_road_water_group",1,1,1,"Group",0
"grimes_aquifers",1,1,1,"Natural_Feature",0
"grimes_x",1,1,1,"Nonsense",1
"grimmway_farms",1,1,1,"Company",1
"grolutions_horticultural_landscaping",1,1,1,"Company",1
"grossinger",1,1,1,"Nonsense",1
"ground_elevation_benchmark_network",1,1,1,"Technical",1
"ground_water_protection_list",1,1,1,"Legal",1
"ground_water_resources",1,1,1,"Natural_Feature",1
"ground_water_treatment_systems",1,1,1,"Infrastructure",1
"groundwater_ambient",1,1,1,"Technical",1
"groundwater_ambient_monitoring_and_assessment_geotracker_database",1,1,1,"Technical",0
"groundwater_ambient_monitoring_and_assessment_groundwater_ambient_monitoring_and_assessment_gar_groundwater_assessment_report_ghg_greenhouse_gas_geographic_information_system_geographic_information_system_groundwater_sustainability_agency_groundwater_sustainability_agency",1,1,1,"Other_GSA",0
"groundwater_ambient_monitoring_and_assessment_groundwater_information_system_31",1,1,1,"Technical",0
"groundwater_ambient_monitoring_assessment",1,1,1,"Technical",0
"groundwater_and_multiple_resource_irrigation_planning_study",1,1,1,"Technical",1
"groundwater_assessment_reports",1,1,1,"Technical",0
"groundwater_bank_recovery_wells",1,1,1,"Infrastructure",1
"groundwater_budget",1,1,1,"Technical",1
"groundwater_chemistry_geological_survey",1,1,1,"Technical",1
"groundwater_conditions_and_water_budget_report",1,1,1,"Technical",0
"groundwater_conjunctive_use_project",1,1,1,"Water_Project",0
"groundwater_contamination_investigation_for_central",1,1,1,"Technical",1
"groundwater_data",1,1,1,"Technical",0
"groundwater_data_dashboard",1,1,1,"Group",0
"groundwater_dependent_ecosystem_acreage",1,1,1,"Natural_Feature",1
"groundwater_dependent_ecosystem_area_anlalysis",1,1,1,"Technical",1
"groundwater_dependent_ecosystem_evaluation_unit_vegetation",1,1,1,"Natural_Feature",1
"groundwater_dependent_ecosystem_field_assessment",1,1,1,"Technical",1
"groundwater_dependent_ecosystem_id_138223",1,1,1,"District",0
"groundwater_dependent_ecosystem_id_140053",1,1,1,"District",0
"groundwater_dependent_ecosystem_identification_the_natural_communities",1,1,1,"Group",0
"groundwater_dependent_ecosystem_maps",1,1,1,"Technical",1
"groundwater_dependent_ecosystem_monitoring_data",1,1,1,"Technical",0
"groundwater_dependent_ecosystem_pulse27",1,1,1,"Natural_Feature",1
"groundwater_dependent_ecosystem_type",1,1,1,"Natural_Feature",1
"groundwater_dependent_ecosystem_vegetation_water_supply",1,1,1,"Natural_Feature",1
"groundwater_dependent_ecosystem_vegetation_water_supply_and_demand_sources",1,1,1,"Technical",1
"groundwater_dependent_ecosystems_groundwater",1,1,1,"Natural_Feature",1
"groundwater_dependent_ecosystems_overview",1,1,1,"Technical",1
"groundwater_discharge_recharge",1,1,1,"Technical",1
"groundwater_elevation",1,1,1,"Technical",1
"groundwater_elevation_minimum_thresholds",1,1,1,"Technical",1
"groundwater_elevation_monitoring_guidelines",1,1,1,"Legal",0
"groundwater_evaluation",1,1,1,"Technical",1
"groundwater_extraction_charge",1,1,1,"Legal",1
"groundwater_extraction_data",1,1,1,"Technical",0
"groundwater_extraction_information_accurate",1,1,1,"Technical",1
"groundwater_extraction_monitoring_system",1,1,1,"Technical",0
"groundwater_extraction_reports",1,1,1,"Technical",0
"groundwater_guardian_communities",1,1,1,"Group",0
"groundwater_hydrology",1,1,1,"Technical",1
"groundwater_leadership_forum",1,1,1,"Group",1
"groundwater_level_minimum_threshold",1,1,1,"Technical",1
"groundwater_level_monitoring_data_gaps",1,1,1,"Technical",0
"groundwater_level_monitoring_sierra_valleygmd",1,1,1,"Technical",0
"groundwater_level_network",1,1,1,"Technical",1
"groundwater_level_quality_assurance",1,1,1,"Technical",1
"groundwater_level_sustainability_measurable_criteria",1,1,1,"Technical",1
"groundwater_levels_and",1,1,1,"Nonsense",1
"groundwater_levels_and_storage_monitoring_network",1,1,1,"Technical",0
"groundwater_levels_next",1,1,1,"Technical",1
"groundwater_management_and_planning_act",1,1,1,"Legal",0
"groundwater_management_areas",1,1,1,"Geographic_Unit",0
"groundwater_management_plan_groundwater_management_plan",1,1,1,"Technical",0
"groundwater_management_zones",1,1,1,"Geographic_Unit",0
"groundwater_mining_and_export_ordinance_10",1,1,1,"Legal",1
"groundwater_mining_and_export_ordinance_of_merced_county",1,1,1,"County",0
"groundwater_model_components",1,1,1,"Technical",0
"groundwater_monitoring",1,1,1,"Technical",0
"groundwater_monitoring_protocol",1,1,1,"Technical",0
"groundwater_monitoring_protocols",1,1,1,"Technical",0
"groundwater_monitoring_report",1,1,1,"Technical",0
"groundwater_outreach_brochure",1,1,1,"Reference",1
"groundwater_overdraft",1,1,1,"Natural_Feature",1
"groundwater_planning_commission_policy",1,1,1,"Legal",0
"groundwater_pumping_agricultural",1,1,1,"Nonsense",1
"groundwater_pumping_and_agricultural_land",1,1,1,"Technical",1
"groundwater_pumping_for_municipal_and_industrial",1,1,1,"Technical",1
"groundwater_quality_analysis",1,1,1,"Technical",1
"groundwater_quality_constituents",1,1,1,"Technical",1
"groundwater_quality_data",1,1,1,"Technical",0
"groundwater_quality_data_gaps_groundwater",1,1,1,"Technical",0
"groundwater_quality_data_water",1,1,1,"Technical",0
"groundwater_quality_groundwater_levels",1,1,1,"Technical",1
"groundwater_quality_issues",1,1,1,"Technical",1
"groundwater_quality_local_groundwater_quality_monitoring",1,1,1,"Technical",0
"groundwater_quality_management_plans",1,1,1,"Technical",0
"groundwater_quality_monitoring_groundwater",1,1,1,"Technical",0
"groundwater_quality_selected_constituents_maps",1,1,1,"Technical",1
"groundwater_quality_summary_information",1,1,1,"Natural_Feature",0
"groundwater_quality_water",1,1,1,"Natural_Feature",1
"groundwater_recharge_and_recovery_category",1,1,1,"Technical",1
"groundwater_recharge_projects",1,1,1,"Water_Project",0
"groundwater_resource_advisory_committee",1,1,1,"Group",0
"groundwater_resource_information",1,1,1,"Natural_Feature",0
"groundwater_resources_hub_environmental_surface_water_benecifical_users",1,1,1,"Group",1
"groundwater_resources_information_sharing_team",1,1,1,"Group",1
"groundwater_return",1,1,1,"Technical",1
"groundwater_service_program",1,1,1,"Group",1
"groundwater_stakeholder_survey",1,1,1,"Technical",1
"groundwater_storage_change",1,1,1,"Technical",1
"groundwater_storage_measurable_objective",1,1,1,"Technical",1
"groundwater_storage_monitoring_data_gaps_accurate",1,1,1,"Technical",0
"groundwater_storage_supplement",1,1,1,"Legal",1
"groundwater_storage_sustainable_management_criteria",1,1,1,"Legal",1
"groundwater_study",1,1,1,"Technical",1
"groundwater_supply_availability_study",1,1,1,"Technical",1
"groundwater_supply_depletion_water_level_threshold",1,1,1,"Technical",1
"groundwater_surface_water_model_of_the",1,1,1,"Technical",0
"groundwater_sustainability_act",1,1,1,"Legal",0
"groundwater_sustainability_agency_administration_and_public_outreach",1,1,1,"Group",1
"groundwater_sustainability_agency_adoption",1,1,1,"Legal",1
"groundwater_sustainability_agency_agency",1,1,1,"Group",0
"groundwater_sustainability_agency_alternate_representatives",1,1,1,"Group",1
"groundwater_sustainability_agency_board_evaluation_reports",1,1,1,"Technical",0
"groundwater_sustainability_agency_board_of_directors_supervisors",1,1,1,"Group",1
"groundwater_sustainability_agency_board_the_evaluation_report",1,1,1,"Technical",0
"groundwater_sustainability_agency_boards_or_councils",1,1,1,"Group",0
"groundwater_sustainability_agency_boundaries",1,1,1,"Geographic_Unit",1
"groundwater_sustainability_agency_california",1,1,1,"State_Gov",0
"groundwater_sustainability_agency_cga",1,1,1,"Group",1
"groundwater_sustainability_agency_coordination_activities",1,1,1,"Group",1
"groundwater_sustainability_agency_coordination_and_governance_the_sutter_subbasin",1,1,1,"Basin",0
"groundwater_sustainability_agency_coordination_committee",1,1,1,"Group",0
"groundwater_sustainability_agency_description",1,1,1,"Reference",1
"groundwater_sustainability_agency_education",1,1,1,"Technical",1
"groundwater_sustainability_agency_eligible_agencies",1,1,1,"Group",0
"groundwater_sustainability_agency_formation",1,1,1,"Natural_Feature",0
"groundwater_sustainability_agency_formation_agreements_and_collaboration_agreements",1,1,1,"Group",0
"groundwater_sustainability_agency_formation_and_coordination",1,1,1,"Legal",1
"groundwater_sustainability_agency_formation_and_coordination_during_phase",1,1,1,"Group",1
"groundwater_sustainability_agency_groundwater_level",1,1,1,"Technical",1
"groundwater_sustainability_agency_groundwater_sustainability_agency",1,1,1,"Other_GSA",0
"groundwater_sustainability_agency_implementation_annual_reports",1,1,1,"Technical",0
"groundwater_sustainability_agency_implementation_figure",1,1,1,"Reference",0
"groundwater_sustainability_agency_july_7_2017",1,1,1,"Group",1
"groundwater_sustainability_agency_management_enforcement",1,1,1,"Group",1
"groundwater_sustainability_agency_managers_group",1,1,1,"Group",0
"groundwater_sustainability_agency_operations_administration",1,1,1,"Group",1
"groundwater_sustainability_agency_project_manager",1,1,1,"Person",1
"groundwater_sustainability_agency_public_live_event",1,1,1,"Group",1
"groundwater_sustainability_agency_representatives_and_alternative_representatives",1,1,1,"Group",1
"groundwater_sustainability_agency_standing_committees",1,1,1,"Group",0
"groundwater_sustainability_agency_sustainability_goalma_portal",1,1,1,"Data_System",1
"groundwater_sustainability_agency_technical_team",1,1,1,"Technical",0
"groundwater_sustainability_agency_updates",1,1,1,"Technical",1
"groundwater_sustainability_agency_website_date",1,1,1,"Technical",1
"groundwater_sustainability_authority",1,1,1,"Group",0
"groundwater_sustainability_basin_prioritization",1,1,1,"Technical",1
"groundwater_sustainability_committee_chair",1,1,1,"Person",1
"groundwater_sustainability_department",1,1,1,"Group",0
"groundwater_sustainability_operations",1,1,1,"Nonsense",1
"groundwater_sustainability_plan_3584",1,1,1,"Reference",1
"groundwater_sustainability_plan_391_incorporation",1,1,1,"Legal",1
"groundwater_sustainability_plan_administrator",1,1,1,"Group",1
"groundwater_sustainability_plan_adoption_meeting",1,1,1,"Reference",1
"groundwater_sustainability_plan_adoption_process",1,1,1,"Technical",1
"groundwater_sustainability_plan_advisory_committee_and_future_advisory_work_group",1,1,1,"Group",0
"groundwater_sustainability_plan_advisory_committee_department_of_fish_and_wildlife",1,1,1,"Group",1
"groundwater_sustainability_plan_alternative_submittal",1,1,1,"Reference",1
"groundwater_sustainability_plan_annotated_outline_guidance_document",1,1,1,"District",0
"groundwater_sustainability_plan_annual_report",1,1,1,"Technical",0
"groundwater_sustainability_plan_annual_report_elements_guide_template",1,1,1,"Technical",0
"groundwater_sustainability_plan_annual_report_overview",1,1,1,"Technical",0
"groundwater_sustainability_plan_area",1,1,1,"Geographic_Unit",0
"groundwater_sustainability_plan_board",1,1,1,"Group",0
"groundwater_sustainability_plan_chapter_review_process",1,1,1,"Technical",1
"groundwater_sustainability_plan_city",1,1,1,"Nonsense",1
"groundwater_sustainability_plan_comment_committee",1,1,1,"Group",0
"groundwater_sustainability_plan_consultants",1,1,1,"Group",1
"groundwater_sustainability_plan_consultants_a",1,1,1,"Group",1
"groundwater_sustainability_plan_content",1,1,1,"Nonsense",1
"groundwater_sustainability_plan_content_review",1,1,1,"Technical",1
"groundwater_sustainability_plan_development_process",1,1,1,"Technical",1
"groundwater_sustainability_plan_development_water_forum",1,1,1,"Group",1
"groundwater_sustainability_plan_draft",1,1,1,"Reference",1
"groundwater_sustainability_plan_emergency_regulations_guide_2",1,1,1,"District",0
"groundwater_sustainability_plan_emergency_regulations_regulations",1,1,1,"Legal",0
"groundwater_sustainability_plan_emergency_regulations_section_3536",1,1,1,"Reference",0
"groundwater_sustainability_plan_financing",1,1,1,"Technical",1
"groundwater_sustainability_plan_goal",1,1,1,"Reference",1
"groundwater_sustainability_plan_groundwater",1,1,1,"Nonsense",1
"groundwater_sustainability_plan_implementation_ad_hoc_committee",1,1,1,"Group",0
"groundwater_sustainability_plan_implementation_and_funding_costs",1,1,1,"Reference",1
"groundwater_sustainability_plan_implementation_budget",1,1,1,"Technical",1
"groundwater_sustainability_plan_implementation_components",1,1,1,"Technical",1
"groundwater_sustainability_plan_implementation_funding",1,1,1,"Legal",1
"groundwater_sustainability_plan_implementation_funds_development",1,1,1,"Technical",1
"groundwater_sustainability_plan_implementation_program",1,1,1,"Group",1
"groundwater_sustainability_plan_implementation_support_activity",1,1,1,"Group",1
"groundwater_sustainability_plan_joint_implementation_activities_implementation",1,1,1,"Technical",1
"groundwater_sustainability_plan_manager",1,1,1,"Person",1
"groundwater_sustainability_plan_monitoring_field_lead",1,1,1,"Technical",0
"groundwater_sustainability_plan_monitoring_program",1,1,1,"Technical",0
"groundwater_sustainability_plan_objectives_the_riverside_arlington_groundwater_subbasin",1,1,1,"Basin",0
"groundwater_sustainability_plan_outreach",1,1,1,"Group",1
"groundwater_sustainability_plan_outreach_strategies",1,1,1,"Technical",1
"groundwater_sustainability_plan_preparation",1,1,1,"Technical",1
"groundwater_sustainability_plan_public_notice_and_adoption",1,1,1,"Reference",1
"groundwater_sustainability_plan_public_workshop",1,1,1,"Group",1
"groundwater_sustainability_plan_purpose",1,1,1,"Reference",1
"groundwater_sustainability_plan_quality_assurance",1,1,1,"Technical",1
"groundwater_sustainability_plan_related",1,1,1,"Nonsense",1
"groundwater_sustainability_plan_review_and",1,1,1,"Nonsense",1
"groundwater_sustainability_plan_review_and_evaluation",1,1,1,"Technical",1
"groundwater_sustainability_plan_review_draft",1,1,1,"Reference",1
"groundwater_sustainability_plan_review_process_comments",1,1,1,"Reference",1
"groundwater_sustainability_plan_section_2",1,1,1,"Reference",0
"groundwater_sustainability_plan_section_87",1,1,1,"Reference",0
"groundwater_sustainability_plan_section_9",1,1,1,"Reference",0
"groundwater_sustainability_plan_studies",1,1,1,"Technical",1
"groundwater_sustainability_plan_study",1,1,1,"Technical",1
"groundwater_sustainability_plan_subbasin",1,1,1,"Basin",0
"groundwater_sustainability_plan_subbasin_planning_committee",1,1,1,"Group",0
"groundwater_sustainability_plan_submittal_guidance",1,1,1,"District",0
"groundwater_sustainability_plan_valley_advisory_committee",1,1,1,"Group",0
"groundwater_sustainability_planning_process",1,1,1,"Nonsense",1
"groundwater_sustainable_plan_advisory_committee",1,1,1,"Group",0
"groundwater_sustainable_plans",1,1,1,"Technical",0
"groundwater_technical_assistance_network",1,1,1,"Technical",0
"groundwater_trend_monitoring_plan",1,1,1,"Technical",0
"groundwater_user_information_data_exchange",1,1,1,"Technical",0
"groundwaters_protection_areas_department_of_pesticide_regulation",1,1,1,"Legal",0
"group_1_scenario",1,1,1,"Nonsense",1
"group_1_scenarios",1,1,1,"Group",1
"group_3_project",1,1,1,"Water_Project",0
"group_representatives",1,1,1,"Group",1
"groups_1_and_2",1,1,1,"Group",1
"grover_junction",1,1,1,"Nonsense",1
"grow",1,1,1,"Nonsense",1
"grower_multi_agency",1,1,1,"Group",0
"grower_shipper_association_of_central_california",1,1,1,"State_Gov",0
"growers",1,1,1,"Group",1
"gsa10119",1,1,1,"Group",1
"gsa_description",1,1,1,"Reference",1
"gsa_organization",1,1,1,"Group",1
"gsflow_model_development_calibration",1,1,1,"Technical",0
"gslfow",1,1,1,"Nonsense",1
"gspa",1,1,1,"Nonsense",1
"gss",1,1,1,"Nonsense",1
"gssi_model",1,1,1,"Technical",0
"gtmps",1,1,1,"Nonsense",1
"gu0588_f",1,1,1,"Basin",1
"gu0753",1,1,1,"Basin",1
"guadalupe_rivera",1,1,1,"Natural_Feature",1
"guidelines_and_standard_procedures_for_continuous_water_quality_monitors",1,1,1,"Technical",0
"guidelines_responsibilities_board_of_directors_board",1,1,1,"Group",0
"guiding_principles_and_communication_and_engagement",1,1,1,"District",0
"gulling",1,1,1,"Nonsense",1
"guzman",1,1,1,"Nonsense",1
"gw_banking",1,1,1,"Technical",1
"gw_committee",1,1,1,"Group",0
"gw_conditions",1,1,1,"Technical",1
"gw_extrac",1,1,1,"Nonsense",1
"gw_management_plan_objectives",1,1,1,"Nonsense",1
"gw_recharge_gw_extraction",1,1,1,"Technical",1
"gwac",1,1,1,"Group",1
"gwf",1,1,1,"Nonsense",1
"gwpas",1,1,1,"Nonsense",1
"gws_water_budget_analysis",1,1,1,"Technical",1
"gyrinidae",1,1,1,"District",0
"h7",1,1,1,"Nonsense",1
"h_alyson",1,1,1,"Person",1
"h_g_thomasson",1,1,1,"Person",1
"h_i",1,1,1,"Nonsense",1
"h_notices",1,1,1,"Nonsense",1
"h_sources",1,1,1,"Nonsense",1
"h_st",1,1,1,"Nonsense",1
"hadley_and",1,1,1,"Nonsense",1
"hadsville_creek",1,1,1,"Natural_Feature",0
"hagman",1,1,1,"Nonsense",1
"haley_k_ryan",1,1,1,"Person",1
"hamilton_city_cal_water",1,1,1,"District",1
"hamilton_city_ranch_farm_cleanup_program_site",1,1,1,"Infrastructure",1
"hamilton_city_with",1,1,1,"Nonsense",1
"hammil",1,1,1,"Nonsense",1
"hannah_ranch_flood_control_project",1,1,1,"Water_Project",0
"hanson_and",1,1,1,"Nonsense",1
"happy_creek",1,1,1,"Natural_Feature",0
"hardwood_subdivision_of_dunnigan",1,1,1,"Geographic_Unit",1
"harlan_creek",1,1,1,"Natural_Feature",0
"harlan_project",1,1,1,"Water_Project",0
"harmon_barrancas",1,1,1,"Person",1
"harris_farms",1,1,1,"Company",1
"harris_ranch_inn_restaurant",1,1,1,"Nonsense",1
"harter_et_al",1,1,1,"Reference",1
"harter_t",1,1,1,"Person",1
"hartling",1,1,1,"Nonsense",1
"harvest_water_project",1,1,1,"Water_Project",0
"has_units_data",1,1,1,"Technical",0
"hasps",1,1,1,"Nonsense",1
"hathaway_law_firm",1,1,1,"Company",1
"haven_court_ca",1,1,1,"Geographic_Unit",1
"hayward_city_council",1,1,1,"Group",0
"hayward_groundwater_sustainability_agency_board",1,1,1,"Group",0
"hayward_groundwater_sustainability_agency_board_of_directors",1,1,1,"Group",0
"hayward_project_financing_pursuant",1,1,1,"Legal",1
"hayward_well_d_on",1,1,1,"Infrastructure",1
"hb",1,1,1,"Nonsense",1
"hdr",1,1,1,"Company",1
"head_boundary",1,1,1,"Technical",1
"headrick",1,1,1,"Nonsense",1
"health_and_safety",1,1,1,"Legal",1
"health_and_safety_tuolumne",1,1,1,"Nonsense",1
"heather_bashian",1,1,1,"Person",1
"hebdon_electronics_et_al",1,1,1,"Nonsense",1
"hebron",1,1,1,"Geographic_Unit",1
"heidi_bauer",1,1,1,"District",0
"helen_k",1,1,1,"Person",1
"hello_eric",1,1,1,"Nonsense",1
"hemet_basin",1,1,1,"Basin",0
"hemet_groundwater_management",1,1,1,"District",1
"hemet_san_jacinto_groundwater",1,1,1,"Basin",1
"hemet_san_jacinto_water_management_plan",1,1,1,"Technical",0
"henry_miller_water_district_board_of_directors",1,1,1,"Group",0
"heptachlor",1,1,1,"Nonsense",1
"heptachlor_epoxide",1,1,1,"District",0
"hercules_powder_company",1,1,1,"District",0
"heritage_oaks_equestrian_community_specific_plan",1,1,1,"Technical",0
"heritage_ranch_committee",1,1,1,"Group",0
"hermon_south_scotts_valley",1,1,1,"Geographic_Unit",0
"hexavalent_chromium",1,1,1,"Natural_Feature",1
"hexavalent_chromium_maximum_contaminant_level",1,1,1,"Legal",1
"hg",1,1,1,"Nonsense",1
"hgl",1,1,1,"Nonsense",1
"hhoooooommmmmm_hhoooooommmmmm",1,1,1,"Nonsense",1
"hidden_dam_and",1,1,1,"District",0
"high",1,1,1,"Nonsense",1
"high_medium",1,1,1,"Nonsense",1
"high_speed_rail_project",1,1,1,"Water_Project",0
"highland_economics",1,1,1,"Company",1
"highways",1,1,1,"Infrastructure",1
"hill",1,1,1,"Natural_Feature",1
"hill_canyon_wwtp",1,1,1,"Infrastructure",1
"hills_valley_irrigation_district_hills_valley_irrigation_district",1,1,1,"District",0
"hillside_water_company",1,1,1,"District",0
"hilmar_cheese_company",1,1,1,"Company",1
"hilmar_community_plan",1,1,1,"Technical",0
"hilton_creek_watering_system",1,1,1,"Infrastructure",1
"himalayan_species",1,1,1,"Natural_Feature",1
"hinebaugh_creek",1,1,1,"Natural_Feature",0
"historic_line",1,1,1,"Nonsense",1
"historic_low_wl",1,1,1,"Technical",1
"historic_low_wl_historic_low_wl",1,1,1,"Technical",1
"historic_water_budget",1,1,1,"Technical",1
"historical_conditions_water_budget",1,1,1,"Technical",1
"historical_data_review_conclusions",1,1,1,"Technical",0
"historical_local_supplies_local",1,1,1,"Technical",1
"historical_model_heidi",1,1,1,"Technical",0
"history_sutherland_reservoir",1,1,1,"Infrastructure",0
"histosols",1,1,1,"Natural_Feature",1
"hl",1,1,1,"Nonsense",1
"hmx",1,1,1,"Nonsense",1
"hmx_octogen",1,1,1,"Nonsense",1
"hnrg",1,1,1,"Nonsense",1
"hoboware_pro",1,1,1,"Technical",1
"hodges",1,1,1,"Nonsense",1
"hodges_reservoir_surface",1,1,1,"Infrastructure",1
"holland",1,1,1,"Nonsense",1
"hollister_area_subbasin",1,1,1,"Basin",0
"hollister_subbasin_portions",1,1,1,"Geographic_Unit",1
"holly_field",1,1,1,"Natural_Feature",1
"holmes_street",1,1,1,"Nonsense",1
"holocene_alluvium",1,1,1,"Natural_Feature",0
"holthouse_wd",1,1,1,"District",0
"home",1,1,1,"Nonsense",1
"home_garden_community_services_district_home_garden_csd",1,1,1,"District",1
"hon",1,1,1,"Nonsense",1
"hopkins_geologic_cross",1,1,1,"Technical",1
"hopkins_study",1,1,1,"Reference",1
"hopland_valley",1,1,1,"Geographic_Unit",0
"horizon_water_and_environment_for",1,1,1,"NGO",1
"horst",1,1,1,"Natural_Feature",1
"horton_brothers",1,1,1,"Company",1
"hortonian",1,1,1,"Nonsense",1
"hospital_atascadero_state_hospital",1,1,1,"Infrastructure",1
"household_supply",1,1,1,"Nonsense",1
"how_was",1,1,1,"Nonsense",1
"how_will_be_accomplished",1,1,1,"Nonsense",1
"howard",1,1,1,"Nonsense",1
"howard_j",1,1,1,"Person",1
"howard_road",1,1,1,"Nonsense",1
"however",1,1,1,"Nonsense",1
"htp",1,1,1,"Nonsense",1
"httpsdwrmapsarcgiscomappswebappviewerindexhtmlid181078580a214c0986e2da28f862",1,1,1,"District",0
"httpsdwrmapsarcgiscomappswebappviewerindexhtmlid181078580a214c0986e2da28f8623b37",1,1,1,"District",0
"httpsnwiswaterdatausgsgovcanwiswys_rptsite_no11456000agency_cdusgs_united_states_fish_and_wildlife_service",1,1,1,"Technical",0
"httpswatercagovlibrarymodelingand_analysis_modeling_platforms_integrated_water_flow_model_demand_calculator",1,1,1,"Technical",0
"httpswatercagovprogramsstatewater_project_water_quality_discrete_grab_samples",1,1,1,"Technical",1
"httpswdlwatercagov",1,1,1,"District",0
"httpswwdcagovaboutwestlandsadditional",1,1,1,"District",0
"httpswwdcagovwatermanagementgroundwater",1,1,1,"District",0
"httpswwwcomontereycaushomeshowpublisheddocument87229637177055290800000_43",1,1,1,"Nonsense",1
"httpswwwsandiegocountygovcontentsdcpdssgmasanpasqualvalleyhtml",1,1,1,"Nonsense",1
"httpswwwtejoncastacwdcom",1,1,1,"District",0
"httpswwwyologroundwaterorg",1,1,1,"Nonsense",1
"httpwwwunitedwaterorgimagesstoriesreportsgwconditionsreports201320gw20and20sw20conditions20report20_groundwater_united_water_conservation_district",1,1,1,"District",0
"huang",1,1,1,"Person",1
"hubbs_miner_ditch_company",1,1,1,"Company",1
"huer",1,1,1,"Nonsense",1
"hugh_baber_lane",1,1,1,"Nonsense",1
"huhtamaki",1,1,1,"Company",1
"human_resources_and_county",1,1,1,"County",0
"human_right_to",1,1,1,"Legal",1
"human_right_to_water_framework_and",1,1,1,"Legal",1
"humberto_izquierdo",1,1,1,"Person",1
"humboldt_association",1,1,1,"NGO",1
"humboldt_coimty_department_of",1,1,1,"Nonsense",1
"humboldt_cotmty_department_of",1,1,1,"Nonsense",1
"humboldt_county_department_ofpublic_works",1,1,1,"Local_Gov",1
"humboldt_county_general_fund",1,1,1,"Local_Gov",1
"humboldt_county_groundwater_sustainability_agency_board_directors",1,1,1,"Group",1
"huntington",1,1,1,"Geographic_Unit",1
"hunts",1,1,1,"Nonsense",1
"hurlbut_road_well",1,1,1,"Infrastructure",1
"huron_land",1,1,1,"Local_Gov",1
"hutton",1,1,1,"Nonsense",1
"hwg_chapter_5",1,1,1,"Reference",1
"hwy",1,1,1,"Nonsense",1
"hyatt",1,1,1,"Nonsense",1
"hydraulic_conductivities_hydraulic",1,1,1,"Technical",1
"hydraulic_conductivity",1,1,1,"Technical",1
"hydraulic_conductivity_aquifer",1,1,1,"Natural_Feature",0
"hydraulic_heads_for",1,1,1,"Nonsense",1
"hydraulically_disconnected",1,1,1,"Nonsense",1
"hydrogeologic_conceptual_model_and_groundwater_conditions",1,1,1,"Technical",0
"hydrogeologic_conceptual_model_consistent",1,1,1,"Technical",0
"hydrogeologic_conceptual_model_data_gaps_data",1,1,1,"Technical",0
"hydrogeologic_conceptual_model_for_the_subbasin",1,1,1,"Basin",0
"hydrogeologic_conceptual_model_groundwater_conditions",1,1,1,"Technical",0
"hydrogeologic_conceptual_model_groundwater_conditions_c",1,1,1,"Technical",0
"hydrogeologic_conceptual_model_of_the_basin",1,1,1,"Basin",0
"hydrogeologic_conceptual_model_regional_geologic_and",1,1,1,"Technical",0
"hydrogeologic_conceptual_model_section_22",1,1,1,"Reference",0
"hydrogeologic_conceptual_model_the_hydrogeologic_conceptual_model",1,1,1,"Technical",0
"hydrogeologic_controls_and_geochemical_indicators_of_groundwater_movement",1,1,1,"Technical",1
"hydrogeologic_description",1,1,1,"Reference",1
"hydrogeologic_framework",1,1,1,"Technical",1
"hydrogeologic_framework_sierra_valley",1,1,1,"Geographic_Unit",0
"hydrogeologic_information",1,1,1,"Natural_Feature",0
"hydrogeologic_subbasin",1,1,1,"Basin",0
"hydrogeologic_technical_memorandum",1,1,1,"Technical",0
"hydrogeologic_understanding_of_the",1,1,1,"Technical",1
"hydrogeologic_units",1,1,1,"Geographic_Unit",1
"hydrogeologic_zones",1,1,1,"Geographic_Unit",0
"hydrogeologic_zones_coordination",1,1,1,"Group",1
"hydrogeology_hydrology_geology",1,1,1,"Technical",1
"hydrogeology_study_of_yuba_goldfields_phase_ii_report",1,1,1,"Technical",0
"hydrographs_appendix_d",1,1,1,"Reference",0
"hydrographs_upstream",1,1,1,"Technical",1
"hydrography_dataset",1,1,1,"Technical",0
"hydrolog_ic_reso",1,1,1,"Nonsense",1
"hydrologic",1,1,1,"Nonsense",1
"hydrologic_conceptual_model_technical_memorandum",1,1,1,"Technical",0
"hydrologic_data_webpage",1,1,1,"Technical",0
"hydrologic_soil_group_c",1,1,1,"Technical",1
"hydrologic_soils_groups",1,1,1,"Group",0
"hydrological_engineers",1,1,1,"Group",1
"hydrological_simulation_program",1,1,1,"Technical",1
"hydrology_and_water_quality",1,1,1,"Technical",1
"hydrology_model_stream",1,1,1,"Technical",0
"hydrology_water_quality_climate_change",1,1,1,"Technical",1
"hyperion_2035",1,1,1,"Water_Project",1
"i_census_places_x_1_page",1,1,1,"Reference",0
"i_description_and_background_of_the_eel_river_valley_basin",1,1,1,"Basin",0
"i_development",1,1,1,"Nonsense",1
"i_groups",1,1,1,"Group",0
"i_hicham_eltal",1,1,1,"Nonsense",1
"i_purpose_of_report",1,1,1,"Technical",0
"i_salinas_valley_basingsa",1,1,1,"Other_GSA",0
"i_site",1,1,1,"Technical",1
"i_woodard_curran",1,1,1,"Company",1
"ibid260",1,1,1,"District",0
"icp_us_environmental_protection_agency",1,1,1,"Group",0
"ics",1,1,1,"Nonsense",1
"id4_service_area",1,1,1,"Geographic_Unit",0
"id4_uwmp",1,1,1,"District",0
"identi",1,1,1,"District",0
"identification_of_interconnected_surface_water_bodies_figure",1,1,1,"Reference",0
"identify",1,1,1,"District",0
"identify_management_area_outreach",1,1,1,"District",0
"igs_department_of_rehabilitationis",1,1,1,"Nonsense",1
"ii",1,1,1,"Nonsense",1
"ii_central_valleyp_contractor_variable_name",1,1,1,"Nonsense",1
"iiic_depth_to_walari",1,1,1,"Technical",1
"ikes_harris_muskgrave",1,1,1,"Person",1
"ill",1,1,1,"Nonsense",1
"illegal_diversions_account",1,1,1,"Data_System",1
"ilof",1,1,1,"Nonsense",1
"image_classification",1,1,1,"Nonsense",1
"immigration_and_customs_enforcement",1,1,1,"Federal_Gov",0
"impact_sciences",1,1,1,"Company",1
"imperial_1996_commission",1,1,1,"Group",0
"imperial_college_london",1,1,1,"Nonsense",1
"imperial_counties",1,1,1,"Local_Gov",1
"imperial_valley",1,1,1,"Geographic_Unit",0
"implement",1,1,1,"Nonsense",1
"implement_project_and_management_actions",1,1,1,"Technical",1
"implement_projects_and_management_actions",1,1,1,"Technical",1
"implementation3",1,1,1,"Nonsense",1
"implementation_221_piezometer_construction_equipment_installation_site_commissioning_and_maintenance",1,1,1,"Technical",1
"implementation_a_managed_aquifer_recharge_project",1,1,1,"Water_Project",0
"implementation_cost_estimate",1,1,1,"Reference",1
"implementation_medium",1,1,1,"Nonsense",1
"implementation_mullin_area_groundwater_sustainability_agency_plan_implementation_schedule",1,1,1,"Technical",1
"implementation_of_land_use_plans_outside",1,1,1,"District",0
"implementation_planning",1,1,1,"Nonsense",1
"implementation_plans",1,1,1,"Technical",0
"implementation_research",1,1,1,"Technical",1
"implementation_timetable",1,1,1,"Reference",1
"implementation_timing_criteria_accrual_for_implementation_of_benefits",1,1,1,"Legal",1
"implemented_capital_cost_benefit",1,1,1,"Technical",1
"imported_water_project_option_1",1,1,1,"Water_Project",1
"improve_coordination_and_planning_integration",1,1,1,"Group",1
"improvement_district_11135250",1,1,1,"District",1
"in",1,1,1,"Nonsense",1
"inceptisols",1,1,1,"Natural_Feature",1
"incidental_take_permit",1,1,1,"District",0
"includes_irrigation_water_year_type",1,1,1,"Nonsense",1
"incomplete_3",1,1,1,"Nonsense",1
"incorporate",1,1,1,"Nonsense",1
"incorporated_city",1,1,1,"Local_Gov",1
"incorporating_regulatory_programs",1,1,1,"Technical",1
"incorporation",1,1,1,"Nonsense",1
"incorporation_into_groundwater_sustainability_plan_information",1,1,1,"Natural_Feature",0
"indemnifying_party",1,1,1,"Nonsense",1
"independent_demand_calculator",1,1,1,"Technical",1
"independent_slopes_model_ps",1,1,1,"Technical",0
"indi_l_suppli_es",1,1,1,"Nonsense",1
"indian_wells_valley_groundwater_authority_pumper_group_allocation",1,1,1,"Group",1
"indian_wells_valley_groundwater_authority_water_resources_manager",1,1,1,"Person",1
"indian_wells_valley_resource_opportunity_plan_water_availability_and_conservation_report",1,1,1,"Technical",0
"indicates_flows_less",1,1,1,"Nonsense",1
"indicatorsb",1,1,1,"Nonsense",1
"indirect_groundwater",1,1,1,"Natural_Feature",1
"indirect_potable_reuse_feasibility_study",1,1,1,"Technical",1
"industrial",1,1,1,"Nonsense",1
"industrial_agriculture_wildlife_preserve",1,1,1,"Nonsense",1
"industrial_and_commercial_page",1,1,1,"Reference",0
"industrial_groundwater_figure",1,1,1,"Reference",0
"industrial_pumping",1,1,1,"Technical",1
"inflow_ag",1,1,1,"Nonsense",1
"information",1,1,1,"Natural_Feature",0
"information_and_methodology",1,1,1,"Reference",1
"information_planning_and_consultation",1,1,1,"Group",1
"information_system",1,1,1,"Technical",0
"informational",1,1,1,"Nonsense",1
"informe_anual_y_actualizaciones_quinquenales_del_groundwater_sustainability_plan_después_de_la_presentación_del_groundwater_sustainability_plan",1,1,1,"Technical",0
"informes",1,1,1,"Nonsense",1
"informes_de_reducciones_de_bombeo",1,1,1,"Technical",1
"infosloughousercdorg",1,1,1,"Nonsense",1
"infrastructure",1,1,1,"Infrastructure",1
"infrastructure_improvement",1,1,1,"Water_Project",1
"infrastructure_improvement_act",1,1,1,"Legal",0
"initial_groundwater_sustainability_plan",1,1,1,"Technical",0
"initiated",1,1,1,"Nonsense",1
"inland_empire_brineline",1,1,1,"District",1
"inland_private_well_area",1,1,1,"Geographic_Unit",0
"inn",1,1,1,"Nonsense",1
"insar_monitoring_for_land_subsidence",1,1,1,"Technical",0
"insects_other",1,1,1,"Nonsense",1
"inspection_of_well_site_a",1,1,1,"Technical",1
"institute_for_fisheries_resources",1,1,1,"NGO",1
"integrated_groundwater_management_plan",1,1,1,"Technical",0
"integrated_groundwater_surface_water_model",1,1,1,"Technical",0
"integrated_hydrologic",1,1,1,"Technical",1
"integrated_hydrologic_model_overview",1,1,1,"Technical",0
"integrated_regional_planning_section_3",1,1,1,"Reference",0
"integrated_regional_water_management_act",1,1,1,"Legal",0
"integrated_regional_water_management_plan_and_groundwater_manage_ment_plans",1,1,1,"Technical",0
"integrated_regional_water_management_planning",1,1,1,"Legal",1
"integrated_regional_water_management_planning_grant_task",1,1,1,"Water_Project",1
"integrated_regional_water_management_plans",1,1,1,"Technical",0
"integrated_regional_water_management_plans_and_groundwater_manage_ment_plans",1,1,1,"Technical",0
"integrated_regional_water_management_region",1,1,1,"Geographic_Unit",0
"integrated_regional_water_medium",1,1,1,"Nonsense",1
"integrated_regional_water_medium_implementation_grants",1,1,1,"Legal",1
"integrated_regional_watersheds",1,1,1,"Group",1
"integrated_waste_management_board",1,1,1,"Group",0
"integrated_water_flow_evapotranspiration",1,1,1,"Technical",1
"integrated_water_flow_model_version_2015",1,1,1,"Technical",0
"inter_basin",1,1,1,"Basin",0
"inter_basin_coordination",1,1,1,"Group",1
"inter_basin_coordination_report",1,1,1,"Technical",0
"inter_basin_surface_water_transfers_or_exchanges",1,1,1,"Water_Project",1
"inter_district_group",1,1,1,"Group",0
"inter_district_transfer_for_conjunctive_use",1,1,1,"Water_Project",1
"inter_inc",1,1,1,"Company",1
"intera_inc",1,1,1,"Company",1
"intera_work",1,1,1,"Company",1
"interagency",1,1,1,"Group",0
"interagency_coordination",1,1,1,"Group",1
"interagency_coordination_olcese_groundwater_sustainability_agency",1,1,1,"Other_GSA",0
"interbasin_flow",1,1,1,"Natural_Feature",1
"interconectadas_además_de_las_áreas_de_groundwater_dependent_ecosystem",1,1,1,"Natural_Feature",0
"interconnected_surface_water_management_zones",1,1,1,"Geographic_Unit",0
"interconnected_surface_water_smc",1,1,1,"Technical",1
"interested_monitoring_network",1,1,1,"Technical",0
"interested_sustainable_high_school",1,1,1,"Nonsense",1
"interferometic_synthetic_aperture_radar",1,1,1,"Technical",1
"interferometric_synthetic_aperture_radar_interferometric_synthetic_aperture_radar",1,1,1,"Technical",1
"intergovernmental_data_quality_task_force_intergovernmental_data_quality_task_force_lcs",1,1,1,"Technical",0
"intergovernmental_panel",1,1,1,"Group",1
"intergovernmental_services_agreement",1,1,1,"Group",0
"interim_milestones_section_6",1,1,1,"Reference",0
"interim_operations_model",1,1,1,"Technical",0
"interlake",1,1,1,"Natural_Feature",0
"intermittent_streams",1,1,1,"Natural_Feature",1
"internal_climate_solar_radiation_daily",1,1,1,"Data_System",1
"internal_communication_internal_communication",1,1,1,"Nonsense",1
"internal_document_author",1,1,1,"Nonsense",1
"internal_groundwater_water_marketing_program",1,1,1,"Water_Project",1
"international_astronomical_union",1,1,1,"Nonsense",1
"international_union_of_geodesy",1,1,1,"NGO",1
"interpretation_of_data",1,1,1,"Technical",0
"interties",1,1,1,"Infrastructure",1
"intra_basin",1,1,1,"Basin",0
"intra_basin_coordination",1,1,1,"Group",1
"intra_basin_coordination_agreement",1,1,1,"Group",0
"intra_basin_coordination_intra",1,1,1,"Group",1
"intrabasin",1,1,1,"Basin",0
"introduction_climate",1,1,1,"Nonsense",1
"introduction_groundwater_sustainability_plan_working_group",1,1,1,"Group",0
"introduction_napa_county",1,1,1,"County",0
"introduction_sustainable_management_criteria",1,1,1,"Reference",1
"intrusion",1,1,1,"Nonsense",1
"inventory",1,1,1,"Nonsense",1
"investigation_feasibility_study",1,1,1,"Technical",1
"investigation_of_interactions",1,1,1,"Technical",1
"investigation_of_source_of",1,1,1,"Nonsense",1
"investigative_orders_to_refineries",1,1,1,"Legal",1
"invite_trevor",1,1,1,"Nonsense",1
"inyo_county_general_plan_update",1,1,1,"Reference",1
"inyo_county_superior_court",1,1,1,"Nonsense",1
"inyo_county_water_commission",1,1,1,"Group",0
"inyo_county_water_director",1,1,1,"Local_Gov",1
"inyo_water_department",1,1,1,"Group",0
"io_sp0029",1,1,1,"Nonsense",1
"ione_formation_of_middle_eocene",1,1,1,"District",0
"ip",1,1,1,"Nonsense",1
"irideus",1,1,1,"District",0
"iron_iron",1,1,1,"Nonsense",1
"ironhouse_sanitary",1,1,1,"District",1
"irrigated",1,1,1,"Nonsense",1
"irrigated_lands_regulatory_program_waste_discharge_requirements",1,1,1,"Legal",1
"irrigation_company",1,1,1,"District",1
"irrigation_district_act",1,1,1,"Legal",0
"irrigation_district_contra_costa_county",1,1,1,"County",0
"irrigation_management_information_system_oakville",1,1,1,"Data_System",1
"irrigation_management_information_system_precipitation_data",1,1,1,"Technical",0
"irrigation_system_improvement_program",1,1,1,"Water_Project",1
"irrigation_technology_and_research_center",1,1,1,"Group",1
"irrigation_training_and_research_center_a",1,1,1,"Group",1
"irrigation_training_and_research_center_mapping_evapotranspiration",1,1,1,"Technical",1
"irrigation_training_and_research_center_mapping_evapotranspiration_at_high_resolution_with_internalized_calibration_et_data",1,1,1,"Technical",0
"irvine",1,1,1,"City",0
"irwa",1,1,1,"NGO",1
"irwp",1,1,1,"Nonsense",1
"is_inadequate",1,1,1,"Nonsense",1
"is_inadequate_with_respect_to_groundwater_levels_and_groundwater",1,1,1,"Nonsense",1
"is_inadequate_with_respect_to_groundwater_levels_and_groundwater_quality",1,1,1,"Nonsense",1
"is_riverkeeper",1,1,1,"NGO",1
"isa_11",1,1,1,"Nonsense",1
"isa_3",1,1,1,"Nonsense",1
"isaac_l_st_lawrence",1,1,1,"Person",1
"isabella",1,1,1,"Person",1
"isabella_dam_and_reservoir",1,1,1,"Infrastructure",0
"isabella_dam_safety_modification",1,1,1,"Water_Project",1
"isleton_planning_area",1,1,1,"Geographic_Unit",0
"isolated_springs",1,1,1,"Natural_Feature",1
"isotech_labs_of_champaign",1,1,1,"Company",1
"isotopic_recharge_study",1,1,1,"Technical",1
"isw_maps_sustainable_groundwater_management_act",1,1,1,"Legal",0
"item",1,1,1,"Nonsense",1
"item_12b",1,1,1,"Reference",1
"itrc_results",1,1,1,"Technical",1
"ivanhoe_section",1,1,1,"Reference",0
"ivydene_water_company_lingate_lane_mutual_water_company",1,1,1,"District",1
"j_comment",1,1,1,"Nonsense",1
"j_e_upson",1,1,1,"Person",1
"j_j",1,1,1,"Nonsense",1
"j_pablo_ortiz",1,1,1,"Person",1
"j_the_city_of_modesto",1,1,1,"City",0
"j_turner",1,1,1,"Person",1
"ja",1,1,1,"Nonsense",1
"jackson_rd",1,1,1,"Nonsense",1
"jackson_turbidity_units_surface_water_quality_type",1,1,1,"District",0
"jackson_valley_irrigation_district_board_room",1,1,1,"Infrastructure",1
"jacobs_engineering_group",1,1,1,"Group",0
"jam_mutual_water_company",1,1,1,"Company",1
"james_hall_family_trust",1,1,1,"Nonsense",1
"james_irrigation_district_resolution_no",1,1,1,"Legal",1
"james_p_stall",1,1,1,"Person",1
"james_worth",1,1,1,"Person",1
"jameson_american_cl",1,1,1,"Nonsense",1
"jamison_crosby",1,1,1,"Person",1
"jamul",1,1,1,"City",0
"janette_lupercio",1,1,1,"Person",1
"january_4_2019",1,1,1,"Nonsense",1
"jared_huffman",1,1,1,"Person",1
"jarrod",1,1,1,"Person",1
"jasmene",1,1,1,"Nonsense",1
"jason_scheer",1,1,1,"Person",1
"jd_hughes",1,1,1,"Person",1
"jeff_mount",1,1,1,"Person",1
"jennifer_paretti",1,1,1,"Person",1
"jerry_gragnani_division",1,1,1,"Nonsense",1
"jessie_maxfield",1,1,1,"Person",1
"jim",1,1,1,"Person",1
"jim_anderson",1,1,1,"Person",1
"jim_stilwell",1,1,1,"Person",1
"jo_intl_y",1,1,1,"Nonsense",1
"joaquin_delta",1,1,1,"Natural_Feature",1
"joaquin_integrated_regional_water_managementp",1,1,1,"Nonsense",1
"joaquin_subbasin_groundwater_sustainability_plan",1,1,1,"Technical",0
"joaquin_subbasins",1,1,1,"Basin",0
"joe_cardoza",1,1,1,"Person",1
"joe_ferrara",1,1,1,"Person",1
"johannesburg",1,1,1,"City",0
"john_e",1,1,1,"Person",1
"john_izbicki",1,1,1,"Person",1
"john_logan",1,1,1,"Person",1
"john_phillips",1,1,1,"Person",1
"john_ricker_water_resources",1,1,1,"Company",1
"john_shribbs",1,1,1,"Person",1
"john_young",1,1,1,"Person",1
"johnson_salinas_company",1,1,1,"Company",1
"joint_board_meeting",1,1,1,"Group",1
"joint_districts_scada",1,1,1,"Technical",1
"joint_exercise_of_power_act",1,1,1,"Legal",0
"joint_exercise_of_power_agreement",1,1,1,"Group",0
"joint_exercise_of_powers_act",1,1,1,"Legal",0
"joint_groundwater_sustainability_agency_board",1,1,1,"Group",0
"joint_groundwater_sustainability_agency_board_meeting",1,1,1,"Group",1
"joint_land_use_study",1,1,1,"Technical",1
"joint_main_canal",1,1,1,"Infrastructure",1
"joint_powers_agency",1,1,1,"Group",0
"joint_powers_agreement_and",1,1,1,"Legal",1
"joint_powers_agreement_outline",1,1,1,"Legal",1
"joint_powers_agreements",1,1,1,"Group",0
"joint_powers_authority_board",1,1,1,"Group",0
"joint_powers_authority_board_meetings_representatives",1,1,1,"Group",1
"joint_underwriters",1,1,1,"Group",1
"joint_water_districts_board",1,1,1,"Group",0
"jonathan_hakim",1,1,1,"Person",1
"jonathan_om_manager",1,1,1,"Nonsense",1
"jones_stokes",1,1,1,"Company",1
"jordan",1,1,1,"Nonsense",1
"jose_luis_valdez",1,1,1,"Person",1
"joseph_walker",1,1,1,"Person",1
"josh_rogers",1,1,1,"Person",1
"josiah_arnold",1,1,1,"Person",1
"joyce_lane",1,1,1,"Nonsense",1
"jpa_exhibit_d",1,1,1,"Reference",0
"juan_de_fuca_gorda",1,1,1,"Natural_Feature",1
"juniper_village_farm_labor_housing",1,1,1,"Infrastructure",1
"juniper_woodland",1,1,1,"Natural_Feature",1
"jurassic",1,1,1,"Nonsense",1
"jurgens",1,1,1,"Nonsense",1
"justification_for_management_areas",1,1,1,"Geographic_Unit",0
"justin_court",1,1,1,"Nonsense",1
"justin_stiegemeyer",1,1,1,"Person",1
"k_j_0889026_page_4_united_water_conservation_district",1,1,1,"District",0
"k_j_j",1,1,1,"Nonsense",1
"kalman",1,1,1,"Nonsense",1
"kammermeyer",1,1,1,"Person",1
"karen_m_avinelis",1,1,1,"Person",1
"kathy_cline",1,1,1,"Person",1
"katie_smith",1,1,1,"Person",1
"kaweah_alluvial_fan",1,1,1,"Natural_Feature",1
"kaweah_basin_water_quality_coalition",1,1,1,"Group",1
"kaweah_delta_water_conservation",1,1,1,"District",1
"kaweah_delta_water_conservation_district_california_department_of_transportation",1,1,1,"State_Gov",0
"kaweah_delta_water_conservation_district_kaweah_delta_water_conservation_district",1,1,1,"District",0
"kaweah_delta_water_conservation_district_land_surface_elevation_monitoring_network",1,1,1,"Technical",0
"kaweah_river",1,1,1,"Natural_Feature",0
"kaweah_subbasin_coordinated_mou",1,1,1,"Group",0
"kdsa_technical_memorandum",1,1,1,"Technical",0
"kear_2005",1,1,1,"Reference",1
"kearny_mesa",1,1,1,"Geographic_Unit",1
"keeler_wolf_t",1,1,1,"Reference",1
"kegg_meadow_enhancement",1,1,1,"Water_Project",1
"keith_abeles",1,1,1,"Person",1
"keith_abercrombie",1,1,1,"Person",1
"kelly_a",1,1,1,"Person",1
"kelly_l_whitledge",1,1,1,"Person",1
"kelsey_creek_streamflow",1,1,1,"Natural_Feature",1
"kelseyville_formations",1,1,1,"Natural_Feature",0
"kem_board_of_supervisors",1,1,1,"Group",0
"ken",1,1,1,"Person",1
"ken_kirkey",1,1,1,"Person",1
"ken_schmidt",1,1,1,"District",0
"kennedy_area",1,1,1,"Geographic_Unit",0
"kennedy_jenks_model_extent_and_ma_model_extent",1,1,1,"Technical",0
"kenneth",1,1,1,"Person",1
"kenneth_d_schmidt_associates_groundwater_quality_consultants",1,1,1,"District",0
"kenwood_gages_daily_discharge",1,1,1,"Technical",1
"kepware_server",1,1,1,"Technical",1
"kerman_news",1,1,1,"NGO",1
"kern_ag_pavilion",1,1,1,"Infrastructure",1
"kern_county_board_of_supervisors",1,1,1,"Group",0
"kern_county_buena",1,1,1,"Local_Gov",1
"kern_county_environmental_health_division",1,1,1,"Local_Gov",1
"kern_county_farmers_bureau",1,1,1,"NGO",1
"kern_county_municipal_code_section_1408210",1,1,1,"Reference",0
"kern_county_planning_framework",1,1,1,"Reference",1
"kern_county_subbasin_groundwater_sustainability_plan",1,1,1,"Technical",0
"kern_county_subbasin_plan",1,1,1,"Technical",0
"kern_county_update_table",1,1,1,"Reference",0
"kern_county_water_agency_todd_groundwater",1,1,1,"District",1
"kern_delta_water_district_board_of_directors",1,1,1,"Group",0
"kern_delta_water_district_water_allocation_plan",1,1,1,"Technical",0
"kern_delta_wd",1,1,1,"District",0
"kern_front",1,1,1,"Basin",1
"kern_ground",1,1,1,"Basin",1
"kern_groundwater_authority_basin_setting",1,1,1,"Geographic_Unit",0
"kern_groundwater_authority_board_of_directors",1,1,1,"Group",0
"kern_groundwater_authority_communication_engagement_plan",1,1,1,"Technical",0
"kern_groundwater_authority_groundwater_sustainability_agency_community_engagement_plan",1,1,1,"Technical",0
"kern_groundwater_authority_groundwater_sustainability_agency_planning_manager",1,1,1,"Person",1
"kern_region",1,1,1,"Geographic_Unit",0
"kern_river_coordination_meetings",1,1,1,"Group",1
"kern_river_groundwater_sustainability_agency_agricultural_management_area_arsenic",1,1,1,"Geographic_Unit",1
"kern_river_groundwater_sustainability_agency_banking_management_area_arsenic",1,1,1,"Geographic_Unit",1
"kern_river_groundwater_sustainability_agency_urban_and_banking",1,1,1,"Group",1
"kern_subbasin_managers_group",1,1,1,"Group",0
"kern_tulare_water_district_draft",1,1,1,"District",1
"kern_tulare_water_district_groundwater_sustainability_plan",1,1,1,"Technical",0
"ketchum_flood_control_recharge_project_project_type_recharge_basin_project_location",1,1,1,"Water_Project",1
"kettleman",1,1,1,"Geographic_Unit",1
"kettleman_city_community_service_district",1,1,1,"District",0
"kevin_arnold",1,1,1,"Person",1
"kevin_c",1,1,1,"Person",1
"kevin_mckennon",1,1,1,"Person",1
"key_outreach_principles",1,1,1,"Nonsense",1
"kilometers",1,1,1,"Nonsense",1
"kimberly_craig",1,1,1,"Person",1
"kimberly_fernandez",1,1,1,"Person",1
"kingii",1,1,1,"Nonsense",1
"kings_agreement",1,1,1,"Group",0
"kings_basin",1,1,1,"Basin",0
"kings_basin_coordination",1,1,1,"Group",1
"kings_basin_projected_water_budget",1,1,1,"Technical",1
"kings_basin_projected_water_budget_table",1,1,1,"Reference",0
"kings_canyon_lineament",1,1,1,"Natural_Feature",1
"kings_canyon_national_park",1,1,1,"Natural_Feature",1
"kings_counties_measurable_objectivesu",1,1,1,"Nonsense",1
"kings_county_kings_county",1,1,1,"County",0
"kings_county_ordinance",1,1,1,"Legal",0
"kings_groundwater_subbasin",1,1,1,"Basin",0
"kings_irrigation",1,1,1,"District",1
"kings_river_alluvial_fan",1,1,1,"Geographic_Unit",1
"kings_river_canal_irrigation_company",1,1,1,"Company",1
"kings_river_conservation_district_division_4",1,1,1,"District",1
"kings_river_flows",1,1,1,"Natural_Feature",1
"kings_river_service_areas",1,1,1,"Geographic_Unit",0
"kings_river_subbasin",1,1,1,"Basin",0
"kings_river_supplies",1,1,1,"Natural_Feature",1
"kings_river_water_association_2009",1,1,1,"Group",1
"kings_subbain",1,1,1,"Basin",1
"kings_subbasin_boundary",1,1,1,"Geographic_Unit",1
"kings_subbasin_water_budget_similarly",1,1,1,"Technical",1
"kings_subbasin_water_budget_table",1,1,1,"Reference",0
"kingsburg_irrigation_company",1,1,1,"District",1
"kirby",1,1,1,"Nonsense",1
"kirschenmann_road",1,1,1,"Infrastructure",1
"kit",1,1,1,"Nonsense",1
"kk",1,1,1,"Nonsense",1
"klamath_region",1,1,1,"Geographic_Unit",0
"klamath_river_reservoirs",1,1,1,"Infrastructure",0
"klausmeyer_k",1,1,1,"Person",1
"klein_denatale_goldner",1,1,1,"Company",1
"knights_valley",1,1,1,"Geographic_Unit",0
"knutson_meadow",1,1,1,"Natural_Feature",1
"konikow",1,1,1,"Person",1
"konocti_vista_casino",1,1,1,"Nonsense",1
"kosi_hills_resource_conservation_project",1,1,1,"Water_Project",0
"krista_monitoring_wellc_pw",1,1,1,"Technical",0
"kristian_alfelor",1,1,1,"Person",1
"krug",1,1,1,"Nonsense",1
"krypton",1,1,1,"Nonsense",1
"ksb1071",1,1,1,"Nonsense",1
"ksb1628",1,1,1,"Nonsense",1
"kuyler_crocker",1,1,1,"Person",1
"kvon_radio",1,1,1,"Nonsense",1
"l1_3",1,1,1,"Nonsense",1
"l_arsenic",1,1,1,"Nonsense",1
"l_department_of_health_services",1,1,1,"State_Gov",1
"l_elevated",1,1,1,"Nonsense",1
"l_long",1,1,1,"Nonsense",1
"l_o_angeles_city_council",1,1,1,"Group",0
"la_asistencia_de_voluntarios_de_la_comunidad_y_organizaciones",1,1,1,"District",0
"la_implementación_del_groundwater_sustainability_plan",1,1,1,"Technical",0
"la_sección",1,1,1,"Nonsense",1
"la_sección_10721",1,1,1,"Legal",1
"la_sección_11",1,1,1,"Reference",1
"la_sección_6",1,1,1,"Reference",1
"la_sección_8",1,1,1,"Reference",1
"label_seal_depth_attribute",1,1,1,"Technical",1
"labolle",1,1,1,"Nonsense",1
"labor_force_data_labor_force_employed_per_capita_income_unemployment",1,1,1,"Technical",0
"laboratories_and_sampling_services_inyo_county",1,1,1,"County",0
"laboratory_duplicate",1,1,1,"Nonsense",1
"laboratory_turnaround_time_laboratory",1,1,1,"Technical",1
"lacustrine_palustrine",1,1,1,"Natural_Feature",1
"laguna_formation_the_laguna_formation",1,1,1,"Natural_Feature",0
"laguna_irrigation_district",1,1,1,"District",0
"laguna_mark",1,1,1,"Nonsense",1
"laidlaw_environmental",1,1,1,"District",0
"lake_county_code",1,1,1,"Legal",0
"lake_county_division_of_environmental_health",1,1,1,"Local_Gov",1
"lake_millerton",1,1,1,"Natural_Feature",1
"lake_skinner",1,1,1,"Natural_Feature",1
"lake_subbasin_board_agenda",1,1,1,"Reference",1
"lakeview_groundwater_dependent_ecosystem_evaluation_unit_vegetation",1,1,1,"Natural_Feature",1
"lambert_conformal_conic",1,1,1,"Technical",1
"lamont_public_utilities_district_mw",1,1,1,"District",1
"lamont_public_utility_district",1,1,1,"District",0
"lanare_community_services_district",1,1,1,"District",0
"lanare_community_services_district_the_lanare_community_services_district",1,1,1,"District",0
"lanare_csd",1,1,1,"Local_Gov",1
"land_area_representation",1,1,1,"Technical",1
"land_conservancy_of_san_luis_obispo_county",1,1,1,"County",0
"land_conservation_act",1,1,1,"Legal",0
"land_or_water_use_authority",1,1,1,"Group",0
"land_subsidence_monitoring_data_gaps",1,1,1,"Technical",0
"land_subsidence_monitoring_high_resolution",1,1,1,"Technical",0
"land_subsidence_monitoring_network",1,1,1,"Technical",0
"land_subsidence_monitoring_network_4633_identification_of_data_gaps_beyond",1,1,1,"Technical",0
"land_subsidence_representative",1,1,1,"District",0
"land_subsidence_the_undesirable_result_for_land_subsidence",1,1,1,"District",0
"land_surface",1,1,1,"Natural_Feature",1
"land_surface_checkpoints",1,1,1,"Technical",1
"land_surface_subsidence_land",1,1,1,"District",0
"land_sustainable_management",1,1,1,"Nonsense",1
"land_system_annual_water_budget_gw",1,1,1,"Technical",1
"land_trust",1,1,1,"NGO",1
"land_use_circulation",1,1,1,"Technical",1
"land_use_data_land",1,1,1,"Technical",0
"land_use_plans",1,1,1,"Technical",0
"land_use_plans_and_efforts_to_address_potential_risks_to_groundwater_quality_and_quantity_land",1,1,1,"Reference",1
"land_use_plans_outside",1,1,1,"District",0
"land_use_plans_outside_sutter_subbasin_land",1,1,1,"District",0
"land_use_policies",1,1,1,"Legal",0
"land_use_policy_b111",1,1,1,"Legal",1
"land_uses_department_of_water_resources_land_use_surveys",1,1,1,"Technical",1
"landiq_data",1,1,1,"Technical",0
"landowner_meetings_webinar_tbd",1,1,1,"Group",1
"landsat_8",1,1,1,"Technical",1
"landslide_deposits",1,1,1,"District",0
"lang_gage",1,1,1,"Nonsense",1
"langley_area",1,1,1,"Geographic_Unit",0
"langley_area_subbasin",1,1,1,"Basin",0
"larry_elliot",1,1,1,"Person",1
"larry_hirahara",1,1,1,"Person",1
"larry_walker_associates_inc",1,1,1,"Company",1
"las_condiciones_históricas_y",1,1,1,"Nonsense",1
"las_elevaciones_de_aguas_subterráneas",1,1,1,"Technical",1
"las_operaciones_cga",1,1,1,"Group",1
"las_posas_valley_outlying_areas",1,1,1,"Geographic_Unit",0
"las_recomendaciones",1,1,1,"Nonsense",1
"lascd",1,1,1,"District",1
"lassen_counties",1,1,1,"Local_Gov",1
"lassen_county_code",1,1,1,"Legal",0
"lassen_county_municipal_code",1,1,1,"Legal",0
"lassen_county_water_well_ordinance",1,1,1,"Legal",0
"lassen_groundwater_sustainability_agency_formation_public",1,1,1,"Group",1
"lassen_modoc_board_of_supervisors",1,1,1,"Group",0
"last_chance_main_canal",1,1,1,"Infrastructure",1
"lasthenia",1,1,1,"Natural_Feature",1
"lateral",1,1,1,"Nonsense",1
"lateral_b",1,1,1,"Infrastructure",1
"laton_community_service_district",1,1,1,"District",0
"laton_csd",1,1,1,"District",1
"laton_library",1,1,1,"Local_Gov",1
"laura_foglia",1,1,1,"Person",1
"laurel_creek",1,1,1,"Natural_Feature",0
"laurel_sumac",1,1,1,"Natural_Feature",1
"lawrence",1,1,1,"Person",1
"lawrence_livermore_lab",1,1,1,"Federal_Gov",1
"lawrence_livermore_laboratory",1,1,1,"Federal_Gov",1
"layer",1,1,1,"Nonsense",1
"layer_4_layer_4",1,1,1,"Nonsense",1
"layers_needs_assessment_arsenic_terms_of",1,1,1,"Reference",1
"le",1,1,1,"Nonsense",1
"le_grand_athlone_water_district",1,1,1,"District",0
"lead",1,1,1,"Nonsense",1
"leadership_council_for_justice_accountability",1,1,1,"Group",1
"leadership_counsel_for_justice_and",1,1,1,"NGO",1
"leading",1,1,1,"Nonsense",1
"league_of_united_latin_american_citizens",1,1,1,"NGO",1
"leah_brown",1,1,1,"Person",1
"legal",1,1,1,"Legal",1
"legal_authority_article_6",1,1,1,"Legal",1
"legal_authority_california_water_code_section",1,1,1,"State_Gov",0
"legal_authority_legal",1,1,1,"Legal",1
"legal_authority_richvale_irrigation_district",1,1,1,"District",0
"legal_counsel",1,1,1,"Group",1
"legal_or_enforcement_actions",1,1,1,"Legal",1
"legislative",1,1,1,"Nonsense",1
"legislative_regulatory_requirement",1,1,1,"Legal",1
"lemieux",1,1,1,"Nonsense",1
"leptoceridae",1,1,1,"District",0
"les_chau_project_manager",1,1,1,"Person",1
"leslie_bennett",1,1,1,"Person",1
"less",1,1,1,"Nonsense",1
"lessalt_treatment_plan",1,1,1,"Technical",0
"levels_in_storage",1,1,1,"Technical",1
"levi_paulin_department_of_water_resources",1,1,1,"Person",1
"lewis_creek",1,1,1,"Natural_Feature",0
"ley_de",1,1,1,"Nonsense",1
"lgc",1,1,1,"NGO",1
"liaison",1,1,1,"Nonsense",1
"liberty_canal",1,1,1,"Infrastructure",1
"liberty_mill_race_company_inc",1,1,1,"Company",1
"liberty_yolo_bypass",1,1,1,"Infrastructure",1
"library",1,1,1,"Nonsense",1
"lime_saddle",1,1,1,"Infrastructure",1
"limicola",1,1,1,"Nonsense",1
"limited",1,1,1,"Nonsense",1
"limnetic",1,1,1,"Natural_Feature",1
"limnology",1,1,1,"Technical",1
"lims",1,1,1,"Data_System",1
"lincoln_cota_percolation_ponds",1,1,1,"Infrastructure",1
"lincoln_road",1,1,1,"Nonsense",1
"lincoln_village",1,1,1,"City",0
"lindcove_hamlet_plan",1,1,1,"Technical",0
"lindmore_exeter_dry_wells_project",1,1,1,"Water_Project",0
"lindsay_land_use_and",1,1,1,"Nonsense",1
"lindsay_strathmore",1,1,1,"Geographic_Unit",1
"line_2776",1,1,1,"Nonsense",1
"linear",1,1,1,"Nonsense",1
"lingate_mutual_water_company",1,1,1,"Company",1
"lion_mountain_ranch",1,1,1,"Nonsense",1
"lions_club_seeking_council_approval",1,1,1,"Nonsense",1
"lisa_herbert",1,1,1,"Person",1
"list_of_public_meetings",1,1,1,"Nonsense",1
"listed",1,1,1,"Nonsense",1
"lithologic_characterization_results",1,1,1,"Technical",1
"lithologic_correlation",1,1,1,"Technical",1
"little_dry_creek",1,1,1,"Natural_Feature",0
"little_panoche",1,1,1,"Basin",1
"little_panoche_creek",1,1,1,"Natural_Feature",0
"little_salt_creek",1,1,1,"Natural_Feature",0
"little_truckee_diversion",1,1,1,"Infrastructure",1
"little_truckee_diversion_canal",1,1,1,"Infrastructure",1
"little_wildcat_creek",1,1,1,"Natural_Feature",0
"live_oak_canyon_fault_zone",1,1,1,"Geographic_Unit",0
"live_oak_chaparral",1,1,1,"Natural_Feature",1
"live_oak_forest",1,1,1,"Natural_Feature",1
"live_oak_woodland",1,1,1,"Natural_Feature",1
"live_stream_agreement",1,1,1,"Group",0
"livermore_valley",1,1,1,"Geographic_Unit",0
"living_trust",1,1,1,"Nonsense",1
"llagas_subbasin_north",1,1,1,"Basin",1
"llllnnnnnn",1,1,1,"Nonsense",1
"ln",1,1,1,"Nonsense",1
"lo",1,1,1,"Nonsense",1
"local_agency_meeting",1,1,1,"Group",1
"local_groundwater_assistance_grant_program",1,1,1,"Legal",1
"local_primacy_agency_authority",1,1,1,"Group",0
"local_primacy_program",1,1,1,"Group",1
"local_program",1,1,1,"Nonsense",1
"local_standards_the_federal_and_state",1,1,1,"Nonsense",1
"local_well_ids",1,1,1,"District",0
"localized",1,1,1,"Nonsense",1
"localized_outreach_and_engagement_strategies_1",1,1,1,"Technical",1
"localized_spatial_data_gaps_for_shallow_groundwater_level_monitoring_near_streams",1,1,1,"Technical",0
"localmente",1,1,1,"Nonsense",1
"located",1,1,1,"Nonsense",1
"location_meeting_purpose_topics",1,1,1,"Nonsense",1
"loch_lomond_recreation_area",1,1,1,"Geographic_Unit",0
"logs_from_rcs",1,1,1,"Technical",1
"lompico_aquifer",1,1,1,"Natural_Feature",0
"lompico_aquifer_groundwater_elevations",1,1,1,"Technical",1
"lompico_county_water_district",1,1,1,"District",0
"lompoc_diatomite_project91",1,1,1,"Water_Project",1
"lompoc_federal_penitentiary",1,1,1,"Nonsense",1
"lompoc_upland_19_nd",1,1,1,"Basin",1
"lon",1,1,1,"Nonsense",1
"lone_pine_creek",1,1,1,"Natural_Feature",0
"lone_tree",1,1,1,"Nonsense",1
"lone_tree_channel",1,1,1,"Natural_Feature",1
"long_range_development_plan",1,1,1,"Technical",0
"long_term_funding_committees",1,1,1,"Group",0
"long_term_goals",1,1,1,"Nonsense",1
"long_term_reports",1,1,1,"Technical",0
"lookout_transfer_station",1,1,1,"Infrastructure",1
"loop_ranch",1,1,1,"Local_Gov",1
"loraine_5_nne",1,1,1,"Geographic_Unit",1
"lorena_alvarez",1,1,1,"Person",1
"lors",1,1,1,"Nonsense",1
"los_alamos_community_plan",1,1,1,"Technical",0
"los_angeles_county_superior_court",1,1,1,"Nonsense",1
"los_angeles_department_of_water_and_power_water_resource_management",1,1,1,"District",1
"los_angeles_sheet",1,1,1,"Reference",1
"los_angeles_superior_court",1,1,1,"Nonsense",1
"los_banos_detention_dam_and_reservoir",1,1,1,"Infrastructure",0
"los_banos_detention_reservoir",1,1,1,"Infrastructure",0
"los_banos_future_of_our_water_resources",1,1,1,"Reference",1
"los_carneros_water_district_recycled_water_project",1,1,1,"Water_Project",0
"los_molinos_subbasin_historical_lateral_subsurface_groundwater",1,1,1,"Natural_Feature",1
"los_molinos_subbasin_table_4_3",1,1,1,"Reference",0
"los_molinos_subbasin_upper_aquifer",1,1,1,"Natural_Feature",0
"los_osos",1,1,1,"City",0
"los_padres",1,1,1,"Geographic_Unit",1
"los_presupuestos_de_agua_históricos_de_las_entradas_totales",1,1,1,"Technical",1
"los_resultados",1,1,1,"Nonsense",1
"los_suministros_de_agua",1,1,1,"Nonsense",1
"los_suministros_de_agua_de_la_subcuenta",1,1,1,"Nonsense",1
"los_vaqueros_reservoir_jpa",1,1,1,"Group",1
"los_water_quality_control",1,1,1,"District",1
"losing",1,1,1,"Nonsense",1
"louisiana",1,1,1,"State_Gov",1
"low_alluvial_fan",1,1,1,"Natural_Feature",1
"low_energy_precision_application_systems",1,1,1,"Technical",1
"lower",1,1,1,"Nonsense",1
"lower_and_upper_uncertainty_wafr_fractions",1,1,1,"Technical",1
"lower_aquifer_storage",1,1,1,"Natural_Feature",1
"lower_aquifer_table",1,1,1,"Reference",0
"lower_carlotta",1,1,1,"Geographic_Unit",1
"lower_colorado_water_supply_project",1,1,1,"Water_Project",0
"lower_klamath_wildlife_refuge",1,1,1,"Natural_Feature",1
"lower_paso_robles",1,1,1,"Basin",1
"lower_princeton_valley",1,1,1,"Geographic_Unit",0
"lower_san_antonio",1,1,1,"Basin",1
"lower_tule_irrigation",1,1,1,"District",1
"lower_tule_river_irrigation_district_groundwater_sustainability_agency_board",1,1,1,"Group",0
"lower_tule_river_irrigation_district_groundwater_sustainability_agency_decision_making_structure",1,1,1,"Group",1
"lowlands_subbasins",1,1,1,"Basin",0
"loyalton_clover_valley",1,1,1,"Geographic_Unit",0
"lphs",1,1,1,"Nonsense",1
"ls",1,1,1,"Nonsense",1
"ls_pistol_range",1,1,1,"Infrastructure",1
"ltgc",1,1,1,"Nonsense",1
"ltrc",1,1,1,"Nonsense",1
"ltridgsa",1,1,1,"Local_GSA",0
"lu_91_open_space_parks",1,1,1,"Geographic_Unit",1
"lucille_n_demetriﬀ_and_food_supply",1,1,1,"Nonsense",1
"luhdorf_scalmanini",1,1,1,"Person",1
"luhdorff_scalamini",1,1,1,"Company",1
"lumber_company",1,1,1,"Nonsense",1
"lump_sum_required_compliance_activities",1,1,1,"Nonsense",1
"lydon_1968",1,1,1,"Reference",1
"lynn_compton",1,1,1,"Person",1
"lynn_phillips",1,1,1,"Person",1
"lynn_wheat",1,1,1,"Person",1
"lynne_bogetti",1,1,1,"Person",1
"m_mukae",1,1,1,"Person",1
"ma_creation_management_areas",1,1,1,"Geographic_Unit",0
"mab_north",1,1,1,"Geographic_Unit",1
"macdoel_waterworks",1,1,1,"District",1
"macgillivray_jones",1,1,1,"Person",1
"machlin",1,1,1,"Nonsense",1
"madchow25",1,1,1,"Nonsense",1
"madeline",1,1,1,"City",0
"madera_canal_and_flood_diversions",1,1,1,"Infrastructure",1
"madera_canal_and_flood_diversions_data",1,1,1,"Technical",0
"madera_chowchilla_groundwater_monitoring_group",1,1,1,"Group",0
"madera_chowchilla_water_and",1,1,1,"Nonsense",1
"madera_city_hall",1,1,1,"Local_Gov",1
"madera_community_college_center_max_expansion_fixed",1,1,1,"Infrastructure",1
"madera_county_chowchilla_groundwater_sustainability_agency",1,1,1,"Other_GSA",0
"madera_county_code",1,1,1,"Legal",0
"madera_county_elevation_monitoring_statewide_groundwater_elevation_monitoring",1,1,1,"Technical",0
"madera_county_library",1,1,1,"Nonsense",1
"madera_county_office_of_education",1,1,1,"Local_Gov",1
"madera_county_superior_court",1,1,1,"Nonsense",1
"madera_draft",1,1,1,"Reference",1
"madera_farm_bureau_committee",1,1,1,"Group",0
"madera_farm_madera",1,1,1,"Nonsense",1
"madera_farm_projects",1,1,1,"Water_Project",0
"madera_groundwater",1,1,1,"Basin",1
"madera_id_groundwater_sustainability_agency",1,1,1,"Other_GSA",0
"madera_integrated_regional_water_management_plan",1,1,1,"Technical",0
"madera_irrigation_district_and",1,1,1,"District",1
"madera_irrigation_district_deliveries",1,1,1,"District",1
"madera_irrigation_district_groundwater_sustainability_agency_board_of_directors",1,1,1,"Group",0
"madera_irrigation_district_groundwater_sustainability_agency_canal_system",1,1,1,"Infrastructure",1
"madera_irrigation_district_groundwater_sustainability_agency_implementation",1,1,1,"District",1
"madera_subbasin_coordinating",1,1,1,"Group",1
"madera_subbasin_coordination",1,1,1,"Group",1
"madera_subbasin_domestic",1,1,1,"Geographic_Unit",1
"madera_subbasin_sustainable_groundwater_management",1,1,1,"Legal",1
"madera_unified_school_district_seeking_council_approval",1,1,1,"Nonsense",1
"madera_water_district_board_of_directors",1,1,1,"Group",0
"madera_water_district_groundwater_sustainability_agency_board_of_directors",1,1,1,"Group",0
"madera_water_water_district",1,1,1,"District",0
"maderachowchilla_groundwater_monitoring_group",1,1,1,"Group",0
"madrone",1,1,1,"Nonsense",1
"magalia",1,1,1,"City",0
"magnesium",1,1,1,"Nonsense",1
"main_i_canal",1,1,1,"Infrastructure",1
"main_napa_valley_floor_lsce",1,1,1,"Natural_Feature",1
"main_street_bridge",1,1,1,"District",0
"maine_prairie",1,1,1,"District",1
"mainsite",1,1,1,"Nonsense",1
"mainstem",1,1,1,"Natural_Feature",1
"maintain",1,1,1,"Nonsense",1
"maintain_and",1,1,1,"Nonsense",1
"maintain_data_management_system",1,1,1,"Technical",0
"maintained_sustainability_code_description_download",1,1,1,"Reference",1
"maintaining",1,1,1,"Nonsense",1
"major_concerns_or_challenges",1,1,1,"Nonsense",1
"major_hydraulic",1,1,1,"Nonsense",1
"major_land",1,1,1,"Geographic_Unit",1
"major_land_use_divisions",1,1,1,"Geographic_Unit",1
"major_streams",1,1,1,"Natural_Feature",1
"malaga_county_water_district_wastewater_plant",1,1,1,"Infrastructure",1
"mallard_slough",1,1,1,"Natural_Feature",0
"manage_recharge",1,1,1,"Nonsense",1
"managed_aquifer_recharge_project",1,1,1,"Water_Project",0
"management_action_1",1,1,1,"Nonsense",1
"management_action_description",1,1,1,"Nonsense",1
"management_actions_management",1,1,1,"Nonsense",1
"management_area_1",1,1,1,"Geographic_Unit",1
"management_area_advisory_committees",1,1,1,"Group",0
"management_area_e",1,1,1,"Geographic_Unit",1
"management_area_k",1,1,1,"Geographic_Unit",1
"management_area_plan",1,1,1,"Technical",0
"management_area_status",1,1,1,"Technical",1
"management_areas_1",1,1,1,"Reference",1
"management_areas_c",1,1,1,"Group",1
"management_criteria",1,1,1,"Legal",1
"management_dairy_farmers",1,1,1,"Group",1
"management_for_contractors",1,1,1,"Nonsense",1
"management_monitoring_areas",1,1,1,"Geographic_Unit",0
"management_of_groundwater_extractions_and",1,1,1,"Nonsense",1
"management_of_groundwater_use_and",1,1,1,"Nonsense",1
"management_operations",1,1,1,"Nonsense",1
"management_practices_evaluation_program_committee",1,1,1,"Group",0
"management_processes",1,1,1,"Nonsense",1
"management_project_name_action_type",1,1,1,"Nonsense",1
"management_project_name_organization_action_type_structural_1",1,1,1,"Nonsense",1
"management_zone_6",1,1,1,"Geographic_Unit",1
"manana",1,1,1,"Nonsense",1
"mandalay_county_park",1,1,1,"Local_Gov",1
"mandalay_state_beaches",1,1,1,"Natural_Feature",1
"manejo_de_recursos",1,1,1,"Nonsense",1
"mankinen",1,1,1,"Person",1
"mansionette_estates",1,1,1,"Nonsense",1
"manteca_general_plan",1,1,1,"Technical",0
"manual",1,1,1,"Reference",1
"manure_management_plan",1,1,1,"Technical",0
"many",1,1,1,"Nonsense",1
"mapbook",1,1,1,"Reference",1
"mapping_of_evapotranspiration_with",1,1,1,"Technical",1
"marin_counties",1,1,1,"Geographic_Unit",1
"marina_coast_water_district_groundwater_sustainability_agency_board",1,1,1,"Group",0
"marina_groundwater_sustainability_agency_area",1,1,1,"Geographic_Unit",0
"marine_fisheries_service",1,1,1,"Federal_Gov",1
"marisa",1,1,1,"Person",1
"marisa_hernandez",1,1,1,"Person",1
"marisa_martinez",1,1,1,"Person",1
"marisa_perez_reyes",1,1,1,"Person",1
"marjorie_b_sellers",1,1,1,"Person",1
"mark_merri",1,1,1,"Person",1
"mark_orme",1,1,1,"Person",1
"marlaigne_k_dumaine",1,1,1,"Person",1
"martha_flores",1,1,1,"Person",1
"mary_adams",1,1,1,"Infrastructure",0
"mathias",1,1,1,"Nonsense",1
"matilija_dams",1,1,1,"Infrastructure",0
"matrix_spike_access",1,1,1,"Technical",1
"matters",1,1,1,"Nonsense",1
"matthew_bogetti",1,1,1,"Person",1
"matthew_d_lindsey",1,1,1,"Person",1
"maureen_teubert",1,1,1,"Person",1
"mav",1,1,1,"District",1
"maximum_benefit_objectives",1,1,1,"Legal",1
"maximum_contaminant_level_exceedances",1,1,1,"Technical",1
"maximum_contaminant_level_us",1,1,1,"Legal",1
"maximum_contaminant_levels_monterey_countypwd",1,1,1,"District",0
"maximum_likelihood_bayesian_model",1,1,1,"Technical",0
"maxwell_irrigation_district",1,1,1,"District",0
"may_limit_operational_flexibility",1,1,1,"Nonsense",1
"mayfly_insects_enallagma",1,1,1,"Natural_Feature",1
"mbdm",1,1,1,"Nonsense",1
"mc_groundwater_sustainability_agency_board_of_directors",1,1,1,"Group",0
"mcalister_nested_monitoring_wells",1,1,1,"Technical",0
"mcallister_ranch",1,1,1,"Nonsense",1
"mcallister_ranch_water_banking_project",1,1,1,"Water_Project",0
"mcateer_petris_act",1,1,1,"Legal",0
"mcdm",1,1,1,"Nonsense",1
"mcewen_brothers_water_system",1,1,1,"Natural_Feature",0
"mcfarland_groundwater_sustainability_agency",1,1,1,"Other_GSA",0
"mcguire",1,1,1,"Person",1
"mcintire_creek",1,1,1,"Natural_Feature",0
"mckinleyville",1,1,1,"City",0
"mclaughlin_et_al_2008",1,1,1,"Reference",1
"mcmc",1,1,1,"Group",1
"mcnabb_creek",1,1,1,"Natural_Feature",0
"mcnell",1,1,1,"Nonsense",1
"mcnulty_slough",1,1,1,"Natural_Feature",0
"mcwd6",1,1,1,"District",0
"mcwra_board_of_directors_or",1,1,1,"Group",1
"mcwra_reservoir_operations_advisory_committee",1,1,1,"Group",0
"mcwra_water_transfer_project",1,1,1,"Water_Project",0
"mdbm_the_deer_creek",1,1,1,"Natural_Feature",0
"mdc",1,1,1,"District",1
"meadowbrook_farms",1,1,1,"Geographic_Unit",1
"mean_total",1,1,1,"Nonsense",1
"measurable_objective_for_chronic_lowering_of_groundwater_levels",1,1,1,"Technical",1
"measurable_objective_for_reduction_of_groundwater_storage",1,1,1,"Technical",1
"measurable_objectives_for_interconnected_surface_waters",1,1,1,"Technical",1
"measurable_objectives_for_subsidence_3231",1,1,1,"District",0
"measurable_objectives_monitoring_networks",1,1,1,"Technical",0
"measured",1,1,1,"Nonsense",1
"measured_accretions",1,1,1,"Technical",1
"measures",1,1,1,"Nonsense",1
"measuring_water_levels",1,1,1,"Technical",1
"mechoopda_indian_tribe",1,1,1,"Group",1
"media_contacts_working_group",1,1,1,"Group",0
"medium_priority",1,1,1,"Nonsense",1
"meeting",1,1,1,"Nonsense",1
"meeting_co_host",1,1,1,"Nonsense",1
"meeting_inventory_table",1,1,1,"Reference",0
"meets_sustainable_management_criteria_sustainable_goal_development_water",1,1,1,"Technical",1
"meiss_ranch_company",1,1,1,"Company",1
"mel_senna_brake_service",1,1,1,"Nonsense",1
"melissa_fryer",1,1,1,"Person",1
"mello_roos_community_facilities_act",1,1,1,"Legal",0
"memoranda",1,1,1,"Reference",1
"memoranda_of_understanding",1,1,1,"Legal",1
"memorandum_of_agreement_to_jointly_form",1,1,1,"Legal",1
"memorandum_of_understanding_for_cooperation_and_coordination_of_the_kaweah",1,1,1,"Legal",1
"memorandums_of_understanding",1,1,1,"Legal",1
"mendocino_city_community_services_district",1,1,1,"District",0
"mendocino_college",1,1,1,"Nonsense",1
"mendocino_range",1,1,1,"Natural_Feature",1
"mendota_pool_group_monitoring_and_reporting_program",1,1,1,"Technical",0
"mendota_subbasin_groundwater_sustainability_plan_groups",1,1,1,"Group",0
"menifee_desalters",1,1,1,"Infrastructure",1
"menifee_environmental_and",1,1,1,"Nonsense",1
"menifee_groundwater_management_zone",1,1,1,"Geographic_Unit",0
"menifee_subwatershed",1,1,1,"Geographic_Unit",1
"mentis",1,1,1,"Nonsense",1
"menu",1,1,1,"Nonsense",1
"merced_chowchilla_subbasin",1,1,1,"Basin",0
"merced_chowchilla_water_transfer_intertie",1,1,1,"Water_Project",1
"merced_co_groundwater_sustainability_agency_board_of_directors",1,1,1,"Group",0
"merced_county_administration_building",1,1,1,"Infrastructure",1
"merced_county_building",1,1,1,"Infrastructure",1
"merced_county_community_plans_community",1,1,1,"Group",0
"merced_county_division_of_environmental_health",1,1,1,"Local_Gov",1
"merced_county_general_plan_agricultural_element",1,1,1,"Reference",1
"merced_county_general_plan_water_element",1,1,1,"Reference",1
"merced_county_groundwater_ordinance",1,1,1,"Legal",0
"merced_county_merced_county",1,1,1,"County",0
"merced_county_parcels",1,1,1,"Data_System",1
"merced_farm_bureau",1,1,1,"NGO",1
"merced_farm_groundwater_sustainability_plan_advisory",1,1,1,"Group",1
"merced_groundwater_subbasin_groundwater_sustainability",1,1,1,"Basin",1
"merced_groundwater_sustainability_overview",1,1,1,"Reference",1
"merced_groundwater_sustainability_plan_stakeholder_and_coordinating_committee_meetings",1,1,1,"Group",1
"merced_id",1,1,1,"District",0
"merced_intertie",1,1,1,"Infrastructure",1
"merced_merced_county_department",1,1,1,"Group",0
"merced_subbasin_community_workshop",1,1,1,"Group",1
"merced_subbasin_community_workshops",1,1,1,"Group",1
"merced_subbasin_draft_groundwater_sustainabilityplan",1,1,1,"Technical",0
"merced_subbasin_groundwater_sustainability_agency_board",1,1,1,"Group",0
"merced_subbasin_groundwater_sustainability_plan_community",1,1,1,"Group",0
"merced_subbasin_groundwater_sustainability_plan_community_workshop",1,1,1,"Group",1
"merced_subbasin_groundwater_sustainability_plan_community_workshops",1,1,1,"Group",1
"merced_subbasin_memorandum",1,1,1,"Reference",1
"merced_subbasin_sustainability_goal",1,1,1,"Legal",1
"merced_subbasins",1,1,1,"Basin",0
"merced_water_resources",1,1,1,"Local_Gov",1
"mercedsunstar",1,1,1,"Nonsense",1
"merchant_street",1,1,1,"Nonsense",1
"meredith_niles",1,1,1,"Person",1
"meridian_farms_water_company",1,1,1,"District",0
"mesa_verde_estates_specific_plan",1,1,1,"Technical",0
"mesozoic_sierran",1,1,1,"Natural_Feature",1
"metals_metals",1,1,1,"Nonsense",1
"meter_ysi_pro_plus_oxygen",1,1,1,"Infrastructure",1
"metered",1,1,1,"Nonsense",1
"metered_high",1,1,1,"Nonsense",1
"metering_infrastructure",1,1,1,"Infrastructure",1
"methods_data_information",1,1,1,"Natural_Feature",0
"metrics",1,1,1,"Technical",1
"metropolitan_bakersfield_sphere_of_influence_area",1,1,1,"Geographic_Unit",0
"metropolitan_facilities",1,1,1,"Infrastructure",1
"metropolitan_golf_links",1,1,1,"Nonsense",1
"metzgar",1,1,1,"Nonsense",1
"meyer",1,1,1,"Person",1
"meyers_farms",1,1,1,"Nonsense",1
"mf_kane",1,1,1,"Person",1
"mg_l_us_environmental_protection_agency",1,1,1,"Group",0
"mga_board_meeting",1,1,1,"Group",1
"mga_bylaws",1,1,1,"Legal",0
"mga_communication_and_engagement_plan",1,1,1,"Technical",0
"mgsa_coordiantion_agreement_board_of_directors_regular_meeting_sep_12",1,1,1,"Group",1
"mha_environmental_consulting",1,1,1,"Company",1
"mi_groundwater_supplies",1,1,1,"Natural_Feature",1
"mi_municipal_and",1,1,1,"Nonsense",1
"mi_surface_water_supplies",1,1,1,"Natural_Feature",1
"micaela_a_mejia",1,1,1,"Person",1
"michael",1,1,1,"Person",1
"michelson_lab",1,1,1,"Nonsense",1
"microsoft_excel_or_access",1,1,1,"Technical",1
"mid_county_basin_model_integration",1,1,1,"Technical",0
"mid_valley_disposal_site",1,1,1,"District",0
"mid_valley_water_district",1,1,1,"District",0
"middle_cosumnes",1,1,1,"District",0
"migration_of_contaminated_groundwater_active",1,1,1,"Technical",1
"mike_cloud",1,1,1,"Person",1
"mike_jenkins",1,1,1,"Person",1
"mile76",1,1,1,"Nonsense",1
"milepost",1,1,1,"Nonsense",1
"milepost_29339",1,1,1,"Nonsense",1
"miles_bettencourt",1,1,1,"Person",1
"milestone_state_well_number",1,1,1,"Technical",1
"milk_species",1,1,1,"Nonsense",1
"mill_creek_mill_creek",1,1,1,"Natural_Feature",0
"mill_creeks",1,1,1,"Natural_Feature",0
"millerton_friant_dam",1,1,1,"Infrastructure",0
"millrace_creek",1,1,1,"Natural_Feature",0
"minh_c_tran",1,1,1,"Person",1
"minimum_threshold_development_consistent",1,1,1,"Legal",1
"minimum_thresholds_and_measure_objectives",1,1,1,"Technical",1
"miocene_pliocene_mehrten_formation",1,1,1,"Natural_Feature",0
"miocene_valley_springs_formation",1,1,1,"Natural_Feature",0
"miossi_creek",1,1,1,"Natural_Feature",0
"mission_and_principles_of_participation",1,1,1,"Reference",1
"mission_hills_community_service_district_mission_hills_community_services_district",1,1,1,"District",0
"mission_indians",1,1,1,"Group",1
"mission_oaks",1,1,1,"Nonsense",1
"mission_resource_conservation_district",1,1,1,"District",0
"mississippi",1,1,1,"Geographic_Unit",1
"mit_department_of",1,1,1,"Nonsense",1
"mit_hard_public_disputes_program",1,1,1,"Group",1
"mitigation_framework",1,1,1,"Legal",1
"mjl",1,1,1,"Nonsense",1
"mkgsa_joint_powers_authority",1,1,1,"Group",0
"mn",1,1,1,"Nonsense",1
"mo_nitoring_data",1,1,1,"Technical",0
"model_21_model_codes_a",1,1,1,"Technical",0
"model_ad_hoc_group",1,1,1,"Group",0
"model_assumptions",1,1,1,"Technical",0
"model_assumptions_and_inputs_groundwater",1,1,1,"Technical",0
"model_development_groundwater_sustainability_agencies",1,1,1,"Group",0
"model_hydraulic_conductivity_distribution_hydraulic",1,1,1,"Technical",0
"model_input",1,1,1,"Technical",0
"model_integration",1,1,1,"Technical",0
"model_layer_2",1,1,1,"Technical",0
"model_layer_5",1,1,1,"Technical",0
"model_layer_development_and",1,1,1,"Technical",0
"model_layers_1",1,1,1,"Technical",0
"model_layers_2_and",1,1,1,"Technical",0
"model_reclaimed_pond",1,1,1,"Technical",0
"model_source_code_and_management_of_spatiotemporal_data",1,1,1,"Technical",0
"modeling",1,1,1,"Technical",0
"modeling_updates_4231_project_description",1,1,1,"Technical",0
"modernization_project",1,1,1,"Water_Project",0
"modesto_data",1,1,1,"Technical",0
"modesto_groundwater_sustainability_plan",1,1,1,"Technical",0
"modesto_id_management_area",1,1,1,"Geographic_Unit",0
"modesto_irrigation_district_domestic_water_treatment_plant",1,1,1,"Infrastructure",1
"modesto_reservoir",1,1,1,"Infrastructure",0
"modesto_subbasin_definition_of_undesirable_results",1,1,1,"Reference",1
"modesto_subbasin_plan",1,1,1,"Technical",0
"modflow_multi_node_well",1,1,1,"Technical",0
"modflow_rch",1,1,1,"Technical",0
"modflow_usg_groundwater_discharge_to",1,1,1,"Technical",0
"modflow_usg_septic_system_percolation_data",1,1,1,"Technical",0
"modflow_usg_subsurface_inflow_beneath_castaic_dam",1,1,1,"Infrastructure",0
"modflw_surfac",1,1,1,"Technical",1
"modify",1,1,1,"Nonsense",1
"modify_monterey",1,1,1,"Nonsense",1
"modify_monterey_one_water_recycled_water",1,1,1,"Water_Project",1
"modlow",1,1,1,"Nonsense",1
"modoc_county_boards_of_supervisors",1,1,1,"Local_Gov",1
"modoc_county_environmental_health_department",1,1,1,"Group",0
"modoc_county_water_well_requirements",1,1,1,"Legal",1
"modoc_county_watermaster",1,1,1,"Local_Gov",1
"modular",1,1,1,"Nonsense",1
"moeser",1,1,1,"Person",1
"mogwl",1,1,1,"Nonsense",1
"mohamed_nassar",1,1,1,"Person",1
"mohrland_mutural_water_co",1,1,1,"Company",1
"mojave_pistachios",1,1,1,"Company",1
"mojave_san",1,1,1,"District",1
"mokelumne_aqueduct",1,1,1,"Infrastructure",1
"mokelumne_river_hydroelectric_project",1,1,1,"Water_Project",0
"mokelumne_river_loss_study",1,1,1,"Technical",1
"molly_thurman",1,1,1,"Person",1
"monica_mtns",1,1,1,"Natural_Feature",1
"monica_sanchez",1,1,1,"Person",1
"monitored_charnock_no",1,1,1,"Technical",0
"monitored_for_groundwater_levels",1,1,1,"Technical",0
"monitored_subsidence_stations",1,1,1,"Technical",0
"monitoring_5",1,1,1,"Technical",0
"monitoring_and_adaptive_management",1,1,1,"Technical",0
"monitoring_and_data_collection",1,1,1,"Technical",0
"monitoring_and_evaluation_reports",1,1,1,"Technical",0
"monitoring_and_management_program_limitations_on_operational_flexibility",1,1,1,"Technical",0
"monitoring_data",1,1,1,"Technical",0
"monitoring_data_entry_monitoring",1,1,1,"Technical",0
"monitoring_frequency",1,1,1,"Technical",0
"monitoring_future",1,1,1,"Technical",0
"monitoring_network_chapter",1,1,1,"Technical",0
"monitoring_network_improvements",1,1,1,"Technical",0
"monitoring_networks_and_identification_of_data",1,1,1,"Technical",0
"monitoring_networks_and_identification_of_data_gaps_best_management_practice",1,1,1,"Technical",0
"monitoring_networks_data",1,1,1,"Technical",0
"monitoring_networks_monitoring",1,1,1,"Technical",0
"monitoring_programs_beyond",1,1,1,"Technical",0
"monitoring_progress_toward_measurable_objectives",1,1,1,"Technical",0
"monitoring_protocols_for_data_collection_and_monitoring_pursuant",1,1,1,"Technical",0
"monitoring_protocols_for_data_collection_and_monitoring_sample",1,1,1,"Technical",0
"monitoring_protocols_for_data_collection_and_monitoring_the_san_joaquin_riverec",1,1,1,"Technical",0
"monitoring_protocols_monitoring",1,1,1,"Technical",0
"monitoring_reporting_program",1,1,1,"Technical",0
"monitoring_site_selection_process_considerations",1,1,1,"Technical",0
"monitoring_wells_owned",1,1,1,"Technical",0
"monitors",1,1,1,"Technical",0
"mono_county_code",1,1,1,"Legal",0
"mono_county_general_plan_2015",1,1,1,"Reference",1
"monroeville",1,1,1,"Geographic_Unit",1
"monson",1,1,1,"City",0
"montalvo",1,1,1,"Nonsense",1
"montecito_consistent",1,1,1,"Nonsense",1
"montecito_groundwater_basin_technical_advisory_committee",1,1,1,"Group",0
"montecito_growth_management_ordinance",1,1,1,"Legal",0
"montecito_water_district_advisory_committee",1,1,1,"Group",0
"montecito_water_district_montecito_groundwater_sustainability_agency",1,1,1,"Other_GSA",0
"monterey_aquifer_subbasin_groundwater_sustainability_plan",1,1,1,"Technical",0
"monterey_aquifers",1,1,1,"Natural_Feature",0
"monterey_bay_groundwater_sustainability_agency",1,1,1,"Other_GSA",0
"monterey_board_of_supervisors",1,1,1,"Group",0
"monterey_counties",1,1,1,"Local_Gov",1
"monterey_county_department_of",1,1,1,"Nonsense",1
"monterey_county_environmental_health",1,1,1,"Local_Gov",1
"monterey_county_environmental_health_services",1,1,1,"Local_Gov",1
"monterey_county_water_resources_advisory_committee_regular_meeting",1,1,1,"Group",1
"monterey_herald",1,1,1,"NGO",1
"monterey_one_water",1,1,1,"District",1
"monterey_peninsula_region",1,1,1,"Geographic_Unit",0
"monterey_peninsula_water_management_district_fo09",1,1,1,"District",1
"monterey_peninsula_water_project",1,1,1,"Water_Project",0
"monterey_regional_water_pollution_control_agency",1,1,1,"Group",0
"monterey_shale_and",1,1,1,"Nonsense",1
"monterey_shale_formations",1,1,1,"Natural_Feature",0
"monterey_subbasin_conceptual",1,1,1,"Technical",1
"monterey_subbasin_cross_section_locations",1,1,1,"Reference",0
"monterey_subbasin_of",1,1,1,"Basin",1
"monterey_subbasin_subbasin",1,1,1,"Basin",0
"month",1,1,1,"Nonsense",1
"monthly",1,1,1,"Nonsense",1
"monthly_scotts_valley_water",1,1,1,"Technical",1
"mootamai",1,1,1,"Nonsense",1
"mordeckai",1,1,1,"Nonsense",1
"morongo_band_of_mission",1,1,1,"Local_Gov",1
"morro_bay",1,1,1,"City",0
"morro_coast_audubon_society",1,1,1,"NGO",1
"mosquito_ditch",1,1,1,"Infrastructure",1
"moss_landing_state_beach",1,1,1,"Natural_Feature",1
"moss_landing_wildlife_area",1,1,1,"Geographic_Unit",0
"motion",1,1,1,"Nonsense",1
"motivation_nevada_legislature",1,1,1,"Nonsense",1
"mound_basin_groundwater_sustainability_agency_bylaws",1,1,1,"Legal",0
"mound_to_oxnard",1,1,1,"Water_Project",1
"mount_hermon_association_groundwater_management_monitoring_program",1,1,1,"Technical",0
"mount_hermon_association_groundwater_management_monitoring_program_reference_point_primary_producing",1,1,1,"Technical",0
"mount_hermon_association_groundwater_monitoring_and_management",1,1,1,"Technical",0
"mountain_block",1,1,1,"Natural_Feature",1
"mountain_front",1,1,1,"Geographic_Unit",1
"mountain_house_community_services_district_urban_water_management_plan",1,1,1,"Technical",0
"mountain_map",1,1,1,"Reference",0
"move",1,1,1,"Nonsense",1
"mpep_committee",1,1,1,"Group",0
"mpwmdfo9",1,1,1,"Nonsense",1
"ms",1,1,1,"Nonsense",1
"ms4_co_permittees",1,1,1,"Group",1
"ms4_copermittees",1,1,1,"Group",1
"msc",1,1,1,"Nonsense",1
"msd",1,1,1,"District",1
"mt_eden_formation",1,1,1,"Natural_Feature",0
"mt_ranch_flood",1,1,1,"Natural_Feature",1
"mukae_turner",1,1,1,"Person",1
"multi_benefit",1,1,1,"Nonsense",1
"multi_benefit_recharge",1,1,1,"Water_Project",1
"multi_family_residential",1,1,1,"District",0
"multi_groundwater_sustainability_agency",1,1,1,"Other_GSA",0
"multilateral",1,1,1,"Nonsense",1
"multilayer",1,1,1,"Nonsense",1
"multiple_data_sets",1,1,1,"Technical",0
"multiple_private_and_government_clients_and_projects",1,1,1,"Water_Project",0
"multipurpose",1,1,1,"Nonsense",1
"municipal_advisory_councils",1,1,1,"Group",0
"municipal_codes",1,1,1,"Legal",0
"municipal_community_well_operators",1,1,1,"Group",1
"municipal_pumping_municipal",1,1,1,"Technical",1
"municipal_service_review",1,1,1,"Reference",1
"must_include_additional_information",1,1,1,"Natural_Feature",0
"must_protect_against_significant_and",1,1,1,"Nonsense",1
"must_protect_against_significant_and_unreasonable",1,1,1,"Legal",1
"mustang_creek_flood_control",1,1,1,"District",1
"mutal_water_company",1,1,1,"Company",1
"mw4a",1,1,1,"Nonsense",1
"mw6a",1,1,1,"Nonsense",1
"mw_wl",1,1,1,"Nonsense",1
"my_scotts_valley",1,1,1,"Geographic_Unit",0
"my_scotts_valley_smgwa_board",1,1,1,"Group",0
"myrick_2007124",1,1,1,"Reference",1
"mystacides",1,1,1,"District",0
"n7_22_executive_order",1,1,1,"Legal",1
"n_22_020",1,1,1,"Nonsense",1
"n_a_0",1,1,1,"Nonsense",1
"n_a_832020",1,1,1,"Nonsense",1
"n_a_subsidence",1,1,1,"District",0
"n_annual",1,1,1,"Nonsense",1
"n_data",1,1,1,"Technical",0
"n_delta_groundwater_sustainability_agency",1,1,1,"Other_GSA",0
"n_l",1,1,1,"Nonsense",1
"n_notably",1,1,1,"Nonsense",1
"na_agricultural",1,1,1,"Nonsense",1
"na_model_output_output",1,1,1,"Technical",0
"nacimiento_water",1,1,1,"District",1
"nacimiento_water_release_management",1,1,1,"Group",1
"nad",1,1,1,"Nonsense",1
"napa_counties",1,1,1,"Local_Gov",1
"napa_county178",1,1,1,"Local_Gov",1
"napa_county_comprehensive_groundwater_monitoring_program",1,1,1,"Technical",0
"napa_county_data_management_system_data",1,1,1,"Technical",0
"napa_county_flood_control_district",1,1,1,"District",0
"napa_county_flood_control_district_and_water_conservation_district",1,1,1,"District",0
"napa_county_general_fund",1,1,1,"Local_Gov",1
"napa_county_groundwater_program_communication_and_education_plan",1,1,1,"Technical",0
"napa_county_groundwater_quality_monitoring",1,1,1,"Technical",0
"napa_county_groundwater_sustainability_agency_formation_the_basin_analysis_report",1,1,1,"Technical",0
"napa_county_groundwater_sustainability_agency_stakeholder_communication",1,1,1,"Technical",1
"napa_county_program_property",1,1,1,"Local_Gov",1
"napa_county_public_improvement_corporation",1,1,1,"Group",1
"napa_county_resource_conservation_district_groundwater_surface_water_connections_story_map",1,1,1,"Reference",0
"napa_county_stage",1,1,1,"Local_Gov",1
"napa_county_stream_watch",1,1,1,"Group",1
"napa_county_watershed",1,1,1,"Basin",1
"napa_county_williamson_act",1,1,1,"Legal",0
"napa_county_winery",1,1,1,"Nonsense",1
"napa_county_winery_definition_ordinance",1,1,1,"Legal",0
"napa_ecological_reserve",1,1,1,"Natural_Feature",1
"napa_lowlands",1,1,1,"Geographic_Unit",1
"napa_river_s022596",1,1,1,"Natural_Feature",1
"napa_sanitation_district_wastewater_treatment_plant_master_plan",1,1,1,"Technical",0
"napa_shown",1,1,1,"Nonsense",1
"napa_valley_agricultural_preserve",1,1,1,"Geographic_Unit",1
"napa_valley_floor_figure",1,1,1,"Reference",0
"napa_valley_geologic",1,1,1,"Technical",1
"napa_valley_integrated_hydrologic_model_development",1,1,1,"Technical",0
"napa_valley_subbasin_alternative",1,1,1,"Basin",1
"napa_valley_subbasin_groundwater_sustainability_plan_planned_projects_table",1,1,1,"Reference",0
"napa_valley_subbasin_interconnected_surface_water",1,1,1,"Natural_Feature",1
"napa_valley_subbasin_sustainable",1,1,1,"Basin",1
"napa_valley_unified_school_district",1,1,1,"District",0
"napacounty216s",1,1,1,"Geographic_Unit",1
"napacounty220s",1,1,1,"Geographic_Unit",1
"napacounty220s_swgw4",1,1,1,"District",1
"narrows_cross_section",1,1,1,"Reference",0
"narrows_nr_lompoc_ca_11133000",1,1,1,"Infrastructure",1
"nash",1,1,1,"Nonsense",1
"natalie_stork",1,1,1,"Person",1
"nation",1,1,1,"Nonsense",1
"national_agencies",1,1,1,"Group",0
"national_association_for_the_advancement_of_colored_people",1,1,1,"NGO",1
"national_cli",1,1,1,"Nonsense",1
"national_climactic_data_center",1,1,1,"Technical",0
"national_communities",1,1,1,"Group",0
"national_environmental_laboratory_accreditation_program_institute",1,1,1,"Group",1
"national_framework_for_ground",1,1,1,"Legal",1
"national_geodetic_survey_federal_information_processing_standard",1,1,1,"Federal_Gov",1
"national_geospatial_intelligence_agency",1,1,1,"Federal_Gov",0
"national_hydrographic_dataset",1,1,1,"Technical",0
"national_laboratory",1,1,1,"Group",1
"national_marine_fisheries_national_marine_fisheries_service",1,1,1,"Federal_Gov",1
"national_marine_fisheries_service_draft_biological_opinion_for",1,1,1,"Federal_Gov",1
"national_ocean_atmospheric_administration",1,1,1,"Federal_Gov",1
"national_oceanic_and_atmospheric_administration_additionally",1,1,1,"Federal_Gov",1
"national_oceanic_and_atmospheric_administration_fisheries_coastal_multispecies_recovery_plan",1,1,1,"Technical",0
"national_oceanic_and_atmospheric_administration_natural_communitiesei",1,1,1,"Federal_Gov",1
"national_oil_and_hazardous_substances_contingency_plan",1,1,1,"Technical",0
"national_pollutant_discharge_elimination_system_permit",1,1,1,"Legal",1
"national_pollutant_discharge_elimination_system_permit_program_authorized",1,1,1,"Legal",1
"national_pollution_discharge_elimination_system",1,1,1,"Legal",1
"national_renewable_energy_lab",1,1,1,"Federal_Gov",1
"national_water_information_sytem",1,1,1,"Data_System",1
"national_water_quality_assessment",1,1,1,"Technical",1
"national_water_quality_assessment_program",1,1,1,"Federal_Gov",1
"national_water_quality_laboratory_technical_memorandum",1,1,1,"Technical",0
"national_water_research_institute",1,1,1,"NGO",1
"national_weather_service_us_army_corps_of_engineers_us_bureau_of_reclamation_us_geological_survey",1,1,1,"Federal_Gov",1
"national_wetland_inventory_wetland_data",1,1,1,"Technical",0
"national_wildlife_refuge_system",1,1,1,"Federal_Gov",1
"nationõs",1,1,1,"Nonsense",1
"native_american_heritage_commission_sacred_lands_file",1,1,1,"Data_System",1
"native_the_department_of_defense_march_air",1,1,1,"Federal_Gov",1
"native_the_santa_ynez_band_of",1,1,1,"Group",1
"native_vegetation_and_rural_domestic",1,1,1,"Geographic_Unit",1
"native_vegetation_and_urban_areas_native",1,1,1,"Natural_Feature",1
"natomas_basin_conservancy",1,1,1,"District",1
"natomas_cross_canal_north_levee",1,1,1,"Infrastructure",1
"natomas_cross_canal_table",1,1,1,"Reference",0
"natomas_east_drain",1,1,1,"Infrastructure",1
"natural_channels_seepage_fraction",1,1,1,"Technical",1
"natural_communities_commonly",1,1,1,"Natural_Feature",1
"natural_communities_commonly_associated_with_groundwater_dataset_review_a_geographic_information_system",1,1,1,"Technical",0
"natural_communities_commonly_associated_with_groundwater_natural_communities",1,1,1,"Group",0
"natural_resource_conservation",1,1,1,"Group",1
"natural_resource_land_use_committee",1,1,1,"Group",0
"natural_resources",1,1,1,"Nonsense",1
"natural_resources_agency_open_data",1,1,1,"Technical",0
"natural_resources_agency_open_data_platform",1,1,1,"Technical",0
"natural_resources_conservation_division",1,1,1,"State_Gov",1
"natural_resources_conservation_service_conservation_innovation_grant",1,1,1,"Federal_Gov",1
"natural_resources_power_authority_conservation_service",1,1,1,"District",1
"nature",1,1,1,"Nonsense",1
"nature_conservancy_critical_species_lookbook",1,1,1,"NGO",1
"nature_conservancy_executive_summary",1,1,1,"Reference",1
"nature_conservancy_figure",1,1,1,"Reference",0
"nature_conservancy_notes",1,1,1,"NGO",1
"naval_air_weapons_station",1,1,1,"Infrastructure",1
"navigation_satellite_timing",1,1,1,"Technical",1
"navy_program_chemist",1,1,1,"Person",1
"naws_china_lake_monitoring_program",1,1,1,"Technical",0
"nccps_b",1,1,1,"Basin",1
"ncgwb_figure",1,1,1,"Reference",0
"ncr",1,1,1,"Geographic_Unit",1
"nd_groundwater_sustainability_agency",1,1,1,"Other_GSA",0
"ndpes",1,1,1,"Legal",1
"near_term_collaboration_structure",1,1,1,"Group",1
"nebraska",1,1,1,"State_Gov",1
"needs",1,1,1,"Nonsense",1
"needs_public_services_and_facilities_element_objective_psf1a",1,1,1,"Reference",1
"neha_hoskins",1,1,1,"Person",1
"nelson_et_al",1,1,1,"Reference",1
"neovison_vison_american_mink",1,1,1,"Natural_Feature",1
"nepal",1,1,1,"Geographic_Unit",1
"neswtf_expansion",1,1,1,"Water_Project",1
"net_subsurface",1,1,1,"Technical",1
"network_enrollment_and_expansion",1,1,1,"Technical",1
"nevada_irrigation_district_board_of_directors",1,1,1,"Group",0
"new_cuyama_family_resource_center",1,1,1,"Local_Gov",1
"new_cuyama_station",1,1,1,"Infrastructure",1
"new_facilities",1,1,1,"Infrastructure",1
"new_geologic_cross_sections",1,1,1,"Technical",1
"new_melones_project",1,1,1,"Water_Project",0
"new_mexico_tech_analysis_center",1,1,1,"Technical",1
"new_multilevel_monitoring_wells",1,1,1,"Technical",0
"new_planning_thresholds",1,1,1,"Legal",1
"new_stone_water_district_groundwater_sustainability_agency_board_of_directors",1,1,1,"Group",0
"new_well_information",1,1,1,"Natural_Feature",0
"new_well_permit_county",1,1,1,"County",0
"newberryi",1,1,1,"Nonsense",1
"newhall_ranch_service_area",1,1,1,"Geographic_Unit",0
"newman_spillway",1,1,1,"Infrastructure",1
"newport_beach",1,1,1,"City",0
"newsletter",1,1,1,"Nonsense",1
"newton_raphson",1,1,1,"Technical",1
"newville",1,1,1,"Nonsense",1
"nextdoorcom",1,1,1,"Company",1
"nf",1,1,1,"Nonsense",1
"ngo024",1,1,1,"Nonsense",1
"ngo_consortium",1,1,1,"Group",1
"ngos",1,1,1,"NGO",1
"nhrg",1,1,1,"Group",1
"nicholas_keller",1,1,1,"Person",1
"nicholas_m_johnson",1,1,1,"Person",1
"nicholson_et_al",1,1,1,"Reference",1
"nick_buckmaster",1,1,1,"Person",1
"nick_c_degroot_water_treatment_plant",1,1,1,"Infrastructure",1
"nick_turner",1,1,1,"Person",1
"nicolaus_sut",1,1,1,"District",1
"nielsen_recharge_basin",1,1,1,"Basin",0
"nimbus",1,1,1,"Infrastructure",1
"nipomo_mesa",1,1,1,"Geographic_Unit",1
"niswonger_and_prudic",1,1,1,"Reference",1
"niswonger_henson",1,1,1,"Person",1
"nitrate",1,1,1,"Natural_Feature",1
"nitrogen_tds_task_force",1,1,1,"Group",1
"no_board",1,1,1,"Group",0
"no_mf",1,1,1,"Nonsense",1
"no_natural_community_conservation_plans",1,1,1,"Technical",0
"no_sustainable_management_criteria",1,1,1,"Nonsense",1
"noble_creek_recharge_facility",1,1,1,"Infrastructure",1
"noco",1,1,1,"Company",1
"nomlaki_tuff",1,1,1,"Natural_Feature",1
"non",1,1,1,"Nonsense",1
"non_community_water_systems_a",1,1,1,"Technical",1
"non_district_east_management_area",1,1,1,"Geographic_Unit",0
"non_hydrolyzing",1,1,1,"Nonsense",1
"non_municipal_public_water_systems_additional",1,1,1,"Technical",1
"non_municipal_public_water_systems_water_use_napa_valley_water",1,1,1,"Technical",1
"non_potable_and_recycled_water",1,1,1,"Water_Project",1
"non_state_water_project",1,1,1,"Water_Project",0
"non_stormwater_best_management_practices",1,1,1,"Legal",1
"non_sustainable_groundwater_management_act",1,1,1,"Legal",0
"non_transient_non_community_water_systems",1,1,1,"Natural_Feature",0
"non_upper_ventura_riverga",1,1,1,"Basin",1
"none",1,1,1,"Nonsense",1
"none_none",1,1,1,"Nonsense",1
"nonmarine_pliocene",1,1,1,"Geographic_Unit",1
"nonprofit_california_protected_area",1,1,1,"State_Gov",0
"norco_on",1,1,1,"Local_Gov",1
"norco_urban_water_management",1,1,1,"Group",1
"nordhoff_peak",1,1,1,"Natural_Feature",1
"norm_brown",1,1,1,"Person",1
"normal_hydrology_forecast_period",1,1,1,"Technical",1
"normalized",1,1,1,"Nonsense",1
"normalized_difference_vegetation_index_audubon",1,1,1,"Technical",1
"north_american_conjunctive_use_program",1,1,1,"Group",1
"north_american_subbasin_draft",1,1,1,"Reference",1
"north_american_waterfowl_management_plan",1,1,1,"Technical",0
"north_and_south_delta_water_agencies",1,1,1,"Group",0
"north_bench_management",1,1,1,"Local_Gov",1
"north_carolina_superior_court",1,1,1,"Legal",1
"north_cell_infiltration",1,1,1,"Infrastructure",1
"north_coast_regional_water_control_board",1,1,1,"Group",0
"north_coast_resource",1,1,1,"Nonsense",1
"north_coast_resource_partnership_integrated_strategic_plan",1,1,1,"Technical",0
"north_delta_groundwater_sustainability_agency",1,1,1,"Other_GSA",0
"north_forbes_street",1,1,1,"Nonsense",1
"north_grasslands_wildlife_area",1,1,1,"Geographic_Unit",0
"north_kern_resource_conservation_district_mobile_irrigation_lab",1,1,1,"District",1
"north_kern_wsd",1,1,1,"District",1
"north_kings_groundwater_sustainability_agency_joint_powers_agreement",1,1,1,"Group",0
"north_kings_groundwater_sustainability_agency_management_structure_decisions",1,1,1,"Group",1
"north_management_area_for",1,1,1,"Geographic_Unit",1
"north_monterey_county",1,1,1,"County",0
"north_of_aptos_area",1,1,1,"Geographic_Unit",0
"north_of_aptos_area_faulting_current_groundwater_budget_similar",1,1,1,"Technical",1
"north_range_complex",1,1,1,"Geographic_Unit",1
"north_sacramento_river_corridor",1,1,1,"District",0
"north_sacramento_valley_board",1,1,1,"Group",0
"north_sacramento_valley_integrated_regional_water_management",1,1,1,"Group",1
"north_sacramento_valley_integrated_regional_water_medium_plan",1,1,1,"Technical",0
"north_san_diego_district",1,1,1,"District",0
"north_strategic_air_commandramento_county",1,1,1,"County",0
"north_tehama_street",1,1,1,"Nonsense",1
"north_temescal_wash_area",1,1,1,"Geographic_Unit",0
"north_yolo_management_area",1,1,1,"Geographic_Unit",0
"north_yuba_subbasin_surface",1,1,1,"Natural_Feature",1
"northern_agencies",1,1,1,"Group",0
"northern_buttonwillow_management_area",1,1,1,"Geographic_Unit",0
"northern_buttonwillow_service_area",1,1,1,"Geographic_Unit",0
"northern_california",1,1,1,"State_Gov",0
"northern_california_lower_pit_watershed",1,1,1,"State_Gov",0
"northern_region_office",1,1,1,"Local_Gov",1
"northern_sacramento_valley_integrated_regional_water_management_plan",1,1,1,"Technical",0
"northern_san_diego_county_invasive_non_native_species_control_program",1,1,1,"Group",1
"northfork_rancheria",1,1,1,"Local_Gov",1
"northwest_focus_area_water_budget_results_groundwater",1,1,1,"Technical",1
"northwest_kern_resource_conservation_district_contribution",1,1,1,"District",1
"northwest_quarter",1,1,1,"Geographic_Unit",1
"northwestern_delta_mendota",1,1,1,"Basin",1
"nos",1,1,1,"Nonsense",1
"note",1,1,1,"Nonsense",1
"notes_hydro_plant",1,1,1,"Infrastructure",1
"notes_i",1,1,1,"Nonsense",1
"notice_of_public_hearing",1,1,1,"Reference",1
"notices_of_intent",1,1,1,"Legal",1
"notification",1,1,1,"Nonsense",1
"npw",1,1,1,"Nonsense",1
"nrdc",1,1,1,"NGO",1
"nswd_groundwater_sustainability_agency",1,1,1,"Other_GSA",0
"nuestra_tierra",1,1,1,"NGO",1
"nuevo_menifee",1,1,1,"Geographic_Unit",1
"nuevo_water_company_archibek",1,1,1,"Company",1
"numbers_sub_article",1,1,1,"Nonsense",1
"nunez",1,1,1,"Person",1
"nursery",1,1,1,"Nonsense",1
"o_f",1,1,1,"Nonsense",1
"o_kuba_radio",1,1,1,"NGO",1
"o_l",1,1,1,"Nonsense",1
"o_mykiss_redd_construction",1,1,1,"Company",1
"o_putah_creek_council",1,1,1,"Group",0
"o_q",1,1,1,"Nonsense",1
"o_samantha_arthur",1,1,1,"Person",1
"o_territorial_dispatch_online_newspaper",1,1,1,"Nonsense",1
"oak",1,1,1,"Nonsense",1
"oak_knoll_ave",1,1,1,"Nonsense",1
"oak_ranch",1,1,1,"Nonsense",1
"oak_ridge_south_mountain",1,1,1,"District",0
"oak_savannah",1,1,1,"Natural_Feature",1
"oakdale_irrigation_discussion",1,1,1,"Group",1
"oakdale_recharge_to_benefit_groundwater",1,1,1,"Water_Project",1
"oakland_tribune_proof_of_publication_of_the_notice_of_public_hearing_to",1,1,1,"Reference",1
"oaklandberkeley_hills",1,1,1,"Geographic_Unit",1
"oawd_land_annexation",1,1,1,"District",0
"objective_name",1,1,1,"Nonsense",1
"objectives",1,1,1,"Nonsense",1
"observed_canopy_dieback",1,1,1,"Technical",1
"observed_thistle",1,1,1,"Nonsense",1
"october2018",1,1,1,"Nonsense",1
"of_groundwater",1,1,1,"Nonsense",1
"offers",1,1,1,"Nonsense",1
"offfocrs",1,1,1,"Nonsense",1
"office_of_county_counsel_board_of",1,1,1,"Group",1
"office_of_environmental_health_in",1,1,1,"Local_Gov",1
"office_of_ground_water_technical_memorandum",1,1,1,"Technical",0
"office_of_section",1,1,1,"Reference",0
"office_of_the_national_oceanic_and_atmospheric_administration",1,1,1,"Federal_Gov",1
"office_of_the_state_climatologist",1,1,1,"State_Gov",1
"office_of_water_use_efficiency",1,1,1,"State_Gov",1
"ohwd_agricultural_flood_managed_aquifer",1,1,1,"Natural_Feature",0
"ohwd_board_of_directors",1,1,1,"Group",0
"oil_gas",1,1,1,"Nonsense",1
"oilfield_reclaimed_water",1,1,1,"Natural_Feature",1
"ojai_syncline",1,1,1,"Natural_Feature",1
"ojai_valley_basins",1,1,1,"Basin",0
"ojai_water_system",1,1,1,"Natural_Feature",0
"oji_brothers_farm_inc",1,1,1,"Company",1
"oji_family_partnership",1,1,1,"Company",1
"oklahoma",1,1,1,"State_Gov",1
"olaf_p_jenkins_edition",1,1,1,"Nonsense",1
"olcese_groundwater_sustainability_agency_statewide_groundwater_elevation_monitoring",1,1,1,"Technical",0
"olcese_water_district_gsa",1,1,1,"Other_GSA",0
"old_alluvium",1,1,1,"Natural_Feature",0
"older_alluvium_terrace_deposits",1,1,1,"Natural_Feature",1
"olivarez_madruga",1,1,1,"Person",1
"olive_clubtail_insects",1,1,1,"Natural_Feature",1
"olympic_wellfield_groundwater_monitoring",1,1,1,"Technical",0
"olympic_wellfield_restoration",1,1,1,"Water_Project",1
"omochumne_hartnell",1,1,1,"Local_Gov",1
"omochumne_hartnell_2",1,1,1,"District",1
"omochumne_hartnell_water_district_board_of_directors",1,1,1,"Group",0
"on_climate_change",1,1,1,"Nonsense",1
"on_farm_management_actions_table",1,1,1,"Reference",0
"on_farm_recharge",1,1,1,"Water_Project",1
"on_figure",1,1,1,"Reference",0
"on_permit_nos",1,1,1,"Data_System",1
"oncorhynchus_central_valley",1,1,1,"Geographic_Unit",0
"oncorhynchus_middle_eel_river_tributaries_and",1,1,1,"District",0
"one_valley_one_vision",1,1,1,"Group",1
"oneill",1,1,1,"Nonsense",1
"ongoing_communication_and_public_outreach",1,1,1,"Group",1
"onsite_wastewater_treatment_systems",1,1,1,"Infrastructure",1
"open_house",1,1,1,"Nonsense",1
"open_space_and_conservation",1,1,1,"Group",1
"open_space_element",1,1,1,"Reference",1
"operating_budgets",1,1,1,"Nonsense",1
"operation",1,1,1,"Nonsense",1
"operation_of_the_swp",1,1,1,"Water_Project",1
"operational",1,1,1,"Nonsense",1
"operations_and_maintenance",1,1,1,"Technical",1
"operator",1,1,1,"Nonsense",1
"opportunities",1,1,1,"Nonsense",1
"opportunities_for_engagement_opportunities",1,1,1,"Nonsense",1
"opti_public_user_guide",1,1,1,"District",0
"oral",1,1,1,"Nonsense",1
"orange_counties",1,1,1,"Local_Gov",1
"orange_county_district",1,1,1,"District",0
"orange_county_sanitation_district",1,1,1,"District",0
"orange_vale_water_company",1,1,1,"Company",1
"ord_ferry",1,1,1,"Infrastructure",1
"ord_subareas",1,1,1,"Geographic_Unit",0
"ord_subbasin",1,1,1,"Basin",0
"ordergranting_cross_complainant",1,1,1,"Legal",1
"ordi_nance",1,1,1,"Nonsense",1
"ordovician",1,1,1,"Natural_Feature",1
"orestimba_creek_recharge_and_recovery_the_orestimba_creek_recharge_and_recovery_project",1,1,1,"Water_Project",0
"organization_and_management_structure",1,1,1,"Nonsense",1
"organization_and_management_structure_of",1,1,1,"Nonsense",1
"organization_and_management_structure_of_the",1,1,1,"Nonsense",1
"organization_and_management_structure_reclamation_district_no",1,1,1,"District",1
"organization_management_and_structure_of",1,1,1,"Nonsense",1
"organizational_internal",1,1,1,"Nonsense",1
"organized_for_relational_power_in_action",1,1,1,"Nonsense",1
"orland_public_works",1,1,1,"Local_Gov",1
"orm_ation_obtaine_d",1,1,1,"Nonsense",1
"oro_loma",1,1,1,"District",1
"oro_loma_sanitary_district_oro_loma_sanitary_district",1,1,1,"District",0
"oroville",1,1,1,"City",0
"oroville_sustainable_code_updates",1,1,1,"Legal",1
"os_12",1,1,1,"Reference",1
"ota_region_groundwater_sustainability_agency_knowledge",1,1,1,"Group",1
"other_groundwater_quality_groundwater",1,1,1,"Natural_Feature",1
"other_monitoring_and_management_programs",1,1,1,"Technical",0
"other_om",1,1,1,"Nonsense",1
"other_representatives",1,1,1,"Group",1
"other_water_management",1,1,1,"Group",1
"outflows_groundwater_system",1,1,1,"Natural_Feature",0
"output_control_output_control",1,1,1,"Nonsense",1
"outreach_and_communication",1,1,1,"Group",1
"outreach_and_education",1,1,1,"Group",1
"outreach_and_engagement_activities",1,1,1,"Group",1
"outreach_montecito_groundwater_sustainability_agency",1,1,1,"Other_GSA",0
"outreach_resources_tools",1,1,1,"Technical",1
"outreach_team",1,1,1,"Group",1
"overlapped",1,1,1,"Nonsense",1
"overlying",1,1,1,"Legal",1
"overview_analysis_for",1,1,1,"Nonsense",1
"overview_of_agricultural_resources",1,1,1,"Reference",1
"overview_of_data_sources",1,1,1,"Technical",0
"overview_of_the_water_problem",1,1,1,"Reference",1
"owens_hydrologic_unit",1,1,1,"Geographic_Unit",1
"owens_owens",1,1,1,"Nonsense",1
"owens_valley_ecological_value",1,1,1,"Natural_Feature",1
"owens_valley_fraxinus",1,1,1,"Natural_Feature",1
"owens_valley_groundwater_authority_assessment",1,1,1,"Technical",1
"owens_valley_groundwater_authority_directors",1,1,1,"Group",1
"owens_valley_groundwater_authority_executive_manager",1,1,1,"Person",1
"oxnard_board",1,1,1,"Group",0
"oxnard_criteria",1,1,1,"Reference",1
"p196",1,1,1,"Reference",1
"p_column",1,1,1,"Nonsense",1
"pacheco_reservoir_expansion",1,1,1,"Water_Project",1
"pacific",1,1,1,"Natural_Feature",1
"pacific_bell_telephone_company",1,1,1,"Company",1
"pacific_blackberry",1,1,1,"Natural_Feature",1
"pacific_coast_chinook",1,1,1,"Natural_Feature",1
"pacific_coast_highway",1,1,1,"Infrastructure",1
"pacific_fishery_management_council",1,1,1,"Group",0
"pacific_gas_and_electric_mgp",1,1,1,"Company",1
"pacific_gas_electric_company",1,1,1,"Company",1
"pacific_pipelines_superfund_site",1,1,1,"Natural_Feature",1
"pacific_theater",1,1,1,"Nonsense",1
"padre_study",1,1,1,"Technical",1
"page_240",1,1,1,"Reference",0
"page_251",1,1,1,"Reference",0
"page_286",1,1,1,"Reference",0
"pages",1,1,1,"Nonsense",1
"pajaro_valley_groundwater_sub_basin",1,1,1,"Basin",0
"palm_springs",1,1,1,"City",0
"palms",1,1,1,"Nonsense",1
"palms_groundwater_banking_and_recharge_project",1,1,1,"Water_Project",0
"paloma_clay",1,1,1,"Natural_Feature",0
"pan_evaporation_data",1,1,1,"Technical",0
"pandas",1,1,1,"Nonsense",1
"panday_et_al_2013",1,1,1,"Reference",1
"panoche_drainage_district",1,1,1,"District",0
"para_más_información",1,1,1,"Nonsense",1
"parameter_regression_for_independent_slopes_model",1,1,1,"Technical",0
"parameterization",1,1,1,"Nonsense",1
"pardee_and",1,1,1,"Nonsense",1
"pardee_dam_and_reservoir",1,1,1,"Infrastructure",0
"pardee_dam_reservoir_pardee_reservoir",1,1,1,"Infrastructure",0
"paregien_flood_control_and_recharge_project",1,1,1,"Water_Project",0
"parkfield",1,1,1,"Geographic_Unit",1
"parks_and_recreation",1,1,1,"Local_Gov",1
"parry_klassen",1,1,1,"Person",1
"participation",1,1,1,"Nonsense",1
"participation_percentage",1,1,1,"Nonsense",1
"partner_agencies",1,1,1,"Group",0
"partners_for_fish_wildlife",1,1,1,"NGO",1
"party_of_the_moa",1,1,1,"Group",1
"pask",1,1,1,"Nonsense",1
"paso_basin_cooperative_committee",1,1,1,"Group",0
"paso_creek",1,1,1,"Natural_Feature",0
"paso_robles_city_council",1,1,1,"Group",0
"paso_robles_city_council_chambers",1,1,1,"Infrastructure",1
"paso_robles_formation_and_careaga_sand_formation",1,1,1,"Natural_Feature",0
"paso_robles_formation_aquifer_figure",1,1,1,"Reference",0
"paso_robles_formation_aquifer_for",1,1,1,"Basin",1
"paso_robles_formation_aquifer_locations",1,1,1,"Natural_Feature",1
"paso_robles_formation_or_careaga_percent",1,1,1,"Technical",1
"paso_robles_formation_the_tributary_alluvium",1,1,1,"Natural_Feature",0
"paso_robles_groundwater_basin_agreement",1,1,1,"Group",0
"paso_robles_groundwater_model_update",1,1,1,"Technical",0
"paso_robles_regional_groundwater_management_plan",1,1,1,"Technical",0
"paso_robles_subbasin_cooperative_committee",1,1,1,"Group",0
"paso_robles_wine_country_alliance",1,1,1,"NGO",1
"past_board_and_advisory_committee",1,1,1,"Group",0
"past_city_of_lompoc",1,1,1,"City",0
"pat_corey",1,1,1,"Person",1
"pat_mctigue",1,1,1,"Person",1
"patten",1,1,1,"Nonsense",1
"patterson_delta_mendota_subbasin_coordination_committee_meeting",1,1,1,"Group",1
"patterson_irrigation_district_groundwater_sustainability_agencies",1,1,1,"Group",0
"patterson_tracy_community_services_district",1,1,1,"District",0
"paul_bruce",1,1,1,"Person",1
"paul_hare",1,1,1,"Person",1
"paul_m_bergstrand",1,1,1,"Person",1
"paula_subbasins",1,1,1,"Basin",0
"paulinski_et_al",1,1,1,"Reference",1
"paynes_creek_slough",1,1,1,"Natural_Feature",0
"pbo_unavco",1,1,1,"Technical",1
"pbw",1,1,1,"Nonsense",1
"pca_e",1,1,1,"Nonsense",1
"pca_w",1,1,1,"Nonsense",1
"pcgn",1,1,1,"Nonsense",1
"pch_groundwater_dependent_ecosystem",1,1,1,"Natural_Feature",0
"pd4",1,1,1,"Nonsense",1
"pd6b",1,1,1,"Nonsense",1
"pdf_page_169",1,1,1,"Reference",0
"pdhq",1,1,1,"Nonsense",1
"pearson",1,1,1,"Nonsense",1
"pelger_mutual_water_company",1,1,1,"Company",1
"pena",1,1,1,"Person",1
"pentaneura",1,1,1,"Nonsense",1
"percent_of_total_streamflow",1,1,1,"Technical",1
"perform_video_surveys",1,1,1,"District",0
"periodic_evaluation_and_reporting_farmers_water_district",1,1,1,"District",0
"periodic_evaluation_and_reporting_fcma",1,1,1,"Technical",0
"periodic_groundwater_sustainability_plan",1,1,1,"Technical",0
"periodically",1,1,1,"Nonsense",1
"peripheral_streams",1,1,1,"Natural_Feature",1
"periphyton",1,1,1,"Natural_Feature",1
"permanent_array",1,1,1,"Nonsense",1
"permitted_facilities_eel_river_valley_groundwater_basin",1,1,1,"Basin",0
"permitting",1,1,1,"Nonsense",1
"permitting_and_regulatory_process_projects",1,1,1,"Water_Project",0
"permitting_policies_and_procedures_permit_sonoma",1,1,1,"Reference",1
"perry",1,1,1,"Nonsense",1
"perspectives_document",1,1,1,"Reference",1
"perturbed_hydrograph",1,1,1,"Technical",1
"pes_environmental",1,1,1,"Company",1
"petaluma_valley_integrated_hydrologic_model_rural_domestic_pumping_and_septic_return",1,1,1,"Technical",0
"peter_leffler",1,1,1,"Person",1
"peter_q",1,1,1,"Person",1
"peter_quinlan_technical_peer_review",1,1,1,"Technical",0
"petroleum_automotive",1,1,1,"Nonsense",1
"petty_chlorinated_solvents_tehama_colusae",1,1,1,"Technical",1
"pewter_physa",1,1,1,"Nonsense",1
"pfas_pfas",1,1,1,"Nonsense",1
"phase",1,1,1,"Nonsense",1
"phase_2_expansion",1,1,1,"Water_Project",1
"phase_ii",1,1,1,"Nonsense",1
"phd",1,1,1,"Nonsense",1
"phil_d_swing",1,1,1,"Person",1
"phillips_et_al",1,1,1,"Reference",1
"phillips_petroleum_corporation",1,1,1,"Company",1
"photo_ionization_detector",1,1,1,"Technical",1
"phyla_nodiflora",1,1,1,"Natural_Feature",1
"physa",1,1,1,"Nonsense",1
"physiographic_zone",1,1,1,"Geographic_Unit",0
"physiographic_zone_number_of_average_residual_physiographic_zone_observations_rmse",1,1,1,"District",0
"pico",1,1,1,"Geographic_Unit",1
"piezometer",1,1,1,"Infrastructure",1
"pilot_study_planning_and_facilities",1,1,1,"Technical",1
"pine_flat",1,1,1,"City",0
"pinole",1,1,1,"City",0
"pioneer_groundwater_sustainability_agency",1,1,1,"Other_GSA",0
"piru_stream_gages",1,1,1,"Technical",1
"pischel_et_al",1,1,1,"Reference",1
"pix_groundwater_sustainability_agency",1,1,1,"Other_GSA",0
"pixley_irrigation_district_board_of_directors",1,1,1,"Group",0
"placer_counties",1,1,1,"Local_Gov",1
"placer_county_superior_court",1,1,1,"Nonsense",1
"plainview_community_plan",1,1,1,"Technical",0
"plan_area_setting",1,1,1,"Geographic_Unit",0
"planada_workshop_questions_and_comments_comment",1,1,1,"Reference",1
"planned_projects_above_normald_management",1,1,1,"Group",1
"planning_agencies",1,1,1,"Group",0
"planning_and_design_planning",1,1,1,"Technical",1
"planning_commission",1,1,1,"Group",0
"planning_commission_meetings",1,1,1,"Group",1
"planning_department",1,1,1,"Group",0
"planning_division",1,1,1,"Local_Gov",1
"planning_outreach",1,1,1,"Nonsense",1
"planning_studies",1,1,1,"Technical",1
"planning_team_and_communications_rep",1,1,1,"Group",1
"plant",1,1,1,"Nonsense",1
"plant_operator",1,1,1,"Nonsense",1
"plate_boundary_observation",1,1,1,"Technical",1
"plate_boundary_observatory_unavco",1,1,1,"Group",1
"pleasant_valley_groundwater_sustainability_plan",1,1,1,"Technical",0
"pleasant_valley_subbasin_landowner_stakeholder_workshop",1,1,1,"Group",1
"pleasanton",1,1,1,"City",0
"pleistocene_casitas_formation",1,1,1,"Natural_Feature",0
"pleistocene_huichica_formation",1,1,1,"Natural_Feature",0
"pleistocene_sandstone",1,1,1,"Natural_Feature",1
"pleistocene_tehama_formation",1,1,1,"Natural_Feature",0
"pliestocene",1,1,1,"Nonsense",1
"plio_pleistocene_purisma_formation",1,1,1,"Natural_Feature",0
"pliocene_marine_purisima_formation",1,1,1,"Natural_Feature",0
"pliocene_pleistocene23",1,1,1,"Nonsense",1
"pliocene_san_joaquin",1,1,1,"Natural_Feature",1
"plotted_arsenic",1,1,1,"Technical",1
"plumas_county_fire_safe",1,1,1,"Group",1
"plumas_county_fire_safe_sierra_valleygmd",1,1,1,"Group",1
"plumas_county_map",1,1,1,"Reference",0
"plumlee_et_al",1,1,1,"Reference",1
"po_box",1,1,1,"Nonsense",1
"poblado_fuera_de_las_ciudades",1,1,1,"Geographic_Unit",1
"point_loma_wastewater_treatment_plant",1,1,1,"Infrastructure",1
"point_of",1,1,1,"Nonsense",1
"point_of_contact_for_the_withdrawing_party",1,1,1,"Nonsense",1
"point_sources_of_groundwater_pollutants_because_of_agency",1,1,1,"Group",0
"policy",1,1,1,"Legal",0
"policy_5c8",1,1,1,"Legal",1
"policy_advisory_committee_and_technical_advisory_committee",1,1,1,"Group",0
"policy_advisory_committee_proposals",1,1,1,"Group",1
"policy_advocate",1,1,1,"Nonsense",1
"policy_agriculture_general",1,1,1,"Legal",1
"policy_is48_water_conservation_measures",1,1,1,"Legal",1
"policy_ncr37_septic_tank_regulation",1,1,1,"Legal",0
"policy_points",1,1,1,"Nonsense",1
"policy_sustainability_retrofits",1,1,1,"Legal",1
"policy_w22_development_regulations",1,1,1,"Legal",0
"policy_w314_agricultural_water_conservation",1,1,1,"Legal",1
"policy_w35_educational_programs",1,1,1,"Legal",1
"policy_w37_development_retrofits",1,1,1,"Legal",1
"pollock",1,1,1,"Nonsense",1
"poppet_creek",1,1,1,"Natural_Feature",0
"por",1,1,1,"Nonsense",1
"por_su_adopción",1,1,1,"Nonsense",1
"por_todos_los",1,1,1,"Nonsense",1
"port",1,1,1,"Nonsense",1
"port_san_luis",1,1,1,"Infrastructure",1
"porter_cologne_control_act",1,1,1,"Legal",0
"porterella",1,1,1,"Nonsense",1
"porterville_veterans_hall",1,1,1,"Infrastructure",1
"porzana",1,1,1,"Nonsense",1
"post_harris_fire",1,1,1,"Nonsense",1
"post_processing",1,1,1,"Technical",1
"potamogeton",1,1,1,"Natural_Feature",1
"potential_boundary_revisions",1,1,1,"Reference",1
"potential_cause_of_chronic_lowering_of_groundwater_levels_section_35426b1",1,1,1,"Reference",0
"potential_groundwater_dependent_ecosystems",1,1,1,"Natural_Feature",0
"potential_interconnected_surface_water_figure",1,1,1,"Reference",0
"potential_management_actions",1,1,1,"Nonsense",1
"potential_outreach_and_engagement_methods_outreach",1,1,1,"Technical",1
"potential_outreach_partners",1,1,1,"Group",1
"potter_mendocino_county_valley_project",1,1,1,"Water_Project",0
"potw",1,1,1,"Nonsense",1
"power_point",1,1,1,"Technical",1
"powers_authority",1,1,1,"Group",0
"ppee",1,1,1,"Nonsense",1
"prather_creeks",1,1,1,"Natural_Feature",0
"pratt",1,1,1,"Nonsense",1
"pre_central_valleyp_orland_project",1,1,1,"Water_Project",0
"pre_eocene",1,1,1,"Geographic_Unit",1
"pre_k",1,1,1,"Nonsense",1
"preamble",1,1,1,"Reference",1
"precipitation_and",1,1,1,"Nonsense",1
"precipitation_data_recharge",1,1,1,"Technical",0
"precipitation_elevation_regressions_on_independent_slopes_model_precipitation_data",1,1,1,"Technical",0
"precipitation_exceedance_curve",1,1,1,"Technical",1
"precipitation_gage_records",1,1,1,"Technical",1
"precipitation_monitoring",1,1,1,"Technical",0
"precipitation_monthly",1,1,1,"Technical",1
"precipitation_stations_united_states_army_corps_of_engineers",1,1,1,"Federal_Gov",1
"precipitation_threshold",1,1,1,"Technical",1
"precipitation_water_precipitation",1,1,1,"Natural_Feature",1
"preconditioned",1,1,1,"Nonsense",1
"preconditioned_conjugate_gradient",1,1,1,"Nonsense",1
"preconditioned_conjugategradient_package",1,1,1,"Technical",1
"predominant_riverine",1,1,1,"Natural_Feature",1
"predominant_wetland",1,1,1,"Natural_Feature",1
"preferred_project_4",1,1,1,"Water_Project",1
"preparation_checklist",1,1,1,"Reference",1
"presentation",1,1,1,"Nonsense",1
"preservation",1,1,1,"Nonsense",1
"preservation_of_biological",1,1,1,"Legal",1
"preservation_with_economic_development",1,1,1,"Nonsense",1
"preserve",1,1,1,"Nonsense",1
"preserve_users_projects_and_management_actions_abbreviations",1,1,1,"Nonsense",1
"prevención_de_la_intrusión_de_agua_de_mar_en_las_aguas_subterráneas",1,1,1,"Water_Project",1
"primary_aquifer",1,1,1,"Natural_Feature",0
"primary_load",1,1,1,"Nonsense",1
"primary_maximum_contaminant_level",1,1,1,"Legal",1
"primary_maximum_contaminant_level_minimum_threshold",1,1,1,"Legal",1
"primary_representative",1,1,1,"Nonsense",1
"prime_meridian_navigation_message",1,1,1,"District",0
"princeton",1,1,1,"City",0
"princeton_valley",1,1,1,"Geographic_Unit",0
"princeton_valley_fill_formations",1,1,1,"Natural_Feature",0
"principal_aquifers_and",1,1,1,"Nonsense",1
"prioriza_el_uso",1,1,1,"Nonsense",1
"pritchard_consulting_group",1,1,1,"Group",0
"privacy_rights",1,1,1,"Legal",1
"private_agricultural_pumping",1,1,1,"Technical",1
"private_agricultural_urban_ag",1,1,1,"Nonsense",1
"private_pumpers",1,1,1,"Group",1
"private_residential",1,1,1,"District",0
"private_water_companies",1,1,1,"Company",1
"pro_tempore",1,1,1,"Nonsense",1
"probation",1,1,1,"Nonsense",1
"probation_department",1,1,1,"Group",0
"process",1,1,1,"Nonsense",1
"process_for",1,1,1,"Nonsense",1
"process_for_public_notification_35444b1b",1,1,1,"Legal",1
"process_governance",1,1,1,"Nonsense",1
"processed",1,1,1,"Nonsense",1
"processes_several",1,1,1,"Nonsense",1
"processes_the_2",1,1,1,"Nonsense",1
"procloeon",1,1,1,"Nonsense",1
"production_services",1,1,1,"Nonsense",1
"professional_paper",1,1,1,"Reference",1
"program_management_element_4",1,1,1,"Reference",1
"program_operations_and_monitoring_madera_county",1,1,1,"County",0
"programa_de_monitoreo_y",1,1,1,"Technical",0
"programs",1,1,1,"Nonsense",1
"project_12",1,1,1,"Water_Project",1
"project_9",1,1,1,"Water_Project",1
"project_actions_and_management",1,1,1,"Technical",1
"project_and_management_action_attachment_a",1,1,1,"Reference",1
"project_and_management_action_implementation",1,1,1,"Technical",1
"project_authority",1,1,1,"Group",0
"project_benefits_and_water_reliability_groundwater",1,1,1,"Nonsense",1
"project_benefits_and_water_reliability_project_benefits",1,1,1,"Nonsense",1
"project_benefits_groundwater",1,1,1,"Nonsense",1
"project_budget",1,1,1,"Nonsense",1
"project_development",1,1,1,"Nonsense",1
"project_email",1,1,1,"Nonsense",1
"project_groundwater_sustainability_agency_party",1,1,1,"Group",1
"project_implementation_implementation",1,1,1,"Nonsense",1
"project_management",1,1,1,"Group",1
"project_management_action_name_legal_authority",1,1,1,"Group",0
"project_management_coordination",1,1,1,"Group",1
"project_management_institute_project_management_professional",1,1,1,"Nonsense",1
"project_management_management_proponent_brief_description_project_status_action_name",1,1,1,"Nonsense",1
"project_management_project",1,1,1,"Water_Project",0
"project_manager_environmental_engineer",1,1,1,"Nonsense",1
"project_manager_senior_environmental_scientist",1,1,1,"Nonsense",1
"project_operations_and_monitoring_madera_irrigation_district",1,1,1,"District",0
"project_or_action_and_the_lead_entity",1,1,1,"Nonsense",1
"project_period_simulations",1,1,1,"Technical",1
"project_proponents",1,1,1,"Group",1
"project_recharge",1,1,1,"Water_Project",1
"project_strategy_and",1,1,1,"Nonsense",1
"project_type_management_action",1,1,1,"Nonsense",1
"project_type_surface_water_recharge_project_location_latitude",1,1,1,"Nonsense",1
"project_wastewater_recycling_the_city_of_chico",1,1,1,"City",0
"project_with_oakdale_irrigation_district",1,1,1,"District",0
"projected_2030_climate_change",1,1,1,"Technical",1
"projected_2030_climate_change_scenario",1,1,1,"Technical",1
"projected_change_in",1,1,1,"Nonsense",1
"projected_climate_riverside_county_flood_control_district",1,1,1,"District",0
"projected_demographics",1,1,1,"Data_System",1
"projected_future_condition",1,1,1,"Technical",1
"projected_land_use_change_with_climate_change",1,1,1,"Technical",1
"projected_land_use_with_climate_changes",1,1,1,"Technical",1
"projected_public_water_systems_water_supply",1,1,1,"Technical",1
"projected_saugus_formation_pumping",1,1,1,"Technical",1
"projected_surface_water_budget_component",1,1,1,"Technical",1
"projected_sustainable_management_criteria",1,1,1,"Legal",1
"projected_water_budget_analysis",1,1,1,"Technical",1
"projected_water_budget_change_in_groundwater_in_storage_model",1,1,1,"Technical",0
"projected_water_budget_with_climate_change",1,1,1,"Technical",1
"projected_water_budgets_future",1,1,1,"Technical",1
"projected_water_supplies",1,1,1,"Technical",1
"projection",1,1,1,"Nonsense",1
"projects_and_actions_simulations",1,1,1,"Technical",1
"projects_and_management_actions_compilation",1,1,1,"Reference",1
"projects_and_management_actions_costs",1,1,1,"Technical",1
"projects_and_management_actions_implementation",1,1,1,"Technical",1
"projects_and_management_actions_in_section_716",1,1,1,"Reference",0
"projects_and_management_actions_list_each",1,1,1,"Reference",1
"projects_and_management_actions_measurable_objectives_project_management_action",1,1,1,"Technical",1
"projects_and_management_actions_model",1,1,1,"Technical",0
"projects_and_management_actions_projects_and_management_actions",1,1,1,"Reference",1
"projects_and_management_actions_to",1,1,1,"Nonsense",1
"projects_and_management_actions_well_impact_prevention_mitigation_program",1,1,1,"Group",1
"projects_and_management_section_3",1,1,1,"Reference",0
"projects_and_managements",1,1,1,"Nonsense",1
"projects_or_management_actions",1,1,1,"Nonsense",1
"projects_projects",1,1,1,"Water_Project",0
"projects_trout_unlimited",1,1,1,"NGO",1
"prop_1",1,1,1,"Nonsense",1
"prop_218_ballots",1,1,1,"Legal",1
"prop_ie",1,1,1,"Nonsense",1
"property_owners",1,1,1,"Group",1
"property_transfer",1,1,1,"Legal",1
"propio",1,1,1,"Nonsense",1
"proposed_federal_action_several_federal",1,1,1,"Federal_Gov",1
"proposed_measurable_objectives_for_groundwater_quality",1,1,1,"Reference",1
"proposed_wheeling_principles",1,1,1,"Legal",1
"proposition",1,1,1,"Nonsense",1
"proposition_1_sustainable_groundwater_subbasin",1,1,1,"Basin",0
"protected",1,1,1,"Nonsense",1
"protected_2",1,1,1,"Nonsense",1
"protected_easement_database",1,1,1,"Technical",0
"protection_agency",1,1,1,"Group",0
"protective_water_levels_to",1,1,1,"Technical",1
"protocols",1,1,1,"Nonsense",1
"provisional_observations_and_conclusions",1,1,1,"Reference",1
"provost_prichard_consulting_group",1,1,1,"Group",0
"provost_pritchard_consulting",1,1,1,"Company",1
"provost_pritchard_consulting_meetings",1,1,1,"Group",1
"prudential_real_estate",1,1,1,"Company",1
"prudic_barlow",1,1,1,"Person",1
"psomas",1,1,1,"Company",1
"pu_pond",1,1,1,"Infrastructure",1
"public_advisory_committee",1,1,1,"Group",0
"public_agencies_other_entities_organizations",1,1,1,"Group",1
"public_and_community_meetings",1,1,1,"Group",1
"public_and_stakeholders",1,1,1,"Group",1
"public_comment_report",1,1,1,"Technical",0
"public_education_and_outreach",1,1,1,"Group",1
"public_engagement_and_public_meeting",1,1,1,"Group",1
"public_engagement_committees",1,1,1,"Group",0
"public_engagement_opportunities",1,1,1,"Technical",1
"public_engagement_process",1,1,1,"Group",1
"public_engagement_public",1,1,1,"Group",1
"public_facilities_and_services",1,1,1,"Group",1
"public_facilities_and_services_element",1,1,1,"Reference",1
"public_facilities_and_services_ensure",1,1,1,"Nonsense",1
"public_health_division",1,1,1,"Local_Gov",1
"public_hearings_meetings_441_planning_commission_periodic",1,1,1,"Group",1
"public_information_officer_and",1,1,1,"Nonsense",1
"public_meetings_representatives",1,1,1,"Group",1
"public_notice_process_public",1,1,1,"Legal",1
"public_outreach_and_communications_and",1,1,1,"Nonsense",1
"public_policy_institute",1,1,1,"NGO",1
"public_private_stormwater_recharge",1,1,1,"Water_Project",1
"public_public",1,1,1,"Nonsense",1
"public_records_act",1,1,1,"Legal",0
"public_service_announcements",1,1,1,"Nonsense",1
"public_services_and_facilities_standards",1,1,1,"Legal",1
"public_services_city_of_lompoc_2014a",1,1,1,"City",0
"public_supply",1,1,1,"Natural_Feature",1
"public_surveys_public",1,1,1,"Technical",1
"public_trust_doctrine_22",1,1,1,"Legal",1
"public_trust_uses",1,1,1,"Legal",1
"public_utilities_element",1,1,1,"Reference",1
"public_water_agency",1,1,1,"Group",0
"public_water_systems_city_of",1,1,1,"City",0
"public_water_systems_public",1,1,1,"Technical",1
"public_water_systems_water",1,1,1,"Technical",1
"public_works_agency",1,1,1,"Group",0
"puckett",1,1,1,"Nonsense",1
"puertos",1,1,1,"Nonsense",1
"pulah_creek_council",1,1,1,"Group",0
"pullen",1,1,1,"Nonsense",1
"pump",1,1,1,"Infrastructure",1
"pumpage_pace_engineering",1,1,1,"Company",1
"pumpage_provost_pritchard",1,1,1,"Company",1
"pumping_allocation",1,1,1,"Legal",1
"pumping_allocations_and_controls",1,1,1,"Legal",1
"pumping_allocations_and_transient_pool_allocations",1,1,1,"Technical",1
"pumping_demands_for_winery",1,1,1,"Technical",1
"pumping_lower_model",1,1,1,"Technical",0
"pumping_system_efficiency",1,1,1,"Technical",1
"pumps",1,1,1,"Infrastructure",1
"puntos",1,1,1,"Nonsense",1
"purchased_local_water",1,1,1,"Technical",1
"pure_water_monterey_advanced_water_purification_facility_and_groundwater_replenishment_project",1,1,1,"Water_Project",0
"pure_water_monterey_draft_environmental_impact_report",1,1,1,"Technical",0
"purge",1,1,1,"Nonsense",1
"purified_wastewater_recharge_group",1,1,1,"Group",0
"purisima_a_233_section_41",1,1,1,"Reference",0
"purisima_formation_east",1,1,1,"Natural_Feature",1
"purple",1,1,1,"Nonsense",1
"pursuant_to_government_code",1,1,1,"Legal",0
"pursuant_to_section",1,1,1,"Reference",0
"putah_creek_project",1,1,1,"Water_Project",0
"putah_creek_streamkeeper",1,1,1,"NGO",1
"putah_l_diversion_dam_to",1,1,1,"Infrastructure",1
"pvid",1,1,1,"District",0
"pvmwa_wells",1,1,1,"Infrastructure",1
"q2",1,1,1,"Nonsense",1
"qa_ac",1,1,1,"District",1
"qapps",1,1,1,"Nonsense",1
"qaprp",1,1,1,"Nonsense",1
"qet",1,1,1,"Nonsense",1
"qh",1,1,1,"Nonsense",1
"qm_qr_qtl",1,1,1,"Nonsense",1
"qod_qar",1,1,1,"Nonsense",1
"qtc",1,1,1,"Nonsense",1
"quality",1,1,1,"Nonsense",1
"quality86",1,1,1,"Nonsense",1
"quality_and",1,1,1,"Nonsense",1
"quality_assurance_project_plan_quality_control_project_chemist",1,1,1,"Technical",1
"quality_assurance_quality_control_programs",1,1,1,"Technical",1
"quality_assurance_quality_control_quality_assurance",1,1,1,"Technical",1
"quality_data",1,1,1,"Technical",0
"quality_plan_element",1,1,1,"Nonsense",1
"quality_plan_element_3_determination_of_basin_yield_and_avoidance_of_overdraft_plan_element_4",1,1,1,"District",0
"quantum_spatial_inc",1,1,1,"Company",1
"quarterly_stakeholder",1,1,1,"Group",1
"quaternary_tertiary_deposits",1,1,1,"Natural_Feature",1
"que_cubran_el_año",1,1,1,"Nonsense",1
"que_rastrean_el_hundimiento_de_la_tierra_comunicación",1,1,1,"Nonsense",1
"que_sean",1,1,1,"Nonsense",1
"query_groundwater_dependent_ecosystem",1,1,1,"Natural_Feature",0
"qvs_volcanic_pleistocene",1,1,1,"Natural_Feature",1
"qwsu_h2so4",1,1,1,"Nonsense",1
"r16e26rl",1,1,1,"Nonsense",1
"r23e_mdbm",1,1,1,"Geographic_Unit",1
"r2_stage",1,1,1,"Nonsense",1
"r3mp",1,1,1,"Nonsense",1
"r8",1,1,1,"Nonsense",1
"r_l_schafer",1,1,1,"Person",1
"r_l_schafer_associates",1,1,1,"Company",1
"radioactivity",1,1,1,"Natural_Feature",1
"rain_managed_aquifer_recharge_sump",1,1,1,"Infrastructure",1
"ramacciotti_unit",1,1,1,"Infrastructure",1
"ramelli_ranch",1,1,1,"Nonsense",1
"rams_hill_gc",1,1,1,"Nonsense",1
"rancheria",1,1,1,"Local_Gov",1
"rancho_de_cielo_mutual_water_company",1,1,1,"Company",1
"rancho_murieta_community_service_district_office",1,1,1,"District",1
"rand_communities",1,1,1,"Group",0
"randy_collin",1,1,1,"Person",1
"rate_study_prop_218_process",1,1,1,"Technical",1
"raw",1,1,1,"Nonsense",1
"raymond_groundwater_basin",1,1,1,"Basin",0
"rbf",1,1,1,"Nonsense",1
"rc_p4_resource_conservation_element",1,1,1,"Reference",1
"rcd_mnd",1,1,1,"District",1
"rcra_facility_investigations",1,1,1,"Technical",1
"rcra_statistics",1,1,1,"Technical",1
"rcrscor",1,1,1,"Nonsense",1
"rd1001_groundwater_sustainability_agency",1,1,1,"Other_GSA",0
"re",1,1,1,"Nonsense",1
"reach_3_2048_to",1,1,1,"Geographic_Unit",1
"reaches_3_and_4",1,1,1,"Geographic_Unit",1
"reaches_combined",1,1,1,"Technical",1
"reaches_h_geotracker",1,1,1,"Data_System",1
"reaches_i",1,1,1,"Technical",1
"reads",1,1,1,"Nonsense",1
"ready_mix_return",1,1,1,"Nonsense",1
"real_time_salt_load_allocation",1,1,1,"Technical",1
"realign",1,1,1,"Nonsense",1
"rebecca_martinez",1,1,1,"Person",1
"rebecca_williams",1,1,1,"Person",1
"rec2",1,1,1,"Nonsense",1
"recapture_recirculation",1,1,1,"Water_Project",1
"received_id",1,1,1,"District",0
"received_public",1,1,1,"Nonsense",1
"recent",1,1,1,"Nonsense",1
"recharge_0",1,1,1,"Nonsense",1
"recharge_12",1,1,1,"Technical",1
"recharge_2",1,1,1,"Nonsense",1
"recharge_2_basins_1_and",1,1,1,"Nonsense",1
"recharge_active_model_area_data",1,1,1,"Technical",0
"recharge_and_recovery_projects",1,1,1,"Water_Project",0
"recharge_banking",1,1,1,"Technical",1
"recharge_basin",1,1,1,"Basin",0
"recharge_basins_canal",1,1,1,"Infrastructure",1
"recharge_city",1,1,1,"Nonsense",1
"recharge_direct",1,1,1,"Nonsense",1
"recharge_direct_groundwater_recharge",1,1,1,"Water_Project",1
"recharge_estimated_groundwater_offset",1,1,1,"Technical",1
"recharge_farm_plan_coordination",1,1,1,"Group",1
"recharge_folsom_south_canal",1,1,1,"Water_Project",1
"recharge_for_historical_and_current_water_budget",1,1,1,"Technical",1
"recharge_fresno_metropolitan_flood_control_district",1,1,1,"District",0
"recharge_indirect",1,1,1,"Technical",1
"recharge_management",1,1,1,"Nonsense",1
"recharge_multi_benefit_demonstration_project",1,1,1,"Water_Project",0
"recharge_oakdale_irrigation_district_irrigation",1,1,1,"Water_Project",1
"recharge_potential",1,1,1,"Technical",1
"recharge_project_colusa_drain",1,1,1,"Water_Project",1
"recharge_rates",1,1,1,"Technical",1
"recharge_recharge",1,1,1,"Nonsense",1
"recharge_soil",1,1,1,"Natural_Feature",1
"recharge_sources",1,1,1,"Natural_Feature",1
"recharge_summary",1,1,1,"Technical",1
"recharge_tank_modesto_irrigation",1,1,1,"Infrastructure",1
"recharge_to",1,1,1,"Nonsense",1
"recharge_x",1,1,1,"Nonsense",1
"reclaimed_wastewater",1,1,1,"Natural_Feature",1
"reclaimed_water_quality",1,1,1,"Technical",1
"reclaimed_water_sales_reclaimed",1,1,1,"Nonsense",1
"reclamation_district_1004",1,1,1,"District",1
"reclamation_district_1606_board_of_directors",1,1,1,"Group",0
"reclamation_district_349",1,1,1,"District",1
"reclamation_district_551",1,1,1,"District",1
"reclamation_district_landowner",1,1,1,"Group",1
"reclamation_districts",1,1,1,"District",0
"reclamation_of_oilfield_produced_water",1,1,1,"Water_Project",1
"reclamation_om_costs",1,1,1,"Nonsense",1
"reclamation_project_act_of_1939",1,1,1,"Legal",1
"reclamation_storage_ponds_several",1,1,1,"Infrastructure",1
"reclamation_that",1,1,1,"Nonsense",1
"recognizing",1,1,1,"Nonsense",1
"records",1,1,1,"Nonsense",1
"recreation_area_unit",1,1,1,"Geographic_Unit",1
"recycled_area",1,1,1,"Geographic_Unit",0
"recycled_recycling_in_lieu",1,1,1,"Water_Project",1
"recycled_water_and_wastewater_corona",1,1,1,"Water_Project",1
"recycled_water_and_wastewater_wastewater",1,1,1,"Natural_Feature",1
"recycled_water_feasibility_study",1,1,1,"Technical",1
"recycled_water_project",1,1,1,"Water_Project",0
"recycled_water_pumping",1,1,1,"Infrastructure",1
"recycled_water_wastewater",1,1,1,"Natural_Feature",1
"recycled_waterline_infrastructure_installation_project",1,1,1,"Water_Project",0
"red_bank",1,1,1,"Natural_Feature",1
"red_mountain_fault",1,1,1,"Natural_Feature",1
"red_star_yeast",1,1,1,"Company",1
"red_top_regional_conservation_district",1,1,1,"District",0
"redding_corning",1,1,1,"Local_Gov",1
"redlands_wastewater_treatment_facility",1,1,1,"Infrastructure",1
"reduce_gw_pumping",1,1,1,"Nonsense",1
"reduce_gw_pumping_storage",1,1,1,"Water_Project",1
"reduce_non",1,1,1,"Nonsense",1
"reduction_of_groundwater_storage_sustainability_indicator",1,1,1,"Technical",1
"redwood_valley_community_water_district",1,1,1,"District",0
"reed_ditch_company_reed_ditch_company",1,1,1,"Company",1
"reek",1,1,1,"Nonsense",1
"reeves",1,1,1,"Nonsense",1
"refinements_to_climate_change_analysis",1,1,1,"Technical",1
"refining_subbasin",1,1,1,"Basin",0
"refresher",1,1,1,"Nonsense",1
"regan",1,1,1,"Person",1
"regents_of_the_university_of_califorma",1,1,1,"Group",1
"region_9",1,1,1,"Geographic_Unit",1
"region_acceptance_process",1,1,1,"Legal",1
"region_board",1,1,1,"Group",0
"region_subsidence",1,1,1,"District",0
"regional_aquifersystems_analysis",1,1,1,"Technical",1
"regional_communication_and_cooperation",1,1,1,"Group",1
"regional_fuels_management_workshop",1,1,1,"Group",1
"regional_geologic_structures",1,1,1,"Natural_Feature",1
"regional_geology",1,1,1,"Technical",1
"regional_projects_control_board",1,1,1,"Group",0
"regional_recycled_water_program_backbone_system",1,1,1,"Infrastructure",1
"regional_supply_project",1,1,1,"Water_Project",0
"regional_urban_water_augmentation_project",1,1,1,"Water_Project",0
"regional_water_quality",1,1,1,"Technical",1
"regional_water_quality_board",1,1,1,"Group",0
"regional_water_quality_control_board_and",1,1,1,"Group",1
"regional_water_quality_control_board_irrigated_lands",1,1,1,"Group",1
"registration_and_management_program",1,1,1,"Group",1
"regular_and_public_site_use_agreement",1,1,1,"Group",0
"regular_business_meeting_of_the_board_of_directors",1,1,1,"Group",0
"regular_closed_session_meeting_of_the_board_of_directors",1,1,1,"Group",0
"regular_cooperative_committee",1,1,1,"Group",0
"regular_monthly_receivables",1,1,1,"Nonsense",1
"regulated",1,1,1,"Nonsense",1
"regulatory_cleanup_program_sites",1,1,1,"Group",1
"regulatory_process_projects",1,1,1,"Water_Project",0
"regulatory_submittals_and_approvals",1,1,1,"Legal",1
"rehoboth_fault",1,1,1,"Natural_Feature",1
"relation_to",1,1,1,"Nonsense",1
"relationship_between_individual_minimum_thresholds_and_relationship_to_other",1,1,1,"District",0
"relationship_for_each_sustainability_indicator_regulation_requirements",1,1,1,"Technical",1
"relationship_of_resource_capacity_study_and_groundwater_level_monitoring_program_the_resource_capacity_study",1,1,1,"Technical",0
"relevant_city_of",1,1,1,"City",0
"reliz",1,1,1,"Nonsense",1
"remediation_monitoring",1,1,1,"Technical",0
"remediation_project_manager",1,1,1,"Nonsense",1
"rene_carreon",1,1,1,"Person",1
"reno_mill",1,1,1,"Infrastructure",1
"reno_mill_and",1,1,1,"Nonsense",1
"reported_data_type_number",1,1,1,"Technical",0
"reported_data_type_number_of",1,1,1,"Technical",0
"reported_grouindwater_extractions",1,1,1,"Technical",0
"reported_historical_specific_conductance_for_representative_monitoring_site",1,1,1,"Technical",0
"reported_use",1,1,1,"Technical",0
"reporting_data",1,1,1,"Technical",0
"reporting_limit_regional_water_quality_control_board",1,1,1,"Group",0
"reporting_phase_review",1,1,1,"Technical",0
"reports",1,1,1,"Technical",0
"representa",1,1,1,"Nonsense",1
"representation",1,1,1,"Nonsense",1
"representative",1,1,1,"Nonsense",1
"representative_land_subsidence_monitoring_network",1,1,1,"Technical",0
"representative_monitoring_network",1,1,1,"Technical",0
"representative_monitoring_network_for_groundwater_levels_representative",1,1,1,"Technical",0
"representative_monitoring_point_santa_rosa_plain0714",1,1,1,"Technical",0
"representative_monitoring_point_santa_rosa_plain0716",1,1,1,"Technical",0
"representative_monitoring_point_son0315",1,1,1,"Technical",0
"representative_monitoring_sites_upper_lower_aquifer",1,1,1,"Natural_Feature",0
"represented",1,1,1,"Nonsense",1
"represents",1,1,1,"Nonsense",1
"repurpose",1,1,1,"Nonsense",1
"requires_co_permittees",1,1,1,"Nonsense",1
"reservas_management_actions",1,1,1,"Group",1
"reservation_rolling_hills_casino",1,1,1,"Nonsense",1
"reso_urces_ava_il_abl_e",1,1,1,"Nonsense",1
"resolution_00_172",1,1,1,"Legal",1
"resolution_no",1,1,1,"Nonsense",1
"resolution_of_adoption",1,1,1,"Legal",1
"resolution_of_the_board_of_supervisors_of_the_county_of_san_diego",1,1,1,"Legal",1
"resource_capacity_studies",1,1,1,"Technical",1
"resource_conservation",1,1,1,"Group",1
"resource_conservation_element_of_the_kings_county_general_plan",1,1,1,"Technical",0
"resource_efficient_organizations_and_businesses",1,1,1,"Group",1
"resource_management_agency",1,1,1,"Group",0
"resource_management_system",1,1,1,"Technical",0
"resources_division",1,1,1,"State_Gov",1
"respective_board_of_directors",1,1,1,"Group",0
"respondent_state_water_resources_control_board",1,1,1,"Group",0
"responsibilities",1,1,1,"Nonsense",1
"responsibilities_agency_board_of_directors",1,1,1,"Group",0
"responsibilities_agency_board_of_directors_the_board",1,1,1,"Group",0
"responsibilities_executive_committee",1,1,1,"Group",0
"responsibilities_governing_boards",1,1,1,"Group",0
"responsibilities_resources",1,1,1,"Nonsense",1
"responsibilities_responsibility",1,1,1,"Nonsense",1
"responsible_agriculture",1,1,1,"Nonsense",1
"rest_services",1,1,1,"Technical",1
"reston",1,1,1,"Geographic_Unit",1
"reuse_in",1,1,1,"Nonsense",1
"review40",1,1,1,"Nonsense",1
"review_inge_wiersema",1,1,1,"Person",1
"review_of_future_groundwater_conditions_groundwater_sustainability_plan_development_team",1,1,1,"Group",1
"review_of_groundwater_sustainability_plan_development",1,1,1,"Technical",1
"review_of_isotope_data",1,1,1,"Technical",0
"reviewed12",1,1,1,"Nonsense",1
"revolon",1,1,1,"Nonsense",1
"reyes_creek",1,1,1,"Natural_Feature",0
"rhe_city",1,1,1,"Nonsense",1
"rhe_cotinty",1,1,1,"Nonsense",1
"rhyolite_of_calistoga",1,1,1,"Natural_Feature",1
"rhyolitic_ash",1,1,1,"Natural_Feature",1
"richmond_municipal_sewer_district",1,1,1,"District",0
"richmond_sanitary_district",1,1,1,"District",0
"richmond_well_field",1,1,1,"Infrastructure",1
"rick_viergutz",1,1,1,"Person",1
"riddell",1,1,1,"District",0
"ridge_maricopa_management_area_plan",1,1,1,"Technical",0
"ridgecrest_city_chambers",1,1,1,"District",0
"right_to_water",1,1,1,"Legal",1
"rincon_band",1,1,1,"Local_Gov",1
"rincon_consultants_inc",1,1,1,"Company",1
"rincon_point",1,1,1,"Natural_Feature",1
"rinex",1,1,1,"Technical",1
"rio_linda",1,1,1,"City",0
"rio_mirada",1,1,1,"Geographic_Unit",1
"rip_rap",1,1,1,"Infrastructure",1
"riparian_et",1,1,1,"Technical",1
"riparian_mixed_hardwood_and",1,1,1,"Natural_Feature",1
"riparian_mixed_hardwood_and_coast",1,1,1,"Natural_Feature",1
"riparian_mixed_hardwood_coast_live_oak",1,1,1,"Natural_Feature",1
"riparian_mixed_hardwood_riparian_mixed_hardwood_v",1,1,1,"Natural_Feature",1
"riparian_vegetation_and_wildlife_habitat",1,1,1,"Natural_Feature",1
"riparian_vegetation_evapotranspiration",1,1,1,"Natural_Feature",1
"ripon_city_council",1,1,1,"Group",0
"risley",1,1,1,"Infrastructure",1
"riv",1,1,1,"Nonsense",1
"riv_hydrologic_classification",1,1,1,"Technical",1
"riv_hydrologic_classification_1",1,1,1,"Technical",1
"river_exchange_contractors_service_area",1,1,1,"Geographic_Unit",0
"river_islands_development",1,1,1,"Company",1
"river_management_units",1,1,1,"Geographic_Unit",1
"river_pixley_irrigation_district",1,1,1,"District",0
"riverdale_education_center",1,1,1,"Nonsense",1
"riverdale_library",1,1,1,"Nonsense",1
"riverside_alluvial_scrub",1,1,1,"District",0
"riverside_community_service_district",1,1,1,"District",0
"riverside_county_department",1,1,1,"Group",0
"riverside_county_environmental_health_permit",1,1,1,"District",0
"riverside_county_flood_control_and_conservation_district",1,1,1,"District",0
"riverside_department_of_environmental_health",1,1,1,"District",0
"riverstone_development_project",1,1,1,"Water_Project",0
"rmc_water_environmental",1,1,1,"Company",1
"rmp_300",1,1,1,"Nonsense",1
"rms1",1,1,1,"Nonsense",1
"rms_a_trigger",1,1,1,"Technical",1
"rmses",1,1,1,"Technical",1
"robert_d_mccloskey",1,1,1,"Person",1
"robert_rivas",1,1,1,"Person",1
"roberta_greathouse",1,1,1,"Person",1
"roberts",1,1,1,"Nonsense",1
"roberts_rules_of_order",1,1,1,"Reference",1
"robles_area",1,1,1,"Geographic_Unit",0
"robles_divers",1,1,1,"Infrastructure",1
"robles_subbasin_cooperative_committee",1,1,1,"Group",0
"robley_rd",1,1,1,"Geographic_Unit",1
"rock_outcrop",1,1,1,"Natural_Feature",1
"rockwork",1,1,1,"Nonsense",1
"rocky_mountain_elk_foundation",1,1,1,"NGO",1
"rocky_point",1,1,1,"Geographic_Unit",1
"rodgers",1,1,1,"Nonsense",1
"rodrigo_espinoza",1,1,1,"Person",1
"roger_leach",1,1,1,"Person",1
"rohde_et_al_2019",1,1,1,"Reference",1
"roles_and_responsibilities",1,1,1,"Reference",1
"ron",1,1,1,"Person",1
"ron_wolf",1,1,1,"Person",1
"ronda",1,1,1,"Nonsense",1
"rooney_dam_and",1,1,1,"Nonsense",1
"root",1,1,1,"Nonsense",1
"root_creek_wd",1,1,1,"District",0
"root_zone_model_a",1,1,1,"Technical",0
"rosa",1,1,1,"Nonsense",1
"rosa_californica",1,1,1,"Natural_Feature",1
"rosa_plain_groundwater_sustainability_agency",1,1,1,"Other_GSA",0
"rosedale_ranch_id",1,1,1,"District",0
"roseland_creek",1,1,1,"Natural_Feature",0
"rosemarie_singer",1,1,1,"Person",1
"rosewood_subbasin",1,1,1,"Basin",0
"ross",1,1,1,"City",0
"ross_ranch",1,1,1,"Nonsense",1
"rotary_club",1,1,1,"NGO",1
"rotating",1,1,1,"Nonsense",1
"roy_catania",1,1,1,"Person",1
"royal_geographical_society",1,1,1,"NGO",1
"rsrz_davids_engineering",1,1,1,"District",0
"rtc",1,1,1,"Nonsense",1
"rtwqm_network",1,1,1,"Data_System",1
"ruben",1,1,1,"Person",1
"ruben_chavez",1,1,1,"Person",1
"ruben_magana",1,1,1,"Person",1
"ruby_acevedo",1,1,1,"Person",1
"rudolph_strand",1,1,1,"Person",1
"rumbaugh",1,1,1,"Nonsense",1
"rumbaugh_and_rumbaugh",1,1,1,"Person",1
"rumsey_slough",1,1,1,"Natural_Feature",0
"rural",1,1,1,"Geographic_Unit",1
"rural_communities_assistance_corporation",1,1,1,"NGO",1
"rural_residential",1,1,1,"District",0
"russell_james_hall",1,1,1,"Person",1
"russell_waldrop",1,1,1,"Person",1
"russian_river_regional_monitoring_program",1,1,1,"Technical",0
"russo_et_al",1,1,1,"Reference",1
"rws",1,1,1,"Nonsense",1
"s008239",1,1,1,"Nonsense",1
"s015765",1,1,1,"Nonsense",1
"sa_leake",1,1,1,"Person",1
"sacramento_area_flood_control_authority",1,1,1,"Group",0
"sacramento_audubon_society",1,1,1,"NGO",1
"sacramento_authority",1,1,1,"Group",0
"sacramento_central_groundwater_authority_board_meeting",1,1,1,"Group",1
"sacramento_central_groundwater_authority_recharge_mapping_and_field_study_technical_memorandum",1,1,1,"Technical",0
"sacramento_citizens_climate_lobby",1,1,1,"NGO",1
"sacramento_city",1,1,1,"Local_Gov",1
"sacramento_coordinated_water_quality",1,1,1,"Group",1
"sacramento_county_board_chambers",1,1,1,"Infrastructure",1
"sacramento_county_general_plan",1,1,1,"Technical",0
"sacramento_county_wells_program",1,1,1,"Local_Gov",1
"sacramento_deep_water_ship_channel",1,1,1,"Infrastructure",1
"sacramento_department_of_economic_development",1,1,1,"Local_Gov",1
"sacramento_electric_vehicle_association",1,1,1,"NGO",1
"sacramento_flood_control_agency",1,1,1,"Group",0
"sacramento_groundwater",1,1,1,"Basin",1
"sacramento_housing_alliance",1,1,1,"NGO",1
"sacramento_integrated_groundwater_surface_water_model",1,1,1,"Technical",0
"sacramento_natural_foods_coop",1,1,1,"NGO",1
"sacramento_regional",1,1,1,"Group",1
"sacramento_regional_wastewater_treatment_plant",1,1,1,"Infrastructure",1
"sacramento_river_groundwater_basin",1,1,1,"Basin",0
"sacramento_river_hydrologic_study_areas",1,1,1,"Geographic_Unit",0
"sacramento_river_island",1,1,1,"Geographic_Unit",1
"sacramento_river_refuge",1,1,1,"Natural_Feature",1
"sacramento_river_simulated",1,1,1,"Natural_Feature",1
"sacramento_sacramento_central_groundwater_authority",1,1,1,"Group",0
"sacramento_state_consensus_and_collaboration_program",1,1,1,"Group",1
"sacramento_valley_finite_element_groundwater_model",1,1,1,"Technical",0
"sacramento_valley_global_positioning_system",1,1,1,"Technical",1
"sacramento_valley_height_modernization_project",1,1,1,"Water_Project",0
"sacramento_valley_water_users",1,1,1,"Group",1
"sacramento_valley_water_year_type",1,1,1,"Technical",1
"sacramentosan_joaquin_delta",1,1,1,"Basin",1
"safca_flood_managed_aquifer",1,1,1,"Natural_Feature",0
"safe_yield_committee",1,1,1,"Group",0
"safety_health",1,1,1,"Nonsense",1
"sage_sangiacomo",1,1,1,"Person",1
"salinas_basin_water_alliance",1,1,1,"Group",1
"salinas_river_state_beach",1,1,1,"Natural_Feature",1
"salinas_subbasin",1,1,1,"Basin",0
"salinas_valley_basin_groundwater_sustainability_agency_association",1,1,1,"Group",1
"salinas_valley_basin_groundwater_sustainability_agency_monterey_subbasin_planning_committee",1,1,1,"Group",0
"salinas_valley_basin_subbasins",1,1,1,"Basin",0
"salinas_valley_groundwater_basin_sustainability_agency",1,1,1,"Group",0
"salinas_valley_subbasin",1,1,1,"Basin",0
"salinity_management",1,1,1,"Technical",1
"salmonid_habitat_restoration_priorities",1,1,1,"District",0
"salt_and",1,1,1,"Nonsense",1
"salt_and_nutrient_management_plans",1,1,1,"Technical",0
"salt_river_watershed_council",1,1,1,"Group",0
"saltgrass",1,1,1,"Natural_Feature",1
"sam_pipes_room",1,1,1,"Nonsense",1
"sammie_neely",1,1,1,"Person",1
"samolus",1,1,1,"Natural_Feature",1
"sampled_for_stable_isotopes",1,1,1,"Technical",1
"sampled_frequency_network",1,1,1,"Technical",1
"sampled_frequency_network_future_project",1,1,1,"Water_Project",0
"sampled_meet",1,1,1,"Nonsense",1
"sampled_wells",1,1,1,"Technical",1
"samuels",1,1,1,"Nonsense",1
"san_antonio_reservoirs",1,1,1,"Infrastructure",0
"san_antonio_segment",1,1,1,"Basin",1
"san_benito_county_code",1,1,1,"Legal",0
"san_benito_county_code_of_ordinances",1,1,1,"Legal",0
"san_benito_county_department",1,1,1,"Group",0
"san_benito_county_department_of_environmental_health",1,1,1,"Local_Gov",1
"san_benito_county_water_district_managed_aquifer_recharge",1,1,1,"Water_Project",1
"san_benito_county_water_district_monitoring_program",1,1,1,"Technical",0
"san_bernardino_county_department_of_public_health_environmental_health_services",1,1,1,"Local_Gov",1
"san_bernardino_county_flood_control_district_station_id",1,1,1,"District",0
"san_bernardino_superior_court",1,1,1,"Nonsense",1
"san_diego_county_department_of_environmental_health_land_and_water_quality_division",1,1,1,"Local_Gov",1
"san_diego_county_district",1,1,1,"District",0
"san_diego_county_parks",1,1,1,"Local_Gov",1
"san_diego_county_water",1,1,1,"Local_Gov",1
"san_diego_river_valley",1,1,1,"Geographic_Unit",0
"san_diego_river_valley_groundwater_basins",1,1,1,"Basin",0
"san_dieguito_river_water_quality_improvement_plan",1,1,1,"Technical",0
"san_dimas",1,1,1,"City",0
"san_emigdio_mountains",1,1,1,"Natural_Feature",1
"san_felipe_rd",1,1,1,"Local_Gov",1
"san_francisco_bay_national_wildlife_refuge_complex",1,1,1,"Federal_Gov",1
"san_francisco_sierra_club",1,1,1,"NGO",1
"san_francisquito_canyons",1,1,1,"Natural_Feature",1
"san_gabriel_river",1,1,1,"Natural_Feature",0
"san_gabriel_river_watershed",1,1,1,"Geographic_Unit",1
"san_gabriel_valley_groundwater_basin",1,1,1,"Basin",0
"san_gabriel_valley_municipal_water_district",1,1,1,"District",0
"san_gorgonio_creek",1,1,1,"Natural_Feature",0
"san_gorgonio_pass_watershed",1,1,1,"Geographic_Unit",1
"san_hollister",1,1,1,"District",1
"san_joaquin_county_advisory_water_commission",1,1,1,"Group",0
"san_joaquin_county_environmental",1,1,1,"Local_Gov",1
"san_joaquin_county_public_works_division",1,1,1,"Local_Gov",1
"san_joaquin_county_water_management",1,1,1,"District",1
"san_joaquin_county_water_works_district",1,1,1,"District",0
"san_joaquin_river_delta",1,1,1,"Natural_Feature",1
"san_joaquin_river_exchange_contractors_groundwater_sustainability_agency_staff",1,1,1,"Group",1
"san_joaquin_river_exchange_contractors_management_areas_b",1,1,1,"Geographic_Unit",1
"san_joaquin_river_exchange_contractors_management_areas_f",1,1,1,"Geographic_Unit",1
"san_joaquin_river_exchange_contractors_management_areas_g",1,1,1,"Geographic_Unit",1
"san_joaquin_river_funding_area",1,1,1,"Geographic_Unit",0
"san_joaquin_river_restoration_settlement_water_management_goals",1,1,1,"Legal",1
"san_joaquin_river_systems",1,1,1,"Natural_Feature",1
"san_joaquin_stanislaus_county",1,1,1,"County",0
"san_joaquin_subbasin",1,1,1,"Basin",0
"san_joaquin_valley_farmlands_company",1,1,1,"Company",1
"san_juan_bautista_area_subbasin",1,1,1,"Basin",0
"san_juan_hills",1,1,1,"Geographic_Unit",1
"san_juan_ma_table",1,1,1,"Reference",0
"san_juan_subarea_stakeholders",1,1,1,"Group",1
"san_juan_subbasins",1,1,1,"Basin",0
"san_lorenzo_alluvial_cones",1,1,1,"Geographic_Unit",1
"san_lorenzo_valley_water_district_quail_hollow_pumping_redistribution",1,1,1,"Water_Project",1
"san_lorenzo_valley_water_district_quail_mw_b",1,1,1,"District",1
"san_luis_delta_medota_water_authority",1,1,1,"Group",0
"san_luis_delta_mendota_water_authority_po_box",1,1,1,"Nonsense",1
"san_luis_deltamendota_water_authority",1,1,1,"Group",0
"san_luis_drain_to_mud_slough",1,1,1,"Natural_Feature",0
"san_luis_obispo_coastkeeper_et_al",1,1,1,"NGO",1
"san_luis_obispo_county_board",1,1,1,"Group",0
"san_luis_obispo_county_environmental_health_services",1,1,1,"Local_Gov",1
"san_luis_obispo_county_general_plan",1,1,1,"Technical",0
"san_luis_obispo_county_master_water_plan",1,1,1,"Technical",0
"san_luis_obispo_creek_fish",1,1,1,"Natural_Feature",1
"san_luis_obispo_general_plan_agriculture_element",1,1,1,"Reference",1
"san_luis_obispo_general_plan_conservation_and_open_space_element",1,1,1,"Reference",1
"san_luis_obispo_general_plan_land_use_element",1,1,1,"Reference",1
"san_luis_obispo_local_agency_formation_commission",1,1,1,"Group",0
"san_luis_obispo_regional_water_management_group",1,1,1,"Group",0
"san_luis_obispo_taricha",1,1,1,"Nonsense",1
"san_luis_ranch",1,1,1,"Local_Gov",1
"san_luis_reservoir_expansion",1,1,1,"Water_Project",1
"san_luis_rey_indian_water_rights_settlement_act",1,1,1,"Legal",0
"san_luis_rey_reiver",1,1,1,"Natural_Feature",1
"san_luis_rey_river_basin",1,1,1,"Basin",0
"san_luis_rey_valley_groundwater",1,1,1,"Basin",1
"san_luis_sub",1,1,1,"Basin",1
"san_luis_wd",1,1,1,"District",0
"san_mateo_badlands",1,1,1,"Natural_Feature",1
"san_mateo_plain_model",1,1,1,"Technical",0
"san_pablo_well_field_1",1,1,1,"Infrastructure",1
"san_pasqual_bands_of",1,1,1,"Group",1
"san_pasqual_groundwater_basin",1,1,1,"Basin",0
"san_pasqual_valley_plan",1,1,1,"Technical",0
"san_rafael_range",1,1,1,"Natural_Feature",1
"san_timoteo_groundwater_subbasin",1,1,1,"Basin",0
"sandy_beach",1,1,1,"Natural_Feature",1
"sanford",1,1,1,"Nonsense",1
"sanger_fowler",1,1,1,"Nonsense",1
"sanger_parlier",1,1,1,"Geographic_Unit",1
"sanger_the_city_of",1,1,1,"City",0
"sanger_wwtf",1,1,1,"Infrastructure",1
"sanicula",1,1,1,"Nonsense",1
"sanitary_sewer_systems",1,1,1,"Infrastructure",1
"sanitary_sewer_waste_discharge_requirement",1,1,1,"Legal",1
"sanitation_district",1,1,1,"District",0
"sanitation_division_of_santa_cruz_county_public_works_department",1,1,1,"Group",0
"santa_ana_board",1,1,1,"Group",0
"santa_ana_river_judgment",1,1,1,"Legal",1
"santa_ana_river_reach",1,1,1,"Natural_Feature",1
"santa_ana_river_system",1,1,1,"Natural_Feature",1
"santa_ana_watershed_involvement_santa_ana_watershed_project_authority",1,1,1,"Group",0
"santa_aquifer_conjunctive_use",1,1,1,"Water_Project",1
"santa_barbara_channel_keeper",1,1,1,"NGO",1
"santa_barbara_country",1,1,1,"Nonsense",1
"santa_barbara_county_association_of_governments",1,1,1,"Group",1
"santa_barbara_county_comprehensive_plan_agricultural_element",1,1,1,"Reference",1
"santa_barbara_county_comprehensive_plan_land_use_element",1,1,1,"Reference",1
"santa_barbara_county_fire_department",1,1,1,"Group",0
"santa_barbara_county_flood_control_and_water",1,1,1,"District",1
"santa_barbara_county_groundwater",1,1,1,"Data_System",1
"santa_barbara_county_integrated",1,1,1,"Local_Gov",1
"santa_barbara_county_planning_department",1,1,1,"Group",0
"santa_barbara_county_precipitation_enhancement_program",1,1,1,"Water_Project",1
"santa_barbara_county_public",1,1,1,"Local_Gov",1
"santa_barbara_county_public_works_department",1,1,1,"Group",0
"santa_barbara_county_south",1,1,1,"Geographic_Unit",1
"santa_barbara_integrated_regional_water_management_program",1,1,1,"Group",1
"santa_barbara_surplus_imported_water_to_offset_groundwater",1,1,1,"Water_Project",1
"santa_clara_merced_formations",1,1,1,"Natural_Feature",0
"santa_clara_river_surface",1,1,1,"Natural_Feature",1
"santa_clara_river_systems",1,1,1,"Natural_Feature",1
"santa_clara_valley_water_district_board_of_directors",1,1,1,"Group",0
"santa_clarita_city_council",1,1,1,"Group",0
"santa_clarita_valley_groundwater_flow_model",1,1,1,"Technical",0
"santa_cruz_aquifer_storage",1,1,1,"Infrastructure",1
"santa_cruz_city_council",1,1,1,"Group",0
"santa_cruz_city_water_department",1,1,1,"Group",0
"santa_cruz_county_code",1,1,1,"Legal",0
"santa_cruz_county_environmental_health",1,1,1,"Local_Gov",1
"santa_cruz_county_environmental_health_services_department",1,1,1,"Group",0
"santa_cruz_county_juvenile_steelhead_and_stream_habitat_monitoring_program",1,1,1,"Technical",0
"santa_cruz_county_prop_1",1,1,1,"Legal",1
"santa_cruz_county_superior_court",1,1,1,"Local_Gov",1
"santa_cruz_integrated_regional_water_management_plan",1,1,1,"Technical",0
"santa_cruz_purisima_formation_basin",1,1,1,"Basin",0
"santa_cruz_sentinel",1,1,1,"Nonsense",1
"santa_cruz_water_commission",1,1,1,"Group",0
"santa_cruz_water_conservation_coalition",1,1,1,"Group",1
"santa_lucia",1,1,1,"Basin",1
"santa_margarita_groundwater_basin",1,1,1,"Basin",0
"santa_margarita_ranch",1,1,1,"Local_Gov",1
"santa_margarita_ranch_mutual_water_company_santa_margarita_ranch_mutual_water_company",1,1,1,"Company",1
"santa_maria_data",1,1,1,"Technical",0
"santa_maria_orthophosphate",1,1,1,"Nonsense",1
"santa_maria_valley_water_conservation_district_et_al",1,1,1,"District",1
"santa_monica_1966",1,1,1,"Nonsense",1
"santa_monica_faults",1,1,1,"Natural_Feature",1
"santa_monica_state_beach",1,1,1,"Natural_Feature",1
"santa_paula_subbasins",1,1,1,"Basin",0
"santa_public_supply",1,1,1,"District",1
"santa_rosa_plain_groundwater_management_program",1,1,1,"Group",1
"santa_rosa_plain_salt_and",1,1,1,"Nonsense",1
"santa_rosa_plain_salt_and_nutrient_management_plan",1,1,1,"Technical",0
"santa_ynez_band_of_mission_indians",1,1,1,"NGO",1
"santa_ynez_ema_groundwater_sustainability_agency",1,1,1,"Other_GSA",0
"santa_ynez_mission_state_park",1,1,1,"Natural_Feature",1
"santa_ynez_river_water_conservation_district_annual_report_zone_d",1,1,1,"Technical",0
"santa_ysabel_ranch_mutual_water_company_santa_ysabel_ranch_mutual_water_company",1,1,1,"Company",1
"santee",1,1,1,"City",0
"sarah_morgan",1,1,1,"Person",1
"sarbanes_oxley",1,1,1,"Legal",1
"satellite_housing_program",1,1,1,"Nonsense",1
"satellite_imagery_evapotranspiration",1,1,1,"Technical",1
"saticoy_country_club",1,1,1,"Nonsense",1
"saticoy_water_water_system",1,1,1,"Natural_Feature",0
"saucelito_id",1,1,1,"District",0
"saucelito_irrigation",1,1,1,"District",1
"saugus_formation_and_alluvial_aquifer",1,1,1,"Natural_Feature",0
"save_windsor_efficiency",1,1,1,"Group",1
"saviers_road",1,1,1,"Nonsense",1
"sawyer",1,1,1,"Nonsense",1
"sb_1168",1,1,1,"Legal",1
"sbcfcwcd",1,1,1,"Nonsense",1
"sbvmwd",1,1,1,"District",0
"sc_ca",1,1,1,"District",1
"scalamini",1,1,1,"Person",1
"scaled",1,1,1,"Nonsense",1
"scaling_factors_for",1,1,1,"Nonsense",1
"scaling_factors_for_baseline",1,1,1,"Technical",1
"scaling_factors_for_climate_change_scenarios",1,1,1,"Technical",1
"scenario7",1,1,1,"Nonsense",1
"scenic_route",1,1,1,"Infrastructure",1
"schaumburg_il",1,1,1,"Local_Gov",1
"schell_creek",1,1,1,"Natural_Feature",0
"schlumberger_private_older",1,1,1,"Company",1
"sci_consulting_group",1,1,1,"Group",0
"science_technology",1,1,1,"Group",1
"scotia_bluffs",1,1,1,"Natural_Feature",1
"scott_fish_game",1,1,1,"State_Gov",1
"scott_luttenberg_rosemary_payne",1,1,1,"Person",1
"scott_rolls",1,1,1,"Person",1
"scott_williams",1,1,1,"Person",1
"scottie_monical",1,1,1,"Person",1
"scotts_valley_bulletin",1,1,1,"Reference",1
"scotts_valley_dry_cleaners_remediation",1,1,1,"Water_Project",1
"scotts_valley_non_potable_reuse",1,1,1,"Water_Project",1
"scotts_valley_smgwa_board",1,1,1,"Group",0
"screen_sustainability_criteria_minimum_threshold_lowering_of_gw_levels",1,1,1,"Technical",1
"screen_water_levels",1,1,1,"Technical",1
"screened_out_during_analysis",1,1,1,"Nonsense",1
"scrtrib8",1,1,1,"Nonsense",1
"scs_curve_number_descriptions",1,1,1,"Technical",1
"scv_recharge_compiler_input",1,1,1,"Technical",1
"scvwd",1,1,1,"District",0
"scwa_continuous_global_positioning_system_subsidence_stations",1,1,1,"District",0
"scwd_recycled_water_facilities_planning_study",1,1,1,"District",0
"sdac_acreage",1,1,1,"Nonsense",1
"sdac_areas",1,1,1,"Geographic_Unit",0
"sdac_areas_of",1,1,1,"Nonsense",1
"sdac_areas_south_of",1,1,1,"Nonsense",1
"sdac_locations",1,1,1,"Data_System",1
"sdac_team",1,1,1,"Group",1
"sdfb",1,1,1,"Nonsense",1
"se_anticipa_que_cualquier_acción_de_administración",1,1,1,"Nonsense",1
"sean",1,1,1,"Person",1
"sean_p_geivet",1,1,1,"Person",1
"seascape",1,1,1,"Geographic_Unit",1
"seaside_subbasin_model",1,1,1,"Technical",0
"seasonal",1,1,1,"Nonsense",1
"seawater_extraction_barrier_barrier_project",1,1,1,"Water_Project",0
"seawater_extraction_barrier_project",1,1,1,"Water_Project",0
"seawater_intrusion_and_interconnected_streams",1,1,1,"Natural_Feature",1
"sebal_north_america",1,1,1,"Technical",1
"sebastopol_merced_formation",1,1,1,"Natural_Feature",0
"second_point_of_measurement",1,1,1,"Infrastructure",1
"secondary_data",1,1,1,"Technical",0
"secondary_maximum_contaminant_level_exceedances_constituents",1,1,1,"Technical",1
"sectio_n",1,1,1,"Nonsense",1
"section_12924",1,1,1,"Reference",0
"section_143_conjunctive_use",1,1,1,"Reference",0
"section_143_management_areas",1,1,1,"Reference",0
"section_14_regular_meetings",1,1,1,"Reference",0
"section_187_status_and",1,1,1,"Reference",0
"section_1918_enforcement_and_response_actions",1,1,1,"Reference",0
"section_21",1,1,1,"Reference",0
"section_2114",1,1,1,"Reference",0
"section_21223",1,1,1,"Reference",0
"section_22",1,1,1,"Reference",0
"section_2354",1,1,1,"Reference",0
"section_237",1,1,1,"Reference",0
"section_3341",1,1,1,"Reference",0
"section_3416",1,1,1,"Reference",0
"section_341_sustainable_management_criteria_groundwater_elevation",1,1,1,"Reference",0
"section_343",1,1,1,"Reference",0
"section_34_sustainability_goal",1,1,1,"Reference",0
"section_3b2_4",1,1,1,"Reference",0
"section_41",1,1,1,"Reference",0
"section_410",1,1,1,"Reference",0
"section_46",1,1,1,"Reference",0
"section_4_projects_and_management_actions_to_achieve_sustainability",1,1,1,"Reference",0
"section_4_sustainable_management_criteria",1,1,1,"Reference",0
"section_515",1,1,1,"Reference",0
"section_531_kern_county_general_plan",1,1,1,"Reference",0
"section_54",1,1,1,"Reference",0
"section_59",1,1,1,"Reference",0
"section_643",1,1,1,"Reference",0
"section_7",1,1,1,"Reference",0
"section_704",1,1,1,"Reference",0
"section_7111_tier_1_projecttier_1_project",1,1,1,"Water_Project",0
"section_75",1,1,1,"Reference",0
"section_7_cosumnes_basin_data_management_system",1,1,1,"Reference",0
"section_7_sustainable_management_criteria_sustainable",1,1,1,"Reference",0
"section_92",1,1,1,"Reference",0
"section_9224_overdraft_conditions",1,1,1,"Reference",0
"section_9311_overdraft_conditions",1,1,1,"Reference",0
"section_95_management_actions",1,1,1,"Reference",0
"section_c4",1,1,1,"Reference",0
"section_d13",1,1,1,"Reference",0
"section_es",1,1,1,"Reference",0
"section_ib",1,1,1,"Reference",0
"section_iia_board_of_directors",1,1,1,"Reference",0
"section_iia_ia1_subbasin_industries",1,1,1,"Reference",0
"section_interconnected_groundwater_and_surface_water",1,1,1,"Reference",0
"section_supply",1,1,1,"Reference",0
"sections_2141",1,1,1,"Reference",1
"sections_7_and_8_of_this_plan",1,1,1,"Technical",0
"sections_f",1,1,1,"Nonsense",1
"secure_inactive",1,1,1,"Nonsense",1
"secures",1,1,1,"Nonsense",1
"sediment",1,1,1,"Natural_Feature",0
"sediment_total_maximum_daily_load",1,1,1,"Legal",1
"see_appendix_c_comments",1,1,1,"Reference",0
"see_response",1,1,1,"Nonsense",1
"see_section",1,1,1,"Reference",0
"see_shasta_indian_nation",1,1,1,"NGO",1
"seeman",1,1,1,"Nonsense",1
"seepage",1,1,1,"Natural_Feature",1
"seepage_management_plan",1,1,1,"Technical",0
"seequent",1,1,1,"Company",1
"seguidas_de_las",1,1,1,"District",0
"selected",1,1,1,"Nonsense",1
"selection_of",1,1,1,"Nonsense",1
"selection_of_key_wells",1,1,1,"Technical",1
"self_report",1,1,1,"Technical",0
"sells_and_altivo",1,1,1,"Basin",1
"semitropic_groundwater_storage_bank",1,1,1,"District",1
"senate_bill",1,1,1,"Legal",0
"senate_bill_1136",1,1,1,"Legal",1
"septic_systems_groundwater_recharge",1,1,1,"Natural_Feature",1
"septic_systems_recharge",1,1,1,"Natural_Feature",1
"sequoia_national_forest_headquarters",1,1,1,"Federal_Gov",1
"sequoia_riverlands_trust",1,1,1,"NGO",1
"sequoiadendron",1,1,1,"Natural_Feature",1
"serafin_calderon",1,1,1,"Person",1
"service_agency",1,1,1,"Group",0
"services",1,1,1,"Nonsense",1
"será_financiada_por_otras_tarifas_o_evaluaciones",1,1,1,"Nonsense",1
"sesj",1,1,1,"Nonsense",1
"set",1,1,1,"Nonsense",1
"setting_5",1,1,1,"Nonsense",1
"setting_v",1,1,1,"Nonsense",1
"setup_and_configuration_of_satellite_images",1,1,1,"Technical",1
"several",1,1,1,"Nonsense",1
"seville",1,1,1,"City",0
"sfr_package",1,1,1,"Technical",1
"sgwp_grant_application",1,1,1,"Technical",1
"shafter_wasco_irrigation_district",1,1,1,"District",0
"shall_account",1,1,1,"Nonsense",1
"shallow",1,1,1,"Nonsense",1
"shallow_aquifer",1,1,1,"Natural_Feature",0
"shane_nash",1,1,1,"Person",1
"shapefiles",1,1,1,"Technical",1
"shared",1,1,1,"Nonsense",1
"shared_costs",1,1,1,"Nonsense",1
"sharing",1,1,1,"Nonsense",1
"sharon",1,1,1,"Person",1
"shasta_dams",1,1,1,"Infrastructure",0
"shasta_division_cross_valley",1,1,1,"Geographic_Unit",0
"shasta_farm_bureau",1,1,1,"NGO",1
"shasta_national_forest_united_states_forest_service",1,1,1,"Federal_Gov",1
"shasta_paper",1,1,1,"Reference",1
"shasta_paper_treatment_lagoons",1,1,1,"Infrastructure",1
"shasta_r",1,1,1,"Natural_Feature",1
"shasta_reservoir",1,1,1,"Infrastructure",0
"shasta_watershed_upper_shasta_river",1,1,1,"Natural_Feature",0
"shaw_conservation_easement",1,1,1,"Legal",1
"shaw_environmental",1,1,1,"Company",1
"shay_creek",1,1,1,"Natural_Feature",0
"sheet_adko",1,1,1,"Nonsense",1
"shell",1,1,1,"Company",1
"shell_chemical_et_al",1,1,1,"Company",1
"shell_oil_co",1,1,1,"Company",1
"shell_oil_company",1,1,1,"Company",1
"shell_ridge",1,1,1,"City",0
"shelton",1,1,1,"Local_Gov",1
"sheriff",1,1,1,"Nonsense",1
"sherry_shaw",1,1,1,"Person",1
"shirlee_zane_county_of",1,1,1,"Person",1
"shn_consulting_engineers",1,1,1,"Company",1
"sholes",1,1,1,"Nonsense",1
"shorelines_source",1,1,1,"Data_System",1
"short_term_consumer_acceptance",1,1,1,"Nonsense",1
"short_term_secondary_drinking_water_maximum_contaminant_level",1,1,1,"Legal",1
"shortfall_before_project_management_action_implementation",1,1,1,"Technical",1
"shown",1,1,1,"Nonsense",1
"shrimp_special",1,1,1,"Nonsense",1
"sidalcea_malviflora_subsp",1,1,1,"District",0
"sierra_1998_export",1,1,1,"Reference",1
"sierra_club_delta_sierra_group",1,1,1,"Group",0
"sierra_club_et_al",1,1,1,"NGO",1
"sierra_county_board_of_equalization",1,1,1,"Local_Gov",1
"sierra_county_community_wildfire_protection_plan",1,1,1,"Technical",0
"sierra_county_flood_control_and_water_conservation_district",1,1,1,"District",0
"sierra_del_oro_water_treatment_plant",1,1,1,"Infrastructure",1
"sierra_madres",1,1,1,"Natural_Feature",1
"sierra_nevada_mountain_range",1,1,1,"Natural_Feature",1
"sierra_nevada_province",1,1,1,"Geographic_Unit",1
"sierra_valley_groundwater",1,1,1,"Basin",1
"sierra_valley_groundwater_basin_act",1,1,1,"Legal",0
"sierra_valley_hydrogeologic_system_model_streamflow_globaldat",1,1,1,"Technical",0
"sierra_valley_rcd",1,1,1,"District",0
"sierra_valley_watershed_land_ownership",1,1,1,"Geographic_Unit",1
"sierraville_ranger_district",1,1,1,"District",0
"sierravilleorg",1,1,1,"Nonsense",1
"signal_hill",1,1,1,"City",0
"significant",1,1,1,"Nonsense",1
"silnificant_clav_lavers",1,1,1,"Nonsense",1
"silty_sandstone",1,1,1,"Natural_Feature",1
"silver_springs",1,1,1,"Natural_Feature",1
"silverado_trail_phase_k_project",1,1,1,"Water_Project",0
"silverwood_lake",1,1,1,"Natural_Feature",0
"simi_valley_basin",1,1,1,"Basin",0
"simons_ranch",1,1,1,"Nonsense",1
"simulates",1,1,1,"Nonsense",1
"simunek",1,1,1,"Person",1
"sin_fines_de_lucro",1,1,1,"NGO",1
"since",1,1,1,"Nonsense",1
"siskiyou_county_realtors_association",1,1,1,"NGO",1
"siskiyou_county_resources_conservation_district",1,1,1,"District",0
"siskiyou_rocket",1,1,1,"Nonsense",1
"siteid",1,1,1,"District",0
"sites_project",1,1,1,"Water_Project",0
"sites_project_authority",1,1,1,"Group",0
"sitka_sedge",1,1,1,"Natural_Feature",1
"sitting_as",1,1,1,"Nonsense",1
"sl0600177511",1,1,1,"Nonsense",1
"sloughhouse_resource_1_representative",1,1,1,"Person",1
"sloughhouse_resource_conservation_district_note",1,1,1,"Reference",1
"sloughs_governance",1,1,1,"Group",1
"sm_mehl",1,1,1,"Person",1
"small_community",1,1,1,"Group",0
"small_water_system_program",1,1,1,"Group",1
"smc4",1,1,1,"Nonsense",1
"smgwa_board_reviews_communications_plan",1,1,1,"Technical",0
"smgwa_treasurer",1,1,1,"Person",1
"smith",1,1,1,"Nonsense",1
"snl",1,1,1,"Nonsense",1
"snmp_monitoring_and_reporting_program",1,1,1,"Technical",0
"snobird",1,1,1,"Nonsense",1
"snodgrass_slough",1,1,1,"Natural_Feature",0
"snow",1,1,1,"Natural_Feature",1
"snyder_et_al_1992",1,1,1,"Reference",1
"social",1,1,1,"Nonsense",1
"social_media_content_social",1,1,1,"Nonsense",1
"social_media_outreach",1,1,1,"Group",1
"social_media_platforms_ebmud",1,1,1,"Nonsense",1
"social_media_pursuant",1,1,1,"Nonsense",1
"sodium",1,1,1,"Nonsense",1
"soi",1,1,1,"Nonsense",1
"soil_agricultural_groundwater_banking_index_rating_group",1,1,1,"Group",0
"soil_gas_investigation",1,1,1,"Technical",1
"soil_infiltration_rates",1,1,1,"Technical",1
"soil_mechanics_and_foundation_engineers_inc",1,1,1,"Company",1
"soil_sustainable_groundwater_managementa",1,1,1,"Nonsense",1
"soil_water_assessment_tool",1,1,1,"Technical",1
"soils_all",1,1,1,"Geographic_Unit",1
"soils_spatial",1,1,1,"Technical",1
"sokr_groundwater_sustainability_plan_stakeholder_workshop",1,1,1,"Group",1
"solano_agricultural_scenario_planning_system_user_guide",1,1,1,"District",0
"solano_board_of_supervisors",1,1,1,"Group",0
"solano_collaborative_mou",1,1,1,"Group",0
"solano_county_agricultural_commissioner_sealer_of_weights_and_measures",1,1,1,"Local_Gov",1
"solano_county_cache_slough_habitat_conservation_plan_cache_slough",1,1,1,"Natural_Feature",0
"solano_county_department_of_resources_management",1,1,1,"Local_Gov",1
"solano_county_environmental_health_division",1,1,1,"Local_Gov",1
"solano_county_superior_court",1,1,1,"Nonsense",1
"solano_county_water_agency_providing_for_water_service",1,1,1,"District",0
"solano_county_water_council",1,1,1,"Group",0
"solano_groundwater_sub_basin",1,1,1,"Basin",0
"solano_groundwater_sustainability_agency_technical_advisory_committee_roster",1,1,1,"Technical",0
"solano_groundwater_sustainability_plan_data_management_system",1,1,1,"Technical",0
"solano_groundwater_sustainability_plan_project_team_outreach",1,1,1,"Group",1
"solano_irrigation_district_deliveries",1,1,1,"District",1
"solano_irrigation_district_drain_distribution",1,1,1,"Infrastructure",1
"solano_pride_center",1,1,1,"District",0
"solano_project_contract",1,1,1,"Legal",0
"solano_project_in",1,1,1,"Water_Project",1
"solano_resource_conservation_districts",1,1,1,"District",0
"solano_snapshot",1,1,1,"Technical",1
"solano_subbasin_for_component",1,1,1,"Basin",1
"solano_subbasin_for_component_7a",1,1,1,"Basin",1
"solano_subbasin_groundwater_sustainability_agency_advisory_group",1,1,1,"Group",0
"solano_subbasin_groundwater_sustainability_agency_formation",1,1,1,"Natural_Feature",0
"solano_subbasin_groundwater_sustainability_agency_staff_advisory_group",1,1,1,"Group",0
"solano_subbasin_groundwater_sustainability_plan_technical_memorandum",1,1,1,"Technical",0
"solano_subbasin_historical_lateral_subsurface_groundwater",1,1,1,"Natural_Feature",1
"solano_subbasin_hydrologic_analysis_periods_per",1,1,1,"Technical",1
"solano_subbasin_monitoring_handout",1,1,1,"Technical",0
"solano_subbasin_project_team",1,1,1,"Group",1
"solano_subbasin_surface_water_system",1,1,1,"Natural_Feature",0
"solano_yolo_subbasin_boundary",1,1,1,"Geographic_Unit",1
"solinst_barologger",1,1,1,"Infrastructure",1
"solinst_leveloggers",1,1,1,"Infrastructure",1
"solito",1,1,1,"Nonsense",1
"solt",1,1,1,"Nonsense",1
"solvang_note",1,1,1,"Nonsense",1
"somers",1,1,1,"Local_Gov",1
"somis_fault_central_las_posas_fault",1,1,1,"Natural_Feature",1
"son0083",1,1,1,"Nonsense",1
"son0167",1,1,1,"Nonsense",1
"son0327",1,1,1,"Nonsense",1
"sonoma_city_hall",1,1,1,"Infrastructure",1
"sonoma_county_springs_specific_plan",1,1,1,"Technical",0
"sonoma_county_veg_map",1,1,1,"Reference",0
"sonoma_cow1ty_water_agency",1,1,1,"Group",0
"sonoma_marin_saving_water_partnership",1,1,1,"Group",1
"sonoma_marin_water_saving_partnership",1,1,1,"Group",1
"sonoma_public_supply",1,1,1,"Group",1
"sonoma_valley_county_sanitation_district_expansion_aquifer_storage",1,1,1,"Water_Project",1
"sonoma_valley_groundwater_sustainability_agency_board_and_advisory_committee",1,1,1,"Group",0
"sonomac",1,1,1,"Nonsense",1
"soquel_aptos_groundwater_flow_model_subsurface_construction",1,1,1,"Technical",0
"soquel_creek_a5b_chloride",1,1,1,"District",0
"soquel_creek_watershed",1,1,1,"Geographic_Unit",1
"sora",1,1,1,"Nonsense",1
"sora_rallus",1,1,1,"Natural_Feature",1
"sosnow",1,1,1,"Nonsense",1
"sources_of_drinking_water_policy",1,1,1,"Legal",0
"south_american_subbasin_working_group",1,1,1,"Group",0
"south_canal",1,1,1,"Infrastructure",1
"south_corning_dome",1,1,1,"Natural_Feature",1
"south_fork_eel_river",1,1,1,"Natural_Feature",0
"south_kings_groundwater_sustainability_agency_board",1,1,1,"Group",0
"south_lahontan",1,1,1,"Basin",1
"south_of_state_highway",1,1,1,"Geographic_Unit",1
"south_san_lorenzo_valley_system",1,1,1,"Natural_Feature",1
"south_santa_ana_critical_riffle",1,1,1,"Natural_Feature",1
"south_sutter_water_district_board_of_directors",1,1,1,"Group",0
"south_talmage",1,1,1,"Geographic_Unit",1
"south_yuba_wd",1,1,1,"District",0
"southeast_area",1,1,1,"Geographic_Unit",0
"southeast_management_area_figure",1,1,1,"Reference",0
"southern_buttonwillow_management_area",1,1,1,"Geographic_Unit",0
"southern_interior_valleys",1,1,1,"Geographic_Unit",0
"southern_san_joaquin_valley_water_quality_coalition_mpep",1,1,1,"Group",1
"southwest",1,1,1,"Geographic_Unit",1
"soviet_union",1,1,1,"Nonsense",1
"spark",1,1,1,"Nonsense",1
"spatial_and_vertical_coverage",1,1,1,"Technical",1
"spatial_data_standards_for_facilities_infrastructure_and_environment",1,1,1,"Technical",0
"spc",1,1,1,"Nonsense",1
"special_counsel",1,1,1,"Group",1
"special_projects",1,1,1,"Water_Project",0
"special_status_wildlife_species_rincon",1,1,1,"Natural_Feature",1
"species",1,1,1,"Nonsense",1
"specific_conductivity",1,1,1,"Technical",1
"specified_municipal_well_field",1,1,1,"Infrastructure",1
"spring_creek_conduit",1,1,1,"Infrastructure",1
"spring_creek_powerplant",1,1,1,"Infrastructure",1
"springhorn",1,1,1,"Nonsense",1
"springs_hydrologic_area",1,1,1,"Geographic_Unit",0
"springs_minor",1,1,1,"Natural_Feature",1
"springville_fault",1,1,1,"Natural_Feature",1
"spruance",1,1,1,"Nonsense",1
"spu",1,1,1,"Local_Gov",1
"spv_advisory_committee",1,1,1,"Group",0
"spwn",1,1,1,"Nonsense",1
"spwn18",1,1,1,"Nonsense",1
"sqcwd_finance_manager",1,1,1,"District",0
"sqcwd_service_areas_iii",1,1,1,"District",0
"srp0714_and_santa_rosa_plain0716",1,1,1,"Basin",1
"srscs",1,1,1,"Nonsense",1
"sscawa_groundwater_management_plan",1,1,1,"Technical",0
"ssjvwqc",1,1,1,"Nonsense",1
"st",1,1,1,"Nonsense",1
"st_helena_star",1,1,1,"Reference",1
"st_johns_river_water_conservation_project",1,1,1,"Water_Project",0
"st_suffi_c",1,1,1,"Nonsense",1
"stachys",1,1,1,"Natural_Feature",1
"staff_advisory_committee",1,1,1,"Group",0
"staff_report",1,1,1,"Technical",0
"stage",1,1,1,"Nonsense",1
"stakeholder",1,1,1,"Nonsense",1
"stakeholder_categories_community",1,1,1,"Group",0
"stakeholder_committee_meeting_agreements_and_guidelines_for_successful_meetings",1,1,1,"District",0
"stakeholder_committee_meetings",1,1,1,"Group",1
"stakeholder_communication_and_engagement",1,1,1,"Group",1
"stakeholder_communication_and_engagement_guidance_document",1,1,1,"District",0
"stakeholder_communication_and_engagement_plan_survey",1,1,1,"Technical",1
"stakeholder_communication_workshop",1,1,1,"Group",1
"stakeholder_group",1,1,1,"Group",0
"stakeholder_identification_and_engagement",1,1,1,"District",0
"stakeholder_incentive_programs",1,1,1,"Group",1
"stakeholder_meetings",1,1,1,"Group",1
"stakeholder_outreach_efforts",1,1,1,"Group",1
"stakeholder_outreach_plan",1,1,1,"Technical",0
"stakeholders_members",1,1,1,"Group",1
"stamos",1,1,1,"Nonsense",1
"standard_criteria",1,1,1,"Legal",1
"standard_method_2540c",1,1,1,"Technical",1
"standard_operating_procedures_for_groundwater_sampling",1,1,1,"Technical",1
"standard_specification_for_chemical_admixtures_for",1,1,1,"Legal",1
"standards_and_rules_and_regulations_for_land_development",1,1,1,"Legal",1
"standing_committee_disputes",1,1,1,"Group",1
"stanislaus_and_tuolumne_rivers_groundwater_basin_association_committee",1,1,1,"Group",0
"stanislaus_and_tuolumne_rivers_groundwater_basin_association_groundwater_sustainability_agency_plan",1,1,1,"Technical",0
"stanislaus_county_community_plans",1,1,1,"Technical",0
"stanislaus_county_costs_and_approachsgem",1,1,1,"Technical",1
"stanislaus_county_general_plan_conservation_open_space_element",1,1,1,"Reference",1
"stanislaus_county_ground_water_sustainability_agencies",1,1,1,"Group",0
"stanislaus_state_stormwater",1,1,1,"District",1
"stanley",1,1,1,"Nonsense",1
"stantec_consulting",1,1,1,"Company",1
"starlite",1,1,1,"Nonsense",1
"state_board_decision_1290",1,1,1,"Legal",1
"state_board_of_equalization",1,1,1,"State_Gov",1
"state_center_community_college_center_district",1,1,1,"District",0
"state_department_of_parks_and_recreation",1,1,1,"State_Gov",1
"state_department_of_transportation",1,1,1,"State_Gov",1
"state_division_of_water_resources",1,1,1,"State_Gov",1
"state_drinking_water_information",1,1,1,"Natural_Feature",0
"state_drinking_water_source_assessment_program",1,1,1,"State_Gov",1
"state_engineer",1,1,1,"State_Gov",1
"state_farmland",1,1,1,"Geographic_Unit",1
"state_general_plan_guidelines",1,1,1,"Legal",0
"state_health_and_safety_code_and_county_ordinance",1,1,1,"Legal",0
"state_law_standards",1,1,1,"Legal",1
"state_legislative_initiatives",1,1,1,"Legal",1
"state_management_system",1,1,1,"Technical",0
"state_marine_reserve",1,1,1,"Legal",1
"state_mining_and_reclamation_act",1,1,1,"Legal",0
"state_model",1,1,1,"Technical",0
"state_model_well_ordinance",1,1,1,"Legal",0
"state_of_california_executive_order",1,1,1,"State_Gov",0
"state_of_california_special_studies_zones",1,1,1,"State_Gov",0
"state_of_california_water_resources",1,1,1,"State_Gov",0
"state_of_department_of_toxic_substances_control",1,1,1,"State_Gov",1
"state_of_department_of_water_resources",1,1,1,"State_Gov",1
"state_of_texas_commission_on_environmental_quality",1,1,1,"State_Gov",1
"state_of_the_basin",1,1,1,"Basin",0
"state_of_this",1,1,1,"Nonsense",1
"state_plan_of_flood_control",1,1,1,"Legal",1
"state_plane_coordinate_system",1,1,1,"Technical",1
"state_reclamation_act",1,1,1,"Legal",0
"state_route_41",1,1,1,"Infrastructure",1
"state_surface_water_ambient_monitoring_program",1,1,1,"Technical",0
"state_university_channel_university",1,1,1,"Nonsense",1
"state_university_sacramento_college_of_continuing_education",1,1,1,"Local_Gov",1
"state_water_boards",1,1,1,"Group",0
"state_water_contractors",1,1,1,"Group",1
"state_water_project_contractor",1,1,1,"Group",1
"state_water_project_delivery_capability_report",1,1,1,"Technical",0
"state_water_project_for_agricultural_irrigation_the_coastal_branch_of",1,1,1,"Water_Project",1
"state_water_project_or",1,1,1,"Water_Project",1
"state_water_project_through",1,1,1,"Infrastructure",1
"state_water_project_to_golden_state_water_company_golden_state_water_company",1,1,1,"Water_Project",1
"state_water_project_water_quality_monitoring",1,1,1,"Technical",0
"state_water_regional_control_board",1,1,1,"Group",0
"state_water_resources_control",1,1,1,"State_Gov",1
"state_water_resources_control_board_2009",1,1,1,"State_Gov",1
"state_water_resources_control_board_application_for_temporary_permit",1,1,1,"Legal",1
"state_water_resources_control_board_division",1,1,1,"State_Gov",1
"state_water_resources_control_board_division_of_drinking_water_supply_permit_water_amendment",1,1,1,"Legal",1
"state_water_resources_control_board_electronic_water_rights_information_system",1,1,1,"Technical",0
"state_water_resources_control_board_geotracker",1,1,1,"Data_System",1
"state_water_resources_control_board_groundwater_ambient_monitoring_and_assessment",1,1,1,"Technical",0
"state_water_resources_control_board_hydrologic_year",1,1,1,"Technical",1
"state_water_resources_control_board_instream_flow_enhancement",1,1,1,"Group",1
"state_water_resources_control_board_regulated_facilities_geotracker_program",1,1,1,"Data_System",1
"state_water_resources_control_board_water_quality_control_plan",1,1,1,"Technical",0
"state_water_resources_control_board_water_quality_order",1,1,1,"Legal",1
"state_well_construction_standards",1,1,1,"Legal",1
"states_bureau_of_reclamation",1,1,1,"Federal_Gov",1
"statewide_agricultural_production_model",1,1,1,"Technical",0
"statewide_agricultural_water_management_requirements_agricultural",1,1,1,"District",0
"statewide_database_of_groundwater_dependent_ecosystem_indicators",1,1,1,"Technical",0
"statewide_groundwater_elevation_monitoring_contributing_areasgem",1,1,1,"Technical",0
"statewide_groundwater_elevation_monitoring_water_data_library_portals",1,1,1,"Technical",0
"statewide_groundwater_elevation_monitoring_water_level_reporting_requirements_future",1,1,1,"Technical",0
"station_p190",1,1,1,"Technical",1
"stauffer",1,1,1,"Nonsense",1
"stein_et_al",1,1,1,"Reference",1
"step_3_5",1,1,1,"Nonsense",1
"stephen_mitchell",1,1,1,"Person",1
"stephens",1,1,1,"Nonsense",1
"stern",1,1,1,"Nonsense",1
"stetson_2021",1,1,1,"Reference",1
"steve_orloff",1,1,1,"Person",1
"steven_c_dalke",1,1,1,"Person",1
"steven_g_kisling_center_for_irrigation_technology",1,1,1,"Group",1
"stevenson",1,1,1,"Nonsense",1
"stgrba",1,1,1,"Group",1
"stickleback",1,1,1,"Natural_Feature",1
"stiff_diagrams",1,1,1,"Technical",1
"stinson_weir",1,1,1,"Infrastructure",0
"stipu",1,1,1,"Group",1
"stockton_area",1,1,1,"Geographic_Unit",0
"stockton_road",1,1,1,"Infrastructure",1
"stokes",1,1,1,"Nonsense",1
"stoll",1,1,1,"Nonsense",1
"stone_corral_irri",1,1,1,"District",1
"stony_creek_fan_model_local",1,1,1,"Technical",0
"stony_creeks",1,1,1,"Natural_Feature",0
"storage_groundwater",1,1,1,"Natural_Feature",1
"storage_tank",1,1,1,"Infrastructure",1
"storm_drain_standards",1,1,1,"Legal",1
"storm_drainage",1,1,1,"Infrastructure",1
"storm_water_resources_plans",1,1,1,"Technical",0
"stormwater_management_groundwater_recharge",1,1,1,"Water_Project",1
"stormwater_permits",1,1,1,"Legal",1
"stormwater_quality_monitoring_program",1,1,1,"Technical",0
"strasser_kauffman",1,1,1,"Person",1
"strategic_groundwater_consulting_support",1,1,1,"Group",1
"strategy_driver",1,1,1,"Natural_Feature",0
"strath",1,1,1,"Nonsense",1
"strathmore_community_plan",1,1,1,"Technical",0
"strawberry_crops",1,1,1,"Nonsense",1
"stream_and_watershed_management_program",1,1,1,"Group",1
"stream_bank",1,1,1,"Natural_Feature",1
"stream_channel_restoration_direct_groundwater",1,1,1,"Water_Project",1
"stream_flow_enhancement_program",1,1,1,"Water_Project",1
"stream_inflow",1,1,1,"Natural_Feature",1
"stream_network",1,1,1,"Natural_Feature",1
"stream_reaches",1,1,1,"Natural_Feature",1
"stream_stage_and_stream_discharge_monitoring",1,1,1,"Technical",0
"stream_systems",1,1,1,"Natural_Feature",1
"streambed_conductance",1,1,1,"Technical",1
"streambed_hydraulic_conductivity",1,1,1,"Technical",1
"streambed_inflow",1,1,1,"Natural_Feature",1
"streambed_percolation_historical",1,1,1,"Technical",1
"streamflow_exceedance_probability",1,1,1,"Technical",1
"streamflow_gages",1,1,1,"Technical",1
"streamflow_monitoring_data_streamflow",1,1,1,"Technical",0
"streamflow_percolation3",1,1,1,"Technical",1
"streamflow_watch_program",1,1,1,"Technical",1
"streamkeepec",1,1,1,"Nonsense",1
"streamleeeper",1,1,1,"Nonsense",1
"streamlined_permit",1,1,1,"Legal",1
"streamlines",1,1,1,"Nonsense",1
"streams",1,1,1,"Natural_Feature",1
"streams_i_2",1,1,1,"Reference",1
"stretch",1,1,1,"Nonsense",1
"structural_design",1,1,1,"Technical",1
"structural_properties_and_restricted_groundwater_flow",1,1,1,"Technical",1
"structural_setting",1,1,1,"Geographic_Unit",0
"structural_setting_lofgren",1,1,1,"Technical",1
"structure_board_and_committee_roles_and_responsibilities_groundwater_authority",1,1,1,"Group",0
"study_design_initiation",1,1,1,"Nonsense",1
"study_period_of",1,1,1,"Nonsense",1
"subaco_oswald_gridley",1,1,1,"District",0
"subarticle_3_sustainable_management_criteria",1,1,1,"Legal",1
"subarticle_4_monitoring_networks",1,1,1,"Technical",0
"subbasin_agriculture",1,1,1,"Geographic_Unit",1
"subbasin_boundary",1,1,1,"Geographic_Unit",1
"subbasin_conditions_of",1,1,1,"Nonsense",1
"subbasin_coordination_activities",1,1,1,"Group",1
"subbasin_coordination_committee_and_technical_working_group",1,1,1,"Group",0
"subbasin_coordination_outreach",1,1,1,"Group",1
"subbasin_flood_managed_aquifer_recharge",1,1,1,"Water_Project",1
"subbasin_foundational_data",1,1,1,"Technical",0
"subbasin_hydrogeologic_conceptual_model",1,1,1,"Technical",0
"subbasin_implementation_committees",1,1,1,"Group",0
"subbasin_number",1,1,1,"Nonsense",1
"subbasin_stakeholders",1,1,1,"Group",1
"subbasin_water_budget_summary_table",1,1,1,"Reference",0
"subbasin_water_supply_reliability_based",1,1,1,"Technical",1
"subbasin_wells",1,1,1,"Technical",1
"subcommittee",1,1,1,"Group",0
"submit_annual",1,1,1,"Nonsense",1
"submit_the_modesto_subbasin",1,1,1,"Basin",0
"subordinate_madera_irrigation_district",1,1,1,"District",0
"subregion_4",1,1,1,"Geographic_Unit",1
"subsidence_data",1,1,1,"Technical",0
"subsidence_monitoring_network_data",1,1,1,"Technical",0
"subsidence_monitoring_network_local",1,1,1,"Technical",0
"subsurface_inflow_the_tule_subbasin_setting",1,1,1,"Geographic_Unit",0
"success_dam_enlargement_project",1,1,1,"Water_Project",0
"success_reservoir_to_oettle_bridge",1,1,1,"District",0
"sudan",1,1,1,"Geographic_Unit",1
"sufficient",1,1,1,"Nonsense",1
"sugarloaf_ridge_state",1,1,1,"District",0
"suisun_creek",1,1,1,"Natural_Feature",0
"suisun_marsh_protection_act",1,1,1,"Legal",0
"suite",1,1,1,"Nonsense",1
"suite_a",1,1,1,"Nonsense",1
"suitesense",1,1,1,"Company",1
"sulfate_n_a_250500600",1,1,1,"Nonsense",1
"sulfate_sulfate",1,1,1,"Nonsense",1
"sullivan",1,1,1,"Nonsense",1
"summary_of_sustainable_management_criteria",1,1,1,"Reference",1
"summerland_beach",1,1,1,"Natural_Feature",1
"summerland_county_water_district",1,1,1,"District",0
"summerly",1,1,1,"Nonsense",1
"sumner_hill_groundwater_dependent_ecosystem_unit",1,1,1,"Geographic_Unit",1
"sun_city_regional",1,1,1,"District",1
"sun_world_international",1,1,1,"Company",1
"sunny_mesa_community_services_district",1,1,1,"District",0
"sunny_mesa_community_services_district_and_aromas_water_district",1,1,1,"District",0
"sunol_valley",1,1,1,"Geographic_Unit",0
"sunrise_blvd",1,1,1,"Nonsense",1
"super",1,1,1,"Nonsense",1
"supplemental_actions",1,1,1,"Nonsense",1
"supplemental_groundwater_level_monitoring",1,1,1,"Technical",0
"supplemental_groundwater_quality_data",1,1,1,"Technical",0
"supplemental_hydrogeologic_investigation_monitoring",1,1,1,"Technical",0
"supplies",1,1,1,"Nonsense",1
"supply",1,1,1,"Nonsense",1
"supply_and_demand_management",1,1,1,"Nonsense",1
"supply_groundwater",1,1,1,"Natural_Feature",1
"supply_meter_retrofit_project_for_tower",1,1,1,"Water_Project",1
"supplying",1,1,1,"Nonsense",1
"support",1,1,1,"Nonsense",1
"support_ca_delta_conveyance",1,1,1,"Group",1
"surf_beach",1,1,1,"Nonsense",1
"surface_advisory_group_ecos",1,1,1,"Group",1
"surface_and_groundwater",1,1,1,"Natural_Feature",1
"surface_energy_balance",1,1,1,"Technical",1
"surface_water_advisory_committee",1,1,1,"Group",0
"surface_water_and_groundwater_conditions",1,1,1,"Technical",1
"surface_water_budget_table_2",1,1,1,"Reference",0
"surface_water_delivery_projects",1,1,1,"Water_Project",0
"surface_water_for_irrigation_surface",1,1,1,"Natural_Feature",1
"surface_water_for_municipal_and_irrigation",1,1,1,"Natural_Feature",1
"surface_water_inflow",1,1,1,"Natural_Feature",1
"surface_water_monitoring_and_management_programs_available",1,1,1,"Technical",0
"surface_water_monitoring_the_water_resources_division_of_the_san_luis_obispo_county_public_works",1,1,1,"Technical",0
"surface_water_outflows",1,1,1,"Natural_Feature",1
"surface_water_programs_for",1,1,1,"Nonsense",1
"surface_water_pump_station_and_storage_tank_project",1,1,1,"Water_Project",0
"surface_water_quality_ametryn",1,1,1,"Technical",1
"surface_water_quality_chlorimuron_ethyl",1,1,1,"Technical",1
"surface_water_quality_chlorobenzene",1,1,1,"Technical",1
"surface_water_quality_chloroethane",1,1,1,"Technical",1
"surface_water_quality_chloromethane",1,1,1,"Technical",1
"surface_water_quality_cobalt",1,1,1,"Technical",1
"surface_water_quality_mcpa",1,1,1,"Group",1
"surface_water_quality_potassium",1,1,1,"Technical",1
"surface_water_quality_toluene",1,1,1,"Technical",1
"surface_water_quality_topical",1,1,1,"Technical",1
"surface_water_quality_turbidity",1,1,1,"District",0
"surface_water_quality_vinyl",1,1,1,"Technical",1
"surface_water_quality_water",1,1,1,"Technical",1
"surface_water_system_water_budget_accounting_centers_and_components",1,1,1,"Technical",1
"surficial",1,1,1,"Nonsense",1
"surficial_geology",1,1,1,"Technical",1
"survey",1,1,1,"Nonsense",1
"survey_of_current_business",1,1,1,"Reference",1
"surveying_spirit_leveling",1,1,1,"Technical",1
"surveys_or_land_use_studies",1,1,1,"Technical",1
"susan_j_matcham",1,1,1,"Person",1
"susan_pan",1,1,1,"Person",1
"suscol_creek",1,1,1,"Natural_Feature",0
"suspend",1,1,1,"Nonsense",1
"sustainabiiity_agency",1,1,1,"Group",0
"sustainability_agencies_collaborative",1,1,1,"Group",1
"sustainability_agency_authorities_and",1,1,1,"Nonsense",1
"sustainability_agency_management_area_diagram_sustainable_groundwater_planning",1,1,1,"Technical",1
"sustainability_agency_stakeholder_communication_and_engagement_plan_open",1,1,1,"Technical",1
"sustainability_aquifer_2018",1,1,1,"Technical",1
"sustainability_criteria_acquisition",1,1,1,"Nonsense",1
"sustainability_criteria_section_6641",1,1,1,"Reference",0
"sustainability_farmers_water_district",1,1,1,"District",0
"sustainability_goal_and_undesirable_results",1,1,1,"Reference",1
"sustainability_goal_the_working_group",1,1,1,"Group",0
"sustainability_goals_and_indicators",1,1,1,"Reference",1
"sustainability_management_criteria",1,1,1,"Legal",1
"sustainability_management_criteria_sustainable",1,1,1,"Reference",1
"sustainability_of_adjacent_areas",1,1,1,"Geographic_Unit",0
"sustainability_project_and_management_actions",1,1,1,"Group",1
"sustainability_understanding",1,1,1,"Nonsense",1
"sustainability_vision_and_policy_statement",1,1,1,"Nonsense",1
"sustainable_136",1,1,1,"Nonsense",1
"sustainable_august_19",1,1,1,"Nonsense",1
"sustainable_groundwater_management_acct",1,1,1,"Legal",1
"sustainable_groundwater_management_act_107256",1,1,1,"Legal",1
"sustainable_groundwater_management_act_59",1,1,1,"Legal",1
"sustainable_groundwater_management_act_adjudication_areas",1,1,1,"Geographic_Unit",0
"sustainable_groundwater_management_act_advisory_committee_government_center_room",1,1,1,"Nonsense",1
"sustainable_groundwater_management_act_and_groundwater",1,1,1,"Legal",1
"sustainable_groundwater_management_act_basin_prioritization_dataset",1,1,1,"Technical",0
"sustainable_groundwater_management_act_board",1,1,1,"Group",0
"sustainable_groundwater_management_act_chowchilla_water_district",1,1,1,"District",0
"sustainable_groundwater_management_act_compliance_activities_update",1,1,1,"Technical",1
"sustainable_groundwater_management_act_coordination_sacramento",1,1,1,"Legal",1
"sustainable_groundwater_management_act_data_management_system_requirements",1,1,1,"Technical",0
"sustainable_groundwater_management_act_data_viewer4",1,1,1,"Technical",0
"sustainable_groundwater_management_act_data_viewer_or_water_data_library",1,1,1,"Technical",0
"sustainable_groundwater_management_act_ies",1,1,1,"Legal",1
"sustainable_groundwater_management_act_implementation",1,1,1,"Legal",1
"sustainable_groundwater_management_act_implementation_horizon",1,1,1,"Legal",1
"sustainable_groundwater_management_act_implementation_recommendations_11",1,1,1,"Reference",1
"sustainable_groundwater_management_act_implementation_round_2",1,1,1,"Legal",1
"sustainable_groundwater_management_act_improvement_district_meeting",1,1,1,"Group",1
"sustainable_groundwater_management_act_interferometric_synthetic_aperture_radar",1,1,1,"Nonsense",1
"sustainable_groundwater_management_act_management_agreement",1,1,1,"Group",0
"sustainable_groundwater_management_act_model",1,1,1,"Technical",0
"sustainable_groundwater_management_act_notification_and_engagement_requirements",1,1,1,"Legal",1
"sustainable_groundwater_management_act_of",1,1,1,"Legal",1
"sustainable_groundwater_management_act_open_houses",1,1,1,"Group",1
"sustainable_groundwater_management_act_outreach",1,1,1,"Legal",1
"sustainable_groundwater_management_act_overview",1,1,1,"Reference",1
"sustainable_groundwater_management_act_rancheris",1,1,1,"Legal",1
"sustainable_groundwater_management_act_regulation",1,1,1,"Legal",0
"sustainable_groundwater_management_act_reports",1,1,1,"Technical",0
"sustainable_groundwater_management_act_roundtable",1,1,1,"Group",1
"sustainable_groundwater_management_act_sa",1,1,1,"Legal",1
"sustainable_groundwater_management_act_section_107256",1,1,1,"Reference",0
"sustainable_groundwater_management_act_section_35428",1,1,1,"Reference",0
"sustainable_groundwater_management_act_section_government_code",1,1,1,"Reference",0
"sustainable_groundwater_management_act_strategy",1,1,1,"Legal",1
"sustainable_groundwater_management_act_sustainable",1,1,1,"Legal",1
"sustainable_groundwater_management_act_sustainable_management_criteria_sustainable_management_criteria",1,1,1,"Legal",1
"sustainable_groundwater_management_act_taylor",1,1,1,"Legal",1
"sustainable_groundwater_management_act_tribal",1,1,1,"Legal",1
"sustainable_groundwater_management_act_viewer",1,1,1,"Data_System",1
"sustainable_groundwater_management_act_workgroup",1,1,1,"Group",0
"sustainable_groundwater_management_act_working_group",1,1,1,"Group",0
"sustainable_groundwater_management_areanagement",1,1,1,"Nonsense",1
"sustainable_groundwater_management_criteria",1,1,1,"Legal",1
"sustainable_groundwater_management_numerous",1,1,1,"Nonsense",1
"sustainable_groundwater_management_ordinance",1,1,1,"Legal",0
"sustainable_management_criteria_best_management_practice_guide",1,1,1,"District",0
"sustainable_management_criteria_bmp",1,1,1,"Legal",1
"sustainable_management_criteria_for_subsidence",1,1,1,"District",0
"sustainable_management_criteria_stakeholder_survey_mullin_area_groundwater_sustainability_agency",1,1,1,"Other_GSA",0
"sustainable_management_criteria_workshops_public",1,1,1,"Group",1
"sustainable_management_of_groundwater_sustainable_management_criteria_best_management_practice",1,1,1,"Legal",1
"sustainable_management_section_of_the_groundwater_sustainability_plan",1,1,1,"Reference",0
"sustainable_winegrape_program",1,1,1,"NGO",1
"sustainable_winegrowing",1,1,1,"Nonsense",1
"sustainable_yields",1,1,1,"Technical",1
"sutherland_context_and",1,1,1,"Nonsense",1
"sutter_community_service_district",1,1,1,"District",0
"sutter_community_services_district_board_of_directors",1,1,1,"Group",0
"sutter_county_board",1,1,1,"Group",0
"sutter_county_development_services_department",1,1,1,"Group",0
"sutter_county_facebook_post_for_public_workshop",1,1,1,"Reference",1
"sutter_county_gmp",1,1,1,"District",1
"sutter_county_superior_court",1,1,1,"Nonsense",1
"sutter_groundwater_sustainability_plan_pma",1,1,1,"Geographic_Unit",1
"sutter_refuge",1,1,1,"Natural_Feature",1
"sutter_subbasin_groundwater_sustainability_agencies",1,1,1,"Group",0
"suzannah",1,1,1,"Nonsense",1
"sv_j10_02",1,1,1,"Nonsense",1
"svbgsa_boards",1,1,1,"Group",0
"svgwbhc_1995",1,1,1,"Reference",1
"sviii",1,1,1,"Nonsense",1
"swain_et_al",1,1,1,"Reference",1
"sweetwater_creek",1,1,1,"Natural_Feature",0
"swft",1,1,1,"Nonsense",1
"swi_possible_future_projects_and_management_actions_acquire_supplemental_water_gl",1,1,1,"Water_Project",1
"swi_programs_update_basin_numerical_model",1,1,1,"Technical",0
"swkgsa",1,1,1,"Other_GSA",0
"swp_central_valley_project",1,1,1,"Water_Project",0
"sws_overdraft",1,1,1,"Technical",1
"syar_industries",1,1,1,"Company",1
"sycamore_marsh_farm_direct",1,1,1,"Local_Gov",1
"sycamore_slough_direct",1,1,1,"Natural_Feature",1
"sycamore_slough_drain_multi_benefit_groundwater",1,1,1,"Water_Project",1
"sycamore_slough_groundwater_dependent_ecosystem_unit",1,1,1,"Natural_Feature",1
"synthetic_hydrologic_development_and_aquifer",1,1,1,"Natural_Feature",0
"syrvg",1,1,1,"Nonsense",1
"system",1,1,1,NA,0
"systems",1,1,1,"Nonsense",1
"t0600101803",1,1,1,"Reference",1
"t0600101803_ew4",1,1,1,"Nonsense",1
"t0611130305",1,1,1,"Reference",1
"t1i",1,1,1,"Nonsense",1
"t_j",1,1,1,"Nonsense",1
"t_maddock",1,1,1,"Person",1
"table_1",1,1,1,"Reference",0
"table_10_and_figure",1,1,1,"Reference",0
"table_27",1,1,1,"Reference",0
"table_4",1,1,1,"Reference",0
"table_4_1",1,1,1,"Reference",0
"table_4_3",1,1,1,"Reference",0
"table_4_7",1,1,1,"Reference",0
"table_5_4",1,1,1,"Reference",0
"table_8",1,1,1,"Reference",0
"table_a2_9",1,1,1,"Reference",0
"table_a2fa14",1,1,1,"Reference",0
"table_a_allocation",1,1,1,"Reference",0
"table_a_surface_waterp_allocation",1,1,1,"Reference",0
"table_a_water_and",1,1,1,"Reference",0
"table_a_water_and_north_of_delta_allocation_for_table_a",1,1,1,"Reference",0
"table_b3",1,1,1,"Reference",0
"table_b5",1,1,1,"Reference",0
"table_d2_1",1,1,1,"Reference",0
"table_es1",1,1,1,"Reference",0
"table_es2_projects_programs",1,1,1,"Reference",0
"table_g1",1,1,1,"Reference",0
"table_i3",1,1,1,"Reference",0
"table_mountain_rancheria",1,1,1,"Reference",0
"tagus_basin_north_cell",1,1,1,"Basin",1
"tagus_basin_south_cell",1,1,1,"Basin",1
"tailwater",1,1,1,"Natural_Feature",1
"tailwater_flows",1,1,1,"Natural_Feature",1
"talmage_near_el_roble",1,1,1,"Infrastructure",1
"tank_site_cleanup",1,1,1,"Water_Project",1
"tara_hills",1,1,1,"City",0
"task",1,1,1,"Nonsense",1
"task_orders",1,1,1,"Nonsense",1
"taxus_brevifolia",1,1,1,"Natural_Feature",1
"tbe_agency",1,1,1,"Group",0
"tcca_contractors",1,1,1,"Group",1
"tcv",1,1,1,"Nonsense",1
"tcwd_board",1,1,1,"Group",0
"tea_pot_dome_water_district_and",1,1,1,"District",1
"tebaldi_et_al",1,1,1,"Reference",1
"technical",1,1,1,"Technical",0
"technical_advisory_committee_and_advisory_committee",1,1,1,"Group",0
"technical_advisory_committee_isaacson",1,1,1,"Technical",0
"technical_advisory_committee_protocols_and_operating_principles",1,1,1,"Technical",0
"technical_advisory_committee_working_group",1,1,1,"Group",0
"technical_group_ha6",1,1,1,"Technical",0
"technical_hydrogeologic_and_data_support",1,1,1,"Technical",0
"technical_input",1,1,1,"Technical",0
"technical_or_regulatory_guidelines",1,1,1,"Legal",0
"technical_peer_review_heidi",1,1,1,"Technical",0
"technical_peer_review_purpose",1,1,1,"Technical",0
"technical_peer_review_the_technical_peer_review_group",1,1,1,"Group",0
"technical_report",1,1,1,"Technical",0
"technical_services_support_and_facilitation_services_support_programs_assistance_programs",1,1,1,"Technical",0
"technical_workshops_and_coordination_committee",1,1,1,"Group",0
"tecolote_tunnel",1,1,1,"Infrastructure",1
"tehachapi_cummings_community_water_district",1,1,1,"District",0
"tehachapi_mountains",1,1,1,"Natural_Feature",1
"tehama_butte_county",1,1,1,"County",0
"tehama_city_council",1,1,1,"Group",0
"tehama_colusa",1,1,1,"Basin",1
"tehama_colusa_service_area",1,1,1,"Geographic_Unit",0
"tehama_coordination_and_development_of_public_data",1,1,1,"Technical",0
"tehama_county_agricultural",1,1,1,"District",1
"tehama_county_and",1,1,1,"Nonsense",1
"tehama_county_board_of_supervisors_ordinance",1,1,1,"Legal",0
"tehama_county_domestic_well_tracking_water_action_fund_chapter_3",1,1,1,"Reference",1
"tehama_county_groundwater_ordinances",1,1,1,"Legal",0
"tehama_county_subbasins_online_survey",1,1,1,"Technical",1
"tehama_formation1",1,1,1,"Natural_Feature",1
"tehama_formation_13",1,1,1,"Natural_Feature",1
"tehama_formation_with",1,1,1,"Nonsense",1
"tehama_sustainable_groundwater_management_act",1,1,1,"Legal",0
"tejon_castac_management_area_931_water_budget_components",1,1,1,"Technical",1
"tejon_castac_management_area_cross_section_f_f",1,1,1,"Reference",0
"tejon_castac_management_area_hydrogeologic_survey_results_conceptual_model",1,1,1,"Technical",0
"tejon_mountain_village_development_scenario",1,1,1,"Water_Project",1
"tejon_mountain_village_development_with_aquifer_replenishment_project",1,1,1,"Water_Project",0
"tejon_mountain_village_development_with_aquifer_replenishment_project_scenario",1,1,1,"Water_Project",1
"tejon_mountain_village_facilities_plan",1,1,1,"Technical",0
"tejon_ranch_grapevine_water",1,1,1,"Company",1
"tem_data",1,1,1,"Technical",0
"temecula_valley_basins",1,1,1,"Basin",0
"temescal_desalter",1,1,1,"Infrastructure",1
"temescal_groundwater_subbasin",1,1,1,"Basin",0
"temescal_groundwater_sustainability_agency_technical_advisory_committee",1,1,1,"Group",0
"temescal_valley_production_district",1,1,1,"District",0
"temescal_valley_water_district_waste_discharge_by_location",1,1,1,"Technical",1
"temescal_wash_native_fish_restoration_project",1,1,1,"Water_Project",0
"temperance_flat",1,1,1,"Water_Project",1
"temperance_flat_reservoir_authority",1,1,1,"Group",0
"temperture",1,1,1,"Nonsense",1
"temporal_coverage_and_monitoring_frequency",1,1,1,"Technical",0
"temporal_resolution_groundwater",1,1,1,"Technical",1
"temporary_facilities",1,1,1,"Infrastructure",1
"temporary_water_service",1,1,1,"Infrastructure",1
"tercourse_engineering",1,1,1,"Nonsense",1
"terminafaon",1,1,1,"Nonsense",1
"terminal_reservoir",1,1,1,"Infrastructure",0
"terra_bella_irrigation_district_terra_bella_sewer_maintenance_district",1,1,1,"District",0
"terrace_deposits_of_aquifer_ii",1,1,1,"Natural_Feature",1
"terrance_deposits",1,1,1,"Natural_Feature",1
"territorially",1,1,1,"Nonsense",1
"tertiary",1,1,1,"Nonsense",1
"tertiary_petaluma_formation",1,1,1,"Natural_Feature",0
"tertiary_sediments",1,1,1,"Natural_Feature",0
"tertiary_treatment_expansion",1,1,1,"Water_Project",1
"tertiary_volcanic",1,1,1,"Natural_Feature",1
"teviston_hamlet_plan_2017",1,1,1,"Reference",1
"texture_maps_and_sections",1,1,1,"Technical",1
"tgaec",1,1,1,"Group",1
"thacher",1,1,1,"Nonsense",1
"thalweg_elevation_data",1,1,1,"Technical",0
"thamnophis",1,1,1,"Nonsense",1
"thamnophis_sirtalis_sirtalis_common_gartersnake",1,1,1,"Natural_Feature",1
"that_city_of_bakersfield",1,1,1,"City",0
"that_party",1,1,1,"Nonsense",1
"thatcher",1,1,1,"Local_Gov",1
"theis",1,1,1,"Technical",1
"these_advisory_committees",1,1,1,"Group",0
"these_agricultural_water_management_plans",1,1,1,"Technical",0
"these_bylaws",1,1,1,"Legal",0
"these_interim_milestones",1,1,1,"Nonsense",1
"these_management_areas",1,1,1,"Geographic_Unit",0
"these_monitoring_program",1,1,1,"Technical",0
"these_projects_and_management_actions",1,1,1,"Nonsense",1
"theskenand",1,1,1,"Nonsense",1
"thi",1,1,1,"Nonsense",1
"think_twice_program",1,1,1,"Group",1
"thiobencarb",1,1,1,"Nonsense",1
"this_algal_growth_potential",1,1,1,"Technical",1
"this_appendix_k",1,1,1,"Reference",0
"this_communications_engagement",1,1,1,"Nonsense",1
"this_communications_engagement_plan",1,1,1,"Technical",0
"this_groundwater_sustainability_plan_coordination_group",1,1,1,"Group",0
"this_land_use_inventory_geodatabase_technical_memorandum",1,1,1,"Technical",0
"this_ma",1,1,1,"Nonsense",1
"this_management_action_department",1,1,1,"Group",0
"this_management_areadera_subbasin_coordination",1,1,1,"Group",1
"this_memorandum_of_understanding",1,1,1,"Legal",1
"this_mt",1,1,1,"Nonsense",1
"this_networks_indicators",1,1,1,"Nonsense",1
"this_older_alluvium",1,1,1,"Natural_Feature",0
"this_owens_valley_program",1,1,1,"Group",1
"this_pliocene",1,1,1,"Nonsense",1
"this_pma",1,1,1,"Nonsense",1
"this_resource_management_strategy",1,1,1,"Nonsense",1
"this_salinas_valley_basin_groundwater_sustainability_agency_communication_and_public_engagement_document",1,1,1,"Reference",1
"this_subbasin",1,1,1,"Basin",0
"this_sustainability_interconnected_indicator",1,1,1,"Technical",1
"this_technical_working_group",1,1,1,"Group",0
"this_water_fund",1,1,1,"NGO",1
"this_water_supply_contract",1,1,1,"Legal",0
"thj_validation_action",1,1,1,"District",0
"thomas_harder_company",1,1,1,"Company",1
"thomas_w_dibblee",1,1,1,"Person",1
"thomas_w_wilber",1,1,1,"Person",1
"thomasson_jr",1,1,1,"Person",1
"thompson_creek_channel_cpp",1,1,1,"Infrastructure",1
"thompson_creek_spreading_grounds",1,1,1,"Infrastructure",1
"thorne",1,1,1,"Geographic_Unit",1
"thornton",1,1,1,"City",0
"threatened_crangonyx",1,1,1,"Natural_Feature",1
"threshold",1,1,1,"Nonsense",1
"threshold_aquifer",1,1,1,"Natural_Feature",0
"threshold_for_total_dissolved_solids_table",1,1,1,"Reference",0
"throop",1,1,1,"Nonsense",1
"through_stage",1,1,1,"Nonsense",1
"through_stage_5_water_rationing",1,1,1,"Legal",1
"tier",1,1,1,"Nonsense",1
"tier_1_management_actions",1,1,1,"Technical",1
"tier_2_estimated_project",1,1,1,"Water_Project",0
"tier_2_management_action",1,1,1,"Technical",1
"tierra_area",1,1,1,"Geographic_Unit",0
"tierra_rejada_basins",1,1,1,"Basin",0
"tim_godwin",1,1,1,"Person",1
"tim_mcgraw",1,1,1,"Person",1
"timing",1,1,1,"Nonsense",1
"tipos_de_tierra",1,1,1,"Nonsense",1
"tisdale_irrigation_and_drainage_company_board",1,1,1,"Group",0
"tisdale_irrigation_drainage_company",1,1,1,"Company",1
"tish_non",1,1,1,"Nonsense",1
"title",1,1,1,"Nonsense",1
"title_12",1,1,1,"Legal",1
"title_22_52",1,1,1,"Legal",1
"title_23_351",1,1,1,"Legal",1
"tmdl_total_maximum_daily_load_program_nature_conservancy",1,1,1,"NGO",1
"tmf",1,1,1,"Nonsense",1
"tn",1,1,1,"Nonsense",1
"to_achieve_sustainability",1,1,1,"Nonsense",1
"to_be_n_a_2_n_a",1,1,1,"Nonsense",1
"to_define_undesirable_results_significant",1,1,1,"Reference",1
"to_determine",1,1,1,"Nonsense",1
"to_evaluate",1,1,1,"Nonsense",1
"to_fill_data",1,1,1,"Technical",0
"to_fill_data_gaps_data",1,1,1,"Technical",0
"to_improve_the_efficiency_of_water",1,1,1,"Nonsense",1
"toadtown",1,1,1,"Nonsense",1
"todd_121817",1,1,1,"Nonsense",1
"todd_engineers",1,1,1,"Company",1
"todd_road",1,1,1,"Infrastructure",1
"todd_sloat_biological",1,1,1,"Person",1
"todd_studyb",1,1,1,"Nonsense",1
"tognolini",1,1,1,"Nonsense",1
"tolay_creek",1,1,1,"Natural_Feature",0
"tom_berg",1,1,1,"Person",1
"tomiquia_moss",1,1,1,"Natural_Feature",1
"tommy_lee_jarrell",1,1,1,"Person",1
"tony_barrera",1,1,1,"Person",1
"tonyville_hamlet_plan",1,1,1,"Technical",0
"topics",1,1,1,"Nonsense",1
"topography_the",1,1,1,"Nonsense",1
"toro_canyon_school_soil",1,1,1,"Natural_Feature",1
"toro_manufacturing_company",1,1,1,"Company",1
"tos",1,1,1,"Nonsense",1
"toss",1,1,1,"Nonsense",1
"total_cost_allocation",1,1,1,"Technical",1
"total_groundwater_storage",1,1,1,"Technical",1
"total_solids",1,1,1,"District",0
"town_of_madison",1,1,1,"Local_Gov",1
"town_of_yountville_general_plan",1,1,1,"Technical",0
"toxicoscordion",1,1,1,"Natural_Feature",1
"tracking_system",1,1,1,"Data_System",1
"tracy_dos_palos_area",1,1,1,"Geographic_Unit",0
"tracy_regional_groundwater_management_plan",1,1,1,"Technical",0
"tracy_site",1,1,1,"Infrastructure",1
"tracy_wastewater_treatment_plant",1,1,1,"Infrastructure",1
"traffic_mitigation_airport_industrial_fund",1,1,1,"Nonsense",1
"tranquillity_irrigation_district",1,1,1,"District",0
"tranquillity_public_utilities_district",1,1,1,"District",0
"transfers",1,1,1,"Nonsense",1
"transient_non_community_water_systems",1,1,1,"Natural_Feature",0
"transmissivity_estimates_of",1,1,1,"Technical",1
"transnet_environmental_mitigation_program",1,1,1,"Group",1
"travis",1,1,1,"Nonsense",1
"trc_pw80",1,1,1,"Technical",1
"treasurer",1,1,1,"Nonsense",1
"treepeople",1,1,1,"NGO",1
"tres_pinos_percolation",1,1,1,"Infrastructure",1
"tres_pinos_subbasins",1,1,1,"Basin",0
"tri_county_water_authority_groundwater_sustainability_agency",1,1,1,"Other_GSA",0
"trial_balloon",1,1,1,"Nonsense",1
"triangle_t_water_district_13",1,1,1,"District",1
"triangle_t_water_district_groundwater_sustainability_agency_14700_total",1,1,1,"District",1
"triangle_t_water_district_groundwater_sustainability_agency_triangle_t_water_district_groundwater_sustainability_agency",1,1,1,"Other_GSA",0
"triangle_t_water_district_pipeline_projects_estimated_costs_item_total_cost_year",1,1,1,"Technical",1
"triassic",1,1,1,"Nonsense",1
"tribal_contact_report",1,1,1,"Technical",0
"tribal_council_meeting",1,1,1,"Group",1
"tribal_nations",1,1,1,"Group",1
"tribal_outreach",1,1,1,"Group",1
"tribal_regional_water_management",1,1,1,"Group",1
"tribal_trust",1,1,1,"Legal",1
"tribal_trust_land",1,1,1,"Geographic_Unit",1
"tribal_union_of_concerned",1,1,1,"Group",1
"tribes",1,1,1,"Group",1
"tribes_american_heritage_commission",1,1,1,"Group",0
"tributary_inflow",1,1,1,"Natural_Feature",1
"trid_ma",1,1,1,"District",0
"tropaeolum",1,1,1,"Nonsense",1
"trpa",1,1,1,"Local_Gov",1
"truckee_meadows_water_authority",1,1,1,"Group",0
"trujillo_et_al",1,1,1,"Reference",1
"trussell_technologies",1,1,1,"Company",1
"trusted_news_sources_links",1,1,1,"Nonsense",1
"trustee",1,1,1,"Nonsense",1
"trustee_agency",1,1,1,"Group",0
"ts212_inf_sample_port_location",1,1,1,"Data_System",1
"tshawytscha_cv_central_valley",1,1,1,"Geographic_Unit",0
"tu_unit_figure",1,1,1,"Reference",0
"tuesdays",1,1,1,"Nonsense",1
"tuff_breccia",1,1,1,"Natural_Feature",1
"tufted",1,1,1,"Nonsense",1
"tulare_basin_wildlife_partners",1,1,1,"Group",1
"tulare_county_board_of_supervisors",1,1,1,"Group",0
"tulare_county_code",1,1,1,"Legal",0
"tulare_county_focus_area",1,1,1,"Geographic_Unit",0
"tulare_county_general_plan_2030_update",1,1,1,"Reference",1
"tulare_county_management_area",1,1,1,"Geographic_Unit",0
"tulare_county_planning_commission",1,1,1,"Group",0
"tulare_county_proposed",1,1,1,"Local_Gov",1
"tulare_county_tulare_county",1,1,1,"County",0
"tulare_county_zoning_ordinance",1,1,1,"Legal",0
"tulare_lake_preliminary",1,1,1,"Reference",1
"tulare_public_library_and_council_chambers",1,1,1,"Infrastructure",1
"tulare_subbasins",1,1,1,"Basin",0
"tulare_valleys",1,1,1,"Geographic_Unit",0
"tularosa",1,1,1,"Geographic_Unit",1
"tule_basin_water_quality_coalition_program",1,1,1,"Group",1
"tule_bluet_insects",1,1,1,"Natural_Feature",1
"tule_county_well_ordinance",1,1,1,"Legal",0
"tule_indian_tribe",1,1,1,"Group",1
"tule_lake",1,1,1,"Natural_Feature",0
"tule_monitoring_network",1,1,1,"Technical",0
"tule_ri",1,1,1,"Natural_Feature",1
"tule_river_authority_groundwater_management_plan",1,1,1,"Technical",0
"tule_subbasin_hydrologic_conceptual_model",1,1,1,"Technical",0
"tule_subbasin_mou_group_meetings_eastern_tule_groundwater_sustainability_agency",1,1,1,"Other_GSA",0
"tule_subbasin_stakeholder",1,1,1,"Group",1
"tule_subbasin_subsidence_plan",1,1,1,"Technical",0
"tule_subbasins",1,1,1,"Basin",0
"tulelake_district_office",1,1,1,"District",1
"tulelake_division",1,1,1,"District",1
"tulelake_sumps",1,1,1,"Infrastructure",1
"tulucay_creek_watershed",1,1,1,"Geographic_Unit",1
"turlock_city_hall",1,1,1,"Local_Gov",1
"turlock_irrigation_district_service_area",1,1,1,"Geographic_Unit",0
"turlock_irrigation_districtc_model",1,1,1,"Technical",0
"turlock_subbasin_basin_setting",1,1,1,"Geographic_Unit",0
"turlock_subbasin_communications_plan",1,1,1,"Technical",0
"turner_island_water_district_combined3",1,1,1,"District",1
"turner_island_water_district_joint_meeting",1,1,1,"Group",1
"turner_island_wd",1,1,1,"District",0
"turnipseed_groundwater_banking_project",1,1,1,"Water_Project",0
"tuscan_units_b",1,1,1,"Basin",1
"tw2",1,1,1,"Nonsense",1
"twin_cities",1,1,1,"Geographic_Unit",1
"twin_lakes_church",1,1,1,"Nonsense",1
"tybrin_corporation",1,1,1,"Company",1
"type_a",1,1,1,"Nonsense",1
"u_niversity",1,1,1,"Nonsense",1
"ual",1,1,1,"Nonsense",1
"uc_davis",1,1,1,"Local_Gov",1
"ucl",1,1,1,"Nonsense",1
"ucode",1,1,1,"Legal",0
"ucode20141",1,1,1,"Nonsense",1
"ucr",1,1,1,"Local_Gov",1
"ukiah_gsa",1,1,1,"Other_GSA",0
"ukiah_valley_groundwater_sustainability_agency",1,1,1,"Other_GSA",0
"ulatis_creek_projects_groundwater",1,1,1,"Water_Project",1
"ulatis_flood_control",1,1,1,"District",1
"umhos",1,1,1,"Nonsense",1
"umwp",1,1,1,"District",1
"un_déficit_de",1,1,1,"Nonsense",1
"unanimously",1,1,1,"Nonsense",1
"unavco_continuous_global_positioning_system_sites_figure",1,1,1,"Reference",0
"unconfined_aquifer_conditions",1,1,1,"Natural_Feature",1
"under_highway_113_interception_runoff_of",1,1,1,"Infrastructure",1
"underground_sources_of_drinking_water",1,1,1,"Natural_Feature",1
"underground_storage_tank_program",1,1,1,"Legal",1
"underground_storage_the_program",1,1,1,"Nonsense",1
"undermine_the_value_and_efficacy",1,1,1,"Nonsense",1
"underrepresented_communities_underrepresented_communities",1,1,1,"Group",0
"understanding_environmental_contamination_in_real_estate",1,1,1,"Reference",1
"unimpaired_flows_change",1,1,1,"Technical",1
"union_of_b_engaging_stakeholders_section_12",1,1,1,"Reference",0
"united_agreement",1,1,1,"Group",0
"united_dairymen",1,1,1,"NGO",1
"united_fpbgsa",1,1,1,"Other_GSA",0
"united_kingdom",1,1,1,"Geographic_Unit",1
"united_states_army_corp",1,1,1,"Federal_Gov",1
"united_states_army_corps",1,1,1,"Federal_Gov",1
"united_states_army_corps_of_engineers_albuquerque",1,1,1,"Federal_Gov",1
"united_states_army_corps_of_engineers_records",1,1,1,"Federal_Gov",1
"united_states_army_corps_of_engineers_sampling_pointd",1,1,1,"Nonsense",1
"united_states_army_corps_of_engineers_status_reports",1,1,1,"Technical",0
"united_states_army_corps_of_engineers_the_united_states_army_corps_of_engineers",1,1,1,"Federal_Gov",1
"united_states_army_corps_of_engineers_tule_river",1,1,1,"Natural_Feature",0
"united_states_bureau_of_reclamation_central_valley_project_records",1,1,1,"Federal_Gov",1
"united_states_bureau_of_reclamation_contractors",1,1,1,"Group",1
"united_states_bureau_of_reclamation_planning",1,1,1,"Federal_Gov",1
"united_states_endangered_species_act",1,1,1,"Legal",0
"united_states_fish_and_wildlife_service_environmental_conservation_online_system",1,1,1,"Data_System",1
"united_states_fish_wildlife_service",1,1,1,"Federal_Gov",1
"united_states_forest_service_goosenest_district_office",1,1,1,"Federal_Gov",1
"united_states_geologic_survey",1,1,1,"Federal_Gov",1
"united_states_geological_survey_basin_characterization_model",1,1,1,"Technical",0
"united_states_geological_survey_bayside_groundwater_project",1,1,1,"Water_Project",0
"united_states_geological_survey_central_valley",1,1,1,"Geographic_Unit",0
"united_states_geological_survey_groundwater_ambient_monitoring_and_assessment_program",1,1,1,"Technical",0
"united_states_geological_survey_hydrogeologic_study",1,1,1,"Technical",1
"united_states_geological_survey_national_streamflow_information_program_united_states_geological_survey",1,1,1,"Federal_Gov",1
"united_states_geological_survey_national_water_quality_assessment_program",1,1,1,"Federal_Gov",1
"united_states_geological_survey_station_11449500",1,1,1,"Infrastructure",1
"united_states_geological_survey_water_supply_paper_1467",1,1,1,"Reference",1
"united_states_geological_survey_water_supply_paper_no",1,1,1,"Reference",1
"united_water_conservation",1,1,1,"District",1
"united_water_conservation_district_35",1,1,1,"District",1
"united_water_conservation_district_oxnard",1,1,1,"District",1
"united_water_conservation_district_particle_tracks",1,1,1,"Technical",1
"university_ag_extension",1,1,1,"Local_Gov",1
"university_navigation_satellite_timing_and_system_consortium",1,1,1,"Group",1
"university_of_califor_agriculture_and_natural_resources_2019",1,1,1,"Technical",1
"university_of_califor_at_davis_and",1,1,1,"Nonsense",1
"university_of_califor_cooperative_extension",1,1,1,"Local_Gov",1
"university_of_california_agricultural_and_natural_resources_department",1,1,1,"State_Gov",0
"university_of_california_at_davis",1,1,1,"State_Gov",0
"university_of_california_at_davis_and",1,1,1,"State_Gov",0
"university_of_california_berkeley",1,1,1,"State_Gov",0
"university_of_california_davis_hydrologic_graduate_group",1,1,1,"State_Gov",0
"university_of_california_division_of_agriculture",1,1,1,"State_Gov",0
"university_of_california_extension",1,1,1,"State_Gov",0
"university_of_massachusetts",1,1,1,"Nonsense",1
"university_of_wisconsin",1,1,1,"NGO",1
"unocal_et_al",1,1,1,"Nonsense",1
"unocal_natural_resource_damage_assessment",1,1,1,"Legal",1
"unredacted_well_log_data",1,1,1,"Technical",0
"unsaturated_zone_flow_package",1,1,1,"Technical",1
"unstructured_grid",1,1,1,"District",0
"update18",1,1,1,"Reference",1
"update_basin_numerical_model",1,1,1,"Technical",0
"updates_of_data",1,1,1,"Technical",0
"updating_opti",1,1,1,"Nonsense",1
"upland_groundwater_dependent_ecosystem_monitoring_program",1,1,1,"Technical",0
"upper_and_lower_princeton_valley_fill",1,1,1,"Basin",1
"upper_and_lower_reaches_combined",1,1,1,"Geographic_Unit",1
"upper_and_lower_tuscan_formations",1,1,1,"Natural_Feature",0
"upper_aquifer_deep_zone_wells",1,1,1,"Infrastructure",1
"upper_cache_creek_watershed_representation",1,1,1,"Geographic_Unit",1
"upper_cambrian",1,1,1,"Geographic_Unit",1
"upper_consumer_acceptance_levels",1,1,1,"Nonsense",1
"upper_farmington_canal",1,1,1,"Infrastructure",1
"upper_limit",1,1,1,"Nonsense",1
"upper_lower",1,1,1,"Nonsense",1
"upper_lower_upper_lower_aquifer",1,1,1,"Natural_Feature",0
"upper_oligocene_and_lower_miocene",1,1,1,"Geographic_Unit",1
"upper_paso_robles",1,1,1,"Basin",1
"upper_pressure_at_state_street",1,1,1,"Nonsense",1
"upper_reeves_creek",1,1,1,"Natural_Feature",0
"upper_salinas",1,1,1,"Basin",1
"upper_san_pedro_saugus_formation_and_grimes_canyon_aquifer",1,1,1,"Natural_Feature",0
"upper_santa_cruz_basin",1,1,1,"Basin",0
"upper_secondary_drinking_water_maximum_contaminant_level",1,1,1,"Legal",1
"upper_shallow_aquifer_zone",1,1,1,"Geographic_Unit",0
"upper_valley_sustainable_management_criteria_technical_advisory_committee_subbasin",1,1,1,"Basin",0
"upper_ventura_rive_groundwater_basin",1,1,1,"Basin",0
"upper_ventura_river_groundwater_agency_website_updates",1,1,1,"Technical",1
"urban_area_general_plan",1,1,1,"Technical",0
"urban_areas",1,1,1,"Geographic_Unit",0
"urban_bakersfield_advisory_committee",1,1,1,"Group",0
"urban_industrial",1,1,1,"Geographic_Unit",1
"urban_landscape_evapotranspiration",1,1,1,"Natural_Feature",1
"urban_levee_evaluation_program",1,1,1,"Technical",1
"urban_reserve",1,1,1,"Geographic_Unit",1
"urban_stormwater",1,1,1,"Natural_Feature",1
"urban_water_management_planning_municipalities",1,1,1,"Group",1
"urban_water_management_planning_urban",1,1,1,"Technical",1
"urban_water_management_plans_and",1,1,1,"Reference",1
"urban_water_management_plans_urban",1,1,1,"Technical",1
"us_air_force",1,1,1,"Federal_Gov",1
"us_armed_forces",1,1,1,"Federal_Gov",1
"us_army_corps_of_engineers_integrated_regional",1,1,1,"Federal_Gov",1
"us_bureau_of",1,1,1,"Nonsense",1
"us_bureau_of_indian_affairs",1,1,1,"Federal_Gov",1
"us_bureau_of_indian_affairs_california_tribal_homelands_and_trust_land_map",1,1,1,"State_Gov",0
"us_bureau_of_land_management",1,1,1,"Federal_Gov",0
"us_census_block",1,1,1,"Geographic_Unit",1
"us_census_geoid",1,1,1,"District",0
"us_congress",1,1,1,"Federal_Gov",1
"us_department_of_agriculture_natural_resources_conservation_service",1,1,1,"Federal_Gov",1
"us_department_of_interior",1,1,1,"Federal_Gov",1
"us_department_of_transportation_hazmat_employee",1,1,1,"Federal_Gov",1
"us_drought_monitor_1",1,1,1,"Technical",0
"us_environmental_protection_agency_action_level",1,1,1,"Federal_Gov",1
"us_environmental_protection_agency_health_advisory",1,1,1,"Federal_Gov",1
"us_environmental_protection_agency_replacement_well",1,1,1,"Infrastructure",1
"us_fish_and_wildlife_services_biological_opinions",1,1,1,"Federal_Gov",1
"us_forest",1,1,1,"Federal_Gov",1
"us_forest_service_fire_effects_information_system",1,1,1,"Technical",0
"us_geologic_survey",1,1,1,"Federal_Gov",1
"us_geological",1,1,1,"Federal_Gov",1
"us_geological_survey_httpcawaterusgsgov",1,1,1,"Federal_Gov",1
"us_geological_survey_hydrologic_instrument_facility",1,1,1,"Federal_Gov",1
"us_government",1,1,1,"Federal_Gov",1
"us_post_office_department",1,1,1,"Group",0
"usa",1,1,1,"Geographic_Unit",1
"usc00042294",1,1,1,"Technical",1
"uscm",1,1,1,"Nonsense",1
"used_flow_path_unused",1,1,1,"Nonsense",1
"used_for_establishing_reduction_of_groundwater_storage_measurable_objectives",1,1,1,"Technical",1
"used_for_groundwater_elevation_assessments",1,1,1,"Nonsense",1
"used_for_groundwater_extraction_monitoring",1,1,1,"Technical",0
"used_for_groundwater_level_monitoring",1,1,1,"Technical",0
"used_for_monitoring_groundwater_levels",1,1,1,"Technical",0
"used_for_water_level_monitoring",1,1,1,"Technical",0
"used_objective",1,1,1,"Nonsense",1
"used_to_establish_minimum_thresholds_and_measurable_objectives",1,1,1,"Nonsense",1
"user",1,1,1,"Nonsense",1
"uses_agricultural_irrigation_total",1,1,1,"Technical",1
"uses_and",1,1,1,"Nonsense",1
"uses_habitats_of_special_significance",1,1,1,"Nonsense",1
"uses_regulation_requirements",1,1,1,"Legal",1
"uses_regulation_requirements_35414b4e",1,1,1,"Legal",1
"uses_the_water_quality_control_plan",1,1,1,"Technical",0
"uses_urban",1,1,1,"Nonsense",1
"utilize",1,1,1,"Nonsense",1
"utilizing_the_tule_subbasin_criteria",1,1,1,"Technical",1
"utm_zone_10_and",1,1,1,"Geographic_Unit",1
"uv_h2o2",1,1,1,"Water_Project",1
"uvgba",1,1,1,"Nonsense",1
"uvrga_data_quality_control_review_procedures",1,1,1,"Technical",0
"v_e_langenheim",1,1,1,"Person",1
"v_grapes_nr3",1,1,1,"Nonsense",1
"vacaville_community",1,1,1,"Group",0
"vadose_zone",1,1,1,"Geographic_Unit",0
"validation",1,1,1,"District",0
"valle_del_sol_properties_llc",1,1,1,"Company",1
"valley_oak_natural_communities",1,1,1,"Group",0
"valley_one_vision",1,1,1,"Group",1
"valley_project_improvement_act",1,1,1,"Legal",0
"valley_sequence",1,1,1,"Nonsense",1
"valley_spring_formation",1,1,1,"Natural_Feature",0
"valley_springs_formation_of",1,1,1,"Natural_Feature",1
"valley_water_quality_coalition",1,1,1,"Group",1
"van_buren_golf_center",1,1,1,"Nonsense",1
"van_buren_urban_forest",1,1,1,"Natural_Feature",1
"vaqueros_monitoring",1,1,1,"Technical",0
"varian_ranch_mwc_ag",1,1,1,"District",1
"vasey",1,1,1,"Nonsense",1
"vaugh_wc",1,1,1,"District",1
"vcailg_water_quality_board",1,1,1,"Group",0
"vcfcd",1,1,1,"District",1
"vcpwa",1,1,1,"District",1
"ve_change",1,1,1,"Nonsense",1
"ve_monitoring_wells_notes",1,1,1,"Technical",0
"vegetation_communities_and_special_status_species",1,1,1,"Natural_Feature",1
"vegetations_areas",1,1,1,"Geographic_Unit",0
"ventura20co20waterworks20dist20no201202",1,1,1,"District",1
"ventura_counties",1,1,1,"Nonsense",1
"ventura_county_2040",1,1,1,"Reference",1
"ventura_county_cooperative_investigation",1,1,1,"Reference",1
"ventura_county_department_of_public_works",1,1,1,"Local_Gov",1
"ventura_county_district",1,1,1,"District",0
"ventura_county_general_plan",1,1,1,"Technical",0
"ventura_county_integrated",1,1,1,"Group",1
"ventura_county_integrated_regional_water_management_program",1,1,1,"Group",1
"ventura_county_public_works_agency",1,1,1,"Group",0
"ventura_county_water_and_environmental_resources_division",1,1,1,"Local_Gov",1
"ventura_county_water_protection_district",1,1,1,"District",0
"ventura_county_water_resources_management_study",1,1,1,"Technical",1
"ventura_county_watershed_protection_district_gis_data",1,1,1,"Technical",0
"ventura_county_watershed_protection_district_inventory_of_public_and_private_water_purveyors",1,1,1,"Technical",1
"ventura_county_watersheds_coalition_integrated_regional_water_management",1,1,1,"Group",1
"ventura_countywide_stormwater_quality",1,1,1,"District",0
"ventura_iii",1,1,1,"Basin",1
"ventura_regional_sanitation_district",1,1,1,"District",0
"ventura_road",1,1,1,"Infrastructure",1
"ventura_watershed_adjudication",1,1,1,"Legal",1
"veronica",1,1,1,"Person",1
"version_6_of",1,1,1,"Nonsense",1
"vestra",1,1,1,"Company",1
"veterans_affairs",1,1,1,"Federal_Gov",1
"via_federal",1,1,1,"Nonsense",1
"vice",1,1,1,"Nonsense",1
"vice_chairperson",1,1,1,"Nonsense",1
"vicki_kretsinger_grabert",1,1,1,"Person",1
"vienna",1,1,1,"Nonsense",1
"vignolo_farms_t_1",1,1,1,"Nonsense",1
"villa",1,1,1,"Nonsense",1
"village_subunit",1,1,1,"Geographic_Unit",1
"vina_brentwood",1,1,1,"Local_Gov",1
"vineberg",1,1,1,"Nonsense",1
"virginia_rail",1,1,1,"Natural_Feature",1
"virginia_rail_recurvirostra_american",1,1,1,"Natural_Feature",1
"virtual_public_town_hall",1,1,1,"Group",1
"visalia_times_delta",1,1,1,"Reference",1
"vista_mutual_water_company",1,1,1,"Company",1
"vista_valencia_golf_course_total_production",1,1,1,"Infrastructure",1
"visualization_groundwater_modeling_system",1,1,1,"Technical",0
"volatile_organic_compound_data",1,1,1,"Technical",0
"volatile_organic_compounds",1,1,1,"Technical",1
"vote_centers_and_request_for_fee_waiver",1,1,1,"Nonsense",1
"vp",1,1,1,"Nonsense",1
"vsfb2",1,1,1,"Nonsense",1
"vulcan_chemical_et_al",1,1,1,"Nonsense",1
"vulnerability_tool",1,1,1,"Technical",1
"w_cromwell_avenue",1,1,1,"Geographic_Unit",1
"w_flows",1,1,1,"Technical",1
"w_landscape",1,1,1,"Nonsense",1
"w_p",1,1,1,"Nonsense",1
"w_schmid",1,1,1,"District",0
"wadsworth_deliveries",1,1,1,"Nonsense",1
"wagner_et_al",1,1,1,"Reference",1
"waiver_nothing",1,1,1,"Nonsense",1
"walker_formation",1,1,1,"Natural_Feature",0
"walker_lane",1,1,1,"Basin",1
"wallace_creek",1,1,1,"Natural_Feature",0
"walley",1,1,1,"Nonsense",1
"walnut_grove_library",1,1,1,"Nonsense",1
"walnut_hill",1,1,1,"Geographic_Unit",1
"walton",1,1,1,"Geographic_Unit",1
"wanger",1,1,1,"Nonsense",1
"ward",1,1,1,"Nonsense",1
"warm_springs_creek",1,1,1,"Natural_Feature",0
"was_discussed",1,1,1,"Nonsense",1
"wasco",1,1,1,"City",0
"washington_dc",1,1,1,"Local_Gov",1
"washoe_creek",1,1,1,"Natural_Feature",0
"waste_discharge_requirements_general_order_for_growers",1,1,1,"Legal",1
"waste_discharge_requirements_order",1,1,1,"Legal",1
"waste_recycling_facility",1,1,1,"Infrastructure",1
"wastewater",1,1,1,"Nonsense",1
"wastewater_reclamation",1,1,1,"Water_Project",1
"wastewater_recovery_facility",1,1,1,"Infrastructure",1
"wastewater_treatment_facility",1,1,1,"Infrastructure",1
"wastewater_treatment_plant_discharges_and_flows",1,1,1,"Technical",1
"water_action_fund_communications",1,1,1,"Group",1
"water_agency_directors",1,1,1,"Group",1
"water_allocation_framework",1,1,1,"Legal",1
"water_and_power_resources_service",1,1,1,"District",1
"water_association",1,1,1,"NGO",1
"water_authority_facilities_the_water_authority",1,1,1,"Group",0
"water_availability_analysis_water_code",1,1,1,"Legal",0
"water_budget_1",1,1,1,"Technical",1
"water_budget_component",1,1,1,"Technical",1
"water_budget_data_initial",1,1,1,"Technical",0
"water_budget_data_sources_water",1,1,1,"Technical",0
"water_budget_development",1,1,1,"Technical",1
"water_budget_structure_for",1,1,1,"Nonsense",1
"water_company",1,1,1,"Nonsense",1
"water_conservation_landscape_act",1,1,1,"Legal",0
"water_conservation_program",1,1,1,"Group",1
"water_data",1,1,1,"Technical",0
"water_data_library_sacramento_river",1,1,1,"Natural_Feature",0
"water_demand_reduction_management_actions",1,1,1,"Technical",1
"water_demand_reduction_management_actions_the_management_actions",1,1,1,"Technical",1
"water_department",1,1,1,"Group",0
"water_division_of_the_utilities_department",1,1,1,"Group",0
"water_efficient_landscape",1,1,1,"Technical",1
"water_efficient_landscape_guidelines",1,1,1,"Legal",0
"water_element_of_the_general_plan",1,1,1,"Technical",0
"water_forum_3",1,1,1,"Group",1
"water_fund",1,1,1,"Group",1
"water_level_field_sheet",1,1,1,"Technical",1
"water_level_table",1,1,1,"Reference",0
"water_levels_and_storage_039_ag_irrigation",1,1,1,"Technical",1
"water_levels_and_trends",1,1,1,"Technical",1
"water_levels_mw1_monitor",1,1,1,"Technical",0
"water_management_plan",1,1,1,"Technical",0
"water_master_plans",1,1,1,"Technical",0
"water_pollution_prevention_services",1,1,1,"Local_Gov",1
"water_produced",1,1,1,"Nonsense",1
"water_quality_coalition",1,1,1,"Group",1
"water_quality_improvement_programs",1,1,1,"Group",1
"water_quality_m2_2010016_002",1,1,1,"Technical",1
"water_quality_madera_county",1,1,1,"County",0
"water_quality_monitor",1,1,1,"Technical",0
"water_quality_monitoring_sierra_valley",1,1,1,"Geographic_Unit",0
"water_quality_mw5",1,1,1,"Technical",1
"water_quality_objective",1,1,1,"Legal",1
"water_quality_sampling_the_ambient_water_quality",1,1,1,"Technical",1
"water_quality_the_groundwater_sustainability_agency",1,1,1,"Other_GSA",0
"water_quality_values",1,1,1,"Technical",1
"water_reclamation_facilities",1,1,1,"Infrastructure",1
"water_recycling_funding",1,1,1,"Group",1
"water_resources_and",1,1,1,"Nonsense",1
"water_resources_and_information_management_engineering",1,1,1,"Technical",1
"water_resources_department_conference_room",1,1,1,"Infrastructure",1
"water_resources_development_act",1,1,1,"Legal",0
"water_resources_discipline",1,1,1,"Group",1
"water_resources_handbook_for_water_budget_development",1,1,1,"Reference",1
"water_resources_management_plan",1,1,1,"Technical",0
"water_resources_management_programs",1,1,1,"Group",1
"water_resources_program",1,1,1,"Group",1
"water_resources_reconnaissance_study",1,1,1,"Reference",1
"water_right_information_management_system",1,1,1,"Technical",0
"water_rights_information_management_system",1,1,1,"Technical",0
"water_security_clean_drinking_water",1,1,1,"Legal",1
"water_site_inventory_system",1,1,1,"Data_System",1
"water_storage_district",1,1,1,"District",0
"water_storage_improvement_program",1,1,1,"Water_Project",1
"water_supply_assumptions",1,1,1,"Technical",1
"water_supply_contract",1,1,1,"Legal",0
"water_supply_reliability_plan_update",1,1,1,"Technical",1
"water_systems",1,1,1,"Natural_Feature",0
"water_systems_comprise",1,1,1,"Nonsense",1
"water_the_tule_subbasin_setting",1,1,1,"Geographic_Unit",0
"water_use_efficiency_page",1,1,1,"Reference",0
"water_wells",1,1,1,"Infrastructure",1
"waterboards",1,1,1,"Group",0
"waterford_planning_department",1,1,1,"Group",0
"waterfowl4_substantial",1,1,1,"Nonsense",1
"watermaster_district",1,1,1,"District",0
"watermaster_service",1,1,1,"Group",1
"watermaster_service_area",1,1,1,"Geographic_Unit",0
"watermaster_technical_advisory_committee",1,1,1,"Group",0
"watershed_analysis_risk_management_framework",1,1,1,"Technical",1
"watershed_consumptive_use_fraction",1,1,1,"Technical",1
"watershed_education",1,1,1,"Group",1
"watershed_integrated_regional_urban_water_management_plan_water",1,1,1,"Reference",1
"watershed_management_group",1,1,1,"Group",0
"watershed_project_authority",1,1,1,"Group",0
"watershed_protection_and_management_and_flood_control",1,1,1,"Legal",1
"watershed_sciences_inc",1,1,1,"Company",1
"watersheds",1,1,1,"Natural_Feature",1
"watersheds_domain",1,1,1,"Geographic_Unit",1
"watersheds_major",1,1,1,"Geographic_Unit",1
"ways",1,1,1,"Nonsense",1
"wb41_projected_water_budget_supplies",1,1,1,"Technical",1
"weather_data_daily",1,1,1,"Technical",0
"weather_inputs",1,1,1,"Technical",1
"web_soil_survey",1,1,1,"Data_System",1
"weber_et_al",1,1,1,"Reference",1
"website2",1,1,1,"Nonsense",1
"website_communication_marina_coast_water_district_groundwater_sustainability_agency",1,1,1,"Other_GSA",0
"website_communication_the_olcese_groundwater_sustainability_agency",1,1,1,"Other_GSA",0
"website_site",1,1,1,"Nonsense",1
"wedgeleaf_ceanothus",1,1,1,"Natural_Feature",1
"weissman",1,1,1,"Person",1
"weissmann_et",1,1,1,"Reference",1
"well_abandonment_outreach_and_funding_program",1,1,1,"Water_Project",1
"well_completion_report_map_application",1,1,1,"Reference",0
"well_construction_application_and_permit_form",1,1,1,"Legal",1
"well_construction_aquifer_parameter",1,1,1,"Technical",1
"well_construction_well",1,1,1,"Infrastructure",1
"well_density",1,1,1,"Technical",1
"well_destruction_program_solano",1,1,1,"Group",1
"well_impact_analysis",1,1,1,"Technical",1
"well_installation_report",1,1,1,"Technical",0
"well_log_27558",1,1,1,"Technical",1
"well_log_764374",1,1,1,"Technical",1
"well_log_76739",1,1,1,"Technical",1
"well_maintenance_groundwater_elevation",1,1,1,"Technical",1
"well_monitoring_program",1,1,1,"Technical",0
"well_owner_outreach",1,1,1,"Group",1
"well_perform_video_surveys",1,1,1,"District",0
"well_site_geographic",1,1,1,"Geographic_Unit",1
"well_site_location_geographic",1,1,1,"Geographic_Unit",1
"well_standards",1,1,1,"Legal",1
"well_t24sr24e25j1",1,1,1,"Infrastructure",1
"wellfields_arcadia_wellfield",1,1,1,"Infrastructure",1
"wells_01n22w20j07s",1,1,1,"Infrastructure",1
"wells_01n22w27r05s",1,1,1,"Infrastructure",1
"wells_01n22w28g04s",1,1,1,"Infrastructure",1
"wells_02n19w07k04s",1,1,1,"Natural_Feature",1
"wells_15",1,1,1,"Technical",1
"wells_4",1,1,1,"Nonsense",1
"wells_91",1,1,1,"Technical",1
"wells_and_beneficial_uses",1,1,1,"Technical",1
"wells_aquifer",1,1,1,"Natural_Feature",0
"wells_completion_monitored",1,1,1,"Technical",0
"wells_copeland_creek_monitoring",1,1,1,"Technical",0
"wells_dedicated_monitoring_wells",1,1,1,"Technical",0
"wells_e",1,1,1,"Infrastructure",1
"wells_electrical_conductivity",1,1,1,"Technical",1
"wells_fargo",1,1,1,"Company",1
"wells_monitoring",1,1,1,"Technical",0
"wells_near_failed_domestic_wells",1,1,1,"Technical",1
"wells_per_square_mile",1,1,1,"Technical",1
"wells_percentage",1,1,1,"Technical",1
"wells_piezometers",1,1,1,"Infrastructure",1
"wells_piezometers_percentage",1,1,1,"Technical",1
"wells_propulsion_lab_industrial_rinse",1,1,1,"Company",1
"wells_pumping",1,1,1,"Infrastructure",1
"wells_regularly_of_area",1,1,1,"Geographic_Unit",0
"wells_screened_across_multiple_aquifers",1,1,1,"Natural_Feature",0
"wells_table_2141",1,1,1,"Reference",0
"wells_used_for_trend",1,1,1,"Technical",1
"wells_valley",1,1,1,"Geographic_Unit",0
"wells_valley_county_water_district",1,1,1,"District",0
"wells_valleys",1,1,1,"Geographic_Unit",0
"wells_wells",1,1,1,"Nonsense",1
"wells_with_unknown_construction_details",1,1,1,"Technical",1
"wells_with_unreported_screened_intervals",1,1,1,"Technical",0
"wentworth_et_al",1,1,1,"Reference",1
"west_bank",1,1,1,"Geographic_Unit",1
"west_butte_subbasin_workgroup",1,1,1,"Group",0
"west_central",1,1,1,"Geographic_Unit",1
"west_fork_carson_river",1,1,1,"Natural_Feature",0
"west_hills_cc_farm",1,1,1,"Nonsense",1
"west_island",1,1,1,"Geographic_Unit",1
"west_morton_avenue",1,1,1,"Nonsense",1
"west_ocean_minimum",1,1,1,"Nonsense",1
"west_san_jacinto_groundwater_basin",1,1,1,"Basin",0
"west_san_pablo_land_and_water_company",1,1,1,"Company",1
"west_santa_cruz_terrace",1,1,1,"Geographic_Unit",1
"west_stanislaus_irrigation_district_board_of_directors",1,1,1,"Group",0
"west_stanislaus_irrigation_district_lateral_4_south_recapture_and",1,1,1,"Water_Project",1
"west_turlock_groundwater",1,1,1,"Basin",1
"west_turlock_groundwater_sustainability_agency",1,1,1,"Other_GSA",0
"westend_chemical_company",1,1,1,"Company",1
"western_area_projections",1,1,1,"Technical",1
"western_gulf_oil_company",1,1,1,"Company",1
"western_management",1,1,1,"Group",1
"western_management_area_committee",1,1,1,"Group",0
"western_management_area_groundwater_sustainability_agency_board",1,1,1,"Group",0
"western_management_unit",1,1,1,"Geographic_Unit",1
"western_portion",1,1,1,"Geographic_Unit",1
"western_region_climate_center",1,1,1,"Technical",1
"western_san_joaquin_coalition",1,1,1,"Group",1
"western_subbasin_cross",1,1,1,"Geographic_Unit",1
"western_upper_and_western_lower",1,1,1,"Basin",1
"westhaven",1,1,1,"Geographic_Unit",1
"westlands_water_district_groundwater_sustainability_agency_board",1,1,1,"Group",0
"westminster_ave",1,1,1,"Infrastructure",1
"westplains",1,1,1,"Geographic_Unit",1
"westplains_water_storage_district",1,1,1,"District",0
"westside_basin_model_westside_basin",1,1,1,"Basin",0
"westside_groundwater_sustainability_plan",1,1,1,"Technical",0
"westside_mutual",1,1,1,"District",0
"westside_mutual_water_company",1,1,1,"District",0
"westside_resource_conservation_district",1,1,1,"District",0
"westside_san",1,1,1,"District",0
"westside_san_joaquin_integrated_regional_water_management_region",1,1,1,"Geographic_Unit",0
"westside_subbasin_sustainable",1,1,1,"District",0
"westside_subbasin_water_budget_water",1,1,1,"District",0
"westside_subbasins",1,1,1,"Basin",0
"westside_water_quality_coalition",1,1,1,"District",0
"westwater_research",1,1,1,"Company",1
"wet",1,1,1,"Nonsense",1
"wet_chemistry",1,1,1,"Technical",1
"wet_climate_change_change",1,1,1,"Nonsense",1
"wetland_response_to",1,1,1,"Nonsense",1
"wetland_responses_to",1,1,1,"Nonsense",1
"wetlands",1,1,1,"Natural_Feature",1
"wetlands_reserve_program",1,1,1,"Federal_Gov",1
"wh1_registration_of_extraction_facilities",1,1,1,"Legal",1
"wh1_registration_of_extraction_facilities_description",1,1,1,"Technical",1
"wh_jackson",1,1,1,"Person",1
"wh_wilbur_reclamation_district",1,1,1,"District",0
"whaleback",1,1,1,"Natural_Feature",1
"whcc_farm_of",1,1,1,"Nonsense",1
"whcc_future",1,1,1,"Nonsense",1
"wheeler_maricopa_water_storage_district",1,1,1,"District",0
"wheeler_ridge_maricopa_management_area_the",1,1,1,"District",0
"wheeler_ridge_maricopa_water_district",1,1,1,"District",0
"wheeler_ridgemaricopa_water_storage_district",1,1,1,"District",0
"where_are",1,1,1,"Nonsense",1
"white_house",1,1,1,"Federal_Gov",0
"whittaker_bermite_property",1,1,1,"Geographic_Unit",1
"wholesaler_and_industrial_user",1,1,1,"Local_Gov",1
"wi",1,1,1,"Nonsense",1
"wic",1,1,1,"Nonsense",1
"wildermuth_environmental",1,1,1,"Company",1
"wilderness_gardens_preserve",1,1,1,"Natural_Feature",1
"will_be_implemented",1,1,1,"Nonsense",1
"william",1,1,1,"Person",1
"william_b_cater_water_treatment_plant",1,1,1,"Infrastructure",1
"william_bringham",1,1,1,"Person",1
"williams_city_council",1,1,1,"Group",0
"williamson_et",1,1,1,"Reference",1
"willow_slough_white_area",1,1,1,"Geographic_Unit",0
"willows_council_chambers",1,1,1,"Infrastructure",1
"willows_fault",1,1,1,"Natural_Feature",1
"willy_cunha",1,1,1,"Person",1
"wilson_grove_formation_most",1,1,1,"Natural_Feature",1
"wilson_grove_formations_highlands",1,1,1,"Natural_Feature",1
"winemucca_trading_co",1,1,1,"Company",1
"wintuan",1,1,1,"Nonsense",1
"witch_creek_fire",1,1,1,"Natural_Feature",1
"with_climate_change_pmas_budget",1,1,1,"Nonsense",1
"without_climate_change",1,1,1,"Nonsense",1
"wla",1,1,1,"District",1
"wle",1,1,1,"Nonsense",1
"wmsa",1,1,1,"Group",1
"wmwd_action_conjunctive_use_agreements_group",1,1,1,"Group",0
"wnam",1,1,1,"Nonsense",1
"wolf_subbasin_thaf",1,1,1,"Basin",1
"wolff",1,1,1,"Nonsense",1
"wood_ag",1,1,1,"Company",1
"woodard_current",1,1,1,"Person",1
"wooden_valley_agricultural",1,1,1,"District",1
"woodland_agricultural",1,1,1,"Local_Gov",1
"woods",1,1,1,"Nonsense",1
"woodville_public_cemetery_district",1,1,1,"District",0
"work_order",1,1,1,"Nonsense",1
"work_plan_and_completion_report",1,1,1,"Technical",0
"worked",1,1,1,"Nonsense",1
"working",1,1,1,"Nonsense",1
"working_group_and_board_of_directors",1,1,1,"Group",0
"working_group_national_laboratory",1,1,1,"Group",1
"workshop_technical_workshop_no",1,1,1,"Technical",0
"workshop_workshop",1,1,1,"Nonsense",1
"workshops_stakeholder",1,1,1,"Group",1
"world_imagery",1,1,1,"Data_System",1
"world_wide_web",1,1,1,"District",0
"wqo_t0609300005mw4",1,1,1,"Technical",1
"wr19_collection",1,1,1,"Technical",1
"wr24",1,1,1,"Legal",1
"wr32",1,1,1,"Reference",1
"wr_17_collection_of_additional_groundwater_information",1,1,1,"Natural_Feature",0
"wrfp",1,1,1,"Technical",1
"wright",1,1,1,"Nonsense",1
"writ",1,1,1,"Nonsense",1
"writing_x_project_and_management_actions_project_1",1,1,1,"Nonsense",1
"wrmwsd_sustainable_groundwater_management_act",1,1,1,"Legal",0
"wsa",1,1,1,"Group",1
"wtsgsa",1,1,1,"Other_GSA",0
"wu_bromodichloromethane_dichlorobromomethane",1,1,1,"Nonsense",1
"ww",1,1,1,"Nonsense",1
"wwwcbuildingorg",1,1,1,"Nonsense",1
"wwwsbcwdcom",1,1,1,"District",0
"wy_type",1,1,1,"Technical",1
"wyandotte_subbasins",1,1,1,"Basin",0
"x_grant",1,1,1,"Nonsense",1
"x_sustainable_groundwater_management_act",1,1,1,"Legal",0
"y_aplicación_del_groundwater_sustainability_plan",1,1,1,"Technical",0
"y_gestión_de_los_recursos",1,1,1,"Nonsense",1
"y_la_reducción_del_uso_de_consultores",1,1,1,"Nonsense",1
"y_project_7",1,1,1,"Nonsense",1
"y_uso_de",1,1,1,"Nonsense",1
"yamabe_horn_engineering_inc",1,1,1,"Company",1
"ycfc6",1,1,1,"Nonsense",1
"ycfcwfd",1,1,1,"Nonsense",1
"ye_et_al",1,1,1,"Person",1
"year_administration",1,1,1,"Nonsense",1
"years",1,1,1,"Nonsense",1
"yellowthroat",1,1,1,"Nonsense",1
"yemen",1,1,1,"Geographic_Unit",1
"yerba_buena",1,1,1,"Nonsense",1
"yettem",1,1,1,"City",0
"yettem_seville_community_services_district_yettem_seville_community_services_district",1,1,1,"District",0
"yield",1,1,1,"Nonsense",1
"yield1_ranges",1,1,1,"Technical",1
"yiguo_liang",1,1,1,"Person",1
"ymca",1,1,1,"NGO",1
"yocha_dehe",1,1,1,"NGO",1
"yocha_dehe_wintun_tribal_chair",1,1,1,"Group",1
"yokayo_water_systems",1,1,1,"Natural_Feature",0
"yokuts_porterville",1,1,1,"Group",1
"yolo_bypass_wildlife_area_land_management_plan",1,1,1,"Technical",0
"yolo_county_environmental_health_division",1,1,1,"Local_Gov",1
"yolo_county_flood_control_dunnigan_hills",1,1,1,"District",1
"yolo_county_flood_control_east_bypass",1,1,1,"Infrastructure",1
"yolo_county_flood_control_east_cache_creek",1,1,1,"Natural_Feature",0
"yolo_county_flood_control_east_putah_creek",1,1,1,"Natural_Feature",0
"yolo_county_groundwater_monitoring_program",1,1,1,"Technical",0
"yolo_county_representation",1,1,1,"Local_Gov",1
"yolo_integrated_regional_water_management_plan",1,1,1,"Technical",0
"yolo_subbasin_golden_state_water",1,1,1,"District",1
"yolo_subbasin_network_monitoring_events",1,1,1,"Technical",0
"yolo_sustainable_groundwater_management_act",1,1,1,"Legal",0
"yolo_zamora_south",1,1,1,"Geographic_Unit",1
"york_rd_west",1,1,1,"Geographic_Unit",1
"york_reservoir",1,1,1,"Infrastructure",0
"yountville_recycled_water_program",1,1,1,"Water_Project",1
"youtube_channel",1,1,1,"Nonsense",1
"ysi_pro_plus_glass_electrode_ph_sensor_field_lead",1,1,1,"Infrastructure",1
"yuba_county_groundwater_management_plan",1,1,1,"Technical",0
"yuba_county_integrated_regional_water_management_plan",1,1,1,"Technical",0
"yuba_groundwater_model_sensitivity_analysis_sensitivity",1,1,1,"Technical",0
"yuba_marysville",1,1,1,"Local_Gov",1
"yuba_subbasins_groundwater_sustainability_plan",1,1,1,"Technical",0
"yuba_water_agency_conference",1,1,1,"Group",1
"yuba_wheatland_canal",1,1,1,"Infrastructure",1
"yucaipa_integrated_hydrologic_model_active_model_domain",1,1,1,"Technical",0
"yvwd13",1,1,1,"District",0
"yvwd51",1,1,1,"District",0
"zamora_subunit",1,1,1,"Basin",1
"zapato_creek",1,1,1,"Natural_Feature",0
"zbur",1,1,1,"Nonsense",1
"zoback_et_al",1,1,1,"Reference",1
"zone_budget",1,1,1,"Technical",1
