"name","num_appearances","num_gsps","mean_degree"
"state",2304,100,4
"sustainable_management_criteria",2050,76,3
"af",1770,63,4
"mt",1492,30,6
"ema",1381,3,49
"united",1290,6,34
"dischargers",1176,12,8
"party",1041,43,5
"gws",1038,11,3
"cma",940,2,61
"isw",922,15,7
"minimum_threshold",865,16,5
"nature_conservancy",861,69,2
"draft",840,36,4
"united_states",808,84,3
"aem",755,17,6
"wy",712,20,5
"disadvantaged_community",700,65,3
"mcwra",678,3,27
"forebay",675,12,10
"mi",675,33,5
"water_year",641,20,4
"wells",612,64,3
"sierra_nevada",611,44,2
"vrgwfm",562,5,13
"interconnected_surface_water",543,20,3
"mo",498,25,3
"cvp",465,3,18
"aquifer_storage_and_recovery",447,15,5
"fort_ord",419,2,32
"total_dissolved_solids",404,35,3
"tbwqc",396,3,34
"taf",389,19,3
"projects_and_management_actions",385,47,2
"us",383,49,3
"lsce",379,18,4
"nc",367,21,1
"parties",363,35,3
"pma",356,18,3
"global_positioning_system",350,20,3
"tds",342,27,3
"ebmud",339,2,37
"maximum_contaminant_level",331,31,2
"ysga",320,1,52
"dctra",316,2,35
"arroyo_simi",310,2,12
"svsim",303,8,4
"ag",297,23,2
"environmental_defense_fund",296,6,5
"esri",289,14,2
"dtw",279,19,2
"flow",278,8,3
"interferometric_synthetic_aperture_radar",274,41,2
"hcm",273,20,2
"ma",272,12,4
"rmw",269,7,6
"managed_aquifer_recharge",267,11,4
"vcwpd",267,3,13
"cga",263,2,32
"arroyo_las_posas",262,5,7
"tcwa",256,2,12
"smc",248,12,3
"watershed",245,5,10
"arroyo",244,9,4
"minimum_thresholds",238,7,5
"san_antonio",230,12,3
"fcgma",226,2,19
"cosumnes",224,4,8
"los_angeles_department_of_water_and_power",223,4,11
"discharger",220,8,2
"unavco",217,32,2
"natural_communities",216,26,2
"gps",215,34,2
"pce",211,15,4
"temescal_wash",211,3,10
"kaweah",209,7,3
"geotracker",205,32,2
"enterprise",198,2,8
"wrmwsd",198,1,57
"friant_division",194,17,3
"friant_kern_canal",191,15,4
"mcsim",191,2,14
"hydrographs",190,49,1
"water_in_the_yucaipa",190,1,21
"paso_robles",189,8,6
"acsd",188,1,34
"scv_water",183,1,47
"dbcp",182,15,4
"ccbl",181,3,14
"gw",181,21,2
"las_posas",179,3,10
"measurable_objectives",178,15,2
"cgps",177,19,3
"sonoma_water",176,5,8
"basemap",173,6,2
"department_of_water_resources_bulletin",172,41,1
"passive_diffusion_bag",172,1,13
"asr",170,12,3
"groundwater_sustainability_agency_party",169,7,5
"kdsa",168,13,4
"rmp",168,10,3
"gis",166,26,2
"ec",165,15,2
"san_joaquin_river_exchange_contractors",164,4,10
"north_kings",160,6,4
"jpa",159,19,3
"l",157,4,2
"san_joaquin_river_restoration_settlement",157,3,7
"ccr",155,13,2
"chowchilla_bypass",152,8,6
"court",151,3,9
"camrosa",149,6,5
"sjfm2014",149,1,14
"inmp",148,7,1
"tcwd",148,3,20
"swi",146,4,4
"consensus_building_institute",143,15,3
"st_helena",143,1,16
"coc",138,13,2
"bmp",137,18,2
"recharge",137,30,2
"stillwater_sciences",137,7,4
"electrical_conductivity",134,9,3
"mann",134,7,10
"measurable_objective",132,8,3
"p_ma",132,2,10
"action",131,7,3
"tce",131,11,3
"todd_groundwater",130,14,5
"dudek",128,9,4
"scwd",127,1,17
"wqo",125,9,2
"best_management_practice",123,19,1
"city",123,23,2
"continuous_global_positioning_system",123,11,2
"af_water_year",122,2,5
"sustainability_indicators",122,10,2
"upper_san_pedro",122,1,23
"wheeler_ridge_maricopa",122,3,12
"variable_infiltration_capacity",121,8,2
"precipitation",119,29,2
"storage",119,6,3
"westlands",119,5,5
"cor",118,2,12
"leblanc",118,7,5
"cnddb",117,11,5
"core_team",117,2,10
"elsinore",117,3,3
"general_order",117,8,4
"quality_control",117,6,4
"ug_l",117,2,10
"adjustment_factors",115,5,3
"dmc",115,5,6
"groundwater_sustainability_plan_group_representative",115,6,7
"surface_water_quality",115,2,8
"fkc",114,7,3
"tule_subbasin_tac",114,2,4
"eki",113,9,4
"calleguas",112,3,10
"moa",112,13,4
"sfr",112,10,2
"carlotta",111,1,9
"san_gorgonio_pass",111,1,32
"arroyo_conejo",109,4,4
"bedford",109,3,6
"fountain_springs",109,6,1
"xylenes",109,1,12
"gsi",107,9,5
"qc",107,1,9
"san_juan",107,2,8
"saugus",106,4,3
"id4",105,1,30
"solano_collaborative",105,1,44
"upson",105,4,7
"watermaster",105,9,2
"median_household_income",103,10,2
"sokr",103,1,28
"bolsa",102,1,24
"mbgwfm",102,1,14
"best_management_practices",101,28,1
"spv",100,1,12
"tule_basin_water_quality_coalition",100,2,14
"west_las_posas",100,1,12
"woodard_curran",100,14,4
"luhdorff_and_scalmanini_consulting_engineers",99,3,6
"muir",98,3,5
"sdac",98,12,2
"alyson_watson",97,1,14
"mugu",96,3,3
"paso",96,4,6
"total_nitrogen_applied",96,7,1
"john",95,3,3
"yihm",95,1,20
"hueneme",94,2,4
"irrigation_training_and_research_center",93,8,4
"na",93,9,2
"taylor",93,3,4
"alyson",92,1,11
"nacimiento",92,8,2
"springs_fault",92,1,7
"faunt",90,19,1
"sustainability_indicator",88,7,3
"af_year",87,10,2
"davids_engineering",87,13,2
"mhi",87,14,3
"national_water_quality_laboratory",87,1,13
"pure_water_soquel",87,1,13
"rohde_et_al",87,13,1
"temescal",87,2,9
"mrp",86,3,4
"napa_valley_floor",86,1,17
"ohwd",86,2,10
"hotchkiss",85,6,3
"management_actions",85,8,2
"rcs",85,4,6
"salinas_river_diversion_facility",84,4,3
"bmo",82,5,2
"mst",82,1,8
"smgwa",82,2,6
"annual_compliance_form",81,7,2
"spring",81,13,1
"valencia",81,4,4
"east_contra_costa",80,2,8
"south_mesa",80,1,16
"upper_pressure",80,1,15
"bowman",79,5,1
"delta_mendota",79,9,2
"national_geodetic_survey",78,13,2
"friant_contractors",77,12,2
"james_bypass",77,11,1
"owens",77,3,4
"kc",76,8,3
"carneros",75,1,7
"fugro_west",75,3,4
"ims",75,9,2
"ebz",74,1,10
"poe",74,2,1
"wyt",74,4,4
"kunkel",73,2,10
"legislature",73,17,1
"santa_clara_river_estuary",73,1,17
"farrar",72,8,2
"ghg",72,3,3
"water_budget",72,15,1
"butano",71,1,7
"mercy_springs",71,1,15
"water_storage_investment_program",71,15,2
"cal_water",70,9,3
"channelkeeper",70,2,8
"conejo",70,2,3
"delta_mendota_canal",70,6,3
"pou",70,3,1
"tier_3_dischargers",70,7,2
"af_wy",69,1,5
"disadvantaged_communities",69,27,1
"harwood",69,9,2
"jet_propulsion_laboratory",69,19,2
"snmp",69,6,4
"wy2015",69,11,2
"ag_innovations",68,1,19
"collaborative",68,1,30
"el_paso",68,2,4
"et",68,24,1
"johnson",68,8,2
"kaweah_subbasin_aem",68,2,8
"langley",68,2,8
"national_toxics_rule",68,2,7
"san_luis_canal",68,3,4
"arroyo_seco",67,7,3
"eel",67,1,6
"groundwater_sustainability_plan_development",67,19,2
"gssi",67,2,6
"hspf",67,9,3
"soil_moisture_budget",67,2,4
"af_y",66,3,3
"gac",66,3,2
"hydrological_operations_simulation_system",66,5,2
"maf",66,10,2
"santa_ynez_uplands",66,1,6
"water_resources",66,7,3
"adaptive",65,32,1
"laguna_seca",65,1,11
"miller",65,10,2
"franciscan",64,7,2
"groundwater_communication_portal",64,4,2
"north_fork_kings",64,7,2
"pcbl",64,3,8
"santa_rosa_plain",64,3,4
"facility",63,4,3
"mpep",63,1,12
"projected",63,8,2
"san_francisco_estuary_institute",63,5,2
"affiliated_party",62,1,13
"basin_management_objectives",62,8,2
"department_of_health_services",62,15,2
"dms",62,8,2
"morongo_band_of_mission_indians",62,1,11
"soil_agricultural_groundwater_banking_index",62,7,2
"turner",62,6,3
"van_duzen",62,1,5
"eastside",61,3,3
"groundwater_sustainability_agency_parties",61,6,2
"kern_fan",61,5,3
"lsce_team",61,1,34
"mas",61,11,2
"faye",60,1,11
"laguna",60,8,1
"marcus_trotta",60,3,7
"normalized_difference_vegetation_index",60,5,2
"rain_managed_aquifer_recharge",60,5,2
"south_fork",60,8,3
"unsaturated_zone_flow",60,2,6
"water_forum",60,4,6
"wy2070",60,7,1
"north_yuba",59,2,8
"wc",59,8,2
"bsk",58,3,4
"nuclear_magnetic_resonance",58,1,5
"scada",58,11,2
"searles_valley_minerals",58,1,8
"brown",57,20,2
"chronic_lowering_of_groundwater_levels",57,5,3
"folsom_south_canal",57,1,13
"horizon",57,3,9
"lithologic",57,12,2
"santa_margarita_sandstone",57,4,4
"water_availability_analysis",57,1,8
"agricultural",56,23,1
"big_bear_lake_department_of_water_and_power",56,1,7
"metzger",56,2,6
"oawd",56,1,8
"pliocene",56,18,1
"bcm",55,3,3
"et_al",55,24,1
"flood_managed_aquifer_recharge",55,6,2
"maa",55,1,22
"mbk",55,2,4
"nate",55,1,7
"navd88",55,2,3
"ch2_m_hill",54,7,2
"niles_cone",54,1,11
"pumping_trough_pipeline",54,4,2
"total_maximum_daily_load",54,7,4
"trotta",54,3,2
"water_resources_investigation",54,3,2
"cal_am",53,3,4
"dibblee",53,9,2
"english_hills",53,1,8
"jerry_brown",53,29,1
"santa",53,11,2
"sustainable",53,12,1
"community_water_center",52,19,1
"fcma",52,1,13
"gcid",52,1,10
"shasta_critical",52,3,2
"williamson_et_al",52,8,2
"yolo_bypass",52,2,6
"basin_prioritization",51,7,2
"buellton_upland",51,2,2
"freshwater_trust",51,2,12
"metropolitan_bakersfield",51,5,3
"coa",50,3,5
"erp",50,1,16
"golden_state_water_company",50,5,6
"group_1",50,3,2
"loch_lomond",50,2,8
"rmse",50,6,1
"corral_de_tierra",49,1,6
"us_census_bureau",49,13,2
"as_for_the_santa_rosa",48,1,3
"associates",48,14,2
"chair",48,7,1
"cienega",48,2,2
"nde",48,1,6
"nebigsm",48,1,12
"okieville",48,1,5
"san_timoteo",48,2,6
"c",47,9,2
"casitas_springs",47,1,8
"cwc",47,6,2
"desert_research_institute",47,1,8
"gspwg",47,1,21
"luhdorff",47,7,3
"mehrten",47,6,3
"napa_state_hospital",47,1,5
"oregon",47,6,2
"study_unit",47,1,2
"groundwater_sustainability_plan_submittal",46,17,2
"mab",46,1,12
"quality_assurance",46,6,2
"wash",46,3,1
"west_san_jacinto",46,1,10
"white_wolf",46,6,3
"camarillo_hills",45,3,3
"robin_huffman",45,4,1
"fugro",44,8,2
"todd",44,10,1
"wwtf",44,4,3
"aerial_electromagnetic_method",43,2,6
"aoi",43,6,1
"gei_consultants",43,13,2
"gpc",43,2,10
"human_right_to_water",43,9,2
"los",43,8,1
"monterey_peninsula_water_resources_system",43,1,2
"north_san_benito",43,1,4
"prms",43,2,5
"program",43,8,1
"purisima",43,1,5
"calleguas_mwd",42,1,7
"columbia_canal_company",42,6,3
"groundwater",42,13,2
"hsu",42,5,1
"mukae",42,4,3
"putah",42,2,6
"rd",42,2,2
"relative_percent_difference",42,4,7
"sc",42,5,2
"tcc",42,2,2
"thousand_acre_feet",42,1,6
"us_census",42,9,3
"uwmps",42,10,1
"american_community_survey",41,16,2
"bz",41,1,6
"continuing_calibration_verification",41,1,1
"fox",41,4,3
"groundwater_base_pumping_allocation_program",41,2,2
"groundwater_sustainability_agency_representatives",41,8,1
"groundwater_sustainability_plan_group_representatives",41,6,3
"n_a",41,14,1
"project_team",41,3,6
"scott",41,4,3
"uwmp",41,7,1
"water_years",41,4,3
"affiliated_parties",40,1,15
"cag",40,3,7
"colusa_drain",40,1,10
"ford",40,9,1
"general_manager",40,7,1
"gma",40,1,2
"group_2",40,5,1
"jacobs",40,5,3
"luhdorff_scalmanini",40,13,2
"no3",40,11,2
"public_works",40,4,4
"sldmwa",40,3,5
"toro_canyon_storage_unit",40,1,3
"abby_ostovar",39,1,1
"agricultural_ma",39,1,8
"bvihm",39,2,3
"cenozoic",39,6,2
"ecos",39,2,6
"helley",39,7,1
"igsm",39,3,2
"kh",39,2,3
"sam_magill",39,3,1
"trc",39,2,3
"yucaipa_hills",39,1,7
"bachman",38,3,4
"ballona",38,1,6
"direct_potable_reuse",38,3,3
"fernbridge",38,1,4
"nsac",38,1,8
"physical_solution",38,1,9
"residuum",38,1,6
"santa_ynez_mountains",38,4,3
"vic",38,10,1
"alternate",37,11,2
"arroyo_seco_cone",37,2,4
"cabazon_storage_unit",37,1,2
"coalitions",37,7,1
"expert_panel",37,5,2
"nitrate_control_program",37,5,2
"p_corp",37,7,3
"sustainability",37,12,2
"sws",37,5,1
"alliance",36,1,9
"bill",36,21,1
"d",36,7,1
"hemet_san_jacinto",36,1,5
"hicham_eltal",36,1,8
"larry_walker_associates",36,10,2
"mound",36,5,2
"nrcan",36,7,2
"oettle_bridge",36,6,1
"rfp",36,10,1
"rosalyn",36,1,9
"stream_maintenance_program",36,4,2
"sustainable_groundwater_management",36,16,2
"afy",35,10,2
"annual_flow",35,1,2
"aqua_geo_frameworks",35,3,6
"atascadero_mutual_water_company",35,1,10
"groundwater_extraction_credit_marketing_and_trading_program",35,2,4
"ladwp",35,2,8
"lr",35,6,2
"mokelumne",35,3,2
"natural_resource_conservation_service",35,5,1
"pest",35,6,2
"pts_min",35,6,1
"subtask",35,1,6
"tejon_mountain_village",35,1,4
"ug",35,1,5
"water_reclamation_plant",35,2,2
"climate_change",34,8,2
"east_grove",34,2,1
"eastside_bypass",34,3,3
"first_point",34,2,4
"hollister_ma",34,1,11
"hopkins",34,8,2
"ojai_conglomerate",34,1,2
"rmw_wl",34,2,6
"simi_valley_water_quality_control_plant",34,1,9
"streamflow",34,15,2
"surface_water_priority",34,5,1
"tcca",34,2,4
"terrace_deposits",34,3,1
"tribe",34,8,2
"wy2012",34,11,1
"alternate_representative",33,6,3
"east_las_posas",33,1,11
"facebook",33,11,2
"freeman_diversion",33,5,2
"gei",33,8,2
"ghd",33,2,2
"groundwater_sustainability_plan_alternative",33,1,8
"grunsky",33,3,2
"projects_and_climate_change",33,1,1
"suisun",33,2,3
"sustainability_goal",33,7,1
"water_evaluation_and_planning",33,2,2
"ag_fields",32,1,6
"continuously_operating_reference_stations",32,3,3
"fao",32,3,3
"gs",32,3,4
"gwl",32,4,2
"indirect_potable_reuse",32,2,4
"kj",32,2,6
"reduction_without_projects_scenario_1",32,3,2
"simi",32,1,12
"stream_system",32,1,13
"tem",32,2,4
"thomasson",32,3,3
"water_quality_goals",32,3,4
"aewsd",31,2,6
"chapter",31,7,1
"foster_park_protocols",31,1,6
"gebco",31,3,3
"groundwater_sustainability_agency_collaborative",31,1,10
"hanson",31,10,1
"hwg",31,1,5
"kenneth_d_schmidt",31,9,1
"montezuma_hills",31,1,5
"oxnard_forebay",31,5,1
"rdr",31,1,1
"safca",31,1,8
"study_units",31,1,5
"town",31,3,6
"arsenic",30,8,2
"caldwell",30,12,2
"ebp",30,1,4
"environmental_science_associates",30,3,3
"framework",30,3,5
"i5",30,4,1
"ign",30,3,3
"middle_fork",30,5,3
"monterey_county_department_of_environmental_health",30,5,3
"nawqa_program",30,1,7
"str",30,6,1
"svom",30,1,2
"this_management_action",30,6,1
"uses",30,19,1
"water_bank",30,2,6
"well",30,15,1
"whittaker_bermite",30,1,1
"woods_central_diversion",30,6,1
"adjustment_factors_year",29,4,2
"bzme",29,1,4
"hicham",29,1,7
"llfz",29,1,4
"lompoc_regional_wastewater_reclamation_plant",29,1,10
"newhall_land_and_farming",29,1,5
"olympia",29,1,5
"ood",29,1,7
"project_and_management_action",29,4,2
"sacramento_valley_water_quality_coalition",29,6,2
"stetson",29,5,2
"sunshine_ranch",29,1,2
"water_resources_manager",29,3,3
"wwd",29,1,4
"a_makes_the_same_assumptions_and_has_the_same_organizational_structure_as_the_projected_water_budget_in_the_greater_forebay",28,1,7
"area_under_future",28,1,7
"bolsa_ma",28,1,4
"central_sacramento_county_groundwater_forum",28,1,5
"connected_linear_network",28,2,1
"devecchio_et_al",28,2,7
"dunnigan_hills",28,2,2
"leapfrog",28,3,5
"linear_fit",28,6,1
"los_angeles_county_department_of_public_works",28,2,3
"lower_pressure",28,1,4
"rancho_guejito",28,1,3
"rec",28,6,1
"regional_offices",28,4,1
"riverstone",28,1,3
"sac",28,1,8
"salinas_valley_aquitard",28,5,3
"san_jerardo_cooperative",28,1,8
"tac",28,2,6
"this_best_management_practice",28,15,1
"tuff",28,1,4
"west_fork",28,1,3
"acre_foot",27,1,5
"bound_party",27,1,2
"burton_mesa",27,2,1
"daniel_b_stephens_associates",27,7,4
"garrett",27,1,10
"gmp",27,4,2
"gutierrez",27,1,1
"gw_sw",27,6,2
"hernandez",27,1,2
"hydrometrics",27,3,5
"ipr",27,1,5
"isherwood",27,3,2
"itrc",27,9,2
"mtbe",27,3,3
"pillsbury",27,3,2
"plate_boundary_observatory",27,14,1
"purisima_a",27,1,6
"san",27,7,1
"shasta_non_critical",27,1,3
"sscwd",27,1,8
"stantec",27,7,1
"thomes",27,5,2
"towill",27,2,2
"tu",27,1,4
"ug_l_nd",27,1,3
"ventura_county_watershed",27,5,1
"water_quality",27,10,1
"agr",26,3,1
"beneficial_uses_and_users_of_groundwater",26,8,1
"clay_cap",26,3,1
"deid",26,2,6
"ewrims",26,6,1
"gsa_core_team",26,1,9
"keith_helmuth",26,1,11
"natomas_cross_canal",26,1,6
"piru_fillmore",26,2,4
"pomo_indians",26,1,2
"recharge_package",26,4,1
"reduction_of_groundwater_storage",26,4,2
"sandra_carlson",26,1,5
"soma",26,5,2
"south_east_bay_plain",26,1,4
"swp",26,3,2
"tejon_ranch_company",26,1,5
"town_of_yountville",26,1,6
"watersheds_coalition",26,6,2
"wheeler",26,1,5
"wq",26,7,2
"andrew_garcia",25,5,2
"boards_of_directors",25,12,1
"cabazon_storage_units",25,1,1
"csd",25,3,2
"del_valle",25,2,3
"exchange_contractors",25,1,3
"franciscan_complex",25,6,1
"groundwater_dependent_ecosystem_evaluation_unit",25,1,15
"gwts",25,1,3
"insects",25,1,7
"kettleman_hills",25,2,2
"kings_counties",25,4,2
"meti",25,7,2
"mw16",25,1,3
"naval_air_station_lemoore",25,1,5
"oak_ridge",25,5,3
"santa_barbara_canyon_fault",25,1,3
"trading_program",25,2,2
"tvgmd",25,1,1
"upper_and_lower",25,3,2
"advisory_panel",24,1,6
"agricultural_representation",24,5,1
"ahtna",24,1,13
"applied",24,8,1
"attachment_a",24,8,1
"blake_et_al",24,4,1
"central_delta",24,6,1
"dakota",24,3,1
"each_groundwater_sustainability_agency_party",24,6,3
"east_side",24,1,4
"ghb",24,4,2
"great_program",24,1,1
"gspd",24,1,4
"guejito",24,1,5
"hollister_west",24,1,3
"inc",24,11,2
"interconnected_surface_water_sustainable_management_criteria",24,3,5
"kern_county_subbasin_groundwater",24,3,1
"lacsd",24,1,11
"larsen",24,2,4
"metropolitan",24,3,3
"noi",24,9,2
"permit_sonoma",24,3,5
"san_luis",24,6,1
"san_luis_delta",24,5,1
"smcl",24,5,1
"ust",24,6,1
"wra",24,6,2
"wy1922",24,4,1
"aerojet",23,3,3
"agricultural_order",23,7,1
"arvin_edison",23,1,2
"boyle",23,3,2
"casitas",23,2,4
"chris_lee",23,1,7
"coastal_branch",23,3,3
"drinking_water_source_assessment_and_protection_program",23,7,2
"esri_china",23,6,2
"esri_japan",23,6,2
"glenn_counties",23,3,3
"kadaster_nl",23,3,2
"kern_river_groundwater_sustainability_agency_plan_managers",23,1,6
"kit_novick",23,1,2
"luhdorff_scalmanini_consulting_engineers",23,9,2
"martin",23,5,2
"moorpark_anticline",23,1,3
"reclamation",23,3,3
"singleton",23,1,5
"southern_ma",23,1,4
"standards_and_guiding_principles",23,3,2
"syemahm",23,1,5
"tier_1",23,2,1
"tule",23,4,2
"wmw",23,2,2
"zamora",23,1,4
"administration_office",22,1,1
"basin_optimization_scenarios",22,1,2
"del_valle_groundwater_dependent_ecosystem_unit",22,2,4
"et0",22,4,2
"farm_bureau",22,3,2
"fivepoint",22,1,3
"fresno_county_environmental_health_division",22,3,1
"gilroy_hollister",22,1,3
"graymer",22,1,5
"groundwater_conditions",22,9,1
"groundwater_sustainability_plan_implementation",22,5,1
"groundwater_vistas",22,7,2
"holocene",22,6,1
"lsid",22,1,8
"mrdl",22,2,1
"national_recommended_water_quality_criteria",22,2,5
"ndvi",22,4,2
"north_yolo",22,2,2
"public_health_goal",22,2,1
"santa_rita_upland",22,1,2
"south_yuba",22,2,4
"stanford_university",22,2,4
"tejon_ranch_commerce_center",22,1,5
"thermalito_afterbay",22,2,2
"tm",22,4,2
"warm_springs_ma",22,1,4
"will_halligan",22,1,5
"yates",22,4,2
"aaron",21,1,1
"applied_to",21,6,1
"banning_storage_unit",21,1,3
"berenbrock",21,3,3
"beta2",21,2,2
"bright_et_al",21,2,7
"cbwm",21,1,1
"communication_and_public_engagement",21,5,1
"cosana",21,1,3
"curran",21,7,2
"david_cook",21,3,4
"department_of_toxic_substance_control",21,3,3
"developed_for_implementation",21,7,1
"environmental_health_division",21,5,1
"grant_administration",21,3,3
"grapevine_canyon",21,1,1
"hyperion",21,1,7
"laboratory",21,2,4
"lak",21,4,2
"napa_sonoma",21,1,2
"no_climate_change",21,1,2
"o_laboratory",21,7,1
"opv",21,2,8
"pauma",21,1,5
"pixid",21,1,7
"public_trust_doctrine",21,4,1
"purisima_f",21,1,2
"quality_assurance_qc",21,3,4
"r_field",21,7,2
"rhna",21,3,1
"santa_ysabel",21,1,6
"shay_pond",21,1,1
"situation_assessment",21,1,1
"solano_agricultural_scenario_planning_system",21,1,3
"state_water_resources_control_board_division_of_drinking_water",21,13,1
"sub",21,3,3
"sustainable_groundwater_management_grant_program",21,5,1
"sw",21,4,2
"tier_2_dischargers",21,7,1
"turner_1975",21,3,2
"vern_freeman_diversion",21,1,5
"woodard",21,7,2
"apn",20,4,2
"aquitard",20,1,4
"aquitards",20,9,1
"bartow",20,8,2
"beale_air_force_base",20,2,2
"beltz",20,1,6
"butte_county_department_of_water_and_resource_conservation",20,3,2
"centers_for_disease_control",20,3,2
"central_valley_project_supply",20,5,1
"chris",20,2,6
"doi",20,4,1
"el_porvenir",20,1,4
"federal_standards",20,4,1
"hantush",20,1,1
"hughes",20,2,2
"initial_calibration_verification",20,1,2
"interim_milestones",20,6,1
"joseph",20,5,1
"kern_water_bank",20,3,2
"kkkk",20,4,1
"lake_deposits",20,2,1
"memorandum_of_understanding",20,7,3
"merced_national_wildlife_refuge",20,1,8
"moorpark_wastewater_treatment_plant",20,2,2
"mwdsc",20,2,1
"national_oceanic_and_atmospheric_administration_fisheries",20,3,3
"onewater",20,2,2
"pfoa",20,4,2
"provost_pritchard",20,8,1
"purisima_bc",20,1,2
"ranch",20,2,2
"sdac_communities",20,9,2
"stormwater",20,2,1
"tnc",20,3,1
"units",20,3,3
"wcr",20,3,2
"western_heights_water_company",20,1,6
"a_groundwater_sustainability_agency_party",19,6,7
"aliso",19,2,2
"beller_et_al",19,2,4
"c2vsimfg_beta2",19,1,5
"cardwell",19,1,3
"community_of_buttonwillow",19,1,5
"crafton",19,1,1
"eastern",19,11,1
"groundwater_dependent_ecosystem_evaluation_units",19,2,2
"groundwater_management_activities",19,1,3
"hemet_north",19,1,5
"horizontal_flow_barrier",19,4,2
"kjn_nitrite",19,1,2
"landowner",19,1,3
"larry_walker_associates_team",19,4,2
"marb",19,1,2
"pioneer_water_company",19,1,2
"raftelis",19,1,4
"rd_2068",19,1,8
"san_jerardo",19,1,1
"slade",19,2,2
"soil_agricultural_groundwater_banking",19,13,2
"ss",19,6,1
"sustainable_groundwater_management_act_portal",19,14,1
"underground_source_of_drinking_water",19,1,2
"urban",19,9,1
"uwwtp",19,1,3
"varian_ranch_mutual_water_company",19,1,6
"west_hills",19,1,6
"woodring",19,2,4
"wri",19,1,2
"0_180_flow_direction",18,6,1
"andy_rich",18,3,2
"aqueduct",18,4,2
"carbon_tetrachloride",18,1,5
"central_valley_project_contractors",18,6,1
"dale",18,2,2
"dispute",18,2,1
"environmental_health_services",18,3,2
"farm_process",18,3,1
"federal_reserve_water_rights",18,3,2
"greater_kaweah",18,2,2
"groundwater_management_fee",18,1,4
"groundwater_quality",18,9,1
"groundwater_storage",18,8,2
"groundwater_sustainability_agency_alternate_representative",18,7,2
"hemet_south",18,1,7
"humboldt_county_department_of_public_works",18,1,10
"kearns_west",18,5,1
"kern_county_revision",18,4,4
"knight",18,2,4
"laguna_vineyard",18,3,2
"lake_success",18,3,1
"list",18,8,2
"lompico_sandstone",18,1,5
"lompoc_upland",18,2,2
"mapes_ranch",18,1,4
"n_dissolved",18,1,1
"newhall_water_division",18,1,1
"niles",18,1,2
"north_bench",18,1,3
"north_cell",18,1,1
"om",18,5,2
"ormond_beach",18,1,2
"pdf",18,6,2
"ramboll",18,3,2
"rinconada_fault",18,1,9
"russian_river_flood_control",18,1,5
"sacramento_water_forum",18,2,2
"san_emigdio",18,4,2
"scalmanini_engineering",18,1,9
"southern_division",18,2,4
"steffens",18,4,1
"toxicity_identification_evaluations",18,6,1
"tx",18,2,1
"water_level_elevation",18,2,1
"ag_res",17,1,1
"agricultural_stakeholder",17,2,2
"alameda_island",17,1,2
"arlington",17,1,1
"assembly",17,10,1
"assembly_bill_3030",17,14,1
"b",17,6,2
"bcid",17,1,4
"cloverdale_canyon",17,1,1
"coordination_committee_and_plan_manager",17,6,1
"county_of",17,11,2
"elsinore_ma",17,1,6
"for",17,10,1
"hanson_et_al",17,4,2
"human_right_to_water_and_the_public_trust_doctrine",17,16,1
"irrigation_training_and_research_center_metric",17,1,5
"john_ayres",17,1,7
"ktwd",17,1,6
"la_sierra",17,2,3
"lost_river_improved_channel",17,1,3
"matti",17,2,3
"method_detection_limit",17,1,3
"miocene",17,9,1
"morales",17,1,3
"moreland",17,2,2
"mw98b",17,1,2
"nawqa",17,2,2
"newsom",17,7,1
"owhm",17,2,3
"pre_tertiary",17,6,1
"rcc",17,1,2
"sarah_hardgrave",17,1,1
"scv",17,1,6
"state_department_of_water_resources",17,7,1
"strategy_implementation_strategy",17,2,3
"surface",17,10,2
"sutherland",17,1,1
"taw",17,2,1
"thiessen",17,3,2
"thomasson_1951",17,2,4
"town_of_windsor",17,2,2
"updated",17,5,1
"white_wolf_fault",17,4,2
"williamson",17,6,1
"a",16,9,1
"agmar",16,2,1
"andre_monette",16,1,1
"arundell_barranca",16,1,2
"bc",16,2,3
"below_narrows_account",16,3,2
"budget",16,6,2
"burow_et_al",16,2,1
"burt",16,4,1
"calam",16,4,1
"casa_loma_fault",16,1,6
"clemmens",16,4,1
"congress",16,8,1
"davis_et_al",16,4,1
"del_oro_water_company",16,3,1
"esa",16,4,2
"frank_konyn",16,1,4
"gc",16,1,1
"gsflow",16,1,3
"gws_water_budget",16,4,1
"interested_parties",16,3,2
"izbicki",16,3,1
"james",16,8,1
"kennedy_jenks",16,2,6
"kenneth_d_schmidt_and_associates",16,1,10
"klausmeyer_et_al",16,4,1
"krista_mutual_water_company",16,1,4
"los_osos_valley_road",16,1,1
"lpccc",16,1,3
"nuevo_water_company",16,1,1
"olmsted",16,3,1
"pauloo_et_al",16,2,3
"permittee",16,1,7
"purisima_aa",16,1,3
"purisima_hills",16,3,1
"qoa",16,4,2
"qya",16,7,2
"reduction_without_projects_scenario",16,3,3
"root_mean_square_error",16,2,2
"santa_monica_urban_runoff_recycling_facility",16,1,4
"santa_paula_c",16,2,1
"shrubland_groundwater_dependent_ecosystem_unit",16,2,1
"sierra_vista_mutual_water_company",16,1,5
"slofcwcd",16,2,3
"slr",16,1,1
"south_fork_kings",16,1,6
"srcd",16,1,8
"ssss",16,4,2
"sutter_bypass",16,1,3
"thomas",16,5,1
"united_water",16,2,2
"water_budget_best_management_practice",16,5,1
"weaver",16,1,2
"wood",16,2,1
"ag_package",15,2,1
"arroyo_santa_rosa",15,1,3
"bakman",15,1,8
"basal_tehama",15,1,4
"baseline",15,6,2
"basin_optimization_scenario",15,1,2
"biddle_ranch_road",15,1,5
"big_ag",15,4,1
"big_springs",15,1,2
"board_meetings",15,4,2
"buena_vista_coalition",15,1,3
"cal_adapt",15,3,2
"camp_fire",15,3,1
"cleanup_program",15,2,2
"coordinated_plan_expenses",15,5,1
"cromwell",15,1,4
"davis_ranches",15,1,4
"dbsa",15,5,4
"east_kaweah",15,1,4
"formation_environmental",15,3,2
"friant_kern",15,5,1
"friant_unit",15,2,1
"fugro_consultants",15,5,2
"gar",15,3,1
"groundwater_extraction_credit_marketing",15,1,3
"groundwater_sustainability",15,8,1
"harmon_barranca",15,3,2
"heidi",15,1,2
"i",15,9,1
"inductively_coupled_plasma",15,1,7
"interior",15,11,2
"kennedy_jenks_consultants",15,2,2
"lessalt",15,1,2
"list_of_interested_parties",15,4,1
"livermore_ranch",15,1,1
"mid_kaweah",15,1,5
"n",15,9,2
"olympic_wellfield",15,1,5
"patrick_lei",15,3,4
"peter_quinlan",15,1,2
"please",15,5,1
"pumpage",15,4,1
"pws",15,3,1
"q_copy",15,7,2
"rancho",15,5,1
"right_bank_far",15,1,1
"s_associated",15,7,2
"san_juan_ma",15,1,5
"scwa",15,1,6
"sierra_nevada_mountains",15,5,1
"siskiyou_county_lu",15,2,2
"sonoma_ecology_center",15,3,1
"sonoma_volcanics",15,1,1
"sqcwd",15,1,7
"sustainability_criteria",15,4,2
"thien",15,1,2
"thomas_harder_co",15,1,1
"tlbwsd",15,1,4
"tribal_communities",15,3,3
"uts",15,1,1
"western_cascade",15,1,5
"wicc",15,1,11
"willow",15,6,1
"ahgw",14,1,2
"alternative_calibration",14,1,2
"american_society_of_civil_engineers",14,6,7
"banning_heights_mutual_water_company",14,1,1
"bility",14,1,1
"butte_college",14,2,6
"bvid",14,1,2
"ccf",14,1,1
"ccuf",14,1,3
"chase",14,1,5
"coldwater",14,1,2
"colusa_counties",14,2,1
"country_club_fault",14,3,1
"department_of_water_resources_climate_change_guidance",14,7,1
"dqo",14,2,2
"east_fork",14,3,2
"eastern_san_joaquin",14,2,2
"emily_gardner",14,1,5
"environmental_law_foundation",14,10,1
"environmental_services",14,1,6
"evenson",14,2,1
"fallowing_program",14,2,2
"federal",14,7,2
"flows",14,10,1
"glenn_colusa",14,2,1
"groundwater_sustainability_plan_chapter",14,1,3
"ireland",14,8,4
"irrigation_training_and_research_center_mapping_evapotranspiration_at_high_resolution_with_internalized_calibration",14,1,5
"kearns",14,3,2
"kings_river_water_quality_coalition",14,3,1
"knight_et_al",14,2,2
"lgawd",14,1,2
"llc",14,9,1
"local_standards",14,3,1
"loq",14,1,4
"los_angeles_ventura_county_line",14,2,1
"madera_county_government_center",14,2,2
"mbawg",14,1,4
"mcgraw_et_al",14,1,1
"merced_counties",14,4,2
"merced_county_department_of_public_health",14,4,2
"minimum_thresholds_and_measurable_objectives",14,6,1
"mya",14,5,1
"n_dissolved_nd",14,1,3
"natomas_mutual_water_company",14,1,1
"oregon_state_university",14,8,1
"oxnard_plain",14,4,2
"pfas",14,4,1
"project_and_management_actions",14,8,1
"quality_assurance_quality_control",14,4,1
"right_bank_near",14,1,2
"rincon",14,4,2
"riparian_mixed_hardwood",14,2,1
"rl_pql",14,7,1
"rpd",14,2,6
"russell",14,1,2
"safe_and_affordable_drinking_water_fund",14,7,1
"san_mateo_bridge",14,1,2
"san_timoteo_badlands",14,1,4
"schmidt",14,4,3
"soboba_pit",14,1,3
"sodium_adsorption_ratio",14,1,2
"southern_minnesota_beet_sugar_cooperative",14,2,3
"spreckels_sugar_company",14,2,2
"steffen",14,2,2
"superior_court",14,7,1
"theis_et_al",14,7,1
"tier_1_dischargers",14,7,1
"tui_chub",14,1,2
"ucla",14,1,5
"varies",14,9,2
"voting_representatives",14,1,2
"wac",14,1,3
"wsip",14,1,3
"basin_optimization",13,1,2
"bertoldi",13,7,1
"bfw",13,2,2
"board_chambers",13,4,1
"bondy",13,2,2
"bos",13,3,3
"c2vsimfgkern",13,1,1
"cal_poly",13,3,1
"ch2_m",13,1,4
"chumash",13,5,1
"coast_live_oak",13,2,2
"conservation_element",13,6,1
"continental",13,9,1
"d_plant",13,1,2
"depletion_of_interconnected_surface_water",13,7,1
"derek_lieberman",13,1,8
"desalter",13,3,2
"develop",13,10,1
"dmb",13,1,5
"draft_line",13,1,4
"edd",13,5,1
"etal",13,5,1
"evaluate",13,5,2
"evaluation_of_benefits",13,1,1
"evt",13,2,1
"felton_system",13,1,7
"flint",13,3,2
"gcm",13,3,2
"general_head_boundary",13,3,1
"government",13,1,2
"harder",13,2,1
"jameson_american_canyon",13,1,1
"john_scarborough",13,1,2
"karina_danek",13,1,3
"kayvan",13,1,2
"kenneth_d_schmidt_associates",13,3,1
"kern_river_groundwater_sustainability_agency_agricultural_ma",13,1,4
"lake_cachuma",13,3,3
"lydon",13,5,2
"mabia",13,1,2
"mckay_point",13,2,1
"microsoft_access",13,7,1
"milliken",13,1,3
"n_nd",13,1,7
"national_academy_of_sciences",13,3,2
"neogene",13,3,2
"nhd",13,3,1
"normalized_difference_moisture_index",13,3,2
"ordnance_survey",13,2,2
"pixley_pud",13,3,1
"professional_engineer",13,6,1
"project_coordinator",13,2,1
"relates",13,2,1
"resource_capacity_study",13,1,5
"sacramento_river_settlement_contractors",13,2,4
"san_joaquin_valley_index",13,2,2
"schedule",13,9,1
"scripps_orbit_and_permanent_array_center",13,1,5
"sdsy",13,1,1
"sewa",13,1,3
"shac",13,1,2
"smc9",13,2,2
"somis_fault",13,1,9
"south_mesa_water_company",13,1,13
"south_yolo",13,1,1
"state_of_emergency",13,1,1
"streambed_infiltration",13,6,1
"sumner_hill",13,1,2
"swarzenski",13,1,1
"tertiary_sonoma",13,2,3
"tre_altamira",13,3,2
"tributaries_groundwater_dependent_ecosystem_unit",13,1,2
"united_states_army_corps_of_engineers_sacramento",13,1,7
"well_protection_program",13,1,2
"west_turlock",13,1,5
"wutchumna_water_company",13,1,3
"zayante_fault",13,1,3
"agriculture",12,9,1
"airborne_electromagnetic",12,6,1
"alfalfa",12,4,3
"anthony",12,1,28
"aquifer_cleanup_level",12,1,3
"arroyo_securities_and_exchange_commissiono_rd_ws",12,4,1
"assembly_bill",12,10,1
"astm",12,6,1
"basin_boundary_modification",12,1,5
"basin_management_objective",12,3,1
"big_springs_complex",12,1,2
"bill_390",12,10,1
"bookkeeping_party",12,1,1
"bookman_edmonston",12,2,2
"brennan",12,1,1
"canyon_view_ranch",12,1,2
"cebada",12,2,2
"cerini",12,1,2
"charnock_wellfield",12,1,4
"cienega_springs",12,2,2
"clark_colony_water_company",12,1,2
"communications_goal_development",12,5,1
"council_chambers",12,4,2
"court_of_appeal",12,3,1
"cwl",12,2,1
"delta",12,5,1
"department_of_public_works",12,5,1
"department_or_water_resources",12,1,2
"engagement_with_tribal_governments_guidance_document",12,12,1
"environmental_laboratory_accreditation_program",12,2,1
"f",12,10,2
"federal_government",12,6,2
"feeney",12,4,1
"figuers",12,1,1
"fillmore_irrigation_company",12,2,1
"fordel",12,3,1
"future_baseline_with_projects_scenario",12,2,4
"galloway",12,6,1
"garcia",12,5,1
"groundwater_banking_feasibility_study",12,3,3
"groundwater_sustainability_plan_implementation_network",12,1,4
"group_3",12,1,1
"hfb",12,1,1
"hollywood",12,1,1
"hydrologic_response_unit",12,1,1
"implementation",12,6,2
"interested_parties_list",12,4,1
"isa",12,1,2
"jasperse",12,3,1
"johnson_et_al",12,1,3
"kck",12,1,1
"kern_county_c2vsimfg_bypassspecsdat_removed",12,4,1
"kern_county_subbasin_for",12,4,1
"kriging",12,3,4
"la",12,3,3
"laguna_de_santa_rosa",12,1,14
"lofgren",12,7,1
"maine",12,1,3
"mcclellan_air_force_base",12,2,2
"mcmullin",12,1,2
"mendenhall_et_al",12,6,1
"most",12,5,1
"mule_fat",12,1,3
"mw15",12,1,1
"national_cooperative_soil_survey",12,6,2
"national_program",12,1,3
"national_wetland_inventory",12,5,1
"native_american_tribal_communities",12,3,1
"no3n",12,1,3
"no_groundwater_sustainability_agency_party",12,6,1
"non_cal_am",12,1,1
"paskenta_band",12,1,5
"patsy",12,1,2
"poplar_irrigation_company",12,6,1
"primary_directors",12,6,1
"qa_qc",12,7,1
"rcdmc",12,1,2
"riley",12,6,1
"s_disadvantaged_community",12,2,2
"sagbi",12,2,2
"san_gabriel_fault",12,1,2
"santa_ynez_band",12,3,1
"sgiwgm",12,1,1
"sjr",12,1,2
"smc7",12,2,4
"ssci",12,2,1
"stakeholder_workshops",12,2,2
"surface_water_system_overdraft",12,2,1
"sustainable_groundwater_management_act_tools",12,12,1
"swat",12,1,7
"t_summary_of_quality_assurance_evaluation",12,6,2
"tejon",12,2,2
"this_physical_solution",12,1,3
"tm5",12,6,1
"tulare_county_housing_element_action_program",12,3,2
"ucs",12,2,2
"upper_tehama",12,1,2
"urc",12,4,1
"us_geological_survey_professional_paper",12,12,1
"valencia_water_reclamation_plant",12,1,1
"w_alisa",12,6,1
"water",12,9,1
"water_quality_partnership",12,1,3
"wdr",12,2,1
"wells_2",12,1,1
"west_well_field",12,1,4
"westside_san_joaquin",12,5,1
"williamson_method",12,4,1
"woodring_et_al",12,4,1
"af_ac",11,2,2
"amsl",11,2,2
"aquifer_systems_a",11,2,3
"arden",11,3,2
"arroyo_simi_las_posas",11,1,5
"audubon",11,4,1
"awmp",11,5,2
"bakersfield_arch",11,3,1
"ballona_wetlands_ecological_reserve",11,1,3
"board_of_trustees",11,2,2
"boeing",11,1,2
"bouquet_canyon",11,1,1
"bureau",11,6,2
"calsimetaw",11,7,1
"camp_evers",11,1,2
"capay",11,1,6
"charles",11,1,1
"checkbook",11,2,2
"conejo_hills",11,1,3
"corona_department_of_water_and_power",11,2,2
"creighton_ranch",11,1,1
"croft_gordon",11,2,1
"current_water_budget",11,3,1
"department_of_water_resources_best_management_practices",11,9,1
"dipaw",11,1,3
"drinking_water_wells_protection_program",11,1,2
"el_rico",11,1,1
"es",11,3,4
"ets",11,1,1
"faq",11,4,2
"farmers_irrigation_company",11,2,2
"fill",11,5,2
"fire_and_resource_assessment_program",11,2,1
"fully_protected",11,9,1
"garner_et_al",11,1,3
"geoscience_support_services_inc",11,1,4
"global_positioning_systems",11,2,2
"groundwater_dependent_ecosystem_units",11,3,2
"groundwater_sustainability_plan_development_team",11,2,2
"henry_miller",11,2,3
"hilmar",11,1,4
"inactive_rancho_cordova_test_site",11,1,4
"kcwa",11,1,4
"kern_county_water_agency_improvement_district_no",11,4,1
"kiessling",11,1,1
"ladpw",11,1,1
"lidar",11,3,1
"management_area_exceedance",11,1,1
"management_of_groundwater",11,1,1
"matt",11,1,1
"matt_wiedlin",11,1,1
"methyl_tertiary_butyl_ether",11,1,1
"meyers_water_bank",11,2,2
"mulefat",11,3,1
"national_wetlands_inventory",11,3,2
"nd",11,3,2
"patwin",11,1,2
"pid",11,1,2
"pleasant_valley_state_prison",11,1,4
"prepare",11,4,2
"public_health_goals",11,3,2
"pud",11,2,2
"q2_spu",11,1,2
"recycled_water_facilities_planning_study",11,1,6
"red_willow",11,1,1
"riverside_county_department_of_environmental_health",11,3,2
"rmc",11,3,2
"sacramento_regional_water_bank",11,2,1
"san_luis_unit",11,3,2
"santa_cruz_co_op",11,1,2
"sdac_disadvantaged_community",11,1,2
"searles_valley_minerals_inc",11,1,7
"sespe_upland",11,2,2
"sgs_orlando",11,1,2
"smc5",11,1,1
"soda_creek_fault",11,1,2
"soil_mechanics_and_foundation_engineers",11,1,1
"solomon_hills",11,1,4
"species_of_special_concern",11,3,1
"streamkeeper",11,1,1
"sutter_national_wildlife_refuge",11,1,2
"svrp",11,1,4
"sw_gw",11,2,1
"sweetkind_et_al",11,2,2
"sy",11,4,1
"total_dissolved_solid",11,1,3
"transmissivity",11,10,1
"twitter",11,5,1
"vista_clara",11,1,5
"wagner",11,3,1
"waste_discharge_requirements",11,6,1
"water_quality_supply",11,6,2
"weber",11,2,2
"wells_c",11,1,1
"wilson",11,3,4
"yokohl",11,3,2
"aarhus_workbench",10,2,1
"ag_managed_aquifer_recharge",10,1,3
"alta_mutual_water_company",10,6,2
"an_encroachment_permit",10,4,1
"anc",10,1,7
"aquilogic",10,1,3
"arizona",10,2,1
"bramlette",10,2,3
"cabazon_storage",10,1,3
"canyon_irrigation_company",10,2,1
"cbi",10,1,5
"chad_taylor",10,3,2
"chg",10,1,1
"conservancy",10,4,1
"consultant_team",10,1,2
"consulting_engineers",10,7,2
"coordination_program",10,5,1
"cross",10,3,2
"depletion_of_interconnected_surface_water_sustainability_indicator",10,1,1
"dissolved",10,2,1
"east_stanislaus",10,2,3
"edf",10,4,2
"epworth_gravels",10,1,2
"fan_et_al",10,2,3
"fiscal_and_contracting_entity",10,1,3
"flood_alert",10,1,3
"flood_management_actionsr",10,1,1
"flood_management_arear",10,2,1
"food_and_agriculture_organization",10,1,1
"fortran",10,7,1
"franciscan_assemblage",10,1,2
"frank",10,2,1
"frost_hurzel",10,1,1
"fte",10,1,1
"future_baseline",10,3,2
"geo_logic_company",10,3,1
"greene",10,3,1
"ground_positioning_system",10,1,1
"groundwater_surface",10,4,3
"groundwater_sustainability_agency_board_meetings",10,4,1
"groundwater_sustainability_plan_group_alternate_representative",10,5,1
"gwa",10,1,1
"halligan",10,1,4
"hernandez_paicines",10,1,2
"hydrogeologic",10,4,1
"igs",10,1,2
"incomplete",10,5,2
"interstate_5",10,5,2
"jay_jasperse",10,2,4
"joint",10,3,2
"jones",10,3,1
"kern_delta",10,1,6
"kiefer_landfill",10,1,1
"kmz",10,2,1
"koenig",10,1,2
"laboratory_project_manager",10,3,1
"land_surface_system",10,1,4
"lcs",10,1,1
"left_bank_near",10,1,1
"liberty_millrace_canal",10,1,1
"lincoln_oaks",10,3,1
"lower_kaweah",10,2,1
"madera_county_east",10,2,2
"maximum_contaminant_levels",10,6,2
"microsoft",10,8,1
"modoc_plateau",10,3,1
"monterey_bay",10,5,2
"morton",10,3,2
"mun",10,1,1
"mutual_water_company",10,3,1
"napa_county_planning",10,1,4
"non_delta_management",10,1,2
"normalized_derived_vegetation_index",10,2,2
"nutrilite",10,1,1
"observed",10,4,2
"olcese",10,1,4
"palustrine",10,2,1
"periodic",10,7,1
"perris_north",10,1,3
"project_manager",10,1,4
"projects_and_management",10,3,1
"proposed",10,7,1
"provost",10,3,1
"public_trust",10,6,2
"r2",10,1,2
"reduction_with_projects_scenario",10,2,2
"regional_water_quality_control_board_water_quality_objective",10,1,1
"required",10,10,1
"riversidean_alluvial_scrub",10,2,1
"rymer",10,1,4
"sa",10,1,1
"sacramento_valley_water_year",10,1,4
"samantha_arthur",10,2,2
"san_pasqual_academy",10,1,4
"santa_fe_canal",10,1,2
"santa_monica_mountains",10,2,2
"santa_rita",10,2,2
"scalebroom",10,2,1
"scalmanini",10,4,2
"scalmanini_consulting_engineers",10,4,2
"schafer",10,2,5
"sci",10,2,2
"shrubland",10,2,5
"sierra_de_salinas",10,3,1
"sip",10,2,2
"sloughhouse_resource_conservation_district_groundwater_sustainability_agency_south_american_1",10,1,5
"smud",10,1,2
"solano_project_contract_allocations",10,1,9
"south_san_joaquin",10,1,6
"sql",10,5,1
"sscawa",10,1,2
"stakeholder_communication",10,6,1
"state_route_99",10,4,1
"sumner_hill_potential_groundwater_dependent_ecosystem_unit",10,1,5
"sustainable_groundwater_planning_grant_program",10,3,1
"sutter_buttes",10,3,2
"swd",10,1,1
"total_farm_delivery_requirement",10,1,2
"tre_altamira_inc",10,8,1
"tulare_county_farm_bureau",10,3,4
"vandenberg_space_force_base",10,3,1
"washoe",10,1,1
"water_well_standards",10,2,1
"wdraft_2021",10,1,1
"wildermuth_environmental_inc",10,1,3
"wse",10,1,1
"yuba_goldfields",10,1,1
"ab_3030",9,3,2
"adequately_address_groundwater_quality",9,4,1
"alfz",9,1,3
"ao",9,3,1
"arb",9,3,2
"attachment_b",9,3,1
"baja",9,3,1
"barrancas",9,1,1
"beckwith",9,1,2
"beller",9,3,3
"big_valley_band",9,1,2
"bohm",9,1,1
"bondy_groundwater_consulting",9,3,1
"brown_and_caldwell",9,1,4
"bs",9,2,1
"buckeye",9,1,2
"bulletin_118",9,5,1
"burton_et_al",9,4,1
"cachuma",9,3,2
"caleta",9,1,1
"camp_roberts",9,2,4
"census_designated_places",9,3,1
"cities_of_oxnard",9,1,1
"clean",9,3,1
"conservation",9,4,1
"continental_basin_deposits",9,1,6
"danskin",9,1,2
"darcy",9,5,1
"david_morrison",9,1,2
"department_of_agriculture_natural_resources_conservation_service",9,4,1
"e",9,4,2
"environmental_health_divisions",9,2,1
"fa",9,1,6
"fkc_milepost",9,3,2
"fountain_springs_gulch",9,3,1
"frwr",9,2,4
"geosystems",9,1,2
"glen_ivy_fault",9,1,1
"glenn_syncline",9,2,2
"goodman",9,1,1
"governing_bodies",9,1,4
"graciosa",9,2,1
"grapevine_development",9,1,1
"graton_rancheria",9,3,1
"groundwater_levels",9,4,1
"groundwater_sustainability_agency_administration",9,5,1
"groundwater_sustainability_plan_elements",9,9,1
"groundwater_sustainability_plan_update",9,3,2
"gsi_water_solutions",9,2,2
"gsi_water_solutions_inc",9,5,3
"gw_storage",9,4,4
"hardrock",9,1,2
"harrington",9,1,1
"hasan",9,3,1
"hayward_wells_c",9,1,3
"hetch_hetchy",9,1,3
"high_speed_rail",9,1,1
"hueneme_mugu_shelves",9,3,2
"intergovernmental_panel_on_climate_change",9,3,2
"isola",9,2,2
"julie",9,1,1
"kaweah_subbasin_management_team",9,1,1
"kjn_sulfate_dissolved",9,1,2
"klamath_national_forest",9,2,2
"ksat",9,4,2
"land_use_planning",9,3,1
"larry_walker",9,1,1
"larry_walker_study",9,1,2
"lee_lake_ma",9,1,1
"los_alamos_syncline",9,1,7
"malin",9,1,1
"mather_air_force_base",9,1,4
"matthew_winegar",9,1,3
"mcgrath",9,4,2
"melissa_m_rohde",9,2,1
"mvwd",9,1,1
"national_field_manual",9,3,1
"newton",9,5,1
"north_valley_regional_recycled_water_program",9,1,3
"northgate",9,3,2
"nuevo_lakeview",9,1,2
"openstreetmap",9,4,4
"ord",9,1,2
"pacific_lamprey",9,3,1
"planned",9,8,1
"prepared",9,4,2
"preston",9,1,2
"primary_calibration",9,1,4
"pritchard",9,2,2
"provides",9,7,1
"public_information_officer",9,6,1
"pure_water_monterey",9,1,1
"pvwcd",9,3,1
"pwc",9,3,1
"quarry",9,1,2
"ramelli",9,1,1
"rana",9,6,2
"reclamation_district_2062",9,1,5
"redding_rancheria",9,2,3
"resources",9,5,1
"rice",9,2,1
"rob_swartz",9,1,2
"rss",9,1,2
"safca_flood_management_actionsr",9,1,2
"samantha",9,1,1
"san_antonio_spreading_grounds",9,1,1
"san_benito_county_water_district_groundwater_sustainability_agency_north_san_benito",9,1,2
"san_cayetano",9,2,2
"san_luis_national_wildlife_refuge",9,2,3
"santa_clarita_water_division",9,1,1
"santa_cruz_mountains",9,2,2
"santa_cruz_mudstone",9,1,1
"sarah",9,1,2
"secondary_maximum_contaminant_level",9,3,2
"settlement_contractors",9,2,1
"shastina",9,1,2
"sierran",9,2,1
"solano_groundwater_sustainability_agency_collaborative",9,1,2
"stakeholders_interested_parties",9,1,2
"stephen_maples",9,3,1
"stillwater",9,2,2
"storativity",9,6,2
"streamflow_routing_package",9,5,2
"sustainable_groundwater_management_act_basin_prioritization",9,3,1
"sv",9,4,2
"svgb",9,5,1
"terrace",9,1,1
"timeline",9,3,2
"total_suspended_solids",9,1,2
"town_hall",9,4,2
"tres",9,1,1
"triennial_update",9,1,5
"tulare_id",9,1,4
"ucd",9,2,3
"university_navstar",9,5,1
"upper_pressure_and_canyon",9,1,1
"urs",9,3,2
"vandenberg_air_force_base",9,3,2
"ventura_county_waterworks",9,2,1
"verification",9,3,1
"vice_chair",9,2,2
"voc",9,1,1
"walnut_hills",9,1,5
"water_conservation_coalition",9,2,2
"wba",9,1,1
"wel",9,2,1
"wildwood_canyon",9,1,2
"a_memorandum_of_understanding",8,5,1
"above_mean_sea_level",8,1,1
"above_narrows_account",8,3,1
"adopted_ordinance_no",8,6,1
"agua_tibia_narrows",8,1,1
"alaska",8,5,2
"analyze_accessed",8,4,1
"annual_pumping_allocation",8,3,2
"arroyo_parida_fault",8,1,3
"assembly_bill_359",8,4,2
"basin_boundary_modi",8,1,5
"bcvwd",8,1,3
"beardsley_wash",8,1,2
"bedford_coldwater",8,2,2
"berrenda_mesa",8,1,1
"blue_cut",8,2,1
"bob",8,1,1
"box_springs_mutual_water_company",8,1,2
"butano_sandstone",8,1,3
"calistoga_st_helena",8,1,1
"camulos_ranch",8,2,1
"careaga",8,2,1
"chevron",8,4,1
"cities_of_camarillo",8,3,1
"city_and_cal_water",8,1,2
"cleanup_and_abatement_order",8,4,2
"coalition",8,3,2
"coast_live_oak_alliance",8,3,2
"coastal",8,5,1
"cob",8,3,2
"colorado_river_aqueduct",8,3,1
"commonly_associated_with_groundwater",8,4,1
"communication",8,4,2
"communication_and_public_engagement_actions",8,2,2
"comprehensive_groundwater_management_program",8,1,1
"continuous_global_positing_system",8,1,2
"cor_water_utility",8,1,1
"cottonwood_percent",8,4,1
"county_farm",8,6,1
"de_groot",8,2,5
"dennis_r",8,1,2
"dfw",8,2,2
"dgps",8,2,2
"draft_assembly_bill_3030",8,2,1
"draft_best_management_practices",8,7,1
"dupont_express",8,4,1
"dutcher",8,2,2
"eastern_sierra",8,1,3
"environmental",8,6,1
"ergwg",8,1,2
"etchegoin",8,4,1
"expand",8,7,1
"facilitation_support_services",8,2,2
"fahrenheit",8,4,1
"fairbairn",8,1,1
"flint_hills",8,1,1
"fort",8,1,3
"fox_canyon",8,1,1
"fresno_county_management_area_a",8,1,1
"friant_division_central_valleyp",8,2,1
"full_natural_flow",8,1,1
"future",8,4,1
"gei_consultants_inc",8,6,2
"geoconsultants",8,1,1
"geoscience",8,4,2
"geoscience_aecom",8,1,2
"global_positioning_satellite",8,1,2
"gpcd",8,4,1
"groundwater_management_program",8,4,1
"groundwater_recharge_assessment_tool",8,1,1
"groundwater_sustainability_agency_governing_body",8,4,1
"groundwater_sustainability_plan_administration",8,4,2
"groundwater_sustainability_plan_development_updates",8,1,3
"habitat_suitability_indices",8,1,1
"historical_lows",8,1,6
"hopper",8,2,1
"house",8,1,3
"housing_element",8,1,1
"howes",8,5,2
"ical",8,1,2
"implementation_team",8,1,4
"improvement_district_no4",8,4,1
"irrigation",8,7,2
"jack_hughes",8,1,1
"john_neil",8,1,2
"k",8,4,2
"kelsey",8,2,1
"kevin_garrett",8,1,8
"klausing",8,1,3
"koterba",8,1,3
"kr",8,8,2
"lacustrine",8,5,1
"lai",8,1,3
"lamp",8,2,1
"land_subsidence",8,7,1
"landiq",8,7,1
"landowner_land",8,1,2
"landwatch",8,1,2
"las_posas_syncline",8,1,1
"late1980s",8,4,1
"lawrence_livermore_national_laboratory",8,5,1
"lcse",8,2,2
"lewis",8,1,1
"los_angeles_aqueduct",8,2,1
"lower_arroyo_las_posas",8,1,3
"lu_lc",8,1,2
"management",8,2,2
"mark_nordberg",8,6,1
"markley",8,1,2
"matrix",8,2,1
"mcc",8,1,2
"mcclellan",8,3,2
"mendocino_triple_junction",8,2,1
"mexico",8,5,1
"mike_cornelius",8,1,2
"mu",8,1,1
"my",8,1,1
"n_a_n_a_forebay",8,4,2
"napa_county_bos",8,1,3
"navigation_satellite_timing_and_ranging_consortium",8,2,1
"newhall",8,3,1
"nilp",8,1,3
"notice_of_intent",8,7,1
"o_mykiss",8,2,3
"operation_next",8,1,2
"order",8,5,1
"ortiz_partida",8,1,2
"pbo",8,4,1
"project_management_action_name",8,4,1
"project_om",8,2,1
"project_or_action",8,3,1
"projects_management_actions",8,5,2
"putah_creek_accord",8,1,1
"qal",8,2,2
"r5",8,1,2
"rbwtp",8,1,3
"rch_package",8,4,1
"recharge_facilities",8,5,1
"reclamation_district_1001",8,1,3
"redfem",8,2,1
"reno",8,2,2
"rmw_wls",8,2,2
"roundtables",8,1,3
"ryan_teubert",8,4,1
"sacramento_valley_subsidence_network",8,3,1
"san_buenaventura",8,3,1
"san_joaquin_delta",8,6,1
"san_leandro_cone",8,1,3
"san_timoteo_canyon",8,1,2
"sandra",8,1,1
"santa_ana_watershed",8,2,1
"sedimentary_deposits_of_live_oak_canyon",8,1,3
"sentinel_mw1",8,1,2
"sgs",8,1,1
"smgsp",8,1,1
"south_santa_ana",8,1,2
"sssscc",8,4,1
"ssssff",8,4,1
"state_of",8,4,1
"state_university_channel_islands",8,2,2
"stream_watch",8,1,3
"surface_water",8,6,1
"surface_water_groundwater_recycled_water_transfer_stormwater_other_source_of_outside_water",8,2,2
"surface_water_quality_percent",8,1,2
"sustainable_management_of_groundwater",8,4,1
"sycamore_marsh_farm",8,1,1
"system_optimization_review_study",8,1,3
"tca",8,2,11
"teague",8,1,1
"team",8,6,1
"terra_linda_recharge_canal",8,2,2
"that",8,8,1
"threatened",8,7,1
"toro",8,2,2
"traum_et_al",8,1,2
"trevor_joseph",8,6,1
"trussell",8,1,3
"ucode_2014",8,3,2
"united_states_bureau_of_reclamation_1947",8,4,1
"united_states_of_america",8,4,2
"university_navstar_consortium",8,5,1
"university_well",8,1,2
"us_bureau_of_reclamation",8,3,1
"usdw",8,2,1
"valley_water_collaborative",8,2,3
"vandenberg_a_is_shown_on_figureb",8,2,1
"vega",8,2,5
"ventura_county_farm_bureau",8,4,2
"vhd",8,1,1
"wa",8,3,2
"water_budget_best_management_practices",8,5,1
"west_placer",8,1,3
"west_yost",8,3,1
"west_yost_associates",8,3,2
"wetter",8,2,1
"whiskeytown",8,2,1
"willard_road",8,2,2
"yolo_counties",8,1,1
"yolo_county_flood_control",8,1,3
"zayante_vergeles",8,2,2
"2ab",7,1,3
"a_land_use_study",7,1,1
"a_national_aeronautics_and_space_administration_jet_propulsion_laboratory",7,5,1
"aaron_chapter",7,1,1
"action_level",7,2,2
"adopted",7,7,1
"ag_preserve",7,1,1
"agua_caliente",7,1,6
"aliso_water_district_to",7,5,1
"alk",7,1,7
"allen_et_al",7,3,1
"alton",7,1,3
"amec",7,1,2
"american",7,2,1
"andrewgarciasldmwaorg",7,5,2
"angiola",7,1,1
"applied_to_pesticides",7,6,1
"approved",7,4,2
"arroyo_seco_gravels",7,1,1
"banning_canyon",7,1,1
"based",7,7,1
"basin_no",7,4,2
"berry_crops",7,1,1
"beth_milliken",7,1,2
"blanco_drain",7,1,2
"bortugno",7,1,1
"buena_vista_rancheria",7,1,1
"burnett",7,3,1
"butte_city",7,1,3
"butte_valley_basalt",7,1,1
"c1",7,2,3
"c_rc",7,1,1
"cdp",7,3,2
"central_yolo",7,1,1
"channel_islands_air_national_guard_station",7,3,1
"charles_gardiner",7,1,3
"china",7,1,1
"ciervo",7,1,1
"clendenen_associates",7,1,1
"cmip5",7,2,1
"coastal_protection",7,5,1
"code_of_civil_procedure",7,1,1
"colusa_basin_drain",7,1,5
"consolidated",7,2,3
"core",7,2,1
"cornelius",7,1,1
"corral_de",7,1,1
"county_of_san",7,1,1
"cuenca",7,1,4
"deliverables",7,4,3
"delorme",7,5,8
"department_of_water_resources_lu_lc",7,1,1
"ducks_unlimited",7,2,1
"ducks_unlimited_wetland_inventory",7,5,1
"e_identification",7,7,1
"e_j_remson",7,1,1
"east_san_joaquin_water_quality_coalition",7,2,1
"edison_fault",7,1,1
"eric_schmidt",7,1,4
"eta",7,2,1
"exceedance",7,6,1
"facilitator",7,1,3
"fallow_bank",7,3,1
"farrar_et_al",7,2,1
"features",7,7,1
"federal_express",7,7,1
"field_and_transport",7,2,2
"fonzi",7,1,2
"ford_wd",7,2,2
"fox_canyon_drain",7,1,1
"freemont",7,3,1
"future_sustainable",7,2,1
"general_counsel",7,2,1
"geohydrologic",7,1,1
"geothermex",7,1,1
"glenn_groundwater_authority_operations_fee",7,1,1
"greenfield_cwd",7,1,3
"grf",7,1,3
"groundwater_accounting_structure",7,1,2
"groundwater_surface_water_interactions",7,4,2
"groundwater_sustainability_plan_evaluations",7,5,1
"groundwater_sustainability_plan_implementation_team",7,1,2
"groundwater_sustainability_plan_schedule",7,2,2
"gw_sacramento_and_the_woodland_exchange",7,1,4
"harbaugh",7,5,1
"hilton",7,5,1
"historic_current",7,5,1
"historically",7,7,1
"hookton",7,1,3
"i75r3327d",7,1,1
"ids",7,4,2
"ilkhanipour",7,1,1
"indicator_wells",7,3,1
"insar",7,3,1
"instagram",7,3,2
"interested_party",7,2,1
"interior_bureau_of_reclamation",7,1,1
"isw_sustainable_management_criteria",7,4,1
"ivette_iraheta",7,1,3
"james_id",7,1,2
"jean_moran",7,1,5
"kbwqa",7,1,3
"kern_nwr",7,5,1
"kiefer",7,3,2
"kings_basin_coordination_efforts",7,3,1
"l_nd",7,1,2
"land_iq",7,5,1
"lateral_subsurface_groundwater_flows",7,3,1
"layer_property_flow",7,1,1
"lepomis",7,4,2
"lessalt_water_treatment_plant",7,1,3
"mailchimp",7,4,1
"management_action_no",7,2,2
"mapmyindia",7,4,3
"marin_water",7,1,2
"maslonkowski",7,1,3
"mbk_engineers",7,2,1
"mdbm",7,2,1
"measurable_objectives_and_minimum_thresholds",7,3,1
"mebp",7,1,1
"medium",7,5,1
"mid_valley_wd",7,5,2
"millard_canyons",7,1,1
"mint_canyon",7,1,1
"mollisols",7,3,1
"montgomery_associates",7,3,2
"moyle",7,1,2
"mpwmdfo10d",7,1,2
"mwd",7,1,1
"national_marine_fisheries",7,1,2
"ncdm",7,1,3
"net_recharge",7,5,1
"network",7,1,2
"niswonger_et_al",7,3,2
"non_voting_representatives",7,1,1
"north_central_region_office",7,1,1
"northwest_cell",7,1,2
"nrd",7,2,2
"olcese_sand_aquifer_unit",7,1,1
"oneill_ranch",7,1,2
"pacific_gas_and_electric_company",7,4,2
"paleogene",7,2,1
"palomar",7,2,2
"pavley",7,7,1
"periodic_evaluation",7,7,1
"plainview_mutual_water_company",7,1,1
"planned_projects_and_management_actions",7,1,2
"plumas_national_forest",7,1,2
"point_mugu",7,1,1
"poplar",7,1,2
"portland",7,1,2
"quercus",7,3,1
"r1",7,3,1
"raisin_city_oil_field",7,1,3
"rancho_temescal",7,2,1
"receiving_water",7,7,1
"regional_critical_infrastructure",7,1,1
"regional_water_quality_control_board_wqo",7,2,2
"regionals",7,1,2
"rehoboth",7,1,4
"reilly",7,3,2
"reliance",7,1,1
"replace_existing_facilities",7,1,1
"resource_conservation_district_of",7,1,3
"riverwash_scrub",7,1,2
"rmw_initial_studyw01",7,1,2
"rmw_water_quality",7,1,1
"rockwood",7,1,1
"rod",7,2,1
"rosenberg",7,1,1
"russell_city_energy_center",7,1,1
"s",7,5,1
"sacramento_county_farm_bureau",7,2,2
"san_joaquin_river_restoration",7,4,2
"sandy_mush_mutual_water_company",7,1,1
"santa_ana_mountains",7,1,1
"santa_margarita_ranch_mutual_water_company",7,1,3
"saucedo",7,2,2
"scott_graham",7,1,1
"semcu",7,1,6
"shallow_alluvial_deposits",7,1,1
"shasta_river_downstream",7,1,1
"southwest_kings",7,2,2
"states",7,3,2
"stream",7,7,2
"study",7,3,1
"subarticle_2",7,5,1
"subsurface",7,3,2
"success",7,4,1
"sulfate",7,4,2
"sullivan_et_al",7,7,1
"surface_energy_balance_algorithm_for_land",7,6,1
"surface_executive",7,7,1
"sustainability_goals",7,5,1
"sustainable_groundwater_management_act_projects_for",7,5,1
"sustainable_groundwater_management_act_sustainability_indicators",7,4,1
"tba",7,2,2
"tehama_colusa_canal",7,1,4
"tehama_counties",7,3,1
"tif",7,1,1
"tipton_community",7,4,2
"tmc",7,3,1
"town_of_discovery_bay",7,1,2
"tuscan",7,3,1
"ulatis",7,1,1
"upper_san_luis_rey",7,1,1
"urban_communities",7,1,1
"us_express_mail",7,7,1
"valley_oaks",7,1,1
"ventura_county_government_center_hall_of_administration",7,4,1
"via",7,3,1
"visalia_water_conservation_plant",7,1,1
"volatile_organic_compound",7,1,2
"website_portal",7,1,1
"west",7,5,1
"woodard_curran_provost_pritchard",7,5,1
"a_alyson_watson",6,1,4
"a_long_term_sustainable_water_supply",6,6,1
"action_et_al",6,1,3
"adobe_creek_conjunctive_use",6,1,1
"ae",6,3,1
"anne_sippi_clinic",6,1,1
"anticline_ridge",6,1,3
"applied_water",6,3,1
"aquatic_bioassay_and_consulting",6,2,1
"armona_csd",6,1,1
"armstrong_ranch",6,1,2
"arroyo_las_posas_simi",6,1,2
"as",6,5,1
"assigning",6,2,2
"at",6,6,1
"attachment_f3",6,1,1
"auditor",6,6,1
"baccharis",6,2,1
"bandy_canyon",6,1,1
"bank",6,2,1
"banker",6,1,1
"basin_plan_amendment",6,2,2
"bbbbbbbbbb",6,6,1
"bear_river_band",6,1,1
"becky_steinbruner",6,1,3
"beneficial_uses_and_users",6,4,1
"berrenda",6,1,3
"berryessa",6,1,3
"bfi",6,1,1
"bolsa_se",6,1,1
"boundary_flow_scenario",6,1,1
"bridgeville",6,1,1
"bryan_bondy",6,3,1
"buntingville",6,1,2
"burrel_ditch_company",6,6,1
"burton",6,3,1
"byron_division",6,1,3
"c_share",6,6,1
"calibrated_horizontal_hydraulic_conductivity",6,1,4
"carabas",6,1,1
"casa_blanca_barrier",6,1,3
"cdec10",6,1,1
"central_delta_130",6,6,1
"charles_brush",6,4,1
"chemical",6,2,4
"chicken_hill_fault",6,1,4
"cities_of_ceres",6,1,1
"cities_of_cotati",6,1,1
"city_recharge",6,3,1
"completed_submitted_activity",6,1,3
"completion_of_task",6,1,1
"confined_animal_sites",6,2,1
"conway_bank",6,6,1
"cooperative_extension",6,3,3
"coordination",6,4,2
"cottonwood_creek_recharge_facility",6,1,2
"coyote_hills",6,1,2
"cross_sections",6,2,2
"crpr",6,3,2
"crystal_geyser_roxane",6,1,1
"cy",6,3,2
"d_itenfisu",6,6,1
"david_e_welter",6,2,1
"david_manning",6,3,4
"dce",6,1,3
"dehp",6,1,1
"deliver",6,6,1
"department_of_environmental_health",6,4,1
"department_of_water_resources_100",6,1,3
"department_of_water_resources_climate_change_guidance_and_resource_guide",6,4,1
"department_of_water_resources_population_tool",6,1,1
"detected",6,5,1
"dhi",6,1,4
"diagram",6,1,1
"dickson",6,1,1
"disadvantaged_community_community",6,4,2
"downstream_water_users",6,2,1
"draft_monterey",6,1,1
"drinking_water_and_health",6,2,2
"each_primary_and_alternate",6,6,1
"east_turlock",6,1,1
"edison_oil_field",6,1,1
"edna_valley_growers_mutual_water_company",6,1,2
"entisols",6,2,1
"entrix",6,1,1
"environmental_health_bureau",6,2,1
"environmental_resource_management_element",6,3,2
"equation",6,2,2
"evaluated_against_the_sustainable_management_criteria",6,2,2
"farallon",6,2,2
"farallon_geographics",6,1,4
"farmhouse",6,1,1
"fk",6,6,1
"fruit_growers_laboratory",6,2,2
"gateway",6,1,1
"general_legal_counsel",6,2,1
"geosystems_analysis_inc",6,1,1
"gila",6,4,1
"global_warming_potential",6,3,2
"gms",6,3,1
"goals_and_objectives",6,3,1
"goods_and_services",6,1,2
"google_earth",6,1,1
"groundwater_dependent_ecosystem_evaluation",6,1,2
"groundwater_guide",6,1,1
"groundwater_information_center",6,3,2
"groundwater_management",6,5,3
"groundwater_management_plan_update",6,3,1
"groundwater_pumping_fee_program",6,1,3
"groundwater_sustainability_agency_notice",6,1,1
"groundwater_sustainability_plan_adoption",6,4,1
"groundwater_sustainability_plan_emergency_regulations_guide",6,4,1
"groundwater_sustainability_plan_entities",6,1,2
"groundwater_sustainability_plan_stakeholder_communication_and_engagement",6,6,1
"groundwater_sustainability_plan_working_group_administrative",6,1,2
"groundwater_sustainability_plan_workshops",6,3,2
"gw_settlement_water",6,1,1
"hank_rupp",6,1,2
"harris",6,1,2
"held",6,2,2
"hereinafter",6,6,2
"hills_valley_id",6,1,1
"hopkins_groundwater_consultants",6,3,1
"httpwwwipumsorg",6,4,1
"hurzel",6,1,2
"hydrometrics_water_resources_inc",6,1,2
"i_a_walter",6,6,1
"implementation_procedures",6,3,1
"incomplete_determination",6,1,3
"institute",6,1,2
"interconnected_surface_waters",6,2,1
"introduction",6,6,2
"irrigation_training_research_center",6,5,1
"jacalitos",6,1,1
"katz",6,1,1
"kaweah_subbasin_hydrologic_budget_average",6,3,1
"kerby",6,1,3
"kew",6,2,1
"kings_subbasin_coordinated_water_budgets",6,6,1
"la_loma_ranch_mutual",6,1,2
"laboratory_coordinators",6,2,1
"land_use_element",6,4,1
"las_posas_hills",6,2,2
"leadership_counsel",6,2,2
"loca",6,1,2
"lomerias_muertas",6,1,1
"longfin_smelt",6,1,1
"loosely_consolidated_deposits",6,1,2
"m_e_jensen",6,6,1
"mack",6,6,1
"madera_canal",6,2,1
"management_action_8",6,1,1
"management_area_critical_infrastructure",6,1,2
"management_practices_evaluation_program",6,1,1
"matthews",6,2,1
"maximum_contaminant_limit",6,1,2
"mayacamas",6,2,1
"mckay",6,2,1
"memorandum",6,2,2
"mendez_et_al",6,1,1
"mhb",6,1,4
"michigan_bar",6,1,2
"monterey_bay_national_marine_sanctuary",6,1,1
"moore",6,1,1
"moore_biological_consultants",6,1,2
"moore_twining_associates_environmental_division",6,1,1
"mutual_water",6,6,1
"national_aeronautics_and_space_administration_jet_propulsion_laboratory",6,6,1
"natural_communities_commonly_associated",6,3,1
"need_for_the_project_covering",6,3,1
"nick_janes",6,1,3
"notice_of_intent_to_adopt",6,1,1
"ohws",6,1,4
"oneill_forebay",6,2,2
"ordanance_survey",6,1,2
"order_and_mrp",6,1,1
"outreach",6,5,2
"padre",6,1,1
"paee",6,1,4
"para",6,2,1
"paradigm_environmental",6,1,1
"parcc",6,2,1
"patterson_and_gustine",6,6,1
"paula",6,2,1
"pauloo_et_al_2020",6,3,1
"peoples_ditch_company",6,1,3
"pinoleville_pomo_nation",6,1,1
"pleasant_valley_pipeline",6,2,2
"pole_creek_fan",6,2,2
"portal",6,1,1
"pro_tern",6,6,1
"project_lead",6,2,1
"prudic",6,3,1
"public_trust_resources_resulting",6,1,1
"public_utilities_commission_regulated_water_public_utilities_commission_regulated_water",6,6,2
"public_water",6,6,1
"purisima_highlands",6,1,3
"qg",6,2,2
"r_g_allen",6,6,1
"r_l_elliott",6,6,1
"r_l_snyder",6,6,1
"rasmus",6,1,1
"rcra",6,1,1
"recycled_water_transfer_stormwater_other_source_of_outside_water",6,1,1
"reed_ditch_company",6,1,1
"representative_or_alternate",6,6,1
"representatives_and_alternate_representatives",6,6,1
"requires",6,6,1
"reservation",6,4,1
"reserve_center",6,1,2
"richard_c_slade_associates",6,3,3
"riparian_mixed_hardwood_alliance",6,2,1
"rmc_water_and_environment",6,3,1
"robles_city_hall",6,1,2
"rockworks",6,1,1
"rrbwsd",6,2,2
"rsc",6,2,2
"rural_communities",6,1,1
"sa_1_2",6,6,1
"sacigsm",6,1,1
"salinas_city_company",6,6,1
"samantha_salvia",6,1,3
"san_elijo",6,1,1
"san_jacinto_lower_pressure",6,1,2
"san_jacinto_upper_pressure",6,2,1
"san_joaquin_river_exchange_contractors_management_area_j",6,1,3
"san_joaquin_river_restoration_settlement_water_management_goal",6,3,1
"san_luis_delta_mendota_water_authority_los_banos",6,1,5
"san_pedro",6,1,1
"santa_rosa_syncline",6,1,1
"santa_ynez_upland",6,2,1
"sections",6,4,1
"sedimentary_deposits",6,1,1
"segment_est",6,6,1
"self",6,5,1
"shasta_river_near_montague",6,1,3
"shrubland_alliance",6,2,1
"sierra_counties",6,1,1
"sims",6,1,2
"slater",6,1,2
"sn_management_corp",6,1,1
"sonoma_county_department_of_health_services",6,3,1
"south_county_cities",6,6,4
"south_kings",6,1,1
"south_mesa_barrier",6,1,4
"spatial_distribution",6,1,1
"springs",6,3,2
"stakeholder_engagement",6,2,1
"starting",6,6,1
"state_highways_132",6,6,1
"state_third_appellate_district_court_of_appeal",6,6,2
"state_water",6,2,1
"stream_inflow_tule_river_streamflow",6,6,2
"subarticle",6,1,1
"subsurfac",6,1,3
"success_dam_enlargement",6,6,1
"sulfate_dissolved",6,1,3
"sun_world",6,1,2
"sustainability_plan_related_support",6,1,1
"sustainable_management_sustainability_indicators_criteria_sustainable_management_criteria",6,3,1
"t_a_howell",6,6,1
"tbd",6,3,1
"tehama_formation_of_pliocene",6,1,3
"terranova",6,6,2
"tier_1_management_action",6,1,4
"tier_2",6,1,1
"tolay",6,1,3
"trans",6,2,2
"trust",6,6,4
"tsj",6,2,2
"tsmf",6,1,1
"tujunga",6,1,2
"tulare_county_environmental_health_services_division",6,2,1
"tulucay",6,1,2
"turbidity",6,4,2
"u_v_43",6,6,1
"united_states_government",6,6,1
"upper",6,3,1
"upper_limit_secondary_maximum_contaminant_level",6,5,1
"upw",6,2,1
"us_army_corps_of_engineers",6,2,2
"us_bureau_of_reclamation_federal_facilities",6,3,1
"us_mail",6,6,1
"vandenberg",6,3,1
"vegcamp",6,3,1
"ventura_county_investigation",6,3,2
"veterans_home",6,1,3
"vpbw",6,1,3
"water_budget_bmp",6,3,1
"water_division",6,6,2
"water_quality_criteria",6,2,3
"water_resources_division",6,6,2
"wcvc",6,1,3
"wdl",6,1,1
"westside_sacramento",6,2,2
"wildomar_fault",6,1,1
"wilson_1959",6,1,2
"wine_institute",6,3,2
"wood_rodgers",6,2,2
"work_group_facilitator",6,3,1
"wrime",6,1,1
"wy1993",6,4,1
"yvwd02",6,1,1
"zack_carroll",6,1,1
"a_human_right_to_safe_drinking_water",5,5,2
"action_1",5,1,1
"adaptive_management",5,3,1
"administration",5,4,2
"aerojet_site",5,1,1
"afd",5,1,1
"agricultural_order_no",5,5,1
"agricultural_water_quality_goals",5,3,1
"alameda_water_company",5,1,1
"albaugh_public_draft",5,1,1
"alexander",5,4,2
"aliquot",5,1,2
"alternate_representatives",5,5,2
"alzraiee",5,1,1
"american_river_basin_study",5,1,1
"and",5,4,2
"andrews_street_bridge",5,1,2
"angeles",5,1,2
"angelica_martin",5,1,1
"annual",5,5,1
"annual_budget",5,1,2
"appropriative",5,3,1
"arcadia_water_treatment_plant",5,1,1
"arcmap",5,4,1
"argus",5,1,1
"assembly_bill_1668",5,2,1
"attachment_c_freshwater",5,5,1
"awaswas",5,2,2
"banking_ma",5,1,1
"barranca",5,1,2
"base_pumping_allocation_program",5,1,1
"base_realignment_and_closure",5,1,1
"basin_plan_objectives",5,2,1
"bcid_board_of",5,1,1
"beaumont_storage_unit",5,1,1
"beneficial_uses_and_land",5,1,1
"berkstresser",5,1,1
"blair_et_al",5,1,1
"bmps",5,2,2
"board_of_the_cga",5,1,2
"brandt",5,5,1
"breen",5,1,5
"bryan_thoreson",5,2,1
"bsk_associates",5,2,1
"btdqs",5,1,2
"buellton_bend",5,1,3
"bulrush_cattail",5,1,3
"cal_poly_national_oceanic_and_atmospheric_administration",5,1,1
"canvasback",5,1,2
"capay_hills",5,1,3
"carollo_engineers",5,3,3
"ccwg",5,1,1
"central_coast_regional_water_quality_control_board_ag_order",5,5,1
"central_coast_vineyard_team",5,1,1
"charleston",5,1,2
"charnock_and_olympic_wellfields",5,1,1
"chilcoot",5,1,1
"chloride_dissolved",5,1,2
"christopher",5,1,1
"christopher_ohland",5,1,2
"clahan",5,1,3
"coalinga_state_hospital",5,1,1
"coastal_branch_pipeline",5,2,2
"cold_stream",5,1,2
"collaborate",5,4,2
"colusa_county_water_resources",5,1,1
"colusa_grass_plants",5,5,1
"communication_and_engagement",5,3,1
"communication_engagement",5,4,1
"communications_and_public_engagement",5,1,1
"communications_rep",5,1,3
"conditions",5,2,1
"cone",5,1,1
"consolidated_foundries_incorporated",5,1,3
"continental_deposits",5,1,1
"continuous",5,5,1
"contra_costa_counties",5,1,1
"coordination_committee_meetings",5,5,1
"coordination_committee_of_the_authorization",5,5,1
"county_of_monterey_housing_and_community_development",5,5,1
"covered",5,4,1
"cpgs",5,1,2
"cpmg",5,1,1
"crc_pipeline",5,5,1
"creely_force",5,1,1
"croft",5,2,1
"csu",5,1,1
"cwa",5,1,4
"dale_et_al",5,2,2
"deadman_gulch",5,1,2
"deanna_delu",5,1,1
"deep_aquifers_study",5,1,3
"del_temescal",5,1,7
"delta_division",5,3,1
"department_of_water_resources_global_positioning_system",5,1,1
"department_of_water_resources_online_population_tool",5,1,2
"department_of_water_resources_wy",5,1,2
"dhi_water_environment",5,1,1
"digital_communication_digital",5,5,1
"disadvantaged_community_involvement_program",5,2,1
"district_headquarters",5,1,1
"district_supervisors",5,1,8
"division_of_environmental_health",5,1,1
"dixon_rio_vista",5,1,1
"dow_chemical_et_al",5,1,18
"drainwater",5,1,2
"drinking_water_protection_services",5,5,1
"dry_well_notification_system",5,1,1
"dunn_environmental",5,3,1
"east_branch_extension",5,2,2
"ed_surface",5,1,1
"el_toro",5,1,1
"eldredge",5,1,1
"elk_bayou",5,3,2
"eltal",5,1,4
"environmental_assessment",5,1,1
"environmental_conservation_interests",5,5,1
"environmental_council_of_sacramento",5,2,2
"environmental_quality_act_complete",5,1,1
"equip",5,3,1
"era_economics",5,1,2
"fallowing",5,3,1
"fcc",5,1,5
"federal_court",5,1,2
"federal_maximum_contaminant_levels",5,3,1
"fig",5,1,1
"flint_et_al",5,3,2
"forming_parties",5,1,4
"fresno_county_department_of_public_health",5,3,1
"friant_central_valleyp",5,2,2
"g",5,4,1
"galloway_et_al",5,2,2
"gannett",5,1,1
"geological_survey_gage_improvement_district_11135500",5,2,1
"geomorphic",5,2,2
"george_fontes",5,1,1
"geothermal_resources",5,4,1
"gis_user_community",5,4,3
"glover",5,1,1
"goal",5,4,1
"gorelick",5,1,2
"gqmps",5,1,1
"grassland_basin_drainers",5,1,4
"groundwater_discharge",5,4,1
"groundwater_discharge_to_streams",5,1,1
"groundwater_sustainability_agency_tracking",5,1,1
"groundwater_sustainability_agency_tracking_sheet",5,1,2
"groundwater_sustainability_plan_elements_elements",5,5,1
"groundwater_sustainability_plan_elements_guide",5,3,1
"groundwater_sustainability_plan_level_water_budgets",5,5,2
"groundwater_sustainability_plan_organization_and_preparation_checklist",5,5,1
"groundwater_sustainability_plan_planning_team",5,1,5
"groundwater_sustainability_plan_staff",5,3,1
"groundwater_sustainability_plan_stakeholder_communication_and_engagement_guidance_document",5,4,1
"groundwater_sustainability_planning",5,1,1
"gsag",5,1,2
"gwp_collective_numeric_interim",5,5,1
"gwv",5,1,1
"halliday",5,1,5
"hayward_wells_b",5,1,1
"hcgwpp",5,1,2
"helley_and_hardwood",5,1,1
"hgc",5,1,2
"high_cascade",5,1,2
"holser",5,1,2
"hueneme_road",5,1,1
"hydrologic_unit",5,1,2
"imerys",5,1,3
"independent_science_review_panel",5,1,1
"individual",5,5,1
"industrial_process_supply",5,3,1
"inrmp",5,1,1
"interests_and_challenges_stakeholder",5,5,2
"intermap",5,4,10
"internal_calibration",5,4,1
"interstate_80_bridge",5,1,1
"invasive_plant_removal",5,3,1
"irrigated_land_regulatory_program",5,1,1
"irrigation_management_information_system_et",5,3,1
"irrigation_management_information_system_stations",5,3,2
"is",5,3,2
"isp",5,5,1
"itrc_mapping_evapotranspiration_at_high_resolution_with_internalized_calibration",5,1,1
"japan",5,2,1
"john_f_mann_jr",5,1,2
"kdsa_et_al",5,1,1
"kear",5,1,2
"kelsey_tuff",5,1,3
"kern_gorge_fault",5,1,2
"kern_subbasin_or",5,1,1
"koltermann",5,1,2
"lacey_kiriakou",5,1,2
"lake_hennessey",5,1,1
"lcgmp",5,1,2
"leake",5,4,1
"leaking_underground_storage_tank",5,2,1
"lemoore_naval_air_station",5,1,3
"lettis",5,1,6
"lindmore",5,1,3
"lindo_channel",5,1,1
"los_padres_national_forest",5,4,1
"lower_klamath_national_wildlife_refuge",5,2,1
"lower_princeton_valley_fill",5,1,1
"lux",5,2,1
"madera_county_west",5,1,1
"madera_farm",5,2,2
"madera_farm_bureau",5,1,2
"madera_valley_water_company",5,1,3
"maintaining_sustainability",5,1,2
"management_action",5,3,1
"management_practice_evaluation_program",5,2,1
"mapping_evapotranspiration",5,3,2
"mar",5,1,1
"mary_anne_seay",5,1,2
"matt_zidar",5,1,1
"matti_et_al",5,1,2
"measurable_objectives_and_interim_milestones",5,3,1
"media",5,5,1
"merced_sun_star",5,1,1
"mercury",5,4,2
"meyers_farm",5,2,2
"mid",5,2,2
"mills",5,2,2
"miramar",5,1,5
"mitten",5,1,1
"mixed_willow_super_alliance",5,1,2
"mnw2",5,3,1
"moi",5,2,2
"montgomery",5,2,2
"mpwmdfo10s",5,1,3
"multi",5,3,2
"multiple_comment_response",5,1,1
"mw_n",5,1,1
"narrowleaf_willow",5,2,1
"narrows_nr_lompoc_ca",5,2,2
"national_audubon_society",5,3,1
"national_resource_conservation_service",5,1,1
"native_american_contacts_list_request",5,3,1
"nick_watterson",5,1,1
"niles_cone_alternative",5,1,1
"north",5,2,1
"north_carolina",5,1,3
"north_system",5,1,4
"northern_central",5,1,1
"northside",5,1,1
"notes",5,5,1
"oakdale_id",5,1,4
"oilfield",5,2,2
"omochumne",5,2,1
"operations",5,5,1
"opti",5,4,1
"owens_lake_management",5,1,1
"pacific_a",5,1,1
"partnership",5,1,2
"pavlovic",5,1,2
"peoples_water_company",5,1,1
"permit_11043",5,2,1
"pioneer_point",5,1,1
"plio_pleistocene",5,3,1
"pmas",5,5,1
"potrero_canyon",5,1,1
"project_chemist",5,1,1
"project_implementation",5,1,1
"project_r2",5,1,1
"projects_and_actions",5,1,1
"public_draft",5,2,2
"ralph_m_brown_act_54950",5,5,1
"rancho_matilija_mutual_water_company",5,2,1
"reach_4_of",5,1,1
"reduction_without_projects_scenario_2",5,3,2
"remedial_investigation",5,1,2
"remedial_investigation_fs",5,1,1
"remleh_scherzinger",5,1,2
"rhode_et_al",5,3,2
"richard_c_slade_associates_llc",5,1,1
"richard_shatz",5,1,2
"riverside_counties",5,1,2
"rmw_isw",5,1,2
"rogina_water_company",5,1,1
"rural_community_assistance_corporation",5,5,1
"sacramento_county_superior_court",5,2,2
"salinity_management_pipeline",5,3,1
"salt_creek_groundwater_dependent_ecosystem_evaluation_unit",5,1,1
"san_dieguito",5,1,1
"san_gorgonio",5,1,3
"san_lorenzo_valley_water_district_pasatiempo",5,1,1
"san_luis_delta_mendota",5,1,1
"san_timoteo_wash",5,1,4
"santa_ana_south",5,1,4
"santa_barbara_channelkeeper",5,1,7
"sceps",5,1,3
"scv_recharge_compiler",5,1,3
"sea_level_rise",5,1,3
"seaside_watermaster",5,1,1
"sections_1090",5,4,1
"sentinel_weekly_news",5,2,2
"sgpsgm",5,1,1
"shasta_trinity_national_forest",5,1,5
"sierra_nevada_mountain_range_and",5,4,1
"siii",5,1,3
"simulated",5,3,1
"smith_et_al",5,4,1
"sneed",5,5,1
"sneed_et_al",5,5,1
"snmps",5,4,1
"solano_subbasin_groundwater_sustainability_agency_collaborative",5,1,13
"south_mesa04",5,1,1
"stakeholder_communications",5,4,3
"stakeholder_outreach",5,4,2
"stakeholder_workshops_stakeholder",5,5,1
"standard_methods",5,3,1
"study_unit_survey",5,1,1
"subbasin_management_team",5,1,2
"subbasin_no",5,4,1
"subbasin_sustainability_goal",5,2,1
"subwatershed",5,1,1
"surface_water_quality_ammonia",5,1,1
"surface_water_supply",5,5,1
"sustainability_fee",5,5,1
"sustainable_groundwater_management_act_sustainability_indicators_six",5,3,1
"sustainable_groundwater_management_program",5,3,1
"sustainable_management_criteria_best_management_practice",5,3,1
"sustainable_management_of_groundwater_sustainable_management_criteria_bmp",5,4,1
"sustainable_management_of_groundwater_water_budget",5,5,1
"sve",5,1,1
"swk",5,1,1
"swsd",5,1,2
"syrwcd",5,1,1
"t0601300019",5,1,8
"task_force",5,2,2
"teague_et_al",5,1,3
"teale_albers",5,3,1
"tejon_ranch_conservation_and_land_use",5,1,1
"tejon_ranch_corporation",5,1,1
"teledyne_cast_parts",5,1,1
"terranova_ranch",5,1,1
"tetra_tech",5,3,1
"this_common_chapter",5,5,1
"thomas_harder_and_company",5,1,2
"tier_1_sustainable_pumping_charge",5,2,2
"tier_2_transitional_pumping_charge",5,2,2
"tmdl",5,2,1
"tony_emmert",5,1,1
"towill_inc",5,1,2
"tributaries",5,3,1
"turk",5,1,1
"uavsar",5,3,2
"united_and",5,4,1
"united_auburn_indian_community",5,1,3
"united_states_bureau_of_reclamation_water_allocations",5,1,1
"united_states_census_bureau",5,4,1
"university",5,3,2
"urban_lands",5,1,1
"urban_ma",5,1,1
"us_fish_wildlife_service",5,2,2
"variability_correction_factor",5,2,2
"ventura_harbor",5,1,2
"vgm",5,1,2
"vina_north",5,1,1
"virtual_town_hall",5,1,1
"voting_representative",5,1,1
"vroblesky",5,1,1
"water_control_diagram",5,1,1
"water_quality_objectives",5,4,1
"water_supplies",5,5,1
"watershed_coordinator",5,1,2
"watershed_information_center_and_conservancy",5,1,2
"wbs",5,2,1
"wellhead_protection_program",5,4,1
"westend",5,1,1
"wetland_riparian_communities_hydrological_flow",5,1,2
"wgs84",5,1,1
"white_ranch",5,1,1
"wilson_grove_formation_highlands",5,3,1
"wisp",5,3,2
"wl",5,1,1
"work_of_subcommittees_and",5,5,1
"wsj",5,2,5
"yolo_county_farm_bureau",5,1,1
"yolo_zamora_north",5,1,1
"yucaipa_graben_complex",5,1,1
"yucaipa_valley_regional_water_filtration_facility",5,1,1
"zone_3_operations_planning_tool",5,1,2
"2015_uwmp",4,2,1
"a2_a4",4,1,2
"a3",4,2,2
"a_alyson",4,1,2
"a_party",4,3,3
"aaee",4,1,3
"accounting_system",4,2,1
"acer",4,2,2
"acreage",4,1,1
"activity",4,2,1
"adobe",4,2,1
"advisory_boards_meetings_updates",4,4,3
"advisory_committee_regular_meeting",4,1,7
"aecom",4,2,2
"aerojet_rocketdyne",4,1,3
"aes",4,1,1
"af_month",4,1,6
"ag_orders",4,4,2
"agf",4,1,1
"agl",4,2,1
"agricultural_conservation",4,2,1
"agricultural_water_quality_objectives",4,1,3
"alameda_county_city",4,1,2
"albaugh",4,1,1
"alfisols",4,2,1
"alfonso",4,1,3
"ali_taghavi",4,4,1
"allocations_and_default_flow_schedules",4,2,1
"alluvial_fan",4,1,1
"alternative",4,1,3
"american_society_for_testing_and_materials",4,2,2
"analyze",4,4,1
"anderson_lodge",4,2,2
"apex_ranch",4,1,1
"apple",4,4,1
"aqueduct_along_old_river_road",4,3,1
"aquifer_walnut_ave_ws",4,4,1
"aquilogic_inc",4,1,1
"army_corps",4,1,1
"asch",4,2,2
"assessor_parcel_number",4,1,2
"attachment",4,4,1
"audubon_society",4,2,1
"az1",4,1,1
"b1",4,2,3
"b_staff",4,2,2
"bachand_and_associates",4,1,2
"bartlett",4,4,2
"bartow_and_pittman",4,2,1
"base_pumping_allocation",4,1,1
"basin_coordinator",4,2,2
"basin_deposits",4,2,2
"bay",4,1,1
"bedford_wash",4,1,2
"beneficial_uses_and_users_of",4,2,1
"benefit",4,2,1
"berryman",4,1,2
"bifenture_ec_agricultural",4,4,1
"bill_6",4,4,1
"blms",4,4,1
"bob_kelley",4,1,1
"boundary_brentwood_modification",4,1,3
"bowman_cottonwood_creek_invasives_control",4,4,1
"boyle_engineering",4,2,2
"brent_richardson",4,1,2
"britz",4,4,1
"bruno",4,1,1
"buena_vista_farms",4,1,1
"buena_vista_wsd",4,1,2
"bulletin_7490",4,2,1
"bureau_of_irrigation_lab_reclamation",4,4,1
"bureau_of_reclamation_1947",4,2,1
"by_other_entities",4,1,1
"cal_am_slant",4,1,3
"cal_poly_irrigation_training_research_center",4,3,2
"calleguas_creek_watershed",4,2,2
"camp_anza",4,1,1
"can_operate",4,3,1
"canada",4,3,1
"capital_project_budget",4,1,1
"carex",4,3,1
"casillas",4,1,1
"catostomus",4,2,1
"ccwqcp",4,1,1
"central_valley_joint_venture",4,1,5
"cfc",4,1,2
"cfr",4,1,1
"cga_operations_fee",4,1,3
"chain_of_custody",4,2,1
"charles_holman",4,1,1
"china_island_unit",4,1,4
"cities_of_visalia",4,3,1
"citrus_supreme_spray_oil",4,4,1
"city_council_of_bakersfield",4,4,1
"clay_marker",4,1,1
"cleanup_and_abatement_orders",4,1,1
"coast_ranges",4,4,1
"coleman",4,1,3
"collectively",4,3,1
"colusa_subbasin_multi_benefit_groundwater",4,1,2
"colusa_subbasin_multi_benefit_groundwater_recharge",4,1,2
"community_of_terra_bella_community_of_community_of_poplar",4,4,1
"community_profiles",4,1,2
"community_workshops",4,1,1
"compared",4,3,1
"comprehensive_environmental_response_compensation",4,1,1
"con_ext",4,1,1
"conaway",4,1,5
"conaway_ranch",4,1,2
"conjunctive_use_programs_local",4,4,2
"conservation_land_water_use_changes",4,1,2
"conservation_reserve_program",4,1,1
"construction_documents_building_permits",4,1,1
"consultants",4,2,2
"continue",4,2,2
"contra_costa_county_gp",4,1,1
"coordinate_evaluation_with_guidance_developed",4,1,3
"corps",4,1,1
"council_chamber",4,2,1
"critically_dry",4,2,1
"critically_dry_water_year",4,2,1
"cropscape",4,2,1
"csab",4,4,2
"cw",4,1,1
"daniel_b_stephens",4,3,2
"dates",4,3,1
"davids_eng",4,1,7
"davis_et",4,3,2
"de",4,2,2
"decision_making_process",4,2,1
"delano_earlimart_irrigation_district_management_area_action_1_continued",4,1,1
"demello",4,1,1
"denmark",4,2,1
"department_of_fish_and_wildlife_private_duck_ponds_groundwater_dependent_ecosystem_evaluation_unit",4,1,1
"department_of_water",4,2,2
"department_of_water_resources_2011",4,1,1
"department_of_water_resources_bulletins",4,2,1
"department_of_water_resources_disadvantaged_community_mapping",4,4,4
"department_of_water_resources_north_central_region_office",4,1,1
"department_of_water_resources_variable_infiltration_capacity",4,1,2
"department_of_water_resources_water",4,1,1
"department_of_water_resources_water_management_planning_tool",4,1,1
"depletions_of_interconnected_surface_water",4,1,2
"developed_for_implementation_northern_sacramento",4,4,1
"developed_supply",4,1,1
"direct",4,3,2
"disney_corporation",4,1,1
"dissolved_molybdenum",4,1,1
"district_board_meetings",4,3,2
"district_court",4,1,12
"domestic_well",4,4,1
"doreen",4,1,1
"draft_piru_fillmore_basins_assembly_bill_3030",4,2,1
"drain",4,4,1
"driller",4,4,1
"drt_drain_return_package",4,2,1
"dwrsf",4,1,1
"east_side_streams",4,4,1
"east_well_field",4,1,3
"eastern_hills",4,4,1
"eastern_tule_interested_parties",4,1,2
"eastern_water_alliance",4,1,3
"eckhardt",4,1,1
"eda",4,1,1
"efficient_water_management_practices",4,3,2
"el_toro_groundwater_study",4,1,2
"elks_lane",4,1,3
"environmental_planning_permitting",4,1,1
"eocene_epoch",4,1,2
"equation_1",4,2,1
"erik_ringelberg",4,1,1
"esd",4,1,1
"existing_vegetation_type",4,1,1
"expanded_conjunctive_use",4,1,3
"fall",4,3,1
"faunt_et_al",4,2,1
"fc_mw2d",4,1,1
"feather",4,3,2
"federal_and_state_conservancy",4,4,1
"field_supervisor",4,1,1
"fish_game_cannery_feedlot",4,1,1
"fivepoint_holdings",4,1,2
"flood_control_facility",4,1,2
"flowpath_studies",4,1,2
"fmp",4,1,1
"fo30",4,1,3
"follow_up",4,4,1
"fordel_extensometer",4,2,1
"foster_park",4,1,1
"funding_commitment",4,2,1
"g7",4,2,1
"gamit",4,1,2
"general_fund",4,1,4
"genevieve_taylor",4,1,1
"geographic_information_system_user_community",4,2,1
"geologic",4,4,2
"geological_survey_professional_paper",4,2,1
"geosyntec_consultants",4,2,2
"gipsy",4,1,1
"glenn_county_farm_bureau",4,1,4
"goodding",4,2,2
"goyenetche_dairy",4,1,1
"grandview_school",4,1,3
"grants",4,4,2
"groundwater_depended_ecosystems_units",4,1,1
"groundwater_extraction_credit_marketing_and_trading_programs",4,1,1
"groundwater_level",4,2,2
"groundwater_quality_measurements",4,4,1
"groundwater_sustainability_agency_implementation",4,2,1
"groundwater_sustainability_agency_level",4,2,1
"groundwater_sustainability_plan_implementation_and_updates_implementation",4,4,1
"groundwater_sustainability_plan_program_management",4,1,1
"groundwater_sustainability_plan_sections",4,2,2
"groundwater_vistas_for_windows_version",4,3,1
"groundwater_wells",4,2,1
"group_a",4,3,1
"group_d",4,3,1
"gsa_component",4,1,1
"gse",4,1,1
"guijarral_hills",4,1,1
"hallwood_irrigation_company",4,1,2
"hcm9",4,1,1
"henry_c_garnett_water_purification_plant",4,1,3
"hevesi",4,4,1
"hif",4,1,5
"historical_water_budget_results",4,4,2
"hoffman",4,1,1
"holly_dillon",4,1,7
"hoover",4,1,2
"hot_springs_fault",4,1,1
"hotz_1977_wagner",4,1,2
"how",4,4,1
"how_will_be_achieved",4,4,1
"hsa",4,1,1
"hsg",4,2,1
"htd",4,1,1
"hutchinson",4,1,2
"hydraulic_conductivity_hydraulic",4,3,1
"hydrogeology",4,1,1
"hydrology_hydrology",4,1,1
"hydrostratigraphic",4,3,2
"i_alyson",4,1,2
"ian_gottschalk",4,1,1
"ilr",4,1,2
"im",4,1,1
"imperial_holly_corporation",4,2,1
"implemented_management",4,2,1
"includes",4,3,1
"intake",4,1,2
"international_geomagnetic_reference_field",4,2,2
"isaacson",4,1,1
"j_crop",4,4,2
"james_irrigation_district_main_canal",4,1,1
"james_m_montgomery_consulting_engineers",4,1,5
"javascript",4,2,1
"javascript_object_notation",4,2,4
"jet_propulsion_laboratory_interferometric_synthetic_aperture_radar",4,2,1
"joan_isaacson",4,1,2
"joaquin",4,2,1
"john_doherty",4,2,1
"jonathan_whipple",4,1,2
"jose_flores",4,1,1
"jpl",4,1,3
"k_irrigation",4,4,1
"karen_shaffer_projector",4,4,2
"kawano",4,2,1
"kaweah_subbasin_basin_setting_document",4,1,1
"kelsey_creek_detention_structure",4,1,4
"kern_river_fan",4,1,1
"kern_river_flow_and_municipal_water_program",4,1,1
"kibler_et_al",4,1,1
"kilburn",4,1,1
"kings_river_for_irrigation",4,4,1
"kkkkff0",4,4,1
"kristen_culbert",4,1,1
"ksb",4,1,1
"la_graciosa",4,1,4
"la_jolla",4,1,3
"laboratory_quality_assurance",4,2,1
"laboratory_quality_assurance_manual",4,4,1
"ladph",4,1,1
"lake_county_2003",4,1,3
"lakeview_groundwater_dependent_ecosystem_evaluation_unit",4,1,2
"land_system_budget",4,1,1
"landsat",4,1,1
"langley_eastside",4,1,2
"lani_lutar",4,1,1
"las_posas_anticline",4,1,1
"lathrop_city",4,1,2
"latinx",4,2,1
"layer_1",4,2,2
"leadership_counsel_for",4,2,2
"leak_repair_program",4,1,1
"lesjwa",4,1,1
"lifetime_health_advisory",4,2,1
"light_detection_and_ranging",4,2,1
"limoneira",4,2,1
"linda_dorn",4,1,2
"lion",4,1,1
"local",4,4,2
"lompoc_federal_correctional_complex",4,1,1
"los_alamos_park",4,1,1
"los_angeles_downtown",4,1,1
"los_angeles_national_cemetery",4,1,1
"los_molinos_improvements_habitat_restoration",4,4,1
"los_molinos_subbasin_gws_water_budgets",4,4,1
"los_molinos_subbasin_jurisdictional_consolidation",4,4,1
"los_padres_forest_watch",4,2,2
"lower_deer_creek_lower_deer_creek_levee",4,4,1
"lower_tuscan",4,1,1
"lpug",4,3,1
"luhdorff_and_scalmanini_consulting_engineers_team",4,1,9
"lyngby",4,2,1
"mac",4,1,1
"madera_county_department_of_agricultural_weights_and_measures",4,2,1
"madera_irrigation_district_om",4,1,1
"management_actions_policies_to_reduce_overall_water_demand_and_management_actions_policies_to_reduce_groundwater_pumping",4,2,2
"manganese",4,4,1
"marchand",4,3,1
"mark_fisler",4,1,2
"martin_et_al",4,1,1
"maupas",4,2,2
"mcconnell",4,1,1
"meiss_ranch",4,1,2
"melissa_rohde",4,1,1
"memo",4,1,1
"memorandum_of_understanding_establishing",4,1,2
"merced_falls",4,2,1
"merced_subbasin_draft",4,1,2
"merstan",4,1,1
"meyers_farm_water_bank",4,1,4
"mgmo",4,1,1
"mi_consumptive_use",4,1,1
"mike",4,1,2
"minney",4,2,1
"mohave_tui_chub",4,1,1
"montalvo_wwtps",4,3,1
"monterey_county_environmental_health_bureau",4,1,2
"monterey_peninsula_water_supply_project_coastal_development_permit",4,1,1
"morrison",4,1,2
"mount_george",4,1,1
"mountain_block_recharge",4,1,1
"mpep_team",4,1,2
"mpwmdfo6d",4,1,1
"mt_mo",4,3,2
"munitions_and_explosives_of_concern",4,1,3
"must_include_additional_information_in_order",4,1,2
"márquez",4,1,5
"n_a_n_a",4,4,1
"n_a_nature_conservancy",4,1,1
"n_slope",4,4,1
"napa_county_a",4,1,1
"napa_valley_subbasin_groundwater",4,1,2
"narrows",4,2,1
"national_forest_service",4,3,2
"national_priorities_list",4,2,1
"naval_construction_battalion_center_port_hueneme",4,1,1
"nccps",4,3,1
"ndma",4,3,1
"nebim",4,1,1
"needed",4,2,1
"neil",4,1,2
"network_design_entities",4,4,2
"neva_ridge_technologies",4,2,1
"new_stone_wd",4,2,1
"newhall_ranch",4,1,1
"ng",4,2,2
"nichols_et_al",4,1,1
"nishikawa",4,1,1
"nitrogen",4,1,4
"nmr",4,2,1
"no",4,3,1
"north_coast_resource_partnership",4,2,2
"northeast_napa",4,1,3
"northeast_napa_special_groundwater_study",4,1,1
"nwt",4,2,1
"oakeshott",4,1,1
"office_of_water_programs",4,1,1
"ohwd_agricultural_flood_management_actionsr",4,1,1
"ohwd_cosumnes_river_flow_augmentation",4,1,2
"on",4,3,2
"op_ed",4,3,1
"oracle",4,1,1
"order_suborder",4,2,2
"orrs",4,1,1
"outcrops",4,4,1
"ow6b",4,1,1
"p_nutrients_total_maximum_daily_load",4,4,1
"pacific_gas_electric",4,2,1
"pajaro_river_watershed_nutrient_total_maximum_daily_load",4,4,1
"paleocene",4,2,1
"palmer",4,1,2
"parson",4,2,1
"partners",4,1,1
"pasatiempo_golf_club",4,1,3
"paso_robles_formation_or",4,1,1
"pcgid",4,1,2
"pdgsps",4,2,1
"pepperwood_preserve",4,1,1
"permit",4,1,1
"permits",4,4,1
"pfs21_water_supply_pfs25",4,1,1
"phosphatic_shale",4,2,2
"pickett_peak",4,4,1
"piper_diagram",4,1,1
"pixley_national_wildlife_refuge",4,2,1
"pixley_wildlife_refuge",4,4,1
"planning_development_services",4,1,1
"playa_vista",4,1,1
"pleasant",4,1,2
"plumas_mutual_water_company",4,1,1
"point",4,4,1
"point_source_non_point_source",4,2,1
"poplar_cotton_cp",4,1,1
"porcelaneous_shale",4,3,1
"pp",4,1,1
"ppp",4,2,1
"preservation_and_holding_times_sample",4,4,1
"press_release",4,1,3
"previously",4,4,1
"private_pumper",4,1,2
"proctor_gamble",4,1,1
"project_management_action_name_project_proponent_project_type_project_location_projects_and_management_actions",4,4,1
"projected_future_land_use_water_budget",4,3,1
"projects_and_management_actions_developed_for_implementation",4,1,1
"projects_andor_management_actions",4,1,1
"projects_to_develop_new_supplies",4,1,1
"public_meetings",4,4,1
"public_outreach_consultant",4,2,1
"public_workshop",4,2,1
"public_workshops",4,2,1
"puc",4,3,1
"pumping",4,2,1
"pumping_management_actions",4,1,1
"purisima_anticline",4,1,2
"qa",4,2,4
"r20e",4,1,1
"rcac",4,1,2
"recommendations",4,2,1
"red_bluff_community",4,4,2
"red_bluff_municipal_airport",4,4,1
"reg",4,1,1
"regional",4,3,1
"regional_board_staff",4,4,1
"regional_water_quality_control_board_los_angeles",4,1,3
"regional_water_quality_control_plant",4,1,3
"regulated_site_portal",4,2,2
"relationship",4,4,1
"replenish_big_bear_team",4,1,7
"restoration_flows",4,2,1
"retrieved",4,4,1
"rewis",4,1,2
"riddle",4,1,2
"ridgemark_facilities",4,1,1
"rikki_schroeder",4,1,1
"rincon_creek_fault",4,1,2
"river_channel_deposits",4,2,5
"riverine",4,2,1
"riverkeeper",4,1,1
"rivers_and_streams_system",4,1,1
"rmw_isw2",4,1,1
"rmw_isw3",4,1,1
"robinson",4,1,2
"rodgers_creek_fault",4,1,3
"ron_stefani",4,1,2
"roquemore",4,1,1
"sacramento_army_depot",4,1,2
"salinas_r_nr_bradley_ca",4,4,1
"salinas_valley_basin_groundwater_sustainability_agency_staff",4,1,1
"sam_boland_brien",4,3,1
"sampled",4,3,1
"san_diego_zoo_safari_park",4,1,1
"san_felipe_division",4,1,5
"san_pasqual_tribe",4,1,2
"san_ysidro",4,1,1
"sanger_and_reedley",4,2,2
"santa_cruz_county_environmental_health_services",4,1,4
"santa_rita_syncline",4,2,2
"santa_rosa_plain_watershed",4,1,2
"schellville",4,1,1
"schmid",4,4,2
"schmidt_et_al",4,2,1
"scs",4,1,1
"sdac_systems_outside_of",4,1,1
"seawat",4,1,1
"second_point",4,1,1
"see_note",4,4,1
"semitropic",4,2,1
"serpentinite",4,2,1
"sespe_creek_riparian_groundwater_dependent_ecosystem_unit",4,2,1
"sgd",4,1,6
"sharpe_depot",4,1,2
"shasta_water_transaction_program",4,1,1
"sierra_club",4,2,3
"sierra_valley_watermaster",4,1,2
"silty_shale",4,2,2
"simulated_compared_to",4,1,1
"slocfcwd",4,1,1
"sm",4,4,1
"smga",4,3,1
"smith_et",4,2,1
"social_media",4,2,1
"solano_county_department_of_resource_management",4,1,1
"solano_parties",4,1,2
"soledad_canyon",4,1,1
"soluna_outreach_solutions",4,1,2
"sonoma_land_trust",4,2,1
"sonoma_valley_groundwater_management_program",4,1,1
"south_jackson",4,4,2
"southern_sierra_nevada_mountains",4,4,2
"southern_western_pond_turtle",4,2,2
"spatial",4,3,1
"spreading",4,2,1
"srf",4,1,2
"staff",4,3,2
"stanford_aqua_geo_frameworks",4,1,1
"stanislaus_counties",4,2,2
"state_clearinghouse",4,2,2
"state_revolving_fund",4,4,1
"state_route",4,1,2
"state_secondary",4,1,4
"state_university_stanislaus",4,1,1
"statsgo2",4,3,1
"stetson_engineers",4,1,1
"stillwater_sciences_2016",4,2,1
"stiner",4,1,1
"stonewood",4,1,1
"stony_creek_fan",4,1,4
"stream_channel_restoration",4,2,1
"stream_reaches_based",4,1,1
"subarticle_4_of_article_5",4,2,1
"subbasin_chapter_8",4,1,2
"submitted",4,2,1
"subsidence_study_and_basin_study",4,1,2
"sultana_csd",4,1,1
"surface_water_groundwater_recycled_water_transfer_stormwater",4,1,1
"surface_water_operations_module",4,4,1
"surface_water_quality_chromium",4,1,3
"surficial_geologic",4,4,2
"surfrider_foundation",4,2,2
"sustainability_period",4,1,1
"sustainable_groundwater_management_act_fee",4,2,1
"sustainable_groundwater_management_act_httpsd3n8a8pro7vhmxcloudfrontnetcommunitywatercenterpages293attachmentsoriginal1559328858guide_to",4,2,1
"sustainable_groundwater_management_planning",4,2,2
"sustainable_groundwater_planning_grant",4,3,1
"sustainable_management_criteria_sustainable",4,2,1
"sustainable_winegrowing_program",4,1,6
"sutter_counties",4,1,1
"sweany",4,1,2
"system_optimization_review",4,1,1
"tehama_county_groundwater_sustainability_agency_board_of",4,4,2
"tehama_county_resource_sacramento",4,4,3
"tehama_valley_mobile",4,4,1
"terra",4,4,1
"tetrachloroethylene",4,2,2
"thc",4,1,2
"third_party",4,4,1
"tim_przybyla",4,1,1
"time",4,3,2
"tjrn",4,2,1
"to",4,3,1
"to_minimize_water_contamination_encourage",4,2,1
"todd_gw",4,1,1
"tolay_volcanics",4,1,1
"torrey",4,2,2
"train_groundwater_sustainability_agency_staff",4,2,1
"trends",4,2,1
"trigger_for_implementation_and_termination",4,1,1
"tss",4,2,1
"tu_unit",4,1,2
"tulare_county_environmental_health_division",4,2,1
"tule_cattail",4,1,1
"tule_lake_national_wildlife_refuge",4,1,2
"u_v",4,1,2
"ubd",4,1,1
"ug_l_nd_05",4,1,5
"umbrella",4,2,2
"union_of_concerned_scientists",4,2,1
"union_pacific_railroad",4,3,1
"united_states_census",4,1,1
"united_states_department_of_agriculture_natural_resourcescs",4,1,1
"united_states_geological_survey_national_field_manual",4,2,1
"upper_middle_tehama",4,1,1
"upper_temescal_valley_snmp",4,1,2
"upson_and",4,1,1
"us_census_american_community",4,2,1
"us_weather_service",4,1,2
"used",4,2,1
"uses_users_interest_category",4,1,2
"using_diurnal_temperature",4,2,1
"uva",4,1,3
"uzf1_package",4,1,2
"valencia_water_company",4,1,3
"valley_oak",4,1,1
"valley_oak_alliance",4,1,7
"various",4,1,2
"vaughn_water_company",4,1,5
"ventura_county_stormwater_permits",4,2,1
"ventura_county_stormwater_quality_management_program",4,2,1
"vicki",4,1,3
"virginia_phelps",4,2,4
"vomwd",4,1,1
"warthan",4,1,1
"water_charges_framework",4,1,2
"water_energy_and_efficiency_grant",4,1,2
"water_interactions",4,4,1
"water_pollution_control_facility",4,2,1
"water_quality_sustainable_management_criteria",4,2,2
"water_security",4,4,1
"water_year_index",4,2,1
"watermaster_program",4,2,1
"watkins_johnson",4,1,1
"wb13",4,1,2
"wcf",4,1,1
"wells_program",4,1,1
"west_butte",4,2,2
"western_foundation_of_vertebrate_zoology",4,2,5
"western_heights",4,1,1
"western_lower",4,2,2
"western_regional_climate_center",4,1,1
"wetland_mitigation_bank",4,1,1
"wheatland_room",4,1,2
"wheeler_ridge",4,2,1
"white",4,2,1
"white_lands",4,1,3
"whwc14",4,1,2
"wilkins",4,1,1
"will",4,2,1
"woodland_davis",4,1,2
"worts",4,1,1
"x",4,3,1
"yearout",4,2,1
"yocha_dehe_wintun_nation",4,2,1
"yolo_zamora",4,1,1
"zamora_syncline",4,1,1
"2018_regulatory_fee_study",3,3,1
"501c3",3,2,1
"841a",3,1,1
"a_recharge",3,3,1
"ab",3,2,2
"abc_liovin_drilling",3,1,2
"accelerated_water_transfer_program",3,2,1
"administrative_boundaries",3,2,2
"aem_study",3,1,1
"afrpa",3,1,1
"afterbay",3,1,3
"agricultural_crop_water_management_measures",3,3,1
"agricultural_groundwater_substitution_transfers_pumping",3,3,1
"agricultural_lands",3,1,1
"agricultural_water",3,3,1
"airborne_electromagnetic_system",3,1,1
"al",3,3,1
"alabama_hills",3,1,1
"alco_water_service",3,2,2
"all_attachments",3,3,2
"alpaugh_community",3,1,1
"alta_school",3,1,1
"amanda",3,1,2
"america",3,3,1
"american_tribal_communities",3,3,1
"american_water",3,1,2
"an_interested_party",3,2,1
"analytical",3,3,2
"andy",3,1,1
"arcpy",3,1,1
"arcview",3,3,1
"are",3,2,2
"arnold_drive",3,1,1
"arroyo_de_las_viboras",3,1,1
"arroyo_toads",3,1,1
"arsenic_arsenic",3,3,1
"arvada",3,1,4
"assembly_bill_1944",3,1,4
"association_of_bay_area_governments",3,3,4
"atascadero_state_hospital",3,1,1
"attachment_f2",3,1,1
"attachment_f4",3,1,1
"attachment_g",3,1,2
"awd1",3,1,1
"awhc",3,1,2
"b_discuss",3,3,2
"b_eardsley_w_ash",3,3,2
"background_and",3,3,1
"bailey",3,3,1
"bakman_water_company",3,1,2
"basement",3,1,2
"basin_management_program",3,1,1
"bayou_vista_ditch_company",3,1,3
"bayside",3,1,1
"be",3,2,2
"becky_rittenberg",3,1,2
"benedict",3,1,1
"beneficial_users",3,1,1
"bennett",3,2,1
"bennett_brooks",3,1,1
"berenda",3,1,1
"beta2_revision",3,1,3
"bgepa",3,1,2
"bill_564",3,2,1
"bill_610",3,3,1
"bluegreen",3,3,3
"board_meeting",3,3,1
"board_of_directors_regular_meeting",3,1,2
"bondy_groundwater_consulting_inc",3,1,3
"bootsma",3,1,1
"bordering_buckeye",3,1,1
"boulder_city",3,1,4
"brackish_water_resources_partnership",3,1,1
"briefings",3,1,1
"budget_and_funding",3,1,1
"budget_transfer",3,1,1
"bulletin",3,3,1
"burton_mesa_ecological_reserve",3,1,1
"butte_valley_national_grassland",3,1,1
"butterfield_drain",3,1,1
"by",3,3,2
"c_projected",3,1,1
"cabrillo_college",3,1,1
"cachuma_project_member_units",3,2,2
"calculated",3,3,1
"caldwell_et_al",3,1,1
"calfax",3,1,2
"caltrans_survey_manual",3,3,1
"capital_improvement_program",3,2,1
"careaga_sandstone",3,1,1
"cascade",3,1,1
"casino",3,2,2
"castle",3,3,1
"castle_oaks_water_reclamation_plant",3,1,2
"cayuma",3,3,1
"cbannelkeeper",3,1,1
"cdm_smith",3,1,1
"cec",3,1,1
"central",3,1,1
"central_coast_salmon_enhancement",3,1,2
"central_valley_spatial_reference_network",3,1,2
"central_valley_steelhead",3,1,5
"ceres_main",3,1,1
"certificate_of_publication",3,3,1
"chair_of_the_resource_conservationc",3,1,2
"checker",3,3,1
"chico_state",3,3,1
"christensen",3,1,4
"chronic_lowering_of_groundwater_levels_and",3,1,1
"church",3,1,1
"cienba",3,1,2
"cii",3,3,1
"cities_of_exeter",3,1,1
"cities_of_hemet",3,1,1
"cities_of_modesto",3,2,2
"cities_of_napa",3,1,1
"cities_of_vacaville",3,1,1
"clay_layer",3,1,1
"clayey",3,2,1
"clean_water_action_and_clean_water_fund",3,3,1
"cleath_harris",3,1,1
"clifton_court",3,1,2
"closeout",3,3,1
"colorado",3,3,1
"colusa_basin_drain_south",3,1,6
"comments",3,3,1
"committed",3,1,1
"common_chapter",3,1,1
"communications",3,2,1
"communications_portal",3,1,1
"community_alliance",3,3,1
"community_of_allensworth",3,1,1
"company",3,2,2
"conaway_extensometer",3,1,2
"conjunction",3,1,2
"connect_alpaugh",3,3,1
"consolidated_rock",3,1,2
"construct",3,2,1
"contra_costa_health_serviceseh_division",3,1,1
"control",3,1,1
"cooke",3,3,1
"coombs",3,1,1
"corning_domes",3,1,1
"corona_wrf3",3,1,3
"counties",3,1,1
"counties_of_solano",3,1,1
"county_agricultural",3,1,1
"county_bos",3,1,2
"county_city",3,2,1
"county_counsel",3,3,1
"crandell",3,1,1
"criteria_a",3,1,3
"crna",3,3,1
"current",3,3,1
"cy_1993",3,3,1
"daniel_tartakovsky",3,3,1
"david_mayer",3,1,2
"davids",3,1,1
"declining_to_dewatered_dewatered",3,1,1
"dee_jaspar",3,1,1
"deep_percolation",3,1,1
"deer_unit",3,3,2
"defense_language_institute",3,1,1
"delta_mend",3,1,3
"delta_mendota_subbasin_water_year",3,1,1
"department_of_fish_and_wildlife_distribution",3,1,6
"department_of_water_and_power",3,2,2
"department_of_water_resources_facilitation_support_services",3,3,1
"department_of_water_resources_interferometric_synthetic_aperture_radar",3,3,1
"department_of_water_resources_kck",3,1,1
"department_of_water_resources_madera_county_land_use_survey",3,2,1
"department_of_water_resources_natural_communities",3,1,2
"department_recommendations",3,1,1
"derek_t_mcdonald",3,1,1
"description",3,2,1
"description_of_measurable_objectives_measurable_objectives",3,3,1
"designated",3,2,2
"detroit",3,1,1
"deuel_vocational_institution",3,1,2
"developed",3,3,1
"development",3,2,1
"diablo_ranges",3,2,1
"dibromo_chloropropane",3,2,1
"dickinson",3,3,1
"disadvantaged_community_support_and_outreach",3,3,1
"displayed",3,2,2
"distributed_stormwater_collection_managed_aquifer_recharge",3,1,1
"distribution",3,3,1
"diverted",3,3,1
"do_not_avoid_disparate_impacts_or_consider_the_interests_of_disadvantaged_communities_19_current_projects_and_management_actions_will_not_address_overdraft",3,1,1
"do_not_avoid_disparate_impacts_or_consider_the_interests_of_disadvantaged_communities_current_projects_and_management_actions_will_not_address_overdraft",3,1,1
"doctrine",3,3,1
"documentation_of_a_computer_program",3,3,2
"domestic_beneficial",3,2,1
"dominick_amador",3,1,2
"donna_meyers",3,1,2
"donohue_h6_reviseddra",3,1,1
"doolin",3,1,1
"drinking_water_forum",3,1,1
"drinking_water_program",3,1,1
"drn",3,1,3
"dry_creek_tribe",3,3,1
"dtg",3,1,1
"dunes_state_park",3,1,1
"durbin",3,1,1
"dzurella_et_al",3,1,1
"e_groundwater_management_compliance",3,3,2
"easmus_froend",3,1,1
"edmund_g_brown",3,1,1
"ekga",3,1,2
"el_agua",3,1,1
"el_sobrante_de_san_jacinto",3,1,1
"el_toro_planning",3,1,1
"ely",3,3,2
"emergent_wetland",3,1,3
"encyclopedia",3,3,1
"endangered_endangered",3,1,4
"energy_resources_engineering_stanford_university",3,3,1
"environmental_compliance_and_permitting",3,3,3
"environmental_management_wells_program",3,1,2
"erikson",3,1,1
"esparto_csd",3,1,2
"established",3,3,1
"estates",3,1,3
"estimated_estimated_estimated",3,1,1
"estrella_subarea_stakeholders",3,1,1
"esu_threatened_threatened",3,1,1
"etof",3,1,1
"etref",3,1,2
"eusuff",3,3,2
"evaluate_and",3,3,1
"evapotranspiration_of_surface_water",3,1,1
"ewm",3,1,1
"executive",3,1,1
"executive_committee_meetings",3,1,2
"executive_group_meetings",3,1,1
"executive_team",3,1,3
"export_application_permit",3,1,1
"express",3,3,1
"extend",3,3,1
"f225_land_use_planning_and_management",3,3,1
"f_city",3,1,1
"family_farmers",3,3,1
"farm",3,3,1
"farmer",3,1,4
"farr_et_al",3,3,1
"feather_falls",3,3,1
"federal_endangered_species",3,1,1
"federal_grant_programs",3,1,3
"federal_greenhouse_gas_regulations_adopted",3,3,1
"feet",3,1,5
"fernandeño_tataviam_band_of",3,1,1
"fetters_hot_springs",3,1,1
"fico",3,2,2
"finder",3,1,2
"first_point_of_measurement",3,1,1
"first_point_to_second_point",3,1,2
"fishery",3,1,2
"fleckenstein_et_al",3,1,1
"flood_risk_management",3,3,1
"formation_environmental_tm",3,1,1
"forming_and_participating_parties",3,1,2
"fortord_salinas_valley_aquitard",3,1,1
"fortuna_total_palmer_water",3,1,2
"foster_park_riparian_groundwater_dependent_ecosystem_unit",3,1,1
"fox_canyon_groundwater_management_agency_groundwater_management_plan_update",3,3,1
"fram",3,2,1
"freckleton",3,3,1
"fresno_county_management_area_b",3,1,5
"fresno_state",3,2,1
"friant_water",3,2,2
"g11",3,1,1
"g_public_utilities",3,3,2
"gadwall",3,1,1
"gage",3,2,1
"gardner",3,2,2
"gateway_village",3,1,1
"gavin_newsom",3,3,1
"gbpo",3,1,2
"general_business_administration",3,3,1
"general_plan_updates",3,3,2
"geologic_cross_sections",3,2,1
"geological_survey_techniques_of_water_resources_investigations",3,3,1
"geologists",3,2,2
"geology_hydrogeology",3,1,2
"george_anderson",3,1,1
"geoscience_and_aecom",3,1,1
"gibson",3,1,1
"gillespie_et",3,2,1
"gina_bartlett",3,1,2
"gina_bartlett_founded",3,3,1
"giumarra_vineyards_corp_giumarra_bros",3,1,2
"glen_ivy_hot_springs",3,1,1
"glenn_colusa_canal",3,1,1
"glenn_county_rcd",3,1,2
"globk",3,1,2
"gps_driller_instructions_overview",3,3,1
"grant_completion",3,3,1
"grapevine_development_p_ma",3,1,1
"groundwater_dependent_eco",3,3,1
"groundwater_dependent_ecosystem_id",3,1,3
"groundwater_extraction",3,3,1
"groundwater_legislation",3,3,1
"groundwater_levels_and_groundwater_storage",3,1,1
"groundwater_sustainability_agency_branding_summary_logo_website",3,1,5
"groundwater_sustainability_agency_committee_meetings",3,3,2
"groundwater_sustainability_agency_public_hearings",3,1,2
"groundwater_sustainability_agency_roundtable",3,1,3
"groundwater_sustainability_agency_staff",3,1,1
"groundwater_sustainability_agency_website",3,2,4
"groundwater_sustainability_plan_adoption_public_hearing",3,3,1
"groundwater_sustainability_plan_advisory",3,1,4
"groundwater_sustainability_plan_annotated_outline",3,3,1
"groundwater_sustainability_plan_elements_part",3,3,1
"groundwater_sustainability_plan_implementation_and",3,2,1
"groundwater_sustainability_plan_implementation_program_management",3,1,1
"groundwater_sustainability_plan_management",3,2,4
"groundwater_sustainability_plan_master_meeting_schedule",3,1,2
"groundwater_sustainability_plan_periodic_evaluations",3,3,1
"groundwater_sustainability_plan_project_manager",3,1,1
"groundwater_sustainability_plan_public_review_draft",3,1,2
"groundwater_sustainability_plan_regs",3,1,1
"groundwater_sustainability_plan_review",3,3,1
"groundwater_system_water_budget_results",3,2,2
"group_c",3,1,2
"gsflow_arcpy",3,1,1
"gt_cardwell",3,1,1
"guide",3,1,1
"guidiville_rancheria",3,1,1
"gwel",3,2,2
"hallwood",3,1,2
"hand_held_controller",3,1,1
"harding_lawson_associates",3,1,2
"hargreaves",3,1,1
"head_time",3,3,1
"hearn_et_al",3,1,1
"hecht",3,1,1
"henleyville",3,1,1
"hensley",3,1,1
"herb",3,1,1
"herbaria",3,1,1
"heritage_ranch",3,1,1
"hexavalent_chromium_levels",3,3,1
"hong_kong",3,3,3
"hopps",3,1,3
"hsieh",3,3,1
"hsr",3,1,1
"httpswwwmcwdorggovernance_meetingshtml",3,1,1
"httpwwwkernrivergsaorg",3,3,2
"hubbard",3,2,2
"huckins",3,1,1
"human_resources",3,1,2
"humboldt_county_groundwater",3,1,3
"hydrologics",3,1,2
"iers",3,1,4
"impervious_surface_coefficient",3,1,1
"implementation_measure_15c",3,3,1
"imported_water_project_options",3,1,1
"improvement_company",3,1,1
"industrial_general_permit",3,1,1
"information_and_criteria",3,3,1
"instream",3,1,3
"integrated_recharge_and_recovery_program",3,1,1
"integrated_regional_water_management_plan_projects_and_programs",3,3,1
"interagency_task_force",3,2,1
"interconnecte",3,1,3
"interferometric_synthetic_aperture",3,2,1
"interim_milestones_and_measurable_objectives",3,2,2
"intertie",3,1,1
"ione_band_of",3,1,1
"irrigated_lands_program",3,2,2
"iwvcgwmg",3,1,1
"j",3,1,2
"j44_interface_with",3,3,1
"j_summary",3,1,1
"jacob_rancho_water_company",3,1,1
"jason_sun",3,1,1
"jean_okuye",3,1,1
"jeanna_long",3,1,1
"jeof_wyrick",3,1,4
"jiang_et_al",3,2,1
"jja",3,1,1
"julie_leimbach",3,2,1
"julie_tumamait",3,1,1
"kaweah_delta_water_conservation_district_groundwater",3,1,1
"kbs",3,1,1
"kellogg_et_al",3,1,1
"kenneth_schmidt",3,1,1
"kern_national_wildlife_refuge_complex",3,3,1
"kern_river_channel",3,1,6
"kern_tulare_wd",3,1,2
"kerry_schmitz",3,1,3
"kim_loeb",3,3,1
"kings_river_fisheries_program",3,3,2
"kings_subbasin_coordination_efforts",3,3,1
"krcda06",3,1,1
"ksjra",3,1,1
"la_sierra_university",3,1,1
"laboratory_quality_control_samples",3,3,1
"lacfcd",3,1,2
"ladi_asgill",3,1,1
"lafco",3,3,2
"lakeside_ditch_company",3,1,1
"land_and_water_use",3,3,1
"land_subsidence_sustainability_indicators",3,2,1
"landon",3,1,1
"langenheim",3,1,3
"larry_harris",3,1,1
"las_palmas",3,1,1
"lasan",3,1,2
"layers_12",3,3,1
"lc",3,2,2
"lcp",3,1,4
"ldpe",3,1,1
"leadership_counsel_for_justice_and_accountability",3,1,2
"ledesma",3,1,1
"legal_counsel_legal",3,3,2
"lennar",3,1,3
"lesa",3,1,3
"liberty",3,1,4
"license",3,3,1
"light_infantry_division",3,1,2
"live_stream_requirement",3,1,1
"local_agency_management_program",3,1,2
"local_area_management_program",3,1,2
"lompoc_buellton",3,3,1
"lone_pine_paiute",3,1,2
"los_angeles_county_waterworks_district_no",3,1,1
"lower_aquifer_system_both",3,3,2
"lower_lateral_3",3,1,1
"lwa",3,1,2
"m1",3,3,2
"m3_local_climate_change_planning",3,3,2
"madera_county_environmental_health_division",3,1,4
"madera_county_headquarters",3,1,1
"madera_station",3,1,1
"madison_csd",3,1,1
"mae",3,1,1
"main_san_gabriel_basin_judgment",3,1,1
"main_san_gabriel_basin_watermaster",3,1,3
"maintained",3,2,1
"managed_aquifer_recharge_and_banking_actions",3,3,1
"managed_aquifer_recharge_high_volume",3,1,2
"management_action_4",3,1,1
"manning",3,1,2
"manor_west",3,3,1
"manteca_general_plan_update",3,1,1
"margin_of_operational_flexibility",3,3,1
"marina_deligiannis",3,1,1
"mark_grismer",3,1,2
"markstrom_et_al",3,2,1
"marquardtlevenberg",3,1,1
"marsh_deposits",3,3,1
"matthew_sturdivant",3,1,1
"maximum_total_dissolved_solids_concentrations",3,1,4
"mcclure",3,1,1
"mcdonald",3,1,2
"measurable_objective_and_minimum_threshold",3,1,1
"melissa_estrada_maravilla",3,1,2
"mellon",3,1,3
"mendall",3,1,3
"mendocino_county_board_of_supervisors_chambers",3,1,1
"mendocino_national_forest",3,1,1
"mendonca",3,1,1
"menke_et_al",3,1,1
"merced_county_farm_bureau",3,1,1
"mesozoic_era",3,2,1
"met",3,1,2
"method_of_standard_additions",3,1,1
"meyer_plant",3,1,1
"mi_supplemental",3,1,1
"mi_supplemental_water",3,1,1
"michigan",3,2,1
"microsoft_teams",3,2,2
"migr",3,1,1
"migration_of_contaminated_groundwater_in",3,3,1
"millard_canyon",3,1,1
"milliken_sarco",3,1,1
"mills_pipeline",3,1,3
"minh_tran",3,1,2
"minimum_threshold_boundary_conditions",3,1,2
"mit_department_of_urban_studies_and_planning",3,3,1
"mit_harvard_public_disputes_program",3,3,1
"mobil_oil_corporation",3,1,4
"mohawk_valley_road",3,1,2
"mollusks",3,3,1
"monterey_peninsula_water_supply_project_mw4",3,1,2
"moore_twining_associates_environmental_division_project_water_conservation_plant",3,1,1
"moreland_ditch",3,3,1
"moreno",3,1,2
"mountain_front_recharge",3,2,1
"msa",3,1,2
"msr",3,3,1
"mt_ranch",3,1,2
"muck",3,1,1
"mutsun",3,2,1
"mvr",3,1,2
"mw11",3,2,1
"mw8",3,1,1
"n51_water_resource_management_of",3,3,1
"n_n6",3,3,1
"n_water",3,1,3
"napa_county_department_of_public_works",3,1,1
"napa_county_public_works",3,1,1
"napa_road_recycled_water_pipeline",3,1,1
"napa_sonoma_lowlands",3,1,1
"national_fish_and_wildlife_service",3,3,1
"national_forest",3,2,1
"national_geographic",3,1,1
"national_oceanic_atmospheric_administration",3,2,1
"national_streamflow_information_program",3,1,2
"natomas_east_main_drainage_canal",3,1,2
"naval_base_ventura_county_point_mugu",3,1,2
"navd",3,3,1
"nawqa_quality_assurance_specialist",3,1,1
"ncgwb",3,1,1
"need",3,2,1
"neill",3,1,1
"new_imported_colorado_river_aqueduct",3,1,2
"new_production",3,1,1
"new_supplies",3,1,1
"new_town",3,3,1
"newman_gustine",3,2,1
"newspaper_of_general_circulation",3,2,1
"ng_sustainable_groundwater_managementa",3,1,1
"ngcc",3,3,2
"niki_mcginnis",3,1,1
"niles_cone_san_lorenzo_cone",3,1,2
"nishikawa_et_al",3,1,2
"nl",3,1,1
"non_point_pollution_discharge",3,3,1
"nordberg",3,1,4
"normalized_river_milese",3,1,1
"normwd",3,1,1
"north_and",3,2,2
"north_bay_aqueduct",3,1,4
"north_complex_fire",3,3,2
"north_corning_dome",3,1,1
"north_monterey_county_hydrogeologic_study",3,1,1
"north_sacramento",3,2,2
"notes_numbers",3,2,1
"ntu",3,2,1
"o",3,3,1
"oak_glen_filtration_plant",3,1,1
"oak_ridge_fault",3,1,1
"odc",3,1,1
"off_aqueduct_power_facilities",3,1,1
"office_of_emergency_services",3,1,6
"oildale_mutual_water_company",3,1,1
"olympic",3,1,1
"ongoing",3,1,1
"operational_fee",3,3,1
"orcutt_grass",3,1,1
"orlando",3,1,1
"orosi_high_school",3,1,1
"os",3,1,2
"overall_groundwater_management_strategy",3,1,2
"p_highland_economics",3,3,1
"p_hopkins_groundwater_consultants_inc",3,3,1
"pacific_decadal_oscillation",3,2,1
"paleozoic",3,1,2
"parameter_elevation_regression_on",3,3,3
"parker",3,2,2
"parks",3,2,3
"passive_sampling_equipment",3,3,1
"pastoria_energy_facility",3,1,1
"path_to_sustainable_groundwater_management",3,3,1
"pce_plume",3,1,1
"periodic_evaluations",3,3,1
"phillips",3,2,2
"pioneer_water",3,3,1
"pioneer_water_pipeline",3,3,1
"pl",3,2,2
"pleasant_valley_wd",3,1,1
"porter_slough_near_road",3,2,1
"porterville_developmental_center",3,1,1
"potable_reuse_feasibility_study",3,1,1
"prather",3,1,1
"precipitation_daily",3,3,2
"precipitation_enhancement",3,1,1
"precipitation_percolation",3,1,1
"precipitation_recharge",3,3,1
"priestly_taylor",3,2,1
"primary_and_secondary",3,3,1
"pro_tem",3,2,1
"process_for_determining_minimum_thresholds",3,2,1
"project_expansion",3,1,1
"project_or_component_description",3,1,4
"projected_current_land_use_water_budget",3,3,1
"projected_future_water_demand",3,3,1
"projected_future_water_supply",3,3,1
"projected_water_budget",3,2,1
"proposal_solicitation_package",3,3,2
"proposition_1_sustainable_groundwater_managementa_planning_grant",3,3,1
"pros",3,3,1
"protection_of_life_structure_equipment_and_property",3,3,1
"provide",3,2,1
"provided",3,3,1
"pu_i19",3,3,1
"public",3,3,2
"public_affairs",3,1,1
"public_hearings",3,1,2
"public_input",3,3,1
"public_outreach",3,3,1
"purisima_a_and",3,1,1
"purple_iris",3,3,1
"q23",3,3,2
"qoao",3,3,2
"quality_assurance_and_quality_control",3,1,1
"quality_assurance_evaluation",3,1,3
"quantitation",3,1,2
"qwsu_ibw",3,1,1
"rancho_murieta_community_service_district_several",3,3,2
"rancho_seco",3,1,2
"rcd",3,1,1
"recharge_capacity",3,2,1
"reclamation_for_friant_division_central_valleyp",3,1,2
"reduction_without_projects_scenario_3",3,3,2
"reed_canary_grass",3,1,1
"reeves_creek_groundwater_dependent_ecosystem_evaluation_unit",3,1,1
"regional_water_board_regulatory_programs",3,1,1
"regional_water_management_foundation",3,1,1
"regional_water_management_planning",3,3,1
"register_2016",3,1,1
"regulatory_process",3,2,2
"relationship_of_minimum_thresholds_for_other_sustainability_indicators",3,1,1
"remediation_operations_remediation",3,3,2
"representatives_and",3,3,2
"require",3,3,1
"response_levels",3,3,1
"restrict_groundwater_flow",3,3,1
"rfi",3,1,2
"rincon_consultants",3,1,1
"rio_bravo",3,1,1
"riparian_evapotranspiration",3,2,2
"riverpark",3,1,1
"rmg",3,1,1
"robles_city_council_chambers",3,1,1
"rosa_rancheria",3,1,1
"rotary_clubs",3,1,2
"round_3_proposition_68_planning",3,3,2
"rustic_canyon_channels",3,1,1
"rv",3,3,1
"sacramento_county_2030",3,1,3
"sacramento_county_department_of_water_resources",3,2,2
"sacramento_river_east_levee",3,1,3
"safety",3,2,2
"saint_helena",3,1,2
"salinity_control_program",3,1,2
"saltwater_intrusion_saltwater",3,3,1
"san_bernardino_valley_municipal",3,1,1
"san_cayetano_fault",3,1,2
"san_gabriel_snmp",3,1,1
"san_joaquin_river_seepage",3,1,3
"san_leandro_reclamation_facility",3,1,1
"san_lorenzo_valley_system",3,1,2
"san_luis_delta_mendota_water_authority_administration_offices",3,3,2
"san_luis_drain",3,1,1
"san_luis_national_wildlife_refuge_complex",3,1,2
"san_luis_range",3,1,1
"san_pablo_bay",3,1,1
"san_timoteo_canyon_road",3,1,1
"santa_clara_calleguas",3,3,1
"santa_cruz_city",3,1,1
"santa_fe_railroad",3,1,1
"santa_rosa_indian_community",3,1,1
"santa_rosa_road",3,1,1
"santa_ynez_groundwater_communication_portal",3,1,1
"scientists",3,2,1
"scotts_valley_times",3,1,1
"scripps_institution_of_oceanography",3,3,2
"sdac_median_household_income",3,1,2
"seawater_intrusion_sustainability_indicator",3,1,1
"sebal",3,1,1
"seca_place",3,1,1
"secondary_management_areas_a",3,1,2
"seismic_safety_and_safety_element",3,3,1
"self_help_enterprises",3,2,2
"semitropic_school",3,3,1
"sentinel",3,2,1
"sentinel_peak",3,1,1
"septic_septic_conversions",3,1,1
"septic_systems",3,2,2
"sespe_paula",3,3,1
"shasta_critical_years",3,1,2
"sierra_valley_groundwater_management_district_board_meeting",3,1,1
"silva_flat",3,1,4
"site_documentation_and_cleanup_contractor",3,3,1
"sjrec",3,1,1
"skinner_filtration_plant",3,2,2
"sldmwa_administration_offices",3,2,2
"snt",3,1,5
"soil_moisture_method",3,1,1
"solano_subbasin_education_program",3,1,1
"son0553",3,1,1
"sonoma_county_winegrowers",3,3,1
"sonoma_farm_bureau",3,3,3
"sonoma_veg",3,3,1
"sound_science",3,1,2
"south_american",3,1,5
"south_county_water_supply_program",3,1,2
"south_las_posas",3,1,1
"south_modesto",3,1,1
"south_san_joaquin_valley_mpep_team",3,1,4
"south_victoria_ave",3,3,1
"south_vina",3,2,2
"southern_unit",3,1,3
"special_meetings",3,1,2
"sphere_of",3,3,1
"sphere_of_influence_of_the_pixley_pud",3,3,1
"spreckels_gauge",3,1,1
"ssc",3,2,2
"stakeholder_directors",3,1,1
"stakeholder_surveys",3,1,1
"standard_oil_company",3,1,2
"state_board_water_rights_decisions",3,3,1
"statewide",3,1,1
"steelhead",3,2,2
"stockholm_environment_institute",3,2,1
"stone_corral",3,1,1
"stonegate",3,1,4
"streamflow_routing",3,2,1
"sturgeon",3,1,1
"su",3,2,2
"subarticle_2_of_article_5",3,3,1
"subarticle_3",3,3,1
"subbasin_groundwater_sustainability_plan_support",3,3,1
"subcuenca_de_solano",3,1,1
"subsection_a",3,1,1
"substitute_environmental_document",3,1,1
"subsurface_geologic_cross",3,2,2
"surface_water_development_actions",3,3,1
"surface_water_quality_aluminum",3,1,6
"surface_water_quality_arsenic",3,1,1
"surface_water_supply_historical",3,3,1
"surface_water_system_calculation",3,1,1
"sustainability_certification_program",3,3,1
"sustainability_goal_of",3,2,1
"sustainable_conservation",3,1,1
"sustainable_groundwater",3,2,2
"sustainable_groundwater_management_act_1",3,3,1
"sustainable_groundwater_management_act_2019_basin_prioritization",3,1,1
"sustainable_groundwater_management_act_milestones",3,3,1
"sustainable_groundwater_management_act_planning_grant",3,3,1
"sustainable_groundwater_management_act_program",3,2,1
"sustainable_groundwater_management_act_series",3,1,1
"sustainable_groundwater_planning",3,3,1
"sustainable_los_angeles_grand_challenge",3,1,1
"sustainable_management_criteria_best_management_practices",3,3,1
"sutter_mutual_water_company",3,1,3
"svihm",3,1,1
"sw_et",3,1,3
"swartz",3,1,2
"sween",3,1,1
"swi_projects_notes",3,1,1
"syblon_reid",3,1,1
"sycamore",3,1,1
"sycamore_mutual_water_company",3,1,2
"t0600100980",3,1,6
"t1",3,2,1
"t2",3,2,1
"t_reated_w_astewater_recharge",3,3,2
"tables_d4_and",3,1,1
"tamarisk",3,1,2
"task_4_procure_design",3,3,1
"tbwqc_program",3,3,1
"teerink_pumping_plant",3,1,2
"tehama_colusa_canals",3,1,2
"tehama_county_domestic_well_tracking_and_outreach_program",3,3,1
"tejon_rancho",3,1,1
"temperature",3,2,1
"templates",3,3,3
"terra_bella_ducor",3,3,1
"texaco",3,1,1
"thalweg",3,2,2
"thomas_gast_associates",3,1,1
"thomas_harder",3,3,1
"ticlavilca",3,1,3
"tier_3_supplementary_pumping_charge",3,2,1
"tipton_community_stormwater",3,3,1
"tlbwd",3,1,4
"to_achieve_sustainability_goal",3,2,2
"to_be_to_be_to_be_watershed",3,1,1
"to_benefit",3,1,2
"to_prepare",3,3,1
"to_review_land_use_plans_and_efforts_to_coordinate_with_land_use_planning_agencies_to_assess_activities",3,1,1
"tomatek",3,1,1
"tomtom",3,1,14
"tonalite",3,1,2
"torrey_torrey",3,3,2
"tph",3,1,2
"tracy_fish_collection_facility",3,1,1
"tre_altamira_interferometric_synthetic_aperture_radar",3,3,1
"tribal_government",3,2,2
"trout_unlimited",3,2,1
"tsm",3,1,2
"tulare_county_department_of_health_and_human_services",3,3,1
"tulare_county_flood_control_master_planning",3,3,1
"uanvco",3,2,1
"un",3,1,1
"underground_injection_control",3,2,1
"underground_services_alert",3,3,1
"unified_soil_classification_system",3,3,1
"unimpaired_millerton_inflow",3,3,1
"united_calleguas",3,3,1
"united_nations_governments",3,3,1
"united_states_department_of_interior",3,1,1
"united_states_geological_survey_national_streamflow_information_program",3,3,1
"united_states_space_force",3,1,1
"unmanned_aerial_vehicle_synthetic_aperture_radar",3,1,3
"upper_aquifer_wells",3,1,1
"upper_carlotta",3,1,2
"ur",3,2,1
"us_army_corps_of_engineers_construction_cost_composite_index",3,1,1
"us_census_american_community_survey",3,3,2
"us_navy",3,2,1
"uses_significant",3,2,1
"v",3,3,1
"valencia_country_club",3,1,1
"valencia_reclamation_plant",3,2,1
"vandenberg_state_marine_reserve",3,2,2
"vedder",3,2,1
"ventura_county_investigations",3,3,2
"ventura_county_water_works_district_1",3,3,4
"verboon",3,1,1
"vermont",3,1,2
"vern_freeman",3,1,2
"views",3,1,2
"vinton",3,1,1
"vista_hills",3,1,1
"walnut_hills_ranch",3,1,3
"wastewater_treatment_plant",3,2,1
"water_efficiency_program",3,1,1
"water_infrastructure_finance_and_innovation_act_us_environmental",3,3,2
"water_levels",3,1,6
"water_resources_bulletin",3,1,2
"water_supply_augmentation_study",3,1,3
"watercourse_engineering",3,1,1
"wcp",3,1,1
"webb",3,1,1
"webber",3,1,1
"well_package",3,1,1
"well_registration",3,1,1
"well_t24s_r23e22e1",3,1,1
"wellhead_recharge_area_protection",3,3,1
"wells_02n21w11j05s",3,1,1
"wells_extensometers",3,2,1
"west_las_posas_management_area_of",3,3,1
"western",3,1,1
"western_management_area_of",3,1,1
"western_saline_front",3,1,2
"weymouth",3,1,4
"whittaker_bermite_corporation",3,1,1
"wiedlin",3,1,3
"wildwood_canyon_state_park",3,1,1
"wilkinson_gill_water_company",3,1,2
"will_be_accomplished",3,2,1
"withdrawing_party",3,1,1
"wolf",3,1,1
"workgroup_tiers_2_3",3,1,3
"wr",3,1,1
"wsc",3,1,2
"wwwfcgmaorg",3,1,2
"wy2019",3,3,1
"wyrick",3,1,5
"yceh",3,1,1
"yeats_et_al",3,1,1
"yolo_parties",3,1,4
"yvwd16",3,1,1
"zeng",3,1,1
"µs_cm",3,1,1
"δ2h",3,1,1
"015_budget",2,1,1
"20year_study_period",2,1,2
"22412_uncertainty_in_water_budget_uncertainties",2,1,1
"2b",2,1,1
"3546e",2,2,1
"3564f",2,2,1
"500_250_75_senate_bill",2,1,2
"644452b",2,2,1
"93105_wwwdbstephenscom",2,1,1
"a029657",2,1,1
"a_charles",2,1,1
"a_forming_party",2,1,1
"a_groundwater_pumping_fee_program",2,1,1
"a_local_well_name",2,1,2
"a_management_arca",2,2,1
"a_n",2,1,1
"a_non_party",2,2,1
"a_proposal_solicitation_package",2,2,1
"a_proposition_1_sustainable_groundwater_planning_grant",2,2,1
"a_resolution_to_establish_a",2,1,2
"a_sacred_lands_file_native_american_contacts_list_request",2,1,1
"a_state",2,1,1
"a_water_accounting_framework",2,2,1
"aarhus_geosoftware",2,2,1
"ab303",2,1,2
"ab_1668",2,2,1
"ab_303",2,1,3
"ab_303_appx_c",2,1,1
"ab_359",2,2,1
"ab_361",2,1,1
"ab_le",2,1,1
"aberdeen",2,1,1
"ac",2,1,1
"accountability",2,2,4
"acevedo",2,1,1
"achieving",2,2,1
"ackerman",2,1,1
"action_agriculture_general",2,1,1
"action_levels",2,1,1
"activity_hazard_analysis",2,1,6
"activity_participants_for",2,1,2
"adam_bingham",2,1,1
"adaptive_basin_management",2,1,1
"adaptive_salinity_drainage_management",2,1,4
"adcock",2,1,1
"addressed",2,1,1
"addressing_collect",2,1,1
"adjacent_rock",2,1,1
"adjudicated",2,1,1
"administración",2,1,2
"administrative_record",2,2,2
"adopts",2,2,1
"advisory_committee_chair",2,2,1
"advisory_committee_charter",2,2,4
"aem_airborne_electromagnetic_aqua_geo_frameworks",2,2,1
"af_y_water",2,1,1
"af_yr",2,1,1
"affiliates",2,2,1
"afy_additionally",2,1,1
"agency_coordinator",2,2,1
"agency_personnel",2,1,1
"agenda",2,2,1
"agricultural_contractors",2,1,2
"agricultural_irrigation",2,1,2
"agricultural_irrigation_efficiency_a",2,2,2
"agricultural_land",2,1,3
"agricultural_lands_domain",2,1,1
"agricultural_pool",2,1,1
"agricultural_pumping_precipitation",2,1,2
"agricultural_resources",2,1,1
"agricultural_threshold_study",2,2,1
"agriculture_natural_resources_conservation_service",2,2,1
"agua_subterránea_pasados",2,1,1
"ahtna_engineering_services",2,1,9
"aimee",2,1,2
"air_force_and",2,1,4
"airborne_geophysics",2,1,1
"akm",2,1,1
"alameda_county_gp",2,1,5
"alex_kan",2,1,2
"ali_sahli",2,1,1
"aliso_canyon",2,1,1
"all",2,2,2
"allen",2,1,1
"alley",2,1,1
"alluvial_fan_deposits",2,1,2
"alluvial_upper_tehama",2,1,1
"allwardt",2,1,1
"alyson_waterson",2,1,2
"amador_counties",2,1,1
"amah_mutsun_land_trust",2,2,1
"amanda_peisch",2,1,1
"ambassadors",2,1,1
"ambient_water_quality_criteria",2,2,1
"american_mink",2,2,1
"ametek_aerospace_et_al",2,1,7
"an_augmentation_fee",2,2,1
"an_government",2,1,2
"an_interested_party_list",2,1,1
"and_recharge",2,1,1
"andrea_reich",2,1,2
"andrew_renshaw",2,1,1
"animal_sitespermitted_facilities_with_waste_discharge_requirements_orders_geotracker",2,1,1
"anna_olsen",2,1,1
"annual_pumping_allocation_andor_transient_pool_allocation",2,1,1
"antelope_subbasin_projected",2,1,1
"apac",2,1,1
"application_29657",2,1,1
"application_of_geophysics_to_environmental_and_engineering_problems_nashville",2,2,6
"applied_calculation",2,2,2
"applied_flows",2,1,1
"applied_groundwater_return_flows",2,1,1
"applied_recharge",2,1,1
"applied_surface_water_return",2,2,2
"approximated_approximated",2,1,1
"approximated_approximated_average",2,1,1
"aqua_geo",2,1,1
"aquaculture",2,1,1
"aquatic_bioassay_and_consulting_laboratory",2,2,1
"arc_hydro_groundwater",2,1,1
"arcadia_wellfield",2,1,1
"ardisols",2,2,1
"arlington_western_municipal",2,1,1
"army_depot",2,1,3
"army_forces_command",2,1,1
"arrowweed",2,1,1
"arroyo_dos_picachos",2,1,1
"arroyo_pasajero",2,1,3
"arroyo_santa",2,1,1
"arroyo_seco_groundwater",2,1,1
"arroyo_willow",2,2,1
"arundell",2,1,2
"asch_th",2,2,2
"asr_program",2,1,1
"assembly_bill_32",2,2,1
"assembly_bill_52",2,2,1
"assembly_bill_599",2,1,1
"assimilative_capacity",2,1,1
"association_for_the_advancement_of_cost_engineering",2,1,1
"association_of_water_agencies_of",2,2,1
"assure_that",2,1,2
"attachment_d_specifically",2,1,1
"attachments_m_national_aeronautics_and_space_administration_jpl",2,2,1
"authorizing",2,1,1
"automated_high_output_ground_seeding",2,1,1
"automatic_precise_positioning_service",2,1,1
"avek",2,1,1
"b_review",2,1,1
"background_study",2,1,1
"bailey_fault",2,1,1
"ballona_aquifer_groundwater",2,1,1
"baltimore_aircoil_company_to_allow_for_connection",2,1,3
"banks_pumping_plant",2,2,2
"barbara_dalgish_pg",2,1,1
"barber",2,1,1
"barham_ranch",2,1,2
"barlow",2,1,1
"barow",2,2,2
"bartow_ja",2,2,5
"baseline_future_scenario_simulations",2,1,1
"basin_completed",2,1,1
"basin_executive",2,1,1
"basin_stakeholders",2,2,1
"basinscout",2,1,2
"bay_margin",2,1,1
"bb_bb",2,1,1
"bb_limited_recharge_and_recovery",2,1,2
"bcwd",2,1,2
"bear",2,2,2
"because",2,2,1
"belin",2,1,1
"belridge",2,1,1
"ben",2,1,1
"beneficial_uses_and_users_of_groundwater_significant",2,1,1
"berenbrock_1988",2,1,1
"berenda_slough_byp_7",2,1,1
"betty_moore_foundation",2,2,2
"beverly_hills_utilities_corporation",2,1,1
"big_springs_ranch",2,1,1
"big_valley_advisory_committee_92221_draft",2,1,1
"biggs_west_gridley",2,1,3
"bill_1168",2,2,1
"bill_779",2,1,1
"bill_jackson",2,2,1
"bill_jones_pumping_plant",2,2,1
"bill_x7_7",2,1,1
"black_butte",2,1,1
"black_cottonwood_woodland",2,2,1
"bloyd",2,1,1
"blue_indicates_flows_greater",2,1,1
"board_as_interested_parties",2,1,2
"board_chair",2,1,1
"board_members",2,1,1
"board_of_directors_and",2,2,1
"board_of_directors_meetings",2,2,2
"board_of_supervisors_of_the_county_of_monterey",2,1,2
"board_of_supervisors_of_the_county_of_san_diego",2,1,2
"boeing_company",2,1,1
"boise",2,1,2
"bonds_medium",2,1,1
"bookman_edmonston_engineering_inc",2,1,1
"borax",2,2,2
"boreholes",2,2,1
"bostic",2,2,1
"boundary_flow_measurement",2,2,1
"bouquet_junction",2,1,1
"bowman_subbasin_historical_lateral_subsurface_groundwater",2,1,3
"bowman_subbasin_historical_vertical_subsurface",2,1,1
"braatne",2,1,1
"brad_herrema",2,1,1
"brady_r_otto",2,1,2
"brenda",2,2,3
"broad_considerations_for_projects_and_management_actions",2,1,2
"brock_buche",2,1,2
"brock_buche_groundwater_sustainability_agency_party",2,1,2
"brown_act_compliance",2,2,1
"bryophytes",2,1,1
"bs_chemistry",2,2,1
"bsk_laboratory",2,2,1
"btex",2,1,2
"buck",2,1,1
"buena_vista_pumping_plant",2,1,1
"build_on_existing_management",2,1,1
"build_public_engagement_for_regional_sustainability_many",2,2,1
"bulletin_74_9",2,2,1
"bulletin_74_90",2,1,1
"bulrush",2,1,2
"burdell_mountain",2,1,1
"burdette_ogle",2,1,1
"bureau_of_reclamation_revenue",2,1,1
"burnham",2,1,1
"burow",2,1,1
"bush",2,2,2
"butte_county_groundwater_inventory_analysis",2,2,1
"bvhim",2,1,1
"by_non_groundwater_sustainability_agency_entities",2,1,1
"byron_bethany_irrigation",2,1,1
"byron_bethany_irrigation_district_web",2,1,2
"byron_division_canal_45",2,1,2
"byron_katie_trust",2,1,3
"c_collaborative",2,1,1
"c_given",2,1,1
"cacheville_csd",2,1,5
"cachuma_project_on",2,2,1
"cadwr",2,1,1
"calibrated_root_zone_water_budget_components",2,1,1
"calistoga_popcornflower",2,1,1
"calleguas_calleguas",2,1,1
"calleguas_municipal_water_district_aquifer_storage_and_recovery_project_and_in_lieu_storage_program",2,1,2
"callitriche_heterophylla",2,1,1
"calvin_college",2,2,1
"camp_comfort",2,1,1
"can_be_withdrawn",2,2,1
"canal_system",2,1,1
"cannia",2,2,2
"canyon",2,1,1
"carl",2,1,1
"carle",2,2,1
"carney",2,2,2
"carollo_engineers_inc",2,1,1
"carp",2,1,5
"carr_fire",2,2,1
"carswell_2009",2,1,1
"casa_de_fruta",2,1,1
"cascades",2,1,1
"case_4_region_management_actions",2,1,1
"casgems_program",2,1,1
"castaic_junction",2,2,1
"castaic_lake_water_agency_santa_clarita_water_division",2,1,2
"castaic_subunit",2,1,1
"catalog_climate",2,1,3
"cch1_berkeley_mapper",2,1,1
"ceanothus_hellmers_et_al",2,2,1
"census_designated_place",2,1,2
"central_tendency",2,1,1
"central_tendency_2070",2,1,1
"central_valley_flood_protection_board_communications_decision_making_processes",2,1,1
"central_valley_project_delta_division",2,1,1
"central_valley_project_friant",2,1,1
"central_valley_project_san_luis",2,1,1
"central_valley_project_water_service_contractors",2,1,1
"central_yolo_management",2,1,2
"certificate_of_analysis",2,2,1
"cgs",2,2,1
"ch3_revise_line",2,1,1
"challenges",2,2,1
"chambers_public_noticing_irrigation_district211",2,1,1
"channel_island_beach",2,2,1
"channel_islands_beach_community",2,2,1
"channels",2,2,1
"chapman",2,1,1
"chappelle",2,1,1
"chapter_8",2,1,1
"chatsworth",2,2,1
"chevron_usa_inc",2,1,1
"chico_rancheria",2,1,1
"chittenden",2,1,1
"chloride_chloride",2,2,1
"cholame",2,1,1
"chowchilla_bypass_water",2,1,2
"chowchilla_madera",2,1,1
"chowchilla_water_district_meeting",2,1,1
"chris_boyle",2,1,1
"christensen_associates_inc",2,1,4
"chronic_lowering_of_groundwater_fall",2,1,1
"chuck_corica_golf_complex",2,1,1
"chumash_mission",2,2,1
"chung",2,1,1
"circumstances_and_criteria_for_implementation",2,1,1
"cisdce",2,1,1
"cities_of_rohnert_park",2,1,1
"citizens_for_responsible_oil_and_gas",2,2,1
"city_clerk_to_execute_the_certificate_of_acceptance",2,1,2
"city_council_chambers",2,1,1
"citywide_non",2,1,1
"clarita",2,2,1
"claudia_faunt",2,2,1
"clean_water_action",2,1,1
"clean_water_state_revolving_fund_program",2,2,1
"cleveland_national_forest",2,1,2
"clint_mckay",2,1,2
"clovis_sewage_treatment_water_reuse_facility",2,1,1
"co",2,2,1
"coastal_conservancy",2,1,1
"coastal_range",2,1,5
"coastal_ranges",2,1,1
"collaboration",2,2,1
"collaborative_decision_approach",2,1,1
"colusa_subbasin_multi_benefit_groundwater_recharge_costs_item",2,1,1
"commercial_environmental_health",2,2,1
"committee_action",2,1,1
"communication_objectives",2,2,1
"communications_and_engagement",2,1,2
"communities",2,2,1
"community_development",2,1,1
"community_engagement_survey",2,1,1
"community_engagement_team",2,1,1
"complaint_and_petition_for_declaratory_relief",2,1,2
"concur",2,1,1
"conejo_creek_flows_by_t",2,1,1
"conejo_creek_water_pumping_program",2,2,1
"confined",2,2,1
"confined_while",2,1,1
"congruently",2,2,1
"conifer",2,2,1
"conjunctive",2,1,1
"consensus_and_collaboration_program",2,2,1
"conservation_and_land_use",2,1,1
"conservation_and_open_space",2,2,1
"conservation_and_open_space_element",2,2,1
"conservation_development_and_planning",2,1,3
"conservation_easements",2,1,1
"conservation_element_and_open_space_element",2,2,1
"conservation_open_space_element",2,1,1
"conservation_service",2,2,2
"considering_beneficial_uses_and_users",2,1,2
"consolidated_bedrock",2,1,1
"constituents_of_concern",2,1,1
"construction_activities_and_requirements_specific",2,1,3
"contra_all_project_phases",2,1,2
"contra_costa_goldfields",2,1,1
"contracting_entities",2,2,2
"conversations_calibration",2,1,2
"conveyance",2,1,1
"cooperative_committee_regular_meeting",2,1,2
"coordinate_community_development_decisions",2,1,1
"coordinated_costs",2,1,1
"coordinates",2,2,1
"coordinating_body",2,1,1
"cordua_id",2,1,1
"corporation",2,1,1
"corral_de_tierra_management",2,1,1
"corydon",2,1,1
"costs",2,2,1
"cosumnes_subbain",2,1,1
"cosumnes_working_group_consultants",2,1,3
"coswpa",2,1,1
"country_club_faults",2,2,1
"county_adopted_uab",2,1,2
"county_department_of_public_health",2,1,1
"county_environmental_health_division",2,1,1
"county_government_center",2,1,1
"county_overlying",2,1,1
"county_road_a12_reach_length",2,1,1
"county_water_well_ordinance_4468",2,2,1
"county_where",2,1,1
"covid19",2,2,1
"cowardin_et_al",2,1,2
"cpp_reverse_osmosis_plant",2,1,1
"create_and_manage",2,1,1
"cretaceous_val_verde_tonalite",2,1,1
"criteria",2,1,1
"criteria_a_and_b",2,1,1
"critical_species_lookbook",2,1,1
"cross_complaint",2,1,1
"cucamonga",2,1,1
"customer_assistance_program",2,1,1
"cvpia",2,1,1
"cwm",2,1,1
"cwsrf_program",2,1,2
"d5447",2,1,1
"d5891",2,1,1
"dairy_program",2,1,2
"dan_steiner",2,1,2
"daulton",2,1,2
"david_fairman",2,1,1
"david_jacobs",2,1,3
"davids_engineering_inc",2,1,1
"davids_engineering_luhdorff_and_scalmanini_consulting_engineers",2,1,1
"davids_lsce",2,1,1
"davis_wd",2,1,1
"dctra_groundwater_management_plan_memorandum",2,2,1
"dctra_groundwater_management_plan_update",2,2,1
"de_agua",2,1,1
"decreasing",2,1,1
"deep_aquifer_investigative_study",2,1,1
"deep_aquitard",2,1,1
"deep_percolation_of",2,1,1
"deer_creek_and_tule_river_authority_groundwater_management_plan_update",2,2,1
"defines_sustainable_management_criteria",2,2,1
"degradation_of_water_quality_sustainability_indicator",2,1,2
"degraded_water_quality_smc",2,1,1
"del_valle_isw",2,2,1
"del_valle_reach",2,2,1
"delano_earlimart_id",2,1,2
"delano_earlimart_irrigation_district_groundwater_sustainability_agency_jurisdiction",2,1,1
"delta_accelerated_water_transfer_program",2,1,1
"deltamendota",2,1,2
"dem",2,2,2
"demands",2,2,1
"dennis_r_keller",2,1,2
"department_of",2,1,1
"department_of_cannabis_control",2,2,1
"department_of_defense_army_nqa1_certified_lead",2,1,3
"department_of_fish_and_wildlife_comment_7_new_planning_thresholds",2,1,1
"department_of_fish_and_wildlife_department_of_fish_and_wildlife",2,2,2
"department_of_planning_and_development",2,1,1
"department_of_water_resources_4",2,2,1
"department_of_water_resources_bmp",2,1,2
"department_of_water_resources_comments",2,2,1
"department_of_water_resources_environmental_science_associates_insar",2,1,2
"department_of_water_resources_groundwater_sustainability_plan_elements_guide",2,2,1
"department_of_water_resources_groundwater_sustainability_plan_evaluations",2,1,2
"department_of_water_resources_guidance_document",2,1,1
"department_of_water_resources_merced_county_land_use_survey",2,1,1
"department_of_water_resources_n",2,1,2
"department_of_water_resources_portal",2,1,1
"department_of_water_resources_publication",2,1,1
"department_of_water_resources_recharge",2,1,1
"department_of_water_resources_region_offices",2,2,2
"department_of_water_resources_sustainable_groundwater_management_act_portal",2,2,2
"department_of_water_resources_sustainable_groundwater_management_grant_program",2,2,1
"department_of_water_resources_the_variable_operation",2,1,1
"department_of_water_resources_water_tool",2,1,2
"department_of_water_resources_water_year",2,1,1
"department_of_water_resources_well_standards",2,1,1
"department_of_water_resources_well_standards_bulletin_nos",2,2,1
"department_of_water_resources_well_standards_bulletins_nos",2,2,1
"departmental_allocation_list_for_emergency_services_division_of_the_county_executive_office",2,1,2
"depletion_of",2,2,2
"depletion_of_interconnected_surface_water_regional",2,2,1
"depletion_of_interconnected_surface_water_that",2,1,1
"depletion_of_interconnected_surface_waters",2,2,1
"depth",2,1,1
"depthtogroundwater",2,1,1
"derived_from_gems_and_adjusted_change",2,1,1
"description_of_measures_and_explanation_of_how_will_be_achieved",2,1,2
"design",2,2,1
"detailed_analysis_unit",2,2,1
"detected_in_groundwater_wells",2,1,1
"determination_of_sustainable_yield_sustainable",2,2,1
"di",2,1,1
"digiorgio_unit",2,1,3
"direct_mail",2,2,1
"disadvantaged_communities_inform",2,1,2
"disadvantaged_community_boundaries_places",2,1,2
"disadvantaged_community_communities",2,1,1
"disadvantaged_community_mapping_tool",2,2,1
"discharge",2,2,2
"discharges_consumptive_use_lateral_flow_of_groundwater",2,1,1
"discussion_of_management_actions",2,2,1
"dissolved_iron",2,1,1
"district_engineer",2,1,1
"division_13",2,1,1
"division_6_of_the",2,1,1
"division_7",2,1,1
"division_of_the_director",2,2,1
"division_of_water_resources",2,1,1
"division_one",2,2,1
"divisions_and_programs",2,2,1
"divisions_of_geologic_time",2,1,1
"dm",2,1,1
"domestic_well_owners",2,2,1
"dominic_gutierrez",2,1,1
"dorsey_et_al",2,1,2
"doug_a_linney",2,1,2
"douglas_fir",2,1,2
"draft_chapter_9_project_and_management_actions",2,1,1
"draft_groundwater_sustainability_plan_review",2,2,1
"draft_intertie_feasibility_study",2,1,1
"draft_piru_fillmore_basins_assembly_bill",2,2,1
"drain_packages",2,1,1
"drywells",2,1,1
"dt",2,1,1
"dubrovsky",2,2,2
"duell",2,1,2
"duke_energy",2,1,4
"duncan_macewan",2,1,1
"dw",2,1,1
"e3",2,1,3
"e_hautala",2,2,1
"e_logs",2,1,1
"e_o",2,1,1
"each_party",2,2,2
"each_project_or_action",2,2,1
"eagsp",2,2,1
"earl_schmitt_filtration_plant",2,1,1
"eastern_management_area_of",2,1,1
"eastern_portion",2,2,1
"eastern_tule",2,1,4
"eastern_tule_groundwater_sustainability_agency_interested_parties_list",2,1,1
"eastside_bypass_chowchilla_canal",2,1,1
"ebay",2,1,1
"edna_ranch_mutual_water_company",2,1,2
"education",2,2,1
"education_of_groundwater_use_per_acre",2,1,2
"effect_of_minimum_threshold_on",2,1,1
"eki_environment_water_inc",2,1,1
"el_camino_restoration",2,1,1
"el_estudio_de_tarifas_que",2,1,3
"el_nido_canal",2,1,1
"el_paso_water_utilities",2,1,1
"el_rio_groundwater_recharge_facility",2,1,1
"el_rio_mobile_estates",2,1,1
"el_rio_spreading_grounds",2,1,1
"el_río",2,1,1
"elbar_ranch",2,2,2
"elevation_contour",2,1,2
"elkhorn_property",2,1,1
"ellis",2,1,1
"elvin_kumar",2,1,4
"empire_weir_no",2,1,1
"encourage",2,2,1
"endangered",2,1,2
"endangered_fully_protected_reliance_on_groundwater",2,1,1
"endangered_fully_protected_reliance_on_groundwater_direct",2,1,1
"ensure",2,2,1
"enterprises",2,1,1
"entities",2,1,1
"environmental_and_ecosystem_uses",2,1,1
"environmental_defense_fund_t10000003428_mw2",2,1,6
"environmental_health_department_well_program",2,1,2
"environmental_management_element",2,1,1
"environmental_resources_engineering",2,2,1
"environmental_services_dept",2,1,2
"environmental_users_of_groundwater_representatives",2,2,2
"eric_limas",2,2,1
"eric_shannon",2,1,2
"eryn_torres",2,2,1
"es_421_direct_groundwater_potential",2,1,1
"esjga",2,2,1
"esjwqc",2,1,1
"establish",2,1,1
"estimated",2,1,1
"estimating",2,2,1
"et_measurement",2,1,1
"et_package",2,1,1
"etpr",2,1,1
"evaluated",2,1,1
"evan_perez",2,1,1
"evapotranspiration",2,1,1
"evapotranspiration_crop",2,2,1
"existing_enforce",2,1,1
"existing_expanded_conjunctive_use",2,1,1
"expanded_water_conservation_and_standby_rationing_plan_4_water_conservation",2,1,1
"external_communications_representative",2,1,1
"f1",2,1,2
"f_dischargers",2,1,2
"factory_ponds",2,2,1
"fall_levels",2,1,1
"family_resource_center",2,1,2
"fan_et_adenostoma",2,2,1
"fan_et_ceanothus",2,2,1
"farm_advisors",2,1,2
"farm_bureau_county_farm",2,1,1
"farm_demand",2,1,2
"farm_level",2,2,1
"farm_october_7",2,1,2
"farm_process_package",2,1,1
"fe",2,2,1
"federal_and_state",2,2,1
"federal_entities_established",2,1,1
"federal_grants",2,1,2
"federal_wellhead_protection_program",2,2,2
"fesa",2,1,1
"ff_ff",2,1,3
"field_duplicate_and_site_specific_quality_control",2,2,1
"field_techniques_for_estimating_water_fluxes_between_surface_water_and_ground_water",2,2,1
"fillmore_b_piru_c",2,2,1
"flood_bypass",2,1,1
"flood_reserve",2,1,1
"floodplain",2,2,1
"floodplain_enhancement_and_recharge",2,2,1
"flows_underflow",2,2,1
"focused_cross_sections",2,1,1
"fogg_1997",2,2,1
"fonsi",2,1,1
"foothill_woodland",2,2,1
"foothills_simulated",2,1,1
"foreman",2,2,1
"formerly_established",2,1,2
"forrest_frick_pipeline",2,1,1
"forsythe",2,1,1
"fpbga",2,2,1
"fpbga_board_directors",2,2,1
"framework_document",2,2,1
"franciscan_basement",2,1,2
"franciscan_formation_physical_properties_wells",2,1,1
"frank_konyn_dairy_inc",2,1,1
"freeman",2,1,1
"freitas",2,1,1
"fremont_cottonwood",2,2,2
"fresno_bee",2,2,1
"fresno_river_flood_releases",2,1,1
"friant_class",2,2,1
"friant_kern_canal_as_regional_critical_infrastructure",2,1,1
"friant_kern_canal_central_valleyp",2,2,1
"frog",2,2,1
"front_outside",2,2,2
"front_piru_a",2,2,1
"ftr",2,2,1
"full_advanced_treatment_program",2,1,1
"funded_seek",2,1,1
"future_baseline_and_climate_change",2,1,1
"future_baseline_with_climate_change",2,1,2
"g_g",2,1,1
"g_l",2,2,1
"gabbro",2,1,1
"gabilan",2,1,1
"gadwall_unit",2,1,2
"gage_package",2,2,1
"gainey_ranch",2,2,3
"galt_herald",2,1,1
"galt_wwtp",2,2,3
"garden_highway_mutual_water_company",2,1,1
"garmin",2,2,1
"garrapata",2,2,1
"gcidwis",2,1,1
"gcp",2,1,1
"gems_program",2,2,2
"general_agriculture",2,2,1
"general_basin_plan_objectives",2,1,1
"general_description_and_topography",2,1,3
"general_plan_action_items",2,1,2
"general_waste_discharge_requirements",2,1,2
"geojson",2,2,1
"geological",2,1,2
"geological_survey_national_field_manual",2,1,1
"geological_survey_water",2,1,1
"geological_survey_water_supply_paper_1467",2,2,1
"geomega",2,2,1
"geottracker",2,1,1
"gg",2,1,3
"ghb_package",2,1,6
"giant_reed",2,1,1
"gibs",2,1,1
"gillespie",2,2,1
"gillham",2,1,1
"gl",2,2,1
"global_navigation_satellite_system",2,1,2
"global_positioning",2,2,1
"gmt2",2,2,1
"go",2,1,1
"golden_state_water_company_culver_city",2,1,1
"golden_state_water_company_golden_state_water_company",2,2,2
"golf_courses",2,2,4
"gordon",2,2,2
"gottschalk",2,2,2
"gov",2,1,3
"gp2",2,2,1
"granite_construction",2,1,2
"granitic",2,2,1
"grant",2,2,2
"grassland_drainage_area_gar",2,1,1
"gravels",2,2,1
"griffith_park",2,2,1
"groundwater_accounting_program",2,1,1
"groundwater_banking_program",2,1,2
"groundwater_basin_prioritization",2,1,1
"groundwater_dependent_ecosystem_locations",2,1,2
"groundwater_dependent_ecosystem_pulse",2,1,1
"groundwater_exchange",2,1,1
"groundwater_export_groundwater",2,2,1
"groundwater_extraction_accurate",2,2,1
"groundwater_extraction_credit_marketing_and",2,1,1
"groundwater_level_minimum_thresholds",2,1,1
"groundwater_levels_agres",2,1,1
"groundwater_quality_groundwater",2,1,1
"groundwater_quality_samples",2,1,1
"groundwater_recordation_program",2,1,1
"groundwater_resources_advisory",2,1,3
"groundwater_storage_minimum_threshold",2,1,3
"groundwater_storage_program",2,1,1
"groundwater_sustainability_agency_coordination_implementation",2,2,1
"groundwater_sustainability_agency_formation_notification",2,2,1
"groundwater_sustainability_agency_forming_parties_and_participating_parties",2,1,1
"groundwater_sustainability_agency_representative",2,1,2
"groundwater_sustainability_plan_ac",2,1,2
"groundwater_sustainability_plan_development_process_we",2,1,4
"groundwater_sustainability_plan_evaluation",2,2,2
"groundwater_sustainability_plan_implementation_effects_on_water_supply_assumptions_implementation",2,1,1
"groundwater_sustainability_plan_planning",2,2,2
"groundwater_sustainability_plan_program",2,1,1
"groundwater_sustainability_plan_provide",2,1,1
"groundwater_sustainability_plan_september_2019",2,1,2
"groundwater_sustainability_plan_stakeholder_communication",2,1,1
"groundwater_sustainability_plan_stakeholder_workshop",2,1,2
"groundwater_sustainability_plan_studies_planned_projects_and_management",2,1,1
"groundwater_sustainability_plan_the_soil_agricultural_groundwater_banking",2,1,1
"groundwater_sustainability_planning_process_update",2,2,1
"groundwater_water_budget",2,1,2
"grounwater_pumping",2,1,1
"group_4_pmas",2,2,1
"grove",2,2,1
"grr",2,1,1
"gui",2,1,2
"gw_elevation_contour",2,1,1
"gw_geochemistry",2,1,1
"gwc5",2,1,2
"h",2,2,1
"habitat",2,2,1
"habitat_comment",2,1,1
"hall",2,1,1
"hanson_aggregates",2,1,1
"harder_and_company",2,2,1
"harding_ese",2,2,1
"harris_ranch",2,1,1
"harrison",2,2,2
"hartsock_worth",2,1,2
"harvest_water_program",2,1,1
"harvey_diversion",2,2,1
"harvey_o_banks_pumping_plant",2,2,1
"hayde_sanchez",2,1,1
"hayes",2,1,1
"haynes",2,2,1
"health_and",2,1,1
"health_order",2,2,1
"hellmers_et_al",2,2,1
"helm",2,1,1
"help_enterprises",2,1,1
"hemet_san_jacinto_groundwater_management_area_adjudication",2,1,1
"henry_miller_road",2,1,1
"herb_smart",2,1,2
"hercules_water_company",2,1,2
"hexazinone",2,1,4
"high_priority",2,2,1
"hill_canyon_wastewater_treatment_plant",2,1,2
"hills",2,1,1
"historical",2,2,1
"historical_study_period",2,1,1
"hob",2,1,1
"holly_sugar_corporation",2,2,1
"horizontal_flow_barrier_package",2,2,1
"hosted",2,1,2
"how_can_operate_without_causing_undesirable_results",2,1,1
"howard_et_al",2,2,1
"howard_franklin",2,1,1
"hsg_a",2,1,1
"hsu_layer_5",2,2,2
"httpscasoilresourcelawrucdavisedusagbi",2,2,1
"httpswatercagovmediadwrwebsitewebpagesprogramsgroundwatermanagementsustainablegroundwatermanagementbestmanagementpracticesandguidancedocumentsfil",2,1,3
"human",2,1,1
"humboldt_county_board_of",2,1,3
"humboldt_department_of_public_works_environmental_services",2,1,1
"humboldt_redwood_company",2,1,1
"humboldt_state_university",2,2,1
"hurlbutt",2,1,2
"hutchkiss",2,1,2
"hydraulic_conductivity_aquifer_thickness",2,1,1
"hydrofocus",2,1,2
"hydrogeologic_inc",2,2,1
"hydrographs_hydrographs",2,2,1
"hydrologic_flow_barrier",2,1,1
"hydrologic_soil_group_a",2,1,1
"hydrology_hydrologic",2,1,1
"hydrostratigraphic_evaluation",2,1,4
"hydstra",2,1,1
"i_alyson_watson",2,1,2
"icp",2,1,3
"idaho",2,2,2
"idw",2,1,1
"ikes",2,1,1
"impacted",2,2,1
"impervious_and_urban_landscape",2,1,1
"implementation_of_this_action",2,1,1
"implementation_process_and_timetable",2,2,2
"improve",2,1,2
"improvements",2,1,1
"include",2,1,2
"included",2,1,3
"individual_individual",2,1,2
"industrial_service_supply",2,1,2
"industrial_wells",2,1,3
"information_and_methods",2,1,1
"informes_anuales",2,1,1
"initiate",2,1,1
"inland_empire_brine_line",2,1,1
"installation_restoration_program",2,1,1
"institut_national_agronomique_de_tunisie",2,1,2
"integrated_regional_water_management_program",2,2,2
"integrated_regional_water_management_the_watershed_coalition_of",2,2,1
"interagency_drought_task_forces",2,1,2
"interagency_refuge_water_management_team",2,1,1
"interconnected",2,2,1
"interested_party_list",2,2,1
"interferometric_synthetic_aperture_imagery",2,1,3
"intra_basin_coordination_between_management_areanagement",2,2,4
"invasive_species_eradication",2,1,3
"investigates_exceedance",2,1,1
"investigation_and_cleanup_of_contaminated_sites",2,2,1
"investment_program",2,2,1
"investor_owned_utility",2,1,1
"inyo_co",2,1,1
"inyo_mono",2,1,1
"io",2,1,1
"irlp",2,1,1
"irrigated_lands_regulatory_program_domestic_wells",2,1,1
"irrigation_demand_reduction",2,2,1
"irrigation_management_information_system_station",2,1,1
"irrigation_supply_wells",2,1,1
"irrigation_training_resource_center",2,1,1
"isa_8",2,1,1
"israel",2,1,1
"its_policies_and_activities",2,1,1
"izbicki_et_al",2,1,1
"j_texaco",2,1,1
"jack_noble",2,1,1
"jacks",2,1,1
"jackson_2002",2,2,1
"jacobs_engineering",2,2,1
"james_h_wegley",2,1,2
"james_maxwell",2,1,1
"james_strong",2,1,1
"jameson",2,1,2
"jc",2,2,2
"je_amoore",2,2,1
"jeff",2,1,3
"jeff_fenton",2,1,1
"jennifer_spaletta",2,1,1
"jenning_et_al",2,1,1
"jennings",2,2,2
"jenny_tribo",2,1,1
"jensen",2,1,2
"jim_rumbaugh",2,1,1
"joaquin_subbasin_hcm",2,1,1
"john_a_coleman",2,1,1
"john_bootsma",2,1,1
"john_chadwell",2,1,2
"john_heinlen_mutual_water_company",2,1,1
"john_ricker",2,1,1
"johnsen",2,1,1
"joint_exercise_of_powers_agreement_establishing",2,1,1
"joint_groundwater_sustainability_agency_boards_meeting",2,1,2
"joint_powers",2,1,2
"jones_pumping_plant",2,1,1
"jotform",2,1,1
"journal_of_applied_toxicology",2,2,2
"jpa_outline",2,2,1
"julia_berry",2,1,1
"kanawha_wd",2,1,1
"karuk_tribe",2,1,1
"katarina_campbell",2,1,1
"katie_hockett",2,1,2
"kaweah_aem_sci_inv_v1xyz",2,2,1
"kaweah_groundwater_communication_portal",2,1,1
"kaweah_management_team",2,1,1
"kaweah_subbasin_committee_management_team",2,1,1
"kcl",2,1,1
"ken_elwin",2,1,1
"ken_minn",2,2,1
"kenneth_hahn_state",2,1,1
"kerby_ranch",2,1,2
"kern_channel",2,1,4
"kern_county_environmental_health_services",2,1,3
"kern_delta_water_district_eastside_canal",2,1,1
"kern_groundwater_authority_checkbook",2,1,2
"kern_managers_meetings_representatives",2,2,1
"kern_river_flood_channel_canal",2,1,2
"kern_river_oilfield",2,1,1
"kern_river_plan_element",2,1,2
"kern_river_watermaster",2,1,1
"kevin",2,2,1
"kia_vang",2,1,5
"kiefer_landfill_description",2,1,1
"kings_coalition",2,1,1
"kings_river_conservation",2,1,1
"kings_river_flood_flows",2,1,1
"kjn_dissolved",2,1,1
"kjn_nitrate_nitrite",2,1,1
"klausmeyer",2,1,1
"knights_landing_csd",2,1,1
"knoxville",2,1,1
"kouba",2,1,1
"krega",2,1,2
"kristin_sicke",2,1,1
"kulongoski_et_al",2,1,1
"kyle_knutson",2,1,2
"l114_noticing_public",2,1,1
"l_05",2,1,1
"l_2s",2,1,1
"la_agencia_y_políticas",2,1,1
"la_purísima_mission_state_historic_park",2,1,2
"la_selva",2,1,1
"la_sostenibilidad",2,1,2
"lacey_mcbride",2,1,4
"lafreniere",2,1,1
"lahontan",2,1,2
"lake_mendocino_drive_ukiah",2,1,1
"lake_natoma",2,1,2
"lake_oroville",2,2,1
"lamnin",2,1,1
"land",2,2,1
"land_based_assessment_fees",2,1,1
"land_corporation",2,1,1
"land_subsidence_affecting_land_reilly",2,1,1
"land_subsidence_sustainable_management_criteria",2,1,2
"land_subsidence_sustainable_management_criteria_locally_defined_significant_and_unreasonable_conditions",2,1,1
"land_use_inventory",2,1,1
"land_use_jurisdiction_coordination_program",2,1,1
"land_use_study",2,1,1
"landowners_and_municipal_users",2,1,1
"lands_uses",2,1,1
"landsmart",2,1,1
"lane_et_al",2,1,1
"lark_seep",2,1,2
"las_agencias",2,1,1
"las_brisas",2,1,1
"las_condiciones_históricas",2,1,2
"las_posas_estates",2,1,1
"lassotovitch",2,1,1
"lateral_boundaries",2,2,2
"law816",2,1,1
"law_offices_of",2,1,2
"lawrence_berkeley_national_laboratory",2,1,2
"lawrence_livermore",2,2,1
"layer_1_and_2",2,2,1
"layne",2,1,1
"lcja",2,1,3
"lead_entity_the_lead_entity",2,1,1
"leads",2,1,1
"leak_repair_programs",2,2,1
"leandro_maldonado",2,1,1
"lebec_county_water_district_lebec_pw",2,1,1
"ledyard",2,1,1
"lee",2,1,2
"legal_authority_mandatory",2,1,1
"legal_counsels",2,1,1
"leland_stanford_junior_university",2,2,1
"level_2",2,1,1
"levels32",2,1,1
"levi_paulin",2,1,3
"liberty_mill_race_company",2,1,2
"liberty_utilities",2,1,2
"lieu_recharge_projects_to_deliver_unused",2,1,1
"limited_agriculture",2,1,1
"limoneira_company",2,2,2
"linguistic_isolation_linguistic",2,1,1
"list_of_abbreviations_1d",2,2,1
"list_of_management_actions",2,1,1
"list_of_projects_and_management_actions",2,2,1
"lithologic_texture_geostatistical",2,2,3
"little_dixie_washes",2,1,1
"local_basin_management_objectives",2,2,1
"local_groundwater_assistance_surface_water_groundwater",2,1,1
"local_meteoric_water_line",2,1,1
"local_supplies_local",2,2,6
"localized_outreach_and_engagement_strategies",2,2,1
"location",2,2,2
"lompoc_regional_wastewater_treatment_plant",2,1,4
"long_canyon_anticlines",2,1,1
"lookout_rancheria",2,1,1
"los_angeles_county_department_of_regional_planning",2,1,2
"los_angeles_county_waterworks",2,1,1
"los_padres_estates",2,1,1
"los_proyectos",2,1,1
"low_alluvial_fan_of",2,2,1
"lower_cache_putah",2,1,3
"lower_elkhorn_natural_resources_district_by_exploration_resources_international_geophysics_llc",2,2,1
"lower_feeder",2,1,2
"lower_layer_5",2,2,1
"lower_pressure_and",2,1,1
"lower_princeton_submarine",2,2,1
"lower_tule",2,1,1
"lower_uncertainty_wafr_fraction",2,1,1
"loyalton_fault",2,1,2
"lucas_avila",2,1,1
"luiseno_indians",2,1,2
"lux_land_company",2,1,1
"m",2,2,1
"macdoel_ii",2,1,1
"macgillivray",2,1,1
"machado",2,1,1
"mactec",2,1,2
"madera_community_college_center",2,1,1
"madera_county_auditor",2,1,1
"madera_irrigation_district_pipeline",2,1,1
"madera_ranch",2,1,3
"mailing_addresses",2,2,2
"main_intake_canal_seepage_reimbursement_program",2,1,1
"major_aquifers_aquitards_geologic",2,2,1
"making",2,2,1
"mammal_roosts",2,2,1
"managed_aquifer_recharge_low_volume",2,1,2
"managed_aquifer_recharge_of_overland_flow",2,1,1
"management_action_5",2,1,2
"management_action_this_management_action",2,1,1
"management_actions_groundwater_extraction_allocation_framework",2,1,1
"management_area_a",2,1,2
"management_area_b",2,1,2
"management_areas_a",2,1,2
"management_considerations",2,1,1
"management_es6",2,1,2
"management_of_groundwater_extractions_and_recharge",2,1,1
"management_program",2,2,1
"management_team",2,1,1
"management_undesirable",2,1,1
"mapping_of_department_of_water_resources_natural_communities",2,2,2
"marcuse",2,1,1
"mare_island",2,1,1
"marine_street_plant",2,1,1
"mark_souders",2,1,1
"matrix_spike_chemistry",2,2,1
"matt_pandol",2,1,1
"matthew_mayry",2,2,1
"mayfly_insects",2,1,1
"mañana_woods",2,1,2
"mcalister",2,1,1
"mcdonnell_douglas_corporation",2,1,1
"mcgrath_fault",2,1,2
"mcgrath_faults",2,1,1
"mclaughlin",2,1,1
"mclr",2,1,1
"mcmurtrey",2,1,2
"meacham_hill",2,1,1
"meade",2,1,1
"means_for_you_and_your_community",2,1,1
"measurable_objectives_for_subsidence",2,2,1
"measurable_objectives_when",2,1,1
"measured_measured",2,1,1
"measured_simulated",2,1,1
"measurement_quality_objectives",2,2,1
"mendocino_county_auditor",2,1,2
"mendocino_county_well",2,1,1
"merced_chowchilla_intertie",2,1,2
"merced_county_department_of_agriculture",2,1,1
"merced_county_environmental_health",2,1,1
"merced_groundwater_sustainability_plan_implementation_program",2,1,1
"merced_groundwater_sustainability_plan_program",2,1,1
"merced_sun_times",2,1,1
"merquin",2,1,1
"meter_audits",2,2,1
"metered_1975",2,1,1
"meyers_bank_pond",2,2,1
"meyers_bank_ponds",2,2,1
"michael_baker_international",2,1,3
"michael_cornelius",2,1,1
"michelle_anderson",2,1,1
"michelle_parker_quality_assurance_manager",2,1,3
"middle_kern_upper",2,1,1
"middle_sacramento_valley_study_unit",2,1,1
"milestone",2,2,1
"mill_and_deer",2,1,1
"minimum_thresholds_and_measurable_objectives_and_implementation_planning",2,1,1
"minimum_thresholds_and_undesirable_result",2,1,1
"miroc5",2,1,1
"mission_statement",2,2,1
"mkgsa_groundwater_storage_sustainable_management_criteria",2,1,2
"mo_noncompliance",2,1,1
"mobile_home_park_llc",2,2,2
"modesto_regional_water_treatment_plant",2,1,1
"modhms",2,2,1
"modoc_ditch_company",2,2,1
"modoc_division",2,1,1
"mohamed_jabloun",2,1,1
"mohave",2,1,1
"mokewise",2,1,1
"mono_rancheria",2,1,3
"monterey_county_water_resources_agency_board_of_directors_or",2,2,1
"montgomery_engineers",2,1,1
"moose",2,2,1
"morongo",2,1,1
"mountain_province",2,1,1
"moved",2,2,1
"moyle_et_al",2,2,1
"mpwmdfo10",2,1,1
"mpwmdfo5s",2,1,2
"ms4_permit",2,1,2
"msl_segmented",2,1,1
"mt_hebron_work_center",2,1,2
"mts",2,2,1
"mudpit_claystone",2,1,2
"mugu_canyon",2,1,1
"mugu_lagoon",2,1,1
"mule",2,1,1
"multi_benefit_recharge_suitability_tool",2,1,1
"municipalwaterinfrastructure",2,1,2
"must_include_additional_information_for_the_public_to_evaluate",2,1,2
"mw22",2,2,1
"mw5s",2,1,1
"n_a_10723b",2,1,1
"n_a_n_a_n_a_n_a_n_a",2,1,1
"n_a_pursuant",2,1,1
"na_cl",2,1,1
"nacimiento_pipeline",2,1,3
"napa_blue_grass",2,1,1
"napa_county_regional_park",2,1,2
"napa_st_piezo",2,1,1
"napacounty214s",2,1,2
"nasb",2,1,1
"nate_brown",2,1,1
"national_aeronautics_and_space_administration_jet_propulsion_laboratory_interferometric_synthetic_aperture_radar",2,1,1
"national_geodetic_survey_guidelines_for_establishing_gps_derived_ellipsoid_heights",2,1,1
"national_geodetic_vertical_datum",2,1,1
"national_marine_fisheries_criteria_used_see",2,1,1
"national_resources_conservation_service",2,2,2
"national_spatial_reference_system",2,1,1
"national_wildlife_refuges",2,1,1
"native_vegetation",2,1,1
"natural_communities_commonly_associated_with",2,1,1
"naval_air_station_point_mugu",2,1,1
"navstar",2,2,1
"ncfcwd",2,1,1
"needs_gw_et",2,1,1
"neva_ridge",2,2,1
"nevada_geodetic_laboratory_global_positioning_system_network",2,1,1
"new_brighton",2,1,1
"new_well_permit",2,1,2
"new_york_times",2,1,1
"newell_creek_pipeline",2,1,1
"newhall_ranch_water_reclamation_plant",2,1,2
"newport_inglewood",2,1,1
"newspaper",2,2,2
"newt_larvae",2,2,4
"next",2,1,2
"nextdoor",2,2,2
"nic_marchini",2,1,1
"nick_degroot_water_treatment_plant",2,1,2
"nick_osman",2,1,1
"nickel_family_llc",2,1,2
"nickel_water",2,1,2
"nltl_ld_z",2,2,1
"noe",2,2,2
"nojoqui",2,1,2
"non_ag",2,2,1
"non_central_valleyp",2,1,1
"non_operating_budgets",2,1,1
"norm_groot",2,1,2
"normal",2,1,1
"normal_dry",2,2,1
"north_ebp",2,1,1
"north_fork_rancheria",2,1,2
"north_kings_groundwater_sustainability_agency_management_structure",2,1,2
"north_san_joaquin_water_conservation_district_winery",2,1,1
"north_tulare",2,1,1
"north_yolo_management",2,1,3
"northeastern_maidu",2,1,1
"northern_counties_groundwater_characterization",2,2,1
"northern_delta",2,2,1
"not_applicable",2,1,2
"notes_1",2,2,1
"notice_of_decision",2,2,1
"notice_to_comply",2,1,1
"notices_of_decision",2,2,1
"novmeber",2,2,1
"np",2,1,1
"nrms",2,1,1
"nwi",2,1,1
"oak_valley_school",2,1,1
"oak_woodland",2,1,1
"observed_groundwater_levels",2,1,1
"occurs",2,2,1
"ocean_ranch_unit",2,1,3
"ocean_view_system",2,1,1
"office_of_environmental_health",2,1,3
"office_of_tribal_policy_advisor",2,2,1
"office_of_water_quality",2,1,3
"ojai_thacher_school",2,1,1
"okieville_highland_acres_mutual_water_co",2,1,1
"olcese_sands_aquifer_unit",2,1,1
"oleary",2,2,2
"oncorhynchus",2,2,1
"one_water_one_watershed",2,1,2
"online_system",2,2,1
"opened",2,1,1
"operates",2,1,2
"operational_flexibility",2,1,1
"opportunities_for_public_engagement_and_public_input",2,1,1
"opv_ag_owners_assoc",2,2,1
"orland_artois",2,1,1
"orland_artois_water_district_direct_groundwater",2,1,1
"orland_buttes",2,1,1
"orthomin",2,1,1
"other",2,2,1
"outflow",2,2,1
"outreach_engagement",2,1,1
"outside",2,2,1
"overbank",2,2,2
"overdraft_conditions_overdraft",2,2,1
"overland_runoff_simulated",2,1,1
"ow6a",2,1,1
"oxnard_hueneme",2,1,1
"oze_et_al",2,1,1
"p",2,1,2
"p_management_actions",2,1,1
"pacific_coast_salmon_fmp",2,1,2
"pacific_ecorisk",2,2,2
"pacific_fleet",2,1,1
"paiute_tribe",2,1,1
"pakiser",2,1,1
"palmer_howe",2,1,1
"palos",2,1,1
"pan_et",2,1,2
"parrott_investment_company",2,1,2
"participate",2,2,1
"pasajero",2,1,2
"paskenta_fault",2,2,2
"paso_robles_groundwater_basin_water_banking_feasibility_study",2,1,1
"paso_robles_groundwater_communication_portal",2,1,1
"path_to_achieve_measurable_objectives",2,1,1
"pauloo",2,2,1
"pdf_form",2,1,1
"pds",2,1,1
"peninsular_range_assemblage",2,1,1
"peninsular_ranges",2,1,1
"peninsular_ranges_province",2,1,3
"percent_of_total_streamflow_projected",2,1,1
"percolation",2,1,2
"pete_lawson",2,2,2
"petrified_forest",2,1,1
"pfbs",2,1,1
"pfos",2,2,1
"pfoss_pfoas",2,1,1
"pfoss_public_facilitiesoas",2,1,1
"phased_mitigation_of_overdraft_reduction_to_reach_sustainability",2,1,1
"phg",2,1,1
"piezometers",2,1,1
"pilarcitos",2,1,1
"pine_oak_woodlands",2,2,1
"pinedale_cwd",2,1,1
"piru_aquatic_consulting_services",2,2,1
"piru_b",2,2,1
"piru_creek_riparian",2,2,1
"piru_groundwater_basins_sustainable_management_criteria",2,2,1
"piru_wastewater_treatment_plant",2,2,1
"plan_manager",2,2,1
"planada_workshop_questions_and_comments",2,1,1
"planning_and_management_actions",2,2,1
"planning_and_management_considerations_working",2,1,1
"planning_horizon_water_year2041",2,1,1
"planning_tool",2,1,1
"pleasant_valley_subbasin_landowner_stakeholder",2,1,2
"plieto_fault",2,1,1
"poe_om_programs",2,2,1
"policy_w24_agricultural_and_urban_practices",2,2,2
"pomona_develop",2,1,3
"poseidon",2,1,1
"post_construction_requirements",2,2,1
"post_eocene",2,1,1
"potenti_al",2,1,1
"potential",2,1,1
"pou_om_programs",2,2,1
"precipitated_calcium_carbonate_ponds",2,2,1
"precipitation_based_spatially",2,1,1
"precipitation_inputs",2,2,1
"precipitation_runoff",2,2,1
"precipitation_thresholds",2,1,2
"predominant",2,1,1
"prepared_for",2,2,1
"preserve_cosumnes_coalition_delta_meadows_state_park_tribal_governments",2,1,1
"preserved_entitlement",2,1,1
"preserves",2,2,2
"press_enterprise",2,1,1
"press_outreach_press",2,2,1
"pressurization",2,2,1
"pretiosa",2,1,1
"prichard",2,1,4
"primary",2,2,1
"primary_water",2,1,1
"private_wells",2,1,2
"private_wells_new_systems",2,1,1
"pro_version",2,1,1
"procedures",2,1,1
"process_for_criteria_the_sustainable_management_criteria",2,2,2
"process_for_determining_measurable_objectives_interim_milestones",2,1,2
"processes",2,2,1
"professional_certification_water",2,2,1
"program_quality_objectives",2,1,1
"project_and_management_action_no",2,1,5
"project_benefits_and_water_reliability",2,1,1
"project_hydrology",2,1,1
"project_initial_study_mitigated_negative_declaration",2,1,1
"project_management_action",2,2,1
"project_management_team",2,1,1
"project_managers",2,1,1
"project_supply",2,1,1
"projected_climate_current_climate",2,2,2
"projected_future_agricultural_demand_for",2,2,1
"projected_future_land_use",2,1,1
"projects_to_enhance_recharge",2,1,1
"projects_to_enhance_recharge_banking",2,1,4
"projects_to_increase_surface_storage_capacity_delivery_flexibility",2,1,1
"proporcionar_información_sobre_sus_desafíos_de",2,1,1
"protect",2,2,2
"provision_d13",2,1,1
"public_comments",2,2,1
"public_engagement_meetings",2,1,2
"public_hearing",2,2,2
"public_review",2,2,2
"public_review_draft",2,1,2
"public_trust_resources_based",2,1,1
"pumped",2,2,1
"pumping1",2,1,1
"pumping_allocations",2,2,1
"purified_wastewater_sources",2,1,1
"purisima_aa_unit",2,1,1
"purisima_def_f",2,1,1
"purisima_f_unit",2,1,1
"purisima_point",2,2,1
"putah_creek_accord_undesirable_result",2,1,1
"putah_creek_cone",2,1,1
"pw12",2,2,1
"q8_av",2,1,1
"q9",2,1,1
"qb_qf",2,2,1
"qg_qg",2,2,3
"qro",2,1,1
"quality_assurance_manager",2,2,1
"quality_assurance_manual",2,1,1
"quality_criteria_for_water",2,2,1
"quaternary",2,2,1
"quaternary_alluvium_quaternary",2,2,1
"r23e",2,1,2
"r2_resource_consultants",2,2,1
"rafael_silberblatt",2,2,1
"raisin_city_oilfield",2,1,1
"ralph_m_brown_act5",2,2,1
"rancho_esquon",2,1,1
"rancho_san_juan",2,2,1
"ranging_consortium",2,1,1
"re_li_ab_ility",2,1,1
"recharge_field_infiltration_study_to_promote",2,1,1
"recharged",2,1,1
"recital_b_i",2,1,1
"reclaimed",2,1,4
"reclaimed_water_percolation_reclaimed",2,2,2
"reclamation_district_2107",2,1,2
"records_infiltration_of_surface",2,1,2
"records_of_decision",2,1,1
"recovered_water_account",2,1,1
"recreation",2,2,1
"recycled",2,1,2
"recycled_water",2,2,1
"red",2,2,2
"red_bluff_subbasin_historical_lateral_subsurface_groundwater",2,1,3
"red_bluff_subbasin_historical_vertical_subsurface",2,1,1
"redding_basin_water_resources_management",2,2,1
"redding_note",2,2,1
"reduce_reliance_on_imported_water",2,1,1
"reference_point",2,1,1
"refuge_water_supply_program",2,1,1
"regional_coordinators",2,2,1
"regional_san",2,1,1
"regional_water_quality_control_board_basin_plan_amendment",2,1,3
"regional_water_quality_control_board_la",2,1,1
"regional_water_quality_control_board_site",2,1,1
"regional_water_quality_control_board_water_quality_management_programs",2,1,1
"regional_water_quality_control_board_water_quality_management_programs_upper_ventura_rivergb",2,1,2
"regionally",2,2,1
"regulatory_cleanup_program",2,1,1
"reichard",2,2,1
"relied_upon_to_establish_minimum_thresholds",2,1,1
"relied_upon_to_establish_the_minimum_thresholds",2,2,1
"remediation_progress",2,2,1
"remediation_specialist",2,1,1
"require_new_developments_to_prove_sustainable_water_supply",2,2,1
"required_flows",2,1,1
"resolution",2,2,1
"resource",2,2,2
"resource_basin_certified",2,1,2
"resource_management_element",2,1,1
"resource_protection_and_preservation",2,1,1
"rest_application_programming_interfaces",2,2,1
"review",2,2,1
"reviews",2,1,1
"reynolds",2,1,1
"rhyolite_ash",2,1,1
"ric_1207274",2,1,2
"richmond_advanced_recycled_expansion",2,1,1
"rio_vista_standard_deviationac",2,1,1
"rio_vista_water_treatment_plant",2,1,1
"riparian_communities_management",2,1,1
"riverdale_pud",2,1,1
"riversidian_alluvial_scrub",2,1,1
"rl",2,1,1
"rms",2,1,1
"rms_locations",2,1,2
"robertson",2,1,1
"robin",2,1,2
"rock_creek_reclamation_district_board_of_trustees",2,1,1
"rock_ranch",2,1,2
"rodriquez_labor_camp",2,1,2
"roe",2,1,5
"rogelio_caudillo",2,1,2
"rohde",2,1,1
"roland_sanford",2,1,1
"rolling_hills_casino",2,1,1
"root_mean_square",2,1,1
"roseburg_lumber_company",2,1,1
"rosie_yacoub",2,1,1
"rst",2,1,1
"rubus",2,1,1
"rural_community_systems",2,2,1
"russell_range",2,1,1
"russian_river_flood_control_on_farm_groundwater",2,1,1
"russian_river_independent_science_review_panel",2,1,1
"rx_coil",2,2,1
"ryan_ridges",2,1,1
"ryder_gulch",2,1,1
"s_american",2,1,2
"sa1",2,1,1
"sacramento_and_the_woodland",2,1,1
"sacramento_area_flood_control",2,1,1
"sacramento_river_national_wildlife_refuge",2,1,1
"sacramento_state_university_consensus_and_collaboration_program",2,2,1
"sagr",2,1,1
"sampled_collected_wells_with",2,1,1
"sampled_detection",2,1,2
"san_ardo_oil_field",2,1,1
"san_benito_counties",2,1,1
"san_buenaventura_mission",2,2,1
"san_diego_association_of_governments",2,1,1
"san_diego_county_department_of_environmental_health",2,1,2
"san_diego_integrated_regional_water_management_program",2,1,1
"san_dieguito_river_valley_conservancy",2,1,1
"san_dieguito_watershed_habitat_restoration",2,1,1
"san_francisco_bay",2,1,1
"san_gabriel_mountain",2,1,3
"san_jacinto_mountains",2,2,1
"san_joaquin_farm_bureau",2,1,2
"san_joaquin_field_division",2,1,1
"san_joaquin_river_exchange_contractors_management_area_a",2,1,1
"san_joaquin_river_exchange_contractors_management_area_b",2,1,1
"san_joaquin_river_exchange_contractors_management_area_c",2,1,1
"san_leandro_cones",2,1,1
"san_lorenzo_cones",2,1,1
"san_lorenzo_valley_water_district_pasatiempo_7",2,1,1
"san_luis_drain_and",2,1,1
"san_luis_obispo_county_fcwcd",2,1,2
"san_miguel_community_services_district_district_wwwsanmiguelcsdorg",2,1,1
"san_timoteo_management",2,1,1
"san_ventura",2,1,1
"sandhills",2,1,3
"santa_ana_river_watershed",2,1,1
"santa_barbara_county_association_of_governments_regional_growth_forecasts",2,2,1
"santa_barbara_county_department_of_public_health_environmental_health_services",2,1,2
"santa_barbara_county_hydrology",2,1,1
"santa_barbara_news_press",2,2,2
"santa_clara_river_dry",2,2,4
"santa_clara_river_newhall_to",2,2,1
"santa_clara_river_upstream_of",2,2,1
"santa_clara_river_watershed",2,1,1
"santa_clarita_valley_water",2,2,1
"santa_cruz_environmental_health",2,1,1
"santa_cruz_wastewater_treatment_facility",2,1,1
"santa_margarita_aquifer_private_pumpers",2,1,6
"santa_paula_mound",2,2,1
"santa_rita_uplands",2,2,2
"santa_rosa_park",2,1,1
"santa_ynez_ema_groundwater_sustainability_plan_development",2,1,2
"santa_ynez_fire",2,1,1
"santa_ynez_hydrologic_unit",2,2,1
"santa_ynez_reservation",2,1,1
"saracino",2,1,1
"sauer",2,2,1
"sb797",2,1,1
"scalamanini_engineering",2,1,1
"scaling_factors",2,2,1
"scenarios",2,1,1
"schematic_diagram_of_kaweah_river_system",2,2,1
"schenk",2,2,1
"scott_de_leon",2,1,1
"scotts_valley_dry_cleaners",2,1,2
"scotts_valley_syncline",2,1,1
"scr",2,1,1
"scripps_orbit_and_permanent_array_center_global_navigation_satellite_system_processing",2,1,2
"scv_groundwater_sustainability_agency_decision_making_process",2,1,1
"scvm",2,1,3
"scwa_allendale",2,1,1
"sdac_consultation",2,1,1
"sdac_geographic",2,1,1
"se_resultado_de_las_condiciones_naturales_de_oxidación_y_reevaluarán_y_describirán_mediante",2,1,1
"seascape_pw",2,1,1
"seawater_intrusion",2,2,1
"sebastopol_meadowfoam",2,1,2
"second_amended_cross_complaint",2,2,1
"secondary_maximum_contaminant_levels",2,1,1
"secondary_maximum_contaminant_limits",2,1,1
"sections_3514",2,2,1
"sections_421",2,2,1
"secure_engineering_services_begin_setting_assessment",2,2,1
"self_help",2,1,2
"semiconfined",2,1,2
"senate_bill_1168",2,2,1
"sensitive_wildlife_species_sensitive",2,1,1
"separate",2,1,3
"septic_systems_groundwater",2,1,1
"septic_systems_surface",2,2,1
"sequoia",2,1,1
"sequoia_forestkeeper",2,1,2
"sespe_united_2018",2,2,1
"setting_3",2,2,1
"settlers_ditch_company",2,1,2
"sgs_north_america_inc",2,1,1
"shafter_state_interstate_highway_bureau_of_indian_affairs_national_land_area_representation",2,1,1
"sharpe",2,1,2
"sharpe_army_depot",2,1,1
"shelly",2,1,1
"si_lve_ra_tr_l_napacounty218s",2,1,1
"siemens",2,1,1
"sierra_madre_foothills",2,1,2
"sierra_nevada_basement",2,1,1
"sierra_nevada_foothills",2,1,1
"sierra_nevada_mountain",2,1,1
"sierra_valleys_railroad",2,1,1
"sii",2,2,2
"siiib",2,1,1
"simulated_groundwater_levels",2,1,1
"siskiyou_county_farm_bureau",2,2,1
"siskiyou_county_superior_court",2,1,2
"site",2,1,2
"site_characterization_and_remediation_of_environmental_pollutants",2,1,3
"site_cleanup_program",2,1,1
"sldmwa_customs_and_border_protection",2,1,1
"slender_mariposa_lily",2,2,1
"smc1",2,2,1
"snyder",2,2,4
"social_media_fifteen",2,1,1
"soil_agricultural_groundwater_banking_index_4",2,2,1
"soil_mechanics_and_foundation_engineers_1967",2,1,1
"soil_survey_staff",2,2,2
"solano_project_water_not",2,1,1
"solano_subbasin_groundwater_sustainability_plan_development",2,1,2
"solinst",2,1,1
"son0552",2,1,2
"sonoma_county_auditor_controller_treasurer_tax_collector",2,2,1
"sopac",2,1,1
"sophocleous",2,1,1
"sorenson",2,1,1
"south_coast_conduit",2,1,1
"south_del_rey_avenue",2,1,1
"south_division",2,1,2
"south_ord",2,1,1
"southeast_san_joaquin",2,2,2
"southgate",2,1,1
"southwest_san_timoteo",2,1,1
"southwestern_block",2,1,1
"sovereign_tribal_nations",2,1,1
"sp128",2,1,1
"sp129",2,1,2
"spadra_groundwater_sustainability_agency_implementation_team",2,1,3
"spadra_landfill",2,1,2
"sparse_matrix_solver",2,1,1
"spatial_discretization",2,2,1
"special_study",2,1,1
"spencer",2,1,1
"sphere_of_influence",2,2,1
"spreckels_sugar_beet_processing_facility",2,2,1
"spreckels_sugar_plant",2,1,1
"spring_2017",2,1,1
"spring_2018",2,1,1
"springville_domain",2,2,2
"squeesar",2,1,1
"sr_pomo_indians",2,1,1
"srd",2,1,2
"srphm10",2,1,1
"srwcb",2,2,1
"sscwd_ridgemark_facilities",2,1,1
"staal",2,1,2
"stakeholder_engagement_team",2,1,1
"stakeholder_survey",2,2,1
"stakeholders",2,1,1
"stanislaus_county_department_of_environmental_resources",2,1,2
"stanislaus_state_stormwater_recharge",2,1,1
"state_beach",2,2,2
"state_division_of_drinking_water",2,2,1
"state_hospital",2,1,1
"state_secondary_drinking_water_standards",2,1,2
"state_water_project_contractors",2,1,1
"state_water_resources_control_board_water_resources",2,1,1
"statewide_crop_mapping",2,1,1
"static_program",2,1,1
"statsgo",2,1,1
"stephanie_anagnoson",2,1,1
"stewart",2,1,1
"stipulation",2,1,1
"stockton_fault",2,1,1
"stony_point",2,1,1
"stop",2,2,1
"storage_of_information_required_for",2,1,1
"stormflows",2,1,1
"stormwater_management_program",2,1,1
"stormwater_resources",2,1,1
"stratigraphic_columns",2,2,1
"stream_channel_improvements",2,1,3
"streamflow_augmentation",2,2,2
"streamflow_depletion_reaches",2,2,1
"streamflow_streamflow",2,2,2
"street",2,1,4
"strongs",2,1,1
"suaeda",2,1,1
"subareas_east",2,1,1
"subbasin_management_team_comprised",2,1,1
"subsurface_water_budget",2,1,2
"suite_210",2,1,1
"summers_engineering",2,1,1
"sun_maid_growers",2,1,1
"support_sustainable_groundwater_supplies",2,1,1
"supports",2,2,1
"surface_water_bodies_supply_water_to_basin_residents",2,1,1
"surface_water_quality_cadmium",2,1,1
"surface_water_quality_iron",2,1,2
"surface_water_quality_manganese",2,1,5
"surface_water_quality_selenium",2,1,4
"surface_water_quality_set",2,1,2
"surface_water_treatment_facility",2,2,1
"surficial_deposits",2,1,1
"sustainability_evaluation",2,2,1
"sustainability_indicator_4",2,1,1
"sustainable_groundwater_management_act_3564",2,2,1
"sustainable_groundwater_management_act_facilitation_support_services_program",2,1,1
"sustainable_groundwater_management_act_implementation156_specifically",2,1,2
"sustainable_groundwater_management_act_implementation213_specifically",2,1,2
"sustainable_groundwater_management_act_planning",2,1,1
"sustainable_groundwater_management_act_regulations_article_8",2,1,1
"sustainable_groundwater_management_act_requirements_for_stakeholder_outreach",2,2,1
"sustainable_groundwater_management_act_soar",2,1,1
"sustainable_groundwater_management_act_strategies",2,1,2
"sustainable_groundwater_management_act_sustainability_goals",2,1,1
"sustainable_groundwater_management_grant_program_planning",2,1,2
"sustainable_management_criteria_figures",2,1,1
"sustainable_management_criteria_for_groundwater_quality",2,2,1
"sustainable_management_criteria_survey",2,1,1
"sustainable_management_criteria_workshops",2,1,1
"sustainable_water_infrastructure_project_awtf",2,1,1
"sustainable_yield_estimate_sustainable",2,2,1
"sutter_county_environmental_health_division",2,2,1
"sutter_placer_county_line",2,1,2
"svd",2,2,1
"svii",2,1,1
"sw_1240",2,2,2
"swall_basin_southwest_cell",2,1,1
"swi_protective",2,1,1
"swift_et",2,2,1
"swift_et_al",2,2,1
"swrcs",2,1,1
"swtp",2,1,2
"sycamore_ranch",2,2,1
"symposium",2,2,6
"syndicate_water_company",2,1,2
"t0600102079_mw1",2,1,1
"t11s",2,1,1
"t22s",2,1,2
"t_hopkins",2,1,1
"tamara_kelly",2,2,1
"task_forces",2,1,2
"tbe_city",2,1,1
"tbsmd",2,1,1
"tcwa_boardroom",2,1,1
"techniques_of_water_resources_investigations",2,1,1
"tehama_1992_mining",2,1,1
"tehama_formation_exposures",2,2,2
"tehama_formation_of",2,1,3
"tehama_september_27",2,2,1
"tejon_ranchcorp",2,1,1
"terms_and_conditions",2,2,1
"terry_foreman",2,1,1
"tertiary_treatment_plant",2,1,2
"testing_of_recharge_capacity",2,1,1
"teubert",2,1,1
"texas_commission_on_environmental_quality",2,1,1
"tf",2,1,1
"thamnophis_gigas_threatened",2,1,1
"theim",2,2,1
"this",2,2,1
"this_action",2,1,2
"this_certification",2,2,1
"this_certification_for",2,2,1
"this_intertie_feasibility_study",2,1,2
"this_public_user_guide",2,2,1
"this_stipulation_and_order",2,1,1
"thomas_fire",2,2,1
"thomas_harter",2,1,1
"threatened_special_concern_arssc",2,1,2
"threatened_threatened",2,1,1
"threatened_threatened_reliance_on_groundwater",2,1,1
"tidewater",2,1,1
"tier_1_management_action_8_study",2,1,1
"tim_durbin",2,2,1
"tim_echevarria",2,1,1
"timeline_for_implementation_and_accrual_of_expected_benefits",2,1,1
"timeline_for_implementation_and_accrual_of_expected_benefits_depending",2,1,1
"tm1",2,1,1
"tmdl_task_force_of_tmdl",2,1,1
"to_achieve_measurable_objectives",2,1,1
"to_meet_costs",2,1,1
"to_modify_for_future_climate_change_based_projections",2,1,1
"to_protect_water_quality_prepare",2,1,1
"to_stay_engaged",2,1,1
"todd_greene",2,2,1
"todos_los_gastos",2,1,2
"tom_bess_asphalt_company",2,1,1
"tom_lauknes",2,2,1
"tom_moody",2,1,2
"total",2,1,2
"total_maximum_daily",2,2,1
"town_of",2,2,1
"town_of_mendocino",2,1,1
"tracy_carbona",2,1,1
"tracy_defense",2,1,2
"tracy_subbasin_groundwater",2,1,2
"train_gsa_staff",2,1,1
"tranquility",2,2,1
"transition_probability_geostatistical_software",2,2,1
"transportation_charge",2,1,1
"transverse_ranges_geomorphic_province",2,2,2
"travis_air_force_base",2,1,1
"trc_pw88a",2,1,1
"treaty",2,1,2
"tres_pinos_fault",2,1,3
"tribal_band",2,2,1
"tribal_beneficial",2,2,1
"tribal_engagement",2,2,2
"tribal_jurisdictional_boundaries",2,1,1
"tribal_reservations",2,1,1
"triennial_updates",2,1,1
"trigger_levels",2,1,2
"trilby_barton",2,2,1
"trimble_geo_7x",2,2,1
"trs",2,2,1
"tulare_board_of_public_utilities",2,1,1
"tulare_counties",2,1,1
"tulare_county_2030",2,1,3
"tulare_study",2,2,2
"tule_basin_sustainable_management_criteria",2,2,2
"tule_elk_reserve",2,1,1
"tulelake_city_hall_update",2,1,1
"turf_removal_program",2,1,1
"turlock_groundwater_sustainability_plan_pma",2,1,1
"turnipseed",2,2,1
"ub",2,2,1
"uda",2,1,1
"uic",2,1,1
"unafco_ground",2,1,1
"under_drinking_water_programs",2,2,1
"underground_storage_tank",2,1,1
"underlying_the_water_budgets_are_unclear",2,1,1
"underst_nd_ing",2,2,1
"undesirable",2,2,1
"uninhabited_aerial_vehicle_synthetic_aperture_radar",2,1,4
"union_water_company",2,1,1
"united_gw_quality",2,2,3
"united_states_department_of_agriculture_natural",2,2,2
"united_states_department_of_agriculture_natural_resources_conservation_service",2,2,3
"united_states_forest_service",2,1,7
"united_states_geological_service",2,2,1
"united_states_geological_survey_national_water",2,2,1
"united_states_geological_survey_water_supply_paper",2,1,2
"united_water_conservation_district_basin_conditions",2,2,1
"universal_transverse_mercator",2,2,1
"university_of_south_dakota",2,2,1
"unlikely",2,2,1
"unsaturated_based",2,1,1
"updates",2,2,1
"upper_cosumnes",2,1,1
"upper_san_leandro",2,1,1
"urban_water_management",2,1,3
"us_census_acs",2,1,1
"us_environmental_protection_agency_guidance_on_systematic",2,2,1
"us_environmental_protection_agency_national_recommended_water_quality_criteria",2,2,1
"us_fish_and_wildlife",2,2,1
"us_naval_construction_battalion_center",2,2,1
"us_supreme_court",2,1,4
"used_for_evaluating_groundwater_surface_water_interactions",2,1,1
"used_to_estimate_the_water_budget",2,1,1
"user_input_parameters",2,1,1
"uses_environmental",2,1,1
"utilities",2,2,1
"valeteria_dry_cleaners",2,1,1
"van_der_maaten",2,2,2
"van_hoozen_james_l_family_trust",2,1,1
"vcf",2,2,1
"venice",2,1,1
"ventura_county_agricultural",2,2,1
"ventura_county_environmental_health_division",2,1,1
"ventura_county_resource_management_agency_division_of_environmental_health",2,2,1
"ventura_water",2,1,5
"verano_st_piezo",2,1,1
"vicki_kretsinger_grabert_lead_engineer",2,1,5
"vicksburg",2,2,1
"vp_of_operations_for_torrent_laboratory",2,2,1
"vwlpdwhg6fkhgxohri0rgho8sgdwhfwlylwlhv",2,2,1
"w_4th",2,1,1
"w_morton_avenue",2,1,2
"w_thompson",2,1,1
"walnut_hills_mutual_water_company",2,1,2
"water_allocation_plan_agricultural_ma",2,1,1
"water_budget_diagram",2,1,1
"water_budgets",2,1,1
"water_commission_water_supply_investment_program",2,2,1
"water_conservation",2,2,2
"water_control_manual",2,1,1
"water_efficiency_and_allocation_program",2,1,1
"water_management",2,2,2
"water_management_services",2,1,1
"water_quality_control_policy_for_maintaining_instream_flows",2,1,1
"water_quality_frequently",2,1,1
"water_quality_goals_for_agriculture",2,2,1
"water_resources_and_supply_water",2,1,1
"water_resources_recovery_facility",2,1,1
"water_resources_staff",2,1,1
"water_supply",2,2,1
"water_supply_agreement_for_delivery_of_water_through",2,2,1
"water_supply_assessment",2,1,1
"water_symposium_hosted",2,1,2
"water_systems_consulting_inc",2,1,4
"water_treatment_plant",2,1,2
"water_use_and_efficiency_branch",2,2,1
"water_use_efficiency_programs",2,1,1
"water_year_2043",2,2,1
"waterford_without_increasing_costs",2,1,1
"watermains",2,1,1
"watershed_boundary",2,2,1
"watershed_consumptive_use_fractions_of",2,1,2
"watershed_information_center_conservancy",2,1,1
"watersheds_15_coalition",2,1,2
"wd",2,2,2
"well_02n20w17j06s_accounting",2,1,1
"well_log",2,1,2
"well_outage_risk_analysis",2,2,1
"well_owners_guide",2,1,1
"wells_02n19w07k02_and",2,1,1
"wells_02n19w07k03s_and_02n19w07k02s",2,1,1
"wells_02n21w11j06s",2,1,1
"wells_03n20w35r03s",2,1,1
"wells_coordinates",2,1,1
"wells_monterey_peninsula_water_management_districtfo9",2,1,2
"wells_notes",2,2,3
"wells_samples",2,1,1
"west_fork_carson",2,1,1
"west_san_jacinto_groundwater_management",2,1,4
"west_stanislaus",2,1,3
"western_areas_power_administration",2,1,1
"western_pacific_railroad",2,1,1
"western_water_recycling_facility",2,1,1
"western_yolo",2,1,3
"westland",2,1,1
"westlands_water_quality_coalition",2,1,1
"westside_central_valleyp",2,2,1
"westside_coalition",2,1,2
"westside_subbasin_boundary",2,1,1
"wheeler_crest",2,1,1
"when_establishing_sustainable_management_criteria",2,1,1
"whereas",2,1,1
"white_alder",2,1,3
"whitewater_recharge_facilities",2,1,1
"wight_way",2,1,1
"wilcoxon",2,1,1
"wildlife_habitat",2,2,2
"wildlife_heritage_foundation",2,2,1
"will_affect",2,1,1
"will_manage_areas_not_covered",2,1,1
"william_flaxington",2,1,1
"wilma_chan",2,1,2
"wind_gap_pumping_plant",2,2,1
"wind_wolves_preserve",2,1,1
"wood_project_chemist",2,1,1
"woodbridge_ecological_reserve",2,1,2
"woodland_alliance",2,2,1
"woolfenden",2,1,1
"working_group_meeting",2,1,1
"working_group_to",2,1,1
"wr16_water_supplier_cooperation",2,2,3
"wrwrf",2,1,1
"wscp",2,1,2
"wscps",2,1,2
"wutchumna_ditch",2,1,1
"wyt1_bay",2,1,1
"xyz_dist",2,1,1
"y_n_project_recharge",2,1,1
"y_proyectados_para_la_subcuenca",2,1,1
"yates_et_al",2,1,1
"yellow_butte",2,1,1
"yellow_warbler",2,2,2
"ynez",2,2,1
"yolo_county_integrated",2,1,1
"you",2,2,1
"youtube",2,1,1
"ysi_6820",2,2,1
"ysi_6920",2,2,1
"yucaipa_landfill",2,1,1
"yvwrff",2,1,3
"zhang_et_al",2,2,1
"δstorage",2,1,1
"00061_feet",1,1,1
"001μg_l",1,1,3
"01n22w20j08s",1,1,2
"02n20w02d02s",1,1,1
"02n20w07k02s",1,1,1
"03n20w35j01s",1,1,4
"0433pm_5",1,1,1
"07n01e29p001_m",1,1,2
"1010_intermountain_conservation_camp",1,1,1
"1062021",1,1,3
"1128_federal_government",1,1,1
"11b",1,1,3
"1222021",1,1,1
"12920_13",1,1,1
"13mg_l",1,1,1
"143_operational_flexibility_limitations",1,1,1
"164400_af",1,1,2
"18_ma",1,1,1
"1998_permit",1,1,1
"1_department_of_water_resources",1,1,1
"1cvp",1,1,1
"2016_feasibility_study",1,1,1
"2020d",1,1,1
"2070_central_tendency_climate_change_factors",1,1,1
"210c",1,1,1
"214_historical_santa_ysabel_creek_riparian_rights_riparian",1,1,2
"23111_irrigated_lands_regulatory_program",1,1,1
"2332_groundwater_exchange",1,1,1
"255_city_and",1,1,3
"25_reference_to",1,1,1
"272_approach",1,1,1
"296280_af",1,1,1
"3252_criteria",1,1,1
"325_composite_surface_a_composite_surface",1,1,1
"3272019_ug",1,1,1
"335_city_and",1,1,2
"35410_initial_notification",1,1,1
"3548f",1,1,1
"3623_brochure",1,1,1
"372_head",1,1,1
"416_chowchilla_water_district_project_financing_pursuant",1,1,1
"422019_ug",1,1,1
"424_education_and_outreach_4241_project_description",1,1,3
"424_streamflow_measurements",1,1,1
"476500_inflow_outflow_gw",1,1,1
"4c2_management_action_no",1,1,2
"4th_floor",1,1,1
"5_distribution_system",1,1,3
"5_water",1,1,1
"76_worksheet_37",1,1,2
"77_development",1,1,1
"7_c",1,1,1
"7_city",1,1,1
"813_communication_and_outreach_ongoing",1,1,2
"83212_relationship_to_additional_groundwater_sustainability_plan_elements",1,1,1
"8346_timetable_for_implementation",1,1,1
"852021",1,1,1
"904b",1,1,1
"9272018_ug",1,1,2
"933_criteria",1,1,1
"952_conceptual_projects_six",1,1,1
"952_minimum_thresholds",1,1,1
"95406_wwwsonomavalleygroundwaterorg",1,1,5
"96_periodic",1,1,1
"97_land_subsidence_historical",1,1,1
"a2",1,1,1
"a2_4",1,1,1
"a2_decentralized_stormwater_recharge",1,1,1
"a2fa16",1,1,2
"a2fa17",1,1,1
"a2fa6",1,1,1
"a2ff20",1,1,1
"a2fg13",1,1,1
"a85005",1,1,1
"a_ag_innovations",1,1,1
"a_bound_party",1,1,1
"a_budget_transfer",1,1,2
"a_calculation",1,1,1
"a_coastal_development_permit",1,1,1
"a_community_community",1,1,1
"a_comprehensive_allocation_method",1,1,1
"a_continuously_operating_reference_stations",1,1,1
"a_county_of_ventura",1,1,1
"a_dairy_element",1,1,1
"a_define",1,1,1
"a_fire",1,1,1
"a_funding_partner",1,1,2
"a_geotracker",1,1,1
"a_geotracker_ranch_global_identification_number",1,1,1
"a_groundwater_augmentation_program",1,1,1
"a_management_area_exceedance",1,1,1
"a_nitrate_total_maximum_daily_loadpurisma",1,1,1
"a_notice_of_intent_on",1,1,1
"a_partnership_commitment",1,1,1
"a_planning",1,1,1
"a_precipitation_threshold_for_runoff",1,1,1
"a_public_access_to_records",1,1,1
"a_regional_water_efficiency_program",1,1,1
"a_resources_development_assessment",1,1,1
"a_sacred_lands_file",1,1,1
"a_sewer_connection_permit",1,1,1
"a_state_water_project_contractor",1,1,1
"a_superior_court_of",1,1,2
"a_temporary_water_service_program",1,1,1
"a_water_resource_validation_program",1,1,1
"aall",1,1,2
"aapg",1,1,1
"ab2222",1,1,1
"ab_32",1,1,1
"ab_52",1,1,1
"abandoned_sa_n",1,1,1
"abbreviations",1,1,1
"abhishek_singh",1,1,1
"abrams",1,1,1
"abrup",1,1,1
"absence_of_management_changes",1,1,1
"access",1,1,1
"accord",1,1,1
"according",1,1,1
"accounting_management_action",1,1,1
"accumulated_capital_outlay_fund",1,1,1
"acft26",1,1,1
"achieve_sustainability",1,1,1
"acknowledgements",1,1,1
"action_reclamation",1,1,2
"active_gauge_locations",1,1,1
"active_groundwater_sustainability_agency_coordination_with_water_quality_agencies_and_coalitions",1,1,1
"adam_claes",1,1,1
"adams_and_academy",1,1,1
"adapted",1,1,1
"adaptive_management_strategy",1,1,1
"addi_tional_pl",1,1,1
"additional",1,1,1
"address",1,1,1
"adelaida_area_hydrogeologic_study",1,1,1
"adequately_address_groundwater_quality_12",1,1,1
"adin_ranger_station",1,1,1
"adin_wells",1,1,1
"adjusted_base_production_rights",1,1,1
"administering",1,1,1
"administrative",1,1,1
"administrative_approach_and_implementation",1,1,1
"administrative_approach_governance_structure",1,1,1
"administrative_costs_the_administrative",1,1,1
"administrative_draft",1,1,1
"administrative_personal",1,1,1
"administrative_staff",1,1,1
"administrator_collect",1,1,1
"adopt",1,1,2
"adopted_city_urban_development_boundary",1,1,1
"advanced_biological_testing",1,1,1
"advanced_water_purification_facility",1,1,1
"advisory",1,1,1
"advisory_board_of_the_groundwater_exchange",1,1,1
"advisory_committee_and",1,1,2
"advisory_committee_distribution_system_usage_with_facilities",1,1,1
"advisory_committee_meetings",1,1,1
"ae20",1,1,1
"ae27",1,1,1
"aec",1,1,1
"aem_study10",1,1,2
"aem_study11",1,1,2
"aem_survey",1,1,2
"aer",1,1,1
"aera_energy_llc",1,1,1
"aerojet_general_corp",1,1,1
"aerojet_general_corporation",1,1,1
"af_abbreviations",1,1,3
"af_of",1,1,1
"af_of_level_2",1,1,1
"af_y_difference",1,1,1
"af_y_f",1,1,1
"affonso",1,1,2
"afyin",1,1,1
"ag_coverage",1,1,1
"ag_water",1,1,1
"agai_nst",1,1,1
"agencies_organization_and_management_structures_the",1,1,1
"agencies_with_water_management_responsibilities",1,1,1
"agency_administration_operations",1,1,2
"agency_for_toxic_substances_and_disease_registry_agency_for_toxic_substances_and_disease",1,1,1
"agency_information_ebmud",1,1,1
"agency_organization_and_management_structure",1,1,1
"agency_sustainable",1,1,1
"agenda_to",1,1,1
"aging_and_disability_program",1,1,1
"agricultural_ag",1,1,1
"agricultural_agricultural",1,1,1
"agricultural_agricultural_mutual_water_company",1,1,1
"agricultural_and_industrial",1,1,1
"agricultural_business",1,1,10
"agricultural_conveyance_system",1,1,1
"agricultural_demands",1,1,1
"agricultural_drain_tiles_agricultural",1,1,1
"agricultural_irrigation_pumping",1,1,1
"agricultural_land_and_water_use_budget",1,1,1
"agricultural_land_retirement",1,1,1
"agricultural_land_use_jurisdiction",1,1,1
"agricultural_lands_preservation_initiative",1,1,1
"agricultural_morongo_band_of_mission_indians",1,1,1
"agricultural_operations",1,1,1
"agricultural_residential_groundwater_users",1,1,2
"agricultural_resource_or_agriculture",1,1,1
"agricultural_seat",1,1,1
"agricultural_surface_water_supplies",1,1,1
"agricultural_urban_reserve",1,1,3
"agricultural_users",1,1,2
"agricultural_waiver_program",1,1,1
"agricultural_water_management",1,1,1
"agricultural_water_management_planning_agricultural",1,1,1
"agricultural_water_providers",1,1,1
"agricultural_water_quality_thresholds",1,1,1
"agricultural_water_resources_wr15",1,1,2
"agricultural_wells",1,1,1
"agriculture_agriculture",1,1,1
"agriculture_land_use_projections",1,1,1
"agua_tibia_fan",1,1,2
"ahtna_environmental",1,1,2
"ahtna_government_services",1,1,1
"ahtna_prior",1,1,1
"ahtna_program",1,1,1
"ahtna_project_chemist",1,1,1
"aims_to_complete_draft",1,1,1
"air_force_environmental_restoration_program",1,1,1
"air_quality",1,1,2
"air_quality_elements",1,1,1
"air_reserve_base",1,1,4
"airborne_electromagenetic",1,1,1
"airoyo_seco",1,1,2
"al_departamento_de_recursos_hídricos",1,1,1
"al_department_of_water_resources",1,1,1
"al_descenso",1,1,2
"alameda_counties",1,1,2
"alameda_county_department_of_public_works",1,1,2
"alameda_deposits",1,1,1
"alan_shearer",1,1,1
"alberhill",1,1,1
"alessandro",1,1,1
"alex",1,1,1
"alexander_kerby",1,1,1
"alfonso_ramelli",1,1,1
"algorithm_for_land",1,1,1
"alkaline_scrub",1,1,1
"all_wba_5",1,1,1
"allen_camp_unit",1,1,1
"allocation_program",1,1,1
"alluvial_fan_deposits_water_bearing_formation_isolated",1,1,1
"almond",1,1,1
"alpaugh_csd",1,1,1
"alpert",1,1,1
"alta_mesa_conditions_summary_road_crossing",1,1,1
"amador_water_agency_board_room",1,1,1
"amah_mutsun_tribal_band",1,1,1
"amanda_monaco",1,1,1
"amazon",1,1,1
"amber_ritchie",1,1,1
"amec_foster_wheeler",1,1,1
"american_chemical_society",1,1,1
"american_chemical_sympo",1,1,1
"american_community_survey_median_household",1,1,1
"american_del_rey",1,1,1
"american_legion",1,1,1
"american_potash",1,1,1
"american_rivers_sacramento",1,1,1
"american_rivers_total_outflow_15167800",1,1,2
"american_standard_code_for_information_interchange",1,1,1
"american_water_works_company",1,1,1
"ameripride",1,1,1
"amy_steinfeld",1,1,2
"an_agricultural_water_quality_goal",1,1,1
"an_alternative_management_strategy",1,1,1
"an_economic_analysis_and_framework_for",1,1,1
"an_interbasin_coordination",1,1,1
"an_interbasin_public_works",1,1,2
"an_op_ed_piece",1,1,1
"an_state",1,1,1
"ana",1,1,1
"ana_riparian_groundwater_dependent_ecosystem_unit",1,1,1
"anadromous_salmonid",1,1,2
"anagnoson",1,1,2
"analysis_of_historical_surface_water_diversions_historical",1,1,1
"ancestral_mount_shasta",1,1,1
"and_maintenance",1,1,2
"and_union_of",1,1,2
"andisols",1,1,1
"andrew_millison",1,1,1
"andrew_pandol",1,1,2
"andrews_st_bridge",1,1,1
"andy_bogetti_family_trust",1,1,4
"andy_duffey",1,1,5
"andy_gordus",1,1,1
"andy_rodgers",1,1,3
"animals_dependent_on_groundwater",1,1,1
"ann_dubay",1,1,6
"anna_caballero",1,1,1
"annexed",1,1,1
"annual_meeting",1,1,1
"annual_operations_maintenance",1,1,1
"annual_proponent",1,1,1
"annual_pumping_allocations",1,1,1
"annual_state_water_project_entitlements",1,1,4
"annual_streamflow",1,1,1
"another",1,1,1
"another_ngo",1,1,1
"ant_hill_oil_field",1,1,1
"anthony_rocha",1,1,15
"antidegradation_objectives_for_total_dissolved_solids",1,1,1
"antidegradation_study",1,1,1
"any",1,1,1
"app_g",1,1,1
"appellate_court_to",1,1,2
"applicable",1,1,1
"application",1,1,1
"application_for_service",1,1,1
"applied_groundwater_return",1,1,1
"applied_municipal_services",1,1,1
"applied_surface_water",1,1,2
"applied_water_et",1,1,1
"appoint_public_board_member_planning_committee_regular_meeting",1,1,4
"appointed",1,1,1
"appraisal_institute",1,1,1
"appro_pri",1,1,1
"appropriative_am",1,1,1
"approved_budget",1,1,5
"approved_organizational_activities",1,1,1
"aptos_creel",1,1,2
"aquatic_conservation_strategy",1,1,1
"aquifer_replenishment_project_implementation",1,1,1
"aquifer_storage_and_recovery_council_on_environmental_qualitya",1,1,2
"aquifer_storage_and_recovery_operation_effects",1,1,1
"aquifer_storage_and_recovery_year",1,1,1
"aquila",1,1,1
"aquitard_properties_bulletin",1,1,1
"aquitards_department_of_water_resources_bulletin",1,1,1
"aquitards_primary",1,1,1
"arbolada",1,1,1
"arbuckle_farr_et",1,1,1
"are_inadequate",1,1,1
"are_located",1,1,2
"are_management_implementation",1,1,1
"area_of_critical_environmental_concern",1,1,1
"areas_of_interest",1,1,1
"areas_of_recharge_and_prior",1,1,1
"areas_recharge",1,1,1
"argia_spp",1,1,1
"argon",1,1,1
"armona_stratford",1,1,1
"army_base_realignment_and_closure",1,1,1
"army_base_realignment_and_closure_fort_ord_office",1,1,3
"army_base_realignment_and_closure_office",1,1,1
"army_corps_of_engineers_army_corps_of_engineers",1,1,1
"army_corps_of_engineers_corps",1,1,1
"army_reserve_center",1,1,2
"arrowhead_bottling_plant",1,1,2
"arroyo_chub",1,1,1
"arroyo_del_toro_temescal_wash",1,1,1
"arroyo_ramoso",1,1,1
"arroyo_santa_rosa_basin_groundwater_sustainability_agency_website_regular",1,1,1
"arroyo_seco_cone_management",1,1,1
"arsenal",1,1,1
"arsenic_mitigation_program",1,1,1
"arturo_mejia",1,1,1
"arundo",1,1,1
"arvin_edison_management",1,1,1
"arvin_edison_management_area_historical",1,1,1
"arvin_edison_management_area_the_management_actions",1,1,1
"as_0",1,1,1
"asaga",1,1,1
"ashland_cherryland_community_health_wellness",1,1,1
"asrigb",1,1,1
"assembly_bill_1881",1,1,1
"assessed",1,1,1
"assessment",1,1,1
"assessments",1,1,1
"assessments_periodic",1,1,1
"assessmentwith_the_madera_county_auditor",1,1,1
"assessor_collector",1,1,1
"assessor_parcel",1,1,1
"assigned",1,1,1
"associated_vegetation_tidewater",1,1,1
"association_of_american",1,1,2
"assumed_rooting_depth",1,1,1
"assumes",1,1,1
"astm_1996",1,1,1
"atascadero_state",1,1,1
"atascadero_subbasin_composite_hydrograph",1,1,1
"athird_party",1,1,2
"atolia",1,1,1
"attachment_h",1,1,1
"attachments",1,1,1
"attachments_m_national_aeronautics_and_space_administration_jet_propulsion_laboratory",1,1,1
"attribute_attribute",1,1,1
"atwell_island_wd",1,1,1
"audobon",1,1,1
"augmentation",1,1,1
"austin",1,1,1
"austinsloughhousercdorg",1,1,1
"authority_fact_sheet",1,1,3
"authority_staff",1,1,3
"authorize",1,1,1
"available_for_use_for_groundwater_recharge",1,1,1
"ave",1,1,1
"ave_selma",1,1,1
"avenue_144the_pixley_national_wildlife_refuge",1,1,1
"avenues_88",1,1,2
"average_2479",1,1,1
"b13_consideration",1,1,3
"b_alyson_watson",1,1,1
"b_calculate",1,1,1
"b_gd",1,1,2
"b_jennings",1,1,1
"b_public_engagement_process",1,1,1
"b_sustainable_management_criteria",1,1,1
"b_utilize",1,1,1
"baber",1,1,1
"bachand_associates",1,1,2
"background_eki_environment_and_water",1,1,1
"background_water_quality",1,1,1
"badger",1,1,1
"bahia_magdalena",1,1,1
"bain",1,1,1
"bakersfield_city_hall",1,1,1
"balance_hydrologics",1,1,2
"banning_record_gazette_press_enterprise_publication_date_for_record_gazette",1,1,1
"banning_wastewater_treatment_facility",1,1,1
"barbareno_ventureno_band_of_mission_indians",1,1,1
"barometric",1,1,2
"barometric_compensation",1,1,1
"bartow_j_a",1,1,1
"base_realignment_and_closure_environmental_coordinator",1,1,2
"baseline_forecast_municipal_pumping_municipal",1,1,2
"basic_irrigation_scheduling",1,1,1
"basin_beneficial_users",1,1,1
"basin_boundaries",1,1,1
"basin_boundaries_4",1,1,3
"basin_boundaries_various_las_posas_valleyb",1,1,1
"basin_boundary50",1,1,1
"basin_cf",1,1,1
"basin_characterization",1,1,1
"basin_evaluation_metrics",1,1,1
"basin_governance",1,1,1
"basin_groundwater",1,1,2
"basin_investigation",1,1,2
"basin_management",1,1,1
"basin_management_objective_workshops",1,1,1
"basin_plan_maximum_benefit_objective",1,1,2
"basin_plan_objective",1,1,1
"basin_plan_wqo",1,1,1
"basis_for_determining_declining_groundwater_levels",1,1,1
"bay_delta_office",1,1,1
"baydelta",1,1,2
"bayside_aquifer_storage_and_recovery",1,1,1
"bb_limited_and",1,1,2
"bb_limited_recharge_and_recovery_the_bb_limited_recharge_and_recovery",1,1,3
"bc_laboratories",1,1,1
"bdc",1,1,3
"beale",1,1,1
"bealville_fanglomerate",1,1,1
"bear_mountain_truck",1,1,1
"bear_river_based",1,1,1
"bear_river_inflow",1,1,1
"beaumont_underflow",1,1,1
"beckwourth_emigrant_trail",1,1,1
"beckwourth_room",1,1,4
"becomes",1,1,1
"becomes_other_obsftsw",1,1,1
"bedford_coldwater_groundwa_ter_sustainability_authority_to",1,1,1
"bellflower_aquitard",1,1,1
"belmont_manor",1,1,2
"ben_king",1,1,1
"ben_lyons",1,1,1
"beneficial",1,1,1
"beneficial_municipal",1,1,1
"beneficial_user",1,1,1
"beneficial_user_input",1,1,1
"beneficial_uses",1,1,1
"beneficial_uses_taylor",1,1,1
"benefit_realization_and_evaluation_wh1_wh5",1,1,1
"benefit_status",1,1,1
"benefited_circumstances_for_implementation_schedule",1,1,1
"beneﬁcial_uses_and_users",1,1,1
"benicia_arsenal",1,1,1
"benzene_toluene_ethylbenzene_xylenes",1,1,1
"bergon_senior_center",1,1,1
"berkeley_water_works",1,1,1
"bermite_corporation",1,1,1
"berryessa_area_name",1,1,1
"beta_version",1,1,1
"better_environment",1,1,3
"better_reflect_local_surface_water_operations",1,1,1
"between_city_and",1,1,3
"between_systems",1,1,1
"beveridge_diamond",1,1,1
"bi_monthly",1,1,2
"bi_weekly",1,1,1
"big_valley_advisory_committee_1062021",1,1,1
"big_valley_basin_communication",1,1,1
"big_valley_water_treatment_plant",1,1,1
"biggs_west_gridley_water_district_inform",1,1,2
"bill_599",1,1,1
"bill_985",1,1,1
"bill_brewster",1,1,2
"bill_ehorn",1,1,1
"bill_senate",1,1,1
"bill_stagnaro",1,1,1
"bill_x7_6",1,1,1
"bioassessment_program",1,1,1
"biological",1,1,1
"biosketch",1,1,1
"biovir_labs",1,1,1
"birch",1,1,1
"bitter_creek_national_wildlife_refuge_refuge_manager",1,1,7
"black_willows",1,1,1
"blair_sellers",1,1,2
"blake_wilbur",1,1,1
"blakeley",1,1,1
"blanca_ortiz",1,1,3
"blanco_drain_and_rec_ditch",1,1,1
"blms_sfp",1,1,1
"blms_st",1,1,1
"blrr",1,1,1
"blue_goose",1,1,1
"blue_sky_center",1,1,1
"bm8wr6i",1,1,1
"bm_e548",1,1,1
"bmps_groundwater",1,1,1
"bnsf",1,1,2
"bnsf_railway_company_intermodal_facility_recharge_pond",1,1,1
"board_25",1,1,1
"board_approval",1,1,1
"board_calendar",1,1,2
"board_consent",1,1,1
"board_engagement",1,1,2
"board_for",1,1,1
"board_meeting_information_groundwater_sustainability_agency_meeting_frequency",1,1,6
"board_of_commissioners",1,1,1
"board_of_directors_3",1,1,1
"board_of_directors_responsible",1,1,2
"board_of_supervisors5",1,1,1
"board_of_supervisors_humboldt_county_board_of",1,1,3
"board_of_supervisors_meeting",1,1,1
"board_of_supervisors_of_the_county_of_inyo",1,1,1
"board_of_supervisors_resolution_91",1,1,1
"board_of_the",1,1,1
"board_of_the_lake_berryessa_resort_improvement",1,1,1
"board_often",1,1,1
"board_on_groundwater_management_strategy_concept",1,1,1
"boards_of_directors_and",1,1,1
"bob_griffith",1,1,1
"bod",1,1,1
"bogan",1,1,1
"bogetti_family_trust",1,1,1
"bolsa_management_areas_east",1,1,1
"bondy_groundwater_sustainability_plan_development_and_preparation",1,1,1
"bonnie",1,1,2
"bookman_edmonston_engineering",1,1,1
"borings",1,1,1
"boron_total_maximum_daily_load",1,1,1
"bos_resolution_no",1,1,1
"boundary",1,1,1
"bouquet_canyon_creek_restoration",1,1,1
"box_b_climate_change",1,1,1
"boyce_et_al",1,1,1
"bp_amoco_et_al",1,1,3
"bptc",1,1,1
"bracken_brae",1,1,1
"braitman_associates",1,1,1
"brandy_swisher",1,1,1
"branstetter_mill",1,1,1
"breanne_ramos",1,1,1
"brecken_cuyama_pleito",1,1,1
"brenda_wey",1,1,1
"brian_cypher",1,1,1
"brian_ehlers",1,1,1
"brian_grant",1,1,1
"brian_shaw",1,1,1
"brian_teuber",1,1,1
"brigadoon",1,1,2
"bromochloromethane",1,1,1
"bromodichloromethane",1,1,1
"bromodichloromethane_dichlorobromomethane",1,1,1
"brookside_recharge_facility",1,1,1
"broom_sedge",1,1,1
"brown_act20_members_of",1,1,1
"brownstein",1,1,2
"browse_team",1,1,4
"bruce_blayney",1,1,6
"bruce_howarth",1,1,1
"bruce_spencer",1,1,3
"bryan_info",1,1,1
"bryan_kelly",1,1,1
"bs3_phase",1,1,2
"bssc",1,1,3
"bt",1,1,1
"buckeye_zamora",1,1,1
"budget_adjustment",1,1,1
"budget_and_funding_strategy",1,1,1
"budget_for_subbasin_soil_zonea",1,1,1
"budget_transfer_nos",1,1,1
"bueau",1,1,3
"buena",1,1,2
"buena_vista_rancheria_of_me_wuk",1,1,1
"buena_vista_road",1,1,1
"buenaventura",1,1,1
"building_and_environmental_services",1,1,1
"bulk_fuel_terminals",1,1,1
"bulletin_1181",1,1,1
"bulrush_sequoia",1,1,1
"bureau_of_land_management_bakersfield_field_office",1,1,2
"bureau_of_reclamation_carmel",1,1,1
"bureau_of_reclamation_fish_and_wildlife_service",1,1,1
"bureau_of_reclamation_for_class",1,1,1
"bureau_of_reclamation_surface_water_supplies_surface_water_supplies_national_resources_conservation_service",1,1,1
"bureau_of_sanitary_engineering",1,1,1
"business_interests",1,1,1
"butte_creek_channel_restoration",1,1,1
"butte_slough_irrigation_board_meeting",1,1,1
"bvgsp",1,1,1
"bvid_bvid",1,1,1
"bvpp",1,1,1
"by_acid_mine_drainage",1,1,1
"by_others",1,1,1
"by_private",1,1,1
"by_priviate_landowners",1,1,1
"by_source",1,1,1
"bylaws_development_review_draft",1,1,1
"byron_kathleen_mitchell",1,1,4
"c_0_9_9_1",1,1,1
"c_16000",1,1,1
"c_cooperative",1,1,2
"c_dg",1,1,1
"c_ed",1,1,1
"c_ge",1,1,1
"c_jachens",1,1,1
"c_rc_11",1,1,1
"c_rc_7_countywide",1,1,1
"c_stillwater_sciences",1,1,1
"c_total",1,1,2
"ca",1,1,1
"ca_state_mandate",1,1,1
"cabazon_storage_unit7",1,1,1
"cable_channel_15",1,1,1
"cache_central_valleyp",1,1,1
"cache_creek_casino",1,1,1
"cache_creek_p_61",1,1,1
"cache_formation_soil_mechanics_and",1,1,1
"cacheville_csd_cacheville",1,1,1
"cadastral",1,1,1
"cadiz",1,1,1
"cal",1,1,1
"cal_neva",1,1,1
"cal_poly_crop",1,1,2
"cal_poly_itrc",1,1,1
"cal_poly_san_luis_obispo",1,1,1
"cal_trans_shandon_rest",1,1,3
"cal_trout",1,1,1
"cal_utilities",1,1,1
"calaveras_county_general_plan_conservation_element",1,1,1
"calaveras_county_rcd",1,1,1
"calaveras_county_resource",1,1,1
"calculate",1,1,1
"calculated_horizontal",1,1,1
"calenviroscreen",1,1,1
"calfed",1,1,1
"calfed_bay_delta_erp",1,1,3
"calflora",1,1,1
"calibrated_streambed_conductance",1,1,1
"califomia_govemment_code_sections_6506",1,1,1
"califor_nia_soil_resource_lab",1,1,2
"californ_ia",1,1,1
"califrwnia",1,1,2
"calistoga_and_st_helena",1,1,1
"callitriche_heterophylla_bolanderi",1,1,1
"calmat_co",1,1,1
"calpella_census_desig_nated_place",1,1,2
"calpine_corporation",1,1,1
"camarillo_fault",1,1,1
"camarillo_heights",1,1,1
"camarillo_utility_enterprise",1,1,1
"camren_d_whitledge",1,1,6
"can_1062021",1,1,1
"canada_verde",1,1,2
"canal",1,1,1
"canal_operational_recharge",1,1,1
"canal_ranch",1,1,1
"canal_reservoir_recharge",1,1,1
"canal_system_water_budget",1,1,1
"canonie_environmental",1,1,1
"canyon_storage",1,1,1
"capacity",1,1,1
"capay_valley_non",1,1,1
"capelli",1,1,2
"capital_improvement_funds",1,1,1
"capital_improvements_division",1,1,1
"capital_studies",1,1,1
"capjac",1,1,1
"capra_road_railroad_crossing",1,1,1
"cardno",1,1,1
"careaga_canyon",1,1,3
"cargill_salt",1,1,1
"carla_gonzalez",1,1,1
"carmel",1,1,1
"carmel_a_rodriguez",1,1,1
"carmel_avenues",1,1,1
"carmel_j_angelo",1,1,1
"carrick_gazelle",1,1,1
"carroll",1,1,1
"carter",1,1,1
"casa",1,1,1
"casitas_springs_hydrogeologic_areas_coast_live_oak",1,1,2
"casitas_system",1,1,1
"castle_oaks",1,1,1
"categories_of",1,1,1
"causes_significant_and_unreasonable_results_to_beneficial_uses_of_surface_water_groundwater",1,1,1
"cawelo_wd",1,1,1
"cayan_et_al",1,1,1
"cbaf",1,1,1
"ccc",1,1,1
"ccid",1,1,1
"ccr_time",1,1,1
"cdm",1,1,1
"cehrs",1,1,1
"census",1,1,1
"census_places",1,1,16
"center_for_irrigation_technology",1,1,1
"central_calistoga_subareas_cross_sections",1,1,1
"central_coast_regional_extensive",1,1,2
"central_coast_regional_water_quality_control_board_basin_plan_surface",1,1,1
"central_collection",1,1,1
"central_interior_limited",1,1,1
"central_san_joaquin",1,1,1
"central_tendency_climate_change_scenario",1,1,1
"central_valley_office",1,1,1
"central_valley_project_allocation",1,1,2
"central_valley_project_contract_supplies",1,1,1
"central_valley_project_cross_valley_canal_unit",1,1,1
"central_valley_project_facilities_delta_cross_channel_the_delta_cross_channel",1,1,1
"central_valley_project_friant_kern_canal_unit_class_1",1,1,1
"central_valley_project_operations_5",1,1,1
"central_valley_project_supplies",1,1,2
"central_valley_salinity_coalition",1,1,1
"central_valley_snmp",1,1,1
"central_valley_water_board_cwd_county_water_district_disadvantaged_community",1,1,1
"central_valley_water_board_waste_discharge_requirements_general",1,1,1
"central_valley_wildlife",1,1,1
"central_washington_university_analysis_center",1,1,1
"centralized_ebp_subbasin_website",1,1,2
"centralized_non_potable_reuse",1,1,1
"centre_national_de_892",1,1,1
"cerro_coso_community_college",1,1,1
"cgps_stations",1,1,1
"ch2",1,1,1
"chabotlos_positas_cc",1,1,2
"chad",1,1,1
"chad_blais",1,1,1
"chainnan",1,1,1
"chairpersons",1,1,3
"chamber",1,1,2
"chamber_of_commerce_and_rotary_club",1,1,1
"chamber_of_commerce_association_of_realtors",1,1,1
"chambers_of_commerce",1,1,1
"changes_line",1,1,1
"chapter_4",1,1,2
"charadrius",1,1,1
"charbeneau",1,1,2
"charlene_reece_family_trust",1,1,6
"charles_fryer",1,1,1
"charles_jennings",1,1,2
"charnock",1,1,1
"charnock_olympic",1,1,1
"chd",1,1,1
"checkerbloom",1,1,1
"chemical_agent_identification_sets",1,1,1
"chemical_company",1,1,1
"chemist",1,1,1
"chg_project_manager",1,1,1
"chiang",1,1,1
"china_lake_naval_air_weapons_station",1,1,1
"chino_watermaster",1,1,1
"chloride_tce",1,1,1
"chloroform",1,1,1
"chow",1,1,1
"chowchilla_district_chamber_of_inform",1,1,2
"chowchilla_river_system",1,1,1
"chowchilla_subbasin_domestic",1,1,1
"chowchilla_subbasin_domestic_well_mitigation_program",1,1,1
"chowchilla_water_district_capacity_increase",1,1,1
"chowchilla_water_district_interested_management_criteria",1,1,5
"chris_lopez",1,1,1
"christina",1,1,1
"christine_cromenes",1,1,1
"christine_thompson",1,1,2
"christopher_neely",1,1,1
"chrome_crankshaft",1,1,3
"chromite",1,1,1
"chronic_lowering_of_groundwater_levels_sustainable_management_criteria",1,1,1
"chumash_indians",1,1,1
"chumash_indians_wastewater_treatment_facility",1,1,1
"chumash_mission_indians_tribal_reservation",1,1,1
"cities_of_beaumont_calimesa",1,1,1
"cities_of_capitola",1,1,1
"cities_of_davis",1,1,1
"cities_of_davis_dixon",1,1,2
"cities_of_huron",1,1,1
"cities_of_mendota",1,1,1
"cities_of_oakley",1,1,1
"cities_of_rio_vista",1,1,1
"cities_of_turlock",1,1,1
"cities_of_ventura",1,1,1
"cities_of_yountville",1,1,1
"citizens",1,1,1
"city_4",1,1,1
"city_and",1,1,1
"city_attorneys_offices",1,1,1
"city_calimesa",1,1,1
"city_council_meetings",1,1,1
"city_engineer_to_open_escrow_services",1,1,2
"city_limit",1,1,1
"city_municipal_domestic",1,1,3
"city_san_luis_obispo",1,1,1
"city_state",1,1,1
"city_to",1,1,2
"city_urban_development_boundary",1,1,1
"city_water_division",1,1,1
"city_water_resources_manager",1,1,1
"civic_clubs",1,1,1
"civiltec_engineering",1,1,1
"claremont_fault",1,1,1
"clark",1,1,1
"class_v_injection_well",1,1,3
"classification",1,1,1
"classification_and_assessment_with",1,1,1
"classification_wizard",1,1,1
"clay_plug",1,1,1
"clay_station_conditions_summary",1,1,1
"clayton_coordination",1,1,1
"clayton_engstrom",1,1,5
"clean_beneficial",1,1,2
"clean_water_letter",1,1,2
"clean_water_state_revolving_fund_medium",1,1,2
"cleath_and_associates",1,1,1
"climate",1,1,1
"climate_change_surface_system_major_components",1,1,1
"climate_daily",1,1,1
"climate_registry",1,1,1
"climate_station",1,1,1
"climate_station_sonoma_county_airport",1,1,2
"clock_pumping_flow_rate_cumulative_temp",1,1,1
"clopyralid",1,1,2
"cm",1,1,1
"cma137",1,1,1
"cmp",1,1,1
"cnddb_calochortus",1,1,1
"cnddb_direct",1,1,1
"cnddb_montia",1,1,1
"coalinga_feed_yard_phone",1,1,1
"coalinga_groundwater_sustainability_agency_city",1,1,1
"coalinga_groundwater_sustainability_agency_email",1,1,1
"coalinga_huron_recreation",1,1,1
"coast_live_oak_natural_communities",1,1,1
"coastal_berry_farms",1,1,1
"coastal_watersheds_of",1,1,1
"cob_2800_recharge",1,1,2
"cohen",1,1,1
"colby_pereira",1,1,1
"collaborative_opportunities",1,1,2
"collect",1,1,1
"collected_schedule",1,1,1
"collection",1,1,1
"college_of_continuing_education",1,1,1
"colonial_heights",1,1,1
"colorado_school_of_mines",1,1,5
"columbia_casualty_company",1,1,1
"colusa_canal",1,1,2
"colusa_county_36",1,1,3
"colusa_county_sustainable_groundwater_managementa_meetings",1,1,1
"colusa_drain_mutual_water_company",1,1,1
"colusa_drain_overall",1,1,1
"colusa_drain_simulated_average",1,1,1
"colusa_glenn",1,1,1
"colusa_grass",1,1,1
"colusa_groundwater_authority_background",1,1,1
"colusa_industrial_properties_conference_room",1,1,1
"colusa_subbasin_demand_management",1,1,1
"colusa_subbasin_logo",1,1,1
"com",1,1,1
"comes_online",1,1,3
"comment",1,1,2
"comments_2",1,1,1
"commercial",1,1,2
"committee_meeting",1,1,1
"committee_meetings",1,1,1
"commonly",1,1,1
"commonly_associated",1,1,1
"commonly_associated_court_tribal_outreach_and_engagement_strategies",1,1,1
"commonly_associated_with_groundwater_vegetation",1,1,1
"communication_department_of_water_resources",1,1,2
"communication_engagement_forums_member_agencies_governance_briefings",1,1,2
"communication_forums_tools_governance_agencies_briefings",1,1,1
"communications_engagement",1,1,1
"community_development_element",1,1,2
"community_engagement_forums",1,1,1
"community_facilities_district_no",1,1,5
"community_government_affairs_manager",1,1,6
"community_involvement_workshops",1,1,1
"community_of_alpaugh",1,1,1
"community_of_arbuckle",1,1,1
"community_of_pixley",1,1,1
"community_organizations_others_community",1,1,1
"community_services_and_facilities",1,1,1
"community_services_district_solano",1,1,1
"community_water_education_initiative_fuels_management_for_watershed_health_potential",1,1,1
"como_los",1,1,4
"como_los_requisitos_de_presentación_de",1,1,1
"como_un",1,1,1
"complainr",1,1,1
"complaint_and_petition",1,1,1
"completed",1,1,1
"completed_engagement",1,1,1
"compliance_with_objectives",1,1,1
"composition_patsy_tennyson",1,1,2
"comyn",1,1,1
"conceptual_water_budget_components_and_linkages",1,1,2
"concerned_scientists",1,1,2
"concerning_annexation_of_the_fort_ord_into_zones_2",1,1,2
"condi_tions",1,1,1
"conditions_or_constraints_on_implementation_the_hayward",1,1,1
"conductance_and_total_dissolved_solids",1,1,1
"conductivity_kh",1,1,1
"conduit",1,1,1
"confluence_flume",1,1,1
"conformably",1,1,1
"conjunctive_use",1,1,1
"conjunctive_use_managed_recharge_in_lieu",1,1,1
"conjunctive_use_ponds",1,1,1
"conjunctive_use_programs",1,1,1
"conjunctive_use_programs_conjunctive",1,1,1
"conjunctive_use_tier_2",1,1,1
"connect_to_public_water_system_public",1,1,1
"conner",1,1,1
"conrow",1,1,1
"consensus_building_institute_process_recommendations",1,1,1
"consent_calendar",1,1,1
"conservation_and_agricultural_best_management_practicess",1,1,1
"conservation_and_demand",1,1,1
"conservation_element_of_the_wgp",1,1,1
"conservation_methods",1,1,1
"conservation_practices_management_action",1,1,1
"conserve",1,1,1
"conserve_water_resources",1,1,1
"consider_adopting",1,1,1
"consider_approval",1,1,1
"considerando_el_uso_de_la_tierra",1,1,1
"considered_environmental_defense_fund",1,1,1
"consolidated_treatment_facility",1,1,1
"constant_head",1,1,1
"constructed",1,1,2
"construction_abandonment",1,1,1
"construction_activities_and_requirements",1,1,1
"construction_funding",1,1,1
"construction_of_site_c",1,1,1
"consulting_civil_engineers",1,1,1
"consumptive_use_and_agricultural_demand",1,1,1
"contact_information_for_plan_manger_groundwater_sustainability_agency_mailing_address",1,1,1
"contains",1,1,1
"continues",1,1,1
"continuous_gps_stations",1,1,1
"contra_costa_county_health_services",1,1,1
"contra_costa_health_services_environmental_health_division",1,1,1
"contract33",1,1,1
"contracting_entities_and_interested_parties",1,1,1
"contracting_entities_or_interested_parties",1,1,1
"contributing_parties_and_stakeholders",1,1,1
"control_package",1,1,1
"cook_et_al",1,1,1
"cooperative_committee_special_meeting",1,1,2
"coordinación_para_implementar_múltiples",1,1,2
"coordinate",1,1,1
"coordination_and",1,1,1
"coordination_and_information_sharing_coordination",1,1,1
"coordination_workgroup_of_the",1,1,1
"copernicus",1,1,1
"cordova_creek_maintenance_water_forum",1,1,1
"core_team_and",1,1,1
"cori_hayman",1,1,1
"corixidae",1,1,1
"corn_camp_water_bank",1,1,1
"corn_springs",1,1,1
"corning_subbasin_agricultural_land",1,1,1
"corona_disadvantaged_community",1,1,1
"corona_elsinore_valley_municipal_water_district_trilogy",1,1,1
"corona_management",1,1,1
"corona_norco",1,1,1
"corona_on",1,1,3
"corral_de_piedras",1,1,1
"correctional_training_facility",1,1,1
"cory_bantilan",1,1,1
"coso_ranges",1,1,1
"costa",1,1,4
"costa_rica",1,1,1
"costs_and_funding_construction",1,1,1
"costs_capital",1,1,1
"costs_cost_category_fiscal_year",1,1,1
"cosumes_basin_coordinates",1,1,1
"cosumnes_chinook_salmon",1,1,2
"cosumnes_depth",1,1,1
"cosumnes_pio",1,1,1
"council_appointed_officers",1,1,1
"council_chamber_and_virtual_platform",1,1,1
"council_meetings",1,1,1
"county_additional_water_use",1,1,5
"county_assessor",1,1,1
"county_clerk",1,1,1
"county_department_of",1,1,1
"county_department_of_environmental_health",1,1,1
"county_department_of_environmental_health_and_quality",1,1,2
"county_department_of_environmental_health_services",1,1,3
"county_district_attorneys",1,1,1
"county_division_of_environmental_health_and_county_office_of_emergency_services",1,1,1
"county_environmental_health_services",1,1,1
"county_farm_bureau",1,1,1
"county_flood_maps",1,1,1
"county_indemnity",1,1,1
"county_of_inyo_public_geographic",1,1,1
"county_of_riverside_wells",1,1,1
"county_of_sacramento_public_works",1,1,1
"county_of_san_francisco_superior",1,1,1
"county_of_san_luis_obispo_department_of_planning",1,1,1
"county_of_san_luis_obispo_engineer",1,1,1
"county_of_santa",1,1,1
"county_of_santa_barbara_public",1,1,1
"county_of_tuolumne_resolution",1,1,1
"county_office_of_emergency_services",1,1,1
"county_operations_center",1,1,1
"county_planning",1,1,2
"county_public_works",1,1,1
"county_resolution_no",1,1,1
"county_roads",1,1,1
"county_santa_ynez_riverwcd",1,1,1
"county_service_area_50",1,1,1
"county_service_areas_10a",1,1,2
"county_stormwater",1,1,1
"county_water_well_ordinance_no",1,1,1
"county_well_ordinance_4468",1,1,1
"countywide_water_and_wastewater_municipal_supply_review",1,1,2
"cov",1,1,1
"covid19_pandemic_budget_budget_amendment_for",1,1,1
"cowin",1,1,1
"cps",1,1,3
"craig_finster",1,1,1
"crasnean",1,1,1
"creamline_basin_northeast_cell",1,1,1
"create_a_transparent_inclusive_collaborative_process_for_groundwater_sustainability_agency_formation_stakeholders",1,1,1
"creely",1,1,1
"creely_and_force",1,1,1
"creston_elementary_school",1,1,1
"criteria_b",1,1,1
"criteria_survey",1,1,1
"criterion_1_5",1,1,1
"crop2014",1,1,1
"crop_estimation_techniqueaw",1,1,1
"crop_etaw",1,1,1
"crops_eighteen",1,1,1
"cross_ca_dept_of_water_cnl_weir_action_trigger",1,1,1
"cross_sections_cross",1,1,1
"cross_sections_d",1,1,1
"cross_valley_canal",1,1,1
"crwqcb",1,1,1
"crystalline_rock",1,1,1
"crónico_del_nivel_de_las_aguas_subterráneas_se",1,1,2
"cs",1,1,1
"csa",1,1,1
"csg_consultants",1,1,3
"csu_fresno_foundation",1,1,1
"csubject_to",1,1,1
"cty",1,1,2
"cu",1,1,1
"cultural_resources",1,1,1
"culver",1,1,1
"cumorah_knolls",1,1,3
"cumula",1,1,1
"current_historical_water_budget",1,1,1
"current_year_agriculture",1,1,2
"curt_holmes",1,1,3
"curtis_paxton",1,1,1
"cuvhm",1,1,1
"cvgsm",1,1,1
"cvhm",1,1,1
"cvp_contractors",1,1,1
"cvp_supplies",1,1,2
"cvsalts",1,1,1
"cwc_sections_10780",1,1,1
"cwd",1,1,2
"cwd_2011",1,1,2
"d5",1,1,1
"d_a_ponce",1,1,1
"d_based",1,1,1
"d_city",1,1,1
"d_liebersbach",1,1,1
"d_schmidt",1,1,1
"d_williams",1,1,1
"dacs_changes",1,1,1
"daily_root_zone_simulation",1,1,1
"dairy_facilities",1,1,1
"dairy_industry",1,1,2
"damon_point",1,1,1
"dan_bouse",1,1,1
"dan_howes",1,1,2
"dana_stuart",1,1,2
"daniel_b_steiner",1,1,2
"daniel_chavez",1,1,1
"daniel_j_ohanlon",1,1,1
"daniel_wilber",1,1,2
"date",1,1,1
"daulton_station",1,1,2
"david_bean",1,1,1
"david_ceppos",1,1,2
"david_jacks_corporation",1,1,1
"david_mcmichael",1,1,1
"david_taussig_associates",1,1,1
"david_vigil",1,1,1
"davis_fadtke_k",1,1,1
"davis_staff",1,1,1
"db",1,1,1
"ddt",1,1,1
"de_gestión_la_sección_4",1,1,2
"de_leon",1,1,1
"de_minimis",1,1,1
"de_más_del_10",1,1,1
"de_sabla_centerville",1,1,1
"deadman",1,1,1
"debbie_liebersbach",1,1,1
"decentralized_non_potable_reuse",1,1,1
"decomposition_decomposition",1,1,1
"deep",1,1,2
"deep_aa",1,1,1
"deep_aquifer_system_primary",1,1,1
"deep_percolation_of_direct_precipitation",1,1,1
"deep_water_desal_llc",1,1,1
"deep_wells",1,1,1
"deer_creek_and_tule_river_authority_groundwater_management_plan_memorandum",1,1,1
"deer_creek_instream_flow_enhancements_and_conjunctive_use_management_projects_trout_unlimited",1,1,1
"deer_creek_stream_flow_stream",1,1,2
"deer_creek_streambed",1,1,2
"defense",1,1,2
"define_como_el",1,1,2
"definition_of",1,1,1
"degradation_of_water_quality",1,1,1
"degradation_of_water_quality_undesirable_results",1,1,1
"degraded",1,1,1
"deir",1,1,1
"del_agua",1,1,1
"del_agua_forman_agencias_de_ayudar_sostenibilidad_de_las_aguas_subterráneas",1,1,1
"del_rey_lagoon",1,1,1
"delano_earlimart_irrigation_district_general_fund",1,1,2
"delano_earlimart_irrigation_district_groundwater_sustainability_agency_manager",1,1,1
"delano_earlimart_irrigation_district_pixid_ground_water",1,1,2
"delineated",1,1,1
"delivered",1,1,1
"delta_mend_and_minimum_thresholds",1,1,2
"delta_mendota_subbasin_sustainable",1,1,1
"delta_newton_raphson",1,1,1
"delta_smelt",1,1,1
"delta_stewardship",1,1,1
"demand_management",1,1,1
"demand_management_flood_risk_reduction_enhanced_recharge_surface_water_conveyance_supply_augmentation_management_actions",1,1,1
"demarco",1,1,1
"denise_england",1,1,2
"density",1,1,2
"denver",1,1,1
"denver_federal_center",1,1,1
"department_of_conservation_cortez_avesgem",1,1,1
"department_of_defense_gc",1,1,1
"department_of_defense_quality_systems",1,1,1
"department_of_defense_quality_systems_manual_for_environmental_laboratories",1,1,2
"department_of_fish_and_wildlife_and_the_nature_conservancy",1,1,1
"department_of_fish_and_wildlife_comment_6",1,1,1
"department_of_fish_and_wildlife_department_of_water_resources",1,1,1
"department_of_fish_and_wildlife_headquarters",1,1,7
"department_of_fish_and_wildlife_private_duck_pond_groundwater_dependent_ecosystem_evaluation_unit",1,1,3
"department_of_fish_and_wildlife_sensitive_natural_communities_list",1,1,1
"department_of_fish_and_wildlife_special_animals_list",1,1,1
"department_of_fish_and_wildlife_the_department_of_fish_and_wildlife",1,1,2
"department_of_interior",1,1,1
"department_of_land",1,1,1
"department_of_pesticide_regulation_department_of_pesticide_regulation_department_of_water_resources",1,1,1
"department_of_pesticide_regulation_surface_water_protection_program",1,1,1
"department_of_planning_development_services",1,1,1
"department_of_public_works_and_planning",1,1,1
"department_of_regional_planning",1,1,1
"department_of_resources_recycling_and_recovery_for",1,1,2
"department_of_resources_recycling_and_recovery_for_beverage_container_recycling_city_county_payment_programs",1,1,1
"department_of_the_navy_1",1,1,1
"department_of_water_and_resource_conservation",1,1,1
"department_of_water_f_projected_population_growth",1,1,1
"department_of_water_resources_2016",1,1,4
"department_of_water_resources_2018",1,1,1
"department_of_water_resources_2070",1,1,1
"department_of_water_resources_76726",1,1,1
"department_of_water_resources_basin_4_007",1,1,2
"department_of_water_resources_basin_no",1,1,1
"department_of_water_resources_basin_number_3049",1,1,1
"department_of_water_resources_basins_no",1,1,1
"department_of_water_resources_bmp_sustainable_management_of_groundwater",1,1,1
"department_of_water_resources_bulletin_132",1,1,2
"department_of_water_resources_department_of_water_resources_ema",1,1,1
"department_of_water_resources_disadvantaged_community_mapping_tool",1,1,1
"department_of_water_resources_division_of_planning_and_local_assistance",1,1,2
"department_of_water_resources_engagement_with_tribal_governments14",1,1,1
"department_of_water_resources_extensometers",1,1,1
"department_of_water_resources_folsom_south_canal",1,1,1
"department_of_water_resources_for_groundwater_sustainability_plan_implementation_of_a_metering_and_infrastructure_network",1,1,2
"department_of_water_resources_grants",1,1,1
"department_of_water_resources_groundwater_bulletin",1,1,1
"department_of_water_resources_integrated_regional_water_management",1,1,1
"department_of_water_resources_interested",1,1,1
"department_of_water_resources_land_iq",1,1,1
"department_of_water_resources_land_use_surveys",1,1,1
"department_of_water_resources_mapping_tool",1,1,1
"department_of_water_resources_meeting",1,1,1
"department_of_water_resources_natural_communities_associated_with_groundwater",1,1,1
"department_of_water_resources_natural_communities_commonly_associated",1,1,1
"department_of_water_resources_po_box",1,1,1
"department_of_water_resources_preparation_checklist",1,1,1
"department_of_water_resources_records",1,1,1
"department_of_water_resources_southern_region_office_tribal_liaison",1,1,1
"department_of_water_resources_spring_fall",1,1,1
"department_of_water_resources_subbasin_boundaries",1,1,1
"department_of_water_resources_sustainable_groundwater_management_act_basin_prioritization_tool",1,1,1
"department_of_water_resources_sustainable_groundwater_management_act_website",1,1,2
"department_of_water_resources_sustainable_groundwater_management_grant",1,1,1
"department_of_water_resources_sustainable_groundwater_managementa",1,1,1
"department_of_water_resources_sustainable_management_criteria_best_management_practices",1,1,2
"department_of_water_resources_sustainable_management_criteria_bmp",1,1,1
"department_of_water_resources_the_variable_operation_maintenance",1,1,1
"department_of_water_resources_tre_altamira",1,1,1
"department_of_water_resources_water_companyr",1,1,1
"department_of_water_resources_well_standards_publications",1,1,1
"depletion_evaluation",1,1,1
"depletion_of_interconnected_surface_water_current",1,1,1
"depletion_of_interconnected_surface_water_permanent",1,1,1
"depletion_of_interconnected_surface_water_sustainability_indicator_mts",1,1,1
"depletion_of_interconnected_sw_smc",1,1,1
"depletions_of_interconnected_surface_water_sustainability_indicator",1,1,1
"depletions_of_interconnected_surface_waters",1,1,1
"depositional",1,1,3
"dept_of_food_and",1,1,1
"derek",1,1,1
"derek_yurosek",1,1,1
"descenso_del_nivel_de_las_aguas_subterráneas_en",1,1,2
"description_of_beneficial_uses_and_users",1,1,1
"description_of_conditions_in_each_ma",1,1,1
"description_of_historical_cumulative_change",1,1,1
"description_of_sustainability_goal",1,1,1
"description_the_regional_solution",1,1,1
"desert_water_agency_groundwater_sustainability_agency_newspaper",1,1,1
"designated_uses",1,1,2
"destroy",1,1,1
"detai",1,1,1
"detected_above",1,1,1
"determines",1,1,1
"develop_a_potable_water_supply",1,1,1
"develop_an",1,1,1
"develop_domestic_well_management_program",1,1,1
"develop_implement",1,1,1
"develop_stakeholder_incentive_programs",1,1,1
"developed_dixon",1,1,3
"developed_for_implementation_vineyard_and",1,1,1
"development_and",1,1,1
"development_approach",1,1,1
"development_of_5year",1,1,1
"development_of_basin_management_objectives",1,1,1
"development_of_groundwater_allocation_per_acre",1,1,1
"development_of_projected_water_budget_scenarios",1,1,3
"development_of_uniform_criteria_for",1,1,1
"development_review_services",1,1,3
"development_support",1,1,1
"dfg",1,1,1
"diablo_hills",1,1,1
"diagram_of_levels",1,1,2
"diamond_joy",1,1,1
"diane_cardwell",1,1,1
"diane_kennedy",1,1,2
"dibblee_et_al",1,1,1
"dibromochloropropane",1,1,1
"dichlorobromomethane_bdcme",1,1,1
"diego",1,1,1
"digital_e_blast",1,1,1
"digital_elevation_nwt",1,1,1
"digital_interested_parties_list",1,1,1
"digital_national_spatial_reference_system",1,1,1
"digitalglobe",1,1,2
"dinoseb",1,1,1
"direct_delivery_for_municipal_use",1,1,1
"direct_delivery_for_municipal_use_permits",1,1,1
"direct_installation_programs",1,1,1
"direct_loan_grant",1,1,2
"direct_precipitation",1,1,1
"direct_public_works_to_video",1,1,1
"direct_read_manual_turbine",1,1,2
"direct_recharge_direct",1,1,1
"directors",1,1,1
"disadvantaged_communities_blocks",1,1,1
"disadvantaged_communities_places_boundaries",1,1,1
"disadvantaged_community_boundaries",1,1,1
"disadvantaged_community_d",1,1,1
"disadvantaged_community_mapping_tools",1,1,2
"disadvantaged_community_or_public_water",1,1,2
"disadvantaged_community_per_bureau",1,1,2
"discrete",1,1,1
"discuss",1,1,1
"discussion_streamflow",1,1,1
"disposal_and_reuse_of_fort_ord",1,1,1
"distribute_formal",1,1,1
"distributed",1,1,1
"distributes",1,1,1
"district_court_of_appeals",1,1,2
"district_farmers",1,1,1
"district_geology",1,1,1
"district_office",1,1,1
"district_well_4",1,1,1
"districts_boards_of_directors",1,1,1
"div_20",1,1,2
"div_43",1,1,2
"div_59_water_rights",1,1,1
"division_12",1,1,1
"division_2_of",1,1,1
"division_6",1,1,1
"division_disadvantaged_communities_oil_field_of_drinking_water",1,1,1
"division_of_drink_ing_water",1,1,1
"division_of_integrated_regional_water_manage_ment_department_of_water_resources_north_central_region_office",1,1,1
"division_of_integrated_regional_water_medium",1,1,1
"division_of_oil_gas",1,1,1
"division_of_oil_gas_and_geothermal_resources",1,1,1
"division_of_regional_assistance",1,1,1
"division_of_water_rights",1,1,1
"division_subunit",1,1,1
"divisions",1,1,1
"dixie",1,1,1
"dixon_post_office",1,1,1
"dixon_unified_school_district_and_the_dixon_family_and_children_services",1,1,1
"djstinct",1,1,1
"dm_ii",1,1,1
"dmgb",1,1,1
"dnpc",1,1,1
"do",1,1,1
"doctrine_of_mutual_prescription",1,1,1
"document_for_sustainable_groundwater_management",1,1,1
"dokka",1,1,1
"domain_boundary",1,1,1
"domaine_chandon",1,1,1
"domestic_wells",1,1,3
"dominion_energy",1,1,2
"doreen_chapter",1,1,1
"doreen_dadamo",1,1,1
"dosd",1,1,1
"doug_w",1,1,2
"douglas_mankin",1,1,1
"dow_chemical",1,1,1
"dow_chemical_company",1,1,1
"download",1,1,1
"downstream_kaweah",1,1,1
"doyle_scholarship",1,1,2
"draft_biological_opinion",1,1,1
"draft_chapter_3_and",1,1,1
"draft_chapter_4",1,1,1
"draft_groundwater",1,1,1
"draft_groundwater_sustainability_plan_creation",1,1,1
"draft_groundwater_sustainability_plan_outreach_meetings",1,1,1
"draft_groundwater_sustainability_plan_public_comments",1,1,1
"draft_lines_115116",1,1,1
"draft_lines_1163",1,1,1
"draft_lines_93",1,1,1
"draft_projects_and_management_actions_presentation_and_discussion_elisa_garvey",1,1,1
"draft_sustainable_management_criteria_best_management_practice",1,1,1
"draft_sustainable_management_criteria_best_management_practice_httpswatercagovprogramsgroundwater_management_sustainable_groundwater_management_actgroundwatermanagement_bestmanagementpracticesandguidancedocuments",1,1,1
"draft_sustainable_management_criteria_bmp",1,1,1
"drain_package",1,1,1
"drainages",1,1,2
"drains",1,1,1
"drilled",1,1,1
"drinking",1,1,1
"drinking_uranium",1,1,1
"drinking_water_and_environmental_management",1,1,1
"drinking_water_observation_program",1,1,1
"drinking_water_source_assessment_and_protection",1,1,1
"drive",1,1,1
"drought_management_program",1,1,1
"drttj",1,1,1
"duck_stamp",1,1,1
"due",1,1,2
"dunne_st",1,1,1
"duplicate_rs",1,1,1
"duzel_formation_op_basement",1,1,1
"dv",1,1,1
"dwight",1,1,1
"dwsap_program",1,1,1
"dğăŵɖɖƌžăđś",1,1,2
"dğăŵɖɖƌžăđś_lsce",1,1,3
"dğăŵɖɖƌžăđś_lsce_team",1,1,1
"e4",1,1,1
"e523_differences_in_sustainable",1,1,2
"e_boat",1,1,1
"e_dual",1,1,1
"e_lindmore_st",1,1,2
"each_objective",1,1,1
"each_public_workshop",1,1,1
"each_year",1,1,1
"eagle",1,1,1
"eagle_fd",1,1,2
"earth_rotation_service",1,1,1
"east_bay_leadership_council_water_task_force",1,1,1
"east_bay_municipal_utilities",1,1,1
"east_bear_creek_unit",1,1,1
"east_branch",1,1,2
"east_branch_aqueduct",1,1,1
"east_butte",1,1,1
"east_contra_costa_subbasin_communications",1,1,1
"east_san_joaquin_river_watershed_coalition",1,1,1
"east_side_canal_intake",1,1,1
"east_spv",1,1,1
"east_stanislaus_regional_water_management_partnership",1,1,6
"east_turlock_subbasin_groundwater_sustainability_agency_tac_special_meeting",1,1,1
"east_ukiah",1,1,1
"east_yosemite_ave",1,1,1
"eastern_bvihm",1,1,1
"eastern_mountains_limited",1,1,1
"eastern_san",1,1,1
"eastern_san_2025",1,1,3
"eastside_canal_intake",1,1,1
"eblasts",1,1,1
"economic",1,1,1
"economic_and_social_responsibility",1,1,1
"ecorp_consulting",1,1,1
"ecuador",1,1,1
"ed",1,1,1
"eda6",1,1,1
"eddie_gallegos",1,1,1
"eddy_teasdale",1,1,1
"edit",1,1,1
"edmunston",1,1,1
"edna_valley_growers_mwc",1,1,1
"education_and_outreach_management_actions",1,1,2
"education_and_outreach_management_actions_regular_communication",1,1,1
"education_and_outreach_wellhead_requirements",1,1,1
"education_outreach",1,1,1
"educational_materials",1,1,3
"edward_a_schlotman",1,1,1
"edward_t_henry",1,1,2
"efforts",1,1,1
"egypt",1,1,1
"eir",1,1,1
"ekcrcd16",1,1,1
"eki_environment_water",1,1,1
"el",1,1,1
"el_bosque_mutual_water_company",1,1,1
"el_condado_de_napa",1,1,2
"el_nino_southern_oscillation",1,1,1
"el_niño",1,1,1
"el_número",1,1,1
"el_peco",1,1,1
"el_rincon",1,1,1
"el_rio_wellfield",1,1,1
"el_toro_study",1,1,1
"el_uso",1,1,1
"elements_guide_1",1,1,1
"elizabeth_kraft",1,1,2
"elk_grove_water_service",1,1,1
"elkhorn_property_recharge_project_and",1,1,1
"elkhorn_slough_ecological_reserve",1,1,1
"elkhorn_state_marine_reserve",1,1,1
"ellestad_trust",1,1,4
"elrod",1,1,1
"elsinore_maximum_benefit_proposal",1,1,1
"elsinore_subbasin_groundwater_sustainability_plan_development_update_wiersema",1,1,1
"emily_m_taylor",1,1,1
"emys",1,1,1
"en_el_condado",1,1,2
"encourages_active_involvement_establishment_of",1,1,1
"energy_llc",1,1,1
"energy_passive_groundwater_recharge_product",1,1,1
"engineers",1,1,2
"engineers_army_corps_of_engineers",1,1,1
"enhanced_recycled_water_feasibility_study",1,1,1
"enhancement_of_pf15j_extension_of",1,1,1
"enterprise_water_management",1,1,1
"entre",1,1,1
"environ",1,1,2
"environment_assessments",1,1,1
"environmental_assessments",1,1,1
"environmental_awareness",1,1,3
"environmental_community_organizations",1,1,1
"environmental_compliance_specialist",1,1,2
"environmental_defense_fund_and",1,1,1
"environmental_defense_fund_t10000003428_mw4",1,1,1
"environmental_health",1,1,1
"environmental_health_division_of",1,1,1
"environmental_justice",1,1,1
"environmental_process",1,1,3
"environmental_quality_act_considerations",1,1,1
"environmental_quality_act_considerations_development",1,1,1
"environmental_quality_act_negative_declaration",1,1,1
"environmental_scientist_settleable_solidsho",1,1,2
"environmental_simulations",1,1,1
"environmental_water_account",1,1,1
"epworth_gravels_management_area_historical",1,1,1
"equation_2",1,1,1
"equation_3_1",1,1,1
"equipment_blanks_collection",1,1,1
"eraut",1,1,1
"eric_brennan",1,1,1
"eric_o_larsen",1,1,1
"eric_quinley",1,1,1
"eric_senter",1,1,2
"eric_swenson",1,1,1
"erickson_ranch",1,1,1
"erik",1,1,1
"erratum",1,1,1
"es15_ensuring_groundwater_conditions_in_the_subbasin41_management_action",1,1,1
"es16_ensuring_groundwater_conditions_in_the_subbasin43_management_action",1,1,2
"es54_group_1_management_action_4",1,1,1
"es7",1,1,2
"es_30_sustainable_management_criteria",1,1,1
"esi",1,1,1
"essential_groundwater_sustainability_plan_planning",1,1,1
"establish_measurement_of_agricultural_extraction_planning",1,1,2
"establishing_degradation_of_water_quality_measurable_objectives",1,1,1
"estadísticamente",1,1,3
"estimate",1,1,2
"estimated_annual",1,1,1
"estimates",1,1,1
"estrada",1,1,1
"estuary_21",1,1,1
"et_2070",1,1,1
"ethylene_dibromide",1,1,1
"eugene_camozzi",1,1,2
"european_radar_observatory",1,1,1
"euthamia",1,1,1
"ev04_edna_valley09",1,1,1
"evaluation_of_basin_optimization_scenarios",1,1,1
"evaluation_of_multiple_minimum_thresholds",1,1,1
"evapotranspiration_change_factors",1,1,1
"evapotranspiration_coefficient",1,1,1
"evapotranspiration_evapotranspiration",1,1,3
"evapotranspiration_inputs_daily",1,1,1
"evapotranspiration_of_applied_water",1,1,1
"evelyn_young_spath",1,1,2
"evt_package",1,1,1
"ew_merritt_farms",1,1,1
"ewing_et_al",1,1,3
"ex",1,1,1
"exceedance_pesticide",1,1,1
"exceeds",1,1,2
"except",1,1,1
"excess_irrigation",1,1,1
"excess_water_supplies",1,1,2
"excluded",1,1,1
"excluded_20000",1,1,1
"exclusive_agricultural",1,1,1
"exclusive_agriculture",1,1,1
"executive_committee_regular_meeting_aug",1,1,4
"executive_office",1,1,1
"executive_order",1,1,1
"executive_order_n2920_effective_n_a_n_a",1,1,1
"exemptible",1,1,1
"exhibits_a",1,1,2
"exhibits_a1",1,1,1
"existentes",1,1,1
"existing_water_resource_management_programs",1,1,3
"expand_use_of",1,1,1
"expansion_of_the_city_results",1,1,1
"extant_cicindela",1,1,2
"extant_oncorhynchus",1,1,3
"extension_farm_advisor",1,1,2
"external",1,1,1
"external_communication_external",1,1,3
"external_watershed_pumping",1,1,1
"extraction_facilities",1,1,1
"exxon_mobil",1,1,2
"exxonmobil_et_al",1,1,2
"f_corcoran_clayid_class_2",1,1,1
"f_operational",1,1,1
"fabela_rodriguez",1,1,1
"facebook_instagram",1,1,2
"facilitation",1,1,2
"facilitation_and_support_services",1,1,1
"facilitation_support_services_program",1,1,1
"facilitation_team",1,1,1
"fact_sheets",1,1,2
"fair_oaks_water_district_coordination",1,1,2
"falls",1,1,1
"fanglomerates",1,1,1
"fao_56",1,1,1
"farber_schreck",1,1,2
"farm_bureau_offices",1,1,1
"farm_evaluation_surveys",1,1,1
"farm_loan",1,1,1
"farm_package",1,1,1
"farmers",1,1,1
"farmers_water_district_recharge_and_recovery",1,1,2
"farmington_program",1,1,1
"farmland_preservation",1,1,1
"farr_et_al_2016",1,1,1
"fas",1,1,1
"fatima_robinson",1,1,2
"fault",1,1,1
"faulting",1,1,1
"faunt_el_al",1,1,1
"fax",1,1,1
"fazio_fazio_fazio",1,1,1
"fcgma_groundwater_management_plan_update",1,1,1
"fcma_mab",1,1,2
"fd_field",1,1,1
"feather_river_pump_station_fish_screen",1,1,2
"feather_river_pump_station_fish_screen_feasibility_study",1,1,1
"fed",1,1,1
"federal_agencies_federal",1,1,1
"federal_andor_local",1,1,2
"federal_correctional_institution_lompoc",1,1,1
"federal_entities",1,1,2
"federal_facility_overlay",1,1,1
"federal_government_federal",1,1,1
"federal_government_within",1,1,2
"federal_jurisdictions_federal",1,1,2
"federal_lands",1,1,1
"federal_level_2",1,1,1
"federal_office",1,1,1
"federal_state",1,1,1
"felicia_dan",1,1,2
"fenzel_1972",1,1,1
"fernald_point_fault",1,1,3
"fernbridge_rio_dell_metropolitan",1,1,2
"ferro_property_program",1,1,2
"festuca",1,1,1
"fi",1,1,1
"field_guide_for_collecting_and_processing_stream_water_samples",1,1,1
"field_sampling_guidance_document_1220",1,1,1
"field_techniques_for_estimating_water_fluxes_between_surface_water_and",1,1,1
"figures",1,1,1
"filed",1,1,1
"filling_efforts",1,1,1
"final_feasibility_study",1,1,6
"fire_sciences_laboratory",1,1,2
"firebaugh_intake_canal",1,1,1
"first",1,1,1
"first_amended_c0mplalnt_for_declaratory_relief_and_petition",1,1,1
"first_amended_complaint_and_petition",1,1,1
"first_amended_cross_complaint",1,1,1
"fiscal",1,1,1
"fiscal_year",1,1,1
"fish_and_wildlife_service_critical_habitat_mapper",1,1,1
"fish_and_wildlife_service_hcp",1,1,1
"fish_game_cannery_feedlot_and_fish_game",1,1,1
"fisher_et_al",1,1,1
"fisheries_species_recovery_grants",1,1,5
"flame_ionization_detector",1,1,1
"fleet_readiness_center_west",1,1,1
"fleischmann",1,1,1
"flood_control",1,1,1
"flood_local_maintenance_areas_and_federal_lands",1,1,1
"flood_managed_aquifer_recharge_feasibility_implementation",1,1,2
"flood_plain_deposits",1,1,1
"flood_protection",1,1,1
"flood_water",1,1,1
"flooded",1,1,1
"floodmarsurface_water_supply",1,1,3
"flowinspector_version",1,1,1
"flows_diversions",1,1,1
"flows_framework1",1,1,1
"flows_to_from",1,1,1
"fluvial",1,1,1
"flyers",1,1,1
"focus_on_salinity",1,1,2
"focused",1,1,1
"focused_conference",1,1,1
"folsom_project_elements",1,1,3
"foothill",1,1,1
"foothill_feeder",1,1,1
"for_ag",1,1,3
"for_distribution_by",1,1,1
"for_pit_river_alliance",1,1,1
"forebay_subbasin_groundwater",1,1,2
"forest_city_corp",1,1,1
"forest_springs",1,1,1
"formed",1,1,1
"forming_parties_and_participating_parties",1,1,2
"fort_huachuca",1,1,1
"fort_lewis",1,1,1
"fort_ord_army_base",1,1,1
"fort_ord_office",1,1,2
"fort_ord_wetlands",1,1,2
"fortuna_total",1,1,2
"foundation_engineers_inc",1,1,1
"fox_canyon_drain_stewart_canyon",1,1,1
"fr18161220",1,1,1
"franciscan_complex_and_coast_range_ophiolite",1,1,1
"frank_bergon",1,1,1
"frates_wells",1,1,1
"fred_thurman",1,1,1
"freemont_cotton",1,1,1
"freeport_regional_water_facility",1,1,1
"fremming_parson",1,1,3
"frequency_field",1,1,1
"frequently",1,1,1
"freshwater_marsh",1,1,1
"fresno_county_2050",1,1,1
"fresno_county_council_of_governments",1,1,1
"fresno_county_land",1,1,1
"fresno_county_management_area_a_b",1,1,1
"fresno_county_management_areas_a_b_draft",1,1,1
"fresno_county_public_works_and_planning",1,1,1
"fresno_county_school_outreach",1,1,1
"fresno_foundation",1,1,1
"fresno_id",1,1,1
"fresno_metropolitan_flood",1,1,1
"fresno_metropolitan_flood_control_district_fish_and_wildlife_service_fish_and_wildlife_service",1,1,2
"fresno_metropolitan_flood_control_district_program",1,1,1
"fresno_metropolitan_flood_control_district_project_description",1,1,1
"fresno_river_1",1,1,1
"fresno_slough_water",1,1,1
"friant_contractor",1,1,1
"friant_division_central_valleyp_contractor",1,1,1
"friant_division_contractor",1,1,1
"friant_releases",1,1,1
"friends",1,1,9
"fruitridge_vista",1,1,1
"fsc",1,1,1
"fss",1,1,1
"fte_staff_services",1,1,2
"fugro_west_inc",1,1,1
"fully_protected_reliance_on_groundwater",1,1,1
"fully_protected_reliance_on_groundwater_direct",1,1,1
"future_baseline_and_future_baseline_with_climate_change_i_and_ii",1,1,1
"future_baseline_with_climate_change_i_and_ii",1,1,1
"future_baseline_with_climate_change_ii",1,1,1
"future_conditions",1,1,1
"future_groundwater_resource_development_simulations_consistent",1,1,1
"future_management_area_concept_management",1,1,1
"future_operations",1,1,1
"future_pumping_recommendations_in",1,1,1
"future_water_demand_and_water_supply_options",1,1,1
"future_wmw",1,1,1
"fveg",1,1,1
"fwua",1,1,1
"g3",1,1,2
"g4",1,1,1
"g6",1,1,1
"g_247",1,1,1
"g_docks_h_irrigation",1,1,1
"gadwall_deep_channel",1,1,1
"gadwall_units",1,1,2
"gage_800a",1,1,1
"gage_gap",1,1,1
"gages_springs",1,1,1
"gaging",1,1,1
"gaining",1,1,1
"gains",1,1,1
"galt_waste_water_treatment_plant",1,1,3
"gap",1,1,1
"gap_filling_efforts",1,1,1
"gaps",1,1,1
"gaps_analysis",1,1,2
"gaps_best_management_practice",1,1,2
"gardenas_et_al",1,1,1
"garrison_park",1,1,1
"gary_mickelson",1,1,2
"gary_o",1,1,1
"gary_serrato",1,1,1
"gastelum",1,1,1
"gave",1,1,1
"ge_text",1,1,2
"gei_consultants_et",1,1,1
"general_agricultural",1,1,1
"general_and_associate",1,1,1
"general_groundwater_quality_current",1,1,2
"general_groundwater_sustainability_plan_updates",1,1,1
"general_head_boundaries",1,1,2
"general_information_general",1,1,1
"general_mineral_chemistry",1,1,1
"general_minerals",1,1,1
"general_outreach_and_audience_mapping_pursuant",1,1,1
"general_permit",1,1,1
"general_permits",1,1,2
"general_plan_and_related_plan_land_use_categories",1,1,1
"general_plan_conservation_element",1,1,1
"general_public",1,1,2
"general_water_budget",1,1,1
"general_water_quality",1,1,1
"general_water_quality_water",1,1,2
"general_welfare",1,1,1
"generales",1,1,1
"generales_y_los",1,1,1
"geodetic_branch",1,1,2
"geographic_information_system_clip",1,1,1
"geoid_3112",1,1,1
"geologic_conditions_hotchkiss",1,1,1
"geologic_cross_sections_three",1,1,1
"geologic_mapping_of_surficial_geology_and_faults_surficial",1,1,1
"geologic_setting_1",1,1,3
"geologic_unit",1,1,2
"geological_survey_geologic",1,1,2
"geological_survey_national_water",1,1,1
"geological_survey_nonindigenous_aquatic_species",1,1,1
"geological_survey_water_supply_paper_no1469",1,1,1
"geology",1,1,1
"geology_hydrogeology_the_upper_pressure",1,1,1
"geology_of_the_northern_sacramento_valley_1",1,1,1
"geomatrix_consultants",1,1,1
"geometrics_geode",1,1,1
"georgette_seefeldt",1,1,2
"geosyntec_board_agenda",1,1,1
"geosyntec_brown",1,1,1
"geosyntec_consultants_inc",1,1,3
"geotracker_regulated_facilities_7",1,1,1
"gerald_davis",1,1,1
"gil_spencer",1,1,2
"given",1,1,1
"gk",1,1,1
"glen_avon",1,1,2
"glenn_colusa_irrigation",1,1,1
"glenn_county_department_of_agriculture_weights_and_measurements",1,1,1
"glenn_county_drought_taskforce",1,1,1
"glenn_county_groundwater",1,1,1
"glenn_county_multi_jurisdictional_hmp",1,1,3
"glenn_county_water_quality_program",1,1,1
"glenn_interagency_drought_task_forces",1,1,1
"glenn_knapp",1,1,1
"glenn_subwatershed",1,1,2
"global_marine_drilling_inc",1,1,1
"global_meteoric_water_line",1,1,1
"global_positioning_surveys_the",1,1,1
"globk8",1,1,1
"gmt3",1,1,1
"goal_cf3_action_cf3b",1,1,1
"goals",1,1,1
"gold_gulch",1,1,1
"gold_rush",1,1,1
"gonzales_road",1,1,1
"gooch",1,1,1
"good_housekeeping",1,1,1
"google_earth_engine",1,1,1
"gorrill_ranch",1,1,1
"governing_body",1,1,1
"government_legislative_cost",1,1,1
"gpd",1,1,1
"gps_gnss_network",1,1,1
"gps_stations",1,1,1
"graham",1,1,1
"grandtab",1,1,1
"granite_construction_company",1,1,1
"grant_application",1,1,1
"grant_funding",1,1,2
"grant_program",1,1,1
"grant_review",1,1,1
"grant_writing",1,1,1
"grants184",1,1,1
"grapevine_development_scenario",1,1,1
"grassland_environmental_education_center",1,1,1
"gravelly_ford_water_executive",1,1,1
"green_building",1,1,1
"green_streets_program",1,1,1
"greenwich_meridian",1,1,2
"greg_porter",1,1,1
"gregory_l_james",1,1,1
"grimes_x",1,1,1
"grimmway_farms",1,1,18
"grolutions_horticultural_landscaping",1,1,5
"grossinger",1,1,2
"ground_elevation_benchmark_network",1,1,2
"ground_water_protection_list",1,1,1
"ground_water_resources",1,1,2
"ground_water_treatment_systems",1,1,1
"groundwater_ambient",1,1,1
"groundwater_and_multiple_resource_irrigation_planning_study",1,1,1
"groundwater_bank_recovery_wells",1,1,1
"groundwater_budget",1,1,1
"groundwater_chemistry_geological_survey",1,1,1
"groundwater_contamination_investigation_for_central",1,1,2
"groundwater_dependent_ecosystem_acreage",1,1,1
"groundwater_dependent_ecosystem_area_anlalysis",1,1,1
"groundwater_dependent_ecosystem_evaluation_unit_vegetation",1,1,1
"groundwater_dependent_ecosystem_field_assessment",1,1,1
"groundwater_dependent_ecosystem_id_138223",1,1,1
"groundwater_dependent_ecosystem_id_140053",1,1,1
"groundwater_dependent_ecosystem_identification_the_natural_communities",1,1,1
"groundwater_dependent_ecosystem_maps",1,1,2
"groundwater_dependent_ecosystem_pulse27",1,1,1
"groundwater_dependent_ecosystem_type",1,1,1
"groundwater_dependent_ecosystem_vegetation_water_supply",1,1,1
"groundwater_dependent_ecosystem_vegetation_water_supply_and_demand_sources",1,1,2
"groundwater_dependent_ecosystems_groundwater",1,1,1
"groundwater_dependent_ecosystems_overview",1,1,1
"groundwater_discharge_recharge",1,1,3
"groundwater_elevation",1,1,1
"groundwater_elevation_minimum_thresholds",1,1,2
"groundwater_evaluation",1,1,1
"groundwater_extraction_charge",1,1,1
"groundwater_extraction_information_accurate",1,1,1
"groundwater_guardian_communities",1,1,1
"groundwater_hydrology",1,1,1
"groundwater_leadership_forum",1,1,1
"groundwater_level_minimum_threshold",1,1,1
"groundwater_level_network",1,1,1
"groundwater_level_quality_assurance",1,1,2
"groundwater_level_sustainability_measurable_criteria",1,1,1
"groundwater_levels_and",1,1,1
"groundwater_levels_next",1,1,1
"groundwater_mining_and_export_ordinance_10",1,1,1
"groundwater_outreach_brochure",1,1,1
"groundwater_overdraft",1,1,1
"groundwater_pumping_agricultural",1,1,1
"groundwater_pumping_and_agricultural_land",1,1,1
"groundwater_pumping_for_municipal_and_industrial",1,1,1
"groundwater_quality_analysis",1,1,3
"groundwater_quality_constituents",1,1,2
"groundwater_quality_groundwater_levels",1,1,1
"groundwater_quality_issues",1,1,1
"groundwater_quality_selected_constituents_maps",1,1,1
"groundwater_quality_water",1,1,1
"groundwater_recharge_and_recovery_category",1,1,1
"groundwater_resources_hub_environmental_surface_water_benecifical_users",1,1,1
"groundwater_resources_information_sharing_team",1,1,1
"groundwater_return",1,1,1
"groundwater_service_program",1,1,2
"groundwater_stakeholder_survey",1,1,1
"groundwater_storage_change",1,1,1
"groundwater_storage_measurable_objective",1,1,1
"groundwater_storage_supplement",1,1,1
"groundwater_storage_sustainable_management_criteria",1,1,1
"groundwater_study",1,1,1
"groundwater_supply_availability_study",1,1,1
"groundwater_supply_depletion_water_level_threshold",1,1,1
"groundwater_sustainability_agency_administration_and_public_outreach",1,1,1
"groundwater_sustainability_agency_adoption",1,1,2
"groundwater_sustainability_agency_alternate_representatives",1,1,1
"groundwater_sustainability_agency_board_of_directors_supervisors",1,1,1
"groundwater_sustainability_agency_boundaries",1,1,3
"groundwater_sustainability_agency_cga",1,1,1
"groundwater_sustainability_agency_coordination_activities",1,1,1
"groundwater_sustainability_agency_description",1,1,3
"groundwater_sustainability_agency_education",1,1,1
"groundwater_sustainability_agency_formation_and_coordination",1,1,2
"groundwater_sustainability_agency_formation_and_coordination_during_phase",1,1,2
"groundwater_sustainability_agency_groundwater_level",1,1,1
"groundwater_sustainability_agency_july_7_2017",1,1,1
"groundwater_sustainability_agency_management_enforcement",1,1,1
"groundwater_sustainability_agency_operations_administration",1,1,2
"groundwater_sustainability_agency_project_manager",1,1,1
"groundwater_sustainability_agency_public_live_event",1,1,1
"groundwater_sustainability_agency_representatives_and_alternative_representatives",1,1,1
"groundwater_sustainability_agency_sustainability_goalma_portal",1,1,3
"groundwater_sustainability_agency_updates",1,1,4
"groundwater_sustainability_agency_website_date",1,1,1
"groundwater_sustainability_basin_prioritization",1,1,1
"groundwater_sustainability_committee_chair",1,1,2
"groundwater_sustainability_operations",1,1,1
"groundwater_sustainability_plan_3584",1,1,1
"groundwater_sustainability_plan_391_incorporation",1,1,3
"groundwater_sustainability_plan_administrator",1,1,1
"groundwater_sustainability_plan_adoption_meeting",1,1,1
"groundwater_sustainability_plan_adoption_process",1,1,1
"groundwater_sustainability_plan_advisory_committee_department_of_fish_and_wildlife",1,1,1
"groundwater_sustainability_plan_alternative_submittal",1,1,1
"groundwater_sustainability_plan_annotated_outline_guidance_document",1,1,1
"groundwater_sustainability_plan_chapter_review_process",1,1,1
"groundwater_sustainability_plan_city",1,1,1
"groundwater_sustainability_plan_consultants",1,1,1
"groundwater_sustainability_plan_consultants_a",1,1,1
"groundwater_sustainability_plan_content",1,1,3
"groundwater_sustainability_plan_content_review",1,1,2
"groundwater_sustainability_plan_development_process",1,1,1
"groundwater_sustainability_plan_development_water_forum",1,1,1
"groundwater_sustainability_plan_draft",1,1,2
"groundwater_sustainability_plan_emergency_regulations_guide_2",1,1,1
"groundwater_sustainability_plan_financing",1,1,1
"groundwater_sustainability_plan_goal",1,1,1
"groundwater_sustainability_plan_groundwater",1,1,1
"groundwater_sustainability_plan_implementation_and_funding_costs",1,1,2
"groundwater_sustainability_plan_implementation_budget",1,1,1
"groundwater_sustainability_plan_implementation_components",1,1,1
"groundwater_sustainability_plan_implementation_funding",1,1,2
"groundwater_sustainability_plan_implementation_funds_development",1,1,2
"groundwater_sustainability_plan_implementation_program",1,1,2
"groundwater_sustainability_plan_implementation_support_activity",1,1,1
"groundwater_sustainability_plan_joint_implementation_activities_implementation",1,1,1
"groundwater_sustainability_plan_manager",1,1,2
"groundwater_sustainability_plan_outreach",1,1,1
"groundwater_sustainability_plan_outreach_strategies",1,1,1
"groundwater_sustainability_plan_preparation",1,1,2
"groundwater_sustainability_plan_public_notice_and_adoption",1,1,1
"groundwater_sustainability_plan_public_workshop",1,1,1
"groundwater_sustainability_plan_purpose",1,1,9
"groundwater_sustainability_plan_quality_assurance",1,1,1
"groundwater_sustainability_plan_related",1,1,1
"groundwater_sustainability_plan_review_and",1,1,2
"groundwater_sustainability_plan_review_and_evaluation",1,1,2
"groundwater_sustainability_plan_review_draft",1,1,2
"groundwater_sustainability_plan_review_process_comments",1,1,1
"groundwater_sustainability_plan_studies",1,1,1
"groundwater_sustainability_plan_study",1,1,1
"groundwater_sustainability_plan_submittal_guidance",1,1,1
"groundwater_sustainability_planning_process",1,1,1
"group_1_scenario",1,1,1
"group_1_scenarios",1,1,1
"group_representatives",1,1,1
"groups_1_and_2",1,1,1
"grover_junction",1,1,1
"grow",1,1,1
"growers",1,1,1
"gsa10119",1,1,2
"gsa_description",1,1,2
"gsa_organization",1,1,1
"gslfow",1,1,1
"gspa",1,1,1
"gss",1,1,2
"gtmps",1,1,1
"gu0588_f",1,1,1
"gu0753",1,1,3
"guadalupe_rivera",1,1,1
"guiding_principles_and_communication_and_engagement",1,1,1
"gulling",1,1,2
"guzman",1,1,1
"gw_banking",1,1,1
"gw_conditions",1,1,2
"gw_extrac",1,1,1
"gw_management_plan_objectives",1,1,1
"gw_recharge_gw_extraction",1,1,1
"gwac",1,1,1
"gwf",1,1,2
"gwpas",1,1,1
"gws_water_budget_analysis",1,1,1
"gyrinidae",1,1,1
"h7",1,1,1
"h_alyson",1,1,1
"h_g_thomasson",1,1,1
"h_i",1,1,1
"h_notices",1,1,1
"h_sources",1,1,3
"h_st",1,1,2
"hadley_and",1,1,1
"hagman",1,1,1
"haley_k_ryan",1,1,2
"hamilton_city_cal_water",1,1,2
"hamilton_city_ranch_farm_cleanup_program_site",1,1,2
"hamilton_city_with",1,1,1
"hammil",1,1,1
"hanson_and",1,1,1
"hardwood_subdivision_of_dunnigan",1,1,1
"harmon_barrancas",1,1,1
"harris_farms",1,1,2
"harris_ranch_inn_restaurant",1,1,1
"harter_et_al",1,1,1
"harter_t",1,1,1
"hartling",1,1,1
"hasps",1,1,1
"hathaway_law_firm",1,1,1
"haven_court_ca",1,1,1
"hayward_project_financing_pursuant",1,1,1
"hayward_well_d_on",1,1,1
"hb",1,1,1
"hdr",1,1,1
"head_boundary",1,1,1
"headrick",1,1,5
"health_and_safety",1,1,1
"health_and_safety_tuolumne",1,1,1
"heather_bashian",1,1,2
"hebdon_electronics_et_al",1,1,1
"hebron",1,1,2
"heidi_bauer",1,1,2
"helen_k",1,1,1
"hello_eric",1,1,2
"hemet_groundwater_management",1,1,1
"hemet_san_jacinto_groundwater",1,1,1
"heptachlor",1,1,1
"heptachlor_epoxide",1,1,1
"hercules_powder_company",1,1,1
"hexavalent_chromium",1,1,1
"hexavalent_chromium_maximum_contaminant_level",1,1,1
"hg",1,1,1
"hgl",1,1,1
"hhoooooommmmmm_hhoooooommmmmm",1,1,1
"hidden_dam_and",1,1,1
"high",1,1,1
"high_medium",1,1,1
"highland_economics",1,1,1
"highways",1,1,1
"hill",1,1,1
"hill_canyon_wwtp",1,1,1
"hillside_water_company",1,1,1
"hilmar_cheese_company",1,1,1
"hilton_creek_watering_system",1,1,1
"himalayan_species",1,1,1
"historic_line",1,1,1
"historic_low_wl",1,1,1
"historic_low_wl_historic_low_wl",1,1,1
"historic_water_budget",1,1,1
"historical_conditions_water_budget",1,1,1
"historical_local_supplies_local",1,1,1
"histosols",1,1,1
"hl",1,1,1
"hmx",1,1,1
"hmx_octogen",1,1,1
"hnrg",1,1,1
"hoboware_pro",1,1,1
"hodges",1,1,1
"hodges_reservoir_surface",1,1,2
"holland",1,1,1
"hollister_subbasin_portions",1,1,1
"holly_field",1,1,1
"holmes_street",1,1,1
"holthouse_wd",1,1,4
"home",1,1,1
"home_garden_community_services_district_home_garden_csd",1,1,1
"hon",1,1,1
"hopkins_geologic_cross",1,1,5
"hopkins_study",1,1,2
"horizon_water_and_environment_for",1,1,1
"horst",1,1,1
"horton_brothers",1,1,1
"hortonian",1,1,1
"hospital_atascadero_state_hospital",1,1,1
"household_supply",1,1,1
"how_was",1,1,1
"how_will_be_accomplished",1,1,1
"howard",1,1,1
"howard_j",1,1,1
"howard_road",1,1,1
"however",1,1,1
"htp",1,1,1
"httpsdwrmapsarcgiscomappswebappviewerindexhtmlid181078580a214c0986e2da28f862",1,1,1
"httpsdwrmapsarcgiscomappswebappviewerindexhtmlid181078580a214c0986e2da28f8623b37",1,1,1
"httpswatercagovprogramsstatewater_project_water_quality_discrete_grab_samples",1,1,1
"httpswdlwatercagov",1,1,1
"httpswwdcagovaboutwestlandsadditional",1,1,1
"httpswwdcagovwatermanagementgroundwater",1,1,2
"httpswwwcomontereycaushomeshowpublisheddocument87229637177055290800000_43",1,1,1
"httpswwwsandiegocountygovcontentsdcpdssgmasanpasqualvalleyhtml",1,1,1
"httpswwwtejoncastacwdcom",1,1,1
"httpswwwyologroundwaterorg",1,1,1
"huang",1,1,1
"hubbs_miner_ditch_company",1,1,1
"huer",1,1,2
"hugh_baber_lane",1,1,1
"huhtamaki",1,1,1
"human_right_to",1,1,2
"human_right_to_water_framework_and",1,1,1
"humberto_izquierdo",1,1,1
"humboldt_coimty_department_of",1,1,1
"humboldt_cotmty_department_of",1,1,1
"humboldt_county_department_ofpublic_works",1,1,1
"humboldt_county_general_fund",1,1,1
"humboldt_county_groundwater_sustainability_agency_board_directors",1,1,1
"huntington",1,1,1
"hunts",1,1,1
"hurlbut_road_well",1,1,2
"huron_land",1,1,1
"hutton",1,1,1
"hwg_chapter_5",1,1,1
"hwy",1,1,1
"hyatt",1,1,2
"hydraulic_conductivities_hydraulic",1,1,2
"hydraulic_conductivity",1,1,1
"hydraulic_heads_for",1,1,1
"hydraulically_disconnected",1,1,1
"hydrogeologic_controls_and_geochemical_indicators_of_groundwater_movement",1,1,1
"hydrogeologic_description",1,1,1
"hydrogeologic_framework",1,1,1
"hydrogeologic_understanding_of_the",1,1,1
"hydrogeologic_units",1,1,3
"hydrogeologic_zones_coordination",1,1,1
"hydrogeology_hydrology_geology",1,1,1
"hydrographs_upstream",1,1,2
"hydrolog_ic_reso",1,1,1
"hydrologic",1,1,1
"hydrologic_soil_group_c",1,1,1
"hydrological_engineers",1,1,3
"hydrological_simulation_program",1,1,1
"hydrology_and_water_quality",1,1,1
"hydrology_water_quality_climate_change",1,1,1
"hyperion_2035",1,1,1
"i_development",1,1,1
"i_hicham_eltal",1,1,1
"i_site",1,1,2
"i_woodard_curran",1,1,1
"ibid260",1,1,1
"ics",1,1,1
"id4_uwmp",1,1,1
"identi",1,1,1
"identify",1,1,1
"identify_management_area_outreach",1,1,1
"igs_department_of_rehabilitationis",1,1,1
"ii",1,1,1
"ii_central_valleyp_contractor_variable_name",1,1,1
"iiic_depth_to_walari",1,1,1
"ikes_harris_muskgrave",1,1,1
"ill",1,1,1
"illegal_diversions_account",1,1,1
"ilof",1,1,1
"image_classification",1,1,2
"impact_sciences",1,1,1
"imperial_college_london",1,1,3
"imperial_counties",1,1,1
"implement",1,1,1
"implement_project_and_management_actions",1,1,1
"implement_projects_and_management_actions",1,1,1
"implementation3",1,1,1
"implementation_221_piezometer_construction_equipment_installation_site_commissioning_and_maintenance",1,1,2
"implementation_cost_estimate",1,1,1
"implementation_medium",1,1,1
"implementation_mullin_area_groundwater_sustainability_agency_plan_implementation_schedule",1,1,1
"implementation_of_land_use_plans_outside",1,1,1
"implementation_planning",1,1,1
"implementation_research",1,1,1
"implementation_timetable",1,1,1
"implementation_timing_criteria_accrual_for_implementation_of_benefits",1,1,1
"implemented_capital_cost_benefit",1,1,1
"imported_water_project_option_1",1,1,1
"improve_coordination_and_planning_integration",1,1,1
"improvement_district_11135250",1,1,1
"in",1,1,1
"inceptisols",1,1,1
"incidental_take_permit",1,1,1
"includes_irrigation_water_year_type",1,1,1
"incomplete_3",1,1,2
"incorporate",1,1,1
"incorporated_city",1,1,1
"incorporating_regulatory_programs",1,1,2
"incorporation",1,1,1
"indemnifying_party",1,1,2
"independent_demand_calculator",1,1,1
"indi_l_suppli_es",1,1,1
"indian_wells_valley_groundwater_authority_pumper_group_allocation",1,1,1
"indian_wells_valley_groundwater_authority_water_resources_manager",1,1,1
"indicates_flows_less",1,1,1
"indicatorsb",1,1,1
"indirect_groundwater",1,1,1
"indirect_potable_reuse_feasibility_study",1,1,1
"industrial",1,1,1
"industrial_agriculture_wildlife_preserve",1,1,2
"industrial_pumping",1,1,3
"inflow_ag",1,1,1
"information_and_methodology",1,1,1
"information_planning_and_consultation",1,1,1
"informational",1,1,1
"informes",1,1,1
"informes_de_reducciones_de_bombeo",1,1,2
"infosloughousercdorg",1,1,1
"infrastructure",1,1,1
"infrastructure_improvement",1,1,1
"initiated",1,1,1
"inland_empire_brineline",1,1,1
"inn",1,1,1
"insects_other",1,1,1
"inspection_of_well_site_a",1,1,1
"institute_for_fisheries_resources",1,1,1
"integrated_hydrologic",1,1,1
"integrated_regional_water_management_planning",1,1,1
"integrated_regional_water_management_planning_grant_task",1,1,1
"integrated_regional_water_medium",1,1,1
"integrated_regional_water_medium_implementation_grants",1,1,1
"integrated_regional_watersheds",1,1,1
"integrated_water_flow_evapotranspiration",1,1,1
"inter_basin_coordination",1,1,1
"inter_basin_surface_water_transfers_or_exchanges",1,1,1
"inter_district_transfer_for_conjunctive_use",1,1,2
"inter_inc",1,1,1
"intera_inc",1,1,1
"intera_work",1,1,1
"interagency_coordination",1,1,1
"interbasin_flow",1,1,1
"interconnected_surface_water_smc",1,1,2
"interested_sustainable_high_school",1,1,5
"interferometic_synthetic_aperture_radar",1,1,1
"interferometric_synthetic_aperture_radar_interferometric_synthetic_aperture_radar",1,1,2
"intergovernmental_panel",1,1,2
"intermittent_streams",1,1,2
"internal_climate_solar_radiation_daily",1,1,1
"internal_communication_internal_communication",1,1,4
"internal_document_author",1,1,1
"internal_groundwater_water_marketing_program",1,1,1
"international_astronomical_union",1,1,1
"international_union_of_geodesy",1,1,1
"interties",1,1,1
"intra_basin_coordination",1,1,2
"intra_basin_coordination_intra",1,1,1
"introduction_climate",1,1,1
"introduction_sustainable_management_criteria",1,1,3
"intrusion",1,1,1
"inventory",1,1,3
"investigation_feasibility_study",1,1,2
"investigation_of_interactions",1,1,2
"investigation_of_source_of",1,1,1
"investigative_orders_to_refineries",1,1,1
"invite_trevor",1,1,1
"inyo_county_general_plan_update",1,1,1
"inyo_county_superior_court",1,1,1
"inyo_county_water_director",1,1,1
"io_sp0029",1,1,1
"ione_formation_of_middle_eocene",1,1,2
"ip",1,1,1
"irideus",1,1,3
"iron_iron",1,1,1
"ironhouse_sanitary",1,1,1
"irrigated",1,1,1
"irrigated_lands_regulatory_program_waste_discharge_requirements",1,1,1
"irrigation_company",1,1,1
"irrigation_management_information_system_oakville",1,1,1
"irrigation_system_improvement_program",1,1,1
"irrigation_technology_and_research_center",1,1,1
"irrigation_training_and_research_center_a",1,1,2
"irrigation_training_and_research_center_mapping_evapotranspiration",1,1,1
"irwa",1,1,3
"irwp",1,1,1
"is_inadequate",1,1,1
"is_inadequate_with_respect_to_groundwater_levels_and_groundwater",1,1,1
"is_inadequate_with_respect_to_groundwater_levels_and_groundwater_quality",1,1,1
"is_riverkeeper",1,1,1
"isa_11",1,1,1
"isa_3",1,1,1
"isaac_l_st_lawrence",1,1,1
"isabella",1,1,1
"isabella_dam_safety_modification",1,1,1
"isolated_springs",1,1,1
"isotech_labs_of_champaign",1,1,3
"isotopic_recharge_study",1,1,1
"item",1,1,1
"item_12b",1,1,1
"itrc_results",1,1,1
"ivydene_water_company_lingate_lane_mutual_water_company",1,1,1
"j_comment",1,1,1
"j_e_upson",1,1,1
"j_j",1,1,1
"j_pablo_ortiz",1,1,1
"j_turner",1,1,3
"ja",1,1,2
"jackson_rd",1,1,1
"jackson_turbidity_units_surface_water_quality_type",1,1,3
"jackson_valley_irrigation_district_board_room",1,1,1
"jam_mutual_water_company",1,1,1
"james_hall_family_trust",1,1,3
"james_irrigation_district_resolution_no",1,1,1
"james_p_stall",1,1,1
"james_worth",1,1,1
"jameson_american_cl",1,1,2
"jamison_crosby",1,1,1
"janette_lupercio",1,1,3
"january_4_2019",1,1,1
"jared_huffman",1,1,2
"jarrod",1,1,1
"jasmene",1,1,1
"jason_scheer",1,1,1
"jd_hughes",1,1,1
"jeff_mount",1,1,1
"jennifer_paretti",1,1,4
"jerry_gragnani_division",1,1,4
"jessie_maxfield",1,1,1
"jim",1,1,1
"jim_anderson",1,1,1
"jim_stilwell",1,1,1
"jo_intl_y",1,1,1
"joaquin_delta",1,1,8
"joaquin_integrated_regional_water_managementp",1,1,1
"joe_cardoza",1,1,1
"joe_ferrara",1,1,2
"john_e",1,1,1
"john_izbicki",1,1,1
"john_logan",1,1,1
"john_phillips",1,1,1
"john_ricker_water_resources",1,1,2
"john_shribbs",1,1,5
"john_young",1,1,1
"johnson_salinas_company",1,1,1
"joint_board_meeting",1,1,1
"joint_districts_scada",1,1,1
"joint_groundwater_sustainability_agency_board_meeting",1,1,1
"joint_land_use_study",1,1,2
"joint_main_canal",1,1,1
"joint_powers_agreement_and",1,1,1
"joint_powers_agreement_outline",1,1,1
"joint_powers_authority_board_meetings_representatives",1,1,1
"joint_underwriters",1,1,2
"jonathan_hakim",1,1,1
"jonathan_om_manager",1,1,1
"jones_stokes",1,1,1
"jordan",1,1,1
"jose_luis_valdez",1,1,1
"joseph_walker",1,1,1
"josh_rogers",1,1,2
"josiah_arnold",1,1,1
"joyce_lane",1,1,1
"juan_de_fuca_gorda",1,1,1
"juniper_village_farm_labor_housing",1,1,1
"juniper_woodland",1,1,1
"jurassic",1,1,1
"jurgens",1,1,1
"justin_court",1,1,1
"justin_stiegemeyer",1,1,2
"k_j_j",1,1,1
"kalman",1,1,1
"kammermeyer",1,1,1
"karen_m_avinelis",1,1,2
"kathy_cline",1,1,4
"katie_smith",1,1,1
"kaweah_alluvial_fan",1,1,2
"kaweah_basin_water_quality_coalition",1,1,1
"kaweah_delta_water_conservation",1,1,1
"kear_2005",1,1,1
"kearny_mesa",1,1,1
"keeler_wolf_t",1,1,1
"kegg_meadow_enhancement",1,1,1
"keith_abeles",1,1,1
"keith_abercrombie",1,1,1
"kelly_a",1,1,1
"kelly_l_whitledge",1,1,2
"kelsey_creek_streamflow",1,1,2
"ken",1,1,1
"ken_kirkey",1,1,1
"ken_schmidt",1,1,2
"kenneth",1,1,1
"kenneth_d_schmidt_associates_groundwater_quality_consultants",1,1,1
"kenwood_gages_daily_discharge",1,1,2
"kepware_server",1,1,1
"kerman_news",1,1,1
"kern_ag_pavilion",1,1,1
"kern_county_buena",1,1,1
"kern_county_environmental_health_division",1,1,1
"kern_county_farmers_bureau",1,1,1
"kern_county_planning_framework",1,1,3
"kern_county_water_agency_todd_groundwater",1,1,3
"kern_delta_wd",1,1,1
"kern_front",1,1,1
"kern_ground",1,1,1
"kern_groundwater_authority_groundwater_sustainability_agency_planning_manager",1,1,1
"kern_river_coordination_meetings",1,1,4
"kern_river_groundwater_sustainability_agency_agricultural_management_area_arsenic",1,1,1
"kern_river_groundwater_sustainability_agency_banking_management_area_arsenic",1,1,1
"kern_river_groundwater_sustainability_agency_urban_and_banking",1,1,1
"kern_tulare_water_district_draft",1,1,1
"ketchum_flood_control_recharge_project_project_type_recharge_basin_project_location",1,1,1
"kettleman",1,1,1
"kevin_arnold",1,1,4
"kevin_c",1,1,1
"kevin_mckennon",1,1,1
"key_outreach_principles",1,1,4
"kilometers",1,1,1
"kimberly_craig",1,1,2
"kimberly_fernandez",1,1,3
"kingii",1,1,2
"kings_basin_coordination",1,1,1
"kings_basin_projected_water_budget",1,1,1
"kings_canyon_lineament",1,1,1
"kings_canyon_national_park",1,1,1
"kings_counties_measurable_objectivesu",1,1,4
"kings_irrigation",1,1,1
"kings_river_alluvial_fan",1,1,1
"kings_river_canal_irrigation_company",1,1,1
"kings_river_conservation_district_division_4",1,1,1
"kings_river_flows",1,1,1
"kings_river_supplies",1,1,1
"kings_river_water_association_2009",1,1,1
"kings_subbain",1,1,2
"kings_subbasin_boundary",1,1,1
"kings_subbasin_water_budget_similarly",1,1,1
"kingsburg_irrigation_company",1,1,1
"kirby",1,1,1
"kirschenmann_road",1,1,1
"kit",1,1,1
"kk",1,1,1
"klausmeyer_k",1,1,1
"klein_denatale_goldner",1,1,1
"knutson_meadow",1,1,1
"konikow",1,1,2
"konocti_vista_casino",1,1,1
"kristian_alfelor",1,1,2
"krug",1,1,1
"krypton",1,1,1
"ksb1071",1,1,3
"ksb1628",1,1,2
"kuyler_crocker",1,1,2
"kvon_radio",1,1,3
"l1_3",1,1,1
"l_arsenic",1,1,1
"l_department_of_health_services",1,1,1
"l_elevated",1,1,1
"l_long",1,1,2
"la_asistencia_de_voluntarios_de_la_comunidad_y_organizaciones",1,1,1
"la_sección",1,1,5
"la_sección_10721",1,1,1
"la_sección_11",1,1,1
"la_sección_6",1,1,1
"la_sección_8",1,1,3
"label_seal_depth_attribute",1,1,1
"labolle",1,1,1
"laboratory_duplicate",1,1,2
"laboratory_turnaround_time_laboratory",1,1,1
"lacustrine_palustrine",1,1,1
"laguna_mark",1,1,1
"laidlaw_environmental",1,1,1
"lake_county_division_of_environmental_health",1,1,1
"lake_millerton",1,1,1
"lake_skinner",1,1,1
"lake_subbasin_board_agenda",1,1,2
"lakeview_groundwater_dependent_ecosystem_evaluation_unit_vegetation",1,1,2
"lambert_conformal_conic",1,1,1
"lamont_public_utilities_district_mw",1,1,1
"lanare_csd",1,1,1
"land_area_representation",1,1,1
"land_subsidence_representative",1,1,1
"land_subsidence_the_undesirable_result_for_land_subsidence",1,1,1
"land_surface",1,1,1
"land_surface_checkpoints",1,1,2
"land_surface_subsidence_land",1,1,1
"land_sustainable_management",1,1,1
"land_system_annual_water_budget_gw",1,1,1
"land_trust",1,1,1
"land_use_circulation",1,1,1
"land_use_plans_and_efforts_to_address_potential_risks_to_groundwater_quality_and_quantity_land",1,1,1
"land_use_plans_outside",1,1,4
"land_use_plans_outside_sutter_subbasin_land",1,1,5
"land_use_policy_b111",1,1,4
"land_uses_department_of_water_resources_land_use_surveys",1,1,1
"landowner_meetings_webinar_tbd",1,1,1
"landsat_8",1,1,1
"landslide_deposits",1,1,1
"lang_gage",1,1,1
"larry_elliot",1,1,1
"larry_hirahara",1,1,4
"larry_walker_associates_inc",1,1,1
"las_condiciones_históricas_y",1,1,1
"las_elevaciones_de_aguas_subterráneas",1,1,1
"las_operaciones_cga",1,1,1
"las_recomendaciones",1,1,2
"lascd",1,1,1
"lassen_counties",1,1,1
"lassen_groundwater_sustainability_agency_formation_public",1,1,1
"last_chance_main_canal",1,1,1
"lasthenia",1,1,1
"lateral",1,1,1
"lateral_b",1,1,1
"laton_csd",1,1,1
"laton_library",1,1,1
"laura_foglia",1,1,1
"laurel_sumac",1,1,2
"lawrence",1,1,3
"lawrence_livermore_lab",1,1,1
"lawrence_livermore_laboratory",1,1,1
"layer",1,1,1
"layer_4_layer_4",1,1,2
"layers_needs_assessment_arsenic_terms_of",1,1,2
"le",1,1,1
"lead",1,1,1
"leadership_council_for_justice_accountability",1,1,3
"leadership_counsel_for_justice_and",1,1,1
"leading",1,1,1
"league_of_united_latin_american_citizens",1,1,1
"leah_brown",1,1,1
"legal",1,1,1
"legal_authority_article_6",1,1,1
"legal_authority_legal",1,1,1
"legal_counsel",1,1,1
"legal_or_enforcement_actions",1,1,1
"legislative",1,1,1
"legislative_regulatory_requirement",1,1,1
"lemieux",1,1,1
"leptoceridae",1,1,1
"les_chau_project_manager",1,1,2
"leslie_bennett",1,1,3
"less",1,1,1
"levels_in_storage",1,1,2
"levi_paulin_department_of_water_resources",1,1,1
"ley_de",1,1,1
"lgc",1,1,1
"liaison",1,1,1
"liberty_canal",1,1,1
"liberty_mill_race_company_inc",1,1,1
"liberty_yolo_bypass",1,1,1
"library",1,1,1
"lime_saddle",1,1,1
"limicola",1,1,1
"limited",1,1,1
"limnetic",1,1,1
"limnology",1,1,1
"lims",1,1,1
"lincoln_cota_percolation_ponds",1,1,1
"lincoln_road",1,1,1
"lindsay_land_use_and",1,1,1
"lindsay_strathmore",1,1,1
"line_2776",1,1,2
"linear",1,1,1
"lingate_mutual_water_company",1,1,1
"lion_mountain_ranch",1,1,2
"lions_club_seeking_council_approval",1,1,1
"lisa_herbert",1,1,1
"list_of_public_meetings",1,1,3
"listed",1,1,1
"lithologic_characterization_results",1,1,1
"lithologic_correlation",1,1,1
"little_panoche",1,1,3
"little_truckee_diversion",1,1,1
"little_truckee_diversion_canal",1,1,1
"live_oak_chaparral",1,1,1
"live_oak_forest",1,1,1
"live_oak_woodland",1,1,1
"living_trust",1,1,4
"llagas_subbasin_north",1,1,3
"llllnnnnnn",1,1,1
"ln",1,1,1
"lo",1,1,1
"local_agency_meeting",1,1,2
"local_groundwater_assistance_grant_program",1,1,1
"local_primacy_program",1,1,1
"local_program",1,1,4
"local_standards_the_federal_and_state",1,1,1
"local_well_ids",1,1,1
"localized",1,1,1
"localized_outreach_and_engagement_strategies_1",1,1,2
"localmente",1,1,1
"located",1,1,2
"location_meeting_purpose_topics",1,1,1
"logs_from_rcs",1,1,1
"lompico_aquifer_groundwater_elevations",1,1,1
"lompoc_diatomite_project91",1,1,1
"lompoc_federal_penitentiary",1,1,1
"lompoc_upland_19_nd",1,1,1
"lon",1,1,1
"lone_tree",1,1,1
"lone_tree_channel",1,1,1
"long_term_goals",1,1,1
"lookout_transfer_station",1,1,1
"loop_ranch",1,1,1
"loraine_5_nne",1,1,1
"lorena_alvarez",1,1,1
"lors",1,1,2
"los_angeles_county_superior_court",1,1,1
"los_angeles_department_of_water_and_power_water_resource_management",1,1,1
"los_angeles_sheet",1,1,1
"los_angeles_superior_court",1,1,2
"los_banos_future_of_our_water_resources",1,1,1
"los_molinos_subbasin_historical_lateral_subsurface_groundwater",1,1,1
"los_padres",1,1,18
"los_presupuestos_de_agua_históricos_de_las_entradas_totales",1,1,1
"los_resultados",1,1,1
"los_suministros_de_agua",1,1,1
"los_suministros_de_agua_de_la_subcuenta",1,1,1
"los_vaqueros_reservoir_jpa",1,1,1
"los_water_quality_control",1,1,1
"losing",1,1,1
"louisiana",1,1,1
"low_alluvial_fan",1,1,1
"low_energy_precision_application_systems",1,1,1
"lower",1,1,1
"lower_and_upper_uncertainty_wafr_fractions",1,1,1
"lower_aquifer_storage",1,1,1
"lower_carlotta",1,1,1
"lower_klamath_wildlife_refuge",1,1,1
"lower_paso_robles",1,1,1
"lower_san_antonio",1,1,1
"lower_tule_irrigation",1,1,1
"lower_tule_river_irrigation_district_groundwater_sustainability_agency_decision_making_structure",1,1,1
"lphs",1,1,1
"ls",1,1,1
"ls_pistol_range",1,1,1
"ltgc",1,1,1
"ltrc",1,1,1
"lu_91_open_space_parks",1,1,1
"lucille_n_demetriﬀ_and_food_supply",1,1,1
"luhdorf_scalmanini",1,1,3
"luhdorff_scalamini",1,1,1
"lumber_company",1,1,1
"lump_sum_required_compliance_activities",1,1,1
"lydon_1968",1,1,1
"lynn_compton",1,1,1
"lynn_phillips",1,1,1
"lynn_wheat",1,1,1
"lynne_bogetti",1,1,4
"m_mukae",1,1,3
"mab_north",1,1,1
"macdoel_waterworks",1,1,1
"macgillivray_jones",1,1,1
"machlin",1,1,1
"madchow25",1,1,2
"madera_canal_and_flood_diversions",1,1,1
"madera_chowchilla_water_and",1,1,1
"madera_city_hall",1,1,1
"madera_community_college_center_max_expansion_fixed",1,1,3
"madera_county_library",1,1,2
"madera_county_office_of_education",1,1,1
"madera_county_superior_court",1,1,1
"madera_draft",1,1,1
"madera_farm_madera",1,1,1
"madera_groundwater",1,1,1
"madera_irrigation_district_and",1,1,1
"madera_irrigation_district_deliveries",1,1,1
"madera_irrigation_district_groundwater_sustainability_agency_canal_system",1,1,1
"madera_irrigation_district_groundwater_sustainability_agency_implementation",1,1,1
"madera_subbasin_coordinating",1,1,1
"madera_subbasin_coordination",1,1,4
"madera_subbasin_domestic",1,1,1
"madera_subbasin_sustainable_groundwater_management",1,1,1
"madera_unified_school_district_seeking_council_approval",1,1,1
"madrone",1,1,2
"magnesium",1,1,1
"main_i_canal",1,1,1
"main_napa_valley_floor_lsce",1,1,2
"main_street_bridge",1,1,2
"maine_prairie",1,1,1
"mainsite",1,1,1
"mainstem",1,1,1
"maintain",1,1,1
"maintain_and",1,1,1
"maintained_sustainability_code_description_download",1,1,1
"maintaining",1,1,1
"major_concerns_or_challenges",1,1,1
"major_hydraulic",1,1,1
"major_land",1,1,3
"major_land_use_divisions",1,1,1
"major_streams",1,1,1
"malaga_county_water_district_wastewater_plant",1,1,2
"manage_recharge",1,1,1
"management_action_1",1,1,1
"management_action_description",1,1,1
"management_actions_management",1,1,1
"management_area_1",1,1,2
"management_area_e",1,1,1
"management_area_k",1,1,3
"management_area_status",1,1,1
"management_areas_1",1,1,1
"management_areas_c",1,1,1
"management_criteria",1,1,1
"management_dairy_farmers",1,1,5
"management_for_contractors",1,1,1
"management_of_groundwater_extractions_and",1,1,2
"management_of_groundwater_use_and",1,1,1
"management_operations",1,1,1
"management_processes",1,1,1
"management_project_name_action_type",1,1,1
"management_project_name_organization_action_type_structural_1",1,1,2
"management_zone_6",1,1,1
"manana",1,1,4
"mandalay_county_park",1,1,4
"mandalay_state_beaches",1,1,1
"manejo_de_recursos",1,1,1
"mankinen",1,1,1
"mansionette_estates",1,1,3
"manual",1,1,1
"many",1,1,2
"mapbook",1,1,2
"mapping_of_evapotranspiration_with",1,1,1
"marin_counties",1,1,1
"marine_fisheries_service",1,1,2
"marisa",1,1,1
"marisa_hernandez",1,1,1
"marisa_martinez",1,1,3
"marisa_perez_reyes",1,1,1
"marjorie_b_sellers",1,1,2
"mark_merri",1,1,1
"mark_orme",1,1,1
"marlaigne_k_dumaine",1,1,1
"martha_flores",1,1,3
"mathias",1,1,1
"matrix_spike_access",1,1,1
"matters",1,1,1
"matthew_bogetti",1,1,2
"matthew_d_lindsey",1,1,4
"maureen_teubert",1,1,1
"mav",1,1,2
"maximum_benefit_objectives",1,1,1
"maximum_contaminant_level_exceedances",1,1,2
"maximum_contaminant_level_us",1,1,4
"maximum_contaminant_levels_monterey_countypwd",1,1,1
"may_limit_operational_flexibility",1,1,1
"mayfly_insects_enallagma",1,1,1
"mbdm",1,1,1
"mcallister_ranch",1,1,1
"mcdm",1,1,3
"mcguire",1,1,1
"mclaughlin_et_al_2008",1,1,1
"mcmc",1,1,1
"mcnell",1,1,1
"mcwd6",1,1,1
"mcwra_board_of_directors_or",1,1,1
"mdc",1,1,1
"meadowbrook_farms",1,1,1
"mean_total",1,1,1
"measurable_objective_for_chronic_lowering_of_groundwater_levels",1,1,1
"measurable_objective_for_reduction_of_groundwater_storage",1,1,1
"measurable_objectives_for_interconnected_surface_waters",1,1,1
"measurable_objectives_for_subsidence_3231",1,1,1
"measured",1,1,1
"measured_accretions",1,1,1
"measures",1,1,1
"measuring_water_levels",1,1,1
"mechoopda_indian_tribe",1,1,1
"medium_priority",1,1,1
"meeting",1,1,1
"meeting_co_host",1,1,1
"meets_sustainable_management_criteria_sustainable_goal_development_water",1,1,1
"meiss_ranch_company",1,1,1
"mel_senna_brake_service",1,1,1
"melissa_fryer",1,1,1
"memoranda",1,1,1
"memoranda_of_understanding",1,1,1
"memorandum_of_agreement_to_jointly_form",1,1,1
"memorandum_of_understanding_for_cooperation_and_coordination_of_the_kaweah",1,1,1
"memorandums_of_understanding",1,1,1
"mendocino_college",1,1,1
"mendocino_range",1,1,1
"menifee_desalters",1,1,1
"menifee_environmental_and",1,1,1
"menifee_subwatershed",1,1,1
"mentis",1,1,1
"menu",1,1,2
"merced_chowchilla_water_transfer_intertie",1,1,1
"merced_county_administration_building",1,1,1
"merced_county_building",1,1,1
"merced_county_community_plans_community",1,1,1
"merced_county_division_of_environmental_health",1,1,1
"merced_county_general_plan_agricultural_element",1,1,1
"merced_county_general_plan_water_element",1,1,1
"merced_county_parcels",1,1,1
"merced_farm_bureau",1,1,4
"merced_farm_groundwater_sustainability_plan_advisory",1,1,9
"merced_groundwater_subbasin_groundwater_sustainability",1,1,1
"merced_groundwater_sustainability_overview",1,1,1
"merced_groundwater_sustainability_plan_stakeholder_and_coordinating_committee_meetings",1,1,1
"merced_id",1,1,2
"merced_intertie",1,1,1
"merced_subbasin_community_workshop",1,1,1
"merced_subbasin_community_workshops",1,1,1
"merced_subbasin_groundwater_sustainability_plan_community",1,1,1
"merced_subbasin_groundwater_sustainability_plan_community_workshop",1,1,1
"merced_subbasin_groundwater_sustainability_plan_community_workshops",1,1,1
"merced_subbasin_memorandum",1,1,1
"merced_subbasin_sustainability_goal",1,1,1
"merced_water_resources",1,1,1
"mercedsunstar",1,1,1
"merchant_street",1,1,1
"meredith_niles",1,1,1
"meridian_farms_water_company",1,1,1
"mesozoic_sierran",1,1,1
"metals_metals",1,1,1
"meter_ysi_pro_plus_oxygen",1,1,1
"metered",1,1,1
"metered_high",1,1,2
"metering_infrastructure",1,1,1
"metrics",1,1,2
"metropolitan_facilities",1,1,2
"metropolitan_golf_links",1,1,1
"metzgar",1,1,1
"meyer",1,1,1
"meyers_farms",1,1,2
"mf_kane",1,1,1
"mga_board_meeting",1,1,1
"mgsa_coordiantion_agreement_board_of_directors_regular_meeting_sep_12",1,1,3
"mha_environmental_consulting",1,1,1
"mi_groundwater_supplies",1,1,1
"mi_municipal_and",1,1,1
"mi_surface_water_supplies",1,1,1
"micaela_a_mejia",1,1,1
"michael",1,1,1
"michelson_lab",1,1,1
"microsoft_excel_or_access",1,1,2
"mid_valley_disposal_site",1,1,1
"middle_cosumnes",1,1,1
"migration_of_contaminated_groundwater_active",1,1,1
"mike_cloud",1,1,1
"mike_jenkins",1,1,1
"mile76",1,1,1
"milepost",1,1,1
"milepost_29339",1,1,1
"miles_bettencourt",1,1,1
"milestone_state_well_number",1,1,1
"milk_species",1,1,1
"minh_c_tran",1,1,1
"minimum_threshold_development_consistent",1,1,1
"minimum_thresholds_and_measure_objectives",1,1,1
"mission_and_principles_of_participation",1,1,1
"mission_indians",1,1,1
"mission_oaks",1,1,1
"mississippi",1,1,1
"mit_department_of",1,1,1
"mit_hard_public_disputes_program",1,1,1
"mitigation_framework",1,1,2
"mjl",1,1,1
"mn",1,1,1
"modesto_irrigation_district_domestic_water_treatment_plant",1,1,1
"modesto_subbasin_definition_of_undesirable_results",1,1,1
"modflw_surfac",1,1,1
"modify",1,1,1
"modify_monterey",1,1,1
"modify_monterey_one_water_recycled_water",1,1,2
"modlow",1,1,1
"modoc_county_boards_of_supervisors",1,1,1
"modoc_county_water_well_requirements",1,1,1
"modoc_county_watermaster",1,1,1
"modular",1,1,1
"moeser",1,1,1
"mogwl",1,1,1
"mohamed_nassar",1,1,3
"mohrland_mutural_water_co",1,1,1
"mojave_pistachios",1,1,3
"mojave_san",1,1,1
"mokelumne_aqueduct",1,1,1
"mokelumne_river_loss_study",1,1,1
"molly_thurman",1,1,1
"monica_mtns",1,1,2
"monica_sanchez",1,1,1
"mono_county_general_plan_2015",1,1,1
"monroeville",1,1,1
"montalvo",1,1,1
"montecito_consistent",1,1,1
"monterey_counties",1,1,1
"monterey_county_department_of",1,1,1
"monterey_county_environmental_health",1,1,1
"monterey_county_environmental_health_services",1,1,1
"monterey_county_water_resources_advisory_committee_regular_meeting",1,1,3
"monterey_herald",1,1,1
"monterey_one_water",1,1,1
"monterey_peninsula_water_management_district_fo09",1,1,1
"monterey_shale_and",1,1,1
"monterey_subbasin_conceptual",1,1,1
"monterey_subbasin_of",1,1,1
"month",1,1,1
"monthly",1,1,2
"monthly_scotts_valley_water",1,1,1
"mootamai",1,1,1
"mordeckai",1,1,1
"morongo_band_of_mission",1,1,1
"morro_coast_audubon_society",1,1,7
"mosquito_ditch",1,1,1
"moss_landing_state_beach",1,1,1
"motion",1,1,1
"motivation_nevada_legislature",1,1,2
"mound_to_oxnard",1,1,1
"mountain_block",1,1,1
"mountain_front",1,1,2
"move",1,1,1
"mpwmdfo9",1,1,1
"ms",1,1,1
"ms4_co_permittees",1,1,1
"ms4_copermittees",1,1,1
"msc",1,1,1
"msd",1,1,1
"mt_ranch_flood",1,1,1
"mukae_turner",1,1,2
"multi_benefit",1,1,1
"multi_benefit_recharge",1,1,1
"multi_family_residential",1,1,1
"multilateral",1,1,1
"multilayer",1,1,7
"multipurpose",1,1,1
"municipal_community_well_operators",1,1,1
"municipal_pumping_municipal",1,1,2
"municipal_service_review",1,1,1
"must_protect_against_significant_and",1,1,1
"must_protect_against_significant_and_unreasonable",1,1,1
"mustang_creek_flood_control",1,1,3
"mutal_water_company",1,1,1
"mw4a",1,1,1
"mw6a",1,1,1
"mw_wl",1,1,1
"myrick_2007124",1,1,1
"mystacides",1,1,1
"n7_22_executive_order",1,1,1
"n_22_020",1,1,1
"n_a_0",1,1,1
"n_a_832020",1,1,2
"n_a_subsidence",1,1,1
"n_annual",1,1,1
"n_l",1,1,1
"n_notably",1,1,1
"na_agricultural",1,1,2
"nacimiento_water",1,1,1
"nacimiento_water_release_management",1,1,1
"nad",1,1,1
"napa_counties",1,1,1
"napa_county178",1,1,1
"napa_county_general_fund",1,1,2
"napa_county_groundwater_sustainability_agency_stakeholder_communication",1,1,2
"napa_county_program_property",1,1,2
"napa_county_public_improvement_corporation",1,1,1
"napa_county_stage",1,1,1
"napa_county_stream_watch",1,1,1
"napa_county_watershed",1,1,1
"napa_county_winery",1,1,1
"napa_ecological_reserve",1,1,1
"napa_lowlands",1,1,1
"napa_river_s022596",1,1,1
"napa_shown",1,1,3
"napa_valley_agricultural_preserve",1,1,1
"napa_valley_geologic",1,1,2
"napa_valley_subbasin_alternative",1,1,1
"napa_valley_subbasin_interconnected_surface_water",1,1,1
"napa_valley_subbasin_sustainable",1,1,2
"napacounty216s",1,1,2
"napacounty220s",1,1,1
"napacounty220s_swgw4",1,1,1
"narrows_nr_lompoc_ca_11133000",1,1,1
"nash",1,1,1
"natalie_stork",1,1,1
"nation",1,1,1
"national_association_for_the_advancement_of_colored_people",1,1,2
"national_cli",1,1,1
"national_communities",1,1,1
"national_environmental_laboratory_accreditation_program_institute",1,1,1
"national_framework_for_ground",1,1,1
"national_geodetic_survey_federal_information_processing_standard",1,1,1
"national_laboratory",1,1,1
"national_marine_fisheries_national_marine_fisheries_service",1,1,1
"national_marine_fisheries_service_draft_biological_opinion_for",1,1,1
"national_ocean_atmospheric_administration",1,1,3
"national_oceanic_and_atmospheric_administration_additionally",1,1,1
"national_oceanic_and_atmospheric_administration_natural_communitiesei",1,1,2
"national_pollutant_discharge_elimination_system_permit",1,1,1
"national_pollutant_discharge_elimination_system_permit_program_authorized",1,1,1
"national_pollution_discharge_elimination_system",1,1,1
"national_renewable_energy_lab",1,1,1
"national_water_information_sytem",1,1,1
"national_water_quality_assessment",1,1,1
"national_water_quality_assessment_program",1,1,1
"national_water_research_institute",1,1,1
"national_weather_service_us_army_corps_of_engineers_us_bureau_of_reclamation_us_geological_survey",1,1,1
"national_wildlife_refuge_system",1,1,1
"nationõs",1,1,1
"native_american_heritage_commission_sacred_lands_file",1,1,1
"native_the_department_of_defense_march_air",1,1,1
"native_the_santa_ynez_band_of",1,1,1
"native_vegetation_and_rural_domestic",1,1,1
"native_vegetation_and_urban_areas_native",1,1,1
"natomas_basin_conservancy",1,1,1
"natomas_cross_canal_north_levee",1,1,1
"natomas_east_drain",1,1,1
"natural_channels_seepage_fraction",1,1,1
"natural_communities_commonly",1,1,1
"natural_communities_commonly_associated_with_groundwater_natural_communities",1,1,1
"natural_resource_conservation",1,1,1
"natural_resources",1,1,1
"natural_resources_conservation_division",1,1,3
"natural_resources_conservation_service_conservation_innovation_grant",1,1,3
"natural_resources_power_authority_conservation_service",1,1,1
"nature",1,1,1
"nature_conservancy_critical_species_lookbook",1,1,1
"nature_conservancy_executive_summary",1,1,1
"nature_conservancy_notes",1,1,1
"naval_air_weapons_station",1,1,2
"navigation_satellite_timing",1,1,1
"navy_program_chemist",1,1,1
"nccps_b",1,1,1
"ncr",1,1,1
"ndpes",1,1,1
"near_term_collaboration_structure",1,1,1
"nebraska",1,1,1
"needs",1,1,1
"needs_public_services_and_facilities_element_objective_psf1a",1,1,1
"neha_hoskins",1,1,1
"nelson_et_al",1,1,1
"neovison_vison_american_mink",1,1,1
"nepal",1,1,1
"neswtf_expansion",1,1,1
"net_subsurface",1,1,1
"network_enrollment_and_expansion",1,1,2
"new_cuyama_family_resource_center",1,1,1
"new_cuyama_station",1,1,18
"new_facilities",1,1,1
"new_geologic_cross_sections",1,1,1
"new_mexico_tech_analysis_center",1,1,1
"new_planning_thresholds",1,1,2
"newberryi",1,1,1
"newman_spillway",1,1,1
"newsletter",1,1,1
"newton_raphson",1,1,1
"newville",1,1,1
"nextdoorcom",1,1,1
"nf",1,1,1
"ngo024",1,1,2
"ngo_consortium",1,1,2
"ngos",1,1,2
"nhrg",1,1,2
"nicholas_keller",1,1,1
"nicholas_m_johnson",1,1,1
"nicholson_et_al",1,1,1
"nick_buckmaster",1,1,1
"nick_c_degroot_water_treatment_plant",1,1,5
"nick_turner",1,1,1
"nicolaus_sut",1,1,1
"nimbus",1,1,1
"nipomo_mesa",1,1,1
"niswonger_and_prudic",1,1,2
"niswonger_henson",1,1,1
"nitrate",1,1,1
"nitrogen_tds_task_force",1,1,1
"no_mf",1,1,1
"no_sustainable_management_criteria",1,1,1
"noble_creek_recharge_facility",1,1,1
"noco",1,1,2
"nomlaki_tuff",1,1,1
"non",1,1,2
"non_community_water_systems_a",1,1,2
"non_hydrolyzing",1,1,2
"non_municipal_public_water_systems_additional",1,1,1
"non_municipal_public_water_systems_water_use_napa_valley_water",1,1,1
"non_potable_and_recycled_water",1,1,2
"non_stormwater_best_management_practices",1,1,1
"non_upper_ventura_riverga",1,1,1
"none",1,1,1
"none_none",1,1,1
"nonmarine_pliocene",1,1,1
"norco_on",1,1,1
"norco_urban_water_management",1,1,1
"nordhoff_peak",1,1,2
"norm_brown",1,1,1
"normal_hydrology_forecast_period",1,1,1
"normalized",1,1,1
"normalized_difference_vegetation_index_audubon",1,1,1
"north_american_conjunctive_use_program",1,1,1
"north_american_subbasin_draft",1,1,1
"north_bench_management",1,1,1
"north_carolina_superior_court",1,1,3
"north_cell_infiltration",1,1,1
"north_coast_resource",1,1,1
"north_forbes_street",1,1,5
"north_kern_resource_conservation_district_mobile_irrigation_lab",1,1,1
"north_kern_wsd",1,1,1
"north_kings_groundwater_sustainability_agency_management_structure_decisions",1,1,1
"north_management_area_for",1,1,1
"north_of_aptos_area_faulting_current_groundwater_budget_similar",1,1,1
"north_range_complex",1,1,1
"north_sacramento_river_corridor",1,1,1
"north_sacramento_valley_integrated_regional_water_management",1,1,4
"north_tehama_street",1,1,1
"north_yuba_subbasin_surface",1,1,1
"northern_region_office",1,1,1
"northern_san_diego_county_invasive_non_native_species_control_program",1,1,1
"northfork_rancheria",1,1,1
"northwest_focus_area_water_budget_results_groundwater",1,1,1
"northwest_kern_resource_conservation_district_contribution",1,1,1
"northwest_quarter",1,1,1
"northwestern_delta_mendota",1,1,3
"nos",1,1,1
"note",1,1,1
"notes_hydro_plant",1,1,1
"notes_i",1,1,1
"notice_of_public_hearing",1,1,1
"notices_of_intent",1,1,1
"notification",1,1,1
"npw",1,1,1
"nrdc",1,1,1
"nuestra_tierra",1,1,1
"nuevo_menifee",1,1,1
"nuevo_water_company_archibek",1,1,1
"numbers_sub_article",1,1,2
"nunez",1,1,1
"nursery",1,1,1
"o_f",1,1,1
"o_kuba_radio",1,1,1
"o_l",1,1,1
"o_mykiss_redd_construction",1,1,1
"o_q",1,1,1
"o_samantha_arthur",1,1,2
"o_territorial_dispatch_online_newspaper",1,1,1
"oak",1,1,1
"oak_knoll_ave",1,1,1
"oak_ranch",1,1,2
"oak_ridge_south_mountain",1,1,1
"oak_savannah",1,1,1
"oakdale_irrigation_discussion",1,1,1
"oakdale_recharge_to_benefit_groundwater",1,1,1
"oakland_tribune_proof_of_publication_of_the_notice_of_public_hearing_to",1,1,1
"oaklandberkeley_hills",1,1,2
"oawd_land_annexation",1,1,2
"objective_name",1,1,1
"objectives",1,1,1
"observed_canopy_dieback",1,1,1
"observed_thistle",1,1,1
"october2018",1,1,1
"of_groundwater",1,1,1
"offers",1,1,3
"offfocrs",1,1,1
"office_of_county_counsel_board_of",1,1,1
"office_of_environmental_health_in",1,1,2
"office_of_the_national_oceanic_and_atmospheric_administration",1,1,1
"office_of_the_state_climatologist",1,1,1
"office_of_water_use_efficiency",1,1,2
"oil_gas",1,1,1
"oilfield_reclaimed_water",1,1,1
"ojai_syncline",1,1,1
"oji_brothers_farm_inc",1,1,1
"oji_family_partnership",1,1,1
"oklahoma",1,1,1
"olaf_p_jenkins_edition",1,1,1
"older_alluvium_terrace_deposits",1,1,1
"olivarez_madruga",1,1,1
"olive_clubtail_insects",1,1,1
"olympic_wellfield_restoration",1,1,1
"omochumne_hartnell",1,1,3
"omochumne_hartnell_2",1,1,1
"on_climate_change",1,1,1
"on_farm_recharge",1,1,1
"on_permit_nos",1,1,1
"oncorhynchus_middle_eel_river_tributaries_and",1,1,1
"one_valley_one_vision",1,1,1
"oneill",1,1,2
"ongoing_communication_and_public_outreach",1,1,2
"onsite_wastewater_treatment_systems",1,1,1
"open_house",1,1,1
"open_space_and_conservation",1,1,1
"open_space_element",1,1,1
"operating_budgets",1,1,1
"operation",1,1,1
"operation_of_the_swp",1,1,3
"operational",1,1,1
"operations_and_maintenance",1,1,1
"operator",1,1,1
"opportunities",1,1,1
"opportunities_for_engagement_opportunities",1,1,1
"opti_public_user_guide",1,1,1
"oral",1,1,1
"orange_counties",1,1,1
"orange_vale_water_company",1,1,2
"ord_ferry",1,1,1
"ordergranting_cross_complainant",1,1,1
"ordi_nance",1,1,1
"ordovician",1,1,1
"organization_and_management_structure",1,1,1
"organization_and_management_structure_of",1,1,1
"organization_and_management_structure_of_the",1,1,1
"organization_and_management_structure_reclamation_district_no",1,1,1
"organization_management_and_structure_of",1,1,1
"organizational_internal",1,1,1
"organized_for_relational_power_in_action",1,1,1
"orland_public_works",1,1,1
"orm_ation_obtaine_d",1,1,1
"oro_loma",1,1,1
"oroville_sustainable_code_updates",1,1,1
"os_12",1,1,1
"ota_region_groundwater_sustainability_agency_knowledge",1,1,1
"other_groundwater_quality_groundwater",1,1,1
"other_om",1,1,1
"other_representatives",1,1,1
"other_water_management",1,1,3
"output_control_output_control",1,1,1
"outreach_and_communication",1,1,1
"outreach_and_education",1,1,1
"outreach_and_engagement_activities",1,1,2
"outreach_resources_tools",1,1,4
"outreach_team",1,1,3
"overlapped",1,1,1
"overlying",1,1,1
"overview_analysis_for",1,1,1
"overview_of_agricultural_resources",1,1,2
"overview_of_the_water_problem",1,1,2
"owens_hydrologic_unit",1,1,1
"owens_owens",1,1,1
"owens_valley_ecological_value",1,1,1
"owens_valley_fraxinus",1,1,4
"owens_valley_groundwater_authority_assessment",1,1,1
"owens_valley_groundwater_authority_directors",1,1,1
"owens_valley_groundwater_authority_executive_manager",1,1,1
"oxnard_criteria",1,1,1
"p196",1,1,3
"p_column",1,1,1
"pacheco_reservoir_expansion",1,1,2
"pacific",1,1,1
"pacific_bell_telephone_company",1,1,3
"pacific_blackberry",1,1,2
"pacific_coast_chinook",1,1,1
"pacific_coast_highway",1,1,1
"pacific_gas_and_electric_mgp",1,1,1
"pacific_gas_electric_company",1,1,1
"pacific_pipelines_superfund_site",1,1,1
"pacific_theater",1,1,1
"padre_study",1,1,2
"pages",1,1,1
"palms",1,1,1
"pandas",1,1,1
"panday_et_al_2013",1,1,1
"para_más_información",1,1,2
"parameterization",1,1,1
"pardee_and",1,1,1
"parkfield",1,1,1
"parks_and_recreation",1,1,1
"parry_klassen",1,1,1
"participation",1,1,1
"participation_percentage",1,1,1
"partners_for_fish_wildlife",1,1,1
"party_of_the_moa",1,1,1
"pask",1,1,1
"paso_robles_city_council_chambers",1,1,1
"paso_robles_formation_aquifer_for",1,1,1
"paso_robles_formation_aquifer_locations",1,1,1
"paso_robles_formation_or_careaga_percent",1,1,1
"paso_robles_wine_country_alliance",1,1,1
"pat_corey",1,1,1
"pat_mctigue",1,1,1
"patten",1,1,1
"patterson_delta_mendota_subbasin_coordination_committee_meeting",1,1,1
"paul_bruce",1,1,1
"paul_hare",1,1,1
"paul_m_bergstrand",1,1,1
"paulinski_et_al",1,1,1
"pbo_unavco",1,1,1
"pbw",1,1,2
"pca_e",1,1,1
"pca_w",1,1,1
"pcgn",1,1,1
"pd4",1,1,1
"pd6b",1,1,1
"pdhq",1,1,1
"pearson",1,1,1
"pelger_mutual_water_company",1,1,1
"pena",1,1,1
"pentaneura",1,1,1
"percent_of_total_streamflow",1,1,1
"perform_video_surveys",1,1,1
"periodically",1,1,1
"peripheral_streams",1,1,2
"periphyton",1,1,5
"permanent_array",1,1,1
"permitting",1,1,1
"permitting_policies_and_procedures_permit_sonoma",1,1,1
"perry",1,1,1
"perspectives_document",1,1,1
"perturbed_hydrograph",1,1,1
"pes_environmental",1,1,1
"peter_leffler",1,1,3
"peter_q",1,1,1
"petroleum_automotive",1,1,1
"petty_chlorinated_solvents_tehama_colusae",1,1,1
"pewter_physa",1,1,1
"pfas_pfas",1,1,1
"phase",1,1,2
"phase_2_expansion",1,1,1
"phase_ii",1,1,1
"phd",1,1,2
"phil_d_swing",1,1,1
"phillips_et_al",1,1,1
"phillips_petroleum_corporation",1,1,4
"photo_ionization_detector",1,1,1
"phyla_nodiflora",1,1,1
"physa",1,1,1
"physiographic_zone_number_of_average_residual_physiographic_zone_observations_rmse",1,1,1
"pico",1,1,1
"piezometer",1,1,1
"pilot_study_planning_and_facilities",1,1,1
"piru_stream_gages",1,1,1
"pischel_et_al",1,1,1
"placer_counties",1,1,1
"placer_county_superior_court",1,1,1
"planada_workshop_questions_and_comments_comment",1,1,1
"planned_projects_above_normald_management",1,1,2
"planning_and_design_planning",1,1,1
"planning_commission_meetings",1,1,1
"planning_division",1,1,3
"planning_outreach",1,1,1
"planning_studies",1,1,1
"planning_team_and_communications_rep",1,1,1
"plant",1,1,1
"plant_operator",1,1,1
"plate_boundary_observation",1,1,1
"plate_boundary_observatory_unavco",1,1,1
"pleasant_valley_subbasin_landowner_stakeholder_workshop",1,1,2
"pleistocene_sandstone",1,1,1
"pliestocene",1,1,1
"pliocene_pleistocene23",1,1,1
"pliocene_san_joaquin",1,1,1
"plotted_arsenic",1,1,1
"plumas_county_fire_safe",1,1,1
"plumas_county_fire_safe_sierra_valleygmd",1,1,1
"plumlee_et_al",1,1,1
"po_box",1,1,1
"poblado_fuera_de_las_ciudades",1,1,2
"point_loma_wastewater_treatment_plant",1,1,1
"point_of",1,1,1
"point_of_contact_for_the_withdrawing_party",1,1,1
"policy_5c8",1,1,1
"policy_advisory_committee_proposals",1,1,1
"policy_advocate",1,1,1
"policy_agriculture_general",1,1,1
"policy_is48_water_conservation_measures",1,1,1
"policy_points",1,1,1
"policy_sustainability_retrofits",1,1,1
"policy_w314_agricultural_water_conservation",1,1,1
"policy_w35_educational_programs",1,1,1
"policy_w37_development_retrofits",1,1,1
"pollock",1,1,2
"por",1,1,1
"por_su_adopción",1,1,2
"por_todos_los",1,1,1
"port",1,1,5
"port_san_luis",1,1,1
"porterella",1,1,1
"porterville_veterans_hall",1,1,3
"porzana",1,1,2
"post_harris_fire",1,1,1
"post_processing",1,1,1
"potamogeton",1,1,1
"potential_boundary_revisions",1,1,1
"potential_management_actions",1,1,3
"potential_outreach_and_engagement_methods_outreach",1,1,1
"potential_outreach_partners",1,1,3
"potw",1,1,2
"power_point",1,1,1
"ppee",1,1,1
"pratt",1,1,1
"pre_eocene",1,1,1
"pre_k",1,1,1
"preamble",1,1,1
"precipitation_and",1,1,1
"precipitation_exceedance_curve",1,1,1
"precipitation_gage_records",1,1,1
"precipitation_monthly",1,1,1
"precipitation_stations_united_states_army_corps_of_engineers",1,1,1
"precipitation_threshold",1,1,1
"precipitation_water_precipitation",1,1,2
"preconditioned",1,1,1
"preconditioned_conjugate_gradient",1,1,1
"preconditioned_conjugategradient_package",1,1,1
"predominant_riverine",1,1,2
"predominant_wetland",1,1,1
"preferred_project_4",1,1,1
"preparation_checklist",1,1,1
"presentation",1,1,1
"preservation",1,1,1
"preservation_of_biological",1,1,1
"preservation_with_economic_development",1,1,1
"preserve",1,1,1
"preserve_users_projects_and_management_actions_abbreviations",1,1,2
"prevención_de_la_intrusión_de_agua_de_mar_en_las_aguas_subterráneas",1,1,1
"primary_load",1,1,1
"primary_maximum_contaminant_level",1,1,1
"primary_maximum_contaminant_level_minimum_threshold",1,1,1
"primary_representative",1,1,1
"prime_meridian_navigation_message",1,1,1
"principal_aquifers_and",1,1,1
"prioriza_el_uso",1,1,1
"privacy_rights",1,1,1
"private_agricultural_pumping",1,1,1
"private_agricultural_urban_ag",1,1,1
"private_pumpers",1,1,1
"private_residential",1,1,1
"private_water_companies",1,1,2
"pro_tempore",1,1,1
"probation",1,1,1
"process",1,1,1
"process_for",1,1,2
"process_for_public_notification_35444b1b",1,1,1
"process_governance",1,1,1
"processed",1,1,1
"processes_several",1,1,1
"processes_the_2",1,1,1
"procloeon",1,1,1
"production_services",1,1,1
"professional_paper",1,1,1
"program_management_element_4",1,1,1
"programs",1,1,1
"project_12",1,1,2
"project_9",1,1,1
"project_actions_and_management",1,1,1
"project_and_management_action_attachment_a",1,1,2
"project_and_management_action_implementation",1,1,1
"project_benefits_and_water_reliability_groundwater",1,1,1
"project_benefits_and_water_reliability_project_benefits",1,1,1
"project_benefits_groundwater",1,1,1
"project_budget",1,1,1
"project_development",1,1,3
"project_email",1,1,1
"project_groundwater_sustainability_agency_party",1,1,1
"project_implementation_implementation",1,1,1
"project_management",1,1,2
"project_management_coordination",1,1,1
"project_management_institute_project_management_professional",1,1,2
"project_management_management_proponent_brief_description_project_status_action_name",1,1,1
"project_manager_environmental_engineer",1,1,1
"project_manager_senior_environmental_scientist",1,1,2
"project_or_action_and_the_lead_entity",1,1,1
"project_period_simulations",1,1,2
"project_proponents",1,1,1
"project_recharge",1,1,1
"project_strategy_and",1,1,1
"project_type_management_action",1,1,2
"project_type_surface_water_recharge_project_location_latitude",1,1,1
"projected_2030_climate_change",1,1,1
"projected_2030_climate_change_scenario",1,1,1
"projected_change_in",1,1,1
"projected_demographics",1,1,1
"projected_future_condition",1,1,1
"projected_land_use_change_with_climate_change",1,1,1
"projected_land_use_with_climate_changes",1,1,1
"projected_public_water_systems_water_supply",1,1,1
"projected_saugus_formation_pumping",1,1,3
"projected_surface_water_budget_component",1,1,1
"projected_sustainable_management_criteria",1,1,1
"projected_water_budget_analysis",1,1,1
"projected_water_budget_with_climate_change",1,1,4
"projected_water_budgets_future",1,1,1
"projected_water_supplies",1,1,1
"projection",1,1,1
"projects_and_actions_simulations",1,1,1
"projects_and_management_actions_compilation",1,1,1
"projects_and_management_actions_costs",1,1,1
"projects_and_management_actions_implementation",1,1,1
"projects_and_management_actions_list_each",1,1,1
"projects_and_management_actions_measurable_objectives_project_management_action",1,1,7
"projects_and_management_actions_projects_and_management_actions",1,1,1
"projects_and_management_actions_to",1,1,1
"projects_and_management_actions_well_impact_prevention_mitigation_program",1,1,2
"projects_and_managements",1,1,1
"projects_or_management_actions",1,1,1
"projects_trout_unlimited",1,1,1
"prop_1",1,1,1
"prop_218_ballots",1,1,1
"prop_ie",1,1,1
"property_owners",1,1,4
"property_transfer",1,1,1
"propio",1,1,1
"proposed_federal_action_several_federal",1,1,4
"proposed_measurable_objectives_for_groundwater_quality",1,1,2
"proposed_wheeling_principles",1,1,1
"proposition",1,1,1
"protected",1,1,2
"protected_2",1,1,2
"protective_water_levels_to",1,1,1
"protocols",1,1,2
"provisional_observations_and_conclusions",1,1,1
"provost_pritchard_consulting",1,1,4
"provost_pritchard_consulting_meetings",1,1,1
"prudential_real_estate",1,1,1
"prudic_barlow",1,1,1
"psomas",1,1,1
"pu_pond",1,1,1
"public_agencies_other_entities_organizations",1,1,1
"public_and_community_meetings",1,1,1
"public_and_stakeholders",1,1,1
"public_education_and_outreach",1,1,1
"public_engagement_and_public_meeting",1,1,1
"public_engagement_opportunities",1,1,1
"public_engagement_process",1,1,2
"public_engagement_public",1,1,1
"public_facilities_and_services",1,1,1
"public_facilities_and_services_element",1,1,1
"public_facilities_and_services_ensure",1,1,1
"public_health_division",1,1,1
"public_hearings_meetings_441_planning_commission_periodic",1,1,2
"public_information_officer_and",1,1,1
"public_meetings_representatives",1,1,2
"public_notice_process_public",1,1,1
"public_outreach_and_communications_and",1,1,1
"public_policy_institute",1,1,1
"public_private_stormwater_recharge",1,1,1
"public_public",1,1,1
"public_service_announcements",1,1,1
"public_services_and_facilities_standards",1,1,2
"public_supply",1,1,1
"public_surveys_public",1,1,2
"public_trust_doctrine_22",1,1,1
"public_trust_uses",1,1,1
"public_utilities_element",1,1,1
"public_water_systems_public",1,1,1
"public_water_systems_water",1,1,2
"puckett",1,1,1
"puertos",1,1,1
"pullen",1,1,1
"pump",1,1,1
"pumpage_pace_engineering",1,1,1
"pumpage_provost_pritchard",1,1,1
"pumping_allocation",1,1,2
"pumping_allocations_and_controls",1,1,1
"pumping_allocations_and_transient_pool_allocations",1,1,1
"pumping_demands_for_winery",1,1,2
"pumping_system_efficiency",1,1,1
"pumps",1,1,1
"puntos",1,1,1
"purchased_local_water",1,1,3
"purge",1,1,1
"purisima_formation_east",1,1,1
"purple",1,1,1
"putah_creek_streamkeeper",1,1,1
"putah_l_diversion_dam_to",1,1,1
"pvid",1,1,1
"pvmwa_wells",1,1,1
"q2",1,1,1
"qa_ac",1,1,1
"qapps",1,1,1
"qaprp",1,1,1
"qet",1,1,1
"qh",1,1,1
"qm_qr_qtl",1,1,1
"qod_qar",1,1,1
"qtc",1,1,2
"quality",1,1,1
"quality86",1,1,1
"quality_and",1,1,1
"quality_assurance_project_plan_quality_control_project_chemist",1,1,1
"quality_assurance_quality_control_programs",1,1,1
"quality_assurance_quality_control_quality_assurance",1,1,1
"quality_plan_element",1,1,1
"quality_plan_element_3_determination_of_basin_yield_and_avoidance_of_overdraft_plan_element_4",1,1,1
"quantum_spatial_inc",1,1,1
"quarterly_stakeholder",1,1,1
"quaternary_tertiary_deposits",1,1,1
"que_cubran_el_año",1,1,1
"que_rastrean_el_hundimiento_de_la_tierra_comunicación",1,1,1
"que_sean",1,1,2
"qvs_volcanic_pleistocene",1,1,2
"qwsu_h2so4",1,1,2
"r16e26rl",1,1,1
"r23e_mdbm",1,1,1
"r2_stage",1,1,1
"r3mp",1,1,2
"r8",1,1,1
"r_l_schafer",1,1,4
"r_l_schafer_associates",1,1,4
"radioactivity",1,1,1
"rain_managed_aquifer_recharge_sump",1,1,2
"ramacciotti_unit",1,1,1
"ramelli_ranch",1,1,1
"rams_hill_gc",1,1,2
"rancheria",1,1,6
"rancho_de_cielo_mutual_water_company",1,1,1
"rancho_murieta_community_service_district_office",1,1,1
"rand_communities",1,1,2
"randy_collin",1,1,1
"rate_study_prop_218_process",1,1,2
"raw",1,1,2
"rbf",1,1,1
"rc_p4_resource_conservation_element",1,1,1
"rcd_mnd",1,1,1
"rcra_facility_investigations",1,1,1
"rcra_statistics",1,1,2
"rcrscor",1,1,1
"re",1,1,1
"reach_3_2048_to",1,1,1
"reaches_3_and_4",1,1,1
"reaches_combined",1,1,2
"reaches_h_geotracker",1,1,1
"reaches_i",1,1,1
"reads",1,1,1
"ready_mix_return",1,1,1
"real_time_salt_load_allocation",1,1,2
"realign",1,1,1
"rebecca_martinez",1,1,1
"rebecca_williams",1,1,4
"rec2",1,1,1
"recapture_recirculation",1,1,1
"received_id",1,1,1
"received_public",1,1,1
"recent",1,1,1
"recharge_0",1,1,1
"recharge_12",1,1,1
"recharge_2",1,1,1
"recharge_2_basins_1_and",1,1,2
"recharge_banking",1,1,1
"recharge_basins_canal",1,1,1
"recharge_city",1,1,1
"recharge_direct",1,1,2
"recharge_direct_groundwater_recharge",1,1,1
"recharge_estimated_groundwater_offset",1,1,1
"recharge_farm_plan_coordination",1,1,1
"recharge_folsom_south_canal",1,1,1
"recharge_for_historical_and_current_water_budget",1,1,1
"recharge_indirect",1,1,1
"recharge_management",1,1,1
"recharge_oakdale_irrigation_district_irrigation",1,1,1
"recharge_potential",1,1,1
"recharge_project_colusa_drain",1,1,1
"recharge_rates",1,1,1
"recharge_recharge",1,1,1
"recharge_soil",1,1,1
"recharge_sources",1,1,1
"recharge_summary",1,1,1
"recharge_tank_modesto_irrigation",1,1,1
"recharge_to",1,1,1
"recharge_x",1,1,1
"reclaimed_wastewater",1,1,1
"reclaimed_water_quality",1,1,1
"reclaimed_water_sales_reclaimed",1,1,1
"reclamation_district_1004",1,1,1
"reclamation_district_349",1,1,2
"reclamation_district_551",1,1,1
"reclamation_district_landowner",1,1,2
"reclamation_of_oilfield_produced_water",1,1,1
"reclamation_om_costs",1,1,1
"reclamation_project_act_of_1939",1,1,1
"reclamation_storage_ponds_several",1,1,3
"reclamation_that",1,1,1
"recognizing",1,1,1
"records",1,1,1
"recreation_area_unit",1,1,1
"recycled_recycling_in_lieu",1,1,1
"recycled_water_and_wastewater_corona",1,1,1
"recycled_water_and_wastewater_wastewater",1,1,1
"recycled_water_feasibility_study",1,1,1
"recycled_water_pumping",1,1,1
"recycled_water_wastewater",1,1,1
"red_bank",1,1,1
"red_mountain_fault",1,1,1
"red_star_yeast",1,1,1
"redding_corning",1,1,1
"redlands_wastewater_treatment_facility",1,1,1
"reduce_gw_pumping",1,1,1
"reduce_gw_pumping_storage",1,1,1
"reduce_non",1,1,1
"reduction_of_groundwater_storage_sustainability_indicator",1,1,1
"reed_ditch_company_reed_ditch_company",1,1,1
"reek",1,1,1
"reeves",1,1,1
"refinements_to_climate_change_analysis",1,1,1
"refresher",1,1,3
"regan",1,1,1
"regents_of_the_university_of_califorma",1,1,1
"region_9",1,1,1
"region_acceptance_process",1,1,1
"region_subsidence",1,1,1
"regional_aquifersystems_analysis",1,1,1
"regional_communication_and_cooperation",1,1,1
"regional_fuels_management_workshop",1,1,3
"regional_geologic_structures",1,1,1
"regional_geology",1,1,4
"regional_recycled_water_program_backbone_system",1,1,1
"regional_water_quality",1,1,1
"regional_water_quality_control_board_and",1,1,1
"regional_water_quality_control_board_irrigated_lands",1,1,1
"registration_and_management_program",1,1,1
"regular_monthly_receivables",1,1,1
"regulated",1,1,1
"regulatory_cleanup_program_sites",1,1,1
"regulatory_submittals_and_approvals",1,1,1
"rehoboth_fault",1,1,1
"relation_to",1,1,1
"relationship_between_individual_minimum_thresholds_and_relationship_to_other",1,1,1
"relationship_for_each_sustainability_indicator_regulation_requirements",1,1,1
"reliz",1,1,2
"remediation_project_manager",1,1,1
"rene_carreon",1,1,1
"reno_mill",1,1,1
"reno_mill_and",1,1,1
"representa",1,1,1
"representation",1,1,2
"representative",1,1,1
"represented",1,1,1
"represents",1,1,1
"repurpose",1,1,1
"requires_co_permittees",1,1,1
"reservas_management_actions",1,1,1
"reservation_rolling_hills_casino",1,1,1
"reso_urces_ava_il_abl_e",1,1,1
"resolution_00_172",1,1,2
"resolution_no",1,1,2
"resolution_of_adoption",1,1,1
"resolution_of_the_board_of_supervisors_of_the_county_of_san_diego",1,1,4
"resource_capacity_studies",1,1,2
"resource_conservation",1,1,1
"resource_efficient_organizations_and_businesses",1,1,1
"resources_division",1,1,1
"responsibilities",1,1,1
"responsibilities_resources",1,1,1
"responsibilities_responsibility",1,1,1
"responsible_agriculture",1,1,1
"rest_services",1,1,1
"reston",1,1,1
"reuse_in",1,1,1
"review40",1,1,1
"review_inge_wiersema",1,1,1
"review_of_future_groundwater_conditions_groundwater_sustainability_plan_development_team",1,1,1
"review_of_groundwater_sustainability_plan_development",1,1,2
"reviewed12",1,1,1
"revolon",1,1,2
"rhe_city",1,1,1
"rhe_cotinty",1,1,2
"rhyolite_of_calistoga",1,1,1
"rhyolitic_ash",1,1,1
"richmond_well_field",1,1,1
"rick_viergutz",1,1,2
"riddell",1,1,2
"ridgecrest_city_chambers",1,1,1
"right_to_water",1,1,1
"rincon_band",1,1,2
"rincon_consultants_inc",1,1,1
"rincon_point",1,1,1
"rinex",1,1,1
"rio_mirada",1,1,1
"rip_rap",1,1,1
"riparian_et",1,1,1
"riparian_mixed_hardwood_and",1,1,1
"riparian_mixed_hardwood_and_coast",1,1,2
"riparian_mixed_hardwood_coast_live_oak",1,1,1
"riparian_mixed_hardwood_riparian_mixed_hardwood_v",1,1,1
"riparian_vegetation_and_wildlife_habitat",1,1,1
"riparian_vegetation_evapotranspiration",1,1,1
"risley",1,1,1
"riv",1,1,1
"riv_hydrologic_classification",1,1,2
"riv_hydrologic_classification_1",1,1,1
"river_islands_development",1,1,1
"river_management_units",1,1,1
"riverdale_education_center",1,1,1
"riverdale_library",1,1,1
"riverside_alluvial_scrub",1,1,1
"riverside_county_environmental_health_permit",1,1,1
"riverside_department_of_environmental_health",1,1,1
"rmc_water_environmental",1,1,2
"rmp_300",1,1,1
"rms1",1,1,2
"rms_a_trigger",1,1,1
"rmses",1,1,1
"robert_d_mccloskey",1,1,1
"robert_rivas",1,1,1
"roberta_greathouse",1,1,2
"roberts",1,1,1
"roberts_rules_of_order",1,1,1
"robles_divers",1,1,1
"robley_rd",1,1,1
"rock_outcrop",1,1,3
"rockwork",1,1,1
"rocky_mountain_elk_foundation",1,1,1
"rocky_point",1,1,3
"rodgers",1,1,2
"rodrigo_espinoza",1,1,1
"roger_leach",1,1,1
"rohde_et_al_2019",1,1,1
"roles_and_responsibilities",1,1,1
"ron",1,1,1
"ron_wolf",1,1,2
"ronda",1,1,1
"rooney_dam_and",1,1,2
"root",1,1,1
"root_creek_wd",1,1,1
"rosa",1,1,1
"rosa_californica",1,1,2
"rosedale_ranch_id",1,1,1
"rosemarie_singer",1,1,17
"ross_ranch",1,1,1
"rotary_club",1,1,1
"rotating",1,1,1
"roy_catania",1,1,2
"royal_geographical_society",1,1,11
"rsrz_davids_engineering",1,1,1
"rtc",1,1,1
"rtwqm_network",1,1,3
"ruben",1,1,3
"ruben_chavez",1,1,3
"ruben_magana",1,1,3
"ruby_acevedo",1,1,1
"rudolph_strand",1,1,2
"rumbaugh",1,1,1
"rumbaugh_and_rumbaugh",1,1,1
"rural",1,1,1
"rural_communities_assistance_corporation",1,1,2
"rural_residential",1,1,1
"russell_james_hall",1,1,3
"russell_waldrop",1,1,3
"russo_et_al",1,1,1
"rws",1,1,1
"s008239",1,1,1
"s015765",1,1,1
"sa_leake",1,1,1
"sacramento_audubon_society",1,1,2
"sacramento_central_groundwater_authority_board_meeting",1,1,1
"sacramento_citizens_climate_lobby",1,1,2
"sacramento_city",1,1,1
"sacramento_coordinated_water_quality",1,1,2
"sacramento_county_board_chambers",1,1,2
"sacramento_county_wells_program",1,1,1
"sacramento_deep_water_ship_channel",1,1,1
"sacramento_department_of_economic_development",1,1,1
"sacramento_groundwater",1,1,1
"sacramento_housing_alliance",1,1,2
"sacramento_natural_foods_coop",1,1,2
"sacramento_regional",1,1,1
"sacramento_regional_wastewater_treatment_plant",1,1,1
"sacramento_river_island",1,1,1
"sacramento_river_refuge",1,1,1
"sacramento_river_simulated",1,1,2
"sacramento_state_consensus_and_collaboration_program",1,1,1
"sacramento_valley_global_positioning_system",1,1,1
"sacramento_valley_water_users",1,1,1
"sacramento_valley_water_year_type",1,1,1
"sacramentosan_joaquin_delta",1,1,1
"safety_health",1,1,1
"sage_sangiacomo",1,1,1
"salinas_basin_water_alliance",1,1,2
"salinas_river_state_beach",1,1,1
"salinity_management",1,1,2
"salmonid_habitat_restoration_priorities",1,1,2
"salt_and",1,1,1
"saltgrass",1,1,1
"sam_pipes_room",1,1,2
"sammie_neely",1,1,1
"samolus",1,1,1
"sampled_for_stable_isotopes",1,1,1
"sampled_frequency_network",1,1,1
"sampled_meet",1,1,1
"sampled_wells",1,1,2
"samuels",1,1,1
"san_antonio_segment",1,1,1
"san_benito_county_department_of_environmental_health",1,1,1
"san_benito_county_water_district_managed_aquifer_recharge",1,1,2
"san_bernardino_county_department_of_public_health_environmental_health_services",1,1,2
"san_bernardino_county_flood_control_district_station_id",1,1,1
"san_bernardino_superior_court",1,1,1
"san_diego_county_department_of_environmental_health_land_and_water_quality_division",1,1,1
"san_diego_county_parks",1,1,1
"san_diego_county_water",1,1,1
"san_emigdio_mountains",1,1,1
"san_felipe_rd",1,1,2
"san_francisco_bay_national_wildlife_refuge_complex",1,1,2
"san_francisco_sierra_club",1,1,5
"san_francisquito_canyons",1,1,1
"san_gabriel_river_watershed",1,1,1
"san_gorgonio_pass_watershed",1,1,1
"san_hollister",1,1,1
"san_joaquin_county_environmental",1,1,1
"san_joaquin_county_public_works_division",1,1,1
"san_joaquin_county_water_management",1,1,1
"san_joaquin_river_delta",1,1,1
"san_joaquin_river_exchange_contractors_groundwater_sustainability_agency_staff",1,1,1
"san_joaquin_river_exchange_contractors_management_areas_b",1,1,2
"san_joaquin_river_exchange_contractors_management_areas_f",1,1,1
"san_joaquin_river_exchange_contractors_management_areas_g",1,1,1
"san_joaquin_river_restoration_settlement_water_management_goals",1,1,1
"san_joaquin_river_systems",1,1,1
"san_joaquin_valley_farmlands_company",1,1,1
"san_juan_hills",1,1,1
"san_juan_subarea_stakeholders",1,1,2
"san_lorenzo_alluvial_cones",1,1,2
"san_lorenzo_valley_water_district_quail_hollow_pumping_redistribution",1,1,1
"san_lorenzo_valley_water_district_quail_mw_b",1,1,1
"san_luis_delta_mendota_water_authority_po_box",1,1,1
"san_luis_obispo_coastkeeper_et_al",1,1,3
"san_luis_obispo_county_environmental_health_services",1,1,1
"san_luis_obispo_creek_fish",1,1,1
"san_luis_obispo_general_plan_agriculture_element",1,1,1
"san_luis_obispo_general_plan_conservation_and_open_space_element",1,1,1
"san_luis_obispo_general_plan_land_use_element",1,1,1
"san_luis_obispo_taricha",1,1,1
"san_luis_ranch",1,1,1
"san_luis_reservoir_expansion",1,1,1
"san_luis_rey_reiver",1,1,1
"san_luis_rey_valley_groundwater",1,1,1
"san_luis_sub",1,1,1
"san_luis_wd",1,1,1
"san_mateo_badlands",1,1,1
"san_pablo_well_field_1",1,1,1
"san_pasqual_bands_of",1,1,1
"san_rafael_range",1,1,1
"sandy_beach",1,1,2
"sanford",1,1,1
"sanger_fowler",1,1,1
"sanger_parlier",1,1,1
"sanger_wwtf",1,1,1
"sanicula",1,1,1
"sanitary_sewer_systems",1,1,1
"sanitary_sewer_waste_discharge_requirement",1,1,1
"santa_ana_river_judgment",1,1,2
"santa_ana_river_reach",1,1,1
"santa_ana_river_system",1,1,1
"santa_aquifer_conjunctive_use",1,1,1
"santa_barbara_channel_keeper",1,1,2
"santa_barbara_country",1,1,1
"santa_barbara_county_association_of_governments",1,1,1
"santa_barbara_county_comprehensive_plan_agricultural_element",1,1,1
"santa_barbara_county_comprehensive_plan_land_use_element",1,1,1
"santa_barbara_county_flood_control_and_water",1,1,1
"santa_barbara_county_groundwater",1,1,2
"santa_barbara_county_integrated",1,1,2
"santa_barbara_county_precipitation_enhancement_program",1,1,2
"santa_barbara_county_public",1,1,18
"santa_barbara_county_south",1,1,1
"santa_barbara_integrated_regional_water_management_program",1,1,18
"santa_barbara_surplus_imported_water_to_offset_groundwater",1,1,1
"santa_clara_river_surface",1,1,1
"santa_clara_river_systems",1,1,1
"santa_cruz_aquifer_storage",1,1,1
"santa_cruz_county_environmental_health",1,1,1
"santa_cruz_county_prop_1",1,1,1
"santa_cruz_county_superior_court",1,1,1
"santa_cruz_sentinel",1,1,1
"santa_cruz_water_conservation_coalition",1,1,1
"santa_lucia",1,1,2
"santa_margarita_ranch",1,1,1
"santa_margarita_ranch_mutual_water_company_santa_margarita_ranch_mutual_water_company",1,1,1
"santa_maria_orthophosphate",1,1,1
"santa_maria_valley_water_conservation_district_et_al",1,1,3
"santa_monica_1966",1,1,1
"santa_monica_faults",1,1,1
"santa_monica_state_beach",1,1,1
"santa_public_supply",1,1,1
"santa_rosa_plain_groundwater_management_program",1,1,1
"santa_rosa_plain_salt_and",1,1,1
"santa_ynez_band_of_mission_indians",1,1,1
"santa_ynez_mission_state_park",1,1,1
"santa_ysabel_ranch_mutual_water_company_santa_ysabel_ranch_mutual_water_company",1,1,1
"sarah_morgan",1,1,2
"sarbanes_oxley",1,1,1
"satellite_housing_program",1,1,1
"satellite_imagery_evapotranspiration",1,1,1
"saticoy_country_club",1,1,1
"saucelito_id",1,1,1
"saucelito_irrigation",1,1,2
"save_windsor_efficiency",1,1,1
"saviers_road",1,1,1
"sawyer",1,1,1
"sb_1168",1,1,1
"sbcfcwcd",1,1,1
"sbvmwd",1,1,1
"sc_ca",1,1,1
"scalamini",1,1,1
"scaled",1,1,1
"scaling_factors_for",1,1,1
"scaling_factors_for_baseline",1,1,1
"scaling_factors_for_climate_change_scenarios",1,1,1
"scenario7",1,1,1
"scenic_route",1,1,1
"schaumburg_il",1,1,2
"schlumberger_private_older",1,1,1
"science_technology",1,1,2
"scotia_bluffs",1,1,1
"scott_fish_game",1,1,1
"scott_luttenberg_rosemary_payne",1,1,17
"scott_rolls",1,1,1
"scott_williams",1,1,2
"scottie_monical",1,1,3
"scotts_valley_bulletin",1,1,1
"scotts_valley_dry_cleaners_remediation",1,1,1
"scotts_valley_non_potable_reuse",1,1,1
"screen_sustainability_criteria_minimum_threshold_lowering_of_gw_levels",1,1,1
"screen_water_levels",1,1,1
"screened_out_during_analysis",1,1,1
"scrtrib8",1,1,1
"scs_curve_number_descriptions",1,1,1
"scv_recharge_compiler_input",1,1,1
"scvwd",1,1,1
"scwa_continuous_global_positioning_system_subsidence_stations",1,1,2
"scwd_recycled_water_facilities_planning_study",1,1,2
"sdac_acreage",1,1,3
"sdac_areas_of",1,1,1
"sdac_areas_south_of",1,1,2
"sdac_locations",1,1,1
"sdac_team",1,1,1
"sdfb",1,1,1
"se_anticipa_que_cualquier_acción_de_administración",1,1,3
"sean",1,1,3
"sean_p_geivet",1,1,2
"seascape",1,1,1
"seasonal",1,1,1
"seawater_intrusion_and_interconnected_streams",1,1,1
"sebal_north_america",1,1,1
"second_point_of_measurement",1,1,1
"secondary_maximum_contaminant_level_exceedances_constituents",1,1,1
"sectio_n",1,1,1
"sections_2141",1,1,1
"sections_f",1,1,2
"secure_inactive",1,1,1
"secures",1,1,1
"sediment_total_maximum_daily_load",1,1,1
"see_response",1,1,1
"see_shasta_indian_nation",1,1,1
"seeman",1,1,1
"seepage",1,1,1
"seequent",1,1,1
"seguidas_de_las",1,1,1
"selected",1,1,1
"selection_of",1,1,1
"selection_of_key_wells",1,1,1
"sells_and_altivo",1,1,1
"semitropic_groundwater_storage_bank",1,1,1
"senate_bill",1,1,1
"senate_bill_1136",1,1,1
"septic_systems_groundwater_recharge",1,1,1
"septic_systems_recharge",1,1,1
"sequoia_national_forest_headquarters",1,1,1
"sequoia_riverlands_trust",1,1,1
"sequoiadendron",1,1,1
"serafin_calderon",1,1,3
"services",1,1,1
"será_financiada_por_otras_tarifas_o_evaluaciones",1,1,2
"sesj",1,1,1
"set",1,1,1
"setting_5",1,1,1
"setting_v",1,1,1
"setup_and_configuration_of_satellite_images",1,1,1
"several",1,1,1
"sfr_package",1,1,1
"sgwp_grant_application",1,1,1
"shall_account",1,1,1
"shallow",1,1,1
"shane_nash",1,1,3
"shapefiles",1,1,1
"shared",1,1,1
"shared_costs",1,1,1
"sharing",1,1,1
"sharon",1,1,3
"shasta_farm_bureau",1,1,1
"shasta_national_forest_united_states_forest_service",1,1,1
"shasta_paper",1,1,1
"shasta_paper_treatment_lagoons",1,1,1
"shasta_r",1,1,1
"shaw_conservation_easement",1,1,1
"shaw_environmental",1,1,2
"sheet_adko",1,1,1
"shell",1,1,2
"shell_chemical_et_al",1,1,2
"shell_oil_co",1,1,1
"shell_oil_company",1,1,1
"shelton",1,1,1
"sheriff",1,1,1
"sherry_shaw",1,1,1
"shirlee_zane_county_of",1,1,1
"shn_consulting_engineers",1,1,1
"sholes",1,1,1
"shorelines_source",1,1,1
"short_term_consumer_acceptance",1,1,1
"short_term_secondary_drinking_water_maximum_contaminant_level",1,1,1
"shortfall_before_project_management_action_implementation",1,1,2
"shown",1,1,1
"shrimp_special",1,1,1
"sidalcea_malviflora_subsp",1,1,1
"sierra_1998_export",1,1,1
"sierra_club_et_al",1,1,2
"sierra_county_board_of_equalization",1,1,1
"sierra_del_oro_water_treatment_plant",1,1,1
"sierra_madres",1,1,1
"sierra_nevada_mountain_range",1,1,1
"sierra_nevada_province",1,1,1
"sierra_valley_groundwater",1,1,1
"sierra_valley_rcd",1,1,1
"sierra_valley_watershed_land_ownership",1,1,1
"sierravilleorg",1,1,2
"significant",1,1,3
"silnificant_clav_lavers",1,1,1
"silty_sandstone",1,1,1
"silver_springs",1,1,5
"simons_ranch",1,1,1
"simulates",1,1,1
"simunek",1,1,1
"sin_fines_de_lucro",1,1,2
"since",1,1,1
"siskiyou_rocket",1,1,1
"siteid",1,1,1
"sitka_sedge",1,1,2
"sitting_as",1,1,1
"sl0600177511",1,1,1
"sloughhouse_resource_1_representative",1,1,1
"sloughhouse_resource_conservation_district_note",1,1,1
"sloughs_governance",1,1,1
"sm_mehl",1,1,1
"small_community",1,1,1
"small_water_system_program",1,1,1
"smc4",1,1,1
"smgwa_treasurer",1,1,1
"smith",1,1,1
"snl",1,1,1
"snobird",1,1,1
"snow",1,1,1
"snyder_et_al_1992",1,1,1
"social",1,1,1
"social_media_content_social",1,1,1
"social_media_outreach",1,1,1
"social_media_platforms_ebmud",1,1,2
"social_media_pursuant",1,1,1
"sodium",1,1,1
"soi",1,1,1
"soil_gas_investigation",1,1,1
"soil_infiltration_rates",1,1,1
"soil_mechanics_and_foundation_engineers_inc",1,1,1
"soil_sustainable_groundwater_managementa",1,1,2
"soil_water_assessment_tool",1,1,1
"soils_all",1,1,1
"soils_spatial",1,1,2
"sokr_groundwater_sustainability_plan_stakeholder_workshop",1,1,1
"solano_agricultural_scenario_planning_system_user_guide",1,1,1
"solano_county_agricultural_commissioner_sealer_of_weights_and_measures",1,1,1
"solano_county_department_of_resources_management",1,1,1
"solano_county_environmental_health_division",1,1,2
"solano_county_superior_court",1,1,2
"solano_county_water_agency_providing_for_water_service",1,1,1
"solano_groundwater_sustainability_plan_project_team_outreach",1,1,1
"solano_irrigation_district_deliveries",1,1,1
"solano_irrigation_district_drain_distribution",1,1,1
"solano_pride_center",1,1,2
"solano_project_in",1,1,1
"solano_snapshot",1,1,1
"solano_subbasin_for_component",1,1,1
"solano_subbasin_for_component_7a",1,1,1
"solano_subbasin_historical_lateral_subsurface_groundwater",1,1,1
"solano_subbasin_hydrologic_analysis_periods_per",1,1,1
"solano_subbasin_project_team",1,1,1
"solano_yolo_subbasin_boundary",1,1,1
"solinst_barologger",1,1,1
"solinst_leveloggers",1,1,1
"solito",1,1,1
"solt",1,1,4
"solvang_note",1,1,2
"somers",1,1,2
"somis_fault_central_las_posas_fault",1,1,1
"son0083",1,1,2
"son0167",1,1,2
"son0327",1,1,1
"sonoma_city_hall",1,1,1
"sonoma_marin_saving_water_partnership",1,1,2
"sonoma_marin_water_saving_partnership",1,1,2
"sonoma_public_supply",1,1,1
"sonoma_valley_county_sanitation_district_expansion_aquifer_storage",1,1,1
"sonomac",1,1,1
"soquel_creek_a5b_chloride",1,1,1
"soquel_creek_watershed",1,1,1
"sora",1,1,2
"sora_rallus",1,1,1
"sosnow",1,1,1
"south_canal",1,1,1
"south_corning_dome",1,1,2
"south_lahontan",1,1,1
"south_of_state_highway",1,1,1
"south_san_lorenzo_valley_system",1,1,1
"south_santa_ana_critical_riffle",1,1,1
"south_talmage",1,1,1
"south_yuba_wd",1,1,1
"southern_san_joaquin_valley_water_quality_coalition_mpep",1,1,1
"southwest",1,1,1
"soviet_union",1,1,1
"spark",1,1,1
"spatial_and_vertical_coverage",1,1,2
"spc",1,1,1
"special_counsel",1,1,1
"special_status_wildlife_species_rincon",1,1,1
"species",1,1,1
"specific_conductivity",1,1,1
"specified_municipal_well_field",1,1,5
"spring_creek_conduit",1,1,1
"spring_creek_powerplant",1,1,1
"springhorn",1,1,1
"springs_minor",1,1,2
"springville_fault",1,1,1
"spruance",1,1,1
"spu",1,1,1
"spwn",1,1,1
"spwn18",1,1,1
"sqcwd_finance_manager",1,1,1
"sqcwd_service_areas_iii",1,1,1
"srp0714_and_santa_rosa_plain0716",1,1,1
"srscs",1,1,3
"ssjvwqc",1,1,3
"st",1,1,1
"st_helena_star",1,1,3
"st_suffi_c",1,1,1
"stachys",1,1,2
"stage",1,1,2
"stakeholder",1,1,1
"stakeholder_categories_community",1,1,1
"stakeholder_committee_meeting_agreements_and_guidelines_for_successful_meetings",1,1,1
"stakeholder_committee_meetings",1,1,1
"stakeholder_communication_and_engagement",1,1,1
"stakeholder_communication_and_engagement_guidance_document",1,1,1
"stakeholder_communication_and_engagement_plan_survey",1,1,3
"stakeholder_communication_workshop",1,1,1
"stakeholder_identification_and_engagement",1,1,1
"stakeholder_incentive_programs",1,1,1
"stakeholder_meetings",1,1,1
"stakeholder_outreach_efforts",1,1,1
"stakeholders_members",1,1,1
"stamos",1,1,4
"standard_criteria",1,1,1
"standard_method_2540c",1,1,1
"standard_operating_procedures_for_groundwater_sampling",1,1,1
"standard_specification_for_chemical_admixtures_for",1,1,1
"standards_and_rules_and_regulations_for_land_development",1,1,1
"standing_committee_disputes",1,1,2
"stanislaus_county_costs_and_approachsgem",1,1,2
"stanislaus_county_general_plan_conservation_open_space_element",1,1,1
"stanislaus_state_stormwater",1,1,1
"stanley",1,1,2
"stantec_consulting",1,1,1
"starlite",1,1,1
"state_board_decision_1290",1,1,1
"state_board_of_equalization",1,1,1
"state_department_of_parks_and_recreation",1,1,1
"state_department_of_transportation",1,1,1
"state_division_of_water_resources",1,1,1
"state_drinking_water_source_assessment_program",1,1,1
"state_engineer",1,1,1
"state_farmland",1,1,1
"state_law_standards",1,1,1
"state_legislative_initiatives",1,1,1
"state_marine_reserve",1,1,1
"state_of_department_of_toxic_substances_control",1,1,1
"state_of_department_of_water_resources",1,1,1
"state_of_texas_commission_on_environmental_quality",1,1,1
"state_of_this",1,1,1
"state_plan_of_flood_control",1,1,1
"state_plane_coordinate_system",1,1,1
"state_route_41",1,1,1
"state_university_channel_university",1,1,4
"state_university_sacramento_college_of_continuing_education",1,1,1
"state_water_contractors",1,1,1
"state_water_project_contractor",1,1,1
"state_water_project_for_agricultural_irrigation_the_coastal_branch_of",1,1,2
"state_water_project_or",1,1,1
"state_water_project_through",1,1,1
"state_water_project_to_golden_state_water_company_golden_state_water_company",1,1,3
"state_water_resources_control",1,1,1
"state_water_resources_control_board_2009",1,1,1
"state_water_resources_control_board_application_for_temporary_permit",1,1,1
"state_water_resources_control_board_division",1,1,2
"state_water_resources_control_board_division_of_drinking_water_supply_permit_water_amendment",1,1,1
"state_water_resources_control_board_geotracker",1,1,1
"state_water_resources_control_board_hydrologic_year",1,1,1
"state_water_resources_control_board_instream_flow_enhancement",1,1,1
"state_water_resources_control_board_regulated_facilities_geotracker_program",1,1,1
"state_water_resources_control_board_water_quality_order",1,1,1
"state_well_construction_standards",1,1,1
"states_bureau_of_reclamation",1,1,1
"statewide_agricultural_water_management_requirements_agricultural",1,1,3
"station_p190",1,1,1
"stauffer",1,1,1
"stein_et_al",1,1,1
"step_3_5",1,1,1
"stephen_mitchell",1,1,3
"stephens",1,1,1
"stern",1,1,1
"stetson_2021",1,1,1
"steve_orloff",1,1,1
"steven_c_dalke",1,1,2
"steven_g_kisling_center_for_irrigation_technology",1,1,1
"stevenson",1,1,1
"stgrba",1,1,1
"stickleback",1,1,1
"stiff_diagrams",1,1,1
"stipu",1,1,2
"stockton_road",1,1,2
"stokes",1,1,1
"stoll",1,1,3
"stone_corral_irri",1,1,1
"storage_groundwater",1,1,2
"storage_tank",1,1,1
"storm_drain_standards",1,1,1
"storm_drainage",1,1,1
"stormwater_management_groundwater_recharge",1,1,1
"stormwater_permits",1,1,1
"strasser_kauffman",1,1,1
"strategic_groundwater_consulting_support",1,1,2
"strath",1,1,1
"strawberry_crops",1,1,1
"stream_and_watershed_management_program",1,1,1
"stream_bank",1,1,1
"stream_channel_restoration_direct_groundwater",1,1,1
"stream_flow_enhancement_program",1,1,1
"stream_inflow",1,1,1
"stream_network",1,1,1
"stream_reaches",1,1,1
"stream_systems",1,1,4
"streambed_conductance",1,1,1
"streambed_hydraulic_conductivity",1,1,1
"streambed_inflow",1,1,1
"streambed_percolation_historical",1,1,1
"streamflow_exceedance_probability",1,1,1
"streamflow_gages",1,1,1
"streamflow_percolation3",1,1,1
"streamflow_watch_program",1,1,1
"streamkeepec",1,1,1
"streamleeeper",1,1,1
"streamlined_permit",1,1,1
"streamlines",1,1,1
"streams",1,1,1
"streams_i_2",1,1,1
"stretch",1,1,2
"structural_design",1,1,1
"structural_properties_and_restricted_groundwater_flow",1,1,4
"structural_setting_lofgren",1,1,3
"study_design_initiation",1,1,2
"study_period_of",1,1,1
"subaco_oswald_gridley",1,1,1
"subarticle_3_sustainable_management_criteria",1,1,1
"subbasin_agriculture",1,1,1
"subbasin_boundary",1,1,2
"subbasin_conditions_of",1,1,2
"subbasin_coordination_activities",1,1,2
"subbasin_coordination_outreach",1,1,1
"subbasin_flood_managed_aquifer_recharge",1,1,2
"subbasin_number",1,1,2
"subbasin_stakeholders",1,1,1
"subbasin_water_supply_reliability_based",1,1,1
"subbasin_wells",1,1,1
"submit_annual",1,1,2
"subregion_4",1,1,1
"success_reservoir_to_oettle_bridge",1,1,1
"sudan",1,1,1
"sufficient",1,1,1
"sugarloaf_ridge_state",1,1,1
"suite",1,1,1
"suite_a",1,1,1
"suitesense",1,1,1
"sulfate_n_a_250500600",1,1,1
"sulfate_sulfate",1,1,1
"sullivan",1,1,4
"summary_of_sustainable_management_criteria",1,1,1
"summerland_beach",1,1,1
"summerly",1,1,1
"sumner_hill_groundwater_dependent_ecosystem_unit",1,1,1
"sun_city_regional",1,1,1
"sun_world_international",1,1,1
"sunrise_blvd",1,1,1
"super",1,1,2
"supplemental_actions",1,1,1
"supplies",1,1,1
"supply",1,1,1
"supply_and_demand_management",1,1,1
"supply_groundwater",1,1,1
"supply_meter_retrofit_project_for_tower",1,1,2
"supplying",1,1,1
"support",1,1,1
"support_ca_delta_conveyance",1,1,2
"surf_beach",1,1,1
"surface_advisory_group_ecos",1,1,1
"surface_and_groundwater",1,1,1
"surface_energy_balance",1,1,1
"surface_water_and_groundwater_conditions",1,1,1
"surface_water_for_irrigation_surface",1,1,3
"surface_water_for_municipal_and_irrigation",1,1,1
"surface_water_inflow",1,1,1
"surface_water_outflows",1,1,2
"surface_water_programs_for",1,1,1
"surface_water_quality_ametryn",1,1,1
"surface_water_quality_chlorimuron_ethyl",1,1,1
"surface_water_quality_chlorobenzene",1,1,1
"surface_water_quality_chloroethane",1,1,1
"surface_water_quality_chloromethane",1,1,1
"surface_water_quality_cobalt",1,1,1
"surface_water_quality_mcpa",1,1,1
"surface_water_quality_potassium",1,1,1
"surface_water_quality_toluene",1,1,1
"surface_water_quality_topical",1,1,1
"surface_water_quality_turbidity",1,1,3
"surface_water_quality_vinyl",1,1,2
"surface_water_quality_water",1,1,2
"surface_water_system_water_budget_accounting_centers_and_components",1,1,1
"surficial",1,1,3
"surficial_geology",1,1,1
"survey",1,1,1
"survey_of_current_business",1,1,1
"surveying_spirit_leveling",1,1,1
"surveys_or_land_use_studies",1,1,1
"susan_j_matcham",1,1,1
"susan_pan",1,1,1
"suspend",1,1,1
"sustainability_agencies_collaborative",1,1,1
"sustainability_agency_authorities_and",1,1,1
"sustainability_agency_management_area_diagram_sustainable_groundwater_planning",1,1,2
"sustainability_agency_stakeholder_communication_and_engagement_plan_open",1,1,1
"sustainability_aquifer_2018",1,1,1
"sustainability_criteria_acquisition",1,1,1
"sustainability_goal_and_undesirable_results",1,1,1
"sustainability_goals_and_indicators",1,1,1
"sustainability_management_criteria",1,1,1
"sustainability_management_criteria_sustainable",1,1,1
"sustainability_project_and_management_actions",1,1,1
"sustainability_understanding",1,1,1
"sustainability_vision_and_policy_statement",1,1,1
"sustainable_136",1,1,1
"sustainable_august_19",1,1,2
"sustainable_groundwater_management_acct",1,1,1
"sustainable_groundwater_management_act_107256",1,1,1
"sustainable_groundwater_management_act_59",1,1,1
"sustainable_groundwater_management_act_advisory_committee_government_center_room",1,1,1
"sustainable_groundwater_management_act_and_groundwater",1,1,3
"sustainable_groundwater_management_act_compliance_activities_update",1,1,1
"sustainable_groundwater_management_act_coordination_sacramento",1,1,1
"sustainable_groundwater_management_act_ies",1,1,1
"sustainable_groundwater_management_act_implementation",1,1,3
"sustainable_groundwater_management_act_implementation_horizon",1,1,1
"sustainable_groundwater_management_act_implementation_recommendations_11",1,1,1
"sustainable_groundwater_management_act_implementation_round_2",1,1,1
"sustainable_groundwater_management_act_improvement_district_meeting",1,1,1
"sustainable_groundwater_management_act_interferometric_synthetic_aperture_radar",1,1,1
"sustainable_groundwater_management_act_notification_and_engagement_requirements",1,1,2
"sustainable_groundwater_management_act_of",1,1,1
"sustainable_groundwater_management_act_open_houses",1,1,1
"sustainable_groundwater_management_act_outreach",1,1,1
"sustainable_groundwater_management_act_overview",1,1,1
"sustainable_groundwater_management_act_rancheris",1,1,1
"sustainable_groundwater_management_act_roundtable",1,1,1
"sustainable_groundwater_management_act_sa",1,1,4
"sustainable_groundwater_management_act_strategy",1,1,1
"sustainable_groundwater_management_act_sustainable",1,1,1
"sustainable_groundwater_management_act_sustainable_management_criteria_sustainable_management_criteria",1,1,1
"sustainable_groundwater_management_act_taylor",1,1,1
"sustainable_groundwater_management_act_tribal",1,1,1
"sustainable_groundwater_management_act_viewer",1,1,1
"sustainable_groundwater_management_areanagement",1,1,1
"sustainable_groundwater_management_criteria",1,1,1
"sustainable_groundwater_management_numerous",1,1,1
"sustainable_management_criteria_best_management_practice_guide",1,1,1
"sustainable_management_criteria_bmp",1,1,1
"sustainable_management_criteria_for_subsidence",1,1,1
"sustainable_management_criteria_workshops_public",1,1,1
"sustainable_management_of_groundwater_sustainable_management_criteria_best_management_practice",1,1,1
"sustainable_winegrape_program",1,1,1
"sustainable_winegrowing",1,1,1
"sustainable_yields",1,1,1
"sutherland_context_and",1,1,1
"sutter_county_facebook_post_for_public_workshop",1,1,1
"sutter_county_gmp",1,1,2
"sutter_county_superior_court",1,1,1
"sutter_groundwater_sustainability_plan_pma",1,1,1
"sutter_refuge",1,1,1
"suzannah",1,1,1
"sv_j10_02",1,1,1
"svgwbhc_1995",1,1,1
"sviii",1,1,1
"swain_et_al",1,1,1
"swft",1,1,1
"swi_possible_future_projects_and_management_actions_acquire_supplemental_water_gl",1,1,3
"sws_overdraft",1,1,1
"syar_industries",1,1,1
"sycamore_marsh_farm_direct",1,1,1
"sycamore_slough_direct",1,1,1
"sycamore_slough_drain_multi_benefit_groundwater",1,1,1
"sycamore_slough_groundwater_dependent_ecosystem_unit",1,1,1
"syrvg",1,1,1
"system",1,1,3
"systems",1,1,1
"t0600101803",1,1,1
"t0600101803_ew4",1,1,1
"t0611130305",1,1,1
"t1i",1,1,1
"t_j",1,1,2
"t_maddock",1,1,1
"tagus_basin_north_cell",1,1,1
"tagus_basin_south_cell",1,1,1
"tailwater",1,1,1
"tailwater_flows",1,1,1
"talmage_near_el_roble",1,1,1
"tank_site_cleanup",1,1,1
"task",1,1,1
"task_orders",1,1,1
"taxus_brevifolia",1,1,1
"tcca_contractors",1,1,1
"tcv",1,1,1
"tea_pot_dome_water_district_and",1,1,1
"tebaldi_et_al",1,1,1
"tecolote_tunnel",1,1,1
"tehachapi_mountains",1,1,2
"tehama_colusa",1,1,1
"tehama_county_agricultural",1,1,2
"tehama_county_and",1,1,1
"tehama_county_domestic_well_tracking_water_action_fund_chapter_3",1,1,1
"tehama_county_subbasins_online_survey",1,1,1
"tehama_formation1",1,1,1
"tehama_formation_13",1,1,1
"tehama_formation_with",1,1,1
"tejon_castac_management_area_931_water_budget_components",1,1,1
"tejon_mountain_village_development_scenario",1,1,2
"tejon_mountain_village_development_with_aquifer_replenishment_project_scenario",1,1,1
"tejon_ranch_grapevine_water",1,1,1
"temescal_desalter",1,1,1
"temescal_valley_water_district_waste_discharge_by_location",1,1,2
"temperance_flat",1,1,1
"temperture",1,1,1
"temporal_resolution_groundwater",1,1,1
"temporary_facilities",1,1,1
"temporary_water_service",1,1,1
"tercourse_engineering",1,1,2
"terminafaon",1,1,1
"terrace_deposits_of_aquifer_ii",1,1,1
"terrance_deposits",1,1,1
"territorially",1,1,1
"tertiary",1,1,1
"tertiary_treatment_expansion",1,1,1
"tertiary_volcanic",1,1,2
"teviston_hamlet_plan_2017",1,1,1
"texture_maps_and_sections",1,1,1
"tgaec",1,1,2
"thacher",1,1,1
"thamnophis",1,1,1
"thamnophis_sirtalis_sirtalis_common_gartersnake",1,1,1
"that_party",1,1,1
"thatcher",1,1,1
"theis",1,1,1
"these_interim_milestones",1,1,2
"these_projects_and_management_actions",1,1,1
"theskenand",1,1,1
"thi",1,1,1
"think_twice_program",1,1,1
"thiobencarb",1,1,4
"this_algal_growth_potential",1,1,1
"this_communications_engagement",1,1,1
"this_ma",1,1,1
"this_management_areadera_subbasin_coordination",1,1,9
"this_memorandum_of_understanding",1,1,1
"this_mt",1,1,1
"this_networks_indicators",1,1,1
"this_owens_valley_program",1,1,1
"this_pliocene",1,1,1
"this_pma",1,1,1
"this_resource_management_strategy",1,1,1
"this_salinas_valley_basin_groundwater_sustainability_agency_communication_and_public_engagement_document",1,1,2
"this_sustainability_interconnected_indicator",1,1,1
"this_water_fund",1,1,1
"thj_validation_action",1,1,2
"thomas_harder_company",1,1,1
"thomas_w_dibblee",1,1,1
"thomas_w_wilber",1,1,2
"thomasson_jr",1,1,1
"thompson_creek_channel_cpp",1,1,3
"thompson_creek_spreading_grounds",1,1,1
"thorne",1,1,1
"threatened_crangonyx",1,1,1
"threshold",1,1,1
"throop",1,1,2
"through_stage",1,1,1
"through_stage_5_water_rationing",1,1,1
"tier",1,1,1
"tier_1_management_actions",1,1,2
"tier_2_management_action",1,1,1
"tim_godwin",1,1,2
"tim_mcgraw",1,1,1
"timing",1,1,1
"tipos_de_tierra",1,1,1
"tisdale_irrigation_drainage_company",1,1,1
"tish_non",1,1,1
"title",1,1,1
"title_12",1,1,1
"title_22_52",1,1,1
"title_23_351",1,1,1
"tmdl_total_maximum_daily_load_program_nature_conservancy",1,1,1
"tmf",1,1,1
"tn",1,1,1
"to_achieve_sustainability",1,1,1
"to_be_n_a_2_n_a",1,1,1
"to_define_undesirable_results_significant",1,1,1
"to_determine",1,1,1
"to_evaluate",1,1,1
"to_improve_the_efficiency_of_water",1,1,1
"toadtown",1,1,1
"todd_121817",1,1,1
"todd_engineers",1,1,1
"todd_road",1,1,1
"todd_sloat_biological",1,1,1
"todd_studyb",1,1,1
"tognolini",1,1,1
"tom_berg",1,1,1
"tomiquia_moss",1,1,1
"tommy_lee_jarrell",1,1,1
"tony_barrera",1,1,1
"topics",1,1,1
"topography_the",1,1,1
"toro_canyon_school_soil",1,1,1
"toro_manufacturing_company",1,1,1
"tos",1,1,1
"toss",1,1,1
"total_cost_allocation",1,1,1
"total_groundwater_storage",1,1,1
"total_solids",1,1,1
"town_of_madison",1,1,1
"toxicoscordion",1,1,1
"tracking_system",1,1,1
"tracy_site",1,1,1
"tracy_wastewater_treatment_plant",1,1,1
"traffic_mitigation_airport_industrial_fund",1,1,2
"transfers",1,1,2
"transmissivity_estimates_of",1,1,1
"transnet_environmental_mitigation_program",1,1,1
"travis",1,1,1
"trc_pw80",1,1,1
"treasurer",1,1,1
"treepeople",1,1,1
"tres_pinos_percolation",1,1,4
"trial_balloon",1,1,1
"triangle_t_water_district_13",1,1,1
"triangle_t_water_district_groundwater_sustainability_agency_14700_total",1,1,2
"triangle_t_water_district_pipeline_projects_estimated_costs_item_total_cost_year",1,1,1
"triassic",1,1,2
"tribal_council_meeting",1,1,1
"tribal_nations",1,1,1
"tribal_outreach",1,1,2
"tribal_regional_water_management",1,1,2
"tribal_trust",1,1,1
"tribal_trust_land",1,1,1
"tribal_union_of_concerned",1,1,1
"tribes",1,1,3
"tributary_inflow",1,1,1
"trid_ma",1,1,2
"tropaeolum",1,1,2
"trpa",1,1,2
"trujillo_et_al",1,1,5
"trussell_technologies",1,1,1
"trusted_news_sources_links",1,1,1
"trustee",1,1,1
"ts212_inf_sample_port_location",1,1,1
"tuesdays",1,1,2
"tuff_breccia",1,1,1
"tufted",1,1,1
"tulare_basin_wildlife_partners",1,1,1
"tulare_county_general_plan_2030_update",1,1,1
"tulare_county_proposed",1,1,1
"tulare_lake_preliminary",1,1,1
"tulare_public_library_and_council_chambers",1,1,1
"tularosa",1,1,1
"tule_basin_water_quality_coalition_program",1,1,1
"tule_bluet_insects",1,1,1
"tule_indian_tribe",1,1,1
"tule_ri",1,1,1
"tule_subbasin_stakeholder",1,1,1
"tulelake_district_office",1,1,2
"tulelake_division",1,1,1
"tulelake_sumps",1,1,1
"tulucay_creek_watershed",1,1,1
"turlock_city_hall",1,1,2
"turner_island_water_district_combined3",1,1,2
"turner_island_water_district_joint_meeting",1,1,1
"turner_island_wd",1,1,1
"tuscan_units_b",1,1,1
"tw2",1,1,1
"twin_cities",1,1,1
"twin_lakes_church",1,1,1
"tybrin_corporation",1,1,3
"type_a",1,1,1
"u_niversity",1,1,1
"ual",1,1,1
"uc_davis",1,1,1
"ucl",1,1,1
"ucode20141",1,1,1
"ucr",1,1,1
"ulatis_creek_projects_groundwater",1,1,1
"ulatis_flood_control",1,1,2
"umhos",1,1,1
"umwp",1,1,1
"un_déficit_de",1,1,2
"unanimously",1,1,1
"unconfined_aquifer_conditions",1,1,1
"under_highway_113_interception_runoff_of",1,1,1
"underground_sources_of_drinking_water",1,1,1
"underground_storage_tank_program",1,1,1
"underground_storage_the_program",1,1,1
"undermine_the_value_and_efficacy",1,1,1
"underrepresented_communities_underrepresented_communities",1,1,1
"understanding_environmental_contamination_in_real_estate",1,1,3
"unimpaired_flows_change",1,1,1
"united_dairymen",1,1,2
"united_kingdom",1,1,1
"united_states_army_corp",1,1,1
"united_states_army_corps",1,1,1
"united_states_army_corps_of_engineers_albuquerque",1,1,1
"united_states_army_corps_of_engineers_records",1,1,1
"united_states_army_corps_of_engineers_sampling_pointd",1,1,1
"united_states_army_corps_of_engineers_the_united_states_army_corps_of_engineers",1,1,1
"united_states_bureau_of_reclamation_central_valley_project_records",1,1,2
"united_states_bureau_of_reclamation_contractors",1,1,2
"united_states_bureau_of_reclamation_planning",1,1,1
"united_states_fish_and_wildlife_service_environmental_conservation_online_system",1,1,1
"united_states_fish_wildlife_service",1,1,2
"united_states_forest_service_goosenest_district_office",1,1,1
"united_states_geologic_survey",1,1,1
"united_states_geological_survey_hydrogeologic_study",1,1,1
"united_states_geological_survey_national_streamflow_information_program_united_states_geological_survey",1,1,1
"united_states_geological_survey_national_water_quality_assessment_program",1,1,1
"united_states_geological_survey_station_11449500",1,1,2
"united_states_geological_survey_water_supply_paper_1467",1,1,1
"united_states_geological_survey_water_supply_paper_no",1,1,1
"united_water_conservation",1,1,1
"united_water_conservation_district_35",1,1,1
"united_water_conservation_district_oxnard",1,1,1
"united_water_conservation_district_particle_tracks",1,1,1
"university_ag_extension",1,1,2
"university_navigation_satellite_timing_and_system_consortium",1,1,2
"university_of_califor_agriculture_and_natural_resources_2019",1,1,1
"university_of_califor_at_davis_and",1,1,1
"university_of_califor_cooperative_extension",1,1,1
"university_of_massachusetts",1,1,1
"university_of_wisconsin",1,1,2
"unocal_et_al",1,1,2
"unocal_natural_resource_damage_assessment",1,1,3
"unsaturated_zone_flow_package",1,1,1
"unstructured_grid",1,1,1
"update18",1,1,1
"updating_opti",1,1,1
"upper_and_lower_princeton_valley_fill",1,1,1
"upper_and_lower_reaches_combined",1,1,1
"upper_aquifer_deep_zone_wells",1,1,1
"upper_cache_creek_watershed_representation",1,1,1
"upper_cambrian",1,1,1
"upper_consumer_acceptance_levels",1,1,1
"upper_farmington_canal",1,1,1
"upper_limit",1,1,1
"upper_lower",1,1,1
"upper_oligocene_and_lower_miocene",1,1,1
"upper_paso_robles",1,1,1
"upper_pressure_at_state_street",1,1,1
"upper_salinas",1,1,1
"upper_secondary_drinking_water_maximum_contaminant_level",1,1,2
"upper_ventura_river_groundwater_agency_website_updates",1,1,1
"urban_industrial",1,1,1
"urban_landscape_evapotranspiration",1,1,1
"urban_levee_evaluation_program",1,1,1
"urban_reserve",1,1,1
"urban_stormwater",1,1,1
"urban_water_management_planning_municipalities",1,1,1
"urban_water_management_planning_urban",1,1,1
"urban_water_management_plans_and",1,1,1
"urban_water_management_plans_urban",1,1,1
"us_air_force",1,1,1
"us_armed_forces",1,1,1
"us_army_corps_of_engineers_integrated_regional",1,1,1
"us_bureau_of",1,1,1
"us_bureau_of_indian_affairs",1,1,2
"us_census_block",1,1,1
"us_census_geoid",1,1,1
"us_congress",1,1,7
"us_department_of_agriculture_natural_resources_conservation_service",1,1,1
"us_department_of_interior",1,1,1
"us_department_of_transportation_hazmat_employee",1,1,2
"us_environmental_protection_agency_action_level",1,1,1
"us_environmental_protection_agency_health_advisory",1,1,1
"us_environmental_protection_agency_replacement_well",1,1,1
"us_fish_and_wildlife_services_biological_opinions",1,1,1
"us_forest",1,1,1
"us_geologic_survey",1,1,1
"us_geological",1,1,1
"us_geological_survey_httpcawaterusgsgov",1,1,1
"us_geological_survey_hydrologic_instrument_facility",1,1,5
"us_government",1,1,1
"usa",1,1,1
"usc00042294",1,1,1
"uscm",1,1,2
"used_flow_path_unused",1,1,1
"used_for_establishing_reduction_of_groundwater_storage_measurable_objectives",1,1,1
"used_for_groundwater_elevation_assessments",1,1,1
"used_objective",1,1,1
"used_to_establish_minimum_thresholds_and_measurable_objectives",1,1,1
"user",1,1,2
"uses_agricultural_irrigation_total",1,1,1
"uses_and",1,1,1
"uses_habitats_of_special_significance",1,1,1
"uses_regulation_requirements",1,1,1
"uses_regulation_requirements_35414b4e",1,1,1
"uses_urban",1,1,1
"utilize",1,1,1
"utilizing_the_tule_subbasin_criteria",1,1,1
"utm_zone_10_and",1,1,1
"uv_h2o2",1,1,1
"uvgba",1,1,1
"v_e_langenheim",1,1,1
"v_grapes_nr3",1,1,1
"vacaville_community",1,1,1
"validation",1,1,1
"valle_del_sol_properties_llc",1,1,1
"valley_oak_natural_communities",1,1,1
"valley_one_vision",1,1,2
"valley_sequence",1,1,1
"valley_springs_formation_of",1,1,2
"valley_water_quality_coalition",1,1,1
"van_buren_golf_center",1,1,1
"van_buren_urban_forest",1,1,1
"varian_ranch_mwc_ag",1,1,1
"vasey",1,1,1
"vaugh_wc",1,1,2
"vcfcd",1,1,2
"vcpwa",1,1,1
"ve_change",1,1,1
"vegetation_communities_and_special_status_species",1,1,1
"ventura20co20waterworks20dist20no201202",1,1,2
"ventura_counties",1,1,1
"ventura_county_2040",1,1,1
"ventura_county_cooperative_investigation",1,1,2
"ventura_county_department_of_public_works",1,1,1
"ventura_county_integrated",1,1,2
"ventura_county_integrated_regional_water_management_program",1,1,2
"ventura_county_water_and_environmental_resources_division",1,1,1
"ventura_county_water_resources_management_study",1,1,1
"ventura_county_watershed_protection_district_inventory_of_public_and_private_water_purveyors",1,1,1
"ventura_county_watersheds_coalition_integrated_regional_water_management",1,1,1
"ventura_countywide_stormwater_quality",1,1,1
"ventura_iii",1,1,1
"ventura_road",1,1,1
"ventura_watershed_adjudication",1,1,1
"veronica",1,1,1
"version_6_of",1,1,1
"vestra",1,1,1
"veterans_affairs",1,1,1
"via_federal",1,1,1
"vice",1,1,2
"vice_chairperson",1,1,1
"vicki_kretsinger_grabert",1,1,3
"vienna",1,1,1
"vignolo_farms_t_1",1,1,1
"villa",1,1,1
"village_subunit",1,1,1
"vina_brentwood",1,1,1
"vineberg",1,1,1
"virginia_rail",1,1,1
"virginia_rail_recurvirostra_american",1,1,2
"virtual_public_town_hall",1,1,1
"visalia_times_delta",1,1,1
"vista_mutual_water_company",1,1,2
"vista_valencia_golf_course_total_production",1,1,1
"volatile_organic_compounds",1,1,1
"vote_centers_and_request_for_fee_waiver",1,1,1
"vp",1,1,1
"vsfb2",1,1,1
"vulcan_chemical_et_al",1,1,1
"vulnerability_tool",1,1,1
"w_cromwell_avenue",1,1,1
"w_flows",1,1,1
"w_landscape",1,1,1
"w_p",1,1,2
"w_schmid",1,1,1
"wadsworth_deliveries",1,1,1
"wagner_et_al",1,1,1
"waiver_nothing",1,1,1
"walker_lane",1,1,1
"walley",1,1,1
"walnut_grove_library",1,1,2
"walnut_hill",1,1,1
"walton",1,1,1
"wanger",1,1,1
"ward",1,1,3
"was_discussed",1,1,1
"washington_dc",1,1,1
"waste_discharge_requirements_general_order_for_growers",1,1,1
"waste_discharge_requirements_order",1,1,1
"waste_recycling_facility",1,1,1
"wastewater",1,1,1
"wastewater_reclamation",1,1,1
"wastewater_recovery_facility",1,1,1
"wastewater_treatment_facility",1,1,3
"wastewater_treatment_plant_discharges_and_flows",1,1,2
"water_action_fund_communications",1,1,2
"water_agency_directors",1,1,2
"water_allocation_framework",1,1,1
"water_and_power_resources_service",1,1,1
"water_budget_1",1,1,1
"water_budget_component",1,1,2
"water_budget_development",1,1,1
"water_budget_structure_for",1,1,1
"water_company",1,1,1
"water_conservation_program",1,1,1
"water_demand_reduction_management_actions",1,1,1
"water_demand_reduction_management_actions_the_management_actions",1,1,1
"water_efficient_landscape",1,1,1
"water_forum_3",1,1,1
"water_fund",1,1,1
"water_level_field_sheet",1,1,1
"water_levels_and_storage_039_ag_irrigation",1,1,1
"water_levels_and_trends",1,1,2
"water_pollution_prevention_services",1,1,1
"water_produced",1,1,1
"water_quality_coalition",1,1,1
"water_quality_improvement_programs",1,1,1
"water_quality_m2_2010016_002",1,1,1
"water_quality_mw5",1,1,2
"water_quality_objective",1,1,1
"water_quality_sampling_the_ambient_water_quality",1,1,1
"water_quality_values",1,1,1
"water_reclamation_facilities",1,1,2
"water_recycling_funding",1,1,1
"water_resources_and",1,1,1
"water_resources_and_information_management_engineering",1,1,1
"water_resources_department_conference_room",1,1,1
"water_resources_discipline",1,1,1
"water_resources_handbook_for_water_budget_development",1,1,1
"water_resources_management_programs",1,1,1
"water_resources_program",1,1,1
"water_resources_reconnaissance_study",1,1,1
"water_security_clean_drinking_water",1,1,2
"water_site_inventory_system",1,1,1
"water_storage_improvement_program",1,1,1
"water_supply_assumptions",1,1,1
"water_supply_reliability_plan_update",1,1,3
"water_systems_comprise",1,1,1
"water_wells",1,1,1
"waterfowl4_substantial",1,1,1
"watermaster_service",1,1,1
"watershed_analysis_risk_management_framework",1,1,1
"watershed_consumptive_use_fraction",1,1,1
"watershed_education",1,1,1
"watershed_integrated_regional_urban_water_management_plan_water",1,1,1
"watershed_protection_and_management_and_flood_control",1,1,1
"watershed_sciences_inc",1,1,1
"watersheds",1,1,1
"watersheds_domain",1,1,1
"watersheds_major",1,1,3
"ways",1,1,1
"wb41_projected_water_budget_supplies",1,1,2
"weather_inputs",1,1,1
"web_soil_survey",1,1,1
"weber_et_al",1,1,1
"website2",1,1,1
"website_site",1,1,1
"wedgeleaf_ceanothus",1,1,1
"weissman",1,1,2
"weissmann_et",1,1,1
"well_abandonment_outreach_and_funding_program",1,1,2
"well_construction_application_and_permit_form",1,1,2
"well_construction_aquifer_parameter",1,1,1
"well_construction_well",1,1,1
"well_density",1,1,1
"well_destruction_program_solano",1,1,1
"well_impact_analysis",1,1,1
"well_log_27558",1,1,1
"well_log_764374",1,1,1
"well_log_76739",1,1,1
"well_maintenance_groundwater_elevation",1,1,1
"well_owner_outreach",1,1,1
"well_perform_video_surveys",1,1,1
"well_site_geographic",1,1,1
"well_site_location_geographic",1,1,1
"well_standards",1,1,1
"well_t24sr24e25j1",1,1,1
"wellfields_arcadia_wellfield",1,1,1
"wells_01n22w20j07s",1,1,2
"wells_01n22w27r05s",1,1,1
"wells_01n22w28g04s",1,1,1
"wells_02n19w07k04s",1,1,1
"wells_15",1,1,1
"wells_4",1,1,1
"wells_91",1,1,1
"wells_and_beneficial_uses",1,1,1
"wells_e",1,1,1
"wells_electrical_conductivity",1,1,1
"wells_fargo",1,1,2
"wells_near_failed_domestic_wells",1,1,3
"wells_per_square_mile",1,1,1
"wells_percentage",1,1,1
"wells_piezometers",1,1,1
"wells_piezometers_percentage",1,1,1
"wells_propulsion_lab_industrial_rinse",1,1,1
"wells_pumping",1,1,1
"wells_used_for_trend",1,1,1
"wells_wells",1,1,3
"wells_with_unknown_construction_details",1,1,1
"wentworth_et_al",1,1,1
"west_bank",1,1,1
"west_central",1,1,1
"west_hills_cc_farm",1,1,1
"west_island",1,1,1
"west_morton_avenue",1,1,1
"west_ocean_minimum",1,1,1
"west_san_pablo_land_and_water_company",1,1,1
"west_santa_cruz_terrace",1,1,1
"west_stanislaus_irrigation_district_lateral_4_south_recapture_and",1,1,1
"west_turlock_groundwater",1,1,1
"westend_chemical_company",1,1,1
"western_area_projections",1,1,1
"western_gulf_oil_company",1,1,1
"western_management",1,1,1
"western_management_unit",1,1,1
"western_portion",1,1,1
"western_region_climate_center",1,1,1
"western_san_joaquin_coalition",1,1,1
"western_subbasin_cross",1,1,1
"western_upper_and_western_lower",1,1,2
"westhaven",1,1,1
"westminster_ave",1,1,1
"westplains",1,1,2
"westside_mutual",1,1,1
"westside_mutual_water_company",1,1,1
"westside_san",1,1,1
"westside_subbasin_sustainable",1,1,1
"westside_subbasin_water_budget_water",1,1,2
"westside_water_quality_coalition",1,1,1
"westwater_research",1,1,2
"wet",1,1,1
"wet_chemistry",1,1,1
"wet_climate_change_change",1,1,1
"wetland_response_to",1,1,2
"wetland_responses_to",1,1,2
"wetlands",1,1,1
"wetlands_reserve_program",1,1,1
"wh1_registration_of_extraction_facilities",1,1,1
"wh1_registration_of_extraction_facilities_description",1,1,1
"wh_jackson",1,1,1
"whaleback",1,1,1
"whcc_farm_of",1,1,3
"whcc_future",1,1,5
"wheeler_ridge_maricopa_management_area_the",1,1,2
"where_are",1,1,1
"whittaker_bermite_property",1,1,1
"wholesaler_and_industrial_user",1,1,1
"wi",1,1,1
"wic",1,1,1
"wildermuth_environmental",1,1,2
"wilderness_gardens_preserve",1,1,1
"will_be_implemented",1,1,1
"william",1,1,1
"william_b_cater_water_treatment_plant",1,1,1
"william_bringham",1,1,1
"williamson_et",1,1,1
"willows_council_chambers",1,1,1
"willows_fault",1,1,1
"willy_cunha",1,1,2
"wilson_grove_formation_most",1,1,1
"wilson_grove_formations_highlands",1,1,1
"winemucca_trading_co",1,1,1
"wintuan",1,1,1
"witch_creek_fire",1,1,1
"with_climate_change_pmas_budget",1,1,1
"without_climate_change",1,1,1
"wla",1,1,1
"wle",1,1,1
"wmsa",1,1,1
"wnam",1,1,1
"wolf_subbasin_thaf",1,1,1
"wolff",1,1,2
"wood_ag",1,1,1
"woodard_current",1,1,1
"wooden_valley_agricultural",1,1,1
"woodland_agricultural",1,1,1
"woods",1,1,1
"work_order",1,1,1
"worked",1,1,2
"working",1,1,1
"working_group_national_laboratory",1,1,4
"workshop_workshop",1,1,1
"workshops_stakeholder",1,1,1
"world_imagery",1,1,1
"world_wide_web",1,1,2
"wqo_t0609300005mw4",1,1,1
"wr19_collection",1,1,1
"wr24",1,1,1
"wr32",1,1,3
"wrfp",1,1,2
"wright",1,1,1
"writ",1,1,1
"writing_x_project_and_management_actions_project_1",1,1,1
"wsa",1,1,1
"wu_bromodichloromethane_dichlorobromomethane",1,1,1
"ww",1,1,1
"wwwcbuildingorg",1,1,1
"wwwsbcwdcom",1,1,1
"wy_type",1,1,2
"x_grant",1,1,1
"y_gestión_de_los_recursos",1,1,1
"y_la_reducción_del_uso_de_consultores",1,1,1
"y_project_7",1,1,1
"y_uso_de",1,1,1
"yamabe_horn_engineering_inc",1,1,2
"ycfc6",1,1,1
"ycfcwfd",1,1,1
"ye_et_al",1,1,1
"year_administration",1,1,1
"years",1,1,1
"yellowthroat",1,1,1
"yemen",1,1,1
"yerba_buena",1,1,2
"yield",1,1,1
"yield1_ranges",1,1,1
"yiguo_liang",1,1,1
"ymca",1,1,1
"yocha_dehe",1,1,1
"yocha_dehe_wintun_tribal_chair",1,1,1
"yokuts_porterville",1,1,1
"yolo_county_environmental_health_division",1,1,1
"yolo_county_flood_control_dunnigan_hills",1,1,3
"yolo_county_flood_control_east_bypass",1,1,4
"yolo_county_representation",1,1,1
"yolo_subbasin_golden_state_water",1,1,2
"yolo_zamora_south",1,1,1
"york_rd_west",1,1,1
"yountville_recycled_water_program",1,1,1
"youtube_channel",1,1,1
"ysi_pro_plus_glass_electrode_ph_sensor_field_lead",1,1,1
"yuba_marysville",1,1,1
"yuba_water_agency_conference",1,1,1
"yuba_wheatland_canal",1,1,1
"yvwd13",1,1,1
"yvwd51",1,1,3
"zamora_subunit",1,1,1
"zbur",1,1,1
"zoback_et_al",1,1,1
"zone_budget",1,1,2
