name,entity_type
groundwater_sustainability_plan,Local_Gov
subbasin,Basin
department_of_water_resources,State_Gov
sustainable_groundwater_management_act,State_Gov
groundwater_sustainability_agency,Local_GSA
california,State_Gov
groundwater_dependent_ecosystem,Natural_Feature
board,Group
united_states_geological_survey,Federal_Gov
data_management_system,Technical
state,State_Gov
county,County
sustainable_management_criteria,Legal
agency,Group
santa_clara_river,Natural_Feature
af,Nonsense
san_joaquin_river,Natural_Feature
geological_survey,Federal_Gov
department,Group
north_fork_kings_groundwater_sustainability_agency,Other_GSA
central_valley_project,Water_Project
mt,State_Gov
state_water_project,Water_Project
united_water_conservation_district,District
surface_water_system,Natural_Feature
east_kaweah_groundwater_sustainability_agency,Other_GSA
ema,Nonsense
united,Nonsense
north_kings_groundwater_sustainability_agency,Other_GSA
dischargers,Group
fillmore,City
state_water_resources_control_board,State_Gov
board_of_directors,Group
western_management_area,Geographic_Unit
south_kings_groundwater_sustainability_agency,Other_GSA
advisory_committee,Group
san_joaquin,County
kern_county_subbasin,Basin
san_joaquin_valley,Geographic_Unit
kings_river_east_groundwater_sustainability_agency,Other_GSA
party,Nonsense
bureau_of_reclamation,Federal_Gov
gws,Technical
upper_aquifer_system,Natural_Feature
james_groundwater_sustainability_agency,Other_GSA
us_environmental_protection_agency,Federal_Gov
sacramento,County
cma,District
svbgsa,Local_GSA
isw,Nonsense
kern_river_groundwater_sustainability_agency,Other_GSA
santa_ynez_river,Natural_Feature
coordination_committee,Group
fox_canyon_groundwater_management_agency,Other_GSA
eastern_tule_groundwater_sustainability_agency,Local_GSA
montecito_groundwater_basin,Local_GSA
minimum_threshold,Legal
nature_conservancy,NGO
draft,Nonsense
mcmullin_area_groundwater_sustainability_agency,Other_GSA
napa_county,County
california_code_of_regulations,State_Gov
hydrogeologic_conceptual_model,Technical
united_states,Federal_Gov
kern_county,County
mid_kaweah_groundwater_sustainability_agency,Other_GSA
state_board,Group
appendix,Reference
authority,Group
aem,Nonsense
lower_aquifer_system,Natural_Feature
wy,Geographic_Unit
disadvantaged_community,Group
state_of_california,State_Gov
tule_subbasin,Basin
central_kings_groundwater_sustainability_agency,Local_GSA
mcwra,District
delano_earlimart_irrigation_district_groundwater_sustainability_agency,Local_GSA
environmental_quality_act,State_Gov
forebay,Infrastructure
mi,Nonsense
mou,Group
groundwater_sustainability_plan_group,Group
lower_tule_river_irrigation_district_groundwater_sustainability_agency,Local_GSA
greater_kaweah_groundwater_sustainability_agency,Local_GSA
kings_subbasin,Basin
mkgsa,Other_GSA
ukiah_valley_basin_gsa,Local_GSA
water_year,Technical
ventura_county,County
monterey_county_water_resources_agency,Group
central_coast_water_board,Group
wells,Infrastructure
sierra_nevada,Natural_Feature
oxnard,City
pixley_irrigation_district_groundwater_sustainability_agency,Local_GSA
salinas_valley_basin_groundwater_sustainability_agency,Local_GSA
santa_paula,City
modflow,Technical
natural_communities_commonly_associated_with_groundwater,Natural_Feature
vrgwfm,Nonsense
city_of,City
committee,Group
kern_groundwater_authority,Local_GSA
interconnected_surface_water,Natural_Feature
fox_canyon_aquifer,Natural_Feature
madera_county,County
tehama_county,County
upper_ventura_river_groundwater_agency_gsa,Local_GSA
fresno,County
east_las_posas_management_area,Geographic_Unit
irrigated_lands_regulatory_program,State_Gov
mound_basin_groundwater_sustainability_agency,Local_GSA
department_of_fish_and_wildlife,State_Gov
mo,Nonsense
kaweah_subbasin,Basin
tri_county_water_authority_groundwater_sustainability_agency_tule,Local_GSA
fpbgsa,Local_GSA
white_wolf_groundwater_sustainability_agency,Local_GSA
napa_county_groundwater_sustainability_agency,Other_GSA
cvp,Water_Project
west_las_posas_management_area,Geographic_Unit
ojai_valley_groundwater_basin,Basin
new_stone_water_district_groundwater_sustainability_agency,Other_GSA
delta_mendota_subbasin,Basin
monterey_subbasin,Basin
aquifer_storage_and_recovery,Water_Project
tulare_county,County
conejo_creek,Natural_Feature
marina_coast_water_district,District
buena_vista_groundwater_sustainability_agency,Other_GSA
aliso_water_district_groundwater_sustainability_agency,Local_GSA
big_valley_groundwater_sustainability_agency,Local_GSA
technical_advisory_committee,Group
solano_subbasin,Basin
madera_subbasin,Basin
fort_ord,Geographic_Unit
mga,Local_GSA
owens_valley_groundwater_authority,Local_GSA
atascadero_basin_groundwater_sustainability_agency,Local_GSA
farmers_water_district,District
santa_rosa_plain_groundwater_sustainability_agency,Other_GSA
pleasant_valley_groundwater_sustainability_agency,Local_GSA
sonoma_valley_groundwater_sustainability_agency,Local_GSA
santa_ynez_river_valley_basin_eastern_management_area_groundwater_sustainability_agency,Local_GSA
total_dissolved_solids,District
salinas_valley,Geographic_Unit
tehama_county_flood_control_and_water_conservation_district_groundwater_sustainability_agency_red_bluff,Local_GSA
ventura,County
delano_earlimart_irrigation_district,District
tbwqc,Nonsense
indian_wells_valley_groundwater_authority,Local_GSA
county_of_napa_groundwater_sustainability_agency,Local_GSA
taf,Nonsense
division_of_drinking_water,State_Gov
san_pasqual_valley_gsa,Local_GSA
projects_and_management_actions,Group
regional_water_quality_control_board,Local_Gov
tehama_county_flood_control_and_water_conservation_district_groundwater_sustainability_agency_antelope,Local_GSA
us,Geographic_Unit
basin_characterization_model,Technical
corona,City
farmers_water_district_groundwater_sustainability_agency,Other_GSA
lsce,Nonsense
kaweah_delta_water_conservation_district,District
paso_robles_formation,Natural_Feature
sonoma,County
nc,Geographic_Unit
enterprise_anderson_groundwater_sustainability_agency,Other_GSA
executive_committee,Group
parties,Nonsense
aliso_water_district,District
fresno_county,County
pma,Group
ebp_subbasin,Basin
global_positioning_system,Technical
tule_subbasin_setting,Geographic_Unit
tehama_county_flood_control_and_water_conservation_district_groundwater_sustainability_agency_los_molinos,Local_GSA
madera,County
oxnard_subbasin,Basin
tds,Technical
tulare,County
tehama_formation,Natural_Feature
ebmud,District
monterey_county,County
coordination_workgroup,Group
maximum_contaminant_level,Legal
upper_ventura_river_groundwater_agency,Local_GSA
los_molinos_subbasin,Basin
lower_tule_river_irrigation_district,District
santa_clara,County
siskiyou_county_flood_control_and_water_conservation_district_groundwater_sustainability_agency_butte_valley,Local_GSA
tehama_county_flood_control_and_water_conservation_district_groundwater_sustainability_agency_bowman,Local_GSA
groundwater_sustainability_agencies,Group
root_creek_water_district_groundwater_sustainability_agency,Local_GSA
tule_subbasin_monitoring_plan,Technical
ysga,Nonsense
dctra,Group
project,Water_Project
solano_county,County
alpaugh_groundwater_sustainability_agency,Local_GSA
arroyo_simi,Natural_Feature
integrated_regional_water_management,Local_Gov
merced,County
siskiyou_county_flood_control_and_water_conservation_district_groundwater_sustainability_agency_shasta,Local_GSA
tehama_integrated_hydrologic_model,Technical
groundwater_sustainability_agency_board,Group
svsim,Technical
sacramento_valley,Geographic_Unit
porterville,City
tulare_formation,Natural_Feature
ag,Nonsense
monitoring_and_reporting_program,Technical
environmental_defense_fund,NGO
santa_ynez,City
pleasant_valley,Geographic_Unit
esri,Company
colusa,County
san_joaquin_river_restoration_program,Local_Gov
petaluma_valley_groundwater_sustainability_agency,Local_GSA
chowchilla_subbasin,Basin
integrated_regional_water_management_plan,Local_Gov
sampling_and_analysis_plan,Technical
dtw,Nonsense
groundwater_management_plan,Technical
saugus_formation,Natural_Feature
flow,Nonsense
yucaipa_groundwater_sustainability_agency,Other_GSA
groundwater_sustainability_plan_regulations,Legal
interferometric_synthetic_aperture_radar,Technical
hcm,Technical
ma,Nonsense
rmw,Nonsense
technical_memoranda,Technical
managed_aquifer_recharge,Water_Project
turlock_subbasin,Basin
vcwpd,District
anderson_subbasin,Basin
page,Reference
groundwater_sustainability_plans,Technical
representative_monitoring_point,Technical
stakeholder_committee,Group
cga,Local_GSA
arroyo_las_posas,Natural_Feature
kings_river_conservation_district,District
los_angeles_county,County
city_of_porterville,City
san_antonio_basin_groundwater_sustainability_agency,Local_GSA
santa_clarita_valley_groundwater_sustainability_agency,Local_GSA
santa_ynez_river_valley_basin_western_management_area_groundwater_sustainability_agency,Local_GSA
yucaipa_valley_water_district,District
tcwa,District
castac_basin_gsa,Local_GSA
los_angeles,County
natural_resources_conservation_service,Federal_Gov
montecito_groundwater_sustainability_agency,Other_GSA
groundwater_sustainability_plan_groups,Group
james_irrigation_district,District
tule_subbasin_technical_advisory_committee,Group
kern_county_water_agency,Group
working_group,Group
smc,Nonsense
santa_ynez_river_valley_basin_central_management_area_groundwater_sustainability_agency,Local_GSA
army_corps_of_engineers,Federal_Gov
regional_model,Technical
buena_vista_water_storage_district_gsa,Local_GSA
sacramento_county,County
watershed,Natural_Feature
arroyo,Natural_Feature
napa_valley_subbasin,Basin
district,District
modesto,City
minimum_thresholds,Technical
santa_ynez_river_water_conservation_district,District
butte_valley,City
corcoran_clay,Natural_Feature
sutter_subbasin,Basin
monterey,County
data_quality_objective,Technical
temescal_subbasin_groundwater_sustainability_agency,Local_GSA
merced_county,County
san_antonio,Local_Gov
national_aeronautics_and_space_administration,Federal_Gov
olcese_groundwater_sustainability_agency_area,Geographic_Unit
technical_working_group,Group
fcgma,District
cosumnes,Basin
vacaville,City
los_angeles_department_of_water_and_power,Local_Gov
merced_subbasin,Basin
discharger,Nonsense
kern_subbasin,Basin
indian_wells_valley_groundwater_basin,Basin
san_jacinto,City
santa_cruz,County
unavco,NGO
natural_communities,Group
spadra_basin_groundwater_sustainability_agency,Local_GSA
gps,Technical
napa,County
san_antonio_creek,Natural_Feature
pce,Nonsense
temescal_wash,Natural_Feature
fresno_slough,Natural_Feature
kaweah,Basin
california_water_code,State_Gov
salinas_valley_basin_groundwater_sustainability_agency_east_side_aquifer,Local_GSA
salinas_valley_basin_groundwater_sustainability_agency_langley_area,Local_GSA
san_lorenzo_valley_water_district,District
geotracker,Data_System
hayward,City
eel_river_valley_basin,Basin
grimes_canyon_aquifer,Natural_Feature
lompico,City
tehama,County
city_of_santa_monica,City
statewide_groundwater_elevation_monitoring,State_Gov
salinas_valley_basin_groundwater_sustainability_agency_upper_valley_aquifer,Local_GSA
enterprise,Nonsense
los_banos,City
wrmwsd,District
salt_and_nutrient_management_plan,Technical
friant_division,Water_Project
piru_creek,Natural_Feature
basin_numerical_model,Technical
monterey_formation,Natural_Feature
calleguas_creek,Natural_Feature
technical_peer_review,Technical
friant_kern_canal,Infrastructure
mcsim,Technical
san_benito_county,County
hydrographs,Technical
san_jacinto_groundwater_basin,Basin
santa_ana,City
water_in_the_yucaipa,Nonsense
corning,City
napa_valley,Geographic_Unit
paso_robles,Local_Gov
acsd,District
atascadero,City
butte_county,County
solano,County
geographic_information_system,Technical
yuba_water_agency,Local_GSA
irrigation_management_information_system,State_Gov
kern_delta_water_district,District
modesto_subbasin,Basin
scotts_valley_water_district,District
tracy_subbasin,Basin
scv_water,District
tule_river_association,NGO
dbcp,District
grassland_water_district,District
ccbl,District
davis,City
glenn_county,County
gw,Nonsense
bakersfield,City
central_coast_regional_water_quality_control_board,Local_Gov
buena_vista_water_storage_district,District
las_posas,Basin
measurable_objectives,Technical
cgps,Nonsense
hollister,City
sonoma_water,District
stanislaus_county,County
fish_slough,Natural_Feature
sustainable_groundwater_management_act_projects,Water_Project
basemap,Technical
modeling_team,Technical
department_of_water_resources_bulletin,Reference
passive_diffusion_bag,Infrastructure
visalia,City
asr,Technical
barka_slough,Natural_Feature
bcgsa,Other_GSA
city_of_modesto,City
westside_subbasin,Basin
basin,Basin
cuyama_basin_groundwater_sustainability_agency,Local_GSA
east_turlock_subbasin_groundwater_sustainability_agency,Local_GSA
environmental_protection_agency,Group
groundwater_sustainability_agency_party,Group
turlock,City
arvin_edison_water_storage_district,District
indian_wells_valley,Geographic_Unit
kdsa,Nonsense
kings_county,County
rmp,Nonsense
glenn_groundwater_authority,Local_GSA
kern,County
yolo_subbasin,Basin
gis,Data_System
mendota_subbasin,Basin
basin_setting,Geographic_Unit
ec,Nonsense
fox_canyon_groundwater_management_agency_board,Group
san_joaquin_river_exchange_contractors,Group
army,Federal_Gov
city_of_ventura,City
groundwater_sustainability_plan_advisory_committee,Group
inter_agency,Group
joint_powers_authority,Group
sierra_valley,Geographic_Unit
deer_creek_and_tule_river_authority,Group
mullin_area_groundwater_sustainability_agency,Other_GSA
north_kings,District
congress_us_senate,Federal_Gov
forebay_subbasin,Basin
jpa,Nonsense
kings_river_water_association,Group
yuba_subbasins,Basin
anderson_subbasins,Basin
gravelly_ford_water_district,District
kings,County
salinas,City
l,Nonsense
san_joaquin_river_restoration_settlement,Legal
santa_monica_basin_groundwater_sustainability_agency,Local_GSA
technical_memorandum,Technical
west_san_jacinto_groundwater_sustainability_agency,Local_GSA
santa_ana_river,Natural_Feature
ccr,Nonsense
yuba_groundwater_model,Technical
santa_barbara_county,County
west_turlock_subbasin_groundwater_sustainability_agency,Local_GSA
cottonwood_creek,Natural_Feature
san_joaquin_county,County
chowchilla_bypass,Infrastructure
gravelly_ford_water_district_groundwater_sustainability_agency,Other_GSA
navy,Federal_Gov
stanislaus,County
court,Nonsense
grassland_groundwater_sustainability_agency,Other_GSA
westlands_water_district,District
camrosa,District
consolidated_irrigation_district,District
montecito_water_district,District
sjfm2014,Reference
inmp,Nonsense
olcese_water_district_groundwater_sustainability_agency,Local_GSA
tcwd,District
county_of_ventura,County
eastside_subbasin,Basin
national_marine_fisheries_service,Federal_Gov
santa_clarita,City
santa_margarita,City
swi,Technical
sonoma_county,County
bowman_subbasin,Basin
fox_canyon_groundwater_management_agency_gsa_pleasant_valley,Local_GSA
national_oceanic_and_atmospheric_administration,Federal_Gov
consensus_building_institute,NGO
st_helena,Geographic_Unit
arroyo_santa_rosa_valley_groundwater_basin,Basin
big_valley_advisory_committee,Group
santa_ynez_river_alluvium,Natural_Feature
butte,County
management_areas,Geographic_Unit
spv_groundwater_sustainability_plan_model,Technical
wyandotte_creek_groundwater_sustainability_agency,Local_GSA
deer_creek,Natural_Feature
groundwater_ambient_monitoring_and_assessment,State_Gov
orland_unit_water_users_association,Group
paso_robles_formation_aquifer,Natural_Feature
slough,Natural_Feature
county_of_humboldt_groundwater_sustainability_agency,Local_GSA
legal_authority,Group
santa_rosa,City
coc,Nonsense
elsinore_valley_groundwater_sustainability_agency,Local_GSA
inyo_county,County
santa_margarita_formation,Natural_Feature
bmp,Nonsense
recharge,Nonsense
solano_irrigation_district,District
stillwater_sciences,Company
city_of_vacaville,City
angiola_water_district,District
yolo_subbasin_groundwater_sustainability_agency,Local_GSA
appointing_authority,Group
electrical_conductivity,Technical
mann,Nonsense
monitoring_entity,Technical
san_leandro,City
water_budget_zone,Geographic_Unit
regional_board,Group
alta_irrigation_district,District
enterprise_anderson_groundwater_sustainability_agency_enterprise,Local_GSA
groundwater_sustainability_agency_boards,Group
measurable_objective,Technical
p_ma,Nonsense
sierra_valley_groundwater_management_district,Local_GSA
action,Nonsense
tce,Nonsense
tuscan_formation,Natural_Feature
pauma_valley_groundwater_sustainability_agency,Local_GSA
todd_groundwater,Natural_Feature
arvin_edison_management_area,Geographic_Unit
chowchilla,City
city_of_napa,City
department_of_toxic_substances_control,State_Gov
dudek,Company
enterprise_anderson_groundwater_sustainability_agency_anderson,Local_GSA
stanislaus_and_tuolumne_rivers_groundwater_basin_association_groundwater_sustainability_agency,Local_GSA
ukiah_valley_integrated_hydrological_model,Technical
yolo_county,County
board_of_supervisors,Group
fillmore_and_piru_basins_groundwater_sustainability_agency_piru,Local_GSA
henry_miller_water_district_gsa,Local_GSA
mehrten_formation,Natural_Feature
scwd,District
sierra_valley_subbasin,Basin
ventura_county_watershed_protection_district,District
fillmore_and_piru_basins_groundwater_sustainability_agency_fillmore,Local_GSA
fresno_irrigation_district,District
san_joaquin_river_exchange_contractors_groundwater_sustainability_agency,Local_GSA
wheeler_ridge_maricopa_water_storage_district,District
wqo,Nonsense
butte_basin_groundwater_model,Technical
fox_canyon_groundwater_management_agency_gsa_oxnard,Local_GSA
natural_communities_commonly_associated_with_groundwater_dataset,Technical
san_pedro_formation,Natural_Feature
best_management_practice,Legal
city,Nonsense
continuous_global_positioning_system,Technical
af_water_year,Technical
county_of_tulare,County
east_contra_costa_subbasin,Basin
sustainability_indicators,Technical
upper_san_pedro,Basin
wheeler_ridge_maricopa,District
yucaipa_basin_groundwater_sustainability_agency,Local_GSA
central_valley_hydrologic_model,Technical
corning_subbasin,Basin
corral_de_tierra_area,Geographic_Unit
mendota,City
new_stone_water_district,District
variable_infiltration_capacity,Technical
bedford_coldwater_subbasin_groundwater_sustainability_agency,Local_GSA
merced_irrigation_district,District
tulare_irrigation_district,District
porterville_irrigation_district,District
precipitation,Natural_Feature
storage,Nonsense
westlands,District
cor,Nonsense
leblanc,Nonsense
tracy,City
cnddb,Data_System
core_team,Group
elsinore,Geographic_Unit
fish_and_wildlife_service,Federal_Gov
general_order,Legal
quality_control,Technical
ug_l,Nonsense
red_bluff_subbasin,Basin
adjustment_factors,Technical
central_california_irrigation_district,State_Gov
dmc,District
groundwater_sustainability_plan_group_representative,Group
surface_water_quality,Technical
eastern_principal_aquifer,Natural_Feature
enterprise_subbasin,Basin
fkc,Nonsense
tule_subbasin_tac,Group
eki,Nonsense
nacimiento_water_project,Water_Project
butte_creek,Natural_Feature
calleguas,District
moa,Nonsense
san_timoteo_creek,Natural_Feature
sfr,Nonsense
appendix_c,Reference
butte_subbasin,Basin
carlotta,Nonsense
port_hueneme,City
san_gorgonio_pass,Geographic_Unit
ukiah_valley,Geographic_Unit
western_lower_principal_aquifer,Natural_Feature
sonoma_creek,Natural_Feature
yucaipa_subbasin,Basin
arroyo_conejo,Natural_Feature
bedford,Geographic_Unit
council,Group
data_exchange_center,State_Gov
fountain_springs,Natural_Feature
putah_creek,Natural_Feature
regional_water_authority,Group
riverside_county,County
tuolumne,County
xylenes,Natural_Feature
colusa_subbasin,Basin
central_management_area,Geographic_Unit
coordinating_committee,Group
dixon,City
gsi,Group
qc,Nonsense
san_juan,Geographic_Unit
friant_water_authority,Group
oakland,City
owens_valley,Geographic_Unit
pomona,City
san_luis_obispo_county,County
saugus,Geographic_Unit
water_data_library,Technical
brentwood,City
id4,District
monitoring_network,Technical
san_luis_delta_mendota_water_authority,Group
solano_collaborative,Group
soquel_creek,Natural_Feature
upson,Local_Gov
watermaster,Group
yountville,City
antelope_subbasin,Basin
city_council,Group
joint_powers_agreement,Group
central_sacramento_county_groundwater_management_plan,Technical
cosumnes_subbasin,Basin
median_household_income,Technical
ojai_basin_groundwater_management_agency_gsa,Local_GSA
scotts_valley,City
sokr,Nonsense
solano_project,Water_Project
bolsa,Nonsense
buttonwillow_management_area,Geographic_Unit
fox_canyon_groundwater_management_agency_gsa_las_posas_valley,Local_GSA
mbgwfm,Data_System
precipitation_data,Technical
saticoy,City
trenton_weir,Infrastructure
best_management_practices,Legal
department_of_public_health,State_Gov
district_board,Group
western_management_area_groundwater_sustainability_agency,Other_GSA
madera_irrigation_district,District
montecito_groundwater_basin_groundwater_sustainability_agency,Local_GSA
porter_slough,Natural_Feature
salinas_valley_operational_model,Technical
spv,Nonsense
subbasins,Basin
tehama_county_flood_control_and_water_conservation_district,Other_GSA
tule_basin_water_quality_coalition,Group
ukiah,City
west_las_posas,Basin
woodard_curran,Company
luhdorff_and_scalmanini_consulting_engineers,Company
san_benito_river,Natural_Feature
success_reservoir,Infrastructure
urban_water_management_plan,Technical
muir,Nonsense
sdac,Group
alyson_watson,Person
city_of_oxnard,City
clean_water_act,Legal
department_of_pesticide_regulation,State_Gov
dry_creek,Natural_Feature
purisima_formation,Natural_Feature
thomes_creek,Natural_Feature
western_municipal_water_district_groundwater_sustainability_agency_riverside_arlington,Local_GSA
aptos,City
groundwater_management_agency,Group
monitoring_entities,Technical
mugu,Basin
paso,Nonsense
total_nitrogen_applied,Technical
integrated_water_flow_model,Technical
john,Nonsense
paso_robles_subbasin,Basin
san_jacinto_river,Natural_Feature
yihm,Nonsense
camarillo,City
hueneme,Nonsense
temescal_groundwater_sustainability_agency,Other_GSA
wyandotte_creek_subbasin,Basin
anderson,City
city_of_santa_cruz,City
community_services_district,District
irrigation_training_and_research_center,Group
na,Nonsense
richmond,City
taylor,Nonsense
alyson,Person
arroyo_seco_cone_management_area,Geographic_Unit
los_molinos,City
nacimiento,Natural_Feature
santa_clara_county,County
springs_fault,Natural_Feature
success_dam,Infrastructure
asgsa,Other_GSA
epworth_gravels_aquifer,Natural_Feature
central_valley_regional_water_quality_control_board,State_Gov
city_of_buellton,City
faunt,Person
national_environmental_policy_act,Federal_Gov
precipitation_runoff_modeling_system,Technical
stakeholder_communication_and_engagement_plan,Technical
appendix_a,Reference
basin_analysis_report,Technical
bylaws,Legal
county_of_monterey,County
glenn,County
napa_valley_integrated_hydrologic_model,Technical
terra_bella_irrigation_district,District
ukiah_valley_basin_groundwater_sustainability_agency,Local_GSA
coastal_plain_model,Technical
langley_subbasin,Basin
modflow_usg,Technical
san_joaquin_river_exchange_contractors_groundwater_sustainability_plan_group,Group
sierra_valley_hydrogeologic_system_model,Technical
sustainability_indicator,Technical
svbgsa_board,Group
vina_subbasin,Basin
af_year,Nonsense
colusa_county,County
davids_engineering,District
groundwater_quality_trend_monitoring_program,Technical
management_area,Geographic_Unit
mhi,Nonsense
national_water_quality_laboratory,Federal_Gov
pure_water_soquel,Water_Project
rohde_et_al,Person
san_benito_county_water_district,District
temescal,Basin
ema_groundwater_sustainability_agency,Other_GSA
mrp,Nonsense
napa_valley_floor,Geographic_Unit
northern_central_delta_mendota_region,Geographic_Unit
oak_glen_creek,Natural_Feature
ohwd,District
patterson,City
sustainable_groundwater_management_act_monitoring_network,Technical
hotchkiss,Nonsense
humboldt_county_groundwater_sustainability_agency,Other_GSA
los_alamos_community_services_district,District
management_actions,Nonsense
norco,City
rcs,Nonsense
subarea,Geographic_Unit
wolf_subbasin,Basin
salinas_river_diversion_facility,Infrastructure
santa_monica,City
stony_creek,Natural_Feature
water_board,Group
alameda_county_water_district,District
epworth_gravels_management_area,Geographic_Unit
shasta,County
siskiyou_county,County
yolo,County
yuba_county,County
arvin_groundwater_sustainability_agency,Local_GSA
big_valley_groundwater_basin,Basin
bmo,Nonsense
community_advisory_committee,Group
greenfield,City
merced_subbasin_groundwater_sustainability_agency,Local_GSA
mst,Nonsense
national_water_information_system,Federal_Gov
santa_clara_valley_water_district,District
shasta_county,County
smgwa,District
annual_compliance_form,Reference
arroyo_santa_rosa_groundwater_sustainability_agency,Local_GSA
berkeley,City
chowchilla_water_district,District
city_of_lompoc,City
spring,Natural_Feature
valencia,Geographic_Unit
calimesa_management_area,Geographic_Unit
delano_earlimart_irrigation_district_management_area,Geographic_Unit
east_contra_costa,Geographic_Unit
las_posas_valley,Geographic_Unit
petaluma_valley,Geographic_Unit
salinas_valley_watershed_model,Technical
scv_groundwater_sustainability_agency,Other_GSA
south_mesa,Geographic_Unit
upper_pressure,Natural_Feature
bowman,Nonsense
delta_mendota,Basin
groundwater_ambient_monitoring_and_assessment_program,Technical
lompoc,City
santa_barbara_county_water_agency,Group
setting,Geographic_Unit
castaic_creek,Natural_Feature
county_of_madera,County
national_geodetic_survey,Federal_Gov
olcese_groundwater_sustainability_agency,Other_GSA
shasta_valley,Geographic_Unit
friant_contractors,Group
james_bypass,Water_Project
owens,Nonsense
salinas_valley_basin,Basin
arlington_basin,Basin
city_of_coalinga,City
friant,City
humboldt_county,County
kc,Nonsense
bureau_of_land_management,Federal_Gov
carneros,Geographic_Unit
city_of_madera,City
fugro_west,Company
ims,Technical
lakeview,City
madera_county_groundwater_sustainability_agency,Other_GSA
san_diego,County
san_luis_obispo_creek,Natural_Feature
turlock_irrigation_district,District
central_valley,Geographic_Unit
city_of_hollister,City
ebz,Nonsense
laguna_formation,Natural_Feature
lake_county,County
poe,Nonsense
wyt,Nonsense
kunkel,Nonsense
legislature,Nonsense
monterey_peninsula_water_supply_project,Water_Project
santa_clara_river_estuary,Natural_Feature
sutter,County
wilson_creek,Natural_Feature
beaumont,City
farrar,Nonsense
ghg,Nonsense
lincoln,City
terra_bella,City
water_budget,Technical
yucaipa_creek,Natural_Feature
butano,Basin
edna_valley,Geographic_Unit
forest_service,Federal_Gov
groundwater_sustainability_commission,Group
mercy_springs,Natural_Feature
solano_subbasin_groundwater_sustainability_agency,Local_GSA
water_storage_investment_program,Water_Project
cal_water,Company
california_toxics_rule,State_Gov
channelkeeper,NGO
conejo,Basin
delta_mendota_canal,Infrastructure
enterprise_anderson_groundwater_sustainability_agency_model,Technical
kings_county_water_district,District
natural_communities_dataset,Technical
north_bench_management_area,Geographic_Unit
pou,Nonsense
tier_3_dischargers,Group
af_wy,District
d_technical_advisory_committee,Group
disadvantaged_communities,Group
harwood,Nonsense
jet_propulsion_laboratory,Federal_Gov
rwm_group_governing_board,Group
santa_cruz_county,County
snmp,Nonsense
wy2015,Reference
ag_innovations,Company
camrosa_water_district,District
collaborative,Group
ducor,City
east_contra_costa_irrigation_district,District
el_paso,Local_Gov
et,Nonsense
johnson,Nonsense
kaweah_subbasin_aem,Data_System
langley,Local_Gov
national_toxics_rule,Legal
piru,City
san_luis_canal,Infrastructure
arroyo_seco,Natural_Feature
bear_valley_basin_groundwater_sustainability_agency,Local_GSA
communication_and_engagement_plan,Technical
eel,Natural_Feature
groundwater_sustainability_plan_development,Technical
gssi,Data_System
hspf,Technical
madera_co_groundwater_sustainability_agency,Other_GSA
ojai,City
pacheco_creek,Natural_Feature
redding,City
soil_moisture_budget,Technical
tejon_castac_management_area,Geographic_Unit
af_y,Nonsense
coldwater_management_area,Geographic_Unit
gac,Nonsense
groundwater_flow_model,Technical
hydrological_operations_simulation_system,Technical
maf,Nonsense
mill_creek,Natural_Feature
santa_ynez_uplands,Geographic_Unit
solano_integrated_hydrologic_model,Technical
solvang,City
sonoma_valley,Geographic_Unit
sutter_county,County
water_resources,Natural_Feature
waterford,City
western_upper_principal_aquifer,Natural_Feature
yucaipa,City
adaptive,Nonsense
california_legislature,State_Gov
county_of_fresno,County
joaquin_subbasin,Basin
laguna_seca,Natural_Feature
management_committee,Group
miller,Nonsense
owens_valley_groundwater_authority_groundwater_sustainability_agency_owens_valley,Local_GSA
salt_creek,Natural_Feature
santa_cruz_mid_county_groundwater_agency_gsa,Local_GSA
sustainable_groundwater_management_act_data_viewer,Technical
turlock_model,Technical
byron_bethany_irrigation_district,District
consumer_confidence_report,Technical
franciscan,Nonsense
gonzales,City
groundwater_communication_portal,Data_System
kelsey_creek,Natural_Feature
lindsay,City
national_cooperative_soil_survey_geographic_database,Federal_Gov
north_fork_kings,Natural_Feature
pcbl,Company
santa_rosa_plain,Basin
solano_subbasin_groundwater_sustainability_plan,Technical
upper_valley_subbasin,Basin
appendix_g,Reference
facility,Nonsense
fcgma_board,Group
groundwater_sustainability_plan_annual_reports,Technical
metropolitan_water_district,District
moorpark,City
mpep,Nonsense
north_san_benito_basin,Basin
projected,Nonsense
san_francisco_estuary_institute,NGO
santa_ana_watershed_project_authority,Group
santa_barbara,County
soledad,City
affiliated_party,Nonsense
appendix_k,Reference
basin_management_objectives,Legal
data,Technical
department_of_health_services,State_Gov
dms,Nonsense
dos_palos,City
fresno_river,Natural_Feature
groundwater_assessment_report,Technical
ione_formation,Natural_Feature
mendocino_county,County
morongo_band_of_mission_indians,Group
reclamation_district,District
san_luis_valley,Geographic_Unit
soil_agricultural_groundwater_banking_index,Technical
templeton,City
tule_river_authority,Group
turner,Nonsense
van_duzen,Basin
alameda,County
buellton,City
calleguas_municipal_water_district,District
central_coast_water_authority,Group
city_of_camarillo,City
city_of_galt,City
eastside,District
groundwater_sustainability_agency_parties,Group
hamilton_city,City
kern_fan,Natural_Feature
lsce_team,Group
madera_water_district,District
mas,Nonsense
table_c3,Reference
city_of_fillmore,City
contra_costa_county,County
corning_subbasin_advisory_board,Group
department_of_agriculture,Federal_Gov
faye,Nonsense
laguna,Natural_Feature
los_alamos,City
madera_irrigation_district_groundwater_sustainability_agency,Local_GSA
marcus_trotta,Person
normalized_difference_vegetation_index,Technical
north_coast_regional_water_quality_control_board,Local_Gov
rain_managed_aquifer_recharge,Water_Project
south_fork,Natural_Feature
unsaturated_zone_flow,Natural_Feature
water_forum,Group
westlands_water_district_groundwater_sustainability_agency,Local_GSA
wy2070,Nonsense
city_of_lathrop,City
corcoran,City
groundwater_sustainability_agency_committee,Group
lemoore,City
north_yuba,Basin
ojai_basin_groundwater_model,Technical
sacramento_central_groundwater_authority,Other_GSA
water_resources_association,NGO
wc,Nonsense
bsk,Nonsense
commission,Group
exeter,City
kern_river_formation,Natural_Feature
nuclear_magnetic_resonance,Technical
sacramento_groundwater_authority,Other_GSA
sacramento_river,Natural_Feature
santa_barbara_formation,Natural_Feature
scada,Technical
searles_valley_minerals,Company
simi_valley,City
technical_support_services,Technical
tulare_county_general_plan,Technical
upper_and_lower_aquifers,Natural_Feature
warm_springs,City
brown,Nonsense
chronic_lowering_of_groundwater_levels,Reference
city_of_paso_robles,City
ferndale,City
folsom_south_canal,Infrastructure
horizon,Nonsense
lithologic,Technical
oak_glen,City
orland,City
ralph_m_brown_act,Legal
santa_margarita_sandstone,Natural_Feature
water_availability_analysis,Technical
agricultural,Nonsense
big_bear_lake_department_of_water_and_power,District
city_of_turlock,City
coalinga,City
folsom,City
groundwater_commission,Group
metzger,Nonsense
napa_county_data_management_system,Technical
oawd,District
pliocene,Natural_Feature
south_san_joaquin_irrigation_district,District
tipton,City
bcm,Nonsense
city_of_sacramento,City
et_al,Nonsense
flood_managed_aquifer_recharge,Water_Project
general_plans,Technical
grapevine_creek,Natural_Feature
groundwater_depended_ecosystems,Natural_Feature
maa,Nonsense
mbk,Company
nate,Person
navd88,Reference
san_bernardino,County
san_luis_obispo,County
ch2_m_hill,Company
city_of_tulare,City
henry_miller_water_district,District
modflow_nwt,Technical
niles_cone,Basin
pumping_trough_pipeline,Infrastructure
san_lorenzo,City
shandon,City
total_maximum_daily_load,Legal
trotta,Nonsense
water_resources_investigation,Technical
cal_am,Company
california_aqueduct,State_Gov
city_of_visalia,City
dibblee,Person
english_hills,Geographic_Unit
jerry_brown,Person
los_angeles_regional_water_quality_control_board,Group
public_utilities_commission,State_Gov
red_bluff,City
santa,Nonsense
santa_ana_regional_water_quality_control_board,Group
santa_rosa_creek,Natural_Feature
sustainable,Nonsense
water_advisory_committee,Group
community_water_center,NGO
el_rio,City
fcma,District
gcid,District
shasta_critical,Basin
vina_groundwater_sustainability_agency,Local_GSA
williamson_et_al,Reference
woodland,City
yolo_bypass,Infrastructure
alameda_county,County
basin_prioritization,Technical
buellton_upland,Geographic_Unit
butte_valley_wildlife_area,Geographic_Unit
central_valley_project_improvement_act,Legal
city_of_sonoma,City
colusa_county_water_district,District
freshwater_trust,NGO
groundwater_advisory_committee,Group
groundwater_sustainability_agency_model,Technical
metropolitan_bakersfield,Local_Gov
oakdale,City
oakdale_irrigation_district,District
rio_vista,City
san_luis_obispo_flood_control_and_water_conservation_district,District
seaside_subbasin,Basin
sespe_creek,Natural_Feature
turnbull_weir,Infrastructure
walnut_valley_water_district,District
big_bear_city_community_services_district,District
casitas_municipal_water_district,District
city_of_solvang,City
cma_groundwater_sustainability_agency,Other_GSA
coa,Nonsense
county_board_of_supervisors,Group
eastside_water_district,District
erp,Data_System
golden_state_water_company,Company
groundwater_management_zone,Geographic_Unit
group_1,Group
loch_lomond,Natural_Feature
modesto_irrigation_district,District
napa_county_resource_conservation_district,District
paso_robles_groundwater_basin,Basin
plumas_county,County
reedley,City
ridgecrest,City
rmse,Technical
san_gorgonio_pass_subbasin,Basin
santa_monica_basin,Basin
santa_paula_creek,Natural_Feature
triangle_t_water_district,District
appendix_f,Reference
corral_de_tierra,Geographic_Unit
eastern_management_area,Geographic_Unit
long_term_water_agreement,Group
menifee,City
monitoring_protocols,Technical
northeast_napa_management_area,Geographic_Unit
petaluma_valley_integrated_hydrologic_model,Technical
san_bernardino_valley_municipal_water_district,District
santa_clara_river_valley,Geographic_Unit
scotia,City
solano_irrigation_district_groundwater_sustainability_agency,Local_GSA
stakeholder_advisory_committee,Group
stockton,City
us_census_bureau,Federal_Gov
appendix_2ab,Reference
as_for_the_santa_rosa,Nonsense
associates,Nonsense
chair,Nonsense
cienega,Natural_Feature
nde,Nonsense
nebigsm,Nonsense
niles_cone_subbasin,Basin
okieville,Nonsense
pleasant_valley_pumping_depression_management_area,Geographic_Unit
regional_water_boards,Group
san_timoteo,Basin
ukiah_valley_groundwater_basin,Basin
us_environmental_protection_agency_guidance_on_systematic_planning_using_the_data_quality_objectives_process,Technical
c,Nonsense
calimesa,City
campbell,City
casitas_springs,Geographic_Unit
clay,City
cwc,State_Gov
desert_research_institute,NGO
etgsa,Other_GSA
gspwg,Group
home_gardens_county_water_district,District
kern_groundwater_authority_groundwater_sustainability_agency,Local_GSA
luhdorff,Company
marysville,City
mehrten,Nonsense
modoc_county,County
napa_state_hospital,Local_Gov
north_american_subbasin,Basin
oregon,State_Gov
pismo_formation,Natural_Feature
pleasant_valley_subbasin,Basin
resource_conservation_district_of_monterey_county,County
san_lorenzo_creek,Natural_Feature
san_timoteo_management_area,Geographic_Unit
study_unit,Geographic_Unit
west_stanislaus_irrigation_district,District
willows,City
alameda_creek,Natural_Feature
delta_mendota_subbasin_coordination_committee,Group
east_niles_community_services_district,District
groundwater_sustainability_plan_submittal,Reference
mab,Basin
placer_county,County
quality_assurance,Technical
rillito_creek,Natural_Feature
riverbank,City
san_diego_county,County
santa_rosa_plain_hydrologic_model,Technical
wash,Nonsense
west_san_jacinto,Basin
white_wolf,Natural_Feature
appendix_b,Reference
camarillo_hills,Geographic_Unit
chico_formation,Natural_Feature
del_puerto_water_district,District
governing_board,Group
hickman,City
lassen_county,County
mcdmgsa,Other_GSA
pixley_irrigation_district,District
robin_huffman,Person
salinas_valley_basin_groundwater_sustainability_agency_board,Group
san_gorgonio_pass_water_agency,Group
subbasin_committee,Group
sutter_subbasin_groundwater_management_coordination_committee,Group
university_of_california_davis,State_Gov
city_of_marina,City
city_of_san_diego,City
contra_costa_water_district,District
county_of_santa_barbara,County
dorris,City
el_toro_primary_aquifer_system,Natural_Feature
fugro,Company
indian_wells_valley_water_district,District
meiners_oaks_water_district,District
multi_agency,Group
todd,Person
tri_valley,Geographic_Unit
ukiah_valley_basin,Basin
university_of_california,State_Gov
vina,City
westside_subbasin_groundwater_model,Technical
wwtf,Nonsense
aerial_electromagnetic_method,Technical
aoi,Geographic_Unit
gei_consultants,Company
gpc,Nonsense
grassland_resource_conservation_district,District
honcut_creek,Natural_Feature
human_right_to_water,Legal
los,Nonsense
monterey_peninsula_water_resources_system,Infrastructure
north_san_benito,Geographic_Unit
northern_delta_groundwater_sustainability_agency,Other_GSA
prms,Technical
program,Nonsense
purisima,Basin
agricultural_association,Group
agricultural_water_management_plan,Technical
calleguas_mwd,District
columbia_canal_company,Company
groundwater,Natural_Feature
groundwater_quality_trend_monitoring_workplan,Technical
hsu,Nonsense
lathrop,City
mga_board,Group
modesto_formation,Natural_Feature
mukae,Nonsense
permanent_board,Group
putah,Natural_Feature
rd,Nonsense
relative_percent_difference,Technical
santa_felicia_dam,Infrastructure
sc,Nonsense
setting_representative_monitoring_site,Technical
stockton_east_water_district,District
tcc,Nonsense
technical_group,Group
thousand_acre_feet,Nonsense
tule_subbasin_water_management_database,Technical
us_census,Data_System
uwmps,Nonsense
active_model_area,Geographic_Unit
alpaugh,City
american_community_survey,Data_System
bz,Nonsense
cachuma_project,Water_Project
ceres,City
city_of_banning,City
city_of_fresno,City
continuing_calibration_verification,Technical
delano,City
el_nido,City
fox,Nonsense
groundwater_base_pumping_allocation_program,Legal
groundwater_sustainability_agency_representatives,Group
groundwater_sustainability_committee,Group
groundwater_sustainability_plan_group_representatives,Group
hanford,City
madera_water_district_groundwater_sustainability_agency,Local_GSA
n_a,Nonsense
north_san_joaquin_water_conservation_district,District
project_team,Group
quaternary_alluvium,Natural_Feature
scott,Nonsense
temescal_valley_water_district,District
turner_island_water_district,District
urban_water_management_plans,Technical
uwmp,Technical
water_years,Technical
affiliated_parties,Group
cag,Group
city_of_scotts_valley,City
colusa_drain,Infrastructure
customs_and_border_protection,Federal_Gov
diablo_water_district,District
ford,Nonsense
general_manager,Nonsense
gma,District
group_2,Group
jacobs,Company
luhdorff_scalmanini,Company
ms_as_shown_in_table,Reference
no3,Nonsense
perris,City
public_works,Local_Gov
sldmwa,Nonsense
solano_resource_conservation_district,District
spv_groundwater_sustainability_plan,Technical
toro_canyon_storage_unit,Infrastructure
tres_pinos,City
tule_subbasin_coordination_agreement,Group
water_boards,Group
abby_ostovar,Person
adin,City
agricultural_ma,Nonsense
bvihm,Nonsense
casmalia,City
cenozoic,Natural_Feature
city_of_petaluma,City
ecos,Nonsense
elk_grove,City
felton,City
fortuna,City
helley,Nonsense
igsm,Nonsense
kh,Nonsense
king_city,City
morales_formation,Natural_Feature
pala_subbasin,Basin
sam_magill,Person
santa_clarita_valley,Geographic_Unit
trc,Nonsense
wyandotte_creek,Natural_Feature
yucaipa_hills,Natural_Feature
agency_board,Group
bachman,Nonsense
ballona,Basin
clovis,City
creston,City
direct_potable_reuse,Water_Project
ekgsa,Other_GSA
fernbridge,District
groundwater_dependent_ecosystems,Natural_Feature
groundwater_sustainability_plan_plan,Technical
groundwater_sustainability_plan_working_group,Group
kingsburg,City
lebec_county_water_district,District
nsac,Nonsense
order_and_monitoring_and_reporting_program,Technical
pajaro_valley_water_management_agency,Group
physical_solution,Nonsense
residuum,District
riverbank_formation,Natural_Feature
santa_ynez_mountains,Natural_Feature
sustainable_groundwater_management_act_regulations,Legal
technical_advisory_group,Group
vic,Nonsense
younger_alluvium,Natural_Feature
adobe_creek,Natural_Feature
alternate,Nonsense
arroyo_seco_cone,Geographic_Unit
cabazon_storage_unit,Infrastructure
city_of_calimesa,City
coalitions,Group
colusa_subbasin_groundwater_sustainability_plan,Technical
cuyama_community_services_district,District
expert_panel,Group
lodi,City
monitoring,Technical
monterey_county_health_department,Group
nitrate_control_program,Group
north_yuba_subbasin,Basin
p_corp,Company
point_of_contact,Legal
san_pasqual_valley,Geographic_Unit
sustainability,Nonsense
sws,Nonsense
triangle_t_water_district_groundwater_sustainability_agency,Local_GSA
alliance,Group
benton,City
big_springs_creek,Natural_Feature
bill,Legal
city_of_bakersfield,City
colusa_groundwater_authority,Group
cooperative_committee,Group
d,Nonsense
elsinore_valley_subbasin,Basin
hemet_san_jacinto,District
hicham_eltal,Person
larry_walker_associates,Company
mound,Natural_Feature
nrcan,Federal_Gov
oettle_bridge,District
piru_basins_groundwater_sustainability_agency,Other_GSA
port_hueneme_water_agency,Group
redlands,City
rfp,Nonsense
rosalyn,Nonsense
solano_county_water_agency,Group
stream_maintenance_program,Group
subbasin_data_management_system_development,Technical
sustainable_groundwater_management,Legal
afy,Nonsense
annual_flow,Technical
aqua_geo_frameworks,Group
atascadero_mutual_water_company,Company
boron,City
california_water_service,State_Gov
chowchilla_water_district_groundwater_sustainability_agency,Local_GSA
city_of_stockton,City
farm_plan,Technical
groundwater_extraction_credit_marketing_and_trading_program,Group
ladwp,District
lr,Nonsense
mokelumne,Natural_Feature
monica_subbasin,Basin
napa_county_flood_control_and_water_conservation_district,District
natural_resource_conservation_service,Federal_Gov
natural_resources_agency,State_Gov
nc_dataset,Technical
pest,Nonsense
pts_min,Nonsense
san_benito,County
section,Reference
shallow_alluvium,Natural_Feature
subtask,Nonsense
tejon_mountain_village,Local_Gov
tracy_subbasin_groundwater_sustainability_plan,Technical
ug,Nonsense
water_quality_control_plans,Technical
water_reclamation_plant,Infrastructure
yuba,County
cantua_creek,City
central_valley_water_board,Group
city_of_arvin,City
city_of_los_angeles,City
city_of_red_bluff,City
city_of_thousand_oaks,City
climate_change,Nonsense
district_board_of_directors,Group
east_grove,Nonsense
eastside_bypass,District
first_point,Nonsense
group,Group
hollister_ma,Geographic_Unit
hopkins,Nonsense
indian_wells_valley_groundwater_authority_groundwater_sustainability_agency,Local_GSA
kings_rivers,Natural_Feature
loyalton,City
management_team_committee,Group
monterey_subbasin_groundwater_sustainability_plan,Technical
ojai_conglomerate,Natural_Feature
rmw_wl,Nonsense
simi_valley_water_quality_control_plant,Infrastructure
south_yuba_subbasins,Basin
strathmore,City
streamflow,Natural_Feature
surface_water_priority,Technical
tcca,Group
terrace_deposits,Natural_Feature
tribe,Group
upper_san_luis_rey_groundwater_model,Technical
wy2012,Nonsense
alternate_representative,Nonsense
bedford_management_area,Geographic_Unit
delhi,City
east_las_posas,Basin
facebook,Company
freeman_diversion,Infrastructure
fremont,City
gei,Nonsense
ghd,Company
groundwater_sustainability_plan_alternative,Legal
grunsky,Person
humboldt_county_resource_conservation_district,District
lassen,County
manteca,City
maples_management_area,Geographic_Unit
napa_county_board_of_supervisors,Group
napa_sanitation_district,District
new_cuyama,City
north_fork_matilija_creek,Natural_Feature
projects_and_climate_change,Reference
san_francisco,County
san_pasqual,City
south_sutter_water_district,District
southeast_management_area,Geographic_Unit
suisun,Geographic_Unit
sustainability_goal,Nonsense
water_commission,State_Gov
water_evaluation_and_planning,Technical
water_quality_control_plan,Technical
wheeler_ridge_maricopa_management_area,Geographic_Unit
ag_fields,Geographic_Unit
chico,City
city_of_brentwood,City
clarksburg,City
comprehensive_groundwater_quality_management_plan,Technical
continuously_operating_reference_stations,Technical
department_of_defense,Federal_Gov
fao,NGO
gs,Nonsense
gwl,Nonsense
hughson,City
indirect_potable_reuse,Water_Project
kj,Nonsense
lamont_public_utilities_district,District
national_park_service,Federal_Gov
planned_projects,Water_Project
reduction_without_projects_scenario_1,Technical
sacramento_valley_groundwater_basin,Basin
safe_drinking_water_information_system,Federal_Gov
santa_rosa_plain_subbasin,Basin
sebastopol,City
simi,Nonsense
stream_system,Natural_Feature
tcwa_groundwater_sustainability_agency,Other_GSA
tem,Nonsense
thomasson,Nonsense
upper_san_pedro_saugus_formation,Natural_Feature
water_district,District
water_quality_goals,Nonsense
water_resources_agency,Group
williams,City
wilson_grove_formation,Natural_Feature
aewsd,Nonsense
appendix_d,Reference
butte_water_district,District
chapter,Nonsense
city_of_ridgecrest,City
conn_creek,Natural_Feature
coordination_agreement,Group
elder_creek,Natural_Feature
foster_park_protocols,Nonsense
gebco,Data_System
groundwater_sustainability_agency_collaborative,Group
hanson,Company
hodges_reservoir,Infrastructure
hwg,Nonsense
indio_subbasin,Basin
kenneth_d_schmidt,District
kern_tulare_water_district,District
macdoel,City
mather,City
mc_groundwater_sustainability_agency,Other_GSA
merced_river,Natural_Feature
modesto_model,Technical
montezuma_hills,Geographic_Unit
oxnard_forebay,Natural_Feature
placer,County
rdr,Nonsense
safca,District
sierra,County
state_legislature,State_Gov
study_units,Geographic_Unit
town,Geographic_Unit
woodlake,City
agencies,Group
arsenic,Natural_Feature
basin_plan,Technical
bell,City
caldwell,Nonsense
city_of_los_banos,City
city_of_madera_groundwater_sustainability_agency,Local_GSA
city_of_san_joaquin,City
city_of_st_helena,City
clear_creek_community_services_district,District
county_of_santa_cruz,County
cuyama,City
deep_aquifers,Natural_Feature
ebp,Nonsense
environmental_science_associates,Company
esjgwa_board,Group
framework,Nonsense
huron,City
i5,Nonsense
ign,Nonsense
middle_fork,District
monterey_county_department_of_environmental_health,Local_Gov
nawqa_program,Federal_Gov
oakley,City
rural_communities_committee,Group
san_benito_county_water_district_groundwater_sustainability_agency,Local_GSA
san_bernardino_county,County
san_leandro_creek,Natural_Feature
sonoma_county_transportation_authority,Group
str,Nonsense
surface_water_distribution_model,Technical
svom,Nonsense
this_management_action,Nonsense
thomes_creek_water_district,District
tulelake_irrigation_district,District
university_of_california_cooperative_extension,State_Gov
uses,Nonsense
ventura_river,Natural_Feature
water_bank,Infrastructure
well,Infrastructure
whittaker_bermite,Person
woods_central_diversion,Infrastructure
workgroup,Group
adjustment_factors_year,Technical
bieber,City
bzme,Nonsense
city_of_mendota,City
city_of_ukiah,City
communications_working_group,Group
corral_de_tierra_management_area,Geographic_Unit
cotati,City
county_of_merced,County
county_of_napa,County
environmental_management_department,Group
glenn_groundwater_authority_groundwater_sustainability_agency,Local_GSA
hicham,Nonsense
initial_hydrogeologic_conceptual_model,Technical
interested_parties_database,Technical
kelseyville,City
llfz,Nonsense
local_government_commission,Group
lompoc_regional_wastewater_reclamation_plant,Infrastructure
madera_subbasins,Basin
modesto_subbasin_groundwater_sustainability_plan,Technical
montecito,City
newhall_land_and_farming,Company
olympia,Local_Gov
ood,Nonsense
pismo_creek,Natural_Feature
project_and_management_action,Nonsense
sacramento_valley_water_quality_coalition,Group
san_gorgonio_pass_watershed_model,Technical
san_joaquin_formation,Natural_Feature
soda_creek,Natural_Feature
sonoma_county_water_agency,Group
stetson,Nonsense
sunshine_ranch,Local_Gov
water_resources_manager,Person
wwd,District
zayante_creek,Natural_Feature
a_makes_the_same_assumptions_and_has_the_same_organizational_structure_as_the_projected_water_budget_in_the_greater_forebay,Nonsense
amador_county,County
area_under_future,Geographic_Unit
bolsa_ma,Nonsense
california_geological_survey,State_Gov
central_sacramento_county_groundwater_forum,Group
city_of_antioch,City
city_of_hayward,City
city_of_vacaville_groundwater_sustainability_agency,Local_GSA
cloverdale_creek,Natural_Feature
colusa_groundwater_authority_groundwater_sustainability_agency_colusa,Local_GSA
connected_linear_network,Technical
delta_mendota_subbasin_technical_working_group,Group
devecchio_et_al,Person
dunnigan_hills,Natural_Feature
east_porterville,City
el_rico_groundwater_sustainability_agency,Local_GSA
las_posas_valley_basin,Basin
leapfrog,Nonsense
linear_fit,Technical
los_angeles_county_department_of_public_works,Local_Gov
lower_pressure,Nonsense
nevada,County
orange_county_water_district,District
paso_robles_formation_and_careaga_sand,Natural_Feature
pauma_subbasin,Basin
piru_basin,Basin
provost_pritchard_consulting_group,Group
rancho_guejito,District
rec,Nonsense
regional_offices,Group
riverstone,Nonsense
sac,Nonsense
salinas_valley_aquitard,Natural_Feature
san_jerardo_cooperative,NGO
smgwa_board,Group
tac,Group
tehama_county_subbasins,Basin
this_best_management_practice,Nonsense
tuff,Nonsense
valley_springs_formation,Natural_Feature
well_completion_reports,Technical
west_fork,Natural_Feature
acre_foot,Nonsense
antioch,City
appendix_6b,Reference
arvin,City
bound_party,Nonsense
burton_mesa,Natural_Feature
cabazon,City
california_native_american,State_Gov
castroville,City
central_san_joaquin_water_conservation_district,District
city_of_calistoga,City
city_of_corona,City
county_of_merced_groundwater_sustainability_agency_delta_mendota,Local_GSA
daniel_b_stephens_associates,Company
farmersville,City
firebaugh,City
garrett,Nonsense
gmp,Technical
gutierrez,Person
gw_sw,Nonsense
hernandez,Nonsense
hydrometrics,Company
ipr,Nonsense
isherwood,Nonsense
itrc,NGO
ivanhoe,City
laguna_creek,Natural_Feature
lakeside_irrigation_water_district,District
lamont,City
mtbe,Nonsense
niles_cone_subbasins,Basin
pillsbury,Company
plate_boundary_observatory,Technical
purisima_a,Basin
roseville,City
sacramento_rivers,Natural_Feature
san,Nonsense
san_joaquin_rivers,Natural_Feature
san_pablo,City
shasta_non_critical,Basin
sscwd,District
stantec,Company
thomes,Natural_Feature
towill,Company
tri_valley_management_area,Geographic_Unit
tu,Nonsense
ug_l_nd,Nonsense
urban_zone,Geographic_Unit
ventura_county_watershed,Basin
water_quality,Technical
westlands_groundwater_sustainability_agency,Other_GSA
yreka,City
agr,Nonsense
beneficial_uses_and_users_of_groundwater,Reference
california_department_of_transportation,State_Gov
city_of_san_juan_bautista,City
clay_cap,Natural_Feature
coordination_group,Group
county_of_san_luis_obispo,County
deid,District
east_oxnard_plain_management_area,Geographic_Unit
ewrims,Nonsense
executive_group,Group
gsa_core_team,Group
ione,City
keith_helmuth,Person
los_angeles_basin,Basin
mira_monte,City
modoc,County
national_pollutant_discharge_elimination_system,Federal_Gov
natomas_cross_canal,Infrastructure
pioneer_project,Water_Project
piru_fillmore,Geographic_Unit
pomo_indians,Group
poso_creek,Natural_Feature
recharge_package,Technical
red_bluff_subbasins,Basin
reduction_of_groundwater_storage,Technical
rio_dell,City
san_luis_obispo_county_flood_control_and_water_conservation_district,District
sandra_carlson,Person
scott_and_shasta_watermaster_district,District
soma,Nonsense
south_east_bay_plain,Geographic_Unit
sutter_subbasin_groundwater_sustainability_plan,Technical
swp,Water_Project
tehama_county_flood_control_and_water_conservation_district_board_of_directors,Group
tejon_ranch_company,Company
town_of_yountville,Local_Gov
watersheds_coalition,Group
wheeler,Nonsense
white_wolf_groundwater_flow_model,Technical
wq,Nonsense
yuba_city,City
a_technical_advisory_committee,Group
albany,City
andrew_garcia,Person
appendix_j,Reference
atwater,City
boards_of_directors,Group
cabazon_storage_units,Infrastructure
climate_change_technical_advisory_group,Group
cordua_irrigation_district,District
core_group,Group
county_of_san_diego,County
county_water_agency,Group
csd,District
culver_city,City
del_valle,Geographic_Unit
denair,City
emeryville,City
exchange_contractors,Group
franciscan_complex,Natural_Feature
groundwater_dependent_ecosystem_evaluation_unit,Geographic_Unit
group_contact,Legal
gwts,Technical
hopper_creek,Natural_Feature
insects,Nonsense
inyo,County
kettleman_hills,Natural_Feature
kings_counties,Geographic_Unit
lebec,City
livingston,City
madera_city_council,Group
marsh_creek,Natural_Feature
meti,Nonsense
millerton,City
monterey_subbasin_model,Technical
mount_hebron,City
mw16,Nonsense
naval_air_station_lemoore,Infrastructure
non_delta_management_area,Geographic_Unit
oak_ridge,District
online_system_for_well_completion_reports,Technical
petaluma,City
public_outreach_and_engagement_plan,Technical
revolon_slough,Natural_Feature
santa_barbara_canyon_fault,Natural_Feature
santa_ynez_river_valley_groundwater_basin,Basin
santa_ysabel_creek,Natural_Feature
solano_groundwater_sustainability_agency,Other_GSA
statewide_groundwater_elevation_monitoring_program,Technical
steering_committee,Group
sutter_extension_water_district,District
trading_program,Legal
tvgmd,District
upper_and_lower,Nonsense
upper_and_lower_aquifer,Natural_Feature
upper_temescal_valley,Geographic_Unit
upper_ventura_river_groundwater_basin,Basin
water_authority,Group
advisory_panel,Group
agricultural_representation,Group
agricultural_water_management_plans,Technical
ahtna,Group
applied,Nonsense
aquifer_production_has_been_relatively_steady_over_the_four_decades_presented_in_figure,Reference
attachment_a,Reference
blake_et_al,Reference
board_and_advisory_committee,Group
cachuma_reservoir,Infrastructure
cachuma_resource_conservation_district,District
calistoga,City
central_delta,Geographic_Unit
china_lake,Natural_Feature
city_of_dixon,City
county_of_kern,County
dakota,Nonsense
dinuba,City
each_groundwater_sustainability_agency_party,Group
east_side,District
enterprise_anderson_groundwater_sustainability_agency_board,Group
foster_park_aquatic_habitat_area,Geographic_Unit
galt,City
galt_irrigation_district_groundwater_sustainability_agency,Local_GSA
ghb,Nonsense
great_program,Nonsense
gsa_board,Group
gspd,Nonsense
guejito,Nonsense
hollister_west,Basin
huichica_formation,Natural_Feature
inc,Nonsense
indian_wells_valley_groundwater_authority_board,Group
interconnected_surface_water_sustainable_management_criteria,Legal
kern_county_subbasin_groundwater,Basin
lacsd,District
larsen,Nonsense
mendota_water_authority,Group
metropolitan,Nonsense
mount_hermon_association,Group
native_american_heritage_commission,State_Gov
noi,Nonsense
oakville,City
packwood_creek,Natural_Feature
permit_sonoma,Local_Gov
pleasant_valley_county_water_district,District
public_agency,Group
reservoir_operations_advisory_committee,Group
san_juan_bautista,City
san_luis,Basin
san_luis_delta,Natural_Feature
san_pasqual_basin,Basin
smcl,Nonsense
south_american_subbasin,Basin
surface_water_advisory_group,Group
ust,Nonsense
van_duzen_river,Natural_Feature
well_completion_report,Technical
western_heights_management_area,Geographic_Unit
woodville,City
wra,Group
wy1922,Nonsense
aerojet,Company
agricultural_order,Legal
alameda_formation,Natural_Feature
arvin_edison,Local_Gov
boards,Group
boulder_creek,City
boyle,Nonsense
byron,City
calaveras_county,County
california_government_code,State_Gov
casitas,District
chris_lee,Person
city_of_redlands,City
city_of_yucaipa,City
coastal_branch,Local_Gov
corning_subbasins,Basin
corning_water_district,District
drinking_water_source_assessment_and_protection_program,Legal
elsinore_valley_municipal_water_district,District
esri_china,Company
esri_japan,Company
fpbgsa_board_of_directors,Group
gilroy_hollister_basin,Basin
glenn_counties,Local_Gov
implementation_of_potential_projects,Water_Project
kadaster_nl,Company
kennedy,City
kern_river_groundwater_sustainability_agency_plan_managers,Group
kit_novick,Person
llagas_subbasin,Basin
loleta,City
los_banos_creek,Natural_Feature
luhdorff_scalmanini_consulting_engineers,Company
martin,Nonsense
mcmullin_groundwater_sustainability_agency,Other_GSA
monitoring_networks_and_identification_of_data_gaps,Technical
moorpark_anticline,Natural_Feature
oxnard_subbasin_groundwater_sustainability_plan,Technical
pacheco,City
pasatiempo,City
plainview,City
reclamation,Federal_Gov
reclamation_district_no_2111_groundwater_sustainability_agency,Local_GSA
reclamation_district_no_317_groundwater_sustainability_agency,Local_GSA
reclamation_district_no_349_groundwater_sustainability_agency,Local_GSA
reclamation_district_no_3_groundwater_sustainability_agency,Local_GSA
reclamation_district_no_501_groundwater_sustainability_agency_northern_delta_groundwater_sustainability_agency,Local_GSA
reclamation_district_no_554_groundwater_sustainability_agency,Local_GSA
reclamation_district_no_556_groundwater_sustainability_agency,Local_GSA
sacramento_county_groundwater_sustainability_agency_solano,Local_GSA
salt_river,Natural_Feature
shasta_valley_resource_conservation_district,District
singleton,Nonsense
southern_ma,Geographic_Unit
spv_gsa,Other_GSA
standards_and_guiding_principles,District
syemahm,Nonsense
tcwd_groundwater_sustainability_agency,Other_GSA
tier_1,Nonsense
tule,Natural_Feature
watsonville,City
wildcat_group,Group
wmw,Nonsense
yolo_subbasin_groundwater_sustainability_plan,Technical
zamora,Local_Gov
administration_office,Nonsense
amador,County
amador_county_groundwater_management_authority_groundwater_sustainability_agency,Local_GSA
antelope,City
basin_optimization_scenarios,Technical
basin_setting_report,Technical
california_american_water,State_Gov
camarillo_sanitary_district,District
city_of_corning,City
city_of_galt_groundwater_sustainability_agency,Local_GSA
city_of_san_buenaventura,City
city_of_san_luis_obispo,City
clay_water_district_groundwater_sustainability_agency,Local_GSA
cuddy_creek,Natural_Feature
del_valle_groundwater_dependent_ecosystem_unit,Geographic_Unit
et0,Nonsense
farm_bureau,NGO
fivepoint,Company
fowler,City
fresno_county_environmental_health_division,Local_Gov
gilroy_hollister,Basin
graymer,Person
groundwater_conditions,Technical
groundwater_sustainability_plan_implementation,Legal
groundwater_vistas,Data_System
hollister_urban_area,Geographic_Unit
holocene,Natural_Feature
kaweah_basin_water_quality_association,Group
kerman,City
klamath,City
lsid,District
maine_prairie_water_district,District
marina_coast_water_district_groundwater_sustainability_agency,Other_GSA
mono_county,County
monterey_subbasins,Basin
mrdl,Nonsense
national_recommended_water_quality_criteria,Legal
ndvi,Technical
north_management_area,Geographic_Unit
north_yolo,District
omochumne_hartnell_water_district_groundwater_sustainability_agency_cosumnes,Local_GSA
public_health_goal,Nonsense
riverside_county_flood_control_and_water_conservation_district,District
sacramento_county_groundwater_sustainability_agency_cosumnes,Local_GSA
salinas_valley_groundwater_basin,Basin
san_joaquin_river_exchange_contractors_groundwater_sustainability_plan,Technical
santa_maria_creek,Natural_Feature
santa_rita_upland,Geographic_Unit
sloughhouse_resource_conservation_district_groundwater_sustainability_agency_cosumnes,Local_GSA
south_yuba,Basin
stanford_university,NGO
swk_groundwater_sustainability_agency,Other_GSA
technical_work_group,Group
tejon_ranch_commerce_center,Infrastructure
thermalito_afterbay,Infrastructure
tm,Nonsense
warm_springs_ma,Local_Gov
will_halligan,Person
yates,Nonsense
yuba_river,Natural_Feature
aaron,Person
applied_to,Nonsense
arbuckle,City
atascadero_subbasin,Basin
banning_storage_unit,Infrastructure
bedford_coldwater_model,Technical
bella_vista_water_district,District
berenbrock,Person
berenda_creek,Natural_Feature
beta2,Nonsense
beverly_hills,City
bright_et_al,Person
california_superior_court,State_Gov
california_water_code_section,State_Gov
carriger_creek,Natural_Feature
cbwm,District
city_of_bishop,City
city_of_dos_palos,City
city_of_lodi,City
city_of_roseville,City
city_of_santa_barbara,City
city_of_seaside,City
coastal_commission,State_Gov
communication_and_public_engagement,Group
cooperative_group,Group
cosana,Group
curran,Nonsense
david_cook,District
del_rey_community_services_district,District
department_of_toxic_substance_control,State_Gov
developed_for_implementation,Nonsense
east_subbasin,Basin
el_paso_creek,Natural_Feature
environmental_health_division,Local_Gov
grant_administration,Group
grapevine_canyon,Natural_Feature
groundwater_management_act,Legal
groundwater_sustainability_agency_executive_committee,Group
hyperion,Nonsense
laboratory,Technical
lak,Nonsense
los_gatos_creek,Natural_Feature
meiners_oaks,City
merced_irrigation_urban_groundwater_sustainability_agency,Local_GSA
mission_hills_community_services_district,District
mkr_groundwater_sustainability_agency,Other_GSA
napa_sonoma,Geographic_Unit
no_climate_change,Nonsense
numerical_model,Technical
o_laboratory,Nonsense
opv,Nonsense
pauma,Geographic_Unit
pixid,District
public_land_survey_system,Federal_Gov
public_trust_doctrine,Legal
purisima_f,Natural_Feature
quality_assurance_qc,Technical
r_field,Nonsense
regional_water_quality_control_boards,Group
resource_conservation_district,District
rhna,Nonsense
riverdale,City
sacramento_county_groundwater_sustainability_agency,Other_GSA
safe_drinking_water_act,Legal
salt_nutrient_management_plan,Technical
san_miguel_community_services_district,District
san_timoteo_formation,Natural_Feature
santa_paula_basin,Basin
santa_ysabel,Geographic_Unit
shay_pond,Natural_Feature
situation_assessment,Technical
solano_agricultural_scenario_planning_system,Data_System
stanislaus_and_tuolumne_rivers_groundwater_basin_association,Local_GSA
state_water_resources_control_board_division_of_drinking_water,State_Gov
sub,Nonsense
surface_water_service_area,Geographic_Unit
sustainable_groundwater_management_grant_program,State_Gov
sw,Nonsense
technical_committee,Group
tehama_county_general_plan,Technical
temescal_subbasin,Basin
tier_2_dischargers,Group
turner_1975,Reference
vern_freeman_diversion,Infrastructure
voice_of_america,Federal_Gov
walnut_grove,City
water_agency,Group
woodard,Nonsense
zanja_de_cota_creek,Natural_Feature
apn,Technical
appendix_l2,Reference
aquitard,Natural_Feature
aquitards,Natural_Feature
arroyo_santa_rosa_basin_groundwater_sustainability_agency,Local_GSA
arroyo_santa_rosa_valley_basin,Basin
arvin_community_services_district,District
association,Group
bartow,Local_Gov
basin_operating_plan,Technical
beale_air_force_base,Infrastructure
beltz,Nonsense
bend_subbasin,Basin
buchanan_dam,Infrastructure
butte_county_department_of_water_and_resource_conservation,Local_Gov
camanche_village,City
carneros_subareas,Geographic_Unit
castroville_seawater_intrusion_project,Water_Project
centers_for_disease_control,Federal_Gov
central_valley_project_supply,Water_Project
central_water_district,District
chris,Nonsense
city_of_dos_palos_groundwater_sustainability_agency,Local_GSA
city_of_merced,City
communication_engagement_plan,Technical
cottonwood,City
crop_root_zone_water_model,Technical
cuyama_basin_groundwater_sustainability_agency_board,Group
department_of_finance,State_Gov
district_board_and_groundwater_commission,Group
doi,Nonsense
el_porvenir,Geographic_Unit
escondido,City
federal_standards,Legal
fresno_metropolitan_flood_control_district,District
glen_ellen,City
groundwater_resources_advisory_committee,Group
groundwater_sustainability_plan_technical_team,Technical
guejito_creek,Natural_Feature
hantush,Person
hughes,Nonsense
initial_calibration_verification,Technical
integrated_risk_information_system,Technical
interested_party_database,Technical
interim_milestones,Reference
joseph,Nonsense
kern_water_bank,Water_Project
kkkk,Nonsense
laboratory_internal_management_systems,Technical
lake_deposits,Natural_Feature
memorandum_of_understanding,Legal
merced_national_wildlife_refuge,Natural_Feature
monterey_county_water_resources_agency_board_of_directors,Group
moorpark_wastewater_treatment_plant,Infrastructure
mwdsc,District
national_oceanic_and_atmospheric_administration_fisheries,Federal_Gov
onewater,NGO
parlier,City
paso_robles_basin,Basin
patterson_irrigation_district,District
pfoa,Nonsense
pine_flat_reservoir,Infrastructure
provost_pritchard,Company
purisima_bc,Basin
ranch,Nonsense
salinas_river,Natural_Feature
salinas_valley_integrated_hydrologic_model,Technical
san_luis_rey_river,Natural_Feature
san_pablo_creek,Natural_Feature
santa_maria,City
sdac_communities,Group
stormwater,Natural_Feature
templeton_community_services_district,District
tnc,NGO
tuolumne_river,Natural_Feature
units,Nonsense
upper_aquifer,Natural_Feature
wcr,District
western_heights_water_company,Company
yuima_municipal_water_district,District
a_groundwater_sustainability_agency_party,Group
aliso,Nonsense
allensworth,City
ash_creek,Natural_Feature
beller_et_al,Reference
berenda_slough,Natural_Feature
c2vsimfg_beta2,Technical
california_elevation_monitoring,State_Gov
california_public_records_act,State_Gov
california_water_service_company,State_Gov
capitola,City
cardwell,Nonsense
castaic_lake_water_agency,Group
city_of_gustine_groundwater_sustainability_agency,Local_GSA
collaborative_work_group,Group
community_of_buttonwillow,Geographic_Unit
comprehensive_groundwater_monitoring_program,Technical
costa_county,County
cosumnes_river,Natural_Feature
county_of_siskiyou,County
crafton,Local_Gov
creek,Natural_Feature
eastern,Nonsense
edison,City
federal_energy_regulatory_commission,Federal_Gov
groundwater_dependent_ecosystem_evaluation_units,Geographic_Unit
groundwater_management_activities,Nonsense
groundwater_modeling_system,Technical
hemet_north,District
horizontal_flow_barrier,Infrastructure
integrated_implementation_committee,Group
ivanhoe_irrigation_district,District
kjn_nitrite,Technical
lakewood_formation,Natural_Feature
landowner,Nonsense
larry_walker_associates_team,Group
marb,Nonsense
napa_subarea,Geographic_Unit
national_hydrography_dataset,Technical
older_alluvium,Natural_Feature
pioneer_water_company,Company
precipitation_elevation_regressions_on_independent_slopes_model_climate_group,Group
raftelis,Company
rancho_cordova,City
rd_2068,District
san_jerardo,Geographic_Unit
san_juan_creek,Natural_Feature
santa_ana_area,Geographic_Unit
santa_clara_valley,Geographic_Unit
santa_margarita_groundwater_agency_gsa,Local_GSA
slade,Nonsense
soil_agricultural_groundwater_banking,Technical
south_yuba_subbasin,Basin
ss,Nonsense
stone_corral_irrigation_district,District
surface_water_ambient_monitoring_program,Technical
sustainable_groundwater_management_act_data_portal,Technical
sustainable_groundwater_management_act_portal,Data_System
technical_peer_review_group,Group
tehachapi,City
underground_source_of_drinking_water,Natural_Feature
upper_aquifer_system_lower_aquifer_system,Natural_Feature
urban,Geographic_Unit
uwwtp,Infrastructure
varian_ranch_mutual_water_company,District
west_hills,Geographic_Unit
white_river,Natural_Feature
woodbridge_irrigation_district,District
woodring,Nonsense
wri,NGO
0_180_flow_direction,Technical
anderson_cottonwood_irrigation_district,District
andy_rich,Person
appendix_h,Reference
aptos_creek,Natural_Feature
aqueduct,Infrastructure
arcata,City
ash_slough,Natural_Feature
banta_carbona_irrigation_district_groundwater_sustainability_agency,Local_GSA
bedford_coldwater_basin,Basin
bethel_island,City
bradbury_dam,Infrastructure
c2vsimfg_kern_historical_simulation_table_11b_current_groundwater_budget,Reference
california_constitution,State_Gov
carbon_tetrachloride,District
careaga_sand,Natural_Feature
central_valley_project_contractors,Group
cienega_groundwater_dependent_ecosystem,Natural_Feature
city_of_waterford,City
confluence_aquatic_habitat_area,Geographic_Unit
dale,Nonsense
data_management_plan,Technical
dispute,Nonsense
dye_creek,Natural_Feature
environmental_health_services,Local_Gov
european_space_agency,Group
fairfield,City
farm_process,Nonsense
federal_reserve_water_rights,Legal
glen_ellen_formation,Natural_Feature
greater_kaweah,Basin
groundwater_management_fee,Legal
groundwater_quality,Technical
groundwater_storage,Natural_Feature
groundwater_sustainability_agency_alternate_representative,Person
gustine,City
hemet_south,Basin
humboldt_county_board_of_supervisors,Group
humboldt_county_department_of_public_works,Local_Gov
kaweah_sub_basin,Basin
kearns_west,Company
kern_county_revision,Reference
kern_fan_monitoring_committee,Group
knight,Nonsense
laguna_vineyard,Nonsense
lake_success,Natural_Feature
list,Nonsense
lompico_sandstone,Natural_Feature
lompoc_upland,Geographic_Unit
lower_putah_creek,Natural_Feature
madera_county_general_plan,Technical
mapes_ranch,Nonsense
mokelumne_river,Natural_Feature
monitored,Technical
n_dissolved,Nonsense
newell_creek,Natural_Feature
newhall_water_division,District
niles,Local_Gov
north_bench,Geographic_Unit
north_cell,Geographic_Unit
om,Nonsense
ormond_beach,Geographic_Unit
pdf,Nonsense
pico_formation,Natural_Feature
piru_basins,Basin
ramboll,Company
rinconada_fault,Natural_Feature
russian_river_flood_control,District
rwm_stakeholder_advisory_group,Group
sacramento_water_forum,Group
san_emigdio,Basin
san_luis_obispo_valley_groundwater_basin,Basin
san_pasqual_valley_groundwater_basin,Basin
scalmanini_engineering,Company
somis,City
soquel,City
southern_division,District
springville,City
standing_committee,Group
steffens,Person
tehama_county_resource_conservation_district,District
toxicity_identification_evaluations,District
tuolumne_groundwater_sustainability_agency,Other_GSA
tx,Geographic_Unit
upper_ventura_river_basin,Basin
us_geological_survey,Federal_Gov
water_level_elevation,Nonsense
water_quality_coordination_group,Group
water_resources_information_database,Technical
willow_slough,Natural_Feature
wyandotte_creek_groundwater_sustainability_agency_board,Group
advisory_board,Group
ag_res,Nonsense
agricultural_stakeholder,Group
alameda_island,Geographic_Unit
angwin,City
arcadia,City
arlington,Local_Gov
assembly,Group
assembly_bill_3030,Legal
b,Nonsense
bcid,District
california_environmental_protection_agency,State_Gov
city_of_chico,City
city_of_marysville,City
city_of_perris,City
city_of_simi_valley,City
cloverdale_canyon,Natural_Feature
community_plans,Technical
coordination_committee_and_plan_manager,Group
corcoran_irrigation_district,District
county_of,Nonsense
county_of_madera_groundwater_sustainability_agency_madera,Local_GSA
desert_water_agency,Group
eastern_san_joaquin_water_resources_model,Technical
elsinore_ma,Local_Gov
for,Nonsense
fox_canyon_groundwater_management_agency_board_of_directors,Group
franciscan_formation,Natural_Feature
general_plan,Technical
glenn_colusa_irrigation_district,District
hanson_et_al,Reference
hayward_groundwater_sustainability_agency,Other_GSA
hemet_san_jacinto_management_area,Geographic_Unit
human_right_to_water_and_the_public_trust_doctrine,Legal
irrigation_training_and_research_center_metric,Technical
john_ayres,Person
klamath_project,Water_Project
ktwd,District
la_sierra,Geographic_Unit
lithologic_data,Technical
lost_river_improved_channel,Infrastructure
lower_aquifer,Natural_Feature
matti,Person
mcwra_board,Group
method_detection_limit,Technical
millville_subbasin,Basin
miocene,Nonsense
modflow_owhm,Technical
morales,Nonsense
moreland,Nonsense
mw98b,Nonsense
napa_valley_subbasin_groundwater_sustainability_plan,Technical
nawqa,Federal_Gov
newman,City
newsom,Person
north_fork_kings_groundwater_sustainability_agency_board,Group
office_of_environmental_health_hazard_assessment,State_Gov
owhm,Technical
pacific_gas_and_electric,Local_Gov
pajaro_valley_subbasin,Basin
plumas,County
potential_projects,Water_Project
pre_tertiary,Geographic_Unit
projects,Water_Project
raisin_city,City
rcc,Group
regional_water_board,Group
rohnert_park,City
root_creek_water_district,District
sacramento_regional_county_contract_with_the_federal_government_under_reclamation_sanitation_district,District
san_francisco_bay_regional_water_quality_control_board,Group
san_joaquin_river_restoration_project,Water_Project
san_joaquin_valley_groundwater_basin,Basin
san_miguel,City
sarah_hardgrave,Person
scv,District
solano_groundwater_sustainability_plan,Technical
sonoma_valley_groundwater_sustainability_agency_board,Group
south_fork_kings_groundwater_sustainability_agency,Local_GSA
state_department_of_water_resources,State_Gov
state_mining_and_geology_board,State_Gov
state_university,State_Gov
stenner_creek,Natural_Feature
strategy_implementation_strategy,Technical
subbasin_groundwater_sustainability_plan,Technical
surface,Nonsense
sutherland,Nonsense
taw,Nonsense
thiessen,Nonsense
thomasson_1951,Reference
town_of_windsor,Local_Gov
tuolumne_county,County
tuscan_formations,Natural_Feature
ulatis_creek,Natural_Feature
updated,Nonsense
vina_groundwater_sustainability_agency_board,Group
water_quality_improvement_plan,Technical
west_sacramento,City
white_wolf_fault,Natural_Feature
williamson,Nonsense
york_creek,Natural_Feature
a,Nonsense
agmar,Nonsense
allendale,City
andre_monette,Person
appendix_i,Reference
arundell_barranca,Natural_Feature
ballona_creek,Natural_Feature
bc,Nonsense
bear_creek,City
bedford_coldwater_subbasin,Basin
below_narrows_account,Nonsense
ben_lomond,City
birch_creek,Natural_Feature
budget,Nonsense
burow_et_al,Reference
burt,Nonsense
calam,Basin
california_rice_commission,State_Gov
casa_loma_fault,Natural_Feature
central_kings_groundwater_sustainably_agency,Group
chowchilla_subbasin_groundwater_sustainability_plan,Technical
city_of_berkeley,City
city_of_ione,City
clemmens,Nonsense
community_service_district,District
congress,Federal_Gov
county_of_fresno_groundwater_sustainability_agency_delta_mendota_management_area_a,Local_GSA
county_of_fresno_groundwater_sustainability_agency_delta_mendota_management_area_b,Local_GSA
davis_et_al,Reference
del_oro_water_company,Company
department_of_water_resources_natural_communities_commonly_associated_with_groundwater,Natural_Feature
distributed_parameter_watershed_model,Technical
division_6_of_the_water_code,Legal
enterprise_anderson_groundwater_sustainability_agency_management_committee,Group
environmental_services_department,Group
esa,NGO
forebay_groundwater_sustainability_plan,Technical
fort_ord_reuse_authority,Group
fpbgsa_board,Group
frank_konyn,Person
freeport,City
gc,Nonsense
gridley,City
groundwater_sustainability_agency_board_and_advisory_committee,Group
groundwater_sustainability_plan_coordination_committee,Group
gsflow,Technical
gws_water_budget,Technical
hernandez_reservoir,Infrastructure
hydesville,City
hydrogeological_conceptual_model,Technical
integrated_ground_and_surface_water_model,Technical
interested_parties,Group
izbicki,Person
james,Person
jpa_board,Group
kennedy_jenks,Company
kenneth_d_schmidt_and_associates,District
klausmeyer_et_al,Reference
krista_mutual_water_company,Company
lake_county_board_of_supervisors,Group
los_osos_valley_road,Nonsense
lpccc,Group
management_area_plans,Technical
matilija_dam,Infrastructure
milliken_creek,Natural_Feature
millview_county_water_district,District
montague,City
moreno_valley,City
national_land_cover_database,Technical
nuevo_water_company,Company
olmsted,Infrastructure
owens_valley_management_area,Geographic_Unit
pala_subbasins,Basin
pauloo_et_al,Reference
permittee,Nonsense
purisima_aa,Basin
purisima_hills,Geographic_Unit
pvgsa,Local_GSA
qoa,Nonsense
qya,Nonsense
reduction_without_projects_scenario,Technical
representative_monitoring_points,Technical
representative_monitoring_well,Technical
ripon,City
rock_creek_reclamation_district_groundwater_sustainability_agency,Local_GSA
root_mean_square_error,Technical
sacramento_county_water_agency,Group
santa_monica_urban_runoff_recycling_facility,Infrastructure
santa_paula_c,Local_Gov
santa_ynez_valley,Geographic_Unit
seaside_model,Technical
shrubland_groundwater_dependent_ecosystem_unit,Natural_Feature
sierra_vista_mutual_water_company,Company
slofcwcd,District
slr,Nonsense
south_fork_kings,Natural_Feature
srcd,District
ssss,Nonsense
state_lands_commission,State_Gov
sutter_bypass,Infrastructure
thomas,Person
tulare_lake_subbasin,Basin
turner_island_water_district_groundwater_sustainability_agency_merced,Local_GSA
united_water,Company
water_budget_best_management_practice,Technical
weaver,Nonsense
white_wolf_subbasin,Basin
wood,Nonsense
yolo_subbasins,Basin
yucaipa_sustainable_groundwater_management_act,Legal
ag_package,Technical
arroyo_santa_rosa,Natural_Feature
bakman,Nonsense
basal_tehama,Basin
baseline,Technical
basin_optimization_scenario,Technical
biddle_ranch_road,District
big_ag,Nonsense
big_springs,Natural_Feature
board_meetings,Group
buckeye_creek,Natural_Feature
buena_vista,City
buena_vista_coalition,Group
buttonwillow_service_area,Geographic_Unit
cal_adapt,Data_System
california_department_of_water,State_Gov
california_polytechnic_state_university,City
camp_fire,Nonsense
central_valley_groundwater_monitoring_collaborative,Technical
city_of_firebaugh_groundwater_sustainability_agency,Local_GSA
city_of_manteca,City
city_of_mendota_groundwater_sustainability_agency,Local_GSA
cleanup_program,Group
coordinated_plan_expenses,Technical
county_of_los_angeles,County
county_of_mendocino,County
cromwell,Nonsense
davis_ranches,Local_Gov
dbsa,Nonsense
department_of_water_resources_county,County
dune_sand_aquifer,Natural_Feature
east_kaweah,Basin
edna,City
elmira,City
focused_technical_review,Technical
formation_environmental,Company
friant_kern,Basin
friant_unit,Basin
fugro_consultants,Company
gar,Nonsense
groundwater_extraction_credit_marketing,Group
groundwater_planning_commission,Group
groundwater_quality_trend_monitoring_work_plan,Technical
groundwater_sustainability,Technical
harmon_barranca,Natural_Feature
heidi,District
hemet,City
i,Nonsense
inductively_coupled_plasma,Technical
interior,Federal_Gov
kennedy_jenks_consultants,Company
lessalt,Nonsense
liberty_project,Water_Project
list_of_interested_parties,Group
livermore_ranch,Geographic_Unit
ma_plan,Technical
mendota_pool_group,Group
mid_kaweah,District
mission_hills,City
morrison_creek,Natural_Feature
mullin_area_groundwater_sustainability_agency_board,Group
n,Nonsense
north_san_benito_groundwater_basin,Basin
olympic_wellfield,Infrastructure
paso_robles_area_subbasin,Basin
patrick_lei,Person
peter_quinlan,Person
please,Nonsense
precipitation_runoff_modeling_software,Technical
pumpage,Technical
pws,Nonsense
q_copy,Nonsense
quality_assurance_project_plan,Technical
rancho,Nonsense
right_bank_far,Infrastructure
root_zone_model,Technical
s_associated,Nonsense
san_francisco_public_utilities_commission,Group
san_juan_ma,Local_Gov
san_luis_obispo_valley_basin,Basin
santa_clara_formation,Natural_Feature
scwa,District
sierra_nevada_mountains,Natural_Feature
siskiyou_county_lu,Local_Gov
slo_district,District
sonoma_ecology_center,NGO
sonoma_volcanics,Natural_Feature
southern_california_edison,State_Gov
spadra_basin,Basin
sqcwd,District
stakeholder_advisory_group,Group
stakeholder_engagement_plan,Technical
stanislaus_river,Natural_Feature
stewart_tract_groundwater_sustainability_agency,Local_GSA
surface_water_working_group,Group
sustainability_criteria,Technical
technical_team,Technical
tehama_county_groundwater_sustainability_agency,Other_GSA
thien,Nonsense
thomas_harder_co,Company
tlbwsd,District
tribal_communities,Group
uts,Nonsense
warm_springs_hydrologic_area,Geographic_Unit
waukena,City
western_cascade,Geographic_Unit
wheeler_ridge_maricopa_groundwater_sustainability_agency,Local_GSA
wicc,Group
willow,Nonsense
work_group,Group
yokohl_creek,Natural_Feature
yolo_management_areas,Geographic_Unit
ad_hoc_committee,Group
ahgw,Nonsense
alternative_calibration,Technical
american_society_of_civil_engineers,NGO
assurance_project_plan,Technical
banning_heights_mutual_water_company,Company
beckwourth,City
bility,Nonsense
bradley_subarea,Geographic_Unit
butte_college,Local_Gov
bvid,District
byron_bethany_irrigation_district_groundwater_sustainability_agency_tracy,Local_GSA
calaveras_county_water_district,District
california_american_water_company,State_Gov
california_water_code_sections,State_Gov
casitas_formation,Natural_Feature
ccf,Nonsense
ccuf,District
cga_board,Group
chase,Nonsense
city_of_firebaugh,City
city_of_gustine,City
city_of_lathrop_groundwater_sustainability_agency,Local_GSA
city_of_moorpark,City
city_of_salinas,City
city_of_santa_clarita,City
city_of_tracy,City
city_of_tracy_groundwater_sustainability_agency,Local_GSA
coldwater,Natural_Feature
colusa_counties,Local_Gov
corning_subbasin_groundwater_sustainability_plan,Technical
country_club_fault,Natural_Feature
county_of_sacramento,County
county_of_san_joaquin_groundwater_sustainability_agency_tracy,Local_GSA
cow_creek,Natural_Feature
delta_mendota_subbasins,Basin
delta_mendota_technical_working_group,Group
department_of_parks_and_recreation,State_Gov
department_of_water_resources_climate_change_guidance,District
dqo,Nonsense
east_fork,Natural_Feature
eastern_san_joaquin,Geographic_Unit
el_cerrito,City
el_verano,City
emily_gardner,Person
environmental_law_foundation,NGO
environmental_services,Group
evenson,Person
fallowing_program,Group
federal,Nonsense
flows,Nonsense
forsythe_creek,Natural_Feature
fresno_county_general_plan,Technical
glenn_colusa,Basin
grasslands_groundwater_sustainability_agency,Local_GSA
groundwater_sustainability_agency_board_of_directors,Group
groundwater_sustainability_plan_chapter,Reference
hueneme_aquifer,Natural_Feature
integrated_regional_water_management_group,Group
ireland,Geographic_Unit
irrigation_training_and_research_center_mapping_evapotranspiration_at_high_resolution_with_internalized_calibration,Technical
kaweah_subbasin_basin_setting,Geographic_Unit
kearns,Local_Gov
kern_county_general_plan,Technical
kings_river_water_quality_coalition,Group
knight_et_al,Person
lee_lake,Natural_Feature
lgawd,District
live_oak,City
llc,Nonsense
local_standards,Legal
loq,Nonsense
los_angeles_ventura_county_line,Geographic_Unit
los_olivos,City
madera_county_government_center,Local_Gov
madera_subbasin_coordination_committee,Group
mark_west_creek,Natural_Feature
mbawg,Group
mcgraw_et_al,Reference
mendocino_county_water_agency,Group
merced_counties,Local_Gov
merced_county_department_of_public_health,Local_Gov
middle_fork_feather_river,Natural_Feature
minimum_thresholds_and_measurable_objectives,Technical
monterey_county_water_resources_agency_board_of_supervisors,Group
mya,Nonsense
n_dissolved_nd,Technical
napa_creek,Natural_Feature
national_water_quality_monitoring_council,Federal_Gov
natomas_mutual_water_company,District
new_melones_reservoir,Infrastructure
north_yolo_management_areas,Geographic_Unit
orange_county,County
oregon_state_university,Nonsense
owens_valley_groundwater_authority_board,Group
oxnard_plain,Basin
pajaro,City
pauba_formation,Natural_Feature
petaluma_river,Natural_Feature
pfas,Technical
porterville_general_plan,Technical
principal_aquifer,Natural_Feature
project_and_management_actions,Technical
quality_assurance_quality_control,Technical
rcsd_management_area,Geographic_Unit
right_bank_near,Nonsense
rincon,Geographic_Unit
riparian_mixed_hardwood,Natural_Feature
rl_pql,Nonsense
rpd,District
russell,Nonsense
sacramento_municipal_utility_district,District
safe_and_affordable_drinking_water_fund,Legal
saline_intrusion_management_area,Geographic_Unit
san_andreas,City
san_mateo_bridge,District
san_timoteo_badlands,Natural_Feature
santa_barbara_county_flood_control_and_water_conservation_district,District
schmidt,District
sespe_formation,Natural_Feature
sierra_county,County
soboba_pit,Infrastructure
sodium_adsorption_ratio,Technical
southern_minnesota_beet_sugar_cooperative,Company
spreckels_sugar_company,Company
steffen,Person
superior_court,Nonsense
talmage,City
tejon_creek,Natural_Feature
theis_et_al,Person
this_basin_setting,Geographic_Unit
tier_1_dischargers,Group
tooleville,City
tres_pinos_valley,Geographic_Unit
tri_county_water_authority,Group
tui_chub,Natural_Feature
ucla,NGO
upper_ventura_river_groundwater_agency_board_of_directors,Group
vandenberg_village,City
varies,Nonsense
victor_formation,Natural_Feature
voting_representatives,Group
wac,District
wsip,Nonsense
wyandotte_creek_subbasins,Basin
advisory_committees,Group
alternate_board,Group
appendix_2_c,Reference
appendix_l1,Reference
basin_optimization,Technical
bertoldi,Person
bfw,Nonsense
board_chambers,Infrastructure
bondy,Nonsense
bos,Local_Gov
browns_valley_irrigation_district,District
buena_vista_gsa,Other_GSA
c2vsimfgkern,Nonsense
cache_slough,Natural_Feature
cal_poly,Local_Gov
ch2_m,Reference
chumash,Nonsense
city_of_ceres,City
city_of_clovis,City
city_of_los_banos_groundwater_sustainability_agency,Local_GSA
city_of_newman_groundwater_sustainability_agency,Local_GSA
city_of_norco,City
city_of_rocklin,City
coast_live_oak,Natural_Feature
community_engagement_plan,Technical
conservation_element,Nonsense
continental,Nonsense
county_of_madera_groundwater_sustainability_agency_delta_mendota,Local_GSA
county_of_riverside,County
d_plant,Infrastructure
davenport_creek,Natural_Feature
depletion_of_interconnected_surface_water,Natural_Feature
derek_lieberman,Person
desalter,Infrastructure
develop,Nonsense
dmb,Nonsense
draft_line,Nonsense
dwinnell_dam,Infrastructure
edd,State_Gov
escalon,City
etal,Nonsense
evaluate,Nonsense
evaluation_of_benefits,Technical
evt,Technical
felton_system,Infrastructure
flint,Geographic_Unit
gcm,Nonsense
general_head_boundary,Natural_Feature
government,Nonsense
grenada,City
groundwater_quality_assessment_report,Technical
groundwater_sustainability_plan_regulation,Legal
groundwater_system,Natural_Feature
harder,Nonsense
indio,City
jameson_american_canyon,Local_Gov
john_scarborough,Person
karina_danek,Person
kayvan,Person
kenneth_d_schmidt_associates,District
kern_river_groundwater_sustainability_agency_agricultural_ma,District
kettleman_city,City
kirkwood_water_district,District
lake_cachuma,Infrastructure
lydon,Nonsense
mabia,Basin
madera_regional_groundwater_management_plan,Technical
malaga,City
marina_coast_water_district_groundwater_sustainability_agency_monterey,Local_GSA
mckay_point,Natural_Feature
mga_board_of_directors,Group
microsoft_access,Technical
milliken,Local_Gov
modesto_subbasins,Basin
monitoring_plans,Technical
montecito_creek,Natural_Feature
mound_basin_groundwater_sustainability_agency_board_of_directors,Group
n_nd,Nonsense
napa_county_general_plan,Technical
napa_county_groundwater_monitoring_plan,Technical
national_academy_of_sciences,NGO
naws_china_lake,Natural_Feature
ndgsa,Other_GSA
neogene,Nonsense
nhd,Data_System
niles_cone_groundwater_basin,Basin
normalized_difference_moisture_index,Technical
olancha,City
ordnance_survey,Nonsense
pixley_pud,District
professional_engineer,Nonsense
project_coordinator,Nonsense
qc_data,Technical
relates,Nonsense
resource_capacity_study,Technical
sacramento_river_settlement_contractors,Group
salinas_valley_basin_groundwater_sustainability_agency_monterey,Local_GSA
salsipuedes_creek,Natural_Feature
salt_slough,Natural_Feature
san_diego_county_water_authority,Group
san_jacinto_wildlife_area,Geographic_Unit
san_joaquin_river_exchange_contractors_water_authority_groundwater_sustainability_agency,Other_GSA
san_joaquin_valley_index,Data_System
san_pasqual_groundwater_management_plan,Technical
san_ysidro_creek,Natural_Feature
schedule,Reference
scripps_orbit_and_permanent_array_center,Infrastructure
sdsy,Nonsense
section_3_sustainable_management_criteria,Reference
selma,City
sewa,District
shac,Group
sloughhouse_resource_conservation_district,District
smc9,Nonsense
solano_subbasin_data_management_system,Technical
somis_fault,Natural_Feature
south_mesa_water_company,Company
south_yolo,District
southeast_sacramento_county_agricultural_water_authority,Group
state_coastal_conservancy,State_Gov
state_of_emergency,Legal
state_water_resource_control_board,Group
streambed_infiltration,Natural_Feature
summerland,City
sumner_hill,Geographic_Unit
sustainability_agency,Group
swarzenski,Nonsense
tehama_county_board_of_supervisors,Group
tejon_castac_management_areas,Geographic_Unit
temescal_groundwater_sustainability_plan,Technical
tertiary_sonoma,Natural_Feature
thermalito_water_and_sewer_district,District
tonyville,City
tre_altamira,Nonsense
tributaries_groundwater_dependent_ecosystem_unit,Geographic_Unit
tulare_lake,Natural_Feature
tulare_lake_basin_water_storage_district,District
tule_subbasin_data_management_system,Technical
turner_island_water_district_groundwater_sustainability_agency_delta_mendota,Local_GSA
united_states_army_corps_of_engineers_sacramento,Federal_Gov
water_allocation_plan,Technical
water_forum_agreement,Group
well_protection_program,Group
west_placer_groundwater_sustainability_agency,Local_GSA
west_turlock,Geographic_Unit
wheatland,City
wutchumna_water_company,Company
zayante_fault,Natural_Feature
agriculture,Nonsense
airborne_electromagnetic,Technical
alfalfa,Nonsense
annual_report,Technical
anthony,Nonsense
appendix_1,Reference
aquifer_cleanup_level,Technical
arroyo_grande_subbasin,Basin
arroyo_securities_and_exchange_commissiono_rd_ws,Nonsense
assembly_bill,Legal
astm,Legal
atascadero_creek,Natural_Feature
basin_boundary_modification,Legal
basin_characteristics_model,Technical
basin_management_objective,Nonsense
big_springs_complex,Natural_Feature
big_valley,Geographic_Unit
bill_390,Legal
bookkeeping_party,Nonsense
bookman_edmonston,Person
brackish_water_group,Group
brennan,Nonsense
butte_advisory_board,Group
calaveras,County
california_division_of_drinking_water,State_Gov
california_endangered_species_act,State_Gov
california_health_and_safety_code,State_Gov
california_land_stewardship_institute,State_Gov
california_natural_diversity_database,State_Gov
california_soil_resource_lab,State_Gov
canyon_view_ranch,Nonsense
casitas_springs_area,Geographic_Unit
castaic,City
cebada,Nonsense
centerville,City
cerini,Person
chalfant_valley,Geographic_Unit
charnock_wellfield,Infrastructure
chino_valley_model,Technical
cienega_springs,Natural_Feature
city_of_fortuna,City
city_of_hanford,City
city_of_paso,City
city_of_ripon,City
clark_colony_water_company,Company
coastal_land_use_plan,Technical
communications_goal_development,Technical
council_chambers,Nonsense
county_groundwater_sustainability_agency,Other_GSA
court_of_appeal,Nonsense
cwl,Nonsense
deep_aquifer,Natural_Feature
deep_aquifer_zones,Geographic_Unit
delta,Natural_Feature
department_of_public_works,Local_Gov
department_or_water_resources,State_Gov
disadvantaged_community_committee,Group
earlimart,City
east_kern_county_resource_conservation_district,District
eastern_san_joaquin_subbasin,Basin
el_toro_primary_aquifer,Natural_Feature
elsinore_valley_model,Technical
engagement_with_tribal_governments_guidance_document,District
environmental_laboratory_accreditation_program,State_Gov
estrella_subarea,Geographic_Unit
f,Nonsense
federal_government,Federal_Gov
feeney,Nonsense
figuers,Nonsense
fillmore_irrigation_company,Company
fordel,Nonsense
friant_water_users_authority,Group
future_baseline_with_projects_scenario,Technical
galloway,Nonsense
galt_irrigation_district,District
garcia,Nonsense
grassland_ecological_area,Geographic_Unit
groundwater_banking_feasibility_study,Technical
groundwater_sustainability_plan_groundwater_sustainability_plan,Technical
groundwater_sustainability_plan_implementation_network,Group
group_3,Group
herald,City
hfb,Nonsense
hollywood,Geographic_Unit
hornbrook_formation,Natural_Feature
household_water_supply_shortage_reporting_system,Technical
hydrologic_response_unit,Technical
implementation,Nonsense
integrated_resource_water_management_plan,Technical
interested_parties_list,Group
ipums_national_historical_geographic_information_system_database,Technical
isa,Nonsense
jasperse,Nonsense
johnson_et_al,Reference
kck,Nonsense
kern_county_c2vsimfg_bypassspecsdat_removed,Data_System
kern_county_subbasin_for,Basin
keyes,City
kriging,Technical
la,Nonsense
laguna_de_santa_rosa,Natural_Feature
lahontan_regional_water_quality_control_board,Group
lofgren,Person
los_angeles_regional_board,Group
los_banos_creek_detention_reservoir,Infrastructure
lowlands_subbasin,Basin
maine,State_Gov
mariposa_creek,Natural_Feature
maximum_benefits_monitoring_program,Technical
mcclellan_air_force_base,Infrastructure
mcmullin,Basin
mendenhall_et_al,Reference
mendocino_county_resource_conservation_district,District
merced_sustainable_groundwater_management_act,Legal
meyers,City
miugsa,Local_GSA
model,Technical
most,Nonsense
mule_fat,Natural_Feature
mw15,Nonsense
napa_county_groundwater_sustainability_agency_board_of_directors,Group
nathanson_creek,Natural_Feature
national_centers_for_environmental_information,Federal_Gov
national_cooperative_soil_survey,Group
national_program,Nonsense
national_wetland_inventory,Data_System
native_american_tribal_communities,Group
no3n,Nonsense
no_groundwater_sustainability_agency_party,Nonsense
non_cal_am,Nonsense
olcese_water_district,District
owens_valley_groundwater_authority_board_of_directors,Group
paskenta_band,Group
patsy,Nonsense
plan_review_committee,Group
poplar_irrigation_company,Company
potter_valley_project,Water_Project
prefumo_creek,Natural_Feature
primary_directors,Group
putah_creek_council,Group
qa_qc,Technical
rcdmc,District
representative_monitoring_networks,Technical
riley,Nonsense
riverside,County
rock_creek,Natural_Feature
s_disadvantaged_community,Group
sacramento_groundwater_authority_groundwater_sustainability_agency,Local_GSA
sagbi,Data_System
san_benito_county_water_district_act,Legal
san_gabriel_fault,Natural_Feature
san_gabriel_valley_basin,Basin
san_gorgonio_pass_groundwater_sustainability_agency,Local_GSA
santa_barbara_groundwater_basin,Basin
santa_rosa_valley,City
santa_ynez_band,Group
santa_ynez_river_valley,Geographic_Unit
sgiwgm,Nonsense
siskiyou_county_board_of_supervisors,Group
sisquoc_formation,Natural_Feature
sjr,Basin
smc7,Nonsense
smithneck_creek,Natural_Feature
somis_fault_zone,Geographic_Unit
south_san_jose_creek,Natural_Feature
southern_california,State_Gov
spadra_groundwater_sustainability_agency,Other_GSA
ssci,Group
stakeholder_workshops,Group
surface_water_system_overdraft,Technical
sustainable_groundwater_management_act_tools,Legal
swat,Technical
t_summary_of_quality_assurance_evaluation,Reference
tejon,Basin
tejon_ranch_conservation_land_use_agreement,Group
temescal_basin_model,Technical
teviston,City
this_physical_solution,Nonsense
thousand_oaks,City
tm5,Nonsense
tri_county,County
tulare_county_flood_control_district,District
tulare_county_housing_element_action_program,Legal
tule_river,Natural_Feature
tule_subbasin_groundwater_sustainability_agency,Other_GSA
u_v190_map_features_tule_groundwater_subbasin_alfalfa,Reference
ucs,Nonsense
upper_tehama,Basin
urc,District
us_geological_survey_professional_paper,Reference
valencia_water_reclamation_plant,Infrastructure
vallejo,City
valley_springs,City
w_alisa,Nonsense
water,Natural_Feature
water_quality_partnership,Group
wdr,District
wells_2,Infrastructure
west_basin_municipal_water_district,District
west_oxnard_plain_management_area,Geographic_Unit
west_well_field,Infrastructure
western_heights_management_areas,Geographic_Unit
western_municipal_water_district,District
western_riverside_county_regional_wastewater_authority,Group
westside_san_joaquin,District
wildcat_creek,Natural_Feature
williamson_method,Technical
woodring_et_al,Reference
af_ac,District
amsl,Nonsense
annual_groundwater_reports,Technical
annual_reports,Technical
appendix_3,Reference
aquifer_systems_a,Basin
arden,Geographic_Unit
arroyo_simi_las_posas,Basin
audubon,NGO
awmp,Group
bakersfield_arch,Nonsense
ballona_wetlands_ecological_reserve,Natural_Feature
bell_canyon_reservoir,Infrastructure
board_of_trustees,Group
boeing,Company
bouquet_canyon,Natural_Feature
bouquet_creek,Natural_Feature
bureau,Local_Gov
california_central_valley_groundwater_surface_water_simulation_model,State_Gov
california_city,City
california_safe_drinking_water_act,State_Gov
calsimetaw,NGO
caltrans,State_Gov
camp_evers,Natural_Feature
capay,Geographic_Unit
carlotta_formation,Natural_Feature
channel_aquifer,Natural_Feature
charles,Person
checkbook,Nonsense
chualar,City
city_of_tulelake,City
cma_groundwater_sustainability_agency_committee,Group
code,Legal
communication_and_engagement_subcommittee,Group
conejo_hills,Geographic_Unit
contra_costa,County
corona_department_of_water_and_power,Local_Gov
cosumnes_groundwater_authority,Group
cosumnes_subbasin_groundwater_sustainability_plan,Technical
cosumnes_subbasin_working_group,Group
county_of_butte,County
county_planning_department,Group
creighton_ranch,Local_Gov
croft_gordon,Person
current_water_budget,Technical
department_of_water_resources_best_management_practices,Legal
dipaw,Nonsense
drinking_water_wells_protection_program,Group
edgewood,City
el_rico,Nonsense
es,Nonsense
ets,Nonsense
fairview,City
faq,Reference
farmers_irrigation_company,District
fill,Nonsense
fire_and_resource_assessment_program,Group
fresno_county_pleasant_valley,Geographic_Unit
fully_protected,Legal
garner_et_al,Reference
geoscience_support_services_inc,Company
global_positioning_systems,Technical
groundwater_dependent_ecosystem_units,Natural_Feature
groundwater_sustainability_plan_development_team,Group
henry_miller,Person
hilmar,Geographic_Unit
inactive_rancho_cordova_test_site,Infrastructure
kcwa,District
kern_county_public_health_services_department,Group
kern_county_water_agency_improvement_district_no,District
kern_river,Natural_Feature
kiessling,Nonsense
ladpw,Local_Gov
lidar,District
linden_county_water_district,District
loleta_community_services_district,District
lsce_technical_peer_review_mtg,Technical
madera_irrigation_district_board,Group
management_area_exceedance,Technical
management_of_groundwater,Technical
markley_formation,Natural_Feature
matt,Person
matt_wiedlin,Person
maxwell,City
merced_county_groundwater_sustainability_agency,Other_GSA
merced_subbasin_groundwater_sustainability_plan,Technical
methyl_tertiary_butyl_ether,Nonsense
meyers_water_bank,Water_Project
monitoring_program,Technical
mulefat,Natural_Feature
nacimiento_reservoir,Infrastructure
national_wetlands_inventory,Data_System
nd,Nonsense
owens_lake_management_area,Geographic_Unit
pacheco_reservoir_expansion_project,Water_Project
patwin,Group
petaluma_valley_groundwater_sustainability_agency_board,Group
pid,District
placer_county_water_agency,Group
pleasant_valley_state_prison,Nonsense
policy_advisory_committee,Group
porter_cologne_water_quality_control_act,Legal
precipitation_elevation_regressions_on_independent_slopes_model,Technical
prepare,Nonsense
programmatic_environmental_impact_report,Technical
public_health_goals,Legal
pud,District
q2_spu,Technical
recycled_water_facilities_planning_study,Technical
red_willow,Natural_Feature
riverside_county_department_of_environmental_health,District
rmc,Nonsense
robles_subbasin,Basin
sacramento_regional_water_bank,Water_Project
sacramento_suburban_water_district,District
salt_wells_valley,Geographic_Unit
san_luis_obispo_valley,Geographic_Unit
san_luis_unit,District
san_timoteo_subbasin,Basin
santa_cruz_co_op,Group
santa_maria_creeks,Natural_Feature
santa_rosa_plain_groundwater_sustainability_agency_board,Group
sdac_disadvantaged_community,Group
searles_valley_minerals_inc,Company
sespe_upland,Geographic_Unit
sgs_orlando,District
smc5,Nonsense
soda_creek_fault,Natural_Feature
soil_mechanics_and_foundation_engineers,Company
soil_water_budget_model,Technical
solomon_hills,Natural_Feature
species_of_special_concern,Natural_Feature
stratford,City
streamkeeper,NGO
subareas,Geographic_Unit
sulphur_creek,Natural_Feature
sutter_national_wildlife_refuge,Natural_Feature
svrp,Group
sw_gw,Nonsense
sweetkind_et_al,Reference
sy,Nonsense
table,Reference
terra_bella_community_plan,Technical
this_communication_and_engagement_plan,Technical
total_dissolved_solid,District
tracy_subbasins,Basin
transmissivity,Technical
turlock_subbasin_groundwater_sustainability_plan,Technical
twitter,Company
upper_valley,Geographic_Unit
vista_clara,Company
wagner,Nonsense
waste_discharge_requirements,Legal
water_quality_management_coordination_project,Water_Project
water_quality_supply,Nonsense
watson_creek,Natural_Feature
weber,Nonsense
wells_c,Infrastructure
west_turlock_subbasin,Basin
western_management_area_groundwater_sustainability_agency_committee,Group
wilson,Nonsense
winton,City
yokohl,Geographic_Unit
yreka_creek,Natural_Feature
zaca_creek,Natural_Feature
aarhus_workbench,Technical
adobe_creek_reservoir,Infrastructure
ag_managed_aquifer_recharge,Water_Project
alluvium,Natural_Feature
alta_mutual_water_company,Company
an_encroachment_permit,Legal
anc,Nonsense
anderson_subbasin_groundwater_sustainability_plan,Technical
aquilogic,Company
arizona,State_Gov
authority_board,Group
banning,City
bouquet_reservoir,Infrastructure
bramlette,Nonsense
branciforte_creek,Natural_Feature
budget_and_finance_committee,Group
butte_county_board_of_supervisors,Group
c_clay,Natural_Feature
cabazon_storage,Infrastructure
california_natural_diversity_data_base,State_Gov
canyon_irrigation_company,Company
careaga_formation,Natural_Feature
castac_basin_numerical_model,Technical
cbi,Company
chad_taylor,Person
chg,Nonsense
city_of_exeter,City
city_of_lake_elsinore,City
city_of_orland,City
city_of_oroville,City
city_of_richmond,City
city_of_yuba_city,City
common_technical_memoranda,Technical
completion_reports,Technical
conejo_creek_project,Water_Project
conservancy,District
consultant_team,Group
consulting_engineers,Nonsense
coordination_program,Group
corral_de_piedras_creek,Natural_Feature
county_of_sacramento_groundwater_sustainability_agency_south_american,Local_GSA
cross,Nonsense
cuyama_basin_water_resources_model,Technical
dairy_general_order_monitoring_program,Technical
depletion_of_interconnected_surface_water_sustainability_indicator,Technical
discovery_bay_community_services_district_groundwater_sustainability_agency,Local_GSA
dissolved,Nonsense
dixon_resource_conservation_district,District
earlimart_public_utility_district_management_area,Geographic_Unit
east_kaweah_groundwater_sustainability_agency_board_of_directors,Group
east_stanislaus,District
eastside_aquifer_subbasin,Basin
edf,Nonsense
el_camino_irrigation_district,District
el_toro_creek,Natural_Feature
ema_groundwater_sustainability_agency_committee,Group
epworth_gravels,Natural_Feature
eureka,City
exchange_contract,Legal
f_monitoring,Technical
fan_et_al,Person
fill_data_gaps,Technical
fiscal_and_contracting_entity,Legal
flood_alert,Technical
flood_management_actionsr,Nonsense
flood_management_arear,Nonsense
food_and_agriculture_organization,NGO
formation,Natural_Feature
fortran,Nonsense
franciscan_assemblage,Natural_Feature
frank,Nonsense
franklin_drainage_district_groundwater_sustainability_agency_northern_delta_groundwater_sustainability_agency,Other_GSA
frost_hurzel,Person
fte,Nonsense
future_baseline,Technical
geo_logic_company,Company
geologic_energy_management_division,State_Gov
great_basin_unified_air_pollution_control_district,District
greene,Nonsense
ground_positioning_system,Technical
ground_water_service_area,Geographic_Unit
groundwater_surface,Natural_Feature
groundwater_sustainability_agency_board_meetings,Group
groundwater_sustainability_agency_management_committee,Group
groundwater_sustainability_plan_group_alternate_representative,Group
gwa,Nonsense
halligan,Nonsense
hernandez_paicines,Local_Gov
hydrogeologic,Nonsense
igs,Nonsense
incomplete,Nonsense
interstate_5,Infrastructure
inyo_county_board_of_supervisors,Group
inyo_county_water_department,Group
jay_jasperse,Person
joint,Nonsense
joint_supplemental_project,Water_Project
jones,Nonsense
kaweah_delta_water_conservation_district_groundwater_model,Technical
kelseyville_formation,Natural_Feature
kenwood,City
kern_delta,Basin
kern_groundwater_authority_groundwater_sustainability_agency_board,Group
kern_river_gsa,Other_GSA
kiefer_landfill,Infrastructure
kings_river,Natural_Feature
kmz,Nonsense
koenig,Nonsense
l_us_environmental_protection_agency,Group
laboratory_project_manager,Nonsense
land_surface_system,Natural_Feature
land_use_data,Technical
las_posas_users_group,Group
lassen_county_board_of_supervisors,Group
lcs,Nonsense
left_bank_near,Nonsense
liberty_millrace_canal,Infrastructure
lincoln_oaks,Nonsense
lindsay_strathmore_irrigation_district,District
little_last_chance_creek,Natural_Feature
lockeford_community_services_district,District
long_beach,City
lookout,City
los_angeles_basin_plan,Technical
lower_kaweah,Basin
madera_county_east,Geographic_Unit
maximum_contaminant_levels,Legal
microsoft,Company
modoc_plateau,Natural_Feature
monterey_bay,Geographic_Unit
morton,Nonsense
mount_hermon,City
mun,Nonsense
murphy_slough,Natural_Feature
mutual_water_company,District
napa_county_planning,Local_Gov
napa_valley_floor_subareas,Geographic_Unit
naval_base_ventura_county,County
non_delta_management,Geographic_Unit
normalized_derived_vegetation_index,Technical
north_salinas_valley,Geographic_Unit
north_san_joaquin_water_conservation_district_groundwater_sustainability_agency,Local_GSA
nutrilite,Company
observed,Nonsense
olcese,Nonsense
omochumne_hartnell_water_district_groundwater_sustainability_agency_south_american,Local_GSA
pajaro_valley,Geographic_Unit
palustrine,Natural_Feature
paso_robles_aquifer,Natural_Feature
periodic,Nonsense
perris_north,Basin
pismo_creeks,Natural_Feature
planada,City
primary_agency,Group
project_manager,Nonsense
projects_and_management,Group
proposed,Nonsense
provost,Nonsense
public_trust,Legal
r2,Nonsense
ramona,City
reclamation_district_no_1002_groundwater_sustainability_agency_northern_delta_groundwater_sustainability_agency,Other_GSA
reclamation_district_no_2110_groundwater_sustainability_agency_northern_delta_groundwater_sustainability_agency,Other_GSA
reclamation_district_no_369_groundwater_sustainability_agency_northern_delta_groundwater_sustainability_agency,Other_GSA
reclamation_district_no_551_groundwater_sustainability_agency,Local_GSA
reclamation_district_no_744_groundwater_sustainability_agency_northern_delta_groundwater_sustainability_agency,Other_GSA
reclamation_district_no_755_groundwater_sustainability_agency_northern_delta_groundwater_sustainability_agency,Other_GSA
reclamation_district_no_813_groundwater_sustainability_agency_northern_delta_groundwater_sustainability_agency,Other_GSA
reduction_with_projects_scenario,Technical
regional_water_quality_control_board_water_quality_objective,Legal
required,Nonsense
riversidean_alluvial_scrub,District
rymer,Nonsense
sa,Nonsense
sacramento_central_groundwater_authority_groundwater_sustainability_agency_1,Local_GSA
sacramento_valley_water_year,Technical
samantha_arthur,Person
san_antonio_basin,Basin
san_jose_creek,Natural_Feature
san_lorenzo_river,Natural_Feature
san_pasqual_academy,Nonsense
santa_fe_canal,Infrastructure
santa_monica_mountains,Natural_Feature
santa_rita,Nonsense
scalebroom,Nonsense
scalmanini,Nonsense
scalmanini_consulting_engineers,Company
schafer,Nonsense
sci,Nonsense
scott_valley,Geographic_Unit
sediment_and_erosion_management_plan,Technical
shrubland,Natural_Feature
shrubland_groundwater_dependent_ecosystem,Natural_Feature
sierra_de_salinas,Natural_Feature
sierraville,City
sip,Technical
sloughhouse_resource_conservation_district_groundwater_sustainability_agency_south_american_1,District
smud,District
soboba_settlement_agreement,Group
sokr_groundwater_sustainability_plan,Technical
solano_project_contract_allocations,Technical
solano_water_authority,Group
south_san_joaquin,Basin
southwest_kings_groundwater_sustainability_agency,Local_GSA
sql,Nonsense
sscawa,District
stakeholder_communication,Technical
stanford,City
state_route_99,Infrastructure
sumner_hill_potential_groundwater_dependent_ecosystem_unit,Natural_Feature
sustainable_groundwater_management_act_data,Technical
sustainable_groundwater_planning_grant_program,State_Gov
sutter_buttes,Natural_Feature
swd,District
tehama_county_groundwater_commission,Group
total_farm_delivery_requirement,Technical
tre_altamira_inc,Company
tres_pinos_valley_basin,Basin
tres_pinos_water_district,District
tulare_county_farm_bureau,NGO
tulelake,City
turlock_groundwater_basin_association,Group
upper_basins_surface_water_model,Technical
upper_ventura_river_groundwater_agency_board,Group
valencia_creek,Natural_Feature
vandenberg_space_force_base,Infrastructure
vandenberg_village_community_services_district,District
washoe,Local_Gov
water_well_standards,Legal
wdraft_2021,District
wildermuth_environmental_inc,Company
wse,Nonsense
yolo_subbasin_groundwater_agency,Group
yuba_goldfields,Geographic_Unit
3d_geologic_model,Technical
ab_3030,Legal
ab_303_public_outreach_project,Water_Project
adequately_address_groundwater_quality,Nonsense
adjacent_subbasins,Basin
administrative_information,Natural_Feature
af_y_table,Reference
agency_board_of_directors,Group
alfz,Nonsense
alta,City
ao,Nonsense
appendix_1_d,Reference
arb,State_Gov
attachment_b,Reference
baja,Geographic_Unit
barrancas,Geographic_Unit
bautista_creek,Natural_Feature
beckwith,Nonsense
beller,Nonsense
big_valley_band,Group
bohm,Nonsense
bondy_groundwater_consulting,Company
brown_and_caldwell,Company
bs,Nonsense
buckeye,Geographic_Unit
bulletin_118,Reference
burton_et_al,Reference
cache_creek,Natural_Feature
cachuma,Natural_Feature
caleta,Nonsense
california_department_of_health_services,State_Gov
california_division_of_water_resources,State_Gov
calpella_county_water_district,District
camanche_reservoir,Infrastructure
camp_roberts,Infrastructure
carneros_subarea,Geographic_Unit
census_designated_places,Geographic_Unit
cities_of_oxnard,Local_Gov
city_of_dorris,City
city_of_escalon,City
city_of_greenfield,City
city_of_huron,City
city_of_patterson,City
city_of_port_hueneme,City
city_of_sebastopol,City
clean,Nonsense
columbia,City
colusa_subbasins,Basin
community_facilities_district,District
conservation,Nonsense
construction_reports,Technical
continental_basin_deposits,Natural_Feature
country_club,City
county_of_contra_costa_groundwater_sustainability_agency,Local_GSA
csgsa,Local_GSA
danskin,Nonsense
darcy,Nonsense
dataset,Technical
david_morrison,District
department_of_agriculture_natural_resources_conservation_service,Federal_Gov
department_of_energy,Federal_Gov
department_of_water_resources_irrigation_management_information_system,Technical
e,Nonsense
e_clay,Natural_Feature
earlimart_public_utility_district,District
east_bay_municipal_utility_district_groundwater_sustainability_agency,Local_GSA
east_county,County
eastside_san_joaquin_groundwater_sustainability_agency,Local_GSA
ebmud_groundwater_sustainability_agency,Other_GSA
environmental_health_divisions,Local_Gov
exclusive_groundwater_sustainability_agency,Other_GSA
fa,Nonsense
farmers_water_district_groundwater_sustainability_plan,Technical
fkc_milepost,Reference
forebay_subarea,Geographic_Unit
fountain_springs_gulch,Natural_Feature
frazier_creeks,Natural_Feature
frwr,Nonsense
geosystems,Nonsense
glen_ivy_fault,Natural_Feature
glenn_county_water_advisory_committee,Group
glenn_syncline,Natural_Feature
goodman,Nonsense
governing_bodies,Group
graciosa,Geographic_Unit
grapevine_development,Nonsense
graton_rancheria,Group
groundwater_elevation_data_were_sparse_for_the_toro_canyon,Technical
groundwater_levels,Data_System
groundwater_monitoring_network_enhancement_project,Water_Project
groundwater_recharge_project,Water_Project
groundwater_sustainability_agency_administration,Group
groundwater_sustainability_plan_elements,Reference
groundwater_sustainability_plan_evaluation_reports,Technical
groundwater_sustainability_plan_update,Reference
gsi_water_solutions,Company
gsi_water_solutions_inc,Company
gw_storage,Technical
habitat_conservation_plan,Technical
hammil_valley,Geographic_Unit
hardrock,Natural_Feature
harrington,Nonsense
hasan,Nonsense
hayward_wells_c,District
hetch_hetchy,Infrastructure
high_speed_rail,Infrastructure
hueneme_mugu_shelves,Natural_Feature
hydrogeologic_conceptualization_report,Technical
hydrologic_conceptual_model,Technical
independence,City
integrated_resources_plan,Technical
integrated_sustainability_plan,Technical
intergovernmental_panel_on_climate_change,Group
inyokern_community_services_district,District
isola,Nonsense
julie,Nonsense
kaweah_subbasin_management_team,Group
kjn_sulfate_dissolved,Technical
klamath_national_forest,Natural_Feature
ksat,Nonsense
land_use_planning,Technical
larry_walker,Person
larry_walker_study,Technical
las_flores,City
laton,City
lee_lake_ma,District
loch_lomond_reservoir,Infrastructure
los_alamos_syncline,Natural_Feature
los_carneros_water_district,District
lower_tule_river_irrigation_district_board_of_directors,Group
malin,Geographic_Unit
marina_del_rey,City
matheny_tract,Legal
mather_air_force_base,Infrastructure
matthew_winegar,Person
mcgrath,Nonsense
mcwra_board_of_directors,Group
melissa_m_rohde,Person
memorandum_of_agreement,Group
merced_groundwater_management_plan,Technical
merced_groundwater_subbasin,Basin
merced_groundwater_sustainability_plan,Technical
metropolitan_bakersfield_general_plan,Technical
mettler,City
mkgsa_board,Group
mkgsa_board_of_directors,Group
monitoring_and_data_collection_protocols,Technical
monterey_peninsula_water_management_district,District
mud_slough,Natural_Feature
mvwd,District
napa_sonoma_lowlands_subbasin,Basin
national_field_manual,Reference
newton,Nonsense
nkgsa,Other_GSA
north_valley_regional_recycled_water_program,Water_Project
northgate,Nonsense
nubieber,City
nuevo_lakeview,Geographic_Unit
openstreetmap,Data_System
ord,Nonsense
orland_project,Water_Project
owens_lake,Natural_Feature
pacific_lamprey,Natural_Feature
pixley_id_groundwater_sustainability_agency,Other_GSA
planned,Nonsense
planning_committee,Group
porter_cologne_act,Legal
potrero,City
prepared,Nonsense
preston,Nonsense
primary_calibration,Technical
pritchard,Nonsense
provides,District
public_information_officer,Nonsense
public_water_system,Natural_Feature
pure_water_monterey,Water_Project
pvwcd,District
pwc,Company
quarry,Natural_Feature
ramelli,Nonsense
rana,Nonsense
reclamation_district_2062,District
rector_reservoir,Infrastructure
redding_rancheria,Local_Gov
reported,Technical
representative_monitoring_site,Technical
resources,Nonsense
rice,Nonsense
rob_swartz,Person
rock_slough,Natural_Feature
romero_creek,Natural_Feature
rss,Nonsense
rutherford,City
sacramento_area_flood_control_agency,Group
safca_flood_management_actionsr,Nonsense
salinas_valley_basin_groundwater_sustainability_agency_board_of_directors,Group
samantha,Nonsense
san_antonio_spreading_grounds,Infrastructure
san_benito_county_water_district_groundwater_sustainability_agency_north_san_benito,District
san_cayetano,Basin
san_juan_valley,Geographic_Unit
san_luis_national_wildlife_refuge,Natural_Feature
san_luis_rey_indian_water_authority,Group
san_miguel_community_services_district_groundwater_sustainability_agency,Local_GSA
santa_clara_valley_water_district_groundwater_sustainability_agency_north_san_benito,Local_GSA
santa_clarita_water_division,District
santa_cruz_mountains,Geographic_Unit
santa_cruz_mudstone,Natural_Feature
santa_margarita_groundwater_agency,Other_GSA
sarah,Nonsense
secondary_maximum_contaminant_level,Legal
settlement_contractors,Group
shastina,Natural_Feature
sierran,Nonsense
siskiyou_county_code,Legal
solano_groundwater_sustainability_agency_collaborative,Group
south_san_joaquin_valley,Geographic_Unit
st_johns_river,Natural_Feature
stakeholders_interested_parties,Group
state_assembly,State_Gov
stephen_maples,Person
stillwater,Natural_Feature
storativity,Nonsense
streamflow_routing_package,Technical
sustainability_agencies,Group
sustainable_groundwater_management_act_basin_prioritization,Legal
sustainable_management_of_groundwater_monitoring_protocols,Technical
sv,Nonsense
svgb,Nonsense
table_g2,Reference
table_pma2,Reference
technical_review_committee,Group
technical_review_team,Technical
terrace,Natural_Feature
timeline,Reference
total_dissolved_solids_data,Technical
total_suspended_solids,District
town_hall,Nonsense
tres,Nonsense
triennial_update,Technical
tulare_id,District
tulelake_subbasin,Basin
ucd,Nonsense
university_navstar,Nonsense
upper_pressure_and_canyon,Natural_Feature
upper_ventura_river_groundwater_model,Technical
urs,Company
vandenberg_air_force_base,Infrastructure
ventura_county_waterworks,District
verbenia_groundwater_sustainability_agency,Local_GSA
verification,Nonsense
vice_chair,Nonsense
voc,Nonsense
walnut_hills,Geographic_Unit
water_conservation_coalition,Group
water_table_aquifer_zone,Reference
wba,District
wel,Nonsense
wells_valley_groundwater_authority,Group
wildomar,City
wildwood_canyon,Natural_Feature
woodbridge_irrigation_district_groundwater_sustainability_agency,Local_GSA
yuba_county_water_agency,Group
yucaipa_valley,Geographic_Unit
a_memorandum_of_understanding,Legal
above_mean_sea_level,Nonsense
above_narrows_account,Nonsense
adopted_ordinance_no,Nonsense
agua_tibia_narrows,Natural_Feature
alaska,State_Gov
alpaugh_community_services_district,District
an_advisory_committee,Group
analyze_accessed,Nonsense
annual_pumping_allocation,Legal
annual_pumping_allocation_plan,Technical
appendix_1_b,Reference
appendix_e,Reference
aquifer_systems,Natural_Feature
arroyo_parida_fault,District
assembly_bill_359,Legal
basin_boundary_modi,Technical
bcvwd,District
beardsley_wash,Natural_Feature
bedford_coldwater,Natural_Feature
benicia,City
berrenda_mesa,Geographic_Unit
berry_creek,City
big_springs_irrigation_district,District
blue_cut,Natural_Feature
bob,Nonsense
box_springs_mutual_water_company,Company
buellton_aquifer,Natural_Feature
butano_sandstone,Natural_Feature
butte_valley_integrated_hydrologic_model,Technical
california_sycamore,State_Gov
calistoga_st_helena,Geographic_Unit
camarillo_sanitation_district,District
camulos_ranch,Geographic_Unit
careaga,Geographic_Unit
census_bureau,Federal_Gov
central_delta_water_agency_groundwater_sustainability_agency,Local_GSA
central_san_joaquin_water_conservation_district_groundwater_sustainability_agency,Local_GSA
central_valley_flood_protection_board,State_Gov
chevron,Company
cities_of_camarillo,Nonsense
city_and_cal_water,District
city_municipal_code,Legal
city_of_corcoran,City
city_of_davis,City
city_of_hayward_groundwater_sustainability_agency,Local_GSA
city_of_lodi_groundwater_sustainability_agency,Local_GSA
city_of_manteca_groundwater_sustainability_agency,Local_GSA
city_of_stockton_groundwater_sustainability_agency,Local_GSA
city_of_willows,City
cleanup_and_abatement_order,Legal
coalition,Group
coast_live_oak_alliance,NGO
coastal,Geographic_Unit
cob,Nonsense
colorado_river_aqueduct,Infrastructure
commonly_associated_with_groundwater,Nonsense
communication,Nonsense
communication_and_education_plan,Technical
communication_and_public_engagement_actions,Technical
comprehensive_groundwater_management_program,Legal
continuous_global_positing_system,Nonsense
cor_water_utility,District
corning_sub_basin,Basin
cottonwood_percent,Nonsense
county_farm,Nonsense
county_of_san_joaquin_groundwater_sustainability_agency_eastern_san_joaquin_1,Local_GSA
county_of_san_joaquin_groundwater_sustainability_agency_eastern_san_joaquin_2,Local_GSA
cuyama_basin_groundwater_sustainability_agency_board_of_directors,Group
de_groot,Person
dennis_r,Nonsense
dfw,State_Gov
dgps,Technical
district_groundwater_sustainability_agency,Other_GSA
draft_assembly_bill_3030,Legal
draft_best_management_practices,Technical
dupont_express,Company
dutcher,Nonsense
east_contra_costa_irrigation_district_groundwater_sustainability_agency,Local_GSA
eastern_municipal_water_district,District
eastern_sierra,Geographic_Unit
eastside_aquifer_subbasins,Basin
endangered_species_act,Legal
environmental,Nonsense
environmental_impact_report,Technical
environmental_quality_incentives_program,Federal_Gov
ergwg,Nonsense
etchegoin,Basin
expand,Nonsense
facilitation_support_services,Nonsense
fahrenheit,Nonsense
fairbairn,Person
fillmore_basin,Basin
flint_hills,Geographic_Unit
forebay_subbasin_planning_committee,Group
fort,Nonsense
foster_park_habitat_area,Geographic_Unit
fox_canyon,District
fresno_county_management_area_a,Geographic_Unit
frey_creek,Natural_Feature
friant_division_central_valleyp,Nonsense
full_natural_flow,Natural_Feature
future,Nonsense
garnett_creek,Natural_Feature
gei_consultants_inc,Company
geoconsultants,Company
geoscience,Technical
geoscience_aecom,Company
geotracker_electronic_submittal_of_information,Natural_Feature
gkgsa,Other_GSA
global_positioning_satellite,Infrastructure
goshen,City
governors_office_of_planning_and_research,State_Gov
gpcd,Technical
grassland_bypass_project,Water_Project
groundwater_management_program,Legal
groundwater_recharge_assessment_tool,Technical
groundwater_sustainability_agency_governing_body,Group
groundwater_sustainability_agency_working_group,Group
groundwater_sustainability_plan_administration,Group
groundwater_sustainability_plan_development_updates,Technical
guidance_for_climate_change_data,Technical
habitat_suitability_indices,Technical
historical_lows,Technical
hodges_watershed_improvement_project,Water_Project
hopper,Nonsense
house,Nonsense
housing_element,Legal
howes,Nonsense
humboldt,County
ical,Nonsense
implementation_team,Group
improvement_district_no4,District
integrated_regional_groundwater_management_plan,Technical
inyo_county_board,Group
irrigation,Nonsense
jack_hughes,Person
jackson_creek,Natural_Feature
john_neil,Person
k,Nonsense
kelsey,Nonsense
kern_river_groundwater_sustainability_agency_board,Group
kern_river_watershed_coalition_authority,Group
kevin_garrett,Person
klausing,Person
koterba,Nonsense
kr,Nonsense
lacustrine,Natural_Feature
lai,Nonsense
lake_hemet_municipal_water_district,District
lamp,Nonsense
land_subsidence,District
landiq,Company
landowner_land,Geographic_Unit
landwatch,NGO
las_posas_syncline,Natural_Feature
late1980s,Nonsense
lawrence_livermore_national_laboratory,Federal_Gov
lcse,District
lewis,Nonsense
linden_county_water_district_groundwater_sustainability_agency,Local_GSA
little_springs_creek,Natural_Feature
lockeford_community_service_district_groundwater_sustainability_agency,Local_GSA
lone_pine,City
los_angeles_aqueduct,Infrastructure
lower_arroyo_las_posas,Natural_Feature
lu_lc,Technical
management,Nonsense
mark_nordberg,Person
markley,Person
matrix,Nonsense
mcc,Nonsense
mcclellan,Nonsense
mcgaugh_slough,Natural_Feature
meadowbrook,City
mehrten_formations,Natural_Feature
mendocino_triple_junction,Natural_Feature
merced_county_code,Legal
mettler_county_water_district,District
mexico,Geographic_Unit
mid_kings_river_groundwater_sustainability_agency,Local_GSA
middle_fork_tule_river,Natural_Feature
mike_cornelius,Person
mokelumne_rivers,Natural_Feature
monterey_county_board_of_supervisors,Group
monterey_subbasin_groundwater_flow_model,Technical
mu,Nonsense
my,Nonsense
n_a_n_a_forebay,Infrastructure
napa_county_bos,Local_Gov
napa_subareas,Geographic_Unit
napa_valley_drought_contingency_plan,Technical
national_agricultural_statistics_service,Federal_Gov
national_elevation_dataset,Technical
navigation_satellite_timing_and_ranging_consortium,Group
nebmodflow,Technical
newhall,Geographic_Unit
nilp,Nonsense
north_kern_water_storage_district,District
northern_central_delta_mendota_region_groundwater_sustainability_plan,Technical
northern_central_delta_mendota_region_groundwater_sustainability_plan_group,Group
notice_of_intent,Legal
o_mykiss,Nonsense
oak_creek,Natural_Feature
oakdale_irrigation_district_groundwater_sustainability_agency,Local_GSA
ojai_valley_sanitary_district,District
operation_next,Nonsense
operations_committee,Group
order,Nonsense
ortiz_partida,District
palms_project,Water_Project
pbo,Nonsense
pearsonville,City
porterville_area_community_plan,Technical
project_management_action_name,Nonsense
project_om,Water_Project
project_or_action,Nonsense
projects_management_actions,Group
putah_creek_accord,Legal
qal,Basin
r5,Nonsense
rbwtp,Infrastructure
rch_package,Technical
recharge_facilities,Infrastructure
reclamation_district_1001,District
red_bluff_formation,Natural_Feature
redfem,Nonsense
reno,Local_Gov
representative_monitoring_sites,Technical
richfield,City
rmw_wls,Nonsense
robinson_creek,Natural_Feature
root_creek,Natural_Feature
roundtables,Group
ryan_teubert,Person
sacramento_valley_subsidence_network,District
san_benito_county_water_district_board_of_directors,Group
san_benito_county_water_district_groundwater_sustainability_agency_board_of_directors,Group
san_buenaventura,Local_Gov
san_diego_river,Natural_Feature
san_dieguito_river,Natural_Feature
san_joaquin_delta,Natural_Feature
san_leandro_cone,Basin
san_timoteo_canyon,Natural_Feature
sand_creek,Natural_Feature
sandra,Person
santa_ana_watershed,Basin
santa_maria_river,Natural_Feature
santa_rosa_basin,Basin
scotts_valley_area,Geographic_Unit
section_325,Reference
sedimentary_deposits_of_live_oak_canyon,Natural_Feature
sentinel_mw1,Infrastructure
sgs,Nonsense
sheridan,City
siskiyou_county_groundwater_sustainability_agency,Other_GSA
skgsa,Other_GSA
smgsp,Nonsense
sonoma_resource_conservation_district,District
south_delta_water_agency_groundwater_sustainability_agency,Local_GSA
south_san_joaquin_groundwater_sustainability_agency,Local_GSA
south_santa_ana,Geographic_Unit
spreckels,City
sssscc,Nonsense
ssssff,Nonsense
state_of,Nonsense
state_university_channel_islands,Nonsense
steamboat_slough,Natural_Feature
stillwater_creek,Natural_Feature
stockton_east_water_district_groundwater_sustainability_agency,Local_GSA
stream_gage_data_gaps_project,Water_Project
stream_watch,Group
surface_water,Natural_Feature
surface_water_groundwater_recycled_water_transfer_stormwater_other_source_of_outside_water,District
surface_water_quality_percent,Technical
sustainable_groundwater_management_act_climate_change_data,Technical
sustainable_management_of_groundwater,Legal
sycamore_marsh_farm,Natural_Feature
system_optimization_review_study,Technical
table_ii3,Reference
tca,District
teague,Nonsense
team,Group
terra_linda_recharge_canal,Infrastructure
that,Nonsense
threatened,Nonsense
toro,Nonsense
traum_et_al,Reference
trevor_joseph,Person
tri_county_water_authority_groundwater_sustainability_agency_tulare_lake,Local_GSA
trussell,Nonsense
tule_subbasin_lower_tule_river_irrigation_district_groundwater_sustainability_agency_basin,Basin
tulucay_creeks,Natural_Feature
tuolumne_county_groundwater_sustainability_agency,Other_GSA
ucode_2014,Data_System
union_city,City
united_states_bureau_of_reclamation_1947,Federal_Gov
united_states_bureau_of_reclamation_central_valley_project,Water_Project
united_states_of_america,Federal_Gov
university_navstar_consortium,Group
university_well,Infrastructure
upper_valley_subbasins,Basin
us_bureau_of_reclamation,Federal_Gov
us_fish_and_wildlife_service,Federal_Gov
usdw,Nonsense
valley_water_collaborative,Group
vandenberg_a_is_shown_on_figureb,Nonsense
vega,Nonsense
vegetation_map_of_the_santa_clara_river,Natural_Feature
ventura_county_farm_bureau,NGO
ventura_county_groundwater_section,Reference
ventura_county_water_work_district,District
vhd,Nonsense
wa,Nonsense
water_budget_best_management_practices,Technical
watershed_information_and_conservation_council,Group
weed,City
west_placer,Local_Gov
west_yost,Company
west_yost_associates,Company
western_management_area_agencies,Group
wetter,Nonsense
whiskeytown,Geographic_Unit
willard_road,Nonsense
wilson_grove_formation_highlands_basin,Basin
yolo_counties,Geographic_Unit
yolo_county_flood_control,District
zayante_vergeles,Person
2ab,Nonsense
a_aliso_water_district,District
a_citizens_advisory_committee,Group
a_land_use_study,Reference
a_national_aeronautics_and_space_administration_jet_propulsion_laboratory,Federal_Gov
aaron_chapter,Nonsense
action_level,Reference
adopted,Nonsense
ag_preserve,Geographic_Unit
agua_caliente,Local_Gov
alamo_creek,Natural_Feature
alder_creek,Natural_Feature
aliso_water_district_to,District
alk,Nonsense
allen_et_al,Reference
alton,Nonsense
amador_water_agency,Group
amec,Company
american,Nonsense
an_executive_committee,Group
andrewgarciasldmwaorg,Nonsense
angiola,Nonsense
appendix_m,Reference
applied_to_pesticides,District
approved,Nonsense
aquifer_system,Natural_Feature
arroyo_seco_gravels,Natural_Feature
arvin_edison_water_storage_district_board,Group
automated_data_review,Technical
avenal,City
b_data,Technical
b_grassland_groundwater_sustainability_plan,Technical
banning_canyon,Natural_Feature
based,Nonsense
basin_no,Nonsense
basin_plans,Technical
bedford_canyon_formation,Natural_Feature
benito_county,County
berry_crops,Nonsense
beth_milliken,Person
bitter_creek,Natural_Feature
blanco_drain,Infrastructure
board_of_directors_and_advisory_committee,Group
bortugno,Person
bowman_subbasins,Basin
buena_vista_rancheria,Local_Gov
buffalo_creek,Natural_Feature
bureau_of_reclamation_report_of_operations,Technical
burnett,Nonsense
butte_city,Local_Gov
butte_valley_basalt,Natural_Feature
c1,Nonsense
c_northern_central_delta_mendota_regions_groundwater_sustainability_plan,Technical
c_rc,Nonsense
cachuma_creek,Natural_Feature
california_native_plant_society,State_Gov
california_regional_water_quality_control_board,State_Gov
california_simulation_of_evapotranspiration_of_applied_water,State_Gov
california_state,State_Gov
california_supreme_court,State_Gov
calpine,City
cameron_creek,Natural_Feature
cdp,Nonsense
central_delta_water_agency,Group
central_subbasins,Basin
central_yolo,District
channel_islands_air_national_guard_station,Federal_Gov
characterization_report,Technical
charles_gardiner,Person
china,Geographic_Unit
ciervo,Nonsense
citizens_advisory_group,Group
city_groundwater_sustainability_agency,Other_GSA
city_of_atascadero,City
city_of_beverly_hills,City
city_of_brentwood_groundwater_sustainability_agency,Local_GSA
city_of_folsom,City
city_of_menifee,City
city_of_newman,City
city_of_rancho_cordova,City
city_of_santa_rosa,City
city_of_woodland,City
city_of_yreka,City
clendenen_associates,Company
cmip5,Technical
coastal_protection,Group
code_of_civil_procedure,Legal
colusa_basin_drain,Infrastructure
communications_and_engagement_plan,Technical
comprehensive_environmental_response_compensation_and_liability_act,Federal_Gov
consolidated,District
contact,Legal
core,Nonsense
cornelius,Nonsense
corral_de,Nonsense
cosumnes_working_group,Group
county_of_humboldt,County
county_of_san,Local_Gov
county_of_sonoma,County
craig_creek,Natural_Feature
creston_subarea,Geographic_Unit
cross_creek,Natural_Feature
cuenca,Geographic_Unit
data_management_system_working_group,Group
del_rey,City
deliverables,Nonsense
delorme,Company
delta_mendota_subbasin_intrabasin_coordination_agreement,Group
department_of_water_resources_lu_lc,State_Gov
department_report,Technical
direct_recharge_project,Water_Project
direct_use_project,Water_Project
draft_groundwater_sustainability_plan,Technical
drought_contingency_plan,Technical
ducks_unlimited,NGO
ducks_unlimited_wetland_inventory,Data_System
e_identification,District
e_j_remson,Person
east_san_joaquin_water_quality_coalition,Group
eastern_municipal_water_district_board_of_directors,Group
edison_fault,Natural_Feature
elsinore_subbasin,Basin
eric_schmidt,District
et0_data,Technical
eta,Nonsense
exceedance,Nonsense
expanded_water_conservation_and_standby_rationing_plan,Technical
facilitator,Nonsense
fallow_bank,Group
farrar_et_al,Reference
features,Nonsense
federal_agencies,Group
federal_express,Company
field_and_transport,Infrastructure
fonzi,Nonsense
ford_wd,District
forebay_subbasin_groundwater_sustainability_plan,Technical
fox_canyon_drain,Infrastructure
freemont,Nonsense
fresno_management_areas_a_b_groundwater_sustainability_plan,Technical
future_sustainable,Nonsense
general_counsel,Nonsense
geographical_information_system,Technical
geohydrologic,Nonsense
geothermex,Company
gerber,City
glen_creek,Natural_Feature
glenn_groundwater_authority_operations_fee,Legal
greater_kaweah_groundwater_sustainability_agency_board_of_directors,Group
greenfield_cwd,District
grf,Nonsense
groundwater_accounting_structure,Technical
groundwater_elevation_data_were_sparse_for_the_toro_canyon_1974,Technical
groundwater_replenishment_reuse_project,Water_Project
groundwater_surface_water_interactions,Natural_Feature
groundwater_sustainability_plan_evaluations,Technical
groundwater_sustainability_plan_implementation_team,Group
groundwater_sustainability_plan_schedule,Reference
gw_sacramento_and_the_woodland_exchange,Group
gwa_board,Group
harbaugh,Person
hilton,Nonsense
historic_current,Nonsense
historically,Nonsense
hookton,Natural_Feature
i75r3327d,Nonsense
ids,District
ilkhanipour,Person
indicator_wells,Infrastructure
insar,Technical
instagram,Nonsense
interested_party,Nonsense
interior_bureau_of_reclamation,Federal_Gov
inyo_county_planning_commission,Group
ironhouse_sanitary_district,District
isw_sustainable_management_criteria,Technical
ivette_iraheta,Person
james_id,District
james_irrigation_district_groundwater_sustainability_agency,Other_GSA
jean_moran,Person
kbwqa,Group
kern_groundwater_authority_gsa,Other_GSA
kern_management_area,Geographic_Unit
kern_nwr,District
kiefer,Nonsense
kings_basin_coordination_efforts,Group
klamath_county,County
knightsen,City
l_nd,Nonsense
la_grange,City
la_selva_beach,City
land_iq,Company
lateral_subsurface_groundwater_flows,Natural_Feature
layer_property_flow,Technical
lepomis,Natural_Feature
lessalt_water_treatment_plant,Infrastructure
linda,City
lindmore_irrigation_district,District
little_shasta_river,Natural_Feature
los_gatos,City
los_molinos_subbasins,Basin
los_olivos_community_service_district,District
los_vaqueros_reservoir,Infrastructure
lower_tule_river_groundwater_sustainability_agency_board,Group
mailchimp,Company
management_action_no,Nonsense
mapmyindia,Company
marin_water,District
maslonkowski,Person
mbk_engineers,Company
mcwra_board_of_supervisors,Group
mdbm,Nonsense
measurable_objectives_and_minimum_thresholds,Reference
mebp,Nonsense
medium,Nonsense
mendota_subbasin_coordination_agreement,Group
merced_co_groundwater_sustainability_agency,Other_GSA
mid_valley_wd,District
millard_canyons,Natural_Feature
mint_canyon,Geographic_Unit
modeling_best_management_practices,Technical
modeling_best_management_practices_guidance_document,Technical
modflow_one_water_hydrologic_model,Technical
modoc_county_board_of_supervisors,Group
mollisols,Natural_Feature
monterey_county_flood_control_and_water_conservation_district,District
montgomery_associates,Company
moyle,Nonsense
mpwmdfo10d,Nonsense
mwd,District
napa_resource_conservation_district,District
napa_valley_groundwater_subbasin,Basin
national_marine_fisheries,Federal_Gov
national_primary_drinking_water_regulations,Legal
ncdm,Nonsense
net_recharge,Technical
network,Nonsense
niswonger_et_al,Reference
non_voting_representatives,Group
north_central_region_office,Local_Gov
northern_sacramento_valley,Geographic_Unit
northwest_cell,Geographic_Unit
nrd,District
oat_creek,Natural_Feature
olcese_sand_aquifer_unit,Natural_Feature
oneill_ranch,Nonsense
orange_cove_irrigation_district,District
orcutt_sand,Natural_Feature
owens_creek,Natural_Feature
oxnard_basins,Basin
pacific_gas_and_electric_company,Company
paicines_reservoir,Infrastructure
pala,City
paleogene,Geographic_Unit
palomar,Nonsense
pavley,Legal
periodic_evaluation,Technical
pixid_groundwater_sustainability_agency,Other_GSA
pixley_public_utility_district,District
plainview_mutual_water_company,Company
planned_projects_and_management_actions,Reference
plumas_national_forest,Natural_Feature
point_mugu,Natural_Feature
policy_project,Water_Project
poplar,Nonsense
portland,Local_Gov
public_water_systems,Natural_Feature
pyramid_hills_sands,Natural_Feature
quercus,Nonsense
r1,Nonsense
raisin_city_oil_field,Natural_Feature
ramirez_water_district,District
rancho_murieta,City
rancho_temescal,Geographic_Unit
receiving_water,Natural_Feature
recycled_water_irrigation_areas,Geographic_Unit
regional_boards,Group
regional_critical_infrastructure,Infrastructure
regional_water_quality_control_board_wqo,Group
regionals,Nonsense
rehoboth,Nonsense
reilly,Person
reliance,Nonsense
replace_existing_facilities,Nonsense
resource_conservation_district_of,District
riverwash_scrub,Natural_Feature
rmw_initial_studyw01,Reference
rmw_water_quality,Technical
rockwood,Nonsense
rod,Nonsense
rosenberg,Nonsense
russell_city_energy_center,Infrastructure
s,Nonsense
sacramento_county_farm_bureau,NGO
san_antonio_formation,Natural_Feature
san_bernardino_subbasin,Basin
san_gabriel,City
san_jacinto_fault_zone,Geographic_Unit
san_jacinto_fault_zones,Geographic_Unit
san_joaquin_river_exchange_contractors_water_authority,Group
san_joaquin_river_restoration,Water_Project
san_joaquin_valley_basin,Basin
san_juan_bautista_subbasins,Basin
san_luis_reservoir,Infrastructure
sandy_mush_mutual_water_company,Company
santa_ana_mountains,Natural_Feature
santa_cruz_creek,Natural_Feature
santa_margarita_ranch_mutual_water_company,District
santa_nella_county_water_district,District
santa_ynez_basin,Basin
saucedo,Nonsense
scott_graham,Person
section_ff_ff,Reference
semcu,District
shallow_alluvial_deposits,Natural_Feature
shasta_river_downstream,Natural_Feature
sierra_valley_resource_conservation_district,District
sjrecgsa,Other_GSA
small_water_systems,Natural_Feature
soil_agricultural_groundwater_banking_index_data,Technical
sonoma_valley_integrated_groundwater_flow_model,Technical
southwest_kings,District
states,Geographic_Unit
statewide_groundwater_elevation_monitoring_statewide_groundwater_elevation_monitoring,Technical
stream,Natural_Feature
study,Nonsense
subarticle_2,Reference
subbasin_coordination_committee,Group
subbasin_data_management_system,Technical
subbasin_technical_committee,Group
subsurface,Nonsense
success,Nonsense
sulfate,Natural_Feature
sullivan_et_al,Reference
supplemental_monitoring_network,Technical
surface_energy_balance_algorithm_for_land,Technical
surface_executive,Nonsense
sustainability_goals,Nonsense
sustainable_groundwater_management_act_projects_for,Legal
sustainable_groundwater_management_act_services_activity_agreement,Group
sustainable_groundwater_management_act_sustainability_indicators,Legal
sustainable_management_criteria_section,Reference
table_v1,Reference
tba,Nonsense
teague_data_center,Technical
technical_advisory_committees,Group
tehama_colusa_canal,Infrastructure
tehama_counties,Nonsense
tejon_castac_water_district_groundwater_sustainability_agency,Local_GSA
temporary_agricultural_land_fallowing_project,Water_Project
this_public_outreach_and_engagement_plan,Technical
tif,Nonsense
tipton_community,Group
tmc,Nonsense
town_of_discovery_bay,Local_Gov
tracy_subbasin_groundwater_sustainability_agencies,Group
triple_falls_creek,Natural_Feature
trona,City
tuolumne_rivers_groundwater_basin_association,Group
turlock_lake,Natural_Feature
turlock_subbasins,Basin
turnipseed_project,Water_Project
tuscan,Geographic_Unit
ulatis,Basin
united_states_bureau_of_reclamation_central_valley_operation_annual_reports,Technical
university_of_california_merced,State_Gov
upper_san_luis_rey,Basin
upper_san_luis_rey_subbasin,Basin
urban_communities,Group
us_express_mail,Nonsense
valley_oaks,Nonsense
valley_water_groundwater_sustainability_agency,Other_GSA
ventura_county_government_center_hall_of_administration,Infrastructure
ventura_river_watershed_council,Group
via,Nonsense
visalia_water_conservation_plant,Infrastructure
volatile_organic_compound,Technical
walnut_creek,City
water_management_plans,Technical
water_shortage_contingency_plan,Technical
watersheds_coalition_of_ventura_county_disadvantaged_community_committee,Group
website_portal,Data_System
west,Nonsense
west_butte_subbasin,Basin
white_wolf_groundwater_sustainability_agency_board,Group
woodard_curran_provost_pritchard,Company
yolo_county_flood_control_and_water_conservation_district,District
yuba_water_agency_groundwater_sustainability_agency,Other_GSA
zapato_chino_creek,Natural_Feature
a_alyson_watson,Person
a_conflict_of_interest_code,Legal
a_coordinating_committee,Group
a_long_term_sustainable_water_supply,Nonsense
action_et_al,Nonsense
ad_hoc_stakeholder_engagement_committee,Group
adobe_creek_conjunctive_use,Water_Project
ae,Nonsense
alameda_county_public_works_agency,Group
analysis_plan,Technical
anne_sippi_clinic,Nonsense
anticline_ridge,District
appendix_8a,Reference
appendix_e_detected,Reference
appendix_l,Reference
applied_water,Technical
aquatic_bioassay_and_consulting,Company
armona_csd,District
armstrong_ranch,Local_Gov
arroyo_las_posas_simi,Natural_Feature
arsenic_mitigation_project,Water_Project
as,Nonsense
asgsa_board,Group
assigning,Nonsense
at,Nonsense
atascadero_basin,Basin
attachment_f3,Reference
auditor,Person
baccharis,Natural_Feature
bandy_canyon,Natural_Feature
bank,Nonsense
banker,Nonsense
basin_plan_amendment,Reference
bbbbbbbbbb,Nonsense
bear_river_band,Group
becky_steinbruner,Person
bedford_coldwater_groundwater_sustainability_authority,Group
beneficial_uses_and_users,Legal
berrenda,Geographic_Unit
berryessa,Geographic_Unit
bfi,Nonsense
board_advisory_committee,Group
bolsa_se,Nonsense
boundary_flow_scenario,Technical
boyes_hot_springs,City
bridgeville,District
bryan_bondy,Person
buntingville,Geographic_Unit
burrel_ditch_company,Company
burton,Nonsense
byron_bethany_irrigation_district_groundwater_sustainability_agency_east_contra_costa,Local_GSA
byron_division,District
c2vsimfg_kern_model,Technical
c_share,Nonsense
calibrated_horizontal_hydraulic_conductivity,Technical
caliente_formation,Natural_Feature
california_department_of_fish_and_recommendation,State_Gov
california_government_code_section_6509,State_Gov
california_institute_of_technology,State_Gov
california_well_standards_ordinance,State_Gov
calistoga_subarea,Geographic_Unit
capay_valley,Geographic_Unit
capitol_core_group,Group
carabas,Nonsense
casa_blanca_barrier,Infrastructure
cdec10,Data_System
central_delta_130,Basin
chanac_formation,Natural_Feature
charles_brush,Person
chemical,Nonsense
chicken_hill_fault,Natural_Feature
chico_creek,Natural_Feature
chino_subbasin,Basin
chowchilla_subbasin_groundwater_sustainability_plan_advisory_committee,Group
cities_of_ceres,Local_Gov
cities_of_cotati,Nonsense
citrus_heights,City
city_of_antioch_groundwater_sustainability_agency,Local_GSA
city_of_capitola,City
city_of_coalinga_groundwater_sustainability_agency,Local_GSA
city_of_gonzales,City
city_of_kerman,City
city_of_paso_robles_groundwater_sustainability_agency,Local_GSA
city_of_san,City
city_of_soledad,City
city_of_wheatland,City
city_recharge,Infrastructure
coastal_plain_model_and_regional_model,Technical
column_l_of_table,Reference
completed_submitted_activity,Nonsense
completion_of_task,Nonsense
confined_animal_sites,Geographic_Unit
conway_bank,Natural_Feature
cooperative_extension,Group
coordination,Nonsense
cottonwood_creek_recharge_facility,Infrastructure
county_of_fresno_groundwater_sustainability_agency,Other_GSA
coyote_hills,Natural_Feature
coyote_valley_dam,Infrastructure
cross_sections,Technical
crpr,Nonsense
crystal_geyser_roxane,Company
cy,Nonsense
d_itenfisu,Nonsense
d_technical_advisory_committee_standards,Technical
data_compilation,Technical
data_entry,Technical
david_e_welter,District
david_manning,District
dce,Nonsense
deadman_creek,Natural_Feature
dehp,Nonsense
deliver,Nonsense
department_of_conservation,State_Gov
department_of_environmental_health,Local_Gov
department_of_food_and_agriculture,State_Gov
department_of_water_resources_100,State_Gov
department_of_water_resources_climate_change_guidance_and_resource_guide,District
department_of_water_resources_climate_change_technical_advisory_group1_climate,Technical
department_of_water_resources_population_tool,Data_System
description_of_coordinated_data_management_system,Technical
description_of_data,Technical
detected,Nonsense
dhi,Company
diablo_water_district_groundwater_sustainability_agency,Local_GSA
diagram,Nonsense
dickson,Nonsense
disadvantaged_community_community,Group
disadvantaged_community_involvement_committee,Group
downstream_water_users,Group
draft_monterey,Nonsense
drinking_water_and_health,Nonsense
dudley_ridge_water_district,District
dunnigan_hills_management_areas,Geographic_Unit
each_primary_and_alternate,Nonsense
east_turlock,District
eastern_management_area_groundwater_sustainability_agency,Other_GSA
eastern_tule_groundwater_sustainability_agency_basin,Basin
eastside_groundwater_sustainability_agency,Other_GSA
edison_oil_field,Natural_Feature
edna_valley_growers_mutual_water_company,Company
effect_of_minimum_thresholds_on_neighboring_basins_and_subbasins,Basin
elsinore_fault_zone,Geographic_Unit
entisols,Natural_Feature
entrix,Company
environmental_data_exchange_network,State_Gov
environmental_health_bureau,Local_Gov
environmental_resource_management_element,Reference
equation,Nonsense
esparto,City
evaluated_against_the_sustainable_management_criteria,Technical
existing_data,Technical
farallon,Natural_Feature
farallon_geographics,Company
farmhouse,Nonsense
fk,Nonsense
forebay_sustainable_management_criteria_technical_advisory_committee,Group
freeport_regional_water_authority,Group
freshwater_trust_and_local_government_commission,Group
fresno_county_board_of_supervisors,Group
fresno_sloughs,Natural_Feature
friant_water_authority_report,Technical
fruit_growers_laboratory,Company
gateway,Nonsense
general_legal_counsel,Nonsense
geologic_study_of_the_orange_cove_irrigation_district,District
geological_survey_basin_characterization_model,Technical
geomorphic_setting,Geographic_Unit
geosystems_analysis_inc,Company
gila,Natural_Feature
global_warming_potential,Technical
gms,Technical
goals_and_objectives,Reference
goods_and_services,Nonsense
google_earth,Technical
grasslands_wildlife_management_area,Geographic_Unit
grayson,City
great_program_advanced_water_purification_facility_expansion_project,Water_Project
groundwater_ambient_monitoring_and_assessment_groundwater_information_system,Technical
groundwater_dependent_ecosystem_evaluation,Technical
groundwater_guide,District
groundwater_information_center,Data_System
groundwater_management,Group
groundwater_management_plan_update,Technical
groundwater_model,Technical
groundwater_pumping_fee_program,Legal
groundwater_sustainability_agency_advisory_committee,Group
groundwater_sustainability_agency_notice,Legal
groundwater_sustainability_agency_party_board_of_directors,Group
groundwater_sustainability_plan_adoption,Reference
groundwater_sustainability_plan_emergency_regulations_guide,District
groundwater_sustainability_plan_entities,Technical
groundwater_sustainability_plan_implementation_effects_on_general_plan_water_supply_assumptions_groundwater_sustainability_plan,Technical
groundwater_sustainability_plan_stakeholder_communication_and_engagement,Technical
groundwater_sustainability_plan_working_group_administrative,Group
groundwater_sustainability_plan_workshops,Group
groundwater_sustainable_agencies,Group
gw_settlement_water,Technical
hank_rupp,Person
harris,Person
held,Nonsense
hereinafter,Nonsense
hernandez_and_paicines_reservoirs,Infrastructure
hills_valley_id,District
hopkins_groundwater_consultants,Company
httpwwwipumsorg,Nonsense
hurzel,Nonsense
hydrogeologic_survey_results_conceptual_model,Technical
hydrogeologic_working_group,Group
hydrogeological_data,Technical
hydrometrics_water_resources_inc,Company
i_a_walter,Person
implementation_procedures,Legal
incomplete_determination,Nonsense
inflow_terms_and_table,Reference
institute,Nonsense
interconnected_surface_waters,Natural_Feature
introduction,Reference
irrigation_training_research_center,Group
jacalitos,Natural_Feature
katz,Nonsense
kaweah_subbasin_hydrologic_budget_average,Technical
kerby,Nonsense
kern_county_urban_zones,Geographic_Unit
kew,Nonsense
kings_subbasin_coordinated_water_budgets,Technical
kings_subbasin_groundwater_sustainability_agencies,Group
la_loma_ranch_mutual,District
laboratory_coordinators,Group
lake_shastina,City
lake_success_reservoir,Infrastructure
lake_success_success_reservoir,Infrastructure
land_use_element,Reference
las_posas_hills,Natural_Feature
las_posas_sand,Natural_Feature
leadership_counsel,NGO
loca,Nonsense
lockeford,City
lomerias_muertas,Natural_Feature
longfin_smelt,Natural_Feature
loosely_consolidated_deposits,District
los_angeles_county_flood_control_district,District
los_angeles_county_waterworks_district,District
los_banos_creek_detention_dam,Infrastructure
lower_kaweah_rivers,Natural_Feature
lower_san_joaquin_levee_district,District
m_e_jensen,Person
mack,Nonsense
madera_canal,Infrastructure
madera_groundwater_subbasin,Basin
madera_sub_basin,Basin
management_action_8,Nonsense
management_area_critical_infrastructure,Technical
management_plan,Technical
management_practices_evaluation_program,Group
matthews,Nonsense
maximum_contaminant_limit,Legal
mayacamas,Basin
mckay,Nonsense
memorandum,Reference
mendez_et_al,Reference
merced_county_general_plan,Technical
mhb,Nonsense
michigan_bar,Geographic_Unit
milliken_reservoir,Infrastructure
monitoring_networks,Technical
monterey_bay_national_marine_sanctuary,Natural_Feature
monterey_county_general_plan,Technical
moore,Nonsense
moore_biological_consultants,Company
moore_twining_associates_environmental_division,Company
moro_cojo_slough,Natural_Feature
moss_landing,City
mutual_water,District
napa_river_flood_protection_project,Water_Project
napa_sonoma_valley_groundwater_basin,Basin
national_aeronautics_and_space_administration_jet_propulsion_laboratory,Federal_Gov
national_hydrologic_model,Technical
national_research_council,Group
natural_communities_commonly_associated,Natural_Feature
natural_resources_defense_council,Group
need_for_the_project_covering,Nonsense
new_creek,Natural_Feature
nick_janes,Person
norco_city_council,Group
north_fork_regional_recharge_project,Water_Project
notice_of_intent_to_adopt,Reference
ohws,Nonsense
ojai_basin_groundwater_management_agency,Local_GSA
ojai_valley,Geographic_Unit
ojai_water_conservation_district,District
oneill_forebay,Infrastructure
ordanance_survey,Nonsense
order_and_mrp,Nonsense
oro_loma_water_district_groundwater_sustainability_agency,Local_GSA
outdoor_access_for_all_act,Legal
outreach,Group
pacheco_pass_water_district,District
padre,Nonsense
paee,Nonsense
para,Nonsense
paradigm_environmental,Company
parcc,Nonsense
pardee_reservoir,Infrastructure
parks_creek,Natural_Feature
participating_agencies,Group
paso_basin_county_of_san_luis_obispo_groundwater_sustainability_agency,Other_GSA
patterson_and_gustine,Geographic_Unit
paula,Person
pauloo_et_al_2020,Reference
peer_review_report,Technical
peoples_ditch_company,Company
perched_mounded_aquifer,Natural_Feature
pesticide_contamination_prevention_act,Legal
pinedale_county_water_district,District
pinoleville_pomo_nation,Group
pinos_creek,Natural_Feature
pixley_id_board_of_directors,Group
pleasant_valley_pipeline,Infrastructure
pleistocene_alluvium,Natural_Feature
pole_creek_fan,Natural_Feature
portal,Nonsense
portola,City
pro_tern,Group
project_lead,Nonsense
prudic,Person
public_outreach_plan,Technical
public_trust_resources_resulting,Nonsense
public_utilities_commission_regulated_water_public_utilities_commission_regulated_water,Group
public_water,Nonsense
purisima_highlands,Geographic_Unit
qg,Nonsense
r_g_allen,Person
r_l_elliott,Person
r_l_snyder,Person
rasmus,Nonsense
rcra,Legal
rector_creek,Natural_Feature
recycled_water_transfer_stormwater_other_source_of_outside_water,District
reed_ditch_company,Company
regional_surface_water_supply_project,Water_Project
regional_water_management_group,Group
report,Technical
representative_or_alternate,Nonsense
representatives_and_alternate_representatives,Group
requires,Nonsense
reservation,Geographic_Unit
reserve_center,Infrastructure
responsible_agency,Group
rice_coalition_groundwater_assessment_report,Technical
richard_c_slade_associates,Company
riparian_mixed_hardwood_alliance,NGO
rmc_water_and_environment,Company
roberts_reservoir,Infrastructure
robles_city_hall,Infrastructure
rockworks,Technical
rrbwsd,District
rsc,Nonsense
rules_and_regulations,Legal
rural_communities,Group
rwm_stakeholders_group,Group
sa_1_2,Nonsense
sacigsm,Basin
salinas_city_company,Company
samantha_salvia,Person
san_bernardino_valley,Geographic_Unit
san_elijo,District
san_fernando,City
san_jacinto_lower_pressure,Natural_Feature
san_jacinto_upper_pressure,Natural_Feature
san_joaquin_basin,Basin
san_joaquin_river_exchange_contractors_management_area_j,Geographic_Unit
san_joaquin_river_restoration_settlement_water_management_goal,Legal
san_luis_delta_mendota_water_authority_los_banos,District
san_luis_obispo_county_integrated_regional_water_management_plan,Technical
san_pedro,Geographic_Unit
santa_clarita_valley_water_agency,Group
santa_clarita_valley_water_district,District
santa_rosa_syncline,Natural_Feature
santa_ynez_community_services_district,District
santa_ynez_upland,Geographic_Unit
sec,Federal_Gov
sections,Nonsense
sedimentary_deposits,Natural_Feature
segment_est,Technical
self,Nonsense
semitropic_water_storage_district,District
setting_representative_monitoring_site_appendix_c_figure,Reference
setting_representative_monitoring_site_appendix_d_figure,Reference
shandon_san_juan_groundwater_sustainability_agency,Local_GSA
shasta_river_near_montague,Natural_Feature
shrubland_alliance,NGO
sierra_counties,Geographic_Unit
sierra_valley_groundwater_basin,Basin
sims,Nonsense
slater,Nonsense
sn_management_corp,Company
sonoma_county_department_of_health_services,Local_Gov
sonoma_valley_subbasins,Basin
soquel_creek_water_district,District
south_county_cities,Geographic_Unit
south_kings,District
south_mesa_barrier,Infrastructure
south_sutter_water_district_groundwater_sustainability_agency,Local_GSA
spatial_distribution,Technical
springs,Natural_Feature
spv_basin,Basin
stakeholder_engagement,Group
stanislaus_rivers,Natural_Feature
starting,Nonsense
state_highways_132,Infrastructure
state_third_appellate_district_court_of_appeal,State_Gov
state_water,State_Gov
stevinson,City
stewart_creek,Natural_Feature
stream_inflow_tule_river_streamflow,Natural_Feature
subarticle,Reference
subsurfac,Nonsense
success_dam_enlargement,Water_Project
sulfate_dissolved,Nonsense
sun_world,Company
supreme_court_of_the_united_states,Federal_Gov
sustainability_criteria_zone,Geographic_Unit
sustainability_plan_related_support,Nonsense
sustainable_management_sustainability_indicators_criteria_sustainable_management_criteria,Legal
sycamore_slough,Natural_Feature
t_a_howell,Person
table_7,Reference
table_pma1,Reference
tbd,Nonsense
tehama_formation_of_pliocene,Natural_Feature
tehama_tuscan_transition_zone,Geographic_Unit
tejon_castac_management_area_figure,Reference
tejon_castac_water_district,District
temescal_sub_basin,Basin
terranova,Company
this_sampling_and_analysis_plan,Technical
tier_1_management_action,Technical
tier_2,Nonsense
tolay,Geographic_Unit
toxic_injection_well_control_act,Legal
trans,Nonsense
traver,City
tribal_outreach_committee,Group
trust,Nonsense
tsj,Nonsense
tsmf,Nonsense
tujunga,Geographic_Unit
tulare_county_environmental_health_services_division,Local_Gov
tulare_county_general_plan_background_report,Technical
tulelake_irrigation_district_groundwater_sustainability_agency,Local_GSA
tulucay,Natural_Feature
turbidity,District
u_v_43,Nonsense
united_states_government,Federal_Gov
upper,Nonsense
upper_and_lower_180_foot_aquifers,Natural_Feature
upper_limit_secondary_maximum_contaminant_level,Legal
upper_san_luis_rey_watershed_model,Technical
upper_valley_subbasin_committee,Group
upw,Nonsense
us_army_corps_of_engineers,Federal_Gov
us_bureau_of_reclamation_federal_facilities,Federal_Gov
us_census_bureau_disadvantaged_community_tract,Legal
us_mail,Infrastructure
val_verde,City
vandenberg,Infrastructure
vegcamp,Nonsense
ventura_county_investigation,Technical
veterans_home,Nonsense
vpbw,Nonsense
water_balance_subregions,Geographic_Unit
water_budget_bmp,Technical
water_division,State_Gov
water_quality_criteria,Legal
water_resources_division,State_Gov
wcvc,Group
wdl,District
wells_valley_cooperative_groundwater_management_group,Group
westlands_water_district_board,Group
westside_sacramento,District
westside_subbasin_groundwater_sustainability_plan,Technical
wildomar_fault,Natural_Feature
wilson_1959,Reference
wine_institute,NGO
wood_rodgers,Company
work_group_facilitator,Group
work_of_ad_hoc_sub_workgroups,Group
wrime,Nonsense
wy1993,Nonsense
yuba_water_agency_board_of_directors,Group
yucaipa_sub_basin,Basin
yvwd02,District
zack_carroll,Person
zapato_chino_creeks,Natural_Feature
a_human_right_to_safe_drinking_water,Legal
a_state_water_project_table,Reference
action_1,Nonsense
actions_to_address_data_gaps,Technical
ad_hoc_communications_committee,Group
adaptive_management,Legal
administration,Nonsense
aerojet_site,Infrastructure
afd,Nonsense
agricultural_order_no,Legal
agricultural_water_quality_goals,Legal
alameda_water_company,Company
albaugh_public_draft,Reference
alexander,Nonsense
aliquot,Nonsense
alternate_representatives,Group
alzraiee,Nonsense
american_river_basin_study,Technical
and,Nonsense
andrews_street_bridge,District
angeles,Nonsense
angelica_martin,Person
annual,Nonsense
annual_budget,Nonsense
appendix_1_a,Reference
appendix_2,Reference
appropriative,Legal
arcadia_water_treatment_plant,Infrastructure
arcmap,Technical
argus,Data_System
arroyo_santa_rosa_groundwater_sustainability_agency_board,Group
arvin_edison_management_area_figure,Reference
assembly_bill_1668,Legal
attachment_c_freshwater,Reference
awaswas,Nonsense
ballico_cortez_water_district,District
banking_ma,Nonsense
barbara_county,County
barranca,Nonsense
base_pumping_allocation_program,Legal
base_realignment_and_closure,Group
basin_coordination_agreement,Group
basin_groundwater_dependent_ecosystem,Natural_Feature
basin_plan_objectives,Reference
bcid_board_of,District
beaumont_storage_unit,Infrastructure
beneficial_uses_and_land,Technical
berkstresser,Nonsense
blair_et_al,Reference
bmps,Nonsense
board_of_the_cga,Group
board_or_advisory_committee,Group
bowman_subbasin_surface_water_system,Natural_Feature
brandt,Person
breen,Nonsense
bryan_thoreson,Person
bsk_associates,Company
btdqs,Nonsense
buellton_bend,Natural_Feature
bulrush_cattail,Natural_Feature
bvgsa,Other_GSA
cache_formation,Natural_Feature
cal_poly_national_oceanic_and_atmospheric_administration,Federal_Gov
california_civil_code,State_Gov
california_department,State_Gov
california_department_of_fish_wildlife,State_Gov
california_statewide_median_household_income,State_Gov
california_water_plan,State_Gov
canvasback,Nonsense
capay_hills,Natural_Feature
carollo_engineers,Company
carrick,City
casitas_reservoir,Infrastructure
castro_valley,City
ccwg,Group
central_coast_groundwater_coalition,Local_Gov
central_coast_regional_water_quality_control_board_ag_order,Legal
central_coast_vineyard_team,Group
central_management_area_groundwater_sustainability_agency,Other_GSA
central_valley_regional_water_board,Group
central_valley_salt_and_nitrate_management_plan,Technical
charleston,Geographic_Unit
charnock_and_olympic_wellfields,Infrastructure
chilcoot,Geographic_Unit
chloride_dissolved,District
christopher,Person
christopher_ohland,Person
citizen_advisory_committee,Group
city_of_alameda,City
city_of_american_canyon,City
city_of_ojai,City
city_of_riverside,City
city_of_selma,City
clahan,Nonsense
cloverdale_creeks,Natural_Feature
coalinga_state_hospital,Nonsense
coastal_branch_pipeline,Infrastructure
codornices_creek,Natural_Feature
cold_stream,Natural_Feature
collaborate,Nonsense
colusa_county_water_resources,Local_Gov
colusa_grass_plants,Natural_Feature
communication_and_engagement,Group
communication_engagement,Group
communications_and_public_engagement,Group
communications_engagement_plan,Technical
communications_rep,Nonsense
conditions,Nonsense
cone,Nonsense
conn_valley,Geographic_Unit
consolidated_foundries_incorporated,District
continental_deposits,Natural_Feature
continuous,Nonsense
contra_costa_counties,Local_Gov
coordinated_operation_agreement,Group
coordination_committee_meetings,Group
coordination_committee_of_the_authorization,Group
copeland_creek,Natural_Feature
cordua_irrigation_district_groundwater_sustainability_agency,Other_GSA
county_general_plan,Technical
county_of_monterey_housing_and_community_development,Local_Gov
county_of_plumas_groundwater_sustainability_agency,Local_GSA
county_of_sutter_groundwater_sustainability_agency_north_american,Local_GSA
covered,Nonsense
cpgs,Group
cpmg,Nonsense
crc_pipeline,Infrastructure
creely_force,Nonsense
croft,Nonsense
csu,State_Gov
cuddy_creek_bank_modifications_project,Water_Project
cwa,Legal
dale_et_al,Reference
data_gaps_data,Technical
deadman_gulch,Natural_Feature
deanna_delu,Person
deep_aquifers_study,Technical
del_temescal,Geographic_Unit
delta_community_area_plan,Technical
delta_division,District
delta_mendota_groundwater_sustainability_plan_groups,Group
delta_technical_working_group_meetings,Technical
department_of_water_resources_global_positioning_system,Technical
department_of_water_resources_online_population_tool,Data_System
department_of_water_resources_technical_support_services,Technical
department_of_water_resources_wy,State_Gov
dhi_water_environment,Company
digital_communication_digital,Nonsense
disadvantaged_community_involvement_program,Group
district_headquarters,Nonsense
district_supervisors,Group
division_of_environmental_health,State_Gov
dixon_rio_vista,Local_Gov
dm_ii_groundwater_sustainability_agency,Local_GSA
dow_chemical_et_al,Company
drainwater,Natural_Feature
drinking_water_protection_services,Local_Gov
dry_well_notification_system,Technical
dunn_environmental,Company
east_bay_municipal_utility_district,District
east_branch_extension,Infrastructure
east_contra_costa_working_group,Group
east_turlock_subbasin,Basin
eastside_groundwater_sustainability_plan,Technical
eastside_water_management_area,Geographic_Unit
economically_distressed_area,Geographic_Unit
ed_surface,Nonsense
eel_river_action_plan,Technical
el_toro,Nonsense
eldredge,Nonsense
elk_bayou,Natural_Feature
elkhorn_slough,Natural_Feature
elsinore_valley_municipal_water_district_board_of_directors,Group
eltal,Nonsense
environmental_assessment,Technical
environmental_conservation_interests,Group
environmental_council_of_sacramento,NGO
environmental_quality_act_complete,Legal
equip,Nonsense
era_economics,Company
exeter_irrigation_district,District
fallowing,Nonsense
farm_evaluation_plans,Technical
farm_service_agency,Federal_Gov
fcc,Nonsense
federal_court,Federal_Gov
federal_maximum_contaminant_levels,Legal
federal_regulatory_agencies,Group
fernando_group,Group
fig,Nonsense
flint_et_al,Person
flood_board,Group
forebay_aquifer_subbasin,Basin
forebay_management_area,Geographic_Unit
forming_parties,Group
fort_ord_conceptual_site_model,Technical
fox_canyon_groundwater_management_agency_groundwater_sustainability_agency_arroyo_santa_rosa_valley,Geographic_Unit
franklin,City
freeman_expansion_project,Water_Project
fresno_county_department_of_public_health,Local_Gov
friant_central_valleyp,District
future_baseline_with_projects,Water_Project
g,Nonsense
galloway_et_al,Reference
gannett,Company
garfield_water_district,District
general_and_community_plans,Technical
general_plans_andor_community_specific_plans,Technical
geological_survey_gage_improvement_district_11135500,District
geomorphic,Nonsense
george_fontes,Person
geotechnical_consultants,Technical
geothermal_resources,Natural_Feature
gilroy_hollister_groundwater_basin,Basin
gis_user_community,Group
glover,Person
goal,Nonsense
goodnow_slough,Natural_Feature
gorelick,Person
governing_boards,Group
gqmps,Data_System
grassland_basin_drainers,District
grassland_resource_conservation_district_board_of_directors,Group
greater_monterey_county_integrated_regional_water_management_regional_water_management_group,Group
grizzly_creek,Natural_Feature
groundwater_dependent_ecosystem_work_group,Group
groundwater_discharge,Natural_Feature
groundwater_discharge_to_streams,Natural_Feature
groundwater_monitoring_facilities,Technical
groundwater_sustainability_agency_tracking,Data_System
groundwater_sustainability_agency_tracking_sheet,Technical
groundwater_sustainability_plan_assessment_reports,Technical
groundwater_sustainability_plan_coordination_committee_and_technical_committee,Group
groundwater_sustainability_plan_coordination_group,Group
groundwater_sustainability_plan_development_project,Water_Project
groundwater_sustainability_plan_elements_elements,Reference
groundwater_sustainability_plan_elements_guide,District
groundwater_sustainability_plan_level_water_budgets,Technical
groundwater_sustainability_plan_model,Technical
groundwater_sustainability_plan_organization_and_preparation_checklist,Reference
groundwater_sustainability_plan_planning_team,Group
groundwater_sustainability_plan_regions,Geographic_Unit
groundwater_sustainability_plan_staff,Group
groundwater_sustainability_plan_stakeholder_communication_and_engagement_guidance_document,District
groundwater_sustainability_plan_subgroup,Group
groundwater_sustainability_planning,Technical
gsag,Nonsense
guejito_creeks,Natural_Feature
gwp_collective_numeric_interim,Technical
gwv,Nonsense
halliday,District
hayward_wells_b,Infrastructure
hcgwpp,District
helley_and_hardwood,Nonsense
hgc,District
hidden_dam,Infrastructure
high_cascade,Basin
highland_springs_reservoir,Infrastructure
hill_creek,Natural_Feature
hollister_urban_area_water_project,Water_Project
holser,Nonsense
hueneme_road,Infrastructure
hydrologic_unit,Geographic_Unit
identification_of_data_gaps,Technical
imerys,Company
improvement_district,District
independent_science_review_panel,Group
individual,District
industrial_process_supply,Natural_Feature
inrmp,Nonsense
integrated_implementation_plan,Technical
interests_and_challenges_stakeholder,Group
interim_operating_agreement,Group
intermap,Company
internal_calibration,Technical
interstate_80_bridge,District
invasive_plant_removal,Water_Project
inyo_county_environmental_health_department,Group
irrigated_land_regulatory_program,Legal
irrigation_management_information_system_et,Data_System
irrigation_management_information_system_stations,Data_System
is,Nonsense
isp,Nonsense
itrc_mapping_evapotranspiration_at_high_resolution_with_internalized_calibration,Technical
japan,Nonsense
john_f_mann_jr,Person
kdsa_et_al,Nonsense
kear,Nonsense
kelsey_tuff,Natural_Feature
kern_gorge_fault,Natural_Feature
kern_groundwater_authority_groundwater_sustainability_agency_managers_group,Group
kern_subbasin_or,Basin
kern_water_bank_authority,Group
king_subbasin,Basin
kings_river_water_district,District
koltermann,Person
lacey_kiriakou,Person
lahontan_regional_board,Group
lake,County
lake_hennessey,Natural_Feature
lake_nacimiento,City
lakeport,City
land_subsidence_data,Technical
lcgmp,Nonsense
leake,Nonsense
leaking_underground_storage_tank,Technical
lemoore_naval_air_station,Infrastructure
lettis,Nonsense
lindcove,City
lindmore,Nonsense
lindo_channel,Natural_Feature
loam,Natural_Feature
local_primary_agency,Group
lompico_creek,Natural_Feature
los_angeles_region,Geographic_Unit
los_molinos_subbasin_table,Reference
los_padres_national_forest,Natural_Feature
lower_klamath_national_wildlife_refuge,Federal_Gov
lower_princeton_valley_fill,Basin
lux,Nonsense
madera_county_west,Geographic_Unit
madera_farm,Nonsense
madera_farm_bureau,NGO
madera_valley_water_company,Company
maintaining_sustainability,Nonsense
management_action,Nonsense
management_actions_and_projects,Water_Project
management_practice_evaluation_program,Technical
management_zones,Geographic_Unit
manning_creek,Natural_Feature
manual_of_california_vegetation,State_Gov
map_unit,Reference
mapping_evapotranspiration,Technical
mar,Nonsense
maricopa,City
mary_anne_seay,Person
master_water_treatment_agreement,Group
matt_zidar,District
matti_et_al,Reference
mcnab_creek,Natural_Feature
measurable_objectives_and_interim_milestones,Technical
media,Nonsense
mendota_pool_group_monitoring_program,Technical
mendota_subbasin_coordination_committee_and_technical_working_group,Group
merced_county_general_plan_background_report,Technical
merced_region,Geographic_Unit
merced_sun_star,NGO
mercury,Natural_Feature
metropolitan_water_district_of_southern_california,State_Gov
meyers_farm,Nonsense
mid,District
migratory_bird_treaty_act,Legal
mills,Nonsense
miramar,Nonsense
mitten,Nonsense
mixed_willow_super_alliance,Group
mnw2,Technical
model_layer_3,Technical
model_layer_4,Technical
modelo_formation,Natural_Feature
moi,Nonsense
monitoring_well_standards,Technical
montague_water_conservation_district,District
montgomery,Nonsense
mound_basin,Basin
mound_basin_groundwater_sustainability_agency_board,Group
mount_shasta,City
mpwmdfo10s,Nonsense
multi,Nonsense
multiple_comment_response,Nonsense
mw_n,Nonsense
napa_county_baseline_data_report,Technical
napa_county_groundwater_ordinance,Legal
narrowleaf_willow,Natural_Feature
narrows_nr_lompoc_ca,Natural_Feature
national_audubon_society,NGO
national_hydrograph_dataset,Technical
national_oceanic_and_atmospheric_administration_national_centers_for_environmental_information,Natural_Feature
national_resource_conservation_service,Federal_Gov
native_american_contacts_list_request,Nonsense
neb_modflow,Technical
neroly_formation,Natural_Feature
newhall_county_water_district,District
nick_watterson,Person
niles_cone_alternative,Basin
nojoqui_creek,Natural_Feature
non_groundwater_sustainability_agency,Other_GSA
north,Nonsense
north_carolina,State_Gov
north_county_project,Water_Project
north_delta_water_agency,Group
north_richmond,City
north_system,Infrastructure
northern_central,Geographic_Unit
northside,District
notes,Nonsense
nuevo_lakeview_production_area,Geographic_Unit
oakdale_id,District
oilfield,Natural_Feature
omochumne,Basin
one_water_hydrologic_model,Technical
operations,Nonsense
opti,Nonsense
orland_artois_water_district,District
owens_lake_management,Group
pacific_a,Nonsense
page_balding,Reference
pajaro_valley_water_agency,Group
partnership,Group
pavlovic,Nonsense
peoples_water_company,Company
permit_11043,Legal
petaluma_formation,Natural_Feature
piedmont,City
pine_flat_dam,Infrastructure
pioneer,City
pioneer_point,Geographic_Unit
piru_subbasin,Basin
plans,Technical
pleasant_valley_water_district,District
plio_pleistocene,Natural_Feature
pmas,Group
potrero_canyon,Natural_Feature
power_and_water_resources_pooling_authority,Group
prado_management_area,Geographic_Unit
prather_creek,Natural_Feature
proberta,City
proberta_water_district,District
project_chemist,Nonsense
project_implementation,Nonsense
project_r2,Water_Project
projects_and_actions,Group
public_draft,Reference
pumping_management_plan,Technical
pumping_optimization_project,Water_Project
pure_water_monterey_project,Water_Project
ralph_m_brown_act_54950,Legal
rancho_matilija_mutual_water_company,Company
reach_4_of,Nonsense
recharge_master_plan,Technical
reclamation_district_no_1001_groundwater_sustainability_agency,Local_GSA
reduction_with_projects,Water_Project
reduction_without_projects_scenario_2,Technical
remedial_investigation,Technical
remedial_investigation_fs,Reference
remleh_scherzinger,Person
rhode_et_al,Person
richard_c_slade_associates_llc,Company
richard_shatz,Person
rio_del_mar,City
riverside_counties,District
rmw_isw,Nonsense
rmw_trc_monitoring_well23d,Technical
rogina_water_company,Company
rural_community_assistance_corporation,NGO
sacramento_county_superior_court,Nonsense
salinas_valley_basin_groundwater_sustainability_agency_advisory_committee,Group
salinity_management_pipeline,Water_Project
salt_and_nitrate_management_plan,Technical
salt_creek_groundwater_dependent_ecosystem_evaluation_unit,Geographic_Unit
san_ardo,City
san_benito_river_valley,Geographic_Unit
san_diego_regional_water_quality_control_board,Group
san_dieguito,Basin
san_gorgonio,Basin
san_jacinto_flow_model,Technical
san_joaquin_river_restoration_study_background_report,Technical
san_juan_subarea,Geographic_Unit
san_juan_water_district,District
san_lorenzo_valley_water_district_pasatiempo,District
san_luis_delta_mendota,Basin
san_miguelito_creek,Natural_Feature
san_pedro_formations,Natural_Feature
san_timoteo_wash,Natural_Feature
santa_ana_basin,Basin
santa_ana_south,Basin
santa_barbara_channelkeeper,NGO
santa_barbara_county_board_of_supervisors,Group
santa_clarita_valley_sanitation_district,District
santa_margarita_aquifer,Natural_Feature
santa_ynez_river_area,Geographic_Unit
santa_ysabel_creeks,Natural_Feature
sceps,Nonsense
scv_recharge_compiler,Technical
sea_level_rise,Natural_Feature
seaside_watermaster,District
section_1714_monitoring_network,Reference
section_316,Reference
section_328,Reference
section_page,Reference
sections_1090,Reference
sentinel_weekly_news,Reference
sfkgsa,Local_GSA
sgpsgm,Nonsense
shandon_subarea,Geographic_Unit
shasta_dam,Infrastructure
shasta_trinity_national_forest,Natural_Feature
sierra_brooks,City
sierra_nevada_mountain_range_and,Natural_Feature
sierra_valley_groundwater_management_district_board_of_directors,Group
siii,Nonsense
simulated,Nonsense
sisquoc,City
smgwa_board_of_directors,Group
smith_et_al,Reference
sneed,Nonsense
sneed_et_al,Reference
snmps,Nonsense
solano_county_general_plan,Technical
solano_subbasin_groundwater_sustainability_agency_collaborative,Group
solano_subbasins,Basin
south_mesa04,Reference
stakeholder_advisory_committees,Group
stakeholder_communications,Technical
stakeholder_outreach,Group
stakeholder_workshops_stakeholder,Group
standard_methods,Technical
stevinson_water_district,District
strathmore_map,Reference
study_unit_survey,Technical
subbasin_coordination_agreement,Group
subbasin_groundwater_sustainability_agency,Other_GSA
subbasin_management_team,Group
subbasin_no,Technical
subbasin_planning_committee,Group
subbasin_sustainability_goal,Nonsense
subwatershed,Geographic_Unit
supervisory_control_and_data_acquisition,Technical
surface_water_quality_ammonia,Technical
surface_water_supply,Natural_Feature
sustainability_fee,Legal
sustainable_groundwater_management_act_annual_report,Technical
sustainable_groundwater_management_act_monitoring_networks,Technical
sustainable_groundwater_management_act_sustainability_indicators_six,Legal
sustainable_groundwater_management_act_technical_support_services,Technical
sustainable_groundwater_management_program,Legal
sustainable_management_criteria_best_management_practice,Technical
sustainable_management_of_groundwater_sustainable_management_criteria_bmp,Technical
sustainable_management_of_groundwater_water_budget,Technical
sve,Nonsense
sweeney_creek,Natural_Feature
swk,Nonsense
swsd,District
sycamore_creek,Natural_Feature
syrwcd,District
t0601300019,Reference
table_a_entitlement,Reference
task_force,Group
teague_et_al,Reference
teale_albers,Basin
technical_memo,Technical
tejon_ranch_conservation_and_land_use,Nonsense
tejon_ranch_corporation,Company
teledyne_cast_parts,Company
terranova_ranch,Local_Gov
tetra_tech,Company
this_common_chapter,Nonsense
thomas_harder_and_company,Company
thompson_creek,Natural_Feature
tier_1_sustainable_pumping_charge,Legal
tier_2_transitional_pumping_charge,Legal
tmdl,Legal
tony_emmert,Person
toro_creek,Natural_Feature
towill_inc,Company
transportation_agency_for_monterey_county,County
tres_pinos_county_water_district,District
tributaries,Natural_Feature
tulare_county_local_agency_formation_commission,Group
tupman,City
turk,Nonsense
uavsar,Technical
ukiah_valley_basin_groundwater_sustainability_agency_board,Group
united_and,Nonsense
united_auburn_indian_community,Group
united_states_bureau_of_reclamation_water_allocations,Federal_Gov
united_states_census_bureau,Federal_Gov
united_states_fish_and_wildlife_service,Federal_Gov
university,Nonsense
university_of_california_at,State_Gov
university_of_california_division_of_agriculture_and_natural_resources,State_Gov
upper_princeton_valley,Geographic_Unit
upper_san_luis_rey_resource_conservation_district,District
upper_valley_subbasin_groundwater_sustainability_plan,Technical
urban_lands,Geographic_Unit
urban_ma,Nonsense
us_department_of_agriculture,Federal_Gov
us_fish_wildlife_service,Federal_Gov
variability_correction_factor,Technical
ventura_harbor,Natural_Feature
vgm,Nonsense
vina_north,Geographic_Unit
virtual_town_hall,Group
voting_representative,Nonsense
vroblesky,Person
washington,City
water_control_diagram,Reference
water_quality_objectives,Legal
water_supplies,Nonsense
watershed_coordinator,Person
watershed_information_center_and_conservancy,NGO
wbs,Nonsense
wellhead_protection_program,Legal
west_kern_water_district,District
west_modesto,City
west_turlock_subbasin_groundwater_sustainability_agency_board,Group
westend,Nonsense
western_shasta_resource_conservation_district,District
wetland_riparian_communities_hydrological_flow,Natural_Feature
wgs84,Technical
white_ranch,Geographic_Unit
willits,City
wilson_grove_formation_highlands,Natural_Feature
wisp,Nonsense
wl,Nonsense
work_of_subcommittees_and,Nonsense
wsj,Nonsense
ynez_river,Natural_Feature
yolo_county_farm_bureau,NGO
yolo_zamora_north,Geographic_Unit
ysga_board_of_directors,Group
yucaipa_graben_complex,Natural_Feature
yucaipa_valley_regional_water_filtration_facility,Infrastructure
zone_3_operations_planning_tool,Technical
2015_uwmp,Technical
a2_a4,Nonsense
a3,Nonsense
a_alyson,Person
a_groundwater_planning_commission,Group
a_party,Nonsense
aaee,Nonsense
accounting_system,Technical
acer,Nonsense
acreage,Nonsense
activity,Nonsense
adobe,Nonsense
advisory_boards_meetings_updates,Group
advisory_committee_and_board,Group
advisory_committee_regular_meeting,Group
aecom,Company
aerojet_rocketdyne,Company
aes,Company
af_month,Nonsense
ag_orders,Legal
agf,Nonsense
agl,Nonsense
agreement,Group
agricultural_conservation,Nonsense
agricultural_water_management_council,Group
agricultural_water_quality_objectives,Legal
alameda_county_city,Local_Gov
alamo,City
albaugh,Nonsense
alfisols,Natural_Feature
alfonso,Person
ali_taghavi,Person
all_water_level_data,Technical
allocations_and_default_flow_schedules,Technical
alluvial_fan,Natural_Feature
alternative,Nonsense
american_society_for_testing_and_materials,NGO
analyze,Nonsense
anderson_lodge,Nonsense
antelope_subbasin_table,Reference
apex_ranch,Nonsense
appendix_1_notice_of_intent_to_adopt,Reference
appendix_2_d_active,Reference
appendix_3a,Reference
appendix_3a_figure,Reference
appendix_3b,Reference
appendix_p,Reference
apple,Nonsense
aqueduct_along_old_river_road,Infrastructure
aquifer,Natural_Feature
aquifer_replenishment_project,Water_Project
aquifer_walnut_ave_ws,Natural_Feature
aquilogic_inc,Company
are_responsible_for_the_disproportionate_and_disparate_impacts_that_will_have_on_disadvantaged_communities_belonging_to_protected_groups,Group
army_corps,Federal_Gov
arroyo_grande,City
arvin_edison_water_storage_district_board_of_directors,Group
asch,Nonsense
assessor_parcel_number,Data_System
association_of_california_water_agencies,State_Gov
atascadero_groundwater_sustainability_agency,Other_GSA
attachment,Nonsense
audubon_society,NGO
az1,Nonsense
b1,Nonsense
b_staff,Nonsense
bachand_and_associates,Company
bartlett,Nonsense
bartow_and_pittman,Person
base_pumping_allocation,Legal
basin_coordinator,Group
basin_deposits,Natural_Feature
basin_level_public_data,Technical
bay,Natural_Feature
bcid_board_of_directors,Group
bedford_wash,Infrastructure
beneficial_uses_and_users_of,Nonsense
benefit,Nonsense
berryman,Person
bifenture_ec_agricultural,Nonsense
bill_6,Legal
biola_community_service_district,District
black_rascal_creek,Natural_Feature
blms,State_Gov
bob_kelley,Person
bolsa_subbasins,Basin
boundary_brentwood_modification,Legal
bowman_cottonwood_creek_invasives_control,Water_Project
bowman_subbasin_groundwater_sustainability_plan,Technical
boyle_engineering,Company
brent_richardson,Person
britz,Nonsense
brookdale,City
bruno,Nonsense
buena_vista_farms,Local_Gov
buena_vista_wsd,District
bulletin_7490,Reference
bureau_of_irrigation_lab_reclamation,Federal_Gov
bureau_of_reclamation_1947,Federal_Gov
butte_valley_irrigation_district,District
by_other_entities,Nonsense
cal_am_slant,Infrastructure
cal_poly_irrigation_training_research_center,Group
california_coastal_conservancy,State_Gov
california_code_of_regulations_division,State_Gov
california_department_of,State_Gov
california_department_of_veterans_affairs,State_Gov
california_drinking_water_notification_levels,State_Gov
california_elevation_monitoring_statewide_groundwater_elevation_monitoring,State_Gov
california_natural_resources,State_Gov
california_state_water_project,State_Gov
california_water_code_section_12924,State_Gov
california_water_plan_update,State_Gov
california_water_resources_control_board,State_Gov
california_waterfowl_association,State_Gov
calleguas_creek_watershed,Geographic_Unit
calloway_weir,Infrastructure
camp_anza,Local_Gov
can_operate,Nonsense
canada,Geographic_Unit
capital_improvement_and_financing_plan,Technical
capital_project_budget,Reference
careaga_sand_formation,Natural_Feature
carex,Nonsense
carrick_creek,Natural_Feature
casillas,Nonsense
castac_basin_groundwater_flow_model,Technical
catostomus,Natural_Feature
ccwqcp,Group
central_coast_wetlands_group,Group
central_valley_formation,Natural_Feature
central_valley_joint_venture,Group
central_valley_project_supplies_central_valley_project,Water_Project
cerrito_creek,Natural_Feature
cfc,Nonsense
cfr,Legal
cga_operations_fee,Legal
ch_appendix_6a,Reference
chain_of_custody,Technical
chair_of_the_board,Group
chair_of_the_stakeholder_committee,Group
chalfant,City
charles_holman,Person
china_island_unit,Geographic_Unit
china_slough,Natural_Feature
cities_of_visalia,Local_Gov
citizen_advisory_group,Group
citizens_advisory_committee,Group
citrus_supreme_spray_oil,Nonsense
city_council_and_county_board_of_supervisors,Group
city_council_of_bakersfield,Local_Gov
city_of_lakeport,City
city_of_livingston,City
city_of_mcfarland,City
city_of_redding,City
city_of_san_luis_obispo_groundwater_sustainability_agency,Local_GSA
city_of_santa,City
city_of_seaside_city,City
clay_marker,Natural_Feature
clay_water_district,District
cleanup_and_abatement_orders,Legal
cma_agencies,Group
coast_ranges,Geographic_Unit
coldwater_subbasin,Basin
coleman,Nonsense
colgan_creek,Natural_Feature
collectively,Nonsense
colusa_county_groundwater_commission,Group
colusa_subbasin_multi_benefit_groundwater,Water_Project
colusa_subbasin_multi_benefit_groundwater_recharge,Water_Project
committees,Group
community_of_pixley_community_of_earlimart_city_of,City
community_of_terra_bella_community_of_community_of_poplar,Nonsense
community_profiles,Technical
community_workshops,Group
compared,Nonsense
comprehensive_environmental_response_compensation,Legal
con_ext,Nonsense
conaway,Person
conaway_ranch,Infrastructure
conjunctive_use_programs_local,Nonsense
conservation_land_water_use_changes,Technical
conservation_reserve_program,Legal
construction_documents_building_permits,Legal
consultants,Nonsense
continue,Nonsense
contra_costa_county_gp,Local_Gov
control_board,Group
coordinate_evaluation_with_guidance_developed,District
coordinates_x_report,Technical
coordination_of_monitoring_subsidence,Technical
corning_subbasin_groundwater_sustainability_agency,Other_GSA
corps,Federal_Gov
council_chamber,Nonsense
county_of_lassen_groundwater_sustainability_agency,Local_GSA
county_of_modoc_groundwater_sustainability_agency_big_valley,Local_GSA
county_subareas,Geographic_Unit
critically_dry,Legal
critically_dry_water_year,Technical
cropscape,Data_System
csab,Group
cultural_resources_department,Group
cutler_public_utility_district,District
cw,Nonsense
daniel_b_stephens,Person
data_gap_analysis_technical_appendix,Reference
data_gaps,Technical
data_gaps_analysis,Technical
data_management,Technical
dates,Nonsense
davids_eng,District
davis_et,Reference
de,Nonsense
decision_making_process,Nonsense
delano_earlimart_irrigation_district_management_area_action_1_continued,Reference
delivery_capability_report,Technical
delta_water_supply_project,Water_Project
demello,Nonsense
denmark,Geographic_Unit
department_of_fish_and_wildlife_private_duck_ponds_groundwater_dependent_ecosystem_evaluation_unit,Natural_Feature
department_of_water,Local_Gov
department_of_water_resources_2011,Reference
department_of_water_resources_basins_subbasins,Basin
department_of_water_resources_bulletins,Reference
department_of_water_resources_climate_change_technical_advisory_group,Group
department_of_water_resources_disadvantaged_community_mapping,Data_System
department_of_water_resources_groundwater_sustainability_plan,Technical
department_of_water_resources_north_central_region_office,State_Gov
department_of_water_resources_statewide_groundwater_elevation_monitoring,Technical
department_of_water_resources_subbasin,Basin
department_of_water_resources_variable_infiltration_capacity,Technical
department_of_water_resources_water,State_Gov
department_of_water_resources_water_management_planning_tool,Data_System
depletions_of_interconnected_surface_water,Technical
description_of_steps_to_fill_data_gaps,Technical
developed_for_implementation_northern_sacramento,Nonsense
developed_supply,Technical
direct,Nonsense
disney_corporation,Company
dissolved_molybdenum,Nonsense
district_board_meetings,Group
district_court,Nonsense
district_groundwater_sustainability_agency_board,Group
domestic_well,Infrastructure
doreen,Nonsense
draft_piru_fillmore_basins_assembly_bill_3030,Legal
drain,Natural_Feature
driller,Nonsense
drt_drain_return_package,Technical
dry_creeks,Natural_Feature
duck_slough,Natural_Feature
dutchman_creek,Natural_Feature
dwrsf,Nonsense
east_contra_costa_subbasins,Basin
east_side_streams,District
east_side_subarea,Geographic_Unit
east_well_field,Infrastructure
eastern_hills,Geographic_Unit
eastern_tule_interested_parties,Group
eastern_water_alliance,Group
eastside_subbasin_planning_committee,Group
ebpgb_model,Technical
eckhardt,Person
eda,Nonsense
efficient_water_management_practices,Nonsense
el_toro_groundwater_study,Technical
electronic_data_library,Technical
elks_lane,Geographic_Unit
empire,City
environmental_health_department,Group
environmental_planning_permitting,Group
eocene_epoch,Nonsense
equation_1,Nonsense
erik_ringelberg,Person
esd,Nonsense
etchegoin_formation,Natural_Feature
european_commission,Group
exempt_aquifers,Natural_Feature
existing_vegetation_type,Technical
expanded_conjunctive_use,Water_Project
extensometer_data,Technical
fall,Natural_Feature
fall_creek,Natural_Feature
farmers_groundwater_sustainability_agency,Other_GSA
faunt_et_al,Reference
fc_mw2d,Technical
feather,Natural_Feature
federal_and_state_conservancy,Group
field_supervisor,Person
fillmore_city_council,Group
fish_game_cannery_feedlot,District
fivepoint_holdings,Company
flood_control_facility,Infrastructure
flowpath_studies,Technical
fmp,Nonsense
fo30,Nonsense
focused_technical_report,Technical
follow_up,Nonsense
fordel_extensometer,Infrastructure
forebay_subbasin_committee,Group
foster_park,Geographic_Unit
fresno_county_management_areas,Geographic_Unit
funding_commitment,Nonsense
g7,Nonsense
gamit,Technical
general_fund,Nonsense
general_water_quality_of_principal_aquifers,Natural_Feature
genevieve_taylor,Person
geographic_information_system_data,Technical
geographic_information_system_user_community,Group
geologic,Nonsense
geological_survey_professional_paper,Reference
geosyntec_consultants,Company
gilroy,City
gipsy,Nonsense
glenn_county_farm_bureau,NGO
glenn_groundwater_authority_boards,Group
goodding,Natural_Feature
goyenetche_dairy,Company
grandview_school,Nonsense
grants,Nonsense
grassland_water_district_board_of_directors,Group
groundwater_authority,Group
groundwater_commission_bylaws,Legal
groundwater_depended_ecosystems_units,Natural_Feature
groundwater_extraction_credit_marketing_and_trading_programs,Legal
groundwater_flow_model_report,Technical
groundwater_level,Technical
groundwater_quality_measurements,Technical
groundwater_sustainability_advisory_committee,Group
groundwater_sustainability_agency_implementation,Legal
groundwater_sustainability_agency_level,Technical
groundwater_sustainability_plan_implementation_and_updates_implementation,Technical
groundwater_sustainability_plan_program_management,Technical
groundwater_sustainability_plan_section_setting,Reference
groundwater_sustainability_plan_sections,Reference
groundwater_sustainability_plan_technical_advisory_committee,Group
groundwater_vistas_for_windows_version,Technical
groundwater_wells,Infrastructure
group_a,Group
group_d,Group
gsa_component,Nonsense
gse,Nonsense
guijarral_hills,Natural_Feature
haas_slough,Natural_Feature
hallwood_irrigation_company,Company
hcm9,Nonsense
henry_c_garnett_water_purification_plant,Infrastructure
heritage_ranch_community_services_district,Other_GSA
hevesi,Nonsense
hif,Nonsense
historical_water_budget_results,Technical
hoffman,Nonsense
hollister_hills_state_vehicular_recreation_area,Geographic_Unit
holly_dillon,Person
home_gardens_water_district,District
hoover,Infrastructure
hopland,City
hot_springs_fault,Natural_Feature
hotz_1977_wagner,Reference
how,Nonsense
how_will_be_achieved,Nonsense
hsa,District
hsg,Nonsense
htd,Nonsense
hutchinson,Nonsense
hydraulic_conductivity_hydraulic,Technical
hydrogeology,Technical
hydrologic_model_technical_memorandum,Technical
hydrologic_soils_group,Group
hydrology_hydrology,Nonsense
hydrostratigraphic,Technical
i_alyson,Person
ian_gottschalk,Person
ikes_creeks,Natural_Feature
ilr,Nonsense
im,Nonsense
imperial_formation,Natural_Feature
imperial_holly_corporation,Company
implemented_management,Nonsense
in_the_safe_drinking_water_information_system,Technical
includes,Nonsense
indian_wells_valley_groundwater_authority_board_of_directors,Group
intake,Infrastructure
integrated_regional_water_management_planning_act,Legal
integrated_water_flow_model_soil_data_builder,Technical
interbasin_working_group,Group
interconnected_surface_waters_maps_sustainable_groundwater_management_act,Legal
interlake_tunnel_project,Water_Project
international_geomagnetic_reference_field,Technical
isaacson,Nonsense
j_crop,Nonsense
jacalitos_creek,Natural_Feature
jackson_valley_irrigation_district,District
james_irrigation_district_main_canal,Infrastructure
james_m_montgomery_consulting_engineers,Company
javascript,Nonsense
javascript_object_notation,Nonsense
jet_propulsion_laboratory_interferometric_synthetic_aperture_radar,Technical
joan_isaacson,Person
joaquin,Nonsense
john_doherty,Person
jonathan_whipple,Person
jose_flores,Person
jpa_agreement,Group
jpl,Nonsense
juanita_lake,Natural_Feature
k_irrigation,Nonsense
karen_shaffer_projector,Nonsense
kawano,Nonsense
kaweah_subbasin_basin_setting_document,Reference
kelsey_creek_detention_structure,Infrastructure
kelseyville_county_water_works_district,District
kern_river_fan,Natural_Feature
kern_river_flow_and_municipal_water_program,Water_Project
kern_sanitation_authority,Group
kibler_et_al,Reference
kilburn,Nonsense
kimball_reservoir,Infrastructure
kings_basin_water_authority,Group
kings_river_for_irrigation,Natural_Feature
kkkkff0,Nonsense
kristen_culbert,Person
ksb,Nonsense
la_graciosa,Geographic_Unit
la_jolla,Geographic_Unit
laboratory_quality_assurance,Technical
laboratory_quality_assurance_manual,Technical
ladph,Local_Gov
lake_county_2003,Reference
lake_county_groundwater_management_plan,Technical
lakeview_groundwater_dependent_ecosystem_evaluation_unit,Geographic_Unit
land_system_budget,Technical
land_use_planning_agencies,Group
landowner_access_agreements,Group
landsat,Technical
langley_eastside,District
langley_subbasin_groundwater_sustainability_plan,Technical
langley_subbasin_planning_committee,Group
lani_lutar,Person
las_posas_anticline,Natural_Feature
lathrop_city,Local_Gov
latinx,Nonsense
layer_1,Nonsense
lead_agency,Group
leadership_counsel_for,NGO
leak_repair_program,Water_Project
lesjwa,Nonsense
lifetime_health_advisory,Legal
light_detection_and_ranging,Technical
limoneira,Company
linda_dorn,Person
linden,City
lion,Nonsense
local,Nonsense
local_groundwater_management_assistance_act,Legal
lompoc_federal_correctional_complex,Nonsense
los_alamos_park,Geographic_Unit
los_angeles_county_sanitation_district,District
los_angeles_downtown,Geographic_Unit
los_angeles_national_cemetery,Infrastructure
los_banos_wildlife_area,Geographic_Unit
los_molinos_improvements_habitat_restoration,Water_Project
los_molinos_subbasin_groundwater_sustainability_plan,Technical
los_molinos_subbasin_gws_water_budgets,Technical
los_molinos_subbasin_jurisdictional_consolidation,District
los_molinos_subbasin_surface_water_system,Natural_Feature
los_padres_forest_watch,NGO
lower_deer_creek_lower_deer_creek_levee,Infrastructure
lower_tuscan,Basin
lpug,Nonsense
luhdorff_and_scalmanini_consulting_engineers_team,Company
lynch_creek,Natural_Feature
lyngby,Geographic_Unit
mac,Nonsense
madera_county_department_of_agricultural_weights_and_measures,Local_Gov
madera_irrigation_district_groundwater_committee,Group
madera_irrigation_district_om,District
madera_lake,Natural_Feature
madera_subbasin_recharge_projects,Water_Project
magsa,Other_GSA
malaga_county_water_district,District
management_actions_policies_to_reduce_overall_water_demand_and_management_actions_policies_to_reduce_groundwater_pumping,Legal
manganese,Natural_Feature
marchand,Nonsense
mark_fisler,Person
martin_et_al,Reference
maupas,Nonsense
mcconnell,Person
meiss_ranch,Local_Gov
melissa_rohde,Person
memo,Nonsense
memorandum_of_understanding_establishing,Legal
mendocino,County
merced_falls,Natural_Feature
merced_irrigation_district_advisory_committee,Group
merced_subbasin_draft,Reference
merstan,Nonsense
meyers_farm_water_bank,Water_Project
mgmo,District
mi_consumptive_use,Technical
miguelito_creek,Natural_Feature
mike,Person
miles_creek,Natural_Feature
minney,Nonsense
model_layer_1,Technical
model_layer_2_and,Technical
modeled,Technical
modflow_farm_process,Technical
mohave_tui_chub,Natural_Feature
monitored_for_other_programs,Technical
monitoring_and_adaptive_management_plan,Technical
monitoring_entity_local,Technical
monitoring_network_monitoring,Technical
monitoring_protocols_for_data_collection_and_monitoring,Technical
monroeville_water_district,District
montalvo_wwtps,Infrastructure
monterey_county_environmental_health_bureau,Local_Gov
monterey_county_water_resources_agency_act,Legal
monterey_peninsula_water_supply_project_coastal_development_permit,Legal
monticello_dam,Infrastructure
morrison,Nonsense
mount_george,Natural_Feature
mount_hermon_south_scotts_valley,Geographic_Unit
mountain_block_recharge,Natural_Feature
mpep_team,Group
mpwmdfo6d,Nonsense
mt_mo,Geographic_Unit
munitions_and_explosives_of_concern,Natural_Feature
must_include_additional_information_in_order,Nonsense
márquez,Nonsense
n_a_n_a,Nonsense
n_a_nature_conservancy,NGO
n_slope,Nonsense
napa_county_a,Geographic_Unit
napa_county_groundwater_resource_committee,Group
napa_county_groundwater_sustainability_plan_advisory_committee,Group
napa_county_statewide_groundwater_elevation_monitoring_network_plan,Technical
napa_creek_flood_project,Water_Project
napa_sonoma_valley,Geographic_Unit
napa_valley_subbasin_groundwater,Basin
narrows,Natural_Feature
national_forest_service,Federal_Gov
national_priorities_list,Reference
naval_construction_battalion_center_port_hueneme,Infrastructure
nccps,Nonsense
ndma,Federal_Gov
nebim,Nonsense
needed,Nonsense
neil,Person
network_design_entities,Nonsense
neva_ridge_technologies,District
nevada_irrigation_district,District
new_jerusalem_drainage_district,District
new_stone_wd,District
newhall_ranch,Water_Project
ng,Nonsense
nichols_et_al,Reference
nishikawa,Nonsense
nitrogen,Natural_Feature
nmr,Nonsense
no,Nonsense
north_coast_resource_partnership,Group
north_county,County
north_fork,City
north_grassland_water_conservation_and_water_quality_control_project,Water_Project
northeast_management_area,Geographic_Unit
northeast_napa,Geographic_Unit
northeast_napa_special_groundwater_study,Technical
northern_sacramento_valley_board,Group
northwestern_block_figure,Reference
nwt,Nonsense
oakeshott,Nonsense
office_of_water_programs,State_Gov
ohwd_agricultural_flood_management_actionsr,District
ohwd_cosumnes_river_flow_augmentation,District
ohwd_groundwater_sustainability_agency,Other_GSA
on,Nonsense
op_ed,Nonsense
oracle,Company
orcutt,City
order_suborder,Nonsense
orestimba_creek_recharge_and_recovery_project,Water_Project
orinda,City
orrs,Nonsense
outcrops,Natural_Feature
ow6b,Nonsense
owens_lake_management_areas,Geographic_Unit
p_nutrients_total_maximum_daily_load,Legal
pacheco_reservoir,Infrastructure
pacific_gas_electric,Company
packwood_creeks,Natural_Feature
page_6,Reference
pajaro_river_watershed_nutrient_total_maximum_daily_load,Legal
paleocene,Nonsense
palmer,Nonsense
parson,Nonsense
partners,Group
pasadena,City
pasatiempo_golf_club,Nonsense
paso_robles_area,Geographic_Unit
paso_robles_formation_or,Natural_Feature
paso_robles_groundwater_management_plan,Technical
pauma_valley_community_services_district,District
pcgid,District
pdgsps,Nonsense
pepperwood_preserve,Natural_Feature
permit,Legal
permits,Legal
pfs21_water_supply_pfs25,Nonsense
phosphatic_shale,Natural_Feature
pickett_peak,Natural_Feature
piper_diagram,Technical
pixley_national_wildlife_refuge,Natural_Feature
pixley_wildlife_refuge,Natural_Feature
planning_development_services,Local_Gov
playa_vista,Geographic_Unit
pleasant,Nonsense
pleasant_valley_water_district_board_of_directors,Group
pliocene_tuscan_formation,Natural_Feature
plumas_county_board_of_supervisors,Group
plumas_mutual_water_company,Company
point,Nonsense
point_source_non_point_source,Nonsense
pomona_valley_protective_association,District
poplar_cotton_cp,Nonsense
porcelaneous_shale,Natural_Feature
pp,Nonsense
ppp,Nonsense
preservation_and_holding_times_sample,Technical
press_release,Nonsense
previously,Nonsense
private_pumper,Group
proctor_gamble,Company
program_project_performed_statewide_the_priority_basin_project,Water_Project
project_management_action_name_project_proponent_project_type_project_location_projects_and_management_actions,Nonsense
projected_future_land_use_water_budget,Technical
projects_and_management_actions_developed_for_implementation,Nonsense
projects_andor_management_actions,Nonsense
projects_to_develop_new_supplies,Water_Project
provident_irrigation_district,District
public_advisory_committees,Group
public_meetings,Group
public_outreach_consultant,Person
public_utilities_department,Group
public_workshop,Group
public_workshops,Group
puc,State_Gov
pumping,Nonsense
pumping_management_actions,Legal
purisima_anticline,Natural_Feature
qa,Nonsense
quatal_formation,Natural_Feature
r20e,Geographic_Unit
rcac,NGO
recommendations,Reference
red_bluff_community,Group
red_bluff_municipal_airport,Infrastructure
red_rock_valley,Geographic_Unit
reg,Nonsense
regional,Nonsense
regional_board_staff,Group
regional_project,Water_Project
regional_water_management_groups,Group
regional_water_quality_control_board_los_angeles,State_Gov
regional_water_quality_control_board_water_quality_control_plan,Technical
regional_water_quality_control_plant,Infrastructure
regulated_site_portal,Data_System
regulation,Legal
regulatory_agencies,Group
relationship,Nonsense
replenish_big_bear_team,Group
reservoir,Infrastructure
restoration_flows,Natural_Feature
retrieved,Nonsense
rewis,Nonsense
richgrove_community_service_district,District
riddle,District
ridgemark_facilities,District
rikki_schroeder,Person
rincon_creek_fault,Natural_Feature
river_channel_deposits,Natural_Feature
riverdale_public_utility_district,District
riverdale_pud_board,Group
riverine,Natural_Feature
riverkeeper,NGO
rivers_and_streams_system,Natural_Feature
riverside_county_general_plan,Technical
riverside_county_ordinance,Legal
rmw_isw2,Nonsense
rmw_isw3,Nonsense
robbins,City
robinson,Nonsense
rodgers_creek_fault,Natural_Feature
ron_stefani,Person
roquemore,Nonsense
rural_valley_lands_plan,Technical
sacramento_army_depot,Infrastructure
sacramento_valley_subsidence_project,Water_Project
salinas_r_nr_bradley_ca,Natural_Feature
salinas_valley_basin_groundwater_sustainability_agency_staff,Group
salinas_valley_models,Technical
sam_boland_brien,Person
sampled,Nonsense
san_diego_region,Geographic_Unit
san_diego_zoo_safari_park,NGO
san_felipe_division,District
san_joaquin_general_plan,Technical
san_luis_rey_valley,Geographic_Unit
san_mateo_county,County
san_pasqual_tribe,Group
san_ysidro,District
sanger_and_reedley,Local_Gov
santa_barbara_county_association,Group
santa_cruz_county_environmental_health_services,Local_Gov
santa_cruz_county_sanitation_district,District
santa_cruz_creeks,Natural_Feature
santa_cruz_river,Natural_Feature
santa_margarita_basin,Basin
santa_rita_syncline,Natural_Feature
santa_rosa_plain_watershed,Basin
schellville,Geographic_Unit
schmid,District
schmidt_et_al,District
scotts_creek,Natural_Feature
scs,Nonsense
sdac_systems_outside_of,District
seaside_subbasins,Basin
seawat,Technical
seawater_intrusion_monitoring_network,Technical
second_point,Nonsense
section_523_conjunctive_use,Reference
see_note,Nonsense
semitropic,District
serpentinite,Natural_Feature
sespe_creek_riparian_groundwater_dependent_ecosystem_unit,Natural_Feature
sewer_system_management_plan,Technical
sgd,Nonsense
sharpe_depot,Infrastructure
shasta_water_transaction_program,Water_Project
sierra_club,NGO
sierra_valley_groundwater_management_district_groundwater_sustainability_agency,Local_GSA
sierra_valley_watermaster,Group
silty_shale,Natural_Feature
simulated_compared_to,Nonsense
sjvapcd_dust_control_plan,Technical
slocfcwd,District
sloughhouse_resource_conservation_district_groundwater_sustainability_agency,Other_GSA
sm,Nonsense
smga,Local_Gov
smith_et,Reference
social_media,Nonsense
solano_county_department_of_resource_management,Local_Gov
solano_habitat_conservation_plan,Technical
solano_parties,Group
solano_water_project,Water_Project
soledad_canyon,Geographic_Unit
soluna_outreach_solutions,Company
sonoma_land_trust,NGO
sonoma_valley_county_sanitation_district,District
sonoma_valley_groundwater_management_program,Group
sonoma_valley_subbasin,Basin
south_delta_water_agency,Group
south_feather_water_and_power_agency,Group
south_jackson,Geographic_Unit
south_sacramento_habitat_conservation_plan,Technical
southeast_sacramento_county,County
southern_sierra_nevada_mountains,Natural_Feature
southern_western_pond_turtle,Natural_Feature
spatial,Nonsense
special_study_report,Technical
spreading,Infrastructure
srf,Nonsense
staff,Nonsense
standing_advisory_committee,Group
stanford_aqua_geo_frameworks,Technical
stanford_vina_irrigation_dam,Infrastructure
stanislaus_and_tuolumne_rivers_groundwater_basin_association_groundwater_sustainability_agency_technical_advisory_committee,Group
stanislaus_counties,Local_Gov
stanislaus_county_groundwater_ordinance,Legal
state_clearinghouse,State_Gov
state_of_the_basin_report,Technical
state_revolving_fund,Legal
state_route,Infrastructure
state_secondary,State_Gov
state_university_stanislaus,Local_Gov
state_water_interconnection_project,Water_Project
statsgo2,Data_System
stege_sanitary_district,District
stetson_engineers,Company
stillwater_sciences_2016,Reference
stiner,Nonsense
stone_corral_ivanhoe_irrigation_districts,District
stonewood,Nonsense
stony_creek_fan,Natural_Feature
storm_drainage_master_plan,Technical
stratford_public_utility_district,District
strathmore_public_utility_district,District
strawberry,City
stream_alluvium,Natural_Feature
stream_channel_restoration,Water_Project
stream_reaches_based,Nonsense
subarticle_4_of_article_5,Legal
subbasin_chapter_8,Reference
subbasin_groundwater_sustainability_agencies,Group
submitted,Nonsense
subsidence_study_and_basin_study,District
sultana_csd,District
surface_water_data,Technical
surface_water_groundwater_recycled_water_transfer_stormwater,Nonsense
surface_water_operations_module,Technical
surface_water_quality_chromium,Technical
surficial_geologic,Technical
surfrider_foundation,District
sustainability_period,Nonsense
sustainable_groundwater_management_act_data_viewer_web,Technical
sustainable_groundwater_management_act_fee,Legal
sustainable_groundwater_management_act_httpsd3n8a8pro7vhmxcloudfrontnetcommunitywatercenterpages293attachmentsoriginal1559328858guide_to,District
sustainable_groundwater_management_planning,Legal
sustainable_groundwater_planning_grant,Legal
sustainable_management_criteria_sustainable,Legal
sustainable_management_of_groundwater_guidance_for_climate_change_data,Technical
sustainable_winegrowing_program,Group
sutter_counties,Local_Gov
sutter_subbasin_data_management_system,Technical
svbgsa_advisory_committee,Group
svbgsa_board_of_directors,Group
sweany,Nonsense
system_optimization_review,Technical
table_3_7,Reference
table_a,Reference
table_a_and_article_21,Reference
table_c3_7,Reference
table_d2,Reference
table_plan_managera2,Reference
tbwqc_groundwater_quality_trend_monitoring_workplan,Technical
technical_subcommittee,Group
tehachapi_creek,Natural_Feature
tehama_county_data_management_system_user_manual,Technical
tehama_county_enterprise_anderson_groundwater_sustainability_agency_flood_control_and_water_conservation_district,District
tehama_county_flood_control_and_water_conservation_district_act,Legal
tehama_county_flood_control_and_water_conservation_district_technical_advisory_committee,Group
tehama_county_flood_control_water_conservation_district_district,District
tehama_county_groundwater_sustainability_agency_board_of,Group
tehama_county_resource_sacramento,Local_Gov
tehama_groundwater_sustainability_agency,Other_GSA
tehama_valley_mobile,Nonsense
temescal_creek,Natural_Feature
terra,Nonsense
terra_bella_sewer_maintenance_district,District
tetrachloroethylene,Natural_Feature
teviston_community_service_district,District
thc,Nonsense
third_party,Nonsense
this_communications_and_engagement_plan,Technical
this_project,Water_Project
this_technical_memorandum,Technical
thomes_district,District
tim_przybyla,Person
time,Nonsense
tjrn,Nonsense
to,Nonsense
to_fill_data_gaps,Technical
to_minimize_water_contamination_encourage,Nonsense
todd_gw,Infrastructure
tolay_volcanics,Natural_Feature
torrey,Nonsense
towsley_formation,Natural_Feature
tracy_groundwater_sustainability_plan,Technical
tracy_san_joaquin_county,County
train_groundwater_sustainability_agency_staff,Nonsense
trends,Nonsense
trigger_for_implementation_and_termination,Legal
tss,Nonsense
tu_unit,District
tulare_county_environmental_health_division,Local_Gov
tule_cattail,Natural_Feature
tule_lake_national_wildlife_refuge,Natural_Feature
tuolumne_rivers,Natural_Feature
tuolumne_rivers_groundwater_basin_association_groundwater_sustainability_agency,Other_GSA
turlock_irrigation_district_board_of_directors,Group
u_v,Nonsense
ubd,Nonsense
ug_l_nd_05,Nonsense
umbrella,Nonsense
union_of_concerned_scientists,NGO
union_pacific_railroad,Company
united_states_census,Federal_Gov
united_states_department_of_agriculture_natural_resourcescs,Federal_Gov
united_states_geological_survey_national_field_manual,Technical
university_of_california_above_normalr,State_Gov
university_of_california_agriculture_and_natural_resources,State_Gov
updates_model,Technical
upper_cache_creek,Natural_Feature
upper_klamath_lake,Natural_Feature
upper_middle_tehama,District
upper_russian_river_water_agency,Group
upper_san_pedro_formation,Natural_Feature
upper_santa_barbara_formation,Natural_Feature
upper_temescal_valley_snmp,Technical
upper_valley_subbasin_planning_committee,Group
upson_and,Nonsense
urban_water_management_planning_act,Legal
us_census_american_community,Group
us_environmental_protection_agency_california_toxics_rule,State_Gov
us_geological_survey_scientific_investigations_report,Technical
us_weather_service,Federal_Gov
used,Nonsense
uses_users_interest_category,Nonsense
using_diurnal_temperature,Technical
uva,Nonsense
uzf1_package,Technical
valencia_water_company,Company
valley_oak,Natural_Feature
valley_oak_alliance,NGO
various,Nonsense
vaughn_water_company,Company
ventura_county_general_plan_update_water_element_focus_group,Group
ventura_county_stormwater_permits,Legal
ventura_county_stormwater_quality_management_program,Group
ventura_regional_groundwater_flow_model,Technical
vicki,Person
vina_chico_management_area,Geographic_Unit
virginia_phelps,Person
vista_irrigation_district,District
vomwd,District
warren_act,Legal
warthan,Nonsense
water_charges_framework,Legal
water_energy_and_efficiency_grant,Legal
water_interactions,Nonsense
water_pollution_control_facility,Infrastructure
water_quality_sustainable_management_criteria,Legal
water_resources_department,Group
water_security,Nonsense
water_year_index,Technical
watermaster_program,Group
watkins_johnson,Company
wb13,Nonsense
wcf,Nonsense
well_information,Natural_Feature
wells_monitored,Technical
wells_program,Group
west_butte,Geographic_Unit
west_creek,Natural_Feature
west_side_irrigation_district,District
western_foundation_of_vertebrate_zoology,NGO
western_heights,Geographic_Unit
western_lower,Geographic_Unit
western_regional_climate_center,Technical
westside,City
wetland_mitigation_bank,Infrastructure
whale_rock_reservoir,Infrastructure
wheatland_room,Nonsense
wheeler_ridge,District
white,Nonsense
white_lands,Geographic_Unit
whwc14,Nonsense
wildlife_conservation_board,State_Gov
wildwood_creek,Natural_Feature
wilkins,Nonsense
will,Nonsense
windsor_creek,Natural_Feature
woodland_davis,Local_Gov
woodland_davis_clean_water_agency,Group
woodward_reservoir,Infrastructure
worts,Nonsense
x,Nonsense
yearout,Nonsense
yocha_dehe_wintun_nation,Group
yolo_zamora,Basin
yuba_subbasin_groundwater_agency,Group
yucaipa_sustainable_groundwater_management_act_board,Group
zamora_syncline,Natural_Feature
zayante,City
2018_regulatory_fee_study,Reference
501c3,Legal
841a,Nonsense
a_recharge,Nonsense
a_water_acquisition_and_exchange_agreement,Group
a_water_quality_control_plan,Technical
ab,Nonsense
abc_liovin_drilling,Company
accelerated_water_transfer_program,Water_Project
act,Legal
administrative_boundaries,Geographic_Unit
administrative_draft_multiple_species_habitat_conservation_plan,Technical
advisory_committee_and_technical_advisory_committee,Group
advisory_committees_and_boards,Group
aem_study,Technical
afrpa,Nonsense
afterbay,Infrastructure
agricultural_crop_water_management_measures,Technical
agricultural_groundwater_substitution_transfers_pumping,Nonsense
agricultural_lands,Geographic_Unit
agricultural_water,Natural_Feature
airborne_electromagnetic_system,Technical
al,Nonsense
alabama_hills,Geographic_Unit
alco_water_service,District
all_attachments,Reference
alpaugh_community,Group
alta_school,Local_Gov
alturas,City
amador_county_groundwater_management_authority,Local_GSA
amanda,Person
amended_consulting_agreement,Group
america,Geographic_Unit
american_river,Natural_Feature
american_tribal_communities,Group
american_water,Company
an_interested_party,Nonsense
an_interested_party_database,Technical
analytical,Nonsense
andy,Person
annual_groundwater_report,Technical
annual_monitoring_data_evaluation,Technical
appendix_1_c,Reference
appendix_1_e,Reference
appendix_2_f,Reference
appendix_2_j,Reference
appendix_9b,Reference
appendix_b_further,Reference
appendix_b_projected_land_use_change,Reference
appendix_c5,Reference
appendix_c_table,Reference
appendix_e_nitrate_levels,Reference
appendix_f_note,Reference
appendix_i_letter,Reference
appendix_l2_2,Reference
appendix_l2_5,Reference
appendix_o,Reference
appendix_t,Reference
applicable_land_use_plans,Technical
applied_groundwater_modeling,Technical
arcpy,Technical
arcview,Technical
are,Nonsense
arnold_drive,Nonsense
arroyo_de_las_viboras,Natural_Feature
arroyo_santa_rosa_groundwater_sustainability_agency_board_of_directors,Group
arroyo_seco_groundwater_sustainability_agency,Other_GSA
arroyo_toads,Natural_Feature
arsenic_arsenic,Nonsense
arvada,Local_Gov
arvin_edison_kern_subbasin_management_area,Geographic_Unit
ashland,City
assembly_bill_1944,Legal
association_of_bay_area_governments,Group
atascadero_state_hospital,Infrastructure
attachment_f2,Reference
attachment_f4,Reference
attachment_g,Reference
atwell_island_water_district,District
awd1,District
awhc,Nonsense
b_agricultural_water_management_compliance_c_statewide_groundwater_elevation_monitoring_basin_prioritization,Technical
b_discuss,Nonsense
b_eardsley_w_ash,Person
background_and,Nonsense
bailey,Nonsense
bakman_water_company,Company
ballico,City
basement,Natural_Feature
basin_characterization_report,Technical
basin_data_management_system,Technical
basin_management_program,Group
basin_monitoring_program_task_force,Technical
basin_technical_advisory_committee,Group
bayou_vista_ditch_company,Company
bayside,District
be,Nonsense
bear_rivers,Natural_Feature
becky_rittenberg,Person
benedict,Nonsense
beneficial_users,Nonsense
bennett,Nonsense
bennett_brooks,Person
berenda,Geographic_Unit
beta2_revision,Reference
bgepa,Legal
big_springs_ranch_wildlife_area,Geographic_Unit
big_valley_advisory_committee_big_valley_advisory_committee,Group
big_valley_basin,Basin
bill_564,Legal
bill_610,Legal
biola_community_services_district,District
black_butte_dam,Infrastructure
bluegreen,NGO
board_committees,Group
board_meeting,Nonsense
board_of_directors_regular_meeting,Group
board_of_the_gravelly_ford_water_district,District
board_of_the_groundwater_sustainability_agency,Other_GSA
board_of_the_shandon_water_district,District
bondy_groundwater_consulting_inc,Company
bootsma,Person
bordering_buckeye,Geographic_Unit
boulder_city,Local_Gov
brackish_water_resources_partnership,Group
briefings,Nonsense
budget_and_funding,Technical
budget_transfer,Nonsense
bulletin,Reference
burton_mesa_ecological_reserve,Natural_Feature
butte_county_water_commission,Group
butte_subbasins,Basin
butte_valley_national_grassland,Natural_Feature
butterfield_drain,Infrastructure
buttonwillow_county_water_district,District
by,Nonsense
byron_bethany_irrigation_district_groundwater_sustainability_plan,Technical
c_projected,Nonsense
cabrillo_college,Nonsense
cachuma_project_member_units,Group
calculated,Nonsense
caldwell_et_al,Reference
calfax,Company
caliente_creek,Natural_Feature
california_aquatic_resource_inventory,State_Gov
california_arsenic_threat,State_Gov
california_association_of_winegrape_growers,State_Gov
california_coastal_act,State_Gov
california_code,State_Gov
california_conservation_easements,State_Gov
california_division_of_oil_gas,State_Gov
california_division_of_water_rights,State_Gov
california_environmental_assessments,State_Gov
california_environmental_information_catalog,State_Gov
california_environmental_protec,State_Gov
california_environmental_resources_evaluation_system,State_Gov
california_freshwater_species_database,State_Gov
california_maximum_contaminant_level,State_Gov
california_national_guard,State_Gov
california_oil_gas,State_Gov
california_state_groundwater_elevation_monitoring_program,State_Gov
california_veterans_home,State_Gov
california_water_code_10730,State_Gov
california_water_foundation,State_Gov
california_water_sustainability_indicators_framework,State_Gov
california_well_standards,State_Gov
california_winegrape_commission,State_Gov
caltrans_survey_manual,Reference
camp_far_west_irrigation_district,District
capay_landowners_association,Group
capital_improvement_program,Group
careaga_sands,Natural_Feature
careaga_sandstone,Natural_Feature
cartago,City
cascade,Nonsense
casino,Nonsense
castle,Nonsense
castle_oaks_water_reclamation_plant,Infrastructure
cayuma,Nonsense
cbannelkeeper,Nonsense
ccbl_city_of,City
cdm_smith,Company
cec,State_Gov
center_for_collaborative_policy,Legal
central,Nonsense
central_coast_salmon_enhancement,NGO
central_interior_valleys_subarea,Geographic_Unit
central_subbasin,Basin
central_valley_spatial_reference_network,Technical
central_valley_steelhead,Natural_Feature
ceres_main,Nonsense
certificate_of_publication,Reference
chair_of_the_resource_conservationc,Nonsense
checker,Nonsense
chico_state,State_Gov
chowchilla_subbasin_coordination_committee,Group
christensen,Person
chronic_lowering_of_groundwater_levels_and,Nonsense
church,Nonsense
cienba,Nonsense
cii,Nonsense
cities_of_exeter,Local_Gov
cities_of_hemet,Local_Gov
cities_of_modesto,Geographic_Unit
cities_of_napa,Geographic_Unit
cities_of_vacaville,Local_Gov
city_department,Group
city_of_delano,City
city_of_el_cerrito,City
city_of_hollister_san_benito_county_water_district,City
city_of_lindsay,City
city_of_marina_planning_commission,City
city_of_pasadena,City
city_of_rio_vista,City
city_of_san_jacinto,City
city_of_shafter,City
city_public_utilities_department,Group
clay_layer,Natural_Feature
clayey,Nonsense
clean_water_action_and_clean_water_fund,NGO
cleath_harris,Person
clifton_court,Infrastructure
closeout,Nonsense
coarsegold,City
colorado,State_Gov
colusa_basin_drain_south,Infrastructure
colusa_yolo_county,County
comments,Nonsense
committed,Nonsense
committee_and_ad_hoc_work_groups,Group
common_chapter,Reference
communication_engagement_and_outreach_plan,Technical
communications,Nonsense
communications_portal,Data_System
community_alliance,NGO
community_engagement_and_activities_database,Technical
community_of_allensworth,Geographic_Unit
company,Nonsense
comprehensive_transportation_plan,Technical
comprehensive_water_resources_report,Technical
conaway_extensometer,Infrastructure
conjunction,Nonsense
connect_alpaugh,Nonsense
conservation_district,District
conservation_element_of_the_general_plan,Technical
consolidated_rock,District
consortium_of_california,State_Gov
construct,Nonsense
contra_costa_health_serviceseh_division,Local_Gov
control,Nonsense
cooke,Nonsense
coombs,Nonsense
corning_domes,Infrastructure
corocan_clay,Natural_Feature
corona_management_agreements,Group
corona_wrf3,Technical
cosumnes_management_plan,Technical
counties,Geographic_Unit
counties_of_solano,Geographic_Unit
county_agricultural,Local_Gov
county_board,Group
county_bos,Group
county_city,Nonsense
county_counsel,Local_Gov
county_of_kings,County
county_of_san_luis_obispo_groundwater_sustainability_agency_san_luis_obispo_valley,Local_GSA
county_of_tuolumne,County
county_of_tuolumne_groundwater_sustainability_agency,Local_GSA
county_service_area,Geographic_Unit
county_water_agency_working_group,Group
crandell,Nonsense
criteria_a,Nonsense
crna,District
cross_section_b_b,Reference
cucamonga_basin,Basin
current,Nonsense
cy_1993,Reference
daily_root_zone_simulation_model,Technical
daniel_tartakovsky,Person
data_archive_interface,Technical
data_collection_and_analysis,Technical
data_gap,Technical
data_gap_analysis_technical_memorandum,Technical
data_gaps_advisory_committee_role_review,Technical
data_quality_objective_process,Technical
david_mayer,District
davids,District
declining_to_dewatered_dewatered,Nonsense
dee_jaspar,Person
deep_aquifer_zone,Geographic_Unit
deep_percolation,Technical
deer_unit,Nonsense
defense_language_institute,Nonsense
del_rey_community_service_district,District
delaney_slough,Natural_Feature
delano_earlimart_irrigation_district_board_of_directors,Group
delhi_county_water_district,District
delta_mend,NGO
delta_mendota_subbasin_water_year,Geographic_Unit
delta_primary_zone,Geographic_Unit
delta_protection_commission,State_Gov
department_of_corrections_and_rehabilitation,State_Gov
department_of_fish_and_wildlife_distribution,State_Gov
department_of_pesticide_regulations,Legal
department_of_water_and_power,Local_Gov
department_of_water_resources_facilitation_support_services,State_Gov
department_of_water_resources_interferometric_synthetic_aperture_radar,Technical
department_of_water_resources_kck,State_Gov
department_of_water_resources_madera_county_land_use_survey,Technical
department_of_water_resources_natural_communities,Group
department_of_water_resources_regulations,Legal
department_of_water_resources_sustainable_groundwater_management_act,Legal
department_of_water_resources_water_data_library,Technical
department_recommendations,Nonsense
derek_t_mcdonald,Person
description,Nonsense
description_of_measurable_objectives_measurable_objectives,Reference
designated,Nonsense
detroit,Local_Gov
deuel_vocational_institution,Nonsense
developed,Nonsense
development,Nonsense
diablo_ranges,Natural_Feature
dibromo_chloropropane,Nonsense
dickinson,Nonsense
disadvantaged_community_support_and_outreach,Group
disadvantaged_community_work_group,Group
displayed,Nonsense
distributed_stormwater_collection_managed_aquifer_recharge,Water_Project
distribution,Nonsense
district_department,Group
district_monitoring_wells,Technical
district_zones_of_benefit_zone_area,Geographic_Unit
diverted,Nonsense
division_7_of_title_i_of_the_california_government_code,State_Gov
do_not_avoid_disparate_impacts_or_consider_the_interests_of_disadvantaged_communities_19_current_projects_and_management_actions_will_not_address_overdraft,District
do_not_avoid_disparate_impacts_or_consider_the_interests_of_disadvantaged_communities_current_projects_and_management_actions_will_not_address_overdraft,District
doctrine,Nonsense
documentation_of_a_computer_program,Technical
domestic_beneficial,Nonsense
dominick_amador,Person
donna_meyers,Person
donohue_h6_reviseddra,Reference
doolin,Nonsense
draft_technical_memorandum,Technical
drainage_reservoir,Infrastructure
drinking_water_forum,Group
drinking_water_program,Group
drn,Basin
dry_creek_tribe,NGO
dtg,Nonsense
dunes_state_park,Natural_Feature
durbin,Person
dye_creek_subbasin,Basin
dzurella_et_al,Person
e_groundwater_management_compliance,Nonsense
easmus_froend,Person
east_butte_subbasins,Basin
east_contra_costa_subbasin_groundwater_sustainability_plan,Technical
eastern_kern_county_resource_conservation_district,District
eastern_tule_groundwater_sustainability_agency_board_of_directors,Group
eastside_subbasins,Basin
ebmud_board,Group
edmund_g_brown,Person
ekga,Nonsense
el_agua,Nonsense
el_dorado,County
el_sobrante_de_san_jacinto,Geographic_Unit
el_toro_planning,Group
ellicott_slough,Natural_Feature
ely,Geographic_Unit
emergent_wetland,Natural_Feature
empire_westside_irrigation_district,District
encyclopedia,Nonsense
endangered_endangered,Nonsense
energy_resources_engineering_stanford_university,Group
environmental_compliance_and_permitting,Legal
environmental_impact_reports,Technical
environmental_management_wells_program,Technical
erikson,Person
escalon_city_council,Group
esparto_csd,District
established,Nonsense
estates,Nonsense
estimated_estimated_estimated,Nonsense
estrella_subarea_stakeholders,Group
esu_threatened_threatened,Nonsense
etof,Nonsense
etref,Nonsense
eusuff,Nonsense
evaluate_and,Nonsense
evapotranspiration_of_surface_water,Technical
ewm,Nonsense
executive,Nonsense
executive_committee_meetings,Group
executive_group_meetings,Group
executive_team,Group
expanded_conservation_and_standby_rationing_plan,Technical
export_application_permit,Legal
express,Nonsense
extend,Nonsense
f225_land_use_planning_and_management,Reference
f_city,Nonsense
fallbrook,City
family_farmers,Group
farm,Nonsense
farmer,Nonsense
farr_et_al,Person
fcgma_board_of_directors,Group
feather_falls,Natural_Feature
feather_river,Natural_Feature
federal_endangered_species,Legal
federal_grant_programs,Group
federal_greenhouse_gas_regulations_adopted,Legal
feet,Nonsense
fernandeño_tataviam_band_of,NGO
fetters_hot_springs,Natural_Feature
fico,Nonsense
fillmore_basins,Basin
finder,Nonsense
first_point_of_measurement,Technical
first_point_to_second_point,Nonsense
fishery,Nonsense
fleckenstein_et_al,Reference
flood_risk_management,Group
flows_between_adjacent_subbasins,Basin
folsom_lake,Natural_Feature
formation_environmental_tm,Nonsense
forming_and_participating_parties,Group
fort_ord_site_conceptual_model,Technical
fortord_salinas_valley_aquitard,Natural_Feature
fortuna_total_palmer_water,Company
foster_park_riparian_groundwater_dependent_ecosystem_unit,Natural_Feature
fox_canyon_groundwater_management_agency_groundwater_management_plan_update,Technical
fram,Nonsense
frazier_mountain_high_school_water_project,Water_Project
freckleton,Nonsense
fresno_county_management_area_b,Geographic_Unit
fresno_rivers,Natural_Feature
fresno_state,Local_Gov
friant_dam,Infrastructure
friant_water,District
g11,Nonsense
g_public_utilities,Group
gadwall,Natural_Feature
gage,Nonsense
galt_laguna_creek,Natural_Feature
garden_farms_community_water_district,District
gardner,Nonsense
garzas_creek,Natural_Feature
gateway_village,Local_Gov
gavin_newsom,Person
gazelle,City
gbpo,Nonsense
general_business_administration,Nonsense
general_plan_updates,Reference
geodatabase,Technical
geographical_information_systems,Technical
geologic_cross_sections,Technical
geological_survey_techniques_of_water_resources_investigations,Technical
geologists,Nonsense
geology_hydrogeology,Technical
george_anderson,Person
geoscience_and_aecom,Company
geotracker_groundwater_ambient_monitoring_and_assessment,Technical
gibson,Nonsense
gillespie_et,Reference
gina_bartlett,Person
gina_bartlett_founded,Nonsense
giumarra_vineyards_corp_giumarra_bros,Company
glen_ivy_hot_springs,Natural_Feature
glendale,City
glenn_colusa_canal,Infrastructure
glenn_colusa_hydrogeologic_conceptual_model,Technical
glenn_county_general_plan,Technical
glenn_county_rcd,District
globk,Nonsense
goodwin_reservoir,Infrastructure
gps_driller_instructions_overview,Technical
grant_completion,Nonsense
grapevine_development_p_ma,Nonsense
grassland_groundwater_sustainability_agency_board_of_directors,Group
graves_creek,Natural_Feature
gray_lodge_wildlife_area,Geographic_Unit
grimes,City
groundwater_ambient_monitoring_and_assessment_data,Technical
groundwater_ambient_monitoring_and_assessment_geotracker,Technical
groundwater_ambient_monitoring_and_assessment_gis,Technical
groundwater_basin_authority,Group
groundwater_dependent_eco,Natural_Feature
groundwater_dependent_ecosystem_id,District
groundwater_extraction,Technical
groundwater_extraction_metering_and_reporting_plan,Technical
groundwater_extraction_reporting_program,Technical
groundwater_legislation,Legal
groundwater_level_monitoring_network,Technical
groundwater_levels_and_groundwater_storage,Technical
groundwater_management_plans,Technical
groundwater_quality_monitoring_act,Legal
groundwater_quality_monitoring_network,Technical
groundwater_report,Technical
groundwater_sustainability_agencies_and_groundwater_sustainability_plans,Technical
groundwater_sustainability_agency_branding_summary_logo_website,Technical
groundwater_sustainability_agency_committee_meetings,Group
groundwater_sustainability_agency_monitoring_field_lead,Technical
groundwater_sustainability_agency_public_hearings,Group
groundwater_sustainability_agency_roundtable,Group
groundwater_sustainability_agency_staff,Group
groundwater_sustainability_agency_technical_experts,Technical
groundwater_sustainability_agency_website,Data_System
groundwater_sustainability_agency_work_group,Group
groundwater_sustainability_plan_adoption_public_hearing,Reference
groundwater_sustainability_plan_advisory,Group
groundwater_sustainability_plan_annotated_outline,Reference
groundwater_sustainability_plan_elements_part,Reference
groundwater_sustainability_plan_implementation_and,Nonsense
groundwater_sustainability_plan_implementation_program_management,Group
groundwater_sustainability_plan_information,Natural_Feature
groundwater_sustainability_plan_management,Group
groundwater_sustainability_plan_master_meeting_schedule,Reference
groundwater_sustainability_plan_periodic_evaluations,Legal
groundwater_sustainability_plan_project_manager,Nonsense
groundwater_sustainability_plan_public_review_draft,Reference
groundwater_sustainability_plan_regs,Legal
groundwater_sustainability_plan_review,Technical
groundwater_sustainability_plan_section,Reference
groundwater_sustainability_plan_technical_work_group,Group
groundwater_system_water_budget_results,Technical
group_c,Group
gsflow_arcpy,Technical
gt_cardwell,Person
guide,District
guidiville_rancheria,District
gwel,Nonsense
hallwood,Local_Gov
hand_held_controller,Nonsense
harding_lawson_associates,Company
hargreaves,Nonsense
hayward_groundwater_sustainability_agencies,Group
head_time,Technical
healdsburg,City
hearn_et_al,Reference
hecht,Person
hemet_san_jacinto_groundwater_management_area,Geographic_Unit
henleyville,Geographic_Unit
hensley,Nonsense
herb,Nonsense
herbaria,Nonsense
heritage_ranch,Local_Gov
hexavalent_chromium_levels,Technical
highland_creek,Natural_Feature
holding_contract,Legal
hong_kong,Geographic_Unit
hopps,Nonsense
hsieh,Nonsense
hsr,Nonsense
httpswwwmcwdorggovernance_meetingshtml,District
httpwwwkernrivergsaorg,Nonsense
hubbard,Nonsense
huckins,Nonsense
huerhuero_creek,Natural_Feature
human_resources,Nonsense
humboldt_county_groundwater,Basin
hydrogeologic_study_of_the_warm_springs_groundwater_subbasin,Basin
hydrogeological_conceptual_model_best_management_practices,Technical
hydrographic_reports,Technical
hydrologic_soil_group,Group
hydrological_data,Technical
hydrologics,Company
iers,Nonsense
impervious_surface_coefficient,Technical
implementation_measure_15c,Reference
imported_water_project_options,Water_Project
improvement_company,Company
industrial_general_permit,Legal
information_and_criteria,Nonsense
instream,Natural_Feature
integrated_recharge_and_recovery_program,Water_Project
integrated_regional_water_management_plan_projects_and_programs,Water_Project
integrated_regional_water_management_stakeholders_advisory_group,Group
interagency_task_force,Group
interconnecte,Nonsense
interferometric_synthetic_aperture,Technical
interim_milestones_and_measurable_objectives,Reference
international_water_district,District
intertie,Infrastructure
inyo_county_code,Legal
ione_band_of,Group
ione_formations,Natural_Feature
irrigated_lands_program,Legal
irrigation_districts,District
ivanhoe_irrigation_district_management_area,Geographic_Unit
ivanhoe_public_utilities_district,District
iwvcgwmg,Nonsense
j,Nonsense
j44_interface_with,Nonsense
j_summary,Reference
jacob_rancho_water_company,Company
jason_sun,Person
jean_okuye,Person
jeanna_long,Person
jeof_wyrick,Person
jiang_et_al,Reference
jja,Nonsense
joint_board,Group
julie_leimbach,Person
julie_tumamait,Person
kaweah_delta_water_conservation_district_groundwater,District
kbs,Nonsense
kellogg_et_al,Reference
kenneth_schmidt,District
kern_county_subbasin_coordination_agreement,Group
kern_groundwater_authority_umbrella_groundwater_sustainability_plan,Technical
kern_national_wildlife_refuge_complex,Federal_Gov
kern_river_channel,Natural_Feature
kern_river_groundwater_sustainability_agency_executive_board,Group
kern_tulare_wd,District
kerry_schmitz,Person
keswick,City
kim_loeb,Person
kings_coordinated_group,Group
kings_county_general_plan,Technical
kings_river_fisheries_program,Group
kings_subbasin_coordination_agreement,Group
kings_subbasin_coordination_efforts,Group
krcda06,Nonsense
ksjra,Nonsense
l25_groundwater_management_plan,Technical
la_county,County
la_sierra_university,NGO
laboratory_quality_control_samples,Technical
lacfcd,District
ladi_asgill,Person
lafco,Group
lake_county_environmental_health_department,Group
lake_mathews,City
lakeside_ditch_company,District
land_and_water_use,Technical
land_subsidence_monitoring_the_tehama_county_flood_control_and_water_conservation_district,District
land_subsidence_sustainability_indicators,District
land_surface_elevation_monitoring_plan,Technical
land_use_elements_or_topic_categories_of_applicable_general_plans,Technical
landon,Nonsense
landowner_data,Technical
landwatch_monterey_county,County
langenheim,Nonsense
large_environmental_models,Technical
larry_harris,Person
las_palmas,Geographic_Unit
lasan,Local_Gov
layers_12,Nonsense
lc,Nonsense
lcp,Local_Gov
ldpe,Nonsense
leadership_counsel_for_justice_and_accountability,NGO
ledesma,Nonsense
legal_authority_yucaipa_groundwater_sustainability_agency,Other_GSA
legal_counsel_legal,Nonsense
lennar,Company
lesa,Nonsense
lewis_creek_water_district,District
lewis_creeks,Natural_Feature
liberty,Nonsense
license,Legal
light_infantry_division,Nonsense
lindmore_irrigation_district_management_area,Geographic_Unit
live_stream_requirement,Legal
local_agency_management_program,Group
local_area_management_program,Group
local_regulatory_setting,Geographic_Unit
location_and_construction_data,Technical
lompico_formation,Natural_Feature
lompoc_buellton,Geographic_Unit
lone_pine_paiute,Group
long_term_governance_committee,Group
long_term_operations_criteria_and_plan,Technical
los_angeles_county_sanitation_districts,District
los_angeles_county_waterworks_district_no,District
los_angeles_groundwater_basin,Basin
los_angeles_regional_water_quality_control_board_basin_plan,Technical
lower_alameda_formation,Natural_Feature
lower_aquifer_system_both,Natural_Feature
lower_lateral_3,Infrastructure
lower_princeton_submarine_valley,Geographic_Unit
lower_tule_irrigation_district,District
lwa,Nonsense
m1,Nonsense
m3_local_climate_change_planning,Technical
madera_county_environmental_health_division,Local_Gov
madera_county_headquarters,Local_Gov
madera_station,Infrastructure
madera_water_district_groundwater_management_plan,Technical
madison_csd,Local_Gov
mae,Nonsense
main_san_gabriel_basin_judgment,Legal
main_san_gabriel_basin_watermaster,Group
maintained,Nonsense
managed_aquifer_recharge_and_banking_actions,Technical
managed_aquifer_recharge_high_volume,Water_Project
management_action_4,Nonsense
manning,Nonsense
manor_west,Geographic_Unit
manteca_general_plan_update,Reference
map_package,Reference
maples_service_area,Geographic_Unit
margin_of_operational_flexibility,Technical
marina_coast_water_district_board,Group
marina_deligiannis,Person
mark_grismer,Person
markstrom_et_al,Reference
marquardtlevenberg,Technical
marsh_deposits,Natural_Feature
matthew_sturdivant,Person
maximum_total_dissolved_solids_concentrations,District
mcarthur,City
mcclure,Person
mcdonald,Nonsense
mcnab_creek_valley,Geographic_Unit
mcnell_creek,Natural_Feature
measurable_objective_and_minimum_threshold,Technical
melissa_estrada_maravilla,Person
mellon,Person
mendall,Nonsense
mendocino_county_board_of_supervisors_chambers,Infrastructure
mendocino_national_forest,Natural_Feature
mendonca,Person
menke_et_al,Reference
merced_county_board_of_supervisors,Group
merced_county_farm_bureau,NGO
merced_formation,Natural_Feature
merced_formations,Natural_Feature
merced_subbasin_groundwater_sustainability_agency_governing_board,Group
mesa,City
mesozoic_era,Nonsense
met,Nonsense
method_of_standard_additions,Technical
mettler_recharge_project,Water_Project
meyer_plant,Infrastructure
mi_supplemental,Reference
mi_supplemental_water,Nonsense
michigan,State_Gov
microsoft_teams,Company
mid_county_basin,Basin
migr,Nonsense
migration_of_contaminated_groundwater_in,Nonsense
millard_canyon,Natural_Feature
milliken_sarco,Basin
mills_pipeline,Infrastructure
minh_tran,Person
minimum_threshold_boundary_conditions,Technical
mit_department_of_urban_studies_and_planning,Group
mit_harvard_public_disputes_program,NGO
mobil_oil_corporation,Company
model_layers_4,Technical
modflow_surfact,Legal
mohawk_valley_road,Nonsense
mollusks,Natural_Feature
monitoring_and_management_measures,Technical
monitoring_and_management_programs,Technical
monitoring_network_v_identify_projects_and_management_actions_to_maintain_or_improve,Technical
monitoring_protocols_and,Technical
monitoring_wells,Technical
monterey_bay_air_resources_district,District
monterey_county_resources_agency,Group
monterey_formations,Natural_Feature
monterey_groundwater_sustainability_plan,Technical
monterey_peninsula_water_supply_project_mw4,Water_Project
moore_twining_associates_environmental_division_project_water_conservation_plant,Company
moran_lake,Natural_Feature
moreland_ditch,Infrastructure
moreno,Nonsense
mound_subbasin,Basin
mountain_front_recharge,Natural_Feature
msa,Nonsense
msr,Nonsense
mt_ranch,Nonsense
muck,Nonsense
mugu_aquifer,Natural_Feature
mutsun,Group
mvr,District
mw11,Nonsense
mw8,Nonsense
n51_water_resource_management_of,Nonsense
n_n6,Nonsense
n_water,Nonsense
napa_county_department_of_public_works,Local_Gov
napa_county_groundwater_sustainability_agency_board,Group
napa_county_planning_commission,Group
napa_county_public_works,Local_Gov
napa_road_recycled_water_pipeline,Infrastructure
napa_sonoma_lowlands,Geographic_Unit
national_fish_and_wildlife_service,Federal_Gov
national_forest,Natural_Feature
national_geographic,Nonsense
national_oceanic_atmospheric_administration,Federal_Gov
national_streamflow_information_program,Federal_Gov
national_weather_service,Federal_Gov
natomas_cross_canal_sb_channel_habitat_enhancements_project,Water_Project
natomas_east_main_drainage_canal,Infrastructure
natural_communities_commonly_associated_with_groundwater_database_hosted,Technical
natural_community_dataset,Technical
natural_resources_department,Group
naval_base_ventura_county_point_mugu,Infrastructure
navd,Technical
nawqa_quality_assurance_specialist,Person
ncgwb,District
need,Nonsense
neill,Nonsense
new_hogan_reservoir,Infrastructure
new_imported_colorado_river_aqueduct,Infrastructure
new_model,Technical
new_production,Nonsense
new_supplies,Nonsense
new_town,Local_Gov
newman_gustine,Local_Gov
newport_inglewood_fault_zone,Geographic_Unit
newspaper_of_general_circulation,Nonsense
ng_sustainable_groundwater_managementa,Nonsense
ngcc,Nonsense
niki_mcginnis,Person
niles_cone_san_lorenzo_cone,Basin
nimbus_dam,Infrastructure
nishikawa_et_al,Reference
nl,Nonsense
non_authority,Group
non_point_pollution_discharge,Natural_Feature
nordberg,Nonsense
normalized_river_milese,Nonsense
normwd,District
north_and,Nonsense
north_bay_aqueduct,Infrastructure
north_complex_fire,Natural_Feature
north_corning_dome,Infrastructure
north_monterey_county_hydrogeologic_study,Technical
north_sacramento,Local_Gov
north_san_benito_county,County
north_service_area,Geographic_Unit
north_yuba_subbasins,Basin
northern_pleasant_valley,Geographic_Unit
notes_numbers,Nonsense
ntu,Nonsense
o,Nonsense
oak_glen_filtration_plant,Infrastructure
oak_ridge_fault,District
occupational_safety_and_health_administration,Federal_Gov
odc,Nonsense
off_aqueduct_power_facilities,Infrastructure
office_of_emergency_services,Local_Gov
office_permit_resource_management_department,Group
oildale_mutual_water_company,Company
ojai_basin_groundwater_management_agency_board_of_directors,Group
olcese_groundwater_sustainability_agency_statewide_groundwater_elevation_monitoring_monitoring_plan,Technical
olcese_sands,Natural_Feature
olympic,Nonsense
omochumne_hartnell_water_district,District
ongoing,Nonsense
operational_fee,Nonsense
orcutt_grass,Natural_Feature
orlando,Local_Gov
orosi_high_school,Nonsense
oroville_general_plan,Technical
os,Nonsense
outreach_venues_database,Technical
overall_groundwater_management_strategy,Legal
p_highland_economics,Company
p_hopkins_groundwater_consultants_inc,Company
pacific_decadal_oscillation,Natural_Feature
page_5_united_water_conservation_district,District
page_leblanc,Reference
paleozoic,Nonsense
parameter_elevation_regression_on,Technical
parker,Nonsense
parks,Geographic_Unit
paso_robles_area_groundwater_subbasin,Basin
paso_robles_formation_aquifers,Natural_Feature
paso_robles_subbasin_groundwater_sustainability_plan,Technical
paso_subbasin,Basin
passive_sampling_equipment,Infrastructure
pastoria_energy_facility,Infrastructure
path_to_sustainable_groundwater_management,Reference
paula_subbasin,Basin
pbes_department,Group
pce_plume,Natural_Feature
periodic_evaluations,Technical
pescadero,City
petaluma_formations,Natural_Feature
phillips,Nonsense
pioneer_water,District
pioneer_water_pipeline,Infrastructure
pismo_formation_aquifer,Natural_Feature
pl,Nonsense
plan_area,Geographic_Unit
planning_area,Geographic_Unit
pleasant_grove_creek,Natural_Feature
pleasant_valley_wd,District
population_and_demographic_information_population_and_demographic_data,Technical
porter_slough_near_road,Natural_Feature
porterville_developmental_center,Nonsense
potable_reuse_feasibility_study,Technical
prather,Local_Gov
precipitation_daily,Data_System
precipitation_enhancement,Water_Project
precipitation_percolation,Technical
precipitation_precipitation_elevation_regressions_on_independent_slopes_model_calsimetaw,Technical
precipitation_recharge,Natural_Feature
priestly_taylor,Person
primary_and_secondary,Nonsense
principal_aquifers,Natural_Feature
pro_tem,Nonsense
process_for_determining_minimum_thresholds,Technical
project_completion_report,Technical
project_data,Technical
project_expansion,Nonsense
project_or_component_description,Reference
projected_current_land_use_water_budget,Technical
projected_data_baseline,Technical
projected_future_water_demand,Technical
projected_future_water_supply,Technical
projected_water_budget,Technical
proposal_solicitation_package,Reference
proposition_1_sustainable_groundwater_managementa_planning_grant,Legal
pros,Nonsense
protection_of_life_structure_equipment_and_property,Nonsense
provide,District
provided,District
pu_i19,Nonsense
public,Nonsense
public_affairs,Group
public_hearings,Group
public_input,Nonsense
public_outreach,Group
public_review_draft_plan,Technical
purisima_a_and,Basin
purisima_highlands_subbasin,Basin
purple_iris,Nonsense
purpose_of_groundwater_sustainability_plan,Technical
q23,Nonsense
qa_qc_data,Technical
qoao,Nonsense
quality_assurance_and_quality_control,Technical
quality_assurance_evaluation,Technical
quantitation,Nonsense
quincy,City
qwsu_ibw,District
rancho_murieta_community_service_district_several,District
rancho_murieta_community_services_district,District
rancho_seco,Infrastructure
rand_communities_water_district,District
rcd,District
real_time_water_quality_monitoring_network,Technical
recharge_capacity,Technical
recharge_projects,Water_Project
reclamation_for_friant_division_central_valleyp,Water_Project
red_bank_creek,Natural_Feature
reduction_without_projects_scenario_3,Technical
reed_canary_grass,Natural_Feature
reeves_creek_groundwater_dependent_ecosystem_evaluation_unit,Geographic_Unit
regional_advisory_committee,Group
regional_water_board_regulatory_programs,Group
regional_water_management_foundation,NGO
regional_water_management_planning,Technical
register_2016,Reference
regulatory_process,Legal
relationship_of_minimum_thresholds_for_other_sustainability_indicators,Technical
remediation_operations_remediation,Nonsense
reporting_program,Technical
representatives_and,Nonsense
require,Nonsense
response_levels,Nonsense
restrict_groundwater_flow,Nonsense
rfi,Reference
rincon_consultants,Company
rio_bravo,Natural_Feature
riparian_evapotranspiration,Natural_Feature
riverbank_formations,Natural_Feature
riverpark,Nonsense
riverside_community_services_district,District
rmg,Nonsense
robinson_creeks,Natural_Feature
robles_city_council_chambers,Infrastructure
robles_habitat_area,Geographic_Unit
rock_creek_reclamation_district,District
rohnerville_formation,Natural_Feature
rosa_rancheria,Local_Gov
rose_valley,Geographic_Unit
rotary_clubs,NGO
round_2_funding_kern_river_groundwater_sustainability_agency,Other_GSA
round_3_proposition_68_planning,Legal
ruins_creek,Natural_Feature
rural_community_advisory_committee,Group
rustic_canyon_channels,Natural_Feature
rv,Nonsense
sacramento_county_2030,Reference
sacramento_county_department_of_water_resources,Local_Gov
sacramento_river_east_levee,Infrastructure
sacramento_watershed_coordinated_monitoring_program,Technical
safety,Nonsense
saint_helena,Local_Gov
salinas_valley_basin_groundwater_sustainability_agency_subbasin_planning_committee,Group
salinity_control_program,Group
saltwater_intrusion_saltwater,Natural_Feature
san_antonio_basin_groundwater_sustainability_agency_board_of_directors,Group
san_antonio_basin_water_district,District
san_benito_salt_and_nutrient_management_plan,Technical
san_bernardino_valley_municipal,District
san_buenaventura_municipal_code,Legal
san_cayetano_fault,Natural_Feature
san_gabriel_snmp,Group
san_joaquin_river_basin,Basin
san_joaquin_river_seepage,Natural_Feature
san_leandro_reclamation_facility,Infrastructure
san_lorenzo_valley_system,Natural_Feature
san_luis_delta_mendota_water_authority_administration_offices,Group
san_luis_delta_mendota_water_authority_member_agencies,Group
san_luis_drain,Infrastructure
san_luis_national_wildlife_refuge_complex,Natural_Feature
san_luis_obispo_city_council,Group
san_luis_obispo_county_planning_department,Group
san_luis_range,Natural_Feature
san_mateo_plain_groundwater_subbasin,Basin
san_pablo_bay,Natural_Feature
san_pasqual_basin_groundwater_sustainability_plan,Technical
san_pasqual_valley_groundwater_sustainability_agency,Local_GSA
san_timoteo_canyon_road,Infrastructure
san_timoteo_management_areas,Geographic_Unit
sanel_valley,Geographic_Unit
santa_ana_valley,Geographic_Unit
santa_barbara_county_integrated_regional_water_management_plan,Technical
santa_clara_calleguas,District
santa_clara_river_environmental_groundwater_committee,Group
santa_clarita_municipal_code,Legal
santa_cruz_city,Local_Gov
santa_fe_railroad,Nonsense
santa_margarita_formations,Natural_Feature
santa_rosa_groundwater_agency,Group
santa_rosa_indian_community,Group
santa_rosa_plain_advisory_committee,Group
santa_rosa_plain_groundwater_subbasin,Basin
santa_rosa_road,Infrastructure
santa_rosa_valley_groundwater_basin,Basin
santa_ynez_alluvium,Natural_Feature
santa_ynez_groundwater_communication_portal,Data_System
save_the_american_river_association,NGO
scientists,Group
scott_dam,Infrastructure
scotts_valley_basin,Basin
scotts_valley_times,Nonsense
scripps_institution_of_oceanography,NGO
sdac_median_household_income,Technical
searles_valley,City
seawater_intrusion_sustainability_indicator,Technical
seawater_intrusion_working_group,Group
sebal,Technical
seca_place,Nonsense
secondary_management_areas_a,Geographic_Unit
section_10631,Reference
section_1d6,Reference
section_3787_assessment_and_improvement_of_monitoring_network_interconnected_surface_waters,Reference
section_4,Reference
section_iia,Reference
section_nc,Reference
section_title_sustainability_plan,Reference
seikel_creek,Natural_Feature
seismic_safety_and_safety_element,Legal
self_help_enterprises,NGO
semitropic_school,Local_Gov
sentinel,Nonsense
sentinel_peak,Natural_Feature
septic_septic_conversions,Technical
septic_systems,Infrastructure
sespe_paula,Basin
shallow_zone,Geographic_Unit
shasta_critical_years,Data_System
shasta_valley_wildlife_area,Geographic_Unit
sidence_data,Technical
sierra_club_sacramento_group,Group
sierra_valley_groundwater_management_district_board,Group
sierra_valley_groundwater_management_district_board_meeting,Group
silva_flat,Geographic_Unit
simmler_formation,Natural_Feature
siskiyou_county_flood_control_and_water_conservation_district,District
site_documentation_and_cleanup_contractor,Company
sjrec,District
sjrec_groundwater_sustainability_plan_group,Group
skinner_filtration_plant,Infrastructure
sldmwa_administration_offices,Group
sldmwa_member_agencies,Group
slo_district_board,Group
snt,Nonsense
soil_moisture_method,Technical
sokr_groundwater_sustainability_agencies,Group
solano_groundwater_sustainability_plan_technical_team,Technical
solano_subbasin_data_management_user_manual,Technical
solano_subbasin_education_program,Group
son0553,Nonsense
sonoma_county_winegrowers,Group
sonoma_farm_bureau,NGO
sonoma_valley_groundwater_subbasin,Basin
sonoma_veg,Technical
sound_science,Nonsense
south_american,Nonsense
south_county_water_supply_program,Water_Project
south_ebp_subbasin,Basin
south_las_posas,Basin
south_modesto,Geographic_Unit
south_sacramento_area,Geographic_Unit
south_san_joaquin_irrigation_district_board_of_directors,Group
south_san_joaquin_valley_mpep_committee,Group
south_san_joaquin_valley_mpep_team,Group
south_service_area,Geographic_Unit
south_victoria_ave,Nonsense
south_vina,Basin
south_yuba_water_district,District
southern_california_edison_company,State_Gov
southern_san_joaquin_municipal_utility_district,Other_GSA
southern_unit,Geographic_Unit
special_meetings,Nonsense
sphere_of,Nonsense
sphere_of_influence_of_the_pixley_pud,Geographic_Unit
spreckels_gauge,Infrastructure
ssc,Nonsense
st_johns_water_district,District
stakeholder_committee_coordinating_committee,Group
stakeholder_directors,Group
stakeholder_surveys,Technical
standard_oil_company,Company
stanislaus_county_general_plan,Technical
stanislaus_river_flood_mitigation_and_direct_recharge_project,Water_Project
state_board_water_rights_decisions,Legal
state_database_systems,Technical
state_greenhouse_gas_regulations_regulation,Legal
state_revolving_fund_protection_agency,Group
state_third_appellate_district,District
state_water_resources_control_board_data,Technical
state_water_resources_control_board_electronic_water_rights_information_management_system,Technical
state_water_resources_control_board_groundwater_ambient_monitoring_and_assessment_priority_basin_project,Water_Project
statewide,District
statewide_california_department_of_transportation_phase,State_Gov
statewide_groundwater_elevation_monitoring_monitoring_entity_for_solano_county,County
steelhead,Natural_Feature
stockholm_environment_institute,NGO
stone_corral,Infrastructure
stonegate,Nonsense
stream_flow_river,Natural_Feature
streamflow_routing,Technical
sturgeon,Natural_Feature
su,Nonsense
subarticle_2_of_article_5,Legal
subarticle_3,Reference
subbasin_committees,Group
subbasin_groundwater_sustainability_plan_support,Group
subcuenca_de_solano,Basin
subsection_a,Nonsense
substitute_environmental_document,Reference
subsurface_geologic_cross,Technical
sultana,City
surface_water_development_actions,Technical
surface_water_quality_aluminum,Technical
surface_water_quality_arsenic,Technical
surface_water_supply_historical,Technical
surface_water_system_calculation,Technical
sustainability_certification_program,Group
sustainability_goal_of,Nonsense
sustainability_indicators_appendix_section_s23,Reference
sustainable_conservation,NGO
sustainable_groundwater,Natural_Feature
sustainable_groundwater_management_act_1,Legal
sustainable_groundwater_management_act_2019_basin_prioritization,Legal
sustainable_groundwater_management_act_annual_reports,Technical
sustainable_groundwater_management_act_groundwater_sustainability_plan,Technical
sustainable_groundwater_management_act_milestones,Legal
sustainable_groundwater_management_act_monitoring_network_for_degraded_water_quality,Technical
sustainable_groundwater_management_act_planning_grant,Legal
sustainable_groundwater_management_act_portal_groundwater_sustainability_agency_map,Reference
sustainable_groundwater_management_act_program,Legal
sustainable_groundwater_management_act_series,Legal
sustainable_groundwater_management_section,Reference
sustainable_groundwater_plan_implement_enforce_management_act,Legal
sustainable_groundwater_planning,Technical
sustainable_los_angeles_grand_challenge,Group
sustainable_management_criteria_best_management_practices,Legal
sustainable_water_infrastructure_project,Water_Project
sutter_county_groundwater_sustainability_agency,Other_GSA
sutter_creek,City
sutter_mutual_water_company,Company
svbgsa_board_of_directors_advisory_committee,Group
svihm,District
sw_et,Nonsense
swartz,Nonsense
sweany_creek,Natural_Feature
sween,Nonsense
swi_projects_notes,Reference
syblon_reid,District
sycamore,Natural_Feature
sycamore_mutual_water_company,Company
t0600100980,Nonsense
t1,Nonsense
t2,Nonsense
t_reated_w_astewater_recharge,Nonsense
table_4_12,Reference
table_c3_2,Reference
table_water_budget15,Reference
tables_d4_and,Reference
tamarisk,Natural_Feature
task_4_procure_design,Nonsense
task_7_review_and_assessment_of_data_management_system,Technical
tbwqc_program,Group
teerink_pumping_plant,Infrastructure
tehama_colusa_canals,Infrastructure
tehama_county_domestic_well_tracking_and_outreach_program,Technical
tehama_county_groundwater_management_plan,Technical
tehama_formations,Natural_Feature
tejon_castac_management_area_the_tejon_castac_management_area,Geographic_Unit
tejon_rancho,Local_Gov
temescal_basin_groundwater_sustainability_agency,Other_GSA
temperature,Nonsense
templates,Nonsense
terra_bella_ducor,Geographic_Unit
texaco,Company
thalweg,Natural_Feature
this_data_management_plan,Technical
thomas_gast_associates,Company
thomas_harder,Person
ticlavilca,Nonsense
tier_3_supplementary_pumping_charge,Legal
tipton_community_stormwater,District
tlbwd,District
to_achieve_sustainability_goal,Nonsense
to_be_to_be_to_be_watershed,Basin
to_benefit,Nonsense
to_prepare,Nonsense
to_review_land_use_plans_and_efforts_to_coordinate_with_land_use_planning_agencies_to_assess_activities,Nonsense
tomatek,Nonsense
tomtom,Company
tonalite,Nonsense
torrey_torrey,Nonsense
tph,Nonsense
tracy_fish_collection_facility,Infrastructure
transfer_county,County
transportation_agency,Group
trc_monitoring_well16d,Technical
tre_altamira_interferometric_synthetic_aperture_radar,Technical
tribal_government,Local_Gov
trout_unlimited,NGO
tsm,Nonsense
tulare_county_department,Group
tulare_county_department_of_health_and_human_services,Local_Gov
tulare_county_flood_control_master_plan,Technical
tulare_county_flood_control_master_planning,Technical
tulare_county_planning_and_development_department,Group
tulare_county_public_works_department,Group
tulare_county_storm_water_quality_and_regulation_ordinance,Legal
tulare_county_water_commission,Group
tulare_lake_sub_basin,Basin
tule_subbasin_mou_group,Group
turlock_lake_formation,Natural_Feature
twitchell_dam_project,Water_Project
uanvco,Nonsense
un,Nonsense
underground_injection_control,Legal
underground_services_alert,Technical
unified_soil_classification_system,Technical
unimpaired_millerton_inflow,Technical
united_calleguas,District
united_nations_governments,Nonsense
united_states_department_of_interior,Federal_Gov
united_states_geological_survey_national_streamflow_information_program,Federal_Gov
united_states_space_force,Federal_Gov
united_water_conservation_district_model_particle_tracks,Technical
unmanned_aerial_vehicle_synthetic_aperture_radar,Technical
upper_aquifer_wells,Infrastructure
upper_carlotta,Geographic_Unit
upper_san_gabriel_valley_municipal_water_district,District
upper_temescal_valley_salt_and_nutrient_management_plan,Technical
ur,Nonsense
us_army_corps_of_engineers_construction_cost_composite_index,Technical
us_census_american_community_survey,Data_System
us_navy,Federal_Gov
uses_significant,Nonsense
uvrgsa,Other_GSA
v,Nonsense
valencia_country_club,Nonsense
valencia_reclamation_plant,Infrastructure
valley_subarea,Geographic_Unit
vandenberg_state_marine_reserve,Natural_Feature
vedder,Natural_Feature
ventura_california,State_Gov
ventura_county_agricultural_association,NGO
ventura_county_department_of_public_works_flood_control_district,District
ventura_county_investigations,Group
ventura_county_water_works_district_1,District
verboon,Person
vermont,State_Gov
vern_freeman,Person
victoria_basins,Basin
views,Nonsense
vinton,Local_Gov
vision_plan,Technical
vista,City
vista_hills,Geographic_Unit
vista_irrigation_district_city_of_escondido,City
walnut_hills_ranch,Nonsense
wastewater_treatment_plant,Infrastructure
water_balance_subarea,Geographic_Unit
water_budget_report,Technical
water_conservation_strategic_plan,Technical
water_data_information_system,Technical
water_efficiency_program,Group
water_infrastructure_finance_and_innovation_act_us_environmental,Legal
water_levels,Technical
water_project_authority,Group
water_quality_data,Technical
water_resources_bulletin,Reference
water_supply_advisory_committee,Group
water_supply_augmentation_study,Technical
watercourse_engineering,Nonsense
wcp,Nonsense
webb,Nonsense
webb_tract,Legal
webber,Nonsense
well_package,Infrastructure
well_registration,Legal
well_t24s_r23e22e1,Infrastructure
wellhead_recharge_area_protection,Legal
wells_02n21w11j05s,Infrastructure
wells_extensometers,Infrastructure
west_goshen,City
west_las_posas_management_area_of,Geographic_Unit
western,Nonsense
western_management_area_advisory_committee,Group
western_management_area_of,Geographic_Unit
western_saline_front,Natural_Feature
westley,City
weymouth,Local_Gov
whittaker_bermite_corporation,Company
wiedlin,Nonsense
wildwood_canyon_state_park,Natural_Feature
wilkinson_gill_water_company,Company
will_be_accomplished,Nonsense
williamson_act,Legal
withdrawing_party,Nonsense
wolf,Natural_Feature
workgroup_tiers_2_3,Group
working_groups,Group
wr,Nonsense
wsc,District
wwwfcgmaorg,Nonsense
wy2019,Reference
wyrick,Nonsense
yager_creek,Natural_Feature
yceh,Nonsense
yeats_et_al,Person
yolo_parties,Group
yolo_sustainable_groundwater_management_act_working_group,Group
young_alluvium,Natural_Feature
yuba_county_environmental_health_department,Group
yvwd16,District
zeng,Nonsense
µs_cm,Nonsense
δ2h,Nonsense
015_budget,Reference
2015_urban_water_management_plan,Technical
20year_study_period,Reference
22412_uncertainty_in_water_budget_uncertainties,Technical
2b,Nonsense
3546e,Nonsense
3564f,Nonsense
500_250_75_senate_bill,Legal
644452b,Nonsense
93105_wwwdbstephenscom,District
a029657,Nonsense
a_charles,Person
a_city_of_lompoc,City
a_coordination_agreement,Group
a_coordination_committee,Group
a_forming_party,Nonsense
a_groundwater_pumping_fee_program,Legal
a_groundwater_quality_trend_monitoring_groundwater_quality_trend_monitoring,Technical
a_groundwater_quality_trend_monitoring_workplan,Technical
a_local_well_name,Infrastructure
a_management_arca,District
a_management_committee,Group
a_memorandum_of_agreement,Group
a_n,Nonsense
a_natural_communities_commonly_associated_with_groundwater,Natural_Feature
a_non_party,Nonsense
a_proposal_solicitation_package,Reference
a_proposition_1_sustainable_groundwater_planning_grant,Legal
a_resolution_to_establish_a,Nonsense
a_sacred_lands_file_native_american_contacts_list_request,Reference
a_salt_and_nutrient_management_plan,Technical
a_solano_subbasin_groundwater_sustainability_agency_advisory_group,Group
a_stakeholder_advisory_committee,Group
a_state,Nonsense
a_technical_work_group,Group
a_water_accounting_framework,Technical
a_water_conservation_strategic_plan,Technical
a_water_management_plan,Technical
a_water_supply_reliability_report_update,Technical
aarhus_geosoftware,Company
ab303,Legal
ab_1668,Legal
ab_303,Legal
ab_303_appx_c,Reference
ab_359,Legal
ab_361,Legal
ab_le,Nonsense
aberdeen,Local_Gov
ac,Nonsense
accountability,Nonsense
acevedo,Nonsense
achieving,Nonsense
ackerman,Nonsense
act_and_public_resources_code_section_21065,Reference
action_agriculture_general,Nonsense
action_levels,Technical
activity_hazard_analysis,Technical
activity_participants_for,Nonsense
acton,City
adam_bingham,Person
adaptive_basin_management,Group
adaptive_salinity_drainage_management,Water_Project
adcock,Person
address_data_gaps_and_improve_refine_sustainable_management_criteria,Technical
addressed,Nonsense
addressing_collect,Nonsense
adjacent_areas,Geographic_Unit
adjacent_rock,Natural_Feature
adjudicated,Legal
administering_agency,Group
administración,Nonsense
administrative_record,Reference
adopts,Nonsense
advisory_committee_chair,Group
advisory_committee_charter,Group
aem_airborne_electromagnetic_aqua_geo_frameworks,Technical
af_y_water,Group
af_yr,Nonsense
affiliates,Nonsense
afy_additionally,Nonsense
agencies_the_agencies,Group
agency_bylaws,Legal
agency_coordinator,Group
agency_each_agency,Group
agency_personnel,Nonsense
agenda,Nonsense
agricultural_contractors,Group
agricultural_irrigation,Nonsense
agricultural_irrigation_efficiency_a,Technical
agricultural_land,Geographic_Unit
agricultural_lands_domain,Geographic_Unit
agricultural_pool,Group
agricultural_pumping_precipitation,Natural_Feature
agricultural_resources,Nonsense
agricultural_threshold_study,Technical
agriculture_natural_resources_conservation_service,Federal_Gov
agua_subterránea_pasados,Nonsense
ahtna_engineering_services,Company
aimee,Nonsense
air_force_and,Nonsense
airborne_geophysics,Technical
airport,City
akm,Nonsense
alameda_county_gp,Local_Gov
alex_kan,Person
alhambra,City
ali_sahli,Person
aliso_canyon,Natural_Feature
all,Nonsense
all_agency_board,Group
allen,Nonsense
alley,Nonsense
alluvial_fan_deposits,Natural_Feature
alluvial_upper_tehama,Basin
allwardt,Person
alpaugh_community_service_district,District
alyson_waterson,Person
amador_counties,Local_Gov
amador_county_code,Legal
amah_mutsun_land_trust,NGO
amanda_peisch,Person
ambassadors,Group
ambient_water_quality_criteria,Legal
american_mink,Natural_Feature
ametek_aerospace_et_al,Company
an_augmentation_fee,Legal
an_government,Nonsense
an_interested_party_list,Nonsense
and_recharge,Nonsense
anderson_rose_dam,Infrastructure
andrea_reich,Person
andrew_renshaw,Person
angela_bezzone,Geographic_Unit
animal_sitespermitted_facilities_with_waste_discharge_requirements_orders_geotracker,Data_System
anna_olsen,Person
annual_pumping_allocation_andor_transient_pool_allocation,Legal
antelope_subbasin_projected,Technical
antelope_subbasin_surface_water_system,Natural_Feature
apac,Group
apex_ranch_conjunctive_use_project,Water_Project
appendix_1_b_182,Reference
appendix_1_f,Reference
appendix_1_f_community_engagement_plan_for_development_and_adoption_of_a_groundwater_sustainability_plan_sonoma,Reference
appendix_2_3,Reference
appendix_2_a,Reference
appendix_2_e,Reference
appendix_2f,Reference
appendix_2fa,Reference
appendix_4_c_to_address,Reference
appendix_6_b,Reference
appendix_6b_table_2,Reference
appendix_a_336_quantification_of_current,Reference
appendix_b_appendix_c,Reference
appendix_b_groundwater,Reference
appendix_b_projected_land_use_change_with,Reference
appendix_c_next_year,Reference
appendix_d2,Reference
appendix_d3c,Reference
appendix_e_based,Reference
appendix_f_static,Reference
appendix_g_based,Reference
appendix_h_67,Reference
appendix_h_data,Reference
appendix_i_hydrogeologic_conceptual_model_and_groundwater_conditions,Reference
appendix_l_additionally,Reference
application_29657,Nonsense
application_of_geophysics_to_environmental_and_engineering_problems_nashville,Reference
applied_calculation,Technical
applied_flows,Technical
applied_groundwater_return_flows,Technical
applied_recharge,Water_Project
applied_surface_water_return,Natural_Feature
approximated_approximated,Nonsense
approximated_approximated_average,Nonsense
aqua_geo,Data_System
aquaculture,Nonsense
aquatic_bioassay_and_consulting_laboratory,Company
arc_hydro_groundwater,Technical
arcadia_wellfield,Infrastructure
ardisols,Natural_Feature
arlington_western_municipal,District
army_depot,Infrastructure
army_forces_command,Federal_Gov
aromas_formation,Natural_Feature
aromas_sand,Natural_Feature
arrowweed,Natural_Feature
arroyo_dos_picachos,Natural_Feature
arroyo_pasajero,Natural_Feature
arroyo_santa,Natural_Feature
arroyo_seco_groundwater,Basin
arroyo_seco_groundwater_sustainability_agency_1,Local_GSA
arroyo_willow,Natural_Feature
arundell,Nonsense
asch_th,Nonsense
asgsa_boards,Group
asr_program,Water_Project
assembly_bill_32,Legal
assembly_bill_52,Legal
assembly_bill_599,Legal
assimilative_capacity,Technical
associated_vegetation_california,State_Gov
association_for_the_advancement_of_cost_engineering,NGO
association_of_water_agencies_of,Group
assure_that,Nonsense
attachment_d_specifically,Reference
attachments_m_national_aeronautics_and_space_administration_jpl,Federal_Gov
auburn,City
audubon_california,State_Gov
authority_board_of_directors,Group
authorizing,Nonsense
automated_high_output_ground_seeding,Technical
automatic_precise_positioning_service,Technical
avek,District
avila_beach,City
awmps_improve_monitoring_program,Technical
b_board,Group
b_review,Reference
background_study,Reference
badger_creek,Natural_Feature
bailey_fault,Natural_Feature
ballona_aquifer_groundwater,Natural_Feature
baltimore_aircoil_company_to_allow_for_connection,Company
banks_pumping_plant,Infrastructure
barbara_dalgish_pg,Person
barber,Nonsense
barham_ranch,Local_Gov
barlow,Nonsense
barow,Nonsense
bartow_ja,District
baseline_future_scenario_simulations,Technical
basewide_groundwater_monitoring_program,Technical
basin_characterization_model_developed,Technical
basin_completed,Nonsense
basin_executive,Group
basin_stakeholders,Group
basinscout,Technical
bay_margin,Natural_Feature
bayside_groundwater_project,Water_Project
bb_bb,Nonsense
bb_limited_recharge_and_recovery,Basin
bcgsa_board,Group
bcgsa_board_of_directors,Group
bcwd,District
bear,Natural_Feature
beaughan_creek,Natural_Feature
because,Nonsense
bedford_coldwater_groundwater_subbasin,Basin
bedford_coldwater_sub_basin,Basin
belin,Nonsense
belridge,District
ben,Person
beneficial_uses_and_users_of_groundwater_significant,Technical
berenbrock_1988,Reference
berenda_slough_byp_7,Infrastructure
berrenda_mesa_water_district,District
bethel_island_municipal_improvement_district,District
betty_moore_foundation,NGO
beverly_hills_utilities_corporation,Company
big_pine_community_service_district,District
big_springs_ranch,Nonsense
big_valley_advisory_committee_92221_draft,Group
big_valley_groundwater_sustainability_agency_groundwater_sustainability_plan_advisory_committee,Group
biggs_west_gridley,District
bill_1168,Legal
bill_779,Legal
bill_jackson,Person
bill_jones_pumping_plant,Infrastructure
bill_x7_7,Legal
bioretention_bioswale_project,Water_Project
bird_creek,Natural_Feature
black_butte,Natural_Feature
black_cottonwood_woodland,Natural_Feature
bloyd,Infrastructure
blue_indicates_flows_greater,Nonsense
board_as_interested_parties,Group
board_chair,Nonsense
board_members,Group
board_of_directors_and,Group
board_of_directors_meetings,Group
board_of_directors_notice_of_board_of_directors,Group
board_of_supervisors_of_the_county_of_monterey,Local_Gov
board_of_supervisors_of_the_county_of_san_diego,Local_Gov
board_of_the_authority,Group
boeing_company,Company
boise,Local_Gov
boles_creek,Natural_Feature
bonds_medium,Nonsense
bonta_creek,Natural_Feature
bookman_edmonston_engineering_inc,Company
borax,Nonsense
boreholes,Infrastructure
boronda,City
borrego_gsa,Other_GSA
bostic,Nonsense
boundary_flow_measurement,Technical
bouquet_junction,Geographic_Unit
bowman_subbasin_historical_lateral_subsurface_groundwater,Natural_Feature
bowman_subbasin_historical_vertical_subsurface,Technical
braatne,Nonsense
brad_herrema,Person
brady_r_otto,Person
brenda,Person
brenda_bay_area,Geographic_Unit
broad_considerations_for_projects_and_management_actions,District
brock_buche,Person
brock_buche_groundwater_sustainability_agency_party,District
brown_act,Legal
brown_act_compliance,Legal
browns_creek,Natural_Feature
brush_creek,Natural_Feature
bryophytes,Natural_Feature
bs_chemistry,Nonsense
bsk_laboratory,Technical
btex,Nonsense
buck,Nonsense
buellton_upland_subarea,Geographic_Unit
buena_vista_pumping_plant,Infrastructure
build_on_existing_management,Legal
build_public_engagement_for_regional_sustainability_many,Nonsense
bulletin_74_9,Reference
bulletin_74_90,Reference
bulrush,Natural_Feature
burbank,City
burdell_mountain,Natural_Feature
burdette_ogle,Person
bureau_of_indian_affairs,Federal_Gov
bureau_of_reclamation_revenue,Federal_Gov
burnham,Nonsense
burow,Natural_Feature
bush,Nonsense
butler_slough,Natural_Feature
butte_county_groundwater_inventory_analysis,Technical
butte_water_district_groundwater_sustainability_agency,Other_GSA
butte_water_district_groundwater_sustainability_agency_sutter,Local_GSA
bvhim,Nonsense
by_non_groundwater_sustainability_agency_entities,Nonsense
byron_bethany_irrigation,District
byron_bethany_irrigation_district_web,District
byron_division_canal_45,Infrastructure
byron_katie_trust,NGO
byron_sanitary_district,District
c2vsimfg_kern_historical_simulation_table_13_assessment_of_potential_native,Reference
c_appendix_j,Reference
c_collaborative,Group
c_e_plan,Technical
c_given,Nonsense
cache_creek_resources_management_plan,Technical
cacheville_csd,Local_Gov
cachuma_operation_and_maintenance_board,Group
cachuma_operations_and_maintenance_board,Group
cachuma_project_on,Water_Project
cadwr,State_Gov
calabazas_creek,Natural_Feature
calibrated_root_zone_water_budget_components,Technical
california_aqueduct_subsidence_studies,State_Gov
california_code_of_regulation,State_Gov
california_code_of_regulations_tit,State_Gov
california_contractors_license_law,State_Gov
california_department_of_fish,State_Gov
california_department_of_water_resources_state_water_data_library_statewide_groundwater_elevation_monitoring,State_Gov
california_division_of_mines_bulletin,State_Gov
california_environmental,State_Gov
california_environmental_flows_framework,State_Gov
california_environmental_health_tracking_program,State_Gov
california_environmental_reporting_system,State_Gov
california_farmland_trust,State_Gov
california_fourth_climate_change_assessment,State_Gov
california_integrated_water_quality_system_project,State_Gov
california_invasive_plant_c,State_Gov
california_public_resources_code,State_Gov
california_quality_act,State_Gov
california_regional_water_quality_control_board_general_order,State_Gov
california_resource_conservation_district,State_Gov
california_roundtable_on_water,State_Gov
california_soil_resource_lab_at,State_Gov
california_spatial_reference_center,State_Gov
california_species_list_tools,State_Gov
california_sportfishing_protection_alliance,State_Gov
california_state_constitution,State_Gov
california_state_department_of_public_health_order_of,State_Gov
california_state_groundwater_elevation_monitoring,State_Gov
california_state_notification_level,State_Gov
california_statewide_groundwater,State_Gov
california_statewide_groundwater_elevations_monitoring_program,State_Gov
california_water_action_plan,State_Gov
california_water_code_section_107236b,State_Gov
california_water_code_section_10723b,State_Gov
california_water_code_section_10728,State_Gov
california_water_code_section_135612,State_Gov
california_water_code_section_1810,State_Gov
calistoga_popcornflower,Natural_Feature
calleguas_calleguas,District
calleguas_municipal_water_district_aquifer_storage_and_recovery_project_and_in_lieu_storage_program,Water_Project
callitriche_heterophylla,Natural_Feature
calvin_college,Nonsense
camp_comfort,Local_Gov
camp_far_west_reservoir,Infrastructure
camrosa_board_of_directors,Group
camrosa_gsa,Other_GSA
camrosa_water_district_boards,Group
can_be_withdrawn,Nonsense
canal_system,Infrastructure
cannia,Basin
canyon,Natural_Feature
carl,Person
carle,Nonsense
carman_creek,Natural_Feature
carneros_basin,Basin
carney,Nonsense
carollo_engineers_inc,Company
carp,Natural_Feature
carr_fire,Natural_Feature
carswell_2009,Reference
casa_de_fruta,Local_Gov
cascades,Geographic_Unit
case_4_region_management_actions,Nonsense
casgems_program,State_Gov
castaic_junction,Infrastructure
castaic_lake_water_agency_santa_clarita_water_division,District
castaic_subunit,Basin
castroville_community_services_district,District
catalog_climate,Technical
cch1_berkeley_mapper,Technical
ceanothus_hellmers_et_al,Person
census_designated_place,Geographic_Unit
census_designated_places_of_boulder_creek,Natural_Feature
central_california_coast,State_Gov
central_california_coast_distinct_population_segment,State_Gov
central_coast_water_authority_board_of_directors,Group
central_management_agency,Group
central_sacramento_county,County
central_tendency,Nonsense
central_tendency_2070,Technical
central_valley_dairy_representative_monitoring,Technical
central_valley_flood_protection_board_communications_decision_making_processes,Group
central_valley_improvement_act,Legal
central_valley_project_delta_division,Water_Project
central_valley_project_friant,Water_Project
central_valley_project_san_luis,Water_Project
central_valley_project_settlement_contract,Legal
central_valley_project_supplies_agencies,Group
central_valley_project_water_service_contractors,Group
central_water_system,Natural_Feature
central_yolo_management,Group
central_yolo_management_area,Geographic_Unit
centre_europeen_de_reserches_et_de_formation,Natural_Feature
certificate_of_analysis,Reference
certified_unified_program_agency,Group
cgs,State_Gov
ch3_revise_line,Nonsense
chair_of_each_committee,Group
chair_of_the_executive_committee,Group
chair_of_the_technical_advisory_committee,Group
challenges,Nonsense
chambers_public_noticing_irrigation_district211,District
champlin_slough,Natural_Feature
channel_island_beach,Natural_Feature
channel_islands_beach_community,Group
channels,Natural_Feature
chapman,Person
chappelle,Nonsense
chapter_8,Reference
chatsworth,Geographic_Unit
chevron_usa_inc,Company
chico_management_area,Geographic_Unit
chico_rancheria,Local_Gov
chino_desalter_authority,Group
chittenden,Basin
chloride_chloride,District
cholame,Geographic_Unit
chowchilla_bypass_water,Water_Project
chowchilla_madera,Basin
chowchilla_subbasins,Basin
chowchilla_water_district_board,Group
chowchilla_water_district_meeting,Group
chris_boyle,Person
christensen_associates_inc,Company
chronic_lowering_of_groundwater_fall,Natural_Feature
chuck_corica_golf_complex,Infrastructure
chumash_mission,Nonsense
chung,Nonsense
circumstances_and_criteria_for_implementation,Reference
cisdce,Nonsense
cities_of_rohnert_park,Local_Gov
citizens_advisory_groups,Group
citizens_for_responsible_oil_and_gas,NGO
city_clerk_to_execute_the_certificate_of_acceptance,Nonsense
city_council_chambers,Nonsense
city_environment_committee,Group
city_general_plan,Technical
city_of_5,City
city_of_albany,City
city_of_bishop_to,City
city_of_canyon_lake,City
city_of_el_cerrito_gp,City
city_of_farmersville,City
city_of_hemet,City
city_of_oakley,City
city_of_scotts_valley_tertiary_treatment_plant,City
city_of_weed,City
citywide_non,District
clarita,Nonsense
claudia_faunt,Person
clean_water_action,NGO
clean_water_state_revolving_fund_program,State_Gov
cleveland_national_forest,Natural_Feature
clint_mckay,Person
clovis_sewage_treatment_water_reuse_facility,Infrastructure
cma_groundwater_sustainability_agency_advisory_committee,Group
co,Nonsense
coachella_valley_water_district,District
coastal_conservancy,State_Gov
coastal_range,Geographic_Unit
coastal_ranges,Geographic_Unit
coastal_zone_management_act,Legal
code_of_civil_procedure_section_861,Reference
coldwater_groundwater_sustainability_authority,Group
collaboration,Nonsense
collaborative_decision_approach,Group
collection_of_other_required_information,Natural_Feature
colusa_city_council,Group
colusa_subbasin_multi_benefit_groundwater_recharge_costs_item,Reference
commerce,City
commercial_environmental_health,Nonsense
committee_action,Nonsense
committee_and_governing_board,Group
communication_forums_tools_governance_agencies_briefings_board,Group
communication_key_sustainable_groundwater_management_act,Legal
communication_monitoring,Technical
communication_objectives,Nonsense
communications_and_engagement,Group
communities,Group
community_development,Nonsense
community_development_department,Group
community_engagement_and_outreach_plan,Technical
community_engagement_survey,Technical
community_engagement_team,Group
community_monitoring_program,Technical
community_planning_districts,District
community_services_district_law,Legal
complaint_and_petition_for_declaratory_relief,Legal
comprehensive_groundwater_quality_monitoring_program,Technical
concur,Nonsense
conejo_creek_flows_by_t,Data_System
conejo_creek_water_pumping_program,Water_Project
conejo_creeks,Natural_Feature
confined,Nonsense
confined_while,Nonsense
conflict_of_interest_code,Legal
congruently,Nonsense
conifer,Nonsense
conjunctive,Nonsense
conjunctive_use_agreements,Group
consensus_and_collaboration_program,Group
conservation_and_land_use,Legal
conservation_and_open_space,Group
conservation_and_open_space_element,Reference
conservation_development_and_planning,Group
conservation_easements,Legal
conservation_element_and_open_space_element,Reference
conservation_open_space_element,Legal
conservation_service,Federal_Gov
conservation_technical_assistance,Technical
considering_beneficial_uses_and_users,District
consolidated_bedrock,District
constituents_of_concern,Technical
construction_activities_and_requirements_specific,Reference
contra_all_project_phases,Nonsense
contra_costa_county_water_agency,Group
contra_costa_goldfields,Natural_Feature
contract,Legal
contracting_entities,Group
controller_of_the_agency,Group
conversations_calibration,Nonsense
conveyance,Infrastructure
cooperating_agreement,Group
cooperation_agreement,Group
cooperative_committee_regular_meeting,Group
coordinate_community_development_decisions,Group
coordinated_costs,Nonsense
coordinates,Nonsense
coordinating_body,Group
coordination_of_farm_plans,Technical
coordination_the_enterprise_anderson_groundwater_sustainability_agency,Other_GSA
cordua_id,District
corona_groundwater_management_plan,Technical
corona_utility_authority,Group
corporation,Nonsense
corral_de_tierra_areas,Geographic_Unit
corral_de_tierra_management,Group
corral_de_tierra_subarea,Geographic_Unit
corridors_framework_plan,Technical
corydon,Nonsense
coso_valley,Geographic_Unit
costs,Nonsense
cosumnes_basin_data_management_system,Technical
cosumnes_subbain,Basin
cosumnes_working_group_consultants,Group
coswpa,Group
cottonwood_creek_recharge_project,Water_Project
council_of_county,County
country_club_faults,Natural_Feature
county_adopted_uab,Legal
county_city_of,City
county_department_of_public_health,Local_Gov
county_environmental_health_departments,Group
county_environmental_health_division,Local_Gov
county_government_center,Infrastructure
county_groundwater_commission,Group
county_of_marin,County
county_of_monterey_groundwater_sustainability_agency,Local_GSA
county_of_siskiyou_local_agency_formation_commission,Group
county_of_sutter,County
county_of_tulare_health_and_human_services_agency,Group
county_overlying,Geographic_Unit
county_road_a12_reach_length,Nonsense
county_service_areas,Geographic_Unit
county_water_well_ordinance_4468,Legal
county_where,Nonsense
covid19,District
cowardin_et_al,Reference
cpp_reverse_osmosis_plant,Infrastructure
crane_creek,City
create_and_manage,Nonsense
cretaceous_val_verde_tonalite,Natural_Feature
criteria,Nonsense
criteria_a_and_b,Nonsense
critical_species_lookbook,Technical
cross_complaint,Nonsense
cross_section_a_a,Reference
cross_section_c_c,Reference
cross_section_locations,Reference
cucamonga,Geographic_Unit
current_monitoring_network,Technical
customer_assistance_program,Group
cvpia,Group
cwc_section_10723,Reference
cwm,Nonsense
cwsrf_program,Group
d5447,Nonsense
d5891,Nonsense
dairy_program,Nonsense
dan_steiner,Person
danish_environmental_protection_agency,Group
data_collection_data,Technical
data_management_system_and_data_reporting,Technical
data_management_various,Technical
data_quality_and_objectives,Technical
data_quality_and_quality_control_plan,Technical
data_quality_data,Technical
data_recording,Technical
data_type,Technical
daulton,Geographic_Unit
david_fairman,District
david_jacobs,District
davids_engineering_inc,District
davids_engineering_luhdorff_and_scalmanini_consulting_engineers,District
davids_lsce,District
davis_wd,District
dctra_groundwater_management_plan_memorandum,Reference
dctra_groundwater_management_plan_update,Technical
de_agua,Nonsense
de_monitoreo,Technical
decreasing,Nonsense
deep_aquifer_investigative_study,Technical
deep_aquitard,Natural_Feature
deep_percolation_of,Nonsense
deer_creek_and_tule_river_authority_groundwater_management_plan_update,Technical
defines_sustainable_management_criteria,Legal
degradation_of_water_quality_sustainability_indicator,Technical
degraded_water_quality_smc,Technical
del_norte,County
del_valle_isw,District
del_valle_reach,Geographic_Unit
delano_earlimart_id,District
delano_earlimart_irrigation_district_groundwater_sustainability_agency_board_of_directors,Group
delano_earlimart_irrigation_district_groundwater_sustainability_agency_jurisdiction,Geographic_Unit
delta_accelerated_water_transfer_program,Water_Project
delta_conveyance_project,Water_Project
delta_mendota_groundwater_subbasin,Basin
delta_stewardship_council,State_Gov
deltamendota,Basin
dem,Infrastructure
demands,Nonsense
dennis_r_keller,Person
department_of,Nonsense
department_of_cannabis_control,State_Gov
department_of_defense_army_nqa1_certified_lead,Person
department_of_fish_and_wildlife_comment_7_new_planning_thresholds,Nonsense
department_of_fish_and_wildlife_department_of_fish_and_wildlife,State_Gov
department_of_forestry_and_fire_protection,State_Gov
department_of_health_and_human_services,Federal_Gov
department_of_planning_and_development,Local_Gov
department_of_state_hospitals,State_Gov
department_of_water_resources_2019_state_water_project_delivery_capability_report,Technical
department_of_water_resources_4,State_Gov
department_of_water_resources_basin,Basin
department_of_water_resources_bmp,State_Gov
department_of_water_resources_california_elevation_monitoring_statewide_groundwater_elevation_monitoring,State_Gov
department_of_water_resources_comments,Federal_Gov
department_of_water_resources_environmental_science_associates_insar,Group
department_of_water_resources_groundwater_sustainability_plan_elements_guide,District
department_of_water_resources_groundwater_sustainability_plan_evaluations,State_Gov
department_of_water_resources_guidance_document,District
department_of_water_resources_merced_county_land_use_survey,Technical
department_of_water_resources_n,State_Gov
department_of_water_resources_northern_region,Geographic_Unit
department_of_water_resources_portal,Data_System
department_of_water_resources_publication,Reference
department_of_water_resources_recharge,State_Gov
department_of_water_resources_region_offices,State_Gov
department_of_water_resources_statewide_groundwater_elevation_monitoring_program_2_equipped,Technical
department_of_water_resources_sustainable_groundwater_management_act_portal,Data_System
department_of_water_resources_sustainable_groundwater_management_grant_program,State_Gov
department_of_water_resources_the_variable_operation,Group
department_of_water_resources_water_tool,Data_System
department_of_water_resources_water_year,Data_System
department_of_water_resources_well_standards,Legal
department_of_water_resources_well_standards_bulletin_nos,Legal
department_of_water_resources_well_standards_bulletins_nos,Legal
departmental_allocation_list_for_emergency_services_division_of_the_county_executive_office,Reference
depletion_of,Nonsense
depletion_of_interconnected_surface_water_regional,Technical
depletion_of_interconnected_surface_water_that,Nonsense
depletion_of_interconnected_surface_waters,Natural_Feature
depth,Nonsense
depthtogroundwater,Technical
derived_from_gems_and_adjusted_change,Technical
description_of_measures_and_explanation_of_how_will_be_achieved,Reference
design,Nonsense
detailed_analysis_unit,Geographic_Unit
detected_in_groundwater_wells,Technical
determination_of_sustainable_yield_sustainable,Technical
development_of_a_numerical_groundwater_flow_model,Technical
di,Nonsense
digiorgio_unit,Basin
direct_mail,Nonsense
direct_recharge_in_agriculture_areas,Geographic_Unit
disadvantaged_communities_inform,Technical
disadvantaged_community_block_groups,Group
disadvantaged_community_boundaries_places,Geographic_Unit
disadvantaged_community_communities,Group
disadvantaged_community_involvement_section_186_pg_committee,Reference
disadvantaged_community_mapping_tool,Data_System
discharge,Nonsense
discharges_consumptive_use_lateral_flow_of_groundwater,Technical
discussion_of_management_actions,Reference
dissolved_iron,Natural_Feature
distribution_system_improvement_projects,Water_Project
district_engineer,Person
division_13,Legal
division_3_of_the_public_resources_code,Legal
division_6_of_the,Nonsense
division_7,Local_Gov
division_of_safety_of_dams,Infrastructure
division_of_the_director,Group
division_of_water_resources,State_Gov
division_one,Nonsense
divisions_and_programs,Group
divisions_of_geologic_time,Nonsense
dm,Nonsense
dmgb_coordination_committee,Group
domestic_well_owners,Group
dominic_gutierrez,Person
dorsey_et_al,Reference
doug_a_linney,Person
douglas_fir,Natural_Feature
draft_chapter_9_project_and_management_actions,Reference
draft_groundwater_sustainability_plan_review,Technical
draft_intertie_feasibility_study,Technical
draft_merced_subbasin_groundwater_sustainability_plan,Technical
draft_piru_fillmore_basins_assembly_bill,Legal
drain_packages,Technical
drought_management_plan,Technical
dryfield_creek,Natural_Feature
drywells,Infrastructure
dt,Nonsense
dubrovsky,Person
duell,Nonsense
duke_energy,Company
duncan_macewan,Person
dw,Nonsense
dymally_alatorre_bilingual_services_act,Legal
e3,Nonsense
e_hautala,Person
e_logs,Technical
e_o,Nonsense
each_party,Nonsense
each_project_or_action,Nonsense
each_regular_board_of_directors,Group
eagsp,Nonsense
earl_schmitt_filtration_plant,Infrastructure
early_action_plans,Technical
east_contra_costa_groundwater_sustainability_plan,Technical
east_contra_costa_irrigation_district_board_report,Technical
east_las_posas_management_area_model,Technical
east_niles,City
east_stanislaus_integrated_regional_water_management_plan,Technical
eastern_management_area_of,Geographic_Unit
eastern_management_areas,Geographic_Unit
eastern_portion,Geographic_Unit
eastern_tule,Basin
eastern_tule_groundwater_sustainability_agency_interested_parties_list,Reference
eastern_tule_groundwater_sustainability_agency_joint_powers_authority,Group
eastside_bypass_chowchilla_canal,District
eastside_lower_aquifer,Natural_Feature
ebay,Company
edna_ranch_mutual_water_company,Company
education,Nonsense
education_of_groundwater_use_per_acre,Technical
effect_of_minimum_threshold_on,Nonsense
eki_environment_water_inc,Company
el_camino_restoration,Water_Project
el_estudio_de_tarifas_que,Nonsense
el_monitoreo_y_la_presentación_informes,Technical
el_nido_canal,District
el_paso_water_utilities,District
el_rio_groundwater_recharge_facility,Infrastructure
el_rio_mobile_estates,Geographic_Unit
el_rio_spreading_grounds,Infrastructure
el_río,Natural_Feature
elbar_ranch,Nonsense
electronic_data_transfer_library,Technical
elevation_contour,Technical
elk_grove_general_plan,Technical
elkhorn,City
elkhorn_property,Geographic_Unit
ellis,Geographic_Unit
elsinore_valley_groundwater_subbasin,Basin
elvin_kumar,Person
empire_weir_no,Infrastructure
empire_west_side_irrigation_district,District
encourage,Nonsense
endangered,Nonsense
endangered_fully_protected_reliance_on_groundwater,Nonsense
endangered_fully_protected_reliance_on_groundwater_direct,Nonsense
ensure,Nonsense
enterprise_anderson_groundwater_sustainability_agency_management_adjacent_basins_committee,Group
enterprises,Nonsense
entities,Nonsense
environmental_and_ecosystem_uses,Legal
environmental_defense_fund_t10000003428_mw2,NGO
environmental_health_department_well_program,Local_Gov
environmental_management_element,Reference
environmental_resources_engineering,Company
environmental_services_dept,Local_Gov
environmental_users_of_groundwater_representatives,Group
eric_limas,Person
eric_shannon,Person
eryn_torres,Person
es_421_direct_groundwater_potential,Technical
esjga,Nonsense
esjwqc,Nonsense
establish,Nonsense
estimated,Nonsense
estimating,Nonsense
et_measurement,Technical
et_package,Technical
etpr,Nonsense
evaluate_distribution_of_groundwater_dependent_ecosystems,Natural_Feature
evaluate_groundwater_sustainability_plan,Technical
evaluated,Nonsense
evan_perez,Person
evapotranspiration,Natural_Feature
evapotranspiration_crop,Technical
executive_committees,Group
exeter_irrigation_district_management_area,Geographic_Unit
existing_enforce,Legal
existing_expanded_conjunctive_use,Water_Project
expanded_water_conservation_and_standby_rationing_plan_4_water_conservation,Legal
external_communications_representative,Nonsense
f1,Nonsense
f_dischargers,Data_System
facilitation_support_and_technical_support,Technical
factory_ponds,Natural_Feature
fair_oaks,City
fall_levels,Technical
family_resource_center,Local_Gov
fan_et_adenostoma,Reference
fan_et_ceanothus,Nonsense
farm_advisors,Group
farm_bureau_county_farm,NGO
farm_demand,Nonsense
farm_level,Geographic_Unit
farm_october_7,Nonsense
farm_process_package,Nonsense
fe,Nonsense
feather_river_regional_flood_management_plan,Technical
federal_and_state,Group
federal_emergency_management_agency,Federal_Gov
federal_entities_established,Group
federal_grants,Legal
federal_power_commission,Group
federal_wellhead_protection_program,Federal_Gov
fesa,Legal
ff_ff,Nonsense
field_duplicate_and_site_specific_quality_control,Technical
field_techniques_for_estimating_water_fluxes_between_surface_water_and_ground_water,Technical
files12_071data_current,Technical
fillmore_b_piru_c,Basin
finance_committee,Group
finite_element_model,Technical
firebaugh_irrigation_management_information_system,Technical
flood_and_water_conservation_district,District
flood_bypass,Infrastructure
flood_reserve,Infrastructure
floodplain,Natural_Feature
floodplain_enhancement_and_recharge,Water_Project
floodwater_the_district,District
florin_county_water_district,District
flows_technical,Technical
flows_underflow,Technical
focused_cross_sections,Technical
fogg_1997,Reference
fonsi,Nonsense
foothill_woodland,Natural_Feature
foothills_simulated,Technical
forebay_subbasin_groundwater_sustainability_plan_implementation_agreement,Group
foreman,Nonsense
forest_ranch,City
formerly_established,Nonsense
forrest_frick_pipeline,Infrastructure
forsythe,Nonsense
foster_park_aquatic_habitat_area_groundwater_dependent_ecosystem,Natural_Feature
foundational_data_documents,Technical
fpbga,Nonsense
fpbga_board_directors,Group
framework_document,Reference
franciscan_basement,Natural_Feature
franciscan_formation_physical_properties_wells,Technical
frank_konyn_dairy_inc,Company
freeman,Nonsense
freeport_regional_water_project,Water_Project
freitas,Nonsense
fremont_cottonwood,Natural_Feature
fresno_bee,Nonsense
fresno_river_flood_releases,Water_Project
friant_class,Nonsense
friant_kern_canal_as_regional_critical_infrastructure,Infrastructure
friant_kern_canal_central_valleyp,Infrastructure
frog,Nonsense
front_outside,District
front_piru_a,Basin
ftr,Nonsense
full_advanced_treatment_program,Water_Project
funded_seek,Nonsense
future_baseline_and_climate_change,Technical
future_baseline_with_climate_change,Technical
g_g,Nonsense
g_l,Nonsense
gabbro,Natural_Feature
gabilan,Basin
gadwall_unit,Geographic_Unit
gage_package,Technical
gainey_ranch,Geographic_Unit
galt_herald,Reference
galt_wwtp,Infrastructure
garden_farms_community_water_district_garden_farms_community_water_district,District
garden_highway_mutual_water_company,District
garmin,Company
garrapata,Natural_Feature
gasterosteus_creek,Natural_Feature
gcidwis,District
gcp,Technical
gems_program,Technical
general_agriculture,Nonsense
general_basin_plan_objectives,Reference
general_description_and_topography,Reference
general_information_reporting_period,Technical
general_plan_action_items,Reference
general_plan_environmental_impact_report,Technical
general_plans_and_groundwater_ordinances,Legal
general_plans_or_urban_water_management_plans,Technical
general_services_administration,Federal_Gov
general_waste_discharge_requirements,Legal
geojson,Nonsense
geologic_cross_section,Reference
geological,Nonsense
geological_survey_groundwater_ambient_monitoring_and_assessment_priority_basin_project_report,Technical
geological_survey_groundwater_quality_monitoring,Technical
geological_survey_national_elevation_dataset,Technical
geological_survey_national_field_manual,Reference
geological_survey_scientific_investigations_report,Technical
geological_survey_water,State_Gov
geological_survey_water_supply_paper_1467,Reference
geomega,Company
geottracker,Data_System
gg,Nonsense
ghb_package,Technical
giant_reed,Natural_Feature
gibs,Nonsense
gillespie,Local_Gov
gillham,Nonsense
gl,Nonsense
gla_data,Technical
glenn_county_community_wildfire_protection_plan,Technical
global_navigation_satellite_system,Technical
global_positioning,Technical
gmt2,Nonsense
go,Nonsense
golden_state_water_company_culver_city,Company
golden_state_water_company_golden_state_water_company,Company
golf_courses,Nonsense
gordon,Nonsense
gottschalk,Nonsense
gov,Nonsense
governance_committee,Group
governance_workgroup,Group
gp2,Nonsense
graham_hill_water_treatment_plan,Technical
granite_construction,Company
granitic,Nonsense
grant,Nonsense
grassland_drainage_area_gar,Basin
gravels,Natural_Feature
greater_monterey_county_region,Geographic_Unit
greater_tule_management_area,Geographic_Unit
griffith_creek,Natural_Feature
griffith_park,Natural_Feature
groundwater_accounting_program,Technical
groundwater_agency,Group
groundwater_ambient_monitoring_and_assessment_priority_basin_project,Water_Project
groundwater_ambient_monitoring_and_assessment_technical_hydrogeologic_and_data_support,Technical
groundwater_banking_program,Water_Project
groundwater_basin_prioritization,Technical
groundwater_dependent_ecosystem_locations,Natural_Feature
groundwater_dependent_ecosystem_pulse,Natural_Feature
groundwater_dependent_ecosystem_rooting_database,Technical
groundwater_elevation_data_groundwater,Technical
groundwater_exchange,Infrastructure
groundwater_export_groundwater,Nonsense
groundwater_export_ordinance,Legal
groundwater_extraction_accurate,Technical
groundwater_extraction_credit_marketing_and,Nonsense
groundwater_extraction_monitoring,Technical
groundwater_extraction_monitoring_data_gaps,Technical
groundwater_level_minimum_thresholds,Technical
groundwater_levels_agres,Technical
groundwater_management_ordinance,Legal
groundwater_management_planning_act,Legal
groundwater_metering_and_reporting_plan,Technical
groundwater_model_of_east,Technical
groundwater_monitoring_network,Technical
groundwater_monitoring_program,Technical
groundwater_planning_commission_authority,Group
groundwater_quality_data_processing_groundwater,Technical
groundwater_quality_groundwater,Technical
groundwater_quality_impacts,Legal
groundwater_quality_monitoring_and_data_sources_groundwater,Technical
groundwater_quality_monitoring_objectives,Technical
groundwater_quality_samples,Technical
groundwater_recordation_program,Technical
groundwater_replenishment_and_reuse_project_recycled_water_project,Water_Project
groundwater_resources_advisory,Group
groundwater_resources_section,Reference
groundwater_service_area,Geographic_Unit
groundwater_status_report,Technical
groundwater_storage_minimum_threshold,Reference
groundwater_storage_program,Water_Project
groundwater_sustainability_agency_coordination_implementation,Group
groundwater_sustainability_agency_formation_notification,Legal
groundwater_sustainability_agency_forming_parties_and_participating_parties,Group
groundwater_sustainability_agency_party_contact,Legal
groundwater_sustainability_agency_representative,Group
groundwater_sustainability_management_act,Legal
groundwater_sustainability_plan_ac,Legal
groundwater_sustainability_plan_community_advisory_committee,Group
groundwater_sustainability_plan_coordinating_committee,Group
groundwater_sustainability_plan_data,Technical
groundwater_sustainability_plan_development_basin_setting_hydrogeologic_conceptual_model_table_hydrogeologic_conceptual_model1,Reference
groundwater_sustainability_plan_development_process_we,Nonsense
groundwater_sustainability_plan_emergency_regulation,Legal
groundwater_sustainability_plan_emergency_regulations,Legal
groundwater_sustainability_plan_evaluation,Technical
groundwater_sustainability_plan_foundational_data_documents,Technical
groundwater_sustainability_plan_groundwater_sustainability_commission,Group
groundwater_sustainability_plan_implementation_effects_on_water_supply_assumptions_implementation,Technical
groundwater_sustainability_plan_implementation_interaction_the_yuba_subbasins,Basin
groundwater_sustainability_plan_planning,Technical
groundwater_sustainability_plan_program,Group
groundwater_sustainability_plan_provide,District
groundwater_sustainability_plan_regulations_section,Reference
groundwater_sustainability_plan_regulations_section_3554,Reference
groundwater_sustainability_plan_section_3,Reference
groundwater_sustainability_plan_section_where_is,Reference
groundwater_sustainability_plan_september_2019,Reference
groundwater_sustainability_plan_stakeholder_communication,Group
groundwater_sustainability_plan_stakeholder_workshop,Group
groundwater_sustainability_plan_studies_planned_projects_and_management,Reference
groundwater_sustainability_plan_technical_workshops,Technical
groundwater_sustainability_plan_the_soil_agricultural_groundwater_banking,Water_Project
groundwater_sustainability_planning_process_update,Reference
groundwater_sustainable_agency,Group
groundwater_water_budget,Technical
grounwater_pumping,Nonsense
group_1_and_group,Group
group_4_pmas,Group
grove,Nonsense
grr,Nonsense
gui,Nonsense
guiding_principles_for_models_used,Technical
guinda,City
gw_elevation_contour,Technical
gw_geochemistry,Technical
gwa_board_of_directors,Group
gwc5,Nonsense
h,Nonsense
habitat,Natural_Feature
habitat_comment,Nonsense
hall,Nonsense
hanson_aggregates,Company
harder_and_company,Company
harding_ese,District
hardwick,City
harris_ranch,Nonsense
harrison,Nonsense
hartsock_worth,Person
harvest_water_program,Water_Project
harvey_diversion,Infrastructure
harvey_o_banks_pumping_plant,Infrastructure
hayde_sanchez,Person
hayes,Nonsense
haynes,Nonsense
hayward_water_shortage_contingency_plan,Technical
healdsburg_area,Geographic_Unit
health_and,Nonsense
health_order,Legal
hellmers_et_al,Reference
helm,Nonsense
help_enterprises,Company
hemet_management_area,Geographic_Unit
hemet_san_jacinto_groundwater_management_area_adjudication,Legal
hemet_south_groundwater_management_zone,Geographic_Unit
henry_miller_road,Infrastructure
herald_fire_protection_district,District
herb_smart,Nonsense
hercules_water_company,Company
heritage_ranch_community_services_district_groundwater_sustainability_agency,Other_GSA
hexazinone,Nonsense
high_priority,Nonsense
hill_canyon_wastewater_treatment_plant,Infrastructure
hills,Natural_Feature
historical,Nonsense
historical_study_period,Technical
hob,Nonsense
holly_sugar_corporation,Company
hollywood_subbasin,Basin
horizontal_flow_barrier_package,Technical
hosted,Nonsense
housing_element_advisory_committee,Group
how_can_operate_without_causing_undesirable_results,Nonsense
howard_et_al,Reference
howard_franklin,Person
hsg_a,Nonsense
hsu_layer_5,Technical
httpscasoilresourcelawrucdavisedusagbi,Nonsense
httpswatercagovmediadwrwebsitewebpagesprogramsgroundwatermanagementsustainablegroundwatermanagementbestmanagementpracticesandguidancedocumentsfil,District
human,Nonsense
humboldt_county_board_of,Local_Gov
humboldt_county_building_and_planning_department,Group
humboldt_department_of_public_works_environmental_services,Local_Gov
humboldt_redwood_company,Company
humboldt_state_university,Nonsense
hurlbutt,Person
hutchkiss,Nonsense
hydesville_community_services_district,District
hydraulic_conductivity_aquifer_thickness,Technical
hydrofocus,Company
hydrogeologic_conceptual_model_the_tule_lake_subbasin,Basin
hydrogeologic_inc,Company
hydrogeologic_subareas,Geographic_Unit
hydrogeophysics_group,Group
hydrographs_for_main_street_monitoring_wells,Technical
hydrographs_hydrographs,Technical
hydrologic_conceptual_model_and_groundwater_conditions_report,Technical
hydrologic_conditions_report,Technical
hydrologic_flow_barrier,Natural_Feature
hydrologic_soil_group_a,Technical
hydrology_hydrologic,Technical
hydrostratigraphic_evaluation,Technical
hydstra,Data_System
i_alyson_watson,Person
i_drinking_water_wells_monitoring_network,Technical
icp,Nonsense
idaho,District
identification_of_interconnected_surface_water_systems,Natural_Feature
identify_funding_alternatives_the_subbasin,Basin
idw,District
ikes,Nonsense
impacted,Nonsense
impervious_and_urban_landscape,Geographic_Unit
implementation_of_group,Group
implementation_of_this_action,Nonsense
implementation_process_and_timetable,Reference
improve,Nonsense
improvements,Nonsense
in_applicable_general_plans,Technical
in_section,Reference
in_section_107278_public_notification_and_participation,Reference
include,Nonsense
included,Nonsense
included_basin,Basin
included_table,Reference
incorporation_of_monitoring,Technical
indian_creek,Natural_Feature
individual_individual,District
industrial_service_supply,Nonsense
industrial_wells,Infrastructure
information_and_methods,Reference
informes_anuales,Reference
initiate,Nonsense
inland_empire_brine_line,Infrastructure
inland_surface_waters_plan,Technical
inland_surface_waters_plan_and_enclosed_bays_and_estuaries_plan,Technical
installation_restoration_program,Group
institut_national_agronomique_de_tunisie,Nonsense
integrated_plan,Technical
integrated_regional_water_management_program,State_Gov
integrated_regional_water_management_the_watershed_coalition_of,Group
integrates_sw_gw_model,Technical
interagency_drought_task_forces,Group
interagency_refuge_water_management_team,Group
interbasin,Basin
interconnected,Nonsense
interested_parties_databases,Technical
interested_party_list,Group
interferometric_synthetic_aperture_imagery,Technical
intra_basin_coordination_between_management_areanagement,Nonsense
introduction_the_united_water_conservation_district,District
invasive_species_eradication,Group
investigates_exceedance,Nonsense
investigation_and_cleanup_of_contaminated_sites,Legal
investment_program,Nonsense
investor_owned_utility,Nonsense
inyo_co,Local_Gov
inyo_county_planning_department,Group
inyo_county_technical_group,Group
inyo_mono,Basin
io,Nonsense
irlp,Nonsense
irrigated_lands_regulatory_program_domestic_wells,Legal
irrigation_demand_reduction,Technical
irrigation_management_information_system_station,Data_System
irrigation_supply_wells,Infrastructure
irrigation_training_resource_center,Group
isa_8,Nonsense
israel,Geographic_Unit
its_policies_and_activities,Nonsense
izbicki_et_al,Reference
j_texaco,Nonsense
jack_noble,Person
jacks,Nonsense
jackson_2002,Reference
jacobs_district,District
jacobs_engineering,Company
james_groundwater_sustainability_agency_plan_area,Geographic_Unit
james_h_wegley,Person
james_irrigation_district_board_of_directors,Group
james_maxwell,Person
james_strong,Person
jameson,Nonsense
jc,Nonsense
je_amoore,Person
jeff,Nonsense
jeff_fenton,Person
jennifer_spaletta,Person
jenning_et_al,Reference
jennings,Nonsense
jenny_tribo,Person
jensen,Nonsense
jim_rumbaugh,Person
joaquin_subbasin_hcm,Technical
joaquin_valley,Geographic_Unit
john_a_coleman,Person
john_bootsma,Person
john_chadwell,Person
john_heinlen_mutual_water_company,District
john_ricker,Person
johnsen,Nonsense
joint_exercise_of_powers_agreement_establishing,Legal
joint_groundwater_sustainability_agency_boards_meeting,Group
joint_power_authority,Group
joint_powers,Legal
joint_technical_advisory_committee,Group
joint_technical_advisory_committee_meetings,Technical
jones_pumping_plant,Infrastructure
jotform,Company
journal_of_applied_toxicology,Reference
jpa_outline,Nonsense
julia_berry,Person
juniper_creek,Natural_Feature
jurassic_bedford_canyon_formation,Natural_Feature
kanawha_wd,District
karuk_tribe,Group
katarina_campbell,Person
katie_hockett,Person
kaweah_aem_sci_inv_v1xyz,Technical
kaweah_delta_water_conservation_district_land_surface_elevation_monitoring_plan,Technical
kaweah_groundwater_communication_portal,Data_System
kaweah_management_team,Group
kaweah_st_johns_river,Natural_Feature
kaweah_subbasin_committee_management_team,Group
kaweah_subbasin_coordination_agreement,Group
kaweah_subbasin_hydrologic_model,Technical
kcl,Nonsense
kellogg_creek,Natural_Feature
ken_elwin,Person
ken_minn,Person
kenneth_hahn_state,Infrastructure
kerby_ranch,Nonsense
kern_basin_plan,Technical
kern_channel,Natural_Feature
kern_county_environmental_health_services,Local_Gov
kern_county_integrated_regional_water_management_region,Geographic_Unit
kern_county_planning_community_development_department,Group
kern_county_water_agency_board,Group
kern_delta_water_district_eastside_canal,District
kern_groundwater_authority_checkbook,Nonsense
kern_groundwater_management_committee,Group
kern_integrated_regional_water_management_plan,Technical
kern_managers_meetings_representatives,Group
kern_river_flood_channel_canal,Infrastructure
kern_river_formations,Natural_Feature
kern_river_oilfield,Natural_Feature
kern_river_plan_element,Group
kern_river_watermaster,Group
kern_sustainable_groundwater_managementa_coordination_committee,Group
kevin,Person
kia_vang,Person
kiefer_landfill_description,Infrastructure
kings_coalition,Group
kings_river_conservation,Group
kings_river_east_groundwater_sustainability_agency_agency,Group
kings_river_flood_flows,Natural_Feature
kjn_dissolved,Nonsense
kjn_nitrate_nitrite,Data_System
klamath_basin,Basin
klausmeyer,Person
knights_landing_csd,District
knoxville,Nonsense
kouba,Nonsense
krega,District
kristin_sicke,Person
kulongoski_et_al,Reference
kyle_knutson,Person
l114_noticing_public,Nonsense
l_05,Reference
l_2s,Nonsense
la_agencia_y_políticas,Nonsense
la_purísima_mission_state_historic_park,Natural_Feature
la_selva,Natural_Feature
la_sostenibilidad,District
lacey_mcbride,District
lafayette,City
lafreniere,Nonsense
lahontan,Basin
lake_cachuma_reservoir,Infrastructure
lake_county_flood_control_and_water_conservation_district,District
lake_mendocino_drive_ukiah,Infrastructure
lake_natoma,Natural_Feature
lake_oroville,Natural_Feature
lamnin,Nonsense
lanare_csd_board,Group
land,Nonsense
land_based_assessment_fees,Legal
land_corporation,Company
land_subsidence_affecting_land_reilly,District
land_subsidence_management_area,Geographic_Unit
land_subsidence_monitoring,Technical
land_subsidence_sustainable_management_criteria,District
land_subsidence_sustainable_management_criteria_locally_defined_significant_and_unreasonable_conditions,District
land_technical_memorandum,Technical
land_use_inventory,Technical
land_use_jurisdiction_coordination_program,Group
land_use_study,Technical
landowners_and_municipal_users,Group
lands_uses,Nonsense
landsmart,NGO
lane_et_al,Person
lark_seep,Natural_Feature
las_agencias,District
las_brisas,Nonsense
las_condiciones_históricas,Nonsense
las_posas_estates,Geographic_Unit
lassotovitch,Nonsense
lateral_boundaries,Technical
laton_community_services_district,District
law816,Legal
law_offices_of,Nonsense
lawrence_berkeley_national_laboratory,Federal_Gov
lawrence_livermore,Company
layer_1_and_2,Nonsense
layne,Company
lcja,Nonsense
lead_entity_the_lead_entity,Nonsense
leadership_council,Group
leads,Nonsense
leak_repair_programs,Group
leandro_maldonado,Person
lebec_county_water_district_lebec_pw,District
ledyard,Local_Gov
lee,Nonsense
legal_authority_mandatory,Legal
legal_counsels,Group
leland_stanford_junior_university,NGO
level_2,Nonsense
levels32,Nonsense
levi_paulin,Person
lewis_creek_recharge_project,Water_Project
liberty_mill_race_company,Company
liberty_utilities,Company
lichau_creek,Natural_Feature
lieu_recharge_projects_to_deliver_unused,Water_Project
limited_agriculture,Geographic_Unit
limoneira_company,Company
lindsay_strathmore_irrigation_district_management_area,Geographic_Unit
lindsay_strathmore_irrigation_districts,District
linguistic_isolation_linguistic,Nonsense
list_of_abbreviations_1d,Reference
list_of_management_actions,Reference
list_of_projects,Water_Project
list_of_projects_and_management_actions,Reference
lithologic_texture_geostatistical,Technical
little_dixie_washes,Natural_Feature
local_area_formation_commission,Group
local_basin_management_objectives,Group
local_groundwater_assistance_surface_water_groundwater,Group
local_meteoric_water_line,Technical
local_supplies_local,Nonsense
localized_outreach_and_engagement_strategies,Technical
location,Nonsense
lockeford_community_services_district_lockeford_community_services_district,District
lompoc_regional_wastewater_treatment_plant,Infrastructure
long_canyon_anticlines,Natural_Feature
lookout_rancheria,Local_Gov
los_alamos_community_service_district,District
los_angeles_county_department,Group
los_angeles_county_department_of_regional_planning,Local_Gov
los_angeles_county_district,District
los_angeles_county_waterworks,District
los_banos_alluvium,Natural_Feature
los_banos_creek_recharge_and_recovery_project,Water_Project
los_padres_estates,Geographic_Unit
los_proyectos,Nonsense
lost_hills,City
low_alluvial_fan_of,Natural_Feature
lower_180foot_aquifer,Natural_Feature
lower_cache_putah,Basin
lower_elkhorn_natural_resources_district_by_exploration_resources_international_geophysics_llc,District
lower_feeder,Natural_Feature
lower_kaweah_river,Natural_Feature
lower_layer_5,Nonsense
lower_pressure_and,Nonsense
lower_princeton_submarine,Natural_Feature
lower_santa_ynez_river_fish_management_plan,Technical
lower_tule,Basin
lower_tule_river_groundwater_sustainability_agency,Other_GSA
lower_uncertainty_wafr_fraction,Nonsense
loyalton_fault,Natural_Feature
lucas_avila,Person
luiseno_indians,NGO
lux_land_company,Company
m,Nonsense
macdoel_ii,Water_Project
macgillivray,Nonsense
machado,Nonsense
mactec,Company
madera_community_college_center,Local_Gov
madera_county_auditor,Local_Gov
madera_county_board_of_supervisors,Group
madera_county_transportation_commission,Group
madera_irrigation_district_board_of_directors,Group
madera_irrigation_district_pipeline,Infrastructure
madera_ranch,Nonsense
magnuson_stevens_fishery_conservation_and_management_act,Legal
mailing_addresses,Nonsense
main_intake_canal_seepage_reimbursement_program,Water_Project
major_aquifers_aquitards_geologic,Natural_Feature
making,Nonsense
mammal_roosts,Natural_Feature
managed_aquifer_recharge_low_volume,Water_Project
managed_aquifer_recharge_of_overland_flow,Water_Project
management_action_5,Nonsense
management_action_this_management_action,Nonsense
management_actions_groundwater_extraction_allocation_framework,Legal
management_area_a,Geographic_Unit
management_area_b,Geographic_Unit
management_areas_a,Geographic_Unit
management_committees,Group
management_considerations,District
management_es6,Nonsense
management_of_groundwater_extractions_and_recharge,Nonsense
management_program,Technical
management_team,Group
management_undesirable,Technical
manure_nutrient_management_plan,Technical
mapping_of_department_of_water_resources_natural_communities,Group
marcuse,Nonsense
mare_island,Geographic_Unit
marin,County
marin_county,County
marina_coast_water_district_groundwater_sustainability_agency_180400_foot_aquifer,Natural_Feature
marina_ord_area,Geographic_Unit
marine_street_plant,Infrastructure
mariposa,County
mariposa_county,County
mariposa_county_resource_conservation_district,District
mark_souders,Person
master_coordination_agreement,Group
matrix_spike_chemistry,Technical
matt_pandol,Person
matthew_mayry,Person
mayfly_insects,Natural_Feature
mayhew_creek,Natural_Feature
mañana_woods,Natural_Feature
mcalister,Nonsense
mcdonnell_douglas_corporation,Company
mcgrath_fault,Natural_Feature
mcgrath_faults,Natural_Feature
mclaughlin,Nonsense
mclr,Nonsense
mcmurtrey,Person
meacham_hill,Natural_Feature
meade,Nonsense
means_for_you_and_your_community,Group
measurable_objectives_for_subsidence,District
measurable_objectives_when,Nonsense
measured_measured,Nonsense
measured_simulated,Technical
measurement_quality_objectives,Technical
mechanisms_groundwater_sustainability_agency,Other_GSA
melruna_carmel_avenues_basin_project,Water_Project
memorandum_of_agreement_for_formation_of_a_groundwater_sustainability_agency,Other_GSA
memorandum_of_understanding_to_form_the_santa_clarita_valley_groundwater_sustainability_agency,Other_GSA
mendocino_county_auditor,Local_Gov
mendocino_county_well,Infrastructure
mendota_pool_transfer_pumping_project,Water_Project
mendota_subbasins,Basin
merced_chowchilla_intertie,Infrastructure
merced_county_department_of_agriculture,Local_Gov
merced_county_environmental_health,Local_Gov
merced_groundwater_sustainability_agency,Other_GSA
merced_groundwater_sustainability_plan_implementation_program,Technical
merced_groundwater_sustainability_plan_program,Group
merced_subbasin_data_management_system,Technical
merced_sun_times,NGO
merquin,Basin
meter_audits,Technical
metered_1975,Technical
methodological_data_quality_objectives,Technical
metropolitan_water_resources_management_plan,Technical
meyers_bank_pond,Natural_Feature
meyers_bank_ponds,Natural_Feature
michael_baker_international,Company
michael_cornelius,Person
michelle_anderson,Person
michelle_parker_quality_assurance_manager,Nonsense
mid_kaweah_groundwater_sustainability_agency_service_area,Geographic_Unit
middle_kern_upper,District
middle_sacramento_valley_study_unit,District
milestone,Nonsense
mill_and_deer,Natural_Feature
millerton_reservoir,Infrastructure
millville,City
minimum_thresholds_and_measurable_objectives_and_implementation_planning,Reference
minimum_thresholds_and_undesirable_result,Technical
miroc5,Technical
mission_statement,Nonsense
mkgsa_groundwater_storage_sustainable_management_criteria,Technical
mo_noncompliance,Technical
mobile_home_park_llc,Company
model_discretization_model,Technical
model_parameters,Technical
modesto_regional_water_treatment_plant,Infrastructure
modflow2005,Technical
modflow_drain_package,Technical
modflow_unstructured_grid,Technical
modflow_usg_recharge_of,Technical
modhms,Data_System
modoc_county_boards,Group
modoc_county_groundwater_sustainability_agency,Other_GSA
modoc_ditch_company,Company
modoc_division,District
mohamed_jabloun,Person
mohave,Geographic_Unit
mokewise,Nonsense
monitor,Technical
monitored_for_groundwater_elevations,Technical
monitoring_and_data_management,Technical
monitoring_and_data_management_monitoring,Technical
monitoring_network_design_criteria_design,Technical
monitoring_network_module,Technical
monitoring_networks_and_identification_of_data_bmp,Technical
monitoring_protocols_best_management_practices,Technical
monitoring_reporting,Technical
monitoring_well_network,Technical
mono_rancheria,Local_Gov
monterey_county_water_resource_agency,Group
monterey_county_water_resources_act,Legal
monterey_county_water_resources_agency_board_of_directors_or,Group
monterey_county_water_resources_agency_reservoir_operations_advisory_committee,Group
monterey_management_areas,Geographic_Unit
montgomery_engineers,Company
monument_hills,City
moose,Nonsense
morgan_hill,City
morongo,Local_Gov
mountain_province,Local_Gov
moved,Nonsense
moyle_et_al,Reference
mpwmdfo10,Nonsense
mpwmdfo5s,Nonsense
ms4_permit,Legal
msl_segmented,Nonsense
mt_hebron_work_center,Infrastructure
mts,Nonsense
mudpit_claystone,Natural_Feature
mugu_canyon,Natural_Feature
mugu_lagoon,Natural_Feature
mule,Nonsense
mullin_area_groundwater_sustainability_agency_joint_powers_authority,Group
multi_benefit_recharge_project,Water_Project
multi_benefit_recharge_suitability_tool,Technical
municipal_management_area,Geographic_Unit
municipalwaterinfrastructure,Infrastructure
must_include_additional_information_for_the_public_to_evaluate,Legal
mw22,Nonsense
mw5s,Nonsense
n_a_10723b,Nonsense
n_a_n_a_n_a_n_a_n_a,Nonsense
n_a_pursuant,Nonsense
n_useurekaprojects56111217388gismapsdeliverables11217388_ervp_groundwater_sustainability_plan11217388_ervp_groundwater_sustainability_planaprx_data,Technical
na_cl,Nonsense
nacimiento_pipeline,Infrastructure
naglee_burk_irrigation_district,District
napa_blue_grass,Natural_Feature
napa_county_groundwater_sustainability_agency_stakeholder_communication_and_engagement_plan,Technical
napa_county_housing_authority,Group
napa_county_ordinance,Legal
napa_county_regional_park,Local_Gov
napa_st_piezo,Technical
napa_subbasin,Basin
napa_valley_integrated_hydrologic_model_figure,Reference
napa_valley_integrated_hydrologic_model_water_balance_regions,Geographic_Unit
napa_valley_transportation_authority,Group
napacounty214s,Geographic_Unit
nasb,District
nate_brown,Person
national_aeronautics_and_space_administration_jet_propulsion_laboratory_interferometric_synthetic_aperture_radar,Technical
national_geodetic_survey_guidelines_for_establishing_gps_derived_ellipsoid_heights,District
national_geodetic_vertical_datum,Reference
national_ground_water_monitoring_network,Technical
national_historic_preservation_act,Legal
national_marine_fisheries_criteria_used_see,Reference
national_marine_fisheries_service_southern_california_steelhead_recovery_plan,State_Gov
national_ocean_service,Federal_Gov
national_resources_conservation_service,Federal_Gov
national_spatial_reference_system,Data_System
national_wildlife_refuges,Natural_Feature
native_vegetation,Natural_Feature
natural_communities_commonly_associated_with,Nonsense
naval_air_station_point_mugu,Infrastructure
navstar,Infrastructure
ncfcwd,District
needs_gw_et,Technical
neva_ridge,District
nevada_geodetic_laboratory_global_positioning_system_network,Technical
new_brighton,Local_Gov
new_stone_water_district_board_of_directors,Group
new_well_permit,Legal
new_york_times,Company
newell_creek_pipeline,Infrastructure
newhall_ranch_water_reclamation_plant,Infrastructure
newport_inglewood,Basin
newspaper,Nonsense
newt_larvae,Natural_Feature
next,Nonsense
nextdoor,Company
nic_marchini,Person
nick_degroot_water_treatment_plant,Infrastructure
nick_osman,Person
nickel_family_llc,Company
nickel_water,Company
nicolaus,City
nitrogen_summary_reports,Technical
nltl_ld_z,Nonsense
noe,Nonsense
nojoqui,Geographic_Unit
non_ag,Nonsense
non_central_valleyp,Nonsense
non_operating_budgets,Nonsense
norm_groot,Person
normal,Nonsense
normal_dry,Nonsense
north_bench_management_area_the_north_bench_management_area,Geographic_Unit
north_coast_regional_water_quality_control_board_water_quality_control_plan,Technical
north_ebp,District
north_fork_kings_groundwater_sustainability_agency_board_of_directors,Group
north_fork_rancheria,Local_Gov
north_kings_groundwater_sustainability_agency_advisory_committee,Group
north_kings_groundwater_sustainability_agency_board_of_directors,Group
north_kings_groundwater_sustainability_agency_management_structure,Group
north_pipeline_project,Water_Project
north_richmond_water_recycling_project,Water_Project
north_sacramento_valley,Geographic_Unit
north_san_joaquin_water_conservation_district_winery,Nonsense
north_tulare,Basin
north_yolo_management,District
northeast_napa_area_model,Technical
northeast_napa_study_area,Geographic_Unit
northeastern_maidu,District
northern_california_water_association,Local_Gov
northern_central_delta_mendota_regions_groundwater_sustainability_plan,Technical
northern_counties_groundwater_characterization,Technical
northern_delta,Geographic_Unit
not_applicable,Nonsense
notes_1,Nonsense
notice_of_decision,Reference
notice_of_decision_to_become_a_groundwater_sustainability_agency,Other_GSA
notice_to_comply,Legal
notice_to_public_and_other_agencies,Group
notices_of_decision,Legal
notification_of_groundwater_sustainability_agency,Other_GSA
novmeber,Nonsense
np,Nonsense
nrms,Nonsense
numerical_model_report,Technical
nwi,Nonsense
o_h_pipeline_agreement,Group
oak_valley_school,Nonsense
oak_woodland,Natural_Feature
oakdale_id_management_area,Geographic_Unit
observed_groundwater_levels,Data_System
occurs,Nonsense
ocean_ranch_unit,District
ocean_view_system,Infrastructure
office_of_environmental_health,Local_Gov
office_of_the_california,State_Gov
office_of_tribal_policy_advisor,State_Gov
office_of_water_quality,State_Gov
ojai_thacher_school,NGO
okieville_highland_acres_mutual_water_co,Company
olcese_sands_aquifer_unit,Natural_Feature
oleary,Nonsense
olivehurst_plumas_lake,Natural_Feature
olympic_subbasins,Basin
oncorhynchus,Natural_Feature
one_water_one_watershed,Group
oneill_dam,Infrastructure
online_system,Data_System
ontario,City
opened,Nonsense
operates,Nonsense
operational_flexibility,Nonsense
opportunities_for_public_engagement_and_public_input,Reference
opv_ag_owners_assoc,Group
orange,County
oregon_water_resources_department,Group
orland_artois,Basin
orland_artois_water_district_direct_groundwater,District
orland_buttes,Natural_Feature
orosi_public_utility_district,District
orthomin,Nonsense
other,Nonsense
outflow,Nonsense
outreach_and_engagement_plan,Technical
outreach_engagement,Group
outreach_engagement_committee,Group
outreach_engagement_communications_committee,Group
outside,District
overbank,Natural_Feature
overdraft_conditions_overdraft,Legal
overland_runoff_simulated,Technical
ow6a,Nonsense
owens_valley_committee,Group
oxnard_hueneme,Local_Gov
oze_et_al,Person
p,Nonsense
p_management_actions,Nonsense
pacheco_creek_valley,Geographic_Unit
pacific_coast_salmon_fmp,Legal
pacific_ecorisk,Company
pacific_fleet,Federal_Gov
packwood_creek_structures_project,Water_Project
page_x_maps,Reference
paiute_tribe,Group
pajaro_valley_groundwater_management_agency,Group
pakiser,Nonsense
palmer_howe,Person
palos,Nonsense
pan_et,Person
para_kern_river_groundwater_sustainability_agency,Other_GSA
parameter_regression_for_independent_slopes_model_climate_group,Group
parrott_investment_company,Company
participate,Nonsense
pasajero,Nonsense
paskenta,City
paskenta_fault,Natural_Feature
paskenta_tribal_council,Group
paso_basin,Basin
paso_basin_county,County
paso_robles_basin_groundwater_management_plan,Technical
paso_robles_groundwater_basin_water_banking_feasibility_study,Technical
paso_robles_groundwater_communication_portal,Data_System
paso_robles_subbasin_data_management_system,Technical
path_to_achieve_measurable_objectives,Reference
patterson_tract_community_services_district,District
pauloo,Nonsense
pdf_form,Technical
pds,Nonsense
peninsular_range_assemblage,Natural_Feature
peninsular_ranges,Natural_Feature
peninsular_ranges_province,Geographic_Unit
percent_of_total_streamflow_projected,Technical
percolation,Natural_Feature
petaluma_valley_groundwater_sustainability_agency_board_or_advisory_committee,Group
pete_lawson,Person
peters,City
petrified_forest,Natural_Feature
pfbs,Nonsense
pfos,Natural_Feature
pfoss_pfoas,Nonsense
pfoss_public_facilitiesoas,Technical
phased_mitigation_of_overdraft_reduction_to_reach_sustainability,Water_Project
phg,Nonsense
pico_formations,Natural_Feature
piezometers,Infrastructure
pilarcitos,Natural_Feature
pine_oak_woodlands,Natural_Feature
pinedale_cwd,District
piru_aquatic_consulting_services,Company
piru_b,Basin
piru_basins_monitoring_program,Technical
piru_creek_riparian,Natural_Feature
piru_groundwater_basins_sustainable_management_criteria,Legal
piru_wastewater_treatment_plant,Infrastructure
pittsburg_plain_subbasin,Basin
plan,Technical
plan_implementation_section_10,Reference
plan_manager,Nonsense
planada_workshop_questions_and_comments,Reference
planned_projects_projects,Water_Project
planning_and_management_actions,Nonsense
planning_and_management_considerations_working,District
planning_commissions,Group
planning_horizon_water_year2041,Reference
planning_tool,Nonsense
plant_depth_database,Technical
pleasant_valley_basin,Basin
pleasant_valley_subbasin_landowner_stakeholder,Group
plieto_fault,Natural_Feature
plio_pleistocene_tulare_formation,Natural_Feature
plumas_county_groundwater_sustainability_agency,Other_GSA
pma_committee,Group
poe_monitoring_programs,Technical
poe_om_programs,Group
policy_w24_agricultural_and_urban_practices,Legal
pomona_develop,Nonsense
poplar_community_service_district,District
porter_cologne_water_quality_control_act_and_clean_water_act,Legal
porterville_city_council,Group
poseidon,District
post_construction_requirements,Legal
post_eocene,Natural_Feature
potenti_al,Nonsense
potential,Nonsense
potential_projects_projects,Water_Project
pou_om_programs,Technical
power_water_resources_pooling_authority,Group
precipitated_calcium_carbonate_ponds,Infrastructure
precipitation_based_spatially,Nonsense
precipitation_inputs,Technical
precipitation_monitoring_and_water_year_classifications_infiltration,Technical
precipitation_runoff,Natural_Feature
precipitation_source_areas,Geographic_Unit
precipitation_table,Reference
precipitation_thresholds,Technical
predominant,Nonsense
prepared_for,Nonsense
preserve_cosumnes_coalition_delta_meadows_state_park_tribal_governments,Group
preserved_entitlement,Legal
preserves,Natural_Feature
press_enterprise,Company
press_outreach_press,Group
pressurization,Nonsense
pretiosa,Nonsense
prichard,Local_Gov
primary,Nonsense
primary_water,Natural_Feature
priority_basin_project,Water_Project
private_wells,Infrastructure
private_wells_new_systems,Infrastructure
pro_version,Nonsense
procedures,Nonsense
process_for_criteria_the_sustainable_management_criteria,Technical
process_for_determining_measurable_objectives_interim_milestones,Technical
processes,Nonsense
professional_certification_water,Nonsense
program_quality_objectives,Legal
project_and_management_action_no,Nonsense
project_benefits_and_water_reliability,Reference
project_benefits_and_water_reliability_project,Water_Project
project_benefits_project,Water_Project
project_hydrology,Technical
project_initial_study_mitigated_negative_declaration,Reference
project_management_action,Nonsense
project_management_team,Group
project_managers,Group
project_supply,Water_Project
projected_agricultural_land_use_areas,Geographic_Unit
projected_agricultural_land_use_areas_figure,Reference
projected_climate_current_climate,Technical
projected_future_agricultural_demand_for,Nonsense
projected_future_land_use,Technical
projected_land_use_and_section,Reference
projects_and_management_actions_hydrogeologic_conceptual_model_data_gaps_potential,Technical
projects_and_management_actions_projects,Water_Project
projects_to_enhance_recharge,Water_Project
projects_to_enhance_recharge_banking,Water_Project
projects_to_increase_surface_storage_capacity_delivery_flexibility,Water_Project
proporcionar_información_sobre_sus_desafíos_de,Nonsense
protect,Nonsense
provision_d13,Legal
prunedale,City
public_comments,Group
public_engagement_meetings,Group
public_hearing,Group
public_involvement_plan,Technical
public_resources_code,Legal
public_review,Reference
public_review_draft,Reference
public_trust_resources_based,Legal
public_works_department,Group
public_works_measure_a_lake_berryessa_project,Water_Project
puente_group,Group
puente_narrows_agreement,Group
pumped,Nonsense
pumpers_association,Group
pumping1,Nonsense
pumping_allocations,Technical
pure_water_monterey_environmental_impact_report,Technical
pure_water_monterey_expansion_project,Water_Project
purified_wastewater_sources,Natural_Feature
purisima_aa_unit,Basin
purisima_def_f,Basin
purisima_f_unit,Basin
purisima_point,Natural_Feature
putah_creek_accord_undesirable_result,Legal
putah_creek_cone,Basin
putah_creek_settlement_agreement,Group
pw12,Nonsense
q8_av,Nonsense
q9,Nonsense
qb_qf,Nonsense
qg_qg,Nonsense
qro,Nonsense
quality_arroyo_santa_rosa_valley_basin,Basin
quality_assurance_manager,Nonsense
quality_assurance_manual,Technical
quality_assurance_project_plans,Technical
quality_assurance_quality_control_data,Technical
quality_assurance_quality_control_plan,Technical
quality_criteria_for_water,Technical
quaternary,Geographic_Unit
quaternary_alluvium_quaternary,Natural_Feature
que_la_groundwater_sustainability_agency,Other_GSA
r23e,Nonsense
r2_resource_consultants,Company
r4_model,Technical
rafael_silberblatt,Person
raisin_city_oilfield,Natural_Feature
ralph_m_brown_act5,Legal
rancho_esquon,Local_Gov
rancho_san_juan,Local_Gov
rancho_tehama_reserve,City
randsburg,City
ranging_consortium,Group
re_li_ab_ility,Nonsense
recharge_basin_estimated_costs_table,Reference
recharge_field_infiltration_study_to_promote,Technical
recharged,Nonsense
recital_b_i,Reference
reclaimed,Nonsense
reclaimed_water_master_plan,Technical
reclaimed_water_percolation_reclaimed,Infrastructure
reclamation_and_madera_irrigation_district,District
reclamation_board,Group
reclamation_data,Technical
reclamation_district_2107,District
reclamation_district_groundwater_sustainability_agency,Other_GSA
records_infiltration_of_surface,Technical
records_of_decision,Reference
recovered_water_account,Legal
recreation,Nonsense
recycled,Nonsense
recycled_water,Natural_Feature
recycled_water_master_plan,Technical
recycled_water_plant_modifications_project,Water_Project
recycled_water_policy,Legal
red,Nonsense
red_bluff_subbasin_historical_lateral_subsurface_groundwater,Basin
red_bluff_subbasin_historical_vertical_subsurface,Technical
red_bluff_subbasin_surface_water_system,Natural_Feature
redding_basin_water_resources_management,Group
redding_note,Reference
reduce_reliance_on_imported_water,Water_Project
reeves_creek,Natural_Feature
reference_point,Reference
refuge_water_supply_program,Water_Project
regional_conservation_district,District
regional_coordinators,Group
regional_criteria_for_evaluating_water_management_plans,Technical
regional_groundwater_monitoring_program,Technical
regional_model_domain,Technical
regional_san,District
regional_water_quality_control_board_basin_plan_amendment,Legal
regional_water_quality_control_board_la,State_Gov
regional_water_quality_control_board_site,District
regional_water_quality_control_board_water_quality_management_programs,Group
regional_water_quality_control_board_water_quality_management_programs_upper_ventura_rivergb,Group
regionally,Nonsense
regulatory_cleanup_program,Legal
reichard,Person
relied_upon_to_establish_minimum_thresholds,Technical
relied_upon_to_establish_the_minimum_thresholds,Nonsense
remediation_progress,Technical
remediation_specialist,Nonsense
reporting_limit,Technical
reporting_limit_schafer_associates,Technical
representative_monitoring_stations,Technical
require_new_developments_to_prove_sustainable_water_supply,Legal
required_flows,Technical
resolution,Nonsense
resource,Nonsense
resource_basin_certified,Legal
resource_capacity_study_report,Technical
resource_conservation_districts,District
resource_management_element,Reference
resource_management_plans,Technical
resource_protection_and_preservation,Legal
rest_application_programming_interfaces,Technical
review,Nonsense
reviews,Reference
reynolds,Nonsense
rhyolite_ash,Natural_Feature
ric_1207274,Nonsense
richgrove_community_services_district,District
richmond_advanced_recycled_expansion,Water_Project
ridgecrest_county_water_district,District
rincon_kenwood_subbasin,Basin
rincon_valley_subbasin,Basin
rio_vista_standard_deviationac,Nonsense
rio_vista_water_treatment_plant,Infrastructure
riparian_communities_management,Group
riverdale_pud,District
riverside_county_flood_control_district,District
riversidian_alluvial_scrub,District
rl,Nonsense
rms,Nonsense
rms_locations,Data_System
rmw_trc_monitoring_well16d,Technical
robertson,Nonsense
robin,Nonsense
rock_creek_reclamation_district_board_of_trustees,Group
rock_ranch,Nonsense
rodriquez_labor_camp,Nonsense
roe,Nonsense
rogelio_caudillo,Person
rohde,Nonsense
roland_sanford,Person
rolling_hills_casino,Nonsense
root_mean_square,Technical
rosa_fault_zone,Geographic_Unit
roseburg_lumber_company,Company
rosedale_rio_bravo_water_storage_districts,District
rosie_yacoub,Person
rouse,City
rst,Nonsense
rubus,Nonsense
rural_community_systems,Group
russell_range,Natural_Feature
russian_river_flood_control_and_water_conservation_and_improvement_district,District
russian_river_flood_control_on_farm_groundwater,Infrastructure
russian_river_independent_science_review_panel,Group
rx_coil,Nonsense
ryan_ridges,District
ryder_gulch,Natural_Feature
s_american,Nonsense
sa1,Nonsense
sacramento_and_the_woodland,Geographic_Unit
sacramento_area_flood_control,District
sacramento_county_board,Group
sacramento_county_code,Legal
sacramento_county_county,County
sacramento_county_environmental_management_department,Group
sacramento_groundwater_sustainability_agency,Other_GSA
sacramento_river_funding_area,Geographic_Unit
sacramento_river_national_wildlife_refuge,Natural_Feature
sacramento_state_university_consensus_and_collaboration_program,Group
sacramento_valley_water_management_agreement,Group
sagr,Nonsense
salinas_valley_basin_groundwater_sustainability_agency_180400_foot_aquifer,Natural_Feature
salinas_valley_basin_groundwater_sustainability_agency_forebay_aquifer,Local_GSA
sampled_collected_wells_with,Nonsense
sampled_detection,Technical
san_antonio_groundwater_basin,Basin
san_ardo_oil_field,Natural_Feature
san_benito_counties,Geographic_Unit
san_benito_county_salt_and_nutrient_management_plan,Technical
san_bernardino_basin_area,Geographic_Unit
san_buenaventura_mission,Nonsense
san_diego_association_of_governments,Group
san_diego_county_department_of_environmental_health,Local_Gov
san_diego_integrated_regional_water_management_program,Group
san_dieguito_river_valley_conservancy,NGO
san_dieguito_watershed_habitat_restoration,Water_Project
san_emigdio_creek,Natural_Feature
san_fernando_valley,Geographic_Unit
san_francisco_bay,Natural_Feature
san_francisco_county,County
san_gabriel_mountain,Natural_Feature
san_gorgonio_pass_groundwater_model,Technical
san_gorgonio_pass_representative_monitoring_network,Technical
san_jacinto_mountains,Natural_Feature
san_jacinto_watersheds_authority,Group
san_joaquin_farm_bureau,NGO
san_joaquin_field_division,District
san_joaquin_river_exchange_contractors_management_area_a,Geographic_Unit
san_joaquin_river_exchange_contractors_management_area_b,District
san_joaquin_river_exchange_contractors_management_area_c,Geographic_Unit
san_jose,City
san_leandro_cones,Natural_Feature
san_lorenzo_cones,Basin
san_lorenzo_valley_water_district_pasatiempo_7,District
san_lorenzo_valley_water_district_quail_mw_september_model,Technical
san_luis_creek,Natural_Feature
san_luis_drain_and,Nonsense
san_luis_drainage_authority,Group
san_luis_obispo_county_fcwcd,District
san_luis_rey_municipal_water_district,District
san_luis_rey_valley_basin,Basin
san_luis_water_district,District
san_luis_water_districts,District
san_marcos,City
san_mateo_creek,Natural_Feature
san_miguel_community_services_district_board_of_directors,Group
san_miguel_community_services_district_district_wwwsanmiguelcsdorg,District
san_timoteo_management,Group
san_ventura,Nonsense
sandhills,Geographic_Unit
santa_ana_creek,Natural_Feature
santa_ana_river_watershed,Geographic_Unit
santa_barbara_county_association_of_governments_regional_growth_forecasts,Technical
santa_barbara_county_department_of_public_health_environmental_health_services,Local_Gov
santa_barbara_county_groundwater_report,Technical
santa_barbara_county_hydrology,Technical
santa_barbara_county_planning_and_development_department,Group
santa_barbara_creek,Natural_Feature
santa_barbara_news_press,Nonsense
santa_clara_basin,Basin
santa_clara_river_dry,Natural_Feature
santa_clara_river_newhall_to,Natural_Feature
santa_clara_river_upstream_of,Natural_Feature
santa_clara_river_watershed,Geographic_Unit
santa_clara_water_conservation_district,District
santa_clarita_valley_water,District
santa_cruz_environmental_health,Local_Gov
santa_cruz_wastewater_treatment_facility,Infrastructure
santa_margarita_aquifer_private_pumpers,Group
santa_margarita_aquifers,Natural_Feature
santa_nella_community_specific_plan,Technical
santa_paula_mound,Natural_Feature
santa_rita_uplands,Geographic_Unit
santa_rita_valley,Geographic_Unit
santa_rosa_park,Natural_Feature
santa_susana,City
santa_ynez_ema_groundwater_sustainability_plan_development,Technical
santa_ynez_fire,Nonsense
santa_ynez_hydrologic_unit,Geographic_Unit
santa_ynez_reservation,Geographic_Unit
santa_ynez_river_basin,Basin
saracino,Nonsense
satellite_data,Technical
saticoy_groundwater_replenishment_and_reuse_project,Water_Project
sattley,City
sauer,Nonsense
sb797,Legal
scalamanini_engineering,Company
scaling_factors,Technical
scenarios,Technical
schematic_diagram_of_kaweah_river_system,Technical
schenk,Person
scott_de_leon,Person
scotts_valley_dry_cleaners,Company
scotts_valley_syncline,Natural_Feature
scr,Nonsense
scripps_orbit_and_permanent_array_center_global_navigation_satellite_system_processing,Technical
scv_groundwater_sustainability_agency_decision_making_process,Technical
scvm,District
scwa_allendale,District
sdac_consultation,Group
sdac_geographic,Geographic_Unit
se_resultado_de_las_condiciones_naturales_de_oxidación_y_reevaluarán_y_describirán_mediante,District
seacliff,City
seascape_pw,District
seaside_model_layers_to_method_blankgwfm_layers,Technical
seawater_intrusion,Natural_Feature
sebastopol_meadowfoam,Natural_Feature
second_amended_cross_complaint,Legal
secondary_maximum_contaminant_levels,Legal
secondary_maximum_contaminant_limits,Legal
section_10723,Reference
section_13801_of,Reference
section_13_agency_information,Natural_Feature
section_1428,Reference
section_155,Reference
section_183_og,Reference
section_1912_data,Reference
section_2323,Reference
section_237_pg,Reference
section_25,Reference
section_325_land_subsidence,Reference
section_3562,Reference
section_4359,Reference
section_532_basin_optimization_scenarios,Reference
section_7481,Reference
section_chronic_lowering_of_groundwater_levels,Reference
section_conjunctive_use,Reference
sections_3514,Reference
sections_421,Reference
secure_engineering_services_begin_setting_assessment,Company
see_appendix,Reference
selected_maintaining_entity_for_monitoring_network_statewide_groundwater_elevation_monitoring,Technical
selection_of_appropriate_modeling_software_for_development_of_san_luis_obispo,Technical
self_help,Group
semiconfined,Natural_Feature
senate_bill_1168,Legal
sensitive_wildlife_species_sensitive,Natural_Feature
separate,Nonsense
septic_systems_groundwater,Natural_Feature
septic_systems_surface,Infrastructure
sequoia,Natural_Feature
sequoia_forestkeeper,NGO
sespe_united_2018,Reference
setting_3,Nonsense
setting_hydrogeologic_conceptual_model,Technical
settlers_ditch_company,Company
sewer_network_service_area,Geographic_Unit
sgs_north_america_inc,Company
shafter_state_interstate_highway_bureau_of_indian_affairs_national_land_area_representation,Nonsense
shallow_alluvial_aquifer,Natural_Feature
shallow_aquifer_alluvium,Natural_Feature
shallow_aquifer_zone,Geographic_Unit
sharpe,Nonsense
sharpe_army_depot,Infrastructure
shasta_county_water_resources_master_plan,Technical
shasta_valley_basins,Basin
shelly,Nonsense
sheridan_see_section_33,Reference
si_lve_ra_tr_l_napacounty218s,Nonsense
siemens,Company
sierra_club_mineral_king_group,Group
sierra_madre_foothills,Geographic_Unit
sierra_nevada_basement,Natural_Feature
sierra_nevada_foothills,Geographic_Unit
sierra_nevada_mountain,Natural_Feature
sierra_valleys_railroad,Company
sii,Nonsense
siiib,Nonsense
silty_clay,Natural_Feature
simulated_groundwater_levels,Data_System
simulates_model_does_not_simulate_horizontal_connection_vertical_connection,Technical
singleton_subarea,Geographic_Unit
siskiyou,County
siskiyou_county_farm_bureau,NGO
siskiyou_county_superior_court,Local_Gov
site,Nonsense
site_characterization_and_remediation_of_environmental_pollutants,Technical
site_cleanup_program,Group
six_basins_model,Technical
sldmwa_customs_and_border_protection,Federal_Gov
slender_mariposa_lily,Natural_Feature
sloughhouse_resource_conservation_district_board_of_directors,Group
sloughhouse_resources_conservation_district,District
smc1,Nonsense
smgwa_legal_authority,Group
snyder,Nonsense
social_media_fifteen,Nonsense
soil_agricultural_groundwater_banking_index_4,Technical
soil_agricultural_groundwater_banking_index_dataset_very_poor_bulletin,Technical
soil_mechanics_and_foundation_engineers_1967,Reference
soil_survey_staff,Group
solano_integrated_hydrologic_conceptual_model,Technical
solano_investigations_project,Water_Project
solano_project_water_not,Nonsense
solano_subbasin_groundwater_sustainability_plan_development,Technical
solano_subbasin_groundwater_sustainability_plan_technical_team,Technical
solano_yolo_county,County
solinst,Company
solvang_public_works_department,Group
son0552,Reference
sonoma_county_auditor_controller_treasurer_tax_collector,Local_Gov
sopac,District
sophocleous,Person
sorenson,Nonsense
soscol_junction_project,Water_Project
south_american_subbasin_groundwater_sustainability_plan,Technical
south_coast_conduit,Infrastructure
south_county_surface_water_supply_project,Water_Project
south_del_rey_avenue,Nonsense
south_division,Geographic_Unit
south_management_area,Geographic_Unit
south_ord,Basin
south_valley,Geographic_Unit
southeast_san_joaquin,Basin
southern_area_cross_section_d_d,Reference
southern_california_association_of_governments,State_Gov
southern_california_distinct_population_segment,State_Gov
southern_california_steelhead_recovery_plan,State_Gov
southgate,Local_Gov
southwest_management_area,Geographic_Unit
southwest_san_timoteo,Basin
southwestern_block,Basin
sovereign_tribal_nations,Group
sp128,Nonsense
sp129,Nonsense
spadra_groundwater_sustainability_agency_executive_committee,Group
spadra_groundwater_sustainability_agency_implementation_team,Group
spadra_landfill,Infrastructure
sparse_matrix_solver,Technical
spatial_discretization,Technical
spatial_irrigation_management_information_system,Technical
special_study,Technical
spencer,Nonsense
sphere_of_influence,Legal
spreckels_sugar_beet_processing_facility,Infrastructure
spreckels_sugar_plant,Infrastructure
spring_2017,Reference
spring_2018,Reference
springs_specific_plan,Technical
springville_domain,Geographic_Unit
springville_fault_zone,Geographic_Unit
spv_groundwater_sustainability_plan_advisory_committee,Group
squeesar,Nonsense
sr_pomo_indians,Group
srd,Nonsense
srphm10,Technical
srwcb,District
sscwd_ridgemark_facilities,District
staal,Nonsense
stakeholder_engagement_team,Group
stakeholder_survey,Technical
stakeholders,Group
standard_reports_standard_report,Technical
stanislaus_and_tuolumne_rivers_groundwater_basin_association_groundwater_sustainability_agency_tuolumne_groundwater_sustainability_agency,Other_GSA
stanislaus_county_code,Legal
stanislaus_county_department_of_environmental_resources,Local_Gov
stanislaus_county_water_advisory_committee,Group
stanislaus_multi_agency,Group
stanislaus_state_stormwater_recharge,Water_Project
state_beach,Natural_Feature
state_council_on_environmental_qualitya_guidelines,Legal
state_data,Technical
state_division_of_drinking_water,State_Gov
state_hospital,Local_Gov
state_of_california_reference_evapotranspiration,State_Gov
state_regional_water_quality_control_board,Group
state_secondary_drinking_water_standards,Legal
state_small_water_systems,Natural_Feature
state_water_project_contractors,Group
state_water_resources_board,Group
state_water_resources_control_board_geographic_environmental_information_management_system,Technical
state_water_resources_control_board_recycled_water_policy,Legal
state_water_resources_control_board_water_resources,State_Gov
statewide_crop_mapping,District
statewide_groundwater_elevation_monitoring_monitoring_entity,Technical
static_program,Nonsense
statsgo,Technical
stephanie_anagnoson,Person
stewart,Nonsense
stewart_tract,Legal
stipulation,Nonsense
stockton_fault,Natural_Feature
stone_corral_irrigation_district_management_area,Geographic_Unit
stony_point,Geographic_Unit
stop,Nonsense
storage_of_information_required_for,Nonsense
stormflows,Technical
stormwater_management_program,Legal
stormwater_resources,Infrastructure
stratford_irrigation_district,District
strathmore_irrigation_district,District
stratigraphic_columns,Technical
stream_channel_improvements,Water_Project
streamflow_augmentation,Water_Project
streamflow_depletion_reaches,Natural_Feature
streamflow_monitoring,Technical
streamflow_streamflow,Nonsense
street,Nonsense
strongs,Nonsense
suaeda,Natural_Feature
subareas_east,Geographic_Unit
subbasin_groundwater_sustainability_plan_technical,Technical
subbasin_implementation_committee,Group
subbasin_management_team_comprised,Group
subbasin_planning_committees,Group
subbasin_temescal_valley_water_district,District
subbasin_working_group,Group
submit_annual_reports,Technical
subsurface_water_budget,Technical
suite_210,Nonsense
summers_engineering,Company
sun_maid_growers,District
support_sustainable_groundwater_supplies,Nonsense
supports,Nonsense
surface_water_bodies_supply_water_to_basin_residents,District
surface_water_monitoring_network,Technical
surface_water_quality_cadmium,Natural_Feature
surface_water_quality_iron,Technical
surface_water_quality_manganese,Technical
surface_water_quality_monitoring_locations,Technical
surface_water_quality_selenium,Technical
surface_water_quality_set,Data_System
surface_water_technical,Technical
surface_water_technical_advisory_group_representatives,Technical
surface_water_treatment_facility,Infrastructure
surficial_deposits,Natural_Feature
surficial_geology_figure,Reference
sustainability_agency_board,Group
sustainability_criteria_zones,Geographic_Unit
sustainability_evaluation,Technical
sustainability_groundwater_management_act,Legal
sustainability_indicator_4,Technical
sustainability_plan,Technical
sustainability_plans,Technical
sustainable_groundwater_management_act_3564,Legal
sustainable_groundwater_management_act_committee,Group
sustainable_groundwater_management_act_dataviewer,Technical
sustainable_groundwater_management_act_facilitation_support_services_program,State_Gov
sustainable_groundwater_management_act_groundwater_sustainability_plan_regulations_section,Reference
sustainable_groundwater_management_act_implementation156_specifically,Legal
sustainable_groundwater_management_act_implementation213_specifically,Legal
sustainable_groundwater_management_act_monitoring_network_for_depletions_of_interconnected_surface_water,Technical
sustainable_groundwater_management_act_monitoring_network_module,Technical
sustainable_groundwater_management_act_planning,Legal
sustainable_groundwater_management_act_regulations_article_8,Legal
sustainable_groundwater_management_act_requirements_for_stakeholder_outreach,Legal
sustainable_groundwater_management_act_section_107203,Reference
sustainable_groundwater_management_act_soar,Legal
sustainable_groundwater_management_act_strategies,Legal
sustainable_groundwater_management_act_sustainability_goals,Legal
sustainable_groundwater_management_act_technical_committee_meeting,Technical
sustainable_groundwater_management_grant_program_planning,Legal
sustainable_management_criteria_figures,Reference
sustainable_management_criteria_for_groundwater_quality,Legal
sustainable_management_criteria_summary_table,Reference
sustainable_management_criteria_survey,Technical
sustainable_management_criteria_workshops,Group
sustainable_water_infrastructure_project_awtf,Water_Project
sustainable_yield_estimate_sustainable,Technical
sutter_county_board_of_supervisors,Group
sutter_county_environmental_health_division,Local_Gov
sutter_placer_county_line,Geographic_Unit
sutter_subbasin_hydrogeologic_conceptual_model,Technical
svd,Nonsense
svii,Nonsense
sw_1240,Nonsense
swall_basin_southwest_cell,Geographic_Unit
swi_protective,Technical
swift_et,Nonsense
swift_et_al,Reference
swift_et_river_river,Natural_Feature
swrcs,Technical
swtp,Infrastructure
sycamore_ranch,Local_Gov
symposium,Nonsense
syndicate_water_company,Company
t0600102079_mw1,Technical
t11s,Nonsense
t22s,Geographic_Unit
t_hopkins,Person
table_2c3_2,Reference
table_35,Reference
table_4_atascadero_subbasin_project_budget,Reference
table_a2fd14,Reference
table_numbers,Reference
table_of_contents,Reference
tamara_kelly,Person
task_forces,Group
tbe_city,Nonsense
tbsmd,Nonsense
tcwa_boardroom,Infrastructure
tcwd_board_of_directors,Group
technical_advisory,Technical
technical_advisory_committee_meetings,Technical
technical_advisory_committee_planning_group,Group
technical_assistance,Technical
technical_experts_committee,Group
technical_lead,Technical
technical_see,Technical
technical_services_support,Technical
technical_stakeholder_and_board,Group
techniques_of_water_resources_investigations,Reference
tehama_1992_mining,Reference
tehama_colusa_canal_authority,Group
tehama_formation_exposures,Natural_Feature
tehama_formation_of,Natural_Feature
tehama_september_27,Nonsense
tejon_mountain_village_environmental_impact_report,Technical
tejon_ranchcorp,Company
templeton_community_service_district,District
templeton_community_services_district_board,Group
terms_and_conditions,Legal
terry_foreman,Person
tertiary_treatment_plant,Infrastructure
testing_of_recharge_capacity,Technical
teubert,Person
texas_commission_on_environmental_quality,State_Gov
tf,Nonsense
thamnophis_gigas_threatened,Nonsense
that_city_of,City
theim,Nonsense
thermalito,City
these_rules_and_regulations,Legal
this,Nonsense
this_action,Nonsense
this_certification,Nonsense
this_certification_for,Nonsense
this_hydrogeologic_conceptualization_and_characterization_of_conditions_report,Technical
this_intertie_feasibility_study,Technical
this_lower_alameda_formation,Natural_Feature
this_public_user_guide,District
this_stipulation_and_order,Legal
this_white_wolf_groundwater_sustainability_agency,Other_GSA
thomas_fire,Natural_Feature
thomas_harter,Person
threatened_special_concern_arssc,Technical
threatened_threatened,Nonsense
threatened_threatened_reliance_on_groundwater,Nonsense
tidewater,District
tier_1_management_action_8_study,Technical
tim_durbin,Person
tim_echevarria,Person
timeline_for_implementation_and_accrual_of_expected_benefits,Reference
timeline_for_implementation_and_accrual_of_expected_benefits_depending,Reference
title_23_california_code_of_regulations,State_Gov
tm1,Nonsense
tmdl_task_force_of_tmdl,Group
to_achieve_measurable_objectives,Nonsense
to_meet_costs,Nonsense
to_modify_for_future_climate_change_based_projections,Technical
to_protect_water_quality_prepare,Nonsense
to_stay_engaged,Nonsense
todd_greene,Person
todos_los_gastos,Nonsense
tom_bess_asphalt_company,Company
tom_lauknes,Person
tom_moody,Person
toro_canyon,City
total,Nonsense
total_maximum_daily,Nonsense
town_of,Nonsense
town_of_mendocino,Local_Gov
tracy_carbona,Nonsense
tracy_defense,Water_Project
tracy_subbasin_communication_and_engagement_plan,Technical
tracy_subbasin_groundwater,Basin
tracy_subbasin_groundwater_sustainability_agency,Other_GSA
tracy_subbasin_interested_parties_database,Technical
train_gsa_staff,Group
tranquility,Nonsense
tranquillity,City
transect_study_the_groundwater_sustainability_agency,Other_GSA
transition_probability_geostatistical_software,Technical
transportation_charge,Nonsense
transverse_ranges_geomorphic_province,Geographic_Unit
travis_air_force_base,Infrastructure
trc_pw88a,Nonsense
treaty,Legal
tres_pinos_fault,Natural_Feature
tribal_band,Group
tribal_beneficial,Group
tribal_engagement,Group
tribal_jurisdictional_boundaries,Geographic_Unit
tribal_reservations,Geographic_Unit
triennial_updates,Technical
trigger_levels,Technical
trilby_barton,Person
trimble_geo_7x,Infrastructure
trs,Nonsense
truckee,City
tshawytscha_central_valley,Geographic_Unit
tulare_basins,Basin
tulare_board_of_public_utilities,Group
tulare_code,Legal
tulare_counties,Local_Gov
tulare_county_2030,Reference
tulare_county_resource_management_agency,Group
tulare_study,Reference
tule_basin_sustainable_management_criteria,Legal
tule_elk_reserve,Natural_Feature
tulelake_city_hall_update,Local_Gov
tulelake_groundwater_sustainability_agency,Other_GSA
tulelake_subbasin_groundwater_sustainability_plan,Technical
tuolumne_county_board_of_supervisors,Group
turf_removal_program,Water_Project
turlock_groundwater_sustainability_plan_pma,Geographic_Unit
turlock_subbasin_groundwater_management_plan,Technical
turnipseed,Nonsense
twin_oaks_irrigation_district,District
ub,Nonsense
ucwd_board,Group
uda,Nonsense
uic,Nonsense
ukiah_valley_area_plan,Technical
ukiah_valley_gsa,Other_GSA
unafco_ground,District
under_drinking_water_programs,Group
underground_storage_tank,Infrastructure
underlying_the_water_budgets_are_unclear,Nonsense
underst_nd_ing,Nonsense
undesirable,Nonsense
uninhabited_aerial_vehicle_synthetic_aperture_radar,Technical
union_water_company,Company
united_board_of_directors,Group
united_calleguas_municipal_water_district,District
united_groundwater_management_plan,Technical
united_gw_quality,NGO
united_states_department_of_agriculture_natural,Federal_Gov
united_states_department_of_agriculture_natural_resources_conservation_service,Federal_Gov
united_states_forest_service,Federal_Gov
united_states_geological_service,Federal_Gov
united_states_geological_survey_model,Technical
united_states_geological_survey_national_hydrography_dataset,Technical
united_states_geological_survey_national_water,Federal_Gov
united_states_geological_survey_national_water_information_system,Technical
united_states_geological_survey_scientific_investigations_report,Technical
united_states_geological_survey_water_supply_paper,Technical
united_states_geological_survey_wilson_creek,Natural_Feature
united_the_oxnard_plain_surface_water_distribution_model,Technical
united_water_conservation_district_basin_conditions,District
universal_transverse_mercator,Technical
university_of_california_agricultural_and,State_Gov
university_of_california_agricultural_and_natural_resources,State_Gov
university_of_california_at_davis_center_for_watershed_science,State_Gov
university_of_california_board_of_regents,State_Gov
university_of_california_in,State_Gov
university_of_south_dakota,Nonsense
unlikely,Nonsense
unregulated_contaminant_monitoring_rule,Technical
unsaturated_based,Nonsense
upcoming_board,Group
updates,Nonsense
upper_and_lower_san_luis_rey_valley_groundwater_subbasins,Basin
upper_cosumnes,Basin
upper_princeton_valley_fill_formation,Natural_Feature
upper_san_leandro,Basin
upper_san_leandro_reservoir,Infrastructure
upper_san_luis_rey_valley_subbasin,Basin
upper_santa_ana_valley,Geographic_Unit
upper_santa_rosa_creek,Natural_Feature
upper_saugus_formation,Natural_Feature
upper_temescal_valley_groundwater_management_zone,Geographic_Unit
upper_valley_aquifer,Natural_Feature
upper_valley_aquifer_subbasin,Basin
upper_ventura_river_groundwater_agency_data_quality_control_review_procedures,Technical
urban_water_management,Technical
urban_water_supplier_reports,Technical
us_census_acs,Technical
us_departments,Group
us_environmental_protection_agency_guidance_on_systematic,District
us_environmental_protection_agency_national_recommended_water_quality_criteria,Reference
us_fish_and_wildlife,Federal_Gov
us_naval_construction_battalion_center,Federal_Gov
us_supreme_court,Federal_Gov
used_for_evaluating_groundwater_surface_water_interactions,Technical
used_to_estimate_the_water_budget,Nonsense
used_to_monitor_groundwater_quality,Technical
user_input_parameters,Nonsense
uses_environmental,Nonsense
utilities,Group
vacaville_groundwater_sustainability_agency,Other_GSA
valeteria_dry_cleaners,Nonsense
validation_data,Technical
valley,Geographic_Unit
valley_springs_formation_the_valley_springs_formation,Natural_Feature
van_der_maaten,Person
van_hoozen_james_l_family_trust,Nonsense
vcf,Nonsense
venice,Geographic_Unit
ventura_county_agricultural,Local_Gov
ventura_county_environmental_health_division,Local_Gov
ventura_county_flood_control_district,District
ventura_county_general_plan_environmental_impact_report,Technical
ventura_county_ordinance,Legal
ventura_county_planning_commission,Group
ventura_county_resource_management_agency_division_of_environmental_health,Local_Gov
ventura_county_stormwater_quality_monitoring_program,Technical
ventura_water,District
verano_st_piezo,Technical
vicki_kretsinger_grabert_lead_engineer,Person
vicksburg,Nonsense
vina_advisory_committee,Group
vineyard,City
visual_modflow,Technical
vp_of_operations_for_torrent_laboratory,Nonsense
vwlpdwhg6fkhgxohri0rgho8sgdwhfwlylwlhv,Nonsense
w_4th,Nonsense
w_morton_avenue,Nonsense
w_thompson,Person
walnut_hills_mutual_water_company,Company
warm_springs_area,Geographic_Unit
wastewater_enterprise_management_agreement,Group
water_agencies,Group
water_allocation_plan_agricultural_ma,Nonsense
water_budget_diagram,Technical
water_budget_technical_memoranda,Technical
water_budgets,Technical
water_commission_water_supply_investment_program,Water_Project
water_conservation,Nonsense
water_control_manual,Reference
water_efficiency_and_allocation_program,Legal
water_exchange_project,Water_Project
water_management,Group
water_management_services,Local_Gov
water_quality_control_board,Group
water_quality_control_policy_for_maintaining_instream_flows,Legal
water_quality_frequently,Nonsense
water_quality_goals_for_agriculture,Legal
water_quality_table,Reference
water_resources_and_supply_water,Natural_Feature
water_resources_control_board,Group
water_resources_division_of_the_public_works_department,Group
water_resources_recovery_facility,Infrastructure
water_resources_staff,Group
water_supply,Nonsense
water_supply_agreement_for_delivery_of_water_through,Legal
water_supply_assessment,Technical
water_supply_optimization_plan,Technical
water_supply_plan,Technical
water_supply_reports,Technical
water_symposium_hosted,Nonsense
water_systems_consulting_inc,Company
water_treatment_plant,Infrastructure
water_use_and_efficiency_branch,State_Gov
water_use_efficiency_programs,Group
water_year_2043,Nonsense
waterboard_geotracker_groundwater_ambient_monitoring_and_assessment,Technical
waterford_without_increasing_costs,Nonsense
watermains,Infrastructure
watershed_boundary,Geographic_Unit
watershed_boundary_central_management_area,Geographic_Unit
watershed_consumptive_use_fractions_of,Technical
watershed_information_center_conservancy,NGO
watershed_integrated_regional_urban_water_management_plan,Technical
watershed_protection_district,District
watersheds_15_coalition,Group
wd,District
weather_data,Technical
well_02n20w17j06s_accounting,Technical
well_completion_report_application,Technical
well_log,Technical
well_outage_risk_analysis,Technical
well_owners_guide,District
wells_02n19w07k02_and,Nonsense
wells_02n19w07k03s_and_02n19w07k02s,Infrastructure
wells_02n21w11j06s,Infrastructure
wells_03n20w35r03s,Infrastructure
wells_coordinates,Technical
wells_monterey_peninsula_water_management_districtfo9,District
wells_notes,Reference
wells_samples,Technical
wells_tract,Legal
wells_with_site_code,Legal
west_butte_subbasins,Basin
west_fork_carson,Natural_Feature
west_las_posas_management_area_several_united_water_conservation_district,District
west_san_jacinto_groundwater_management,District
west_stanislaus,Basin
west_turlock_subbasin_groundwater_sustainability_agency_east_turlock_subbasingsa,Other_GSA
western_areas_power_administration,Federal_Gov
western_management_agency,Group
western_management_area_cma_model,Technical
western_management_area_groundwater_sustainability_agency_advisory_committee,Group
western_pacific_railroad,Nonsense
western_water_recycling_facility,Infrastructure
western_yolo,Geographic_Unit
westland,Local_Gov
westlands_water_quality_coalition,Group
westside_central_valleyp,District
westside_coalition,District
westside_sacramento_integrated_regional_water_management_plan,Technical
westside_subbasin_boundary,District
wh3_self_reporting_of_groundwater_extraction_level,Technical
wheeler_crest,Geographic_Unit
when_establishing_sustainable_management_criteria,Reference
where_exceeded_the_estimated_pump_intake_depth_table,Reference
whereas,Nonsense
white_alder,Natural_Feature
whitewater_recharge_facilities,Infrastructure
wicc_board_of_directors,Group
wight_way,Nonsense
wilcoxon,Nonsense
wildlife_habitat,Natural_Feature
wildlife_heritage_foundation,NGO
will_affect,Nonsense
will_manage_areas_not_covered,Nonsense
william_flaxington,Person
willowbrook,City
wilma_chan,Person
wind_gap_pumping_plant,Infrastructure
wind_wolves_preserve,Natural_Feature
wood_project_chemist,Nonsense
woodbridge_ecological_reserve,District
woodland_alliance,Nonsense
woolfenden,Person
working_group_meeting,Group
working_group_to,Group
wr16_water_supplier_cooperation,Group
wrmwsd_board,Group
wrwrf,Nonsense
wscp,Nonsense
wscps,Group
wutchumna_ditch,Infrastructure
wyandotte_creek_advisory_committee,Group
wyandotte_creek_subbasin_groundwater_sustainability_agency,Other_GSA
wyt1_bay,Basin
xyz_dist,District
y_n_project_recharge,Water_Project
y_proyectados_para_la_subcuenca,Nonsense
yates_et_al,Reference
yellow_butte,Nonsense
yellow_warbler,Natural_Feature
ynez,Nonsense
yokohl_creek_recharge_project,Water_Project
yolo_county_integrated,Group
yolo_groundwater_sustainability_agency,Other_GSA
you,Nonsense
youtube,Company
ysga_model,Technical
ysi_6820,Infrastructure
ysi_6920,Infrastructure
yuba_county_code,Legal
yuba_county_general_plan,Technical
yucaipa_landfill,Infrastructure
yucaipa_sub_basin_groundwater_sustainability_agency,Other_GSA
yucaipa_sustainable_groundwater_management_agency,Group
yulupa_creek,Natural_Feature
yvwrff,Nonsense
zhang_et_al,Reference
δstorage,Nonsense
00061_feet,Nonsense
001μg_l,Nonsense
01n22w20j08s,Geographic_Unit
02n20w02d02s,Geographic_Unit
02n20w07k02s,Geographic_Unit
03n20w35j01s,Geographic_Unit
0433pm_5,Nonsense
07n01e29p001_m,Reference
1010_intermountain_conservation_camp,Nonsense
1062021,Nonsense
1128_federal_government,Nonsense
11b,Nonsense
1222021,Nonsense
12343_data_management_system_data,Technical
12920_13,Nonsense
12_management_areas,Geographic_Unit
134_legal_authority,Group
13mg_l,Nonsense
143_operational_flexibility_limitations,Reference
164400_af,Nonsense
18_ma,Nonsense
1998_permit,Legal
1_department_of_water_resources,State_Gov
1cvp,Water_Project
2014_sustainable_groundwater_management_act,Legal
2016_feasibility_study,Reference
2016_salt_and_nutrient_management_plan,Technical
2020d,Nonsense
2070_central_tendency_climate_change_factors,Technical
210c,Nonsense
214_city_of,City
214_historical_santa_ysabel_creek_riparian_rights_riparian,Legal
23111_irrigated_lands_regulatory_program,Legal
2332_groundwater_exchange,Nonsense
255_city_and,Nonsense
25_reference_to,Reference
272_approach,Nonsense
296280_af,Nonsense
310_monitoring_and_management_programs,Technical
313_land_use_plans,Technical
3252_criteria,Reference
325_composite_surface_a_composite_surface,Technical
3272019_ug,Nonsense
335_city_and,Nonsense
35410_initial_notification,Reference
3546_agency_information,Natural_Feature
3548f,Nonsense
355_protocols_for_data_collection_and_monitoring_standards_for_establishing_monitoring_protocols,Technical
3623_brochure,Reference
372_head,Nonsense
416_chowchilla_water_district_project_financing_pursuant,Legal
422019_ug,Nonsense
423_data_management,Technical
42410_legal_authority,Group
424_education_and_outreach_4241_project_description,Reference
424_streamflow_measurements,Technical
43108_legal_authority,Group
43_monitoring_and_management_considerations,Technical
463_salt_river,Natural_Feature
471_tule_subbasin_data,Technical
476500_inflow_outflow_gw,Technical
4b4_8_legal_authority,Group
4c2_management_action_no,Reference
4th_floor,Nonsense
55_hydraulic_gradients_between_aquifers,Natural_Feature
5_distribution_system,Infrastructure
5_water,Nonsense
612018_board,Group
65436_colusa_subbasin,Basin
722018_responsibilty_board,Group
76_worksheet_37,Reference
77_development,Nonsense
7_c,Nonsense
7_city,Nonsense
813_communication_and_outreach_ongoing,Technical
83212_relationship_to_additional_groundwater_sustainability_plan_elements,Reference
8346_timetable_for_implementation,Reference
852021,Nonsense
904b,Nonsense
914_monitoring_and_data_management_monitoring_of_the,Technical
9272018_ug,Nonsense
933_criteria,Reference
952_conceptual_projects_six,Reference
952_minimum_thresholds,Reference
95406_wwwsonomavalleygroundwaterorg,Nonsense
96_periodic,Nonsense
97_land_subsidence_historical,District
a2,Nonsense
a2_4,Nonsense
a2_decentralized_stormwater_recharge,Water_Project
a2fa16,Nonsense
a2fa17,Nonsense
a2fa6,Nonsense
a2ff20,Nonsense
a2fg13,Nonsense
a85005,Nonsense
a_ag_innovations,Company
a_biological_assessment_and_environmental_impact_report,Technical
a_bound_party,Nonsense
a_budget_transfer,Nonsense
a_calculation,Nonsense
a_citizen_advisory_group,Group
a_coastal_development_permit,Legal
a_community_community,Group
a_comprehensive_allocation_method,Technical
a_comprehensive_groundwater_management_plan,Technical
a_comprehensive_groundwater_quality_management_plan,Technical
a_continuously_operating_reference_stations,Technical
a_coordinating_committee_figure_es2,Reference
a_county_of_ventura,Local_Gov
a_dairy_element,Nonsense
a_define,Nonsense
a_detailed_operations_and_water_monitoring_plan,Technical
a_drought_operations_technical_advisory_committee,Group
a_fire,Nonsense
a_funding_partner,Group
a_geotracker,Data_System
a_geotracker_ranch_global_identification_number,District
a_groundwater_augmentation_program,Water_Project
a_land_subsidence_monitoring_and_management_plan,Technical
a_long_term_water_exchange_agreement,Group
a_management_area_exceedance,Technical
a_mayor_council,Group
a_meeting_inventory_table,Reference
a_nitrate_total_maximum_daily_loadpurisma,Legal
a_notice_of_intent_on,Nonsense
a_partnership_commitment,Nonsense
a_planning,Nonsense
a_planning_committee,Group
a_policy_advisory_committee,Group
a_precipitation_threshold_for_runoff,Technical
a_public_access_to_records,Legal
a_regional_water_efficiency_program,Group
a_resources_development_assessment,Reference
a_routine_maintenance_agreement,Group
a_sacred_lands_and_tribal_contact,Legal
a_sacred_lands_file,Technical
a_seawater_intrusion_model,Technical
a_sewer_connection_permit,Legal
a_special_project_committee,Group
a_stakeholder_committee,Group
a_state_of_california,State_Gov
a_state_water_project,Water_Project
a_state_water_project_contractor,Group
a_subbasin_coordination_committee,Group
a_superior_court_of,Nonsense
a_technical_committee,Group
a_technical_peer_review_group,Group
a_technical_peer_review_team,Technical
a_temporary_water_service_program,Group
a_water_exchange_and_water_transportation_agreement_agreement,Group
a_water_resource_validation_program,District
aall,Nonsense
aapg,NGO
ab2222,Nonsense
ab_3030_groundwater_management_plan,Technical
ab_303_project,Water_Project
ab_32,Legal
ab_52,Legal
abandoned_sa_n,Nonsense
abbreviations,Reference
abhishek_singh,Person
abrams,Person
abrup,Nonsense
absence_of_management_changes,Nonsense
acalanes_ridge,City
access,Nonsense
accord,Nonsense
according,Nonsense
accounting_management_action,Legal
accumulated_capital_outlay_fund,Nonsense
acft26,Nonsense
achieve_sustainability,Nonsense
acknowledgements,Reference
action_area,Geographic_Unit
action_reclamation,Water_Project
active_gauge_locations,Technical
active_groundwater_sustainability_agency_coordination_with_water_quality_agencies_and_coalitions,Group
active_modflow_westside,Technical
ad_hoc_funding_committee,Group
adam_claes,Person
adams,Infrastructure
adams_and_academy,Nonsense
adapted,Nonsense
adaptive_management_strategy,Technical
addi_tional_pl,Nonsense
additional,Nonsense
additional_monitoring,Technical
address,Nonsense
address_data,Technical
address_identified_data_gaps,Technical
adelaida_area_hydrogeologic_study,District
adequately_address_groundwater_quality_12,Reference
adin_community_services_district,District
adin_ranger_station,Infrastructure
adin_wells,Infrastructure
adjacent_basins,Basin
adjacent_subareas_table,Reference
adjusted_base_production_rights,Legal
admin_fiscal_subcommittee,Group
administering,Nonsense
administrative,Nonsense
administrative_agency,Group
administrative_approach_and_implementation,Nonsense
administrative_approach_governance_structure,Technical
administrative_costs_the_administrative,Nonsense
administrative_draft,Reference
administrative_fiscal_committee,Group
administrative_monitoring_reporting,Technical
administrative_personal,Nonsense
administrative_staff,Nonsense
administrator_collect,Nonsense
adopt,Nonsense
adopted_city_urban_development_boundary,Geographic_Unit
adopted_ordinance,Legal
advanced_biological_testing,Technical
advanced_water_purification_facility,Infrastructure
advanced_water_purification_facility_project,Water_Project
advisory,Group
advisory_board_of_the_groundwater_exchange,Group
advisory_committee_and,Nonsense
advisory_committee_and_technical_advisory_subcommittee,Group
advisory_committee_and_technical_peer_review_group,Group
advisory_committee_distribution_system_usage_with_facilities,Group
advisory_committee_meetings,Group
advisory_group,Group
ae20,Nonsense
ae27,Nonsense
aec,Nonsense
aem_study10,Technical
aem_study11,Technical
aem_survey,Technical
aer,Nonsense
aera_energy_llc,Company
aerojet_general_corp,Company
aerojet_general_corporation,Company
aewsd_private_california_department_of_transportation_basin_connections,State_Gov
af_abbreviations,Reference
af_central_valley_project,Water_Project
af_of,Nonsense
af_of_level_2,Nonsense
af_y_difference,Technical
af_y_f,Nonsense
af_y_page_4_4,Reference
af_yr_of_table_a,Reference
affonso,Nonsense
afyin,Nonsense
ag_coverage,Technical
ag_water,Nonsense
agai_nst,Nonsense
agencies_cachuma_resource_conservation_district,District
agencies_department,Group
agencies_organization_and_management_structures_the,Nonsense
agencies_with_water_management_responsibilities,Group
agency_additional_information,Natural_Feature
agency_administration_operations,Nonsense
agency_for_toxic_substances_and_disease_registry_agency_for_toxic_substances_and_disease,Federal_Gov
agency_governing_board,Group
agency_information_ebmud,District
agency_jurisdictional_boundaries_groundwater_sustainability_agency,Other_GSA
agency_organization_and_management_structure,Reference
agency_sustainable,Nonsense
agenda_to,Nonsense
aging_and_disability_program,Local_Gov
agricultural_ag,Nonsense
agricultural_agricultural,Nonsense
agricultural_agricultural_mutual_water_company,Company
agricultural_and_industrial,Nonsense
agricultural_business,Nonsense
agricultural_conveyance_system,Infrastructure
agricultural_demands,Geographic_Unit
agricultural_drain_tiles_agricultural,Infrastructure
agricultural_groundwater_extraction_monitoring_per_sierra_valleygmd,Technical
agricultural_irrigation_pumping,Nonsense
agricultural_land_and_water_use_budget,Technical
agricultural_land_retirement,Legal
agricultural_land_use_jurisdiction,Geographic_Unit
agricultural_lands_preservation_initiative,Group
agricultural_management_water_plans,Technical
agricultural_morongo_band_of_mission_indians,Local_Gov
agricultural_operations,Nonsense
agricultural_residential_groundwater_users,District
agricultural_resource_or_agriculture,Nonsense
agricultural_seat,Local_Gov
agricultural_surface_water_supplies,Infrastructure
agricultural_urban_reserve,Geographic_Unit
agricultural_users,Group
agricultural_waiver_program,Legal
agricultural_water_authority,Group
agricultural_water_conservation_act,Legal
agricultural_water_management,Nonsense
agricultural_water_management_planning_agricultural,Technical
agricultural_water_providers,District
agricultural_water_quality_thresholds,Technical
agricultural_water_resources_wr15,Technical
agricultural_wells,Infrastructure
agriculture_agriculture,Nonsense
agriculture_land_use_projections,Technical
agriculture_water_management_plan,Technical
agroclimate_stations_data,Technical
agua_tibia_fan,Natural_Feature
ahtna_environmental,Company
ahtna_government_services,Local_Gov
ahtna_prior,Nonsense
ahtna_program,Group
ahtna_project_chemist,Person
aims_to_complete_draft,Nonsense
air_force_environmental_restoration_program,Federal_Gov
air_quality,Natural_Feature
air_quality_elements,Technical
air_reserve_base,Infrastructure
air_reserve_board,Group
airborne_electromagenetic,Technical
airoyo_seco,Natural_Feature
al_departamento_de_recursos_hídricos,Local_Gov
al_department_of_water_resources,State_Gov
al_descenso,Geographic_Unit
alameda_counties,Nonsense
alameda_county_department_of_public_works,Local_Gov
alameda_deposits,Natural_Feature
alan_shearer,Person
alberhill,Geographic_Unit
alessandro,Nonsense
alex,Person
alexander_kerby,Person
alfonso_ramelli,Person
algorithm_for_land,Technical
alkaline_scrub,Natural_Feature
all_wba_5,Data_System
allen_camp_unit,District
allende_basin,Basin
allocation_program,Nonsense
alluvial_aquifer,Natural_Feature
alluvial_fan_deposits_water_bearing_formation_isolated,Natural_Feature
almond,Nonsense
alpaugh_csd,District
alpert,Nonsense
alta_irrigation_districts,District
alta_mesa_conditions_summary_road_crossing,Technical
amador_county_groundwater_authority_board_of_directors,Group
amador_county_groundwater_management_authority_board_of_directors,Group
amador_regional_sanitation_authority,Group
amador_water_agency_board_room,Infrastructure
amah_mutsun_tribal_band,Group
amanda_monaco,Person
amazon,Nonsense
amber_ritchie,Person
amec_foster_wheeler,Company
american_canyon,City
american_chemical_society,NGO
american_chemical_sympo,Nonsense
american_community_survey_median_household,Data_System
american_del_rey,Nonsense
american_heritage_commission,Group
american_legion,NGO
american_potash,Company
american_rivers_sacramento,NGO
american_rivers_total_outflow_15167800,Natural_Feature
american_sacramento_county_water_agency,Group
american_standard_code_for_information_interchange,Nonsense
american_water_works_company,Company
ameripride,District
amy_steinfeld,Person
an_ad_hoc_committee,Group
an_ad_hoc_communications_committee,Group
an_agricultural_water_quality_goal,Nonsense
an_alternative_management_strategy,Nonsense
an_economic_analysis_and_framework_for,Reference
an_interbasin_coordination,Group
an_interbasin_public_works,Water_Project
an_interested_parties_advisory_committee,Group
an_interested_parties_database,Technical
an_op_ed_piece,Nonsense
an_state,Nonsense
ana,Nonsense
ana_riparian_groundwater_dependent_ecosystem_unit,Natural_Feature
anadromous_salmonid,District
anagnoson,Nonsense
analysis_of_historical_surface_water_diversions_historical,Technical
analytic_approach_modeling,Technical
ancestral_mount_shasta,Natural_Feature
and_maintenance,Nonsense
and_union_of,Nonsense
anderson_valley,Geographic_Unit
andisols,Natural_Feature
andrew_millison,Person
andrew_pandol,Person
andrews_st_bridge,District
andy_bogetti_family_trust,Nonsense
andy_duffey,Person
andy_gordus,Person
andy_rodgers,Person
angeles_county,County
angwin_subarea,Geographic_Unit
animals_dependent_on_groundwater,Natural_Feature
ann_dubay,Person
anna_caballero,Person
annexed,Nonsense
annual_meeting,Group
annual_operations_maintenance,Technical
annual_proponent,Nonsense
annual_pumping_allocations,Technical
annual_state_water_project_entitlements,Reference
annual_streamflow,Data_System
another,Nonsense
another_ngo,NGO
ant_hill_oil_field,Nonsense
anthony_rocha,Person
antidegradation_objectives_for_total_dissolved_solids,District
antidegradation_study,District
any,Nonsense
app_g,Nonsense
appellate_court_to,Nonsense
appendix_1_b_contact,Reference
appendix_1_b_the_framework_agreement,Reference
appendix_1_f_community_engagement_plan_for_development_and_adoption_of_a_groundwater_sustainability_plan,Reference
appendix_1_g,Reference
appendix_1_notice,Reference
appendix_1_table_1_2,Reference
appendix_25_m,Reference
appendix_2_c_hydrographs,Reference
appendix_2_d,Reference
appendix_2_groundwater,Reference
appendix_3_a,Reference
appendix_3_a_environmental_beneficial_water_uses,Reference
appendix_3a_figures_1_3,Reference
appendix_3a_shallow_well_protection_memorandum,Reference
appendix_3a_table,Reference
appendix_3d,Reference
appendix_4,Reference
appendix_4_c,Reference
appendix_4_d,Reference
appendix_4b,Reference
appendix_5_a,Reference
appendix_6d,Reference
appendix_7_a_table,Reference
appendix_a_137,Reference
appendix_a_141,Reference
appendix_a_51_principal_aquifers,Natural_Feature
appendix_a_advisory_committee_comprehensive,Reference
appendix_a_fcma,Reference
appendix_a_groundwater_sustainability_plan_coordinating_committee,Reference
appendix_a_groundwater_sustainability_plan_stakeholder_committee,Reference
appendix_a_implementation_team,Reference
appendix_a_initial_notification,Reference
appendix_a_project,Water_Project
appendix_a_projected_scenarios,Reference
appendix_a_table_3,Reference
appendix_a_water_budgets,Reference
appendix_b_521,Reference
appendix_b_a,Reference
appendix_b_eastern_tule_groundwater_sustainability_agency,Other_GSA
appendix_b_implementation_period,Reference
appendix_b_part,Reference
appendix_b_paso,Reference
appendix_b_surface,Reference
appendix_b_translation,Reference
appendix_b_water,Reference
appendix_b_water_budgets,Reference
appendix_c_1551,Reference
appendix_c_arroyo_santa_rosa_groundwater_sustainability_agency,Other_GSA
appendix_c_beneficial_uses,Reference
appendix_c_department_of_water_resources_preparation_checklist,Reference
appendix_c_sustainable_groundwater_management_act,Reference
appendix_c_the,Reference
appendix_c_the_city_of_ione,City
appendix_d1,Reference
appendix_d_the_county,County
appendix_e_two,Reference
appendix_f_2030,Reference
appendix_f_agricultural_supply,Reference
appendix_f_future,Reference
appendix_f_one,Reference
appendix_f_potential_model_applications,Reference
appendix_f_supplemental_wetlands,Reference
appendix_f_technical_and_regulatory_evaluation_of_mun,Reference
appendix_g_a,Reference
appendix_g_ce_survey_results,Reference
appendix_g_delta_mendota_subbasin_communications,Reference
appendix_g_see_chapter_4,Reference
appendix_g_tule_subbasin,Basin
appendix_g_water_quality_goals_water,Reference
appendix_h_comments,Reference
appendix_h_figure,Reference
appendix_h_future_baseline_scenario_results,Reference
appendix_h_table_3,Reference
appendix_i_54_water_budget_definitions_and_assumptions,Reference
appendix_i_highlights,Reference
appendix_j_abbreviations,Reference
appendix_j_highlights,Reference
appendix_j_hydrogeologic_conceptual_model,Reference
appendix_k_21,Reference
appendix_k_assessment_of,Reference
appendix_k_table,Reference
appendix_k_water_budget,Reference
appendix_l_water_budget,Reference
appendix_n_table,Reference
applicable,Nonsense
application,Nonsense
application_for_service,Legal
applied_groundwater_return,Technical
applied_municipal_services,Company
applied_surface_water,Natural_Feature
applied_water_et,Technical
appoint_public_board_member_planning_committee_regular_meeting,Nonsense
appointed,Nonsense
appraisal_institute,NGO
appro_pri,Nonsense
appropriative_am,Legal
approval4_westlands_groundwater_sustainability_agency,Other_GSA
approved_budget,Nonsense
approved_organizational_activities,Nonsense
april_board,Group
aptos_creel,Technical
aquatic_conservation_strategy,Group
aquifer_hydraulic_properties_information,Natural_Feature
aquifer_production_has_been_relatively_steady_over_the_four_decades_presented_in_figure_y,Reference
aquifer_replenishment_project_implementation,Water_Project
aquifer_storage_and_recovery_council_on_environmental_qualitya,Nonsense
aquifer_storage_and_recovery_operation_effects,Technical
aquifer_storage_and_recovery_year,Technical
aquifer_storage_recovery_project,Water_Project
aquifer_test_calibration_data,Technical
aquila,Nonsense
aquitard_properties_bulletin,Reference
aquitards_department_of_water_resources_bulletin,Technical
aquitards_primary,Natural_Feature
aquitards_semi_perched_aquifer,Natural_Feature
arbolada,Geographic_Unit
arbuckle_farr_et,Person
arcohe_unified_school_district,District
are_inadequate,Nonsense
are_located,Nonsense
are_management_implementation,Nonsense
area,Geographic_Unit
area_of_critical_environmental_concern,Legal
areas_of_interest,Geographic_Unit
areas_of_recharge_and_prior,Technical
areas_recharge,Nonsense
argia_spp,Natural_Feature
argon,Nonsense
arlington_groundwater_sustainability_agency,Other_GSA
armona_community_services_district_armona_community_services_district,District
armona_stratford,Geographic_Unit
army_base_realignment_and_closure,Federal_Gov
army_base_realignment_and_closure_fort_ord_office,Group
army_base_realignment_and_closure_office,Federal_Gov
army_corps_of_engineers_army_corps_of_engineers,Federal_Gov
army_corps_of_engineers_corps,Federal_Gov
army_corps_of_engineers_water_control_data_system,Technical
army_reserve_center,Infrastructure
arrowhead_bottling_plant,Infrastructure
arroyo_chub,Natural_Feature
arroyo_conejo_conejo_creek,Natural_Feature
arroyo_del_toro_temescal_wash,Natural_Feature
arroyo_grande_creek,Natural_Feature
arroyo_parida_section_of,Reference
arroyo_ramoso,Natural_Feature
arroyo_santa_rosa_basin_groundwater_sustainability_agency_website_regular,Group
arroyo_santa_rosa_basin_recharge_projects,Water_Project
arroyo_seco_cone_management,Group
arroyo_seco_cone_management_area_subbasins,Basin
arroyo_seco_cone_management_area_table,Reference
arroyo_seco_groundwater_sustainability_agency_board_of_directors,Group
arsenal,Nonsense
arsenic_mitigation_program,Group
artesia,City
arturo_mejia,Person
arundo,Natural_Feature
arvin_community_services_district_board,Group
arvin_edison_management,District
arvin_edison_management_area_historical,Geographic_Unit
arvin_edison_management_area_table_gwc2,Reference
arvin_edison_management_area_the_management_actions,Nonsense
arvin_edison_management_area_the_projects,Water_Project
arvin_groundwater_sustainability_agency_arvin_edison_water_storage_district,District
as_0,Nonsense
asaga,Nonsense
ashland_cherryland_community_health_wellness,NGO
aspen_environmental_group,Group
asr_pilot_project,Water_Project
asrigb,Nonsense
assembly_bill_1881,Legal
assessed,Nonsense
assessment,Reference
assessment_and_identification_of_data_gaps,Technical
assessment_and_identification_of_data_gaps_surface_water_monitoring_network,Technical
assessment_control_board,Group
assessments,Technical
assessments_periodic,Technical
assessmentwith_the_madera_county_auditor,Person
assessor_collector,Local_Gov
assessor_parcel,Geographic_Unit
assigned,Nonsense
assigning_board,Group
associated_vegetation_tidewater,District
association_of_american,NGO
association_of_ground_water_agencies,Group
assumed_rooting_depth,Technical
assumes,Nonsense
astm_1996,Reference
atascadero_state,Local_Gov
atascadero_subbasin_composite_hydrograph,Technical
atherton,City
athird_party,Nonsense
atolia,Nonsense
attachment_e_the_data,Technical
attachment_h,Reference
attachments,Reference
attachments_m_national_aeronautics_and_space_administration_jet_propulsion_laboratory,Federal_Gov
attribute_attribute,Nonsense
atwell_island_wd,District
audobon,NGO
augmentation,Nonsense
austin,Local_Gov
austinsloughhousercdorg,District
authority_fact_sheet,Reference
authority_of_agency_agencies,Group
authority_of_the_board_of_directors,Group
authority_report,Technical
authority_staff,Nonsense
authorize,Nonsense
authorizing_impacted_department,Group
available_for_use_for_groundwater_recharge,Technical
ave,Nonsense
ave_data,Technical
ave_selma,Nonsense
avenue_116_lateral_project,Water_Project
avenue_144the_pixley_national_wildlife_refuge,Natural_Feature
avenues_88,Nonsense
average_2479,Nonsense
b13_consideration,District
b_alyson_watson,Person
b_calculate,Nonsense
b_california_maximum_contaminant,State_Gov
b_gd,Nonsense
b_jennings,Person
b_public_engagement_process,Technical
b_sustainable_management_criteria,Reference
b_utilize,Nonsense
baber,Nonsense
bachand_associates,Company
background_eki_environment_and_water,Group
background_south_fork_kings_groundwater_sustainability_agency,Other_GSA
background_tri_county_water_authority,Group
background_water_quality,Technical
badger,Nonsense
bahia_magdalena,Natural_Feature
bailey_fault_zone,Geographic_Unit
bain,Nonsense
bakersfield_californian,State_Gov
bakersfield_city_hall,Local_Gov
bakersfield_water_board,Group
balance_hydrologics,Company
ballico_cortez_water_district_central_valley,Geographic_Unit
banning_record_gazette_press_enterprise_publication_date_for_record_gazette,Nonsense
banning_wastewater_treatment_facility,Infrastructure
barbareno_ventureno_band_of_mission_indians,Group
barometric,Nonsense
barometric_compensation,Technical
barstow,City
bartow_j_a,Person
base_realignment_and_closure_act,Legal
base_realignment_and_closure_environmental_coordinator,Person
baseline_forecast_municipal_pumping_municipal,Technical
basic_irrigation_scheduling,Technical
basin_alluvium,Natural_Feature
basin_beneficial_users,Group
basin_boundaries,Geographic_Unit
basin_boundaries_4,Data_System
basin_boundaries_various_las_posas_valleyb,Basin
basin_boundary50,Technical
basin_cf,Basin
basin_characterization,Technical
basin_characterization_model_a,Technical
basin_coordination_committee,Group
basin_evaluation_metrics,Technical
basin_governance,Group
basin_groundwater,Natural_Feature
basin_investigation,Technical
basin_management,Group
basin_management_objective_workshops,Group
basin_management_plan,Technical
basin_numerical_model_active_model_domain_and_primary_watershed_features,Technical
basin_plan_maximum_benefit_objective,Legal
basin_plan_objective,Nonsense
basin_plan_wqo,Legal
basin_point_of_contact,Legal
basin_recharge_areas,Geographic_Unit
basin_setting_information,Natural_Feature
basin_setting_of_the_plan_area,Geographic_Unit
basin_setting_section,Reference
basin_setting_section_2,Reference
basin_the_northern_central_delta_mendota_region,Geographic_Unit
basin_watershed_model,Technical
basis_for_determining_declining_groundwater_levels,Technical
bay_delta_office,State_Gov
baydelta,Basin
bayside_aquifer_storage_and_recovery,District
bayview,City
bb_limited_and,Nonsense
bb_limited_recharge_and_recovery_the_bb_limited_recharge_and_recovery,Nonsense
bc_laboratories,Company
bcgsa_bedford_coldwater_groundwater_sustainability_authority,Group
bdc,Nonsense
beacon_creek,Natural_Feature
beale,Nonsense
bealville_fanglomerate,Natural_Feature
bear_creek_reservoir,Infrastructure
bear_creeks,Natural_Feature
bear_mountain_truck,Nonsense
bear_river_based,District
bear_river_inflow,Natural_Feature
beast_management_practices_for_monitoring_networks,Technical
beaumont_subbasin,Basin
beaumont_underflow,Basin
beckwourth_emigrant_trail,Natural_Feature
beckwourth_room,Nonsense
becomes,Nonsense
becomes_other_obsftsw,Nonsense
bedford_coldwater_groundwa_ter_sustainability_authority_to,District
bedford_coldwater_groundwater_basin_agency,Group
bedford_coldwater_joint_powers_authority,Group
bellflower_aquitard,Natural_Feature
belmont_manor,Nonsense
ben_king,Person
ben_lyons,Person
beneficial,Nonsense
beneficial_municipal,Nonsense
beneficial_to_information,Natural_Feature
beneficial_user,Nonsense
beneficial_user_input,Nonsense
beneficial_uses,Nonsense
beneficial_uses_taylor,Technical
benefit_realization_and_evaluation_wh1_wh5,Technical
benefit_status,Nonsense
benefited_circumstances_for_implementation_schedule,Nonsense
beneﬁcial_user_groups,Group
beneﬁcial_uses_and_users,Technical
benicia_arsenal,Infrastructure
benito_county_water_district,District
benzene_toluene_ethylbenzene_xylenes,Natural_Feature
bergon_senior_center,Nonsense
berkeley_water_works,Infrastructure
bermite_corporation,Company
berryessa_area_name,Geographic_Unit
best_management_practices_for_monitoring_protocols,Technical
beta_version,Nonsense
better_environment,NGO
better_reflect_local_surface_water_operations,Nonsense
between_city_and,Nonsense
between_systems,Nonsense
beveridge_diamond,District
bi_monthly,Nonsense
bi_weekly,Nonsense
biannual_resource_summary_reports,Technical
big_valley_advisory_committee_1062021,Group
big_valley_basin_communication,Group
big_valley_water_treatment_plant,Infrastructure
biggs_west_gridley_water_district,District
biggs_west_gridley_water_district_inform,District
bill_599,Legal
bill_985,Legal
bill_brewster,Person
bill_ehorn,Person
bill_senate,Legal
bill_stagnaro,Person
bill_x7_6,Legal
bioaccumulation_monitoring_program,Technical
bioassessment_program,Technical
biological,Nonsense
biosketch,Reference
biovir_labs,Company
birch,Nonsense
bishop_community_redevelopment_agency,Group
bitter_creek_national_wildlife_refuge_refuge_manager,Person
black_willows,Natural_Feature
blackhawk,City
blair_sellers,Person
blake_wilbur,Person
blakeley,Nonsense
blanca_ortiz,Person
blanco_drain_and_rec_ditch,Infrastructure
blms_sfp,Nonsense
blms_st,Nonsense
blrr,Nonsense
blue_goose,Nonsense
blue_sky_center,Nonsense
bm8wr6i,Nonsense
bm_e548,Nonsense
bmps_groundwater,Technical
bnsf,Company
bnsf_railway_company_intermodal_facility_recharge_pond,Infrastructure
board_25,Group
board_approval,Nonsense
board_calendar,Technical
board_consent,Nonsense
board_engagement,Group
board_for,Nonsense
board_meeting_information_groundwater_sustainability_agency_meeting_frequency,Technical
board_of_commissioners,Group
board_of_director,Group
board_of_directors_3,Group
board_of_directors_board_of_supervisors,Group
board_of_directors_briefings_representatives_of_the_big_valley_groundwater_sustainability_agency,Other_GSA
board_of_directors_responsible,Group
board_of_directors_technical_advisory_committee_and_advisory_committee,Group
board_of_supervisors5,Group
board_of_supervisors_humboldt_county_board_of,Local_Gov
board_of_supervisors_meeting,Group
board_of_supervisors_of_the_county,County
board_of_supervisors_of_the_county_of_inyo,Local_Gov
board_of_supervisors_resolution_91,Legal
board_of_the,Nonsense
board_of_the_colusa_county_water_district,District
board_of_the_east_kaweahgsa,Other_GSA
board_of_the_glenn_colusa_irrigation_district,District
board_of_the_in_home_support_services_public_authority_of_napa_county,County
board_of_the_lake_berryessa_resort_improvement,Group
board_of_the_maxwell_irrigation_district,District
board_of_the_napa_berryessa_resort_improvement_district,District
board_of_the_santa_rosa_plain_groundwater_sustainability_agency,Other_GSA
board_of_the_sonoma_valley_groundwater_sustainability_agency,Other_GSA
board_of_the_ukiah_valley_basingsa,Other_GSA
board_often,Nonsense
board_on_groundwater_management_strategy_concept,Group
boards_of_directors_and,Nonsense
boards_of_directors_and_appendix_b,Reference
bob_griffith,Person
bod,Nonsense
bof_water_study_group,Group
bogan,Nonsense
bogetti_family_trust,Nonsense
bolsa_management_areas_east,Geographic_Unit
bondy_groundwater_sustainability_plan_development_and_preparation,Technical
bonnie,Person
bonny_doon,City
bonsall,City
bookkeeping_party_of_the_agency,Group
bookman_edmonston_engineering,Company
borings,Technical
boron_total_maximum_daily_load,Legal
bos_resolution_no,Legal
boundary,Nonsense
bouquet_canyon_creek_restoration,Water_Project
bouquet_reservoir_table,Reference
box_b_climate_change,Reference
boyce_et_al,Reference
bp_amoco_et_al,Company
bptc,Nonsense
bracken_brae,Geographic_Unit
brackish_groundwater_project,Water_Project
braitman_associates,Company
branch_of_technical_development_and_quality_systems,Technical
brandy_swisher,Person
branstetter_mill,Infrastructure
breanne_ramos,Person
brecken_cuyama_pleito,Legal
brenda_wey,Person
breported_reference_point,Technical
brian_cypher,Person
brian_ehlers,Person
brian_grant,Person
brian_shaw,Person
brian_teuber,Person
brigadoon,Nonsense
bromochloromethane,Nonsense
bromodichloromethane,Nonsense
bromodichloromethane_dichlorobromomethane,Nonsense
brookside_recharge_facility,District
broom_sedge,Natural_Feature
brown_act20_members_of,Legal
brown_caldwell_report,Technical
browns_valley,Geographic_Unit
brownstein,Nonsense
browse_team,Group
bruce_blayney,Person
bruce_howarth,Person
bruce_spencer,Person
brushy_creek,Natural_Feature
bryan_info,Nonsense
bryan_kelly,Person
bs3_phase,Nonsense
bssc,Group
bt,Nonsense
buckeye_zamora,Local_Gov
budget_adjustment,Nonsense
budget_and_funding_strategy,Technical
budget_for_subbasin_soil_zonea,Nonsense
budget_transfer_nos,Nonsense
bueau,Nonsense
buena,Nonsense
buena_vista_groundwater_sustainability_agency_governance_committee,Group
buena_vista_rancheria_of_me_wuk,Group
buena_vista_road,Nonsense
buenaventura,Nonsense
building_and_environmental_services,Local_Gov
building_department,Group
bulk_fuel_terminals,Infrastructure
bull_creek,Natural_Feature
bulletin_1181,Reference
bulrush_sequoia,Nonsense
bureau_board,Group
bureau_of_land_management_bakersfield_field_office,Federal_Gov
bureau_of_reclamation_carmel,Federal_Gov
bureau_of_reclamation_fish_and_wildlife_service,Federal_Gov
bureau_of_reclamation_for_class,Federal_Gov
bureau_of_reclamation_surface_water_supplies_surface_water_supplies_national_resources_conservation_service,Federal_Gov
bureau_of_sanitary_engineering,State_Gov
burton_mesa_subarea,Geographic_Unit
business_groups_associations,Group
business_interests,Nonsense
butano_formation,Natural_Feature
butano_formations,Natural_Feature
butte_basin,Basin
butte_creek_channel_restoration,Water_Project
butte_lake,Natural_Feature
butte_slough_irrigation_board_meeting,Group
butte_subbasin_advisory_board,Group
butte_tulelake,Natural_Feature
buttonwillow,City
bvgsp,Nonsense
bvid_bvid,District
bvihm_calibration_figure,Reference
bvpp,Nonsense
by_acid_mine_drainage,District
by_others,Nonsense
by_private,Nonsense
by_priviate_landowners,Nonsense
by_source,Nonsense
bylaws_development_review_draft,Reference
bylaws_of_the_agency,Group
bypass_project,Water_Project
byron_bethany_irrigation_district_groundwater_sustainability_agency,Other_GSA
byron_kathleen_mitchell,Person
c2vsimfg_kern_historical_simulation_table_12_sustainable,Reference
c_0_9_9_1,Nonsense
c_16000,Nonsense
c_cooperative,Nonsense
c_dg,Nonsense
c_ed,Nonsense
c_ge,Nonsense
c_jachens,Person
c_pope_valley,Geographic_Unit
c_rc_11,Nonsense
c_rc_7_countywide,District
c_san_joaquin_river_groundwater_information,Natural_Feature
c_stillwater_sciences,Company
c_sustainable_groundwater_management_act_compliance_monitoring_network,Technical
c_total,Nonsense
ca,State_Gov
ca_central_valley_groundwater_surface_water_simulation_model,Technical
ca_state_mandate,Legal
cabazon_storage_unit7,Infrastructure
cable_channel_15,Nonsense
cache_central_valleyp,District
cache_creek_area,Geographic_Unit
cache_creek_casino,Company
cache_creek_p_61,Reference
cache_formation_soil_mechanics_and,Technical
cacheville_community_services_district,District
cacheville_csd_cacheville,District
cachuma_water_conservation_district,District
cadastral,Technical
cadiz,Geographic_Unit
cal,Nonsense
cal_fire,State_Gov
cal_neva,Group
cal_poly_crop,Nonsense
cal_poly_itrc,Group
cal_poly_san_luis_obispo,Local_Gov
cal_trans_shandon_rest,Infrastructure
cal_trout,NGO
cal_utilities,Company
calaveras_county_general_plan_conservation_element,Reference
calaveras_county_rcd,District
calaveras_county_resource,Local_Gov
calculate,Nonsense
calculated_horizontal,Nonsense
calenviroscreen,Data_System
calfed,Group
calfed_bay_delta_erp,Group
calflora,NGO
calibrated_streambed_conductance,Technical
califomia_govemment_code_sections_6506,Legal
califor_nia_soil_resource_lab,Technical
californ_ia,Nonsense
california_american_water_in,State_Gov
california_aqueduct_san_luis_canal,State_Gov
california_aquifer_susceptibility,State_Gov
california_arroyo,State_Gov
california_assembly,State_Gov
california_black_rail_conservation,State_Gov
california_budget_act,State_Gov
california_bulletin,State_Gov
california_business_and_professions,State_Gov
california_central_valley_dairies,State_Gov
california_citrus_state_historical_park,State_Gov
california_climate_action_registry,State_Gov
california_coastal_national_monument,State_Gov
california_coastal_zone,State_Gov
california_code_of_regulations_groundwater_sustainability_plans,State_Gov
california_code_of_regulations_title_22,State_Gov
california_constitution_article,State_Gov
california_constitution_article_x_2,State_Gov
california_county,County
california_dairies_inc_pixley_agricultural,State_Gov
california_department_of_fish_and_game,State_Gov
california_department_of_health_services_division,State_Gov
california_department_of_justice_related,State_Gov
california_department_of_resources,State_Gov
california_department_of_toxic_substances,State_Gov
california_department_of_transportation_office_of_geotechnical_design_north,State_Gov
california_department_of_x_finance,State_Gov
california_division_of_mines_and_geology,State_Gov
california_division_of_oil_and_gas,State_Gov
california_drinking_water_source_assessment_program,State_Gov
california_elevation_monitoring_statewide_groundwater_elevation_monitoring_program,State_Gov
california_endangered_species,State_Gov
california_executive_order_d5_99,State_Gov
california_geological_society,State_Gov
california_government_code_section,State_Gov
california_government_code_section_6066,State_Gov
california_government_code_section_8952,State_Gov
california_government_code_sections_6506,State_Gov
california_groundwate_bulletin,State_Gov
california_groundwater_conditions_update,State_Gov
california_health_and_safety_code_and_titles,State_Gov
california_homemade_food_act,State_Gov
california_independent_community_services_district,State_Gov
california_islands,State_Gov
california_native_american_tribes_united_auburn_indian_community,State_Gov
california_natural_diversity_database_59,State_Gov
california_north_coast_regional_water_quality_control_board_national_pollutant_discharge_elimination_system_permits,State_Gov
california_professional,State_Gov
california_protected_areas_and_wildlife_areas,State_Gov
california_public_utility_commission,State_Gov
california_real_time_network,State_Gov
california_reclamation_district,State_Gov
california_resources_corporation,State_Gov
california_resources_corporation_pipeline,State_Gov
california_rice_commission_irrigated_lands_regulatory_program,State_Gov
california_safe_drinking_water_information_system,State_Gov
california_sawgrass_cladium,State_Gov
california_seven_party_agreement_of,State_Gov
california_state_agency,State_Gov
california_state_board_of_health,State_Gov
california_state_department_of_toxic_substances_control,State_Gov
california_state_legislation,State_Gov
california_statewide,State_Gov
california_statewide_entities,State_Gov
california_statewide_groundwater_elevation,State_Gov
california_sustainable_winegrowing_alliance_et_al,State_Gov
california_upper_lower_aquifer,State_Gov
california_urban_water_management_plan_act,State_Gov
california_urban_water_management_planning_act,State_Gov
california_watch,State_Gov
california_water,State_Gov
california_water_board,State_Gov
california_water_boards_drinking_water_public_water_system_information,State_Gov
california_water_code_13801,State_Gov
california_water_code_regulations_section,State_Gov
california_water_code_section_1063,State_Gov
california_water_code_section_107210,State_Gov
california_water_code_section_107232,State_Gov
california_water_code_section_107238a,State_Gov
california_water_code_section_107278,State_Gov
california_water_code_section_10730,State_Gov
california_water_code_section_10750,State_Gov
california_water_code_section_75570,State_Gov
california_water_service_co,State_Gov
california_water_service_urban_water_management_plan,State_Gov
california_water_services_company,State_Gov
california_yosemite,State_Gov
california_yountville,State_Gov
california_youth_authority,State_Gov
califrwnia,Nonsense
calistoga_and_st_helena,Geographic_Unit
calistoga_planning_area,Geographic_Unit
callitriche_heterophylla_bolanderi,Natural_Feature
calmat_co,Local_Gov
calpella_census_desig_nated_place,Geographic_Unit
calpine_corporation,Company
camanche_dam_reservoir_camanche_reservoir,Infrastructure
camarillo_fault,Natural_Feature
camarillo_heights,Geographic_Unit
camarillo_utility_enterprise,Local_Gov
camino_tassajara,City
camren_d_whitledge,Person
camrosa_opv_management_area_gsa,Other_GSA
can_1062021,Nonsense
canada_verde,Nonsense
canal,Infrastructure
canal_operational_recharge,Water_Project
canal_ranch,Nonsense
canal_reservoir_recharge,Water_Project
canal_system_water_budget,Technical
canonie_environmental,Company
canyon_storage,Infrastructure
capacity,Nonsense
capacity_study_board_of_supervisors,Group
capay_formation,Natural_Feature
capay_valley_non,Group
capelli,Nonsense
capital_improvement_funds,Group
capital_improvements_division,Local_Gov
capital_studies,Technical
capjac,Nonsense
capra_road_railroad_crossing,Infrastructure
cardno,Company
careaga_canyon,Natural_Feature
cargill_salt,Company
carla_gonzalez,Person
carmel,Geographic_Unit
carmel_a_rodriguez,Person
carmel_avenues,Nonsense
carmel_j_angelo,Person
carpinteria_montecito_groundwater_sustainability_agency,Other_GSA
carpinteria_valley,Geographic_Unit
carrick_gazelle,Person
carroll,Nonsense
carson_creek,Natural_Feature
carter,Person
casa,Nonsense
casitas_dam_and_reservoir,Infrastructure
casitas_mutual_water_district,District
casitas_springs_hydrogeologic_areas_coast_live_oak,Geographic_Unit
casitas_system,Infrastructure
castac_management_areas,Geographic_Unit
castac_numerical_model,Technical
castaic_reservoir,Infrastructure
castle_hill,City
castle_oaks,Geographic_Unit
categories_of,Nonsense
cathedral_city,City
causes_significant_and_unreasonable_results_to_beneficial_uses_of_surface_water_groundwater,Legal
cawelo_wd,District
cayan_et_al,Reference
cbaf,Nonsense
ccc,Nonsense
ccid,District
ccr_time,Technical
cdm,Nonsense
ce_the_management_committees,Group
cedar_grove_area,Geographic_Unit
cehrs,Technical
census,Data_System
census_block_groups,Group
census_bureau_data_portal_disadvantaged_community_communications_best_practices,Technical
census_places,Geographic_Unit
center_for_irrigation_technology,Group
centerville_clay,Natural_Feature
centerville_fremont_and_deep_aquifers,Natural_Feature
centerville_fremont_aquifers,Natural_Feature
central_basin_management_area,Geographic_Unit
central_california_irrigation,State_Gov
central_calistoga_subareas_cross_sections,Technical
central_coast_ambient_monitoring_program,Technical
central_coast_regional_extensive,Technical
central_coast_regional_water_quality_control_board_basin_plan_surface,Reference
central_collection,Nonsense
central_interior_limited,Company
central_management_area_groundwater_sustainability_plan_the_committee,Group
central_regional_water_quality_control_board,Group
central_san_joaquin,District
central_santa_cruz_county_water_district,District
central_tendency_climate_change_scenario,Technical
central_valley_office,Local_Gov
central_valley_project_allocation,Water_Project
central_valley_project_central_valley_project,Water_Project
central_valley_project_contract_supplies,Water_Project
central_valley_project_cross_valley_canal_unit,Water_Project
central_valley_project_facilities_delta_cross_channel_the_delta_cross_channel,Infrastructure
central_valley_project_friant_kern_canal_unit_class_1,Water_Project
central_valley_project_improvement_act_central_valley_project_improvement_act,Legal
central_valley_project_operations_5,Water_Project
central_valley_project_supplies,Water_Project
central_valley_project_supplies_madera_irrigation_district_groundwater_sustainability_agency,Other_GSA
central_valley_project_supplies_mc_groundwater_sustainability_agency,Other_GSA
central_valley_salinity_coalition,NGO
central_valley_snmp,Technical
central_valley_water_board_cwd_county_water_district_disadvantaged_community,Group
central_valley_water_board_waste_discharge_requirements_general,Legal
central_valley_wildlife,Natural_Feature
central_washington_university_analysis_center,Technical
centralized_ebp_subbasin_website,Data_System
centralized_non_potable_reuse,Water_Project
centre_national_de_892,Nonsense
cerritos_creek,Natural_Feature
cerro_coso_community_college,Nonsense
certified_unified_program_agencies,Group
cga_board_of_directors,Group
cgps_stations,Technical
ch2,Reference
chabotlos_positas_cc,Local_Gov
chad,Nonsense
chad_blais,Person
chainnan,Nonsense
chair_of_the_board_of_supervisors,Group
chair_of_the_native_advisory_council,Group
chairpersons,Group
chamber,Group
chamber_of_commerce_and_rotary_club,NGO
chamber_of_commerce_association_of_realtors,NGO
chambers_of_commerce,NGO
changes_line,Nonsense
chapter_4,Reference
charadrius,Nonsense
charbeneau,Person
charlene_reece_family_trust,Nonsense
charles_fryer,Person
charles_jennings,Person
charnock,Natural_Feature
charnock_olympic,Infrastructure
charnock_technical_advisory_group,Group
chd,District
checkerbloom,Nonsense
chemical_agent_identification_sets,District
chemical_company,Company
chemist,Nonsense
cherokee,City
chg_project_manager,Nonsense
chiang,Nonsense
china_lake_naval_air_weapons_station,Infrastructure
chino_watermaster,Group
chloride_tce,District
chloroform,Nonsense
cholame_creek,Natural_Feature
chow,Nonsense
chowchilla_district_chamber_of_inform,Group
chowchilla_river,Natural_Feature
chowchilla_river_system,Natural_Feature
chowchilla_rivers,Natural_Feature
chowchilla_subbasin_advisory_committee,Group
chowchilla_subbasin_domestic,Basin
chowchilla_subbasin_domestic_well_mitigation_program,Group
chowchilla_subbasin_groundwater_sustainability_agencies,Group
chowchilla_subbasin_projects,Water_Project
chowchilla_water_district_board_of_directors,Group
chowchilla_water_district_capacity_increase,Water_Project
chowchilla_water_district_groundwater_sustainability_agency_board_of_directors,Group
chowchilla_water_district_interested_management_criteria,Group
chris_lopez,Person
christina,Person
christine_cromenes,Person
christine_thompson,Person
christopher_neely,Person
chrome_crankshaft,Nonsense
chromite,Natural_Feature
chronic_lowering_of_groundwater_levels_sustainable_management_criteria,Legal
chumash_indians,Nonsense
chumash_indians_wastewater_treatment_facility,Infrastructure
chumash_mission_indians_tribal_reservation,Geographic_Unit
cities_of_beaumont_calimesa,Geographic_Unit
cities_of_capitola,Local_Gov
cities_of_davis,Local_Gov
cities_of_davis_dixon,Nonsense
cities_of_huron,Local_Gov
cities_of_mendota,Local_Gov
cities_of_oakley,Nonsense
cities_of_rio_vista,Geographic_Unit
cities_of_turlock,Local_Gov
cities_of_ventura,Local_Gov
cities_of_yountville,Local_Gov
citizens,Group
citizens_advisory_council,Group
citizens_groups,Group
citrus,City
city_4,Nonsense
city_and,Nonsense
city_attorneys_offices,Group
city_calimesa,Local_Gov
city_council_and_board_of_supervisors,Group
city_council_meetings,Group
city_council_of_the_city_of,City
city_council_of_the_city_of_lathrop,City
city_council_of_the_city_of_tracy,City
city_council_of_the_city_of_yucaipa,City
city_data,Technical
city_engineer_to_open_escrow_services,Nonsense
city_limit,Geographic_Unit
city_municipal_domestic,Nonsense
city_of_alhambra,City
city_of_atwater,City
city_of_atwater_general_plan,City
city_of_biggs,City
city_of_buellton_1995,City
city_of_calistoga_sewer_system_management_plan,City
city_of_chowchilla_sphere_of_influence_expansion_municipal_service_review,City
city_of_emeryville,City
city_of_greenfietd,City
city_of_gustine_on_projects_and_management,City
city_of_king,City
city_of_la_verne,City
city_of_marysville_groundwater_sustainability_agency,Other_GSA
city_of_merced_general_plan,City
city_of_napa_napa_sanitation_district,City
city_of_redding_federal_water_management_plan,City
city_of_ridgecrest_sanitation_district,City
city_of_san_bernardino,City
city_of_san_diego_public,City
city_of_san_luis_obispo_city_council,City
city_of_san_mateo,City
city_of_santa_clara,City
city_of_solvang_municipal_code_4,City
city_of_st_helena_municipal_code,City
city_of_tehama,City
city_of_ukiah_water_treatment_department,City
city_of_woodlake,City
city_san_luis_obispo,Local_Gov
city_state,Nonsense
city_to,Nonsense
city_urban_development_boundary,Geographic_Unit
city_urban_water_management_plan,Technical
city_water_commission,Group
city_water_division,Local_Gov
city_water_resources_manager,Nonsense
civic_clubs,Group
civiltec_engineering,Company
clair_a_hill_whiskeytown_dams,Infrastructure
clara_valley,Geographic_Unit
claremont,City
claremont_fault,Natural_Feature
clark,Local_Gov
clarksburg_management_area,Geographic_Unit
class_v_injection_well,Infrastructure
classification,Nonsense
classification_and_assessment_with,Nonsense
classification_wizard,Nonsense
clay_plug,Infrastructure
clay_station_conditions_summary,Technical
clay_water_district_board_of_directors,Group
clayton_coordination,Group
clayton_engstrom,Person
clayton_water_district,District
clean_beneficial,Nonsense
clean_water_letter,Nonsense
clean_water_state_revolving_fund_medium,State_Gov
cleath_and_associates,Company
climate,Natural_Feature
climate_change_data,Technical
climate_change_surface_system_major_components,Technical
climate_daily,Data_System
climate_registry,Data_System
climate_station,Infrastructure
climate_station_sonoma_county_airport,Infrastructure
clock_pumping_flow_rate_cumulative_temp,Technical
clopyralid,District
cm,Nonsense
cma137,District
cma_committee,Group
cma_groundwater_sustainability_agency_board,Group
cmp,District
cnddb_calochortus,Data_System
cnddb_direct,Data_System
cnddb_montia,Technical
coachella_valley,Geographic_Unit
coalinga_feed_yard_phone,Nonsense
coalinga_groundwater_sustainability_agency_city,District
coalinga_groundwater_sustainability_agency_email,Nonsense
coalinga_huron_recreation,Nonsense
coarsegold_regional_conservation_district,District
coast_live_oak_natural_communities,Group
coastal_berry_farms,Company
coastal_commission_commission,Group
coastal_salmonid_population_monitoring_strategy_design_and_methods,Technical
coastal_watersheds_of,Nonsense
cob_2800_recharge,Water_Project
cohasset,City
cohen,Person
colby_pereira,Person
collaborative_opportunities,Nonsense
collect,Nonsense
collected_schedule,Nonsense
collection,Nonsense
college_of_continuing_education,Local_Gov
colonial_heights,Local_Gov
colorado_river,Natural_Feature
colorado_school_of_mines,Local_Gov
columbia_casualty_company,Company
colusa_basin_watershed_management_plan,Technical
colusa_canal,Infrastructure
colusa_county_36,Geographic_Unit
colusa_county_sustainable_groundwater_managementa_meetings,Group
colusa_drain_mutual_water_company,Company
colusa_drain_overall,Natural_Feature
colusa_drain_simulated_average,Technical
colusa_glenn,District
colusa_grass,Natural_Feature
colusa_groundwater_authority_background,Reference
colusa_groundwater_authority_glenn_groundwater_authority,Group
colusa_industrial_properties_conference_room,Infrastructure
colusa_local_agency_formation,Natural_Feature
colusa_subbasin_demand_management,Group
colusa_subbasin_logo,Nonsense
com,Nonsense
comes_online,Nonsense
comment,Nonsense
comments_2,Reference
commercial,Nonsense
committee_executive_committee,Group
committee_meeting,Nonsense
committee_meetings,Nonsense
committees_groundwater_sustainability_agency,Other_GSA
committees_working_groups_advisory_groups_cga_committees_and_advisory_committees,Group
commonly,Nonsense
commonly_associated,Nonsense
commonly_associated_court_tribal_outreach_and_engagement_strategies,Group
commonly_associated_with_groundwater_national_conservation_easement_database_national_conservation_easement_database,Technical
commonly_associated_with_groundwater_vegetation,Natural_Feature
communication_a_communications_engagement_plan,Technical
communication_a_public_outreach_and_engagement_plan,Technical
communication_and_public_outreach_plan,Technical
communication_committee,Group
communication_department_of_water_resources,State_Gov
communication_engagement_forums_member_agencies_governance_briefings,Group
communication_forums_tools_governance_agencies_briefings,Group
communication_plan,Technical
communications_engagement,Group
communications_plan,Technical
community_climate_action_plan,Technical
community_development_element,Reference
community_engagement_forums,Group
community_engagement_plan_for_development_and_adoption_of_a_groundwater_sustainability_plan,Technical
community_facilities_district_no,District
community_government_affairs_manager,Nonsense
community_involvement_workshops,Group
community_of_alpaugh,Geographic_Unit
community_of_arbuckle,Local_Gov
community_of_broad_creek,Natural_Feature
community_of_pixley,Local_Gov
community_organizations_others_community,Group
community_planning_group,Group
community_services_and_facilities,Group
community_services_district_solano,District
community_water_education_initiative_fuels_management_for_watershed_health_potential,Group
como_los,Nonsense
como_los_requisitos_de_presentación_de,Nonsense
como_un,Nonsense
compilation_of_technical_information_records_for,Technical
complainr,Nonsense
complaint_and_petition,Legal
completed,Nonsense
completed_engagement,Nonsense
completion_report_map_application,Reference
compliance_with_objectives,Technical
composition_patsy_tennyson,Nonsense
comyn,Nonsense
conceptual_aquifer_systems,Natural_Feature
conceptual_model_development,Technical
conceptual_water_budget_components_and_linkages,Technical
concerned_scientists,NGO
concerning_annexation_of_the_fort_ord_into_zones_2,Legal
condi_tions,Nonsense
condition_for_implementation_recycled_water_project,Water_Project
condition_for_implementation_the_gsa,Other_GSA
conditionally_approved_groundwater_assessment_report,Technical
conditions_or_constraints_on_implementation_the_hayward,Nonsense
conductance_and_total_dissolved_solids,District
conductivity_kh,Technical
conduit,Infrastructure
confluence_flume,Infrastructure
conformably,Nonsense
conjunctive_use,Technical
conjunctive_use_managed_recharge_in_lieu,Water_Project
conjunctive_use_ponds,Infrastructure
conjunctive_use_programs,Water_Project
conjunctive_use_programs_conjunctive,Group
conjunctive_use_tier_2,Nonsense
connect_to_public_water_system,Natural_Feature
connect_to_public_water_system_public,Nonsense
connected_to_groundwater_figure,Reference
conner,Person
conrow,Person
consensus_building_institute_process_recommendations,Technical
consent_calendar,Technical
conservation_and_agricultural_best_management_practicess,Legal
conservation_and_demand,Nonsense
conservation_council,Group
conservation_element_of_the_wgp,Technical
conservation_methods,Nonsense
conservation_orange_county_water_district,District
conservation_practices_management_action,Nonsense
conserve,Nonsense
conserve_water_resources,Nonsense
consider_adopting,District
consider_approval,District
considerando_el_uso_de_la_tierra,District
considered_environmental_defense_fund,District
consolidated_treatment_facility,District
constant_head,Technical
constructed,Nonsense
construction_abandonment,Nonsense
construction_activities_and_requirements,Reference
construction_funding,Nonsense
construction_of_site_c,Water_Project
consulting_civil_engineers,Company
consumer_confidence_reports,Technical
consumnes_groundwater_sustainability_agency,Other_GSA
consumptive_use_and_agricultural_demand,Technical
contact_information_for_plan_manger_groundwater_sustainability_agency_mailing_address,Nonsense
contains,Nonsense
continental_alameda_formation,Natural_Feature
continue_monitoring,Technical
continues,NA
continuous_gps_stations,Technical
continuous_monitoring,Technical
contra_costa_county_groundwater_sustainability_agency,Other_GSA
contra_costa_county_health_services,Local_Gov
contra_costa_county_ordinance,Legal
contra_costa_health_services_environmental_health_division,Local_Gov
contra_costa_water_district_contra_costa_water_district,District
contract33,Nonsense
contracting_entities_and_interested_parties,Group
contracting_entities_or_interested_parties,Group
contributing_parties_and_stakeholders,Group
control_and_water_conservation_district,District
control_package,Technical
conveyance_system_and_distribution_the_district,District
cook_et_al,Reference
cooperated_use_agreement,Group
cooperative_committee_regular_meetings_the_cooperative_committee,Group
cooperative_committee_special_meeting,Group
cooperative_monitoring_and_adaptive_groundwater_management_agreement,Group
coordinación_para_implementar_múltiples,Group
coordinate,Nonsense
coordination_and,Nonsense
coordination_and_information_sharing_coordination,Group
coordination_committee_structure_and_meetings_the_coordination_committee,Group
coordination_groundwater_sustainability_agency,Other_GSA
coordination_subbasin,Basin
coordination_the_vina_subbasin,Basin
coordination_workgroup_of_the,Group
copernicus,Company
cor_public_works_department,Group
cor_public_works_departments,Group
cordova_creek_maintenance_water_forum,Group
cordua_irrigation_district_cordua_irrigation_district,District
core_team_and,Nonsense
cori_hayman,Person
corixidae,District
corn_camp_projects,Water_Project
corn_camp_water_bank,Water_Project
corn_springs,Natural_Feature
corning_subbasin_agricultural_land,Geographic_Unit
corning_water_district_agricultural_water_management_plan,Technical
corona_disadvantaged_community,Group
corona_elsinore_valley_municipal_water_district_trilogy,District
corona_information,Natural_Feature
corona_management,Nonsense
corona_municipal_code,Legal
corona_norco,Local_Gov
corona_on,Geographic_Unit
corona_service_area,Geographic_Unit
coronita,City
corral_de_piedras,Natural_Feature
corral_de_tierra_area_water_budget_zone,Geographic_Unit
corral_de_tierra_management_areas,Geographic_Unit
correctional_training_facility,Nonsense
cory_bantilan,Person
coso_ranges,Natural_Feature
costa,Nonsense
costa_rica,Geographic_Unit
costs_and_funding_construction,Reference
costs_and_funding_plan,Technical
costs_capital,Nonsense
costs_cost_category_fiscal_year,Technical
cosumes_basin_coordinates,Geographic_Unit
cosumnes_chinook_salmon,Natural_Feature
cosumnes_depth,Technical
cosumnes_groundwater_subbasin,Basin
cosumnes_pio,District
cosumnes_river_flow_monitoring_program,Technical
cosumnes_subbasin_groundwater_sustainability_agency,Other_GSA
cosumnes_sustainable_groundwater_management_act_working_group,Group
cottonwood_creek_wildlife_areas,Geographic_Unit
council_appointed_officers,Group
council_chamber_and_virtual_platform,Infrastructure
council_meetings,Group
council_of_the_city_of,City
counties_general_plans,Technical
county_additional_water_use,Geographic_Unit
county_assessor,Local_Gov
county_basin,Basin
county_board_of_supervisors_or_city_council,Group
county_clerk,Local_Gov
county_code,Legal
county_department_of,Nonsense
county_department_of_environmental_health,Local_Gov
county_department_of_environmental_health_and_quality,Local_Gov
county_department_of_environmental_health_services,Local_Gov
county_district_attorneys,Local_Gov
county_division_of_environmental_health_and_county_office_of_emergency_services,Local_Gov
county_environmental_health_services,Local_Gov
county_farm_bureau,NGO
county_flood_control_and_water_conservation_district,District
county_flood_control_water_conservation_district,District
county_flood_maps,Technical
county_groundwater_ordinance,Legal
county_indemnity,Nonsense
county_monterey_county,County
county_mou_management_area_the_county_mou_management_area,Geographic_Unit
county_of_calaveras,County
county_of_inyo_public_geographic,Local_Gov
county_of_los_angeles_county,County
county_of_merced_chowchilla_groundwater_sustainability_agency,Other_GSA
county_of_riverside_wells,District
county_of_sacramento_public_works,Local_Gov
county_of_san_bernardino_board_of_supervisors,Group
county_of_san_francisco_superior,Local_Gov
county_of_san_joaquin,County
county_of_san_luis_obispo_board,Group
county_of_san_luis_obispo_department_of_planning,Local_Gov
county_of_san_luis_obispo_engineer,Local_Gov
county_of_santa,Local_Gov
county_of_santa_barbara_public,Local_Gov
county_of_sutter_groundwater_sustainability_agency,Other_GSA
county_of_tulare_general_plan,Technical
county_of_tuolumne_resolution,Legal
county_office_of_emergency_services,Local_Gov
county_operations_center,Infrastructure
county_ordinance,Legal
county_planning,Local_Gov
county_planning_commission,Group
county_public_works,Local_Gov
county_public_works_department,Group
county_resolution_no,Nonsense
county_roads,Infrastructure
county_santa_ynez_river_water_conservation_district,District
county_santa_ynez_riverwcd,District
county_service_area_50,District
county_service_areas_10a,District
county_stormwater,Local_Gov
county_water_authority_act,Legal
county_water_resources_agency,Group
county_water_well_ordinance_no,Legal
county_water_works_district_42_community_advocacy_committee,Group
county_waterworks_district,District
county_well_ordinance_4468,Legal
countywide_water_and_wastewater_municipal_supply_review,District
cov,Nonsense
covid19_pandemic_budget_budget_amendment_for,District
cowin,Nonsense
cps,Company
crafton_hills_reservoir,Infrastructure
craig_finster,Person
crasnean,Nonsense
creamline_basin_northeast_cell,Geographic_Unit
create_a_transparent_inclusive_collaborative_process_for_groundwater_sustainability_agency_formation_stakeholders,Group
creation_and_implementation_of_the_freeport_freeport_regional_water_authority,Group
creek_subbasin,Basin
creely,Nonsense
creely_and_force,Person
creston_elementary_school,Nonsense
criteria_b,Reference
criteria_survey,Technical
criterion_1_5,Reference
critical_species_lookbook_appendix_i_species_relevant,Reference
critical_water_supply_areas,Geographic_Unit
crockett,City
crop2014,Data_System
crop_estimation_techniqueaw,Nonsense
crop_etaw,Technical
crop_livestock_report,Technical
cropland_data_layer,Technical
crops_eighteen,Nonsense
cross_boundary_projects,Water_Project
cross_ca_dept_of_water_cnl_weir_action_trigger,Technical
cross_section_b,Reference
cross_section_development_cross,Reference
cross_section_ff_ff,Reference
cross_sections_cross,Technical
cross_sections_d,Technical
cross_valley_canal,Infrastructure
crwqcb,District
crystalline_rock,Natural_Feature
crónico_del_nivel_de_las_aguas_subterráneas_se,Technical
cs,Nonsense
csa,Nonsense
csg_consultants,Company
csu_fresno_foundation,NGO
csubject_to,Nonsense
cty,Nonsense
cu,Nonsense
cultural_resources,Natural_Feature
culver,Local_Gov
cumorah_knolls,Geographic_Unit
cumula,Nonsense
current_data_sources_and_analysis,Technical
current_historical_water_budget,Technical
current_monitoring_network_1_on_monitoring,Technical
current_monitoring_network_number_of_number_of,Technical
current_year_agriculture,Nonsense
curt_holmes,Person
curtis_paxton,Person
cutler_orosi_surface_water_plant_authority,Group
cuvhm,Technical
cuyama_basin_data_management_system,Technical
cuyama_basin_water_resources_model_grid_analysts,Technical
cvgsm,Technical
cvhm,Technical
cvp_contractors,Group
cvp_imported_water_two_management_areas,Geographic_Unit
cvp_supplies,Water_Project
cvsalts,Group
cwc_section_10723b,Reference
cwc_sections_10780,Legal
cwd,District
cwd_2011,District
d5,Nonsense
d_a_ponce,Person
d_based,Nonsense
d_city,Nonsense
d_enforcement_agency,Group
d_liebersbach,Person
d_schmidt,District
d_williams,Person
dacs_changes,Technical
daily_root_zone_simulation,Technical
dairy_facilities,Nonsense
dairy_industry,Nonsense
damon_point,Natural_Feature
dan_bouse,Person
dan_howes,Person
dana_stuart,Person
daniel_b_steiner,Person
daniel_chavez,Person
daniel_j_ohanlon,Person
daniel_wilber,Person
danville,City
data_acquisition,Technical
data_aggregation_and_field_classification_field,Technical
data_analysis,Technical
data_and_assumptions,Technical
data_and_reporting_standards_table,Reference
data_center_climate_data_online,Technical
data_collection,Technical
data_collection_and_management,Technical
data_county_administration_management_system,Technical
data_data,Technical
data_entry_data,Technical
data_evaluation_methodology,Technical
data_exchange_center_website,Technical
data_export_and_interaction_data,Technical
data_formats_several_american_standard_code_for_information_interchange,Technical
data_gap_analysis,Technical
data_gap_filling_efforts,Technical
data_gap_study,Technical
data_gaps_and_uncertainty,Technical
data_gaps_estimated_costs_contour_mapping,Technical
data_interpretation_and_results_simulation,Technical
data_management_and_reporting_milestones,Technical
data_management_areanagement_system_management_areaintenance,Technical
data_management_data,Technical
data_management_quality_assurance,Technical
data_management_specialist,Technical
data_management_system_3562b4,Technical
data_management_system_a_alyson_watson,Technical
data_management_system_and_data_reporting_data,Technical
data_management_system_chromium_total,Technical
data_management_system_data,Technical
data_management_system_development_and_functionality,Technical
data_management_system_hosting_gei,Technical
data_management_system_monitoring,Technical
data_management_system_overview,Technical
data_processing_processing,Technical
data_quality_objectives,Technical
data_sources_data,Technical
data_structure,Technical
data_tracking,Technical
datasets_downscaling,Technical
dataviewer,Technical
date,Nonsense
daulton_station,Infrastructure
davenport,City
david_bean,District
david_ceppos,District
david_jacks_corporation,District
david_mcmichael,District
david_taussig_associates,District
david_vigil,District
davis_fadtke_k,Person
davis_staff,Nonsense
db,Nonsense
ddt,Nonsense
de_gestión_la_sección_4,Nonsense
de_leon,Person
de_minimis,Legal
de_más_del_10,Nonsense
de_sabla_centerville,District
deadman,Natural_Feature
dear_board_of_directors,Group
debbie_liebersbach,Person
decentralized_non_potable_reuse,Water_Project
decomposition_decomposition,Nonsense
dedicated_outreach_to_tribal_interests_plumas_county,County
deep,Nonsense
deep_aa,Nonsense
deep_aquifer_system_primary,Natural_Feature
deep_percolation_of_direct_precipitation,Natural_Feature
deep_water_desal_llc,Company
deep_wells,Infrastructure
deer_creek_and_tule_river_authority_groundwater_management_plan_memorandum,Reference
deer_creek_instream_flow_enhancements_and_conjunctive_use_management_projects_trout_unlimited,Water_Project
deer_creek_stream_flow_stream,Natural_Feature
deer_creek_streambed,Natural_Feature
defense,Nonsense
defense_base_closure_and_realignment_act,Legal
define_como_el,Nonsense
definition_of,Nonsense
degradation_of_water_quality,Natural_Feature
degradation_of_water_quality_undesirable_results,Technical
degraded,Nonsense
deir,Legal
del_agua,Nonsense
del_agua_forman_agencias_de_ayudar_sostenibilidad_de_las_aguas_subterráneas,District
del_puerto_canyon_reservoir_project,Water_Project
del_rey_lagoon,Natural_Feature
delano_earlimart_irrigation_district_general_fund,District
delano_earlimart_irrigation_district_groundwater_sustainability_agency_manager,Person
delano_earlimart_irrigation_district_pixid_ground_water,District
delhi_municipal_advisory_council,Group
delineated,Nonsense
delivered,Nonsense
deliveries_flows_valley,Geographic_Unit
delta_area,Geographic_Unit
delta_mend_and_minimum_thresholds,Technical
delta_mendota_groundwater_sustainability_plan_group,Group
delta_mendota_subbasin_groups,Group
delta_mendota_subbasin_sustainable,Basin
delta_mendota_water_authority,Group
delta_newton_raphson,Technical
delta_protection_commission_delta_stewardship_council_the_delta_protection_commission,Group
delta_requirement_improvement_act,Legal
delta_smelt,Natural_Feature
delta_stewardship,Group
demand_management,Technical
demand_management_flood_risk_reduction_enhanced_recharge_surface_water_conveyance_supply_augmentation_management_actions,Nonsense
demands_grapevine_project,Water_Project
demarco,Nonsense
denise_england,Person
density,Nonsense
density_of_monitoring_sites_and_frequency_of_measurement,Technical
denver,Local_Gov
denver_federal_center,Infrastructure
department_of_commerce,Federal_Gov
department_of_conservation_cortez_avesgem,State_Gov
department_of_defense_gc,Federal_Gov
department_of_defense_quality_systems,Federal_Gov
department_of_defense_quality_systems_manual_for_environmental_laboratories,Reference
department_of_developmental_services,State_Gov
department_of_fish_and_wildlife_and_the_nature_conservancy,Group
department_of_fish_and_wildlife_california_natural_diversity_database,State_Gov
department_of_fish_and_wildlife_comment_6,Nonsense
department_of_fish_and_wildlife_department_of_water_resources,State_Gov
department_of_fish_and_wildlife_headquarters,State_Gov
department_of_fish_and_wildlife_private_duck_pond_groundwater_dependent_ecosystem_evaluation_unit,Technical
department_of_fish_and_wildlife_sensitive_natural_communities_list,Reference
department_of_fish_and_wildlife_special_animals_list,Reference
department_of_fish_and_wildlife_the_department_of_fish_and_wildlife,State_Gov
department_of_interior,Federal_Gov
department_of_land,State_Gov
department_of_pesticide_regulation_department_of_pesticide_regulation_department_of_water_resources,District
department_of_pesticide_regulation_surface_water_protection_program,District
department_of_planning_development_services,Local_Gov
department_of_public_health_primary_station_code,Legal
department_of_public_works_and_planning,Local_Gov
department_of_regional_planning,Local_Gov
department_of_resources_recycling_and_recovery,State_Gov
department_of_resources_recycling_and_recovery_for,State_Gov
department_of_resources_recycling_and_recovery_for_beverage_container_recycling_city_county_payment_programs,State_Gov
department_of_the_interior,Federal_Gov
department_of_the_navy_1,Federal_Gov
department_of_water_and_resource_conservation,Local_Gov
department_of_water_f_projected_population_growth,Nonsense
department_of_water_resources_2016,Reference
department_of_water_resources_2018,Reference
department_of_water_resources_2070,State_Gov
department_of_water_resources_76726,State_Gov
department_of_water_resources_basin_4_007,State_Gov
department_of_water_resources_basin_no,State_Gov
department_of_water_resources_basin_number_3049,State_Gov
department_of_water_resources_basins_no,State_Gov
department_of_water_resources_bmp_sustainable_management_of_groundwater,Technical
department_of_water_resources_bulletin_132,Reference
department_of_water_resources_california_elevation_monitoring,State_Gov
department_of_water_resources_data_format_spatial_resolution_temporal_resolution,Technical
department_of_water_resources_defined_basin,Basin
department_of_water_resources_department_of_water_resources_ema,State_Gov
department_of_water_resources_department_of_water_resources_groundwater_sustainability_agency,Other_GSA
department_of_water_resources_disadvantaged_community_mapping_tool,Data_System
department_of_water_resources_division_of_planning_and_local_assistance,State_Gov
department_of_water_resources_division_of_safety_of_dams,Infrastructure
department_of_water_resources_engagement_with_tribal_governments14,Reference
department_of_water_resources_european_space_agency,Group
department_of_water_resources_extensometers,State_Gov
department_of_water_resources_folsom_south_canal,Infrastructure
department_of_water_resources_for_groundwater_sustainability_plan_implementation_of_a_metering_and_infrastructure_network,State_Gov
department_of_water_resources_global_positioning_system_survey_data,Technical
department_of_water_resources_grants,State_Gov
department_of_water_resources_groundwater_bulletin,Technical
department_of_water_resources_groundwater_sustainability_agency,Other_GSA
department_of_water_resources_guidance_document_for_groundwater_sustainability_plan,Technical
department_of_water_resources_integrated_regional_water_management,State_Gov
department_of_water_resources_interested,State_Gov
department_of_water_resources_land_iq,State_Gov
department_of_water_resources_land_use_surveys,Technical
department_of_water_resources_mapping_tool,Data_System
department_of_water_resources_meeting,Group
department_of_water_resources_natural_communities_associated_with_groundwater,Natural_Feature
department_of_water_resources_natural_communities_commonly_associated,Technical
department_of_water_resources_northern_district,District
department_of_water_resources_po_box,Nonsense
department_of_water_resources_preparation_checklist,Reference
department_of_water_resources_reclamation_subsidence_monitoring,Technical
department_of_water_resources_records,State_Gov
department_of_water_resources_southern_region_office_tribal_liaison,State_Gov
department_of_water_resources_spring_fall,State_Gov
department_of_water_resources_statewide_groundwater_elevation_monitoring_network,Technical
department_of_water_resources_sub_basin,Basin
department_of_water_resources_subbasin_boundaries,Data_System
department_of_water_resources_sustainable_groundwater_management_act_basin_prioritization_tool,Technical
department_of_water_resources_sustainable_groundwater_management_act_data_portal,Technical
department_of_water_resources_sustainable_groundwater_management_act_website,Data_System
department_of_water_resources_sustainable_groundwater_management_grant,State_Gov
department_of_water_resources_sustainable_groundwater_managementa,State_Gov
department_of_water_resources_sustainable_groundwater_managementa_data_viewer,Technical
department_of_water_resources_sustainable_management_criteria_best_management_practices,Legal
department_of_water_resources_sustainable_management_criteria_bmp,Legal
department_of_water_resources_technical,Technical
department_of_water_resources_the_variable_operation_maintenance,State_Gov
department_of_water_resources_tre_altamira,State_Gov
department_of_water_resources_water_companyr,Nonsense
department_of_water_resources_well_standards_publications,Reference
depletion_evaluation,Technical
depletion_of_interconnected_surface_water_current,Technical
depletion_of_interconnected_surface_water_page,Reference
depletion_of_interconnected_surface_water_permanent,Technical
depletion_of_interconnected_surface_water_sustainability_indicator_mts,Technical
depletion_of_interconnected_sw_smc,Technical
depletions_of_interconnected_surface_water_sustainability_indicator,Technical
depletions_of_interconnected_surface_waters,Technical
depositional,Nonsense
dept_of_food_and,Nonsense
derek,Nonsense
derek_yurosek,Person
descenso_del_nivel_de_las_aguas_subterráneas_en,Nonsense
described_in_section_54_and,Reference
description_clarksburg_management_area,Geographic_Unit
description_delano_earlimart_irrigation_district,District
description_intra_western_management_area,Geographic_Unit
description_of_beneficial_uses_and_users,Technical
description_of_conditions_in_each_ma,Reference
description_of_historical_cumulative_change,Technical
description_of_management_area,Geographic_Unit
description_of_sustainability_goal,Nonsense
description_of_water_resources_monitoring_and_management_programs,Technical
description_the_regional_solution,Nonsense
desert_water_agency_groundwater_sustainability_agency_newspaper,Nonsense
designated_uses,Legal
destroy,Nonsense
detai,Nonsense
detected_above,Nonsense
determines,Nonsense
develop_a_potable_water_supply,Water_Project
develop_an,Nonsense
develop_domestic_well_management_program,Water_Project
develop_implement,Nonsense
develop_stakeholder_incentive_programs,Nonsense
developed_dixon,Geographic_Unit
developed_for_implementation_vineyard_and,Nonsense
development_and,Nonsense
development_approach,Nonsense
development_goals_and_policies,Legal
development_of_5year,Nonsense
development_of_basin_management_objectives,Technical
development_of_groundwater_allocation_per_acre,Technical
development_of_hydrogeologic_conceptual_model_and_aquifer_parameters_8,Technical
development_of_projected_water_budget_scenarios,Technical
development_of_public_data_coordination,Technical
development_of_uniform_criteria_for,Nonsense
development_of_united_states_geological_survey_integrated_hydrologic_model,Technical
development_review_services,Local_Gov
development_services_department,Group
development_support,Nonsense
dfg,Nonsense
diablo_hills,Natural_Feature
diagram_of_levels,Reference
diamond_joy,Nonsense
diane_cardwell,Person
diane_kennedy,Person
dibblee_et_al,Reference
dibromochloropropane,Nonsense
dichlorobromomethane_bdcme,Nonsense
diego,Nonsense
digital_e_blast,Nonsense
digital_elevation_nwt,Technical
digital_general_soil_map,Reference
digital_interested_parties_list,Group
digital_national_spatial_reference_system,Data_System
digitalglobe,Company
dinoseb,Nonsense
direct_delivery_for_municipal_use,Water_Project
direct_delivery_for_municipal_use_permits,Legal
direct_installation_programs,Group
direct_loan_grant,Legal
direct_precipitation,Natural_Feature
direct_public_works_to_video,District
direct_read_manual_turbine,Infrastructure
direct_recharge_direct,Technical
directors,Group
disadvantaged_communities_blocks,Geographic_Unit
disadvantaged_communities_data,Technical
disadvantaged_communities_places_boundaries,Geographic_Unit
disadvantaged_community_block_group,Group
disadvantaged_community_boundaries,Geographic_Unit
disadvantaged_community_d,Technical
disadvantaged_community_mapping_tools,Technical
disadvantaged_community_or_public_water,Geographic_Unit
disadvantaged_community_per_bureau,Data_System
disclaimer_for_climate_change_data,Technical
discrete,Nonsense
discuss,Nonsense
discuss_groundwater_sustainability_agency,Other_GSA
discussed_in_section_3331,Reference
discussion_streamflow,Technical
disposal_and_reuse_of_fort_ord,Legal
distribute_formal,Nonsense
distributed,Nonsense
distributed_stormwater_collection_and_managed_aquifer,Natural_Feature
distributes,Nonsense
district_canal_state_water_resources_control_board,Group
district_court_of_appeals,Nonsense
district_farmers,Group
district_geology,Technical
district_office,Local_Gov
district_well_4,Infrastructure
districts_boards_of_directors,Group
div_20,Nonsense
div_43,Nonsense
div_59_water_rights,Legal
division_12,Legal
division_13_of_the_public_resources_code,Legal
division_2_of,Nonsense
division_2_of_the_revenue_and_taxation_code,Legal
division_6,District
division_7_of_title_1_of_the_california_government_code,State_Gov
division_9_of_the_public_resources_code,Legal
division_disadvantaged_communities_oil_field_of_drinking_water,Nonsense
division_of_drink_ing_water,State_Gov
division_of_drinking_water_primary_station_code,Legal
division_of_integrated_regional_water_manage_ment_department_of_water_resources_north_central_region_office,State_Gov
division_of_integrated_regional_water_medium,State_Gov
division_of_oil_gas,State_Gov
division_of_oil_gas_and_geothermal_resources,State_Gov
division_of_regional_assistance,State_Gov
division_of_water_rights,State_Gov
division_subunit,Nonsense
divisions,Nonsense
dixie,Geographic_Unit
dixon_planning_area,Geographic_Unit
dixon_post_office,Nonsense
dixon_unified_school_district_and_the_dixon_family_and_children_services,Nonsense
djstinct,Nonsense
dm_ii,Technical
dmb_coordination_agreement,Group
dmgb,District
dnpc,Nonsense
do,Nonsense
doctrine_of_mutual_prescription,Legal
document_for_sustainable_groundwater_management,Reference
documents1_sustainable_groundwater_management_act,Legal
dof_county,County
dokka,Nonsense
domain_boundary,Geographic_Unit
domaine_chandon,Company
domestic_well_project,Water_Project
domestic_well_project_groundwater_quality_data_report,Technical
domestic_wells,Infrastructure
dominion_energy,Company
doreen_chapter,Nonsense
doreen_dadamo,Person
dosd,Nonsense
doug_w,Person
douglas_mankin,Person
dow_chemical,Company
dow_chemical_company,Company
download,Nonsense
downstream_kaweah,Geographic_Unit
doyle_scholarship,Nonsense
draft_biological_opinion,Technical
draft_chapter_3_and,Reference
draft_chapter_4,Reference
draft_communication_engagement_plan,Technical
draft_groundwater,Nonsense
draft_groundwater_sustainability_plan_creation,Technical
draft_groundwater_sustainability_plan_outreach_meetings,Technical
draft_groundwater_sustainability_plan_public_comments,Reference
draft_hydrogeologic_conceptual_model_chapter,Technical
draft_lines_115116,Nonsense
draft_lines_1163,Reference
draft_lines_93,Reference
draft_projects_and_management_actions_presentation_and_discussion_elisa_garvey,Nonsense
draft_sustainable_management_criteria_best_management_practice,Technical
draft_sustainable_management_criteria_best_management_practice_httpswatercagovprogramsgroundwater_management_sustainable_groundwater_management_actgroundwatermanagement_bestmanagementpracticesandguidancedocuments,District
draft_sustainable_management_criteria_bmp,Technical
draft_technical_memorandums,Technical
drain_package,Technical
drainages,Natural_Feature
drains,Natural_Feature
drilled,Nonsense
drinc_portal_annual_reports,Technical
drinking,Nonsense
drinking_uranium,Nonsense
drinking_water_and_environmental_management,Group
drinking_water_division_of_state_waterboards,Group
drinking_water_observation_program,Technical
drinking_water_source_assessment_and_protection,Technical
drive,Nonsense
drought_management_program,Group
drttj,Nonsense
duck_stamp,Nonsense
due,Nonsense
dune_subbasin,Basin
dunne_st,Geographic_Unit
dunnigan_hills_management_area,Geographic_Unit
duplicate_rs,Nonsense
dust_control_mitigation_program_project_description_section,Reference
dutch_slough_restoration_project,Water_Project
duzel_formation_op_basement,Natural_Feature
dv,Nonsense
dwight,Person
dwsap_program,Group
dğăŵɖɖƌžăđś,Nonsense
dğăŵɖɖƌžăđś_lsce,Nonsense
dğăŵɖɖƌžăđś_lsce_team,Nonsense
e4,Nonsense
e523_differences_in_sustainable,Reference
e_board_of_directors,Group
e_boat,Nonsense
e_dual,Nonsense
e_lindmore_st,Geographic_Unit
e_the_ebp_subbasin_deep_aquifer,Natural_Feature
each_groundwater_sustainability_agency_board,Group
each_management_team_committee,Group
each_objective,Nonsense
each_public_workshop,Group
each_subbasin_management_area,Geographic_Unit
each_year,Nonsense
eagle,Nonsense
eagle_fd,District
earlimart_public_utilities_district,District
earth_rotation_service,Nonsense
east_bay_leadership_council_water_task_force,Group
east_bay_municipal_utilities,District
east_bay_municipal_utilities_district,District
east_bear_creek,Natural_Feature
east_bear_creek_unit,District
east_branch,Natural_Feature
east_branch_aqueduct,Infrastructure
east_butte,Geographic_Unit
east_contra_costa_subbasin_communications,Group
east_palo_alto,City
east_san_joaquin_river_watershed_coalition,Group
east_san_joaquin_water_quality_coalition_board_of_directors,Group
east_side_canal_intake,District
east_spv,District
east_stanislaus_regional_water_management_partnership,Group
east_tulare_villa,City
east_turlock_subbasin_groundwater_sustainability_agency_agricultural_recharge_project,Water_Project
east_turlock_subbasin_groundwater_sustainability_agency_project_upland_pipeline_project,Water_Project
east_turlock_subbasin_groundwater_sustainability_agency_projects,Water_Project
east_turlock_subbasin_groundwater_sustainability_agency_tac_special_meeting,Group
east_ukiah,Geographic_Unit
east_yosemite_ave,Nonsense
eastern_bvihm,Data_System
eastern_kern_county_resources_conservation_district,District
eastern_mountains_limited,Company
eastern_mountains_subarea,Geographic_Unit
eastern_san,Nonsense
eastern_san_2025,Reference
eastern_san_joaquin_county,County
eastern_subbasin_cross_section_development_cross,Reference
eastern_tule_groundwater_sustainability_agency_boundaries_jurisdictional_areas,Geographic_Unit
eastman_lake,Natural_Feature
eastside_aquifer_subbasin_groundwater_sustainability_plan,Technical
eastside_canal_intake,District
eastside_water_district_as_agency,Group
eblasts,Nonsense
ebmud_groundwater_sustainability_agency_board_of_directors,Group
eclay,Natural_Feature
economic,Nonsense
economic_and_social_responsibility,Nonsense
economic_research_service,Federal_Gov
ecorp_consulting,Company
ecosystems,Natural_Feature
ecuador,State_Gov
ed,Nonsense
eda6,Nonsense
eddie_gallegos,Person
eddy_teasdale,Person
edit,Nonsense
edmunston,Nonsense
edna_valley_growers_mwc,District
education_and_outreach_management_actions,Group
education_and_outreach_management_actions_regular_communication,Technical
education_and_outreach_wellhead_requirements,Legal
education_outreach,Group
educational_materials,Technical
edward_a_schlotman,Person
edward_t_henry,Person
eel_river_groundwater_working_group,Group
eel_river_valley_basin_intertidal_zone,Geographic_Unit
efforts,Nonsense
egypt,Geographic_Unit
eir,Nonsense
ekcrcd16,Nonsense
eki_environment_water,Nonsense
el,Nonsense
el_almacenamiento_de_aguas_subterráneas_y_el_progreso_en_la_implementación_del_plan,Technical
el_bosque_mutual_water_company,Company
el_capitan_reservoir,Infrastructure
el_condado_de_napa,Local_Gov
el_nido_canal_improvement_project,Water_Project
el_nino_southern_oscillation,Natural_Feature
el_niño,Natural_Feature
el_número,Nonsense
el_peco,Basin
el_rico_tri_county,County
el_rincon,Geographic_Unit
el_rio_del_norte_area_plan,Technical
el_rio_wellfield,Infrastructure
el_segundo,City
el_toro_study,Reference
el_uso,Nonsense
electronic_annual_report,Technical
electronic_water_rights_information_management_system,Technical
elements_guide_1,District
elizabeth_kraft,Person
elk_grove_water_service,District
elkhorn_property_recharge_project_and,Water_Project
elkhorn_slough_ecological_reserve,Natural_Feature
elkhorn_slough_state_marine_conservation_area,Geographic_Unit
elkhorn_state_marine_reserve,Natural_Feature
ellestad_trust,NGO
elrod,Nonsense
elsinore_hydrologic_area,Geographic_Unit
elsinore_maximum_benefit_proposal,Legal
elsinore_subbasin_groundwater_sustainability_plan_development_update_wiersema,Reference
elsinore_valley_municipal_water_district_integrated_resources_plan,Technical
ema_citizen_advisory_group,Group
emerson_creek,Natural_Feature
emily_m_taylor,Person
emys,Nonsense
en_el_condado,Nonsense
encourages_active_involvement_establishment_of,Nonsense
energy_llc,Company
energy_passive_groundwater_recharge_product,Nonsense
engineers,Group
engineers_army_corps_of_engineers,Federal_Gov
enhanced_recycled_water_feasibility_study,Technical
enhancement_of_pf15j_extension_of,Nonsense
enterprise_water_management,District
entre,Nonsense
environ,Company
environment_assessments,Technical
environmental_assessments,Technical
environmental_awareness,Nonsense
environmental_community_organizations,Group
environmental_compliance_specialist,Person
environmental_defense_fund_and,NGO
environmental_defense_fund_t10000003428_mw4,NGO
environmental_groundwater_committee,Group
environmental_health,Nonsense
environmental_health_division_of,Nonsense
environmental_impact,Legal
environmental_justice,Legal
environmental_process,Nonsense
environmental_quality_act_considerations,District
environmental_quality_act_considerations_development,District
environmental_quality_act_medium_santa_barbara_county,County
environmental_quality_act_negative_declaration,Legal
environmental_quality_act_review_operations_monitoring_management_administration_plan,Technical
environmental_scientist_settleable_solidsho,District
environmental_services_cooperative_agreement,Group
environmental_simulations,Technical
environmental_utilities_department,Group
environmental_water_account,Technical
epworth_gravels_management_area_historical,Geographic_Unit
equation_2,Technical
equation_3_1,Reference
equipment_blanks_collection,Nonsense
eraut,Nonsense
eric_brennan,Person
eric_o_larsen,Person
eric_quinley,Person
eric_senter,Person
eric_swenson,Person
erickson_ranch,Nonsense
erik,Person
erratum,Nonsense
es15_ensuring_groundwater_conditions_in_the_subbasin41_management_action,Reference
es16_ensuring_groundwater_conditions_in_the_subbasin43_management_action,Water_Project
es2_basin,Basin
es54_group_1_management_action_4,Nonsense
es7,Nonsense
es_11_model_discretization,Technical
es_30_sustainable_management_criteria,Reference
esi,Nonsense
esjgwa_board_of_directors,Group
essential_groundwater_sustainability_plan_planning,Technical
establish_measurement_of_agricultural_extraction_planning,Legal
establishing_committees,Group
establishing_degradation_of_water_quality_measurable_objectives,Legal
estadísticamente,Nonsense
estimate,Nonsense
estimated_annual,Nonsense
estimated_project,Water_Project
estimates,Nonsense
estrada,Nonsense
estrella_el_pomar_creston_water_district,Other_GSA
estuary_21,Natural_Feature
et_2070,Nonsense
etchegoin_formations,Natural_Feature
ethylene_dibromide,District
eugene_camozzi,Person
european_radar_observatory,Infrastructure
euthamia,Natural_Feature
ev04_edna_valley09,Basin
evaluation_of_basin_optimization_scenarios,Technical
evaluation_of_multiple_minimum_thresholds,Technical
evapotranspiration_change_factors,Technical
evapotranspiration_coefficient,Technical
evapotranspiration_evapotranspiration,Technical
evapotranspiration_inputs_daily,Data_System
evapotranspiration_of_applied_water,Technical
evelyn_young_spath,Person
evt_package,Technical
ew_merritt_farms,Local_Gov
ewing_et_al,Reference
ex,Nonsense
exceedance_pesticide,District
exceeds,Nonsense
except,Nonsense
excess_irrigation,Nonsense
excess_water_supplies,Nonsense
exchange_contractors_groundwater_sustainability_plan_group,Group
excluded,Nonsense
excluded_20000,Nonsense
exclusive_agencies,Group
exclusive_agricultural,Geographic_Unit
exclusive_agriculture,Nonsense
executive_committee_regular_meeting_aug,Group
executive_office,Group
executive_order,Legal
executive_order_n2920_effective_n_a_n_a,Legal
exemptible,Nonsense
exhibit,Reference
exhibits_a,Reference
exhibits_a1,Reference
existentes,Nonsense
existing_water_resource_management_programs,Group
expand_castroville_seawater_intrusion_project,Water_Project
expand_groundwater_level_and_quality_monitoring,Technical
expand_use_of,Nonsense
expanded_basin,Basin
expansion_delivery_pipeline_project,Water_Project
expansion_of_the_city_results,Nonsense
extant_cicindela,Nonsense
extant_oncorhynchus,Natural_Feature
extension_farm_advisor,Local_Gov
extensometers_aquifer,Natural_Feature
external,Nonsense
external_communication_external,Nonsense
external_watershed_pumping,Nonsense
extraction_facilities,Infrastructure
extraction_projects,Water_Project
exxon_mobil,Company
exxonmobil_et_al,Company
f_corcoran_clayid_class_2,District
f_operational,Nonsense
f_stakeholder_advisory_committees,Group
fabela_rodriguez,Person
facebook_instagram,Company
facies_f_figure,Reference
facilitation,Nonsense
facilitation_and_support_services,Nonsense
facilitation_support_services_program,Group
facilitation_team,Group
facilitator_request_committee,Group
fact_sheets,Reference
fair_oaks_formation,Natural_Feature
fair_oaks_water_district_coordination,Group
falls,Natural_Feature
fanglomerates,Natural_Feature
fao_56,Reference
farber_schreck,Company
farm_bureau_offices,Group
farm_evaluation_surveys,Technical
farm_loan,Nonsense
farm_package,Technical
farmers,Group
farmers_water_district_board_of_directors,Group
farmers_water_district_groundwater_sustainability_agency_board,Group
farmers_water_district_recharge_and_recovery,Water_Project
farmington,City
farmington_dam,Infrastructure
farmington_groundwater_recharge_seasonal_habitat_study_final_report,Technical
farmington_program,Nonsense
farmland_mapping_and_monitoring_program,Technical
farmland_mitigation_program_guidelines,Legal
farmland_preservation,Legal
farr_et_al_2016,Reference
fas,Nonsense
fatima_robinson,Person
fault,Natural_Feature
faulting,Technical
faunt_el_al,Reference
fax,Nonsense
fazio_fazio_fazio,Nonsense
fcgma_groundwater_management_plan_update,Technical
fcma_mab,Group
fd_field,Nonsense
feather_river_pump_station_fish_screen,Infrastructure
feather_river_pump_station_fish_screen_feasibility_study,Technical
fed,Nonsense
federal_agencies_federal,Federal_Gov
federal_andor_local,Nonsense
federal_aviation_administration,Federal_Gov
federal_central_valley_project,Water_Project
federal_clean_water_act,Legal
federal_correctional_institution_lompoc,Infrastructure
federal_entities,Group
federal_facility_overlay,Technical
federal_fishery_management_plans,Technical
federal_government_federal,Federal_Gov
federal_government_within,Group
federal_jurisdictions_federal,Federal_Gov
federal_lands,Geographic_Unit
federal_level_2,Nonsense
federal_office,Federal_Gov
federal_safe_drinking_water_act,Legal
federal_state,Nonsense
federal_water_pollution_control_act,Legal
fee_collection_procedures_law,Legal
felicia_dan,Person
fenzel_1972,Reference
fernald_point_fault,Natural_Feature
fernbridge_rio_dell_metropolitan,District
ferro_property_program,Group
festuca,Natural_Feature
fi,Nonsense
field_guide_for_collecting_and_processing_stream_water_samples,District
field_sampling_guidance_document_1220,District
field_techniques_for_estimating_water_fluxes_between_surface_water_and,Technical
fifth_assessment_report,Technical
figure,Reference
figure_a2fc17_and_table,Reference
figures,Reference
file_extraction_report,Technical
filed,Nonsense
filling_efforts,Nonsense
final_coordination_agreement,Group
final_feasibility_study,Technical
finance_and_administration_committee,Group
finance_and_administration_committee_of_the_board_of_directors,Group
finance_committee_agency,Group
fire_safe_councils,Group
fire_sciences_laboratory,Technical
firebaugh_intake_canal,Infrastructure
first,Nonsense
first_amended_c0mplalnt_for_declaratory_relief_and_petition,Nonsense
first_amended_complaint_and_petition,Reference
first_amended_cross_complaint,Legal
first_appellate_district,District
fiscal,Nonsense
fiscal_year,Nonsense
fish_and_wildlife_service_critical_habitat_mapper,Data_System
fish_and_wildlife_service_hcp,Federal_Gov
fish_and_wildlife_service_threatened_endangered_species_active_critical_habitat_report,Technical
fish_game_cannery_feedlot_and_fish_game,Nonsense
fish_monitoring,Technical
fisher_et_al,Reference
fisheries_species_recovery_grants,Group
five_creek,Natural_Feature
flame_ionization_detector,Technical
fleet_readiness_center_west,Federal_Gov
fleischmann,Nonsense
flood_control,Local_Gov
flood_local_maintenance_areas_and_federal_lands,Geographic_Unit
flood_managed_aquifer_recharge_feasibility_implementation,Water_Project
flood_mar_flood_managed_aquifer,Natural_Feature
flood_plain_deposits,Natural_Feature
flood_protection,Group
flood_water,Natural_Feature
flooded,Nonsense
floodmarsurface_water_supply,Nonsense
flournoy,City
flowinspector_version,Technical
flows_diversions,Technical
flows_framework1,Technical
flows_to_from,Nonsense
fluvial,Natural_Feature
flyers,Nonsense
focus_on_salinity,Nonsense
focused,Nonsense
focused_conference,Group
folsom_project_elements,Water_Project
folsom_state_recreational_area,Geographic_Unit
foothill,Nonsense
foothill_feeder,Infrastructure
for_ag,Nonsense
for_distribution_by,Nonsense
for_pit_river_alliance,NGO
forebay_forebay_aquifer_subbasin_subbasin,Basin
forebay_subbasin_groundwater,Basin
forest_city_corp,Company
forest_springs,Natural_Feature
fork_putah_creek,Natural_Feature
formation_the_napa_county_board_of_supervisors,Group
formations,Natural_Feature
formed,Nonsense
forming_parties_and_participating_parties,Group
fort_huachuca,Local_Gov
fort_lewis,Local_Gov
fort_ord_army_base,Infrastructure
fort_ord_habitat_management_plan,Technical
fort_ord_office,Local_Gov
fort_ord_reuse_authority_board_of_directors,Group
fort_ord_reuse_group,Group
fort_ord_wetlands,Natural_Feature
fortuna_total,Nonsense
foster_park_riparian_groundwater_dependent_ecosystem,Natural_Feature
foundation_engineers_inc,Company
fowler_creek,Natural_Feature
fox_canyon_drain_stewart_canyon,Infrastructure
fox_canyon_groundwater_management_agency_act,Legal
fpbgsa_stakeholder_representation_board,Group
fr18161220,Nonsense
franciscan_complex_and_coast_range_ophiolite,Natural_Feature
franciscan_group,Group
frank_bergon,Person
frasier_group,Group
frates_wells,Infrastructure
fred_thurman,Person
freeman_diversion_project,Water_Project
freemont_cotton,Nonsense
freeport_regional_water_facility,Infrastructure
fremming_parson,Person
frequency_field,Nonsense
frequently,Nonsense
freshwater_marsh,Natural_Feature
fresno_city_council,Group
fresno_county_2050,Geographic_Unit
fresno_county_area,Geographic_Unit
fresno_county_council_of_governments,Group
fresno_county_kings_county,County
fresno_county_land,Geographic_Unit
fresno_county_management_area_a_b,Geographic_Unit
fresno_county_management_areas_a_b_draft,Geographic_Unit
fresno_county_pleasant_valley_groundwater_sustainability_agency,Other_GSA
fresno_county_public_works_and_planning,Local_Gov
fresno_county_school_outreach,Group
fresno_county_water_advisory_committee,Group
fresno_dry_creek,Natural_Feature
fresno_foundation,NGO
fresno_id,District
fresno_metropolitan_flood,District
fresno_metropolitan_flood_control_district_board,Group
fresno_metropolitan_flood_control_district_fish_and_wildlife_service_fish_and_wildlife_service,Nonsense
fresno_metropolitan_flood_control_district_program,District
fresno_metropolitan_flood_control_district_project_description,Reference
fresno_river_1,Natural_Feature
fresno_slough_water,Natural_Feature
fresno_slough_water_district,District
friant_contractor,District
friant_contracts,Legal
friant_division_central_valleyp_contractor,Water_Project
friant_division_contractor,Group
friant_kern_canal_central_valley_project,Water_Project
friant_kern_canal_pump_back_project,Water_Project
friant_releases,Water_Project
friends,Nonsense
fruitridge_vista,District
fsc,Nonsense
fss,Nonsense
fte_staff_services,Nonsense
fugro_west_inc,Company
fully_protected_reliance_on_groundwater,Legal
fully_protected_reliance_on_groundwater_direct,Nonsense
future_baseline_and_future_baseline_with_climate_change_i_and_ii,Reference
future_baseline_with_climate_change_i_and_ii,Technical
future_baseline_with_climate_change_ii,Technical
future_city_of,City
future_conditions,Reference
future_groundwater_resource_development_simulations_consistent,Technical
future_groundwater_sustainability_agency_board,Group
future_management_area_concept_management,Geographic_Unit
future_monitoring_networks,Technical
future_operations,Nonsense
future_pumping_recommendations_in,Technical
future_water_demand_and_water_supply_options,Technical
future_wmw,Nonsense
fveg,Nonsense
fwua,District
fwua_appendix_d,Reference
g3,Nonsense
g4,Nonsense
g6,Nonsense
g_247,Nonsense
g_docks_h_irrigation,Nonsense
gabilan_subarea,Geographic_Unit
gadwall_deep_channel,Natural_Feature
gadwall_units,Natural_Feature
gage_800a,Infrastructure
gage_gap,Technical
gages_springs,Natural_Feature
gaging,Nonsense
gaining,Nonsense
gains,Nonsense
galt_waste_water_treatment_plant,Infrastructure
gap,Nonsense
gap_filling_efforts,Technical
gaps,Nonsense
gaps_analysis,Technical
gaps_analysis_technical,Technical
gaps_best_management_practice,Technical
gardena,City
gardenas_et_al,Person
garrison_park,Geographic_Unit
gary_mickelson,Person
gary_o,Person
gary_serrato,Person
gastelum,Nonsense
gave,Nonsense
ge_text,Nonsense
gei_consultants_et,Company
general_agricultural,Nonsense
general_and_associate,Nonsense
general_board,Group
general_groundwater_quality_current,Technical
general_groundwater_sustainability_plan_updates,Reference
general_head_boundaries,Technical
general_information_general,Reference
general_mineral_chemistry,Technical
general_minerals,Nonsense
general_outreach_and_audience_mapping_pursuant,Technical
general_permit,Legal
general_permits,Legal
general_plan_and_related_plan_land_use_categories,Technical
general_plan_conservation_element,Legal
general_public,Nonsense
general_wastewater_wastewater_policies,Legal
general_water_budget,Technical
general_water_quality,Technical
general_water_quality_water,Technical
general_welfare,Nonsense
generales,Nonsense
generales_y_los,Nonsense
geochemical_data,Technical
geodetic_branch,District
geographic_information_system_clip,Data_System
geographic_setting_the_subbasin,Basin
geoid_3112,District
geologic_conditions_hotchkiss,Technical
geologic_cross_sections_three,Reference
geologic_formations,Natural_Feature
geologic_mapping_of_surficial_geology_and_faults_surficial,Technical
geologic_names_committee,Group
geologic_section_groundwater,Reference
geologic_setting,Geographic_Unit
geologic_setting_1,Reference
geologic_structures_the_yucaipa_subbasin,Basin
geologic_unit,Technical
geological_and_structural_setting_the_basin,Basin
geological_survey_geologic,Technical
geological_survey_national_hydrography_datasets,Technical
geological_survey_national_water,Federal_Gov
geological_survey_nonindigenous_aquatic_species,Technical
geological_survey_stream_monitoring_network,Technical
geological_survey_water_supply_paper_no1469,Reference
geology,Technical
geology_geologic_data_map_6,Reference
geology_hydrogeology_the_upper_pressure,Technical
geology_of_the_fresh_groundwater_basin_of_the_central_valley,Geographic_Unit
geology_of_the_northern_sacramento_valley_1,Reference
geology_sierra_valley,Geographic_Unit
geomatrix_consultants,Company
geometrics_geode,Company
geophysical_data_geophysical,Technical
georgette_seefeldt,Person
geospatial_dataset,Technical
geosyntec_board_agenda,Reference
geosyntec_brown,Company
geosyntec_consultants_inc,Company
geotechnical_characterization_report,Technical
geotracker_data_management_system,Technical
geotracker_database,Technical
geotracker_groundwater_ambient_monitoring_and_assessment_program,Technical
geotracker_regulated_facilities_7,Data_System
gerald_davis,Person
gil_spencer,Person
given,Nonsense
gk,Nonsense
glen_avon,Geographic_Unit
glenn_4_groundwater_authorities,Group
glenn_artois_community_services_district,District
glenn_colusa_irrigation,District
glenn_county_department_of_agriculture_weights_and_measurements,Local_Gov
glenn_county_drought_taskforce,Group
glenn_county_environmental_health_department,Group
glenn_county_general_plans,Technical
glenn_county_groundwater,Geographic_Unit
glenn_county_multi_jurisdictional_hmp,Reference
glenn_county_water_quality_program,Group
glenn_groundwater_authorities,Group
glenn_interagency,Group
glenn_interagency_drought_task_forces,Group
glenn_knapp,Person
glenn_subwatershed,Geographic_Unit
glenn_tehama_county,County
glenn_valley,Geographic_Unit
global_marine_drilling_inc,Company
global_meteoric_water_line,Natural_Feature
global_positioning_surveys_the,Technical
globk8,Nonsense
gmt3,Nonsense
goal_cf3_action_cf3b,Nonsense
goals,Nonsense
gold_gulch,Natural_Feature
gold_rush,Nonsense
goleta,City
gonzales_road,Infrastructure
gooch,Nonsense
good_housekeeping,Nonsense
goodwin_dam,Infrastructure
google_earth_engine,Data_System
gorrill_ranch,Local_Gov
gossage_creek,Natural_Feature
governance_agencies_briefings_groundwater_sustainability_agency_board,Group
governance_committee_of_the_buena_vista_groundwater_sustainability_agency,Other_GSA
governing_body,Group
government_city_of_seaside,City
government_code_section_61060,Reference
government_legislative_cost,Nonsense
government_public_agencies,Group
gpd,Nonsense
gps_gnss_network,Technical
gps_stations,Technical
graham,Nonsense
grandtab,Nonsense
granite_construction_company,Company
grant_application,Nonsense
grant_funding,Nonsense
grant_program,Nonsense
grant_review,Technical
grant_writing,Nonsense
grantland_area,Geographic_Unit
grants184,Nonsense
grapevine_development_scenario,Nonsense
grassland_environmental_education_center,Local_Gov
grassland_groundwater_sustainability_agency_advisory_committee,Group
gravelly_ford_water_district_board_of_directors,Group
gravelly_ford_water_district_groundwater_sustainability_agency_area,Geographic_Unit
gravelly_ford_water_district_groundwater_sustainability_agency_board_of_directors,Group
gravelly_ford_water_executive,Group
greater_kaweah_groundwater_sustainability_agency_communication_and_engagement_plan,Technical
greater_monterey_county_integrated_regional_water_management_plan,Technical
green_building,Nonsense
green_streets_program,Water_Project
greenfield_cwd_board_of_directors,Group
greenwich_meridian,District
greg_porter,Person
gregory_l_james,Person
gridley_road_water_group,Group
grimes_aquifers,Natural_Feature
grimes_x,Nonsense
grimmway_farms,Company
grolutions_horticultural_landscaping,Company
grossinger,Nonsense
ground_elevation_benchmark_network,Technical
ground_water_protection_list,Legal
ground_water_resources,Natural_Feature
ground_water_treatment_systems,Infrastructure
groundwater_ambient,Technical
groundwater_ambient_monitoring_and_assessment_geotracker_database,Technical
groundwater_ambient_monitoring_and_assessment_groundwater_ambient_monitoring_and_assessment_gar_groundwater_assessment_report_ghg_greenhouse_gas_geographic_information_system_geographic_information_system_groundwater_sustainability_agency_groundwater_sustainability_agency,Other_GSA
groundwater_ambient_monitoring_and_assessment_groundwater_information_system_31,Technical
groundwater_ambient_monitoring_assessment,Technical
groundwater_and_multiple_resource_irrigation_planning_study,Technical
groundwater_assessment_reports,Technical
groundwater_bank_recovery_wells,Infrastructure
groundwater_budget,Technical
groundwater_chemistry_geological_survey,Technical
groundwater_conditions_and_water_budget_report,Technical
groundwater_conjunctive_use_project,Water_Project
groundwater_contamination_investigation_for_central,Technical
groundwater_data,Technical
groundwater_data_dashboard,Group
groundwater_dependent_ecosystem_acreage,Natural_Feature
groundwater_dependent_ecosystem_area_anlalysis,Technical
groundwater_dependent_ecosystem_evaluation_unit_vegetation,Natural_Feature
groundwater_dependent_ecosystem_field_assessment,Technical
groundwater_dependent_ecosystem_id_138223,District
groundwater_dependent_ecosystem_id_140053,District
groundwater_dependent_ecosystem_identification_the_natural_communities,Group
groundwater_dependent_ecosystem_maps,Technical
groundwater_dependent_ecosystem_monitoring_data,Technical
groundwater_dependent_ecosystem_pulse27,Natural_Feature
groundwater_dependent_ecosystem_type,Natural_Feature
groundwater_dependent_ecosystem_vegetation_water_supply,Natural_Feature
groundwater_dependent_ecosystem_vegetation_water_supply_and_demand_sources,Technical
groundwater_dependent_ecosystems_groundwater,Natural_Feature
groundwater_dependent_ecosystems_overview,Technical
groundwater_discharge_recharge,Technical
groundwater_elevation,Technical
groundwater_elevation_minimum_thresholds,Technical
groundwater_elevation_monitoring_guidelines,Legal
groundwater_evaluation,Technical
groundwater_extraction_charge,Legal
groundwater_extraction_data,Technical
groundwater_extraction_information_accurate,Technical
groundwater_extraction_monitoring_system,Technical
groundwater_extraction_reports,Technical
groundwater_guardian_communities,Group
groundwater_hydrology,Technical
groundwater_leadership_forum,Group
groundwater_level_minimum_threshold,Technical
groundwater_level_monitoring_data_gaps,Technical
groundwater_level_monitoring_sierra_valleygmd,Technical
groundwater_level_network,Technical
groundwater_level_quality_assurance,Technical
groundwater_level_sustainability_measurable_criteria,Technical
groundwater_levels_and,Nonsense
groundwater_levels_and_storage_monitoring_network,Technical
groundwater_levels_next,Technical
groundwater_management_and_planning_act,Legal
groundwater_management_areas,Geographic_Unit
groundwater_management_plan_groundwater_management_plan,Technical
groundwater_management_zones,Geographic_Unit
groundwater_mining_and_export_ordinance_10,Legal
groundwater_mining_and_export_ordinance_of_merced_county,County
groundwater_model_components,Technical
groundwater_monitoring,Technical
groundwater_monitoring_protocol,Technical
groundwater_monitoring_protocols,Technical
groundwater_monitoring_report,Technical
groundwater_outreach_brochure,Reference
groundwater_overdraft,Natural_Feature
groundwater_planning_commission_policy,Legal
groundwater_pumping_agricultural,Nonsense
groundwater_pumping_and_agricultural_land,Technical
groundwater_pumping_for_municipal_and_industrial,Technical
groundwater_quality_analysis,Technical
groundwater_quality_constituents,Technical
groundwater_quality_data,Technical
groundwater_quality_data_gaps_groundwater,Technical
groundwater_quality_data_water,Technical
groundwater_quality_groundwater_levels,Technical
groundwater_quality_issues,Technical
groundwater_quality_local_groundwater_quality_monitoring,Technical
groundwater_quality_management_plans,Technical
groundwater_quality_monitoring_groundwater,Technical
groundwater_quality_selected_constituents_maps,Technical
groundwater_quality_summary_information,Natural_Feature
groundwater_quality_water,Natural_Feature
groundwater_recharge_and_recovery_category,Technical
groundwater_recharge_projects,Water_Project
groundwater_resource_advisory_committee,Group
groundwater_resource_information,Natural_Feature
groundwater_resources_hub_environmental_surface_water_benecifical_users,Group
groundwater_resources_information_sharing_team,Group
groundwater_return,Technical
groundwater_service_program,Group
groundwater_stakeholder_survey,Technical
groundwater_storage_change,Technical
groundwater_storage_measurable_objective,Technical
groundwater_storage_monitoring_data_gaps_accurate,Technical
groundwater_storage_supplement,Legal
groundwater_storage_sustainable_management_criteria,Legal
groundwater_study,Technical
groundwater_supply_availability_study,Technical
groundwater_supply_depletion_water_level_threshold,Technical
groundwater_surface_water_model_of_the,Technical
groundwater_sustainability_act,Legal
groundwater_sustainability_agency_administration_and_public_outreach,Group
groundwater_sustainability_agency_adoption,Legal
groundwater_sustainability_agency_agency,Group
groundwater_sustainability_agency_alternate_representatives,Group
groundwater_sustainability_agency_board_evaluation_reports,Technical
groundwater_sustainability_agency_board_of_directors_supervisors,Group
groundwater_sustainability_agency_board_the_evaluation_report,Technical
groundwater_sustainability_agency_boards_or_councils,Group
groundwater_sustainability_agency_boundaries,Geographic_Unit
groundwater_sustainability_agency_california,State_Gov
groundwater_sustainability_agency_cga,Group
groundwater_sustainability_agency_coordination_activities,Group
groundwater_sustainability_agency_coordination_and_governance_the_sutter_subbasin,Basin
groundwater_sustainability_agency_coordination_committee,Group
groundwater_sustainability_agency_description,Reference
groundwater_sustainability_agency_education,Technical
groundwater_sustainability_agency_eligible_agencies,Group
groundwater_sustainability_agency_formation,Natural_Feature
groundwater_sustainability_agency_formation_agreements_and_collaboration_agreements,Group
groundwater_sustainability_agency_formation_and_coordination,Legal
groundwater_sustainability_agency_formation_and_coordination_during_phase,Group
groundwater_sustainability_agency_groundwater_level,Technical
groundwater_sustainability_agency_groundwater_sustainability_agency,Other_GSA
groundwater_sustainability_agency_implementation_annual_reports,Technical
groundwater_sustainability_agency_implementation_figure,Reference
groundwater_sustainability_agency_july_7_2017,Group
groundwater_sustainability_agency_management_enforcement,Group
groundwater_sustainability_agency_managers_group,Group
groundwater_sustainability_agency_operations_administration,Group
groundwater_sustainability_agency_project_manager,Person
groundwater_sustainability_agency_public_live_event,Group
groundwater_sustainability_agency_representatives_and_alternative_representatives,Group
groundwater_sustainability_agency_standing_committees,Group
groundwater_sustainability_agency_sustainability_goalma_portal,Data_System
groundwater_sustainability_agency_technical_team,Technical
groundwater_sustainability_agency_updates,Technical
groundwater_sustainability_agency_website_date,Technical
groundwater_sustainability_authority,Group
groundwater_sustainability_basin_prioritization,Technical
groundwater_sustainability_committee_chair,Person
groundwater_sustainability_department,Group
groundwater_sustainability_operations,Nonsense
groundwater_sustainability_plan_3584,Reference
groundwater_sustainability_plan_391_incorporation,Legal
groundwater_sustainability_plan_administrator,Group
groundwater_sustainability_plan_adoption_meeting,Reference
groundwater_sustainability_plan_adoption_process,Technical
groundwater_sustainability_plan_advisory_committee_and_future_advisory_work_group,Group
groundwater_sustainability_plan_advisory_committee_department_of_fish_and_wildlife,Group
groundwater_sustainability_plan_alternative_submittal,Reference
groundwater_sustainability_plan_annotated_outline_guidance_document,District
groundwater_sustainability_plan_annual_report,Technical
groundwater_sustainability_plan_annual_report_elements_guide_template,Technical
groundwater_sustainability_plan_annual_report_overview,Technical
groundwater_sustainability_plan_area,Geographic_Unit
groundwater_sustainability_plan_board,Group
groundwater_sustainability_plan_chapter_review_process,Technical
groundwater_sustainability_plan_city,Nonsense
groundwater_sustainability_plan_comment_committee,Group
groundwater_sustainability_plan_consultants,Group
groundwater_sustainability_plan_consultants_a,Group
groundwater_sustainability_plan_content,Nonsense
groundwater_sustainability_plan_content_review,Technical
groundwater_sustainability_plan_development_process,Technical
groundwater_sustainability_plan_development_water_forum,Group
groundwater_sustainability_plan_draft,Reference
groundwater_sustainability_plan_emergency_regulations_guide_2,District
groundwater_sustainability_plan_emergency_regulations_regulations,Legal
groundwater_sustainability_plan_emergency_regulations_section_3536,Reference
groundwater_sustainability_plan_financing,Technical
groundwater_sustainability_plan_goal,Reference
groundwater_sustainability_plan_groundwater,Nonsense
groundwater_sustainability_plan_implementation_ad_hoc_committee,Group
groundwater_sustainability_plan_implementation_and_funding_costs,Reference
groundwater_sustainability_plan_implementation_budget,Technical
groundwater_sustainability_plan_implementation_components,Technical
groundwater_sustainability_plan_implementation_funding,Legal
groundwater_sustainability_plan_implementation_funds_development,Technical
groundwater_sustainability_plan_implementation_program,Group
groundwater_sustainability_plan_implementation_support_activity,Group
groundwater_sustainability_plan_joint_implementation_activities_implementation,Technical
groundwater_sustainability_plan_manager,Person
groundwater_sustainability_plan_monitoring_field_lead,Technical
groundwater_sustainability_plan_monitoring_program,Technical
groundwater_sustainability_plan_objectives_the_riverside_arlington_groundwater_subbasin,Basin
groundwater_sustainability_plan_outreach,Group
groundwater_sustainability_plan_outreach_strategies,Technical
groundwater_sustainability_plan_preparation,Technical
groundwater_sustainability_plan_public_notice_and_adoption,Reference
groundwater_sustainability_plan_public_workshop,Group
groundwater_sustainability_plan_purpose,Reference
groundwater_sustainability_plan_quality_assurance,Technical
groundwater_sustainability_plan_related,Nonsense
groundwater_sustainability_plan_review_and,Nonsense
groundwater_sustainability_plan_review_and_evaluation,Technical
groundwater_sustainability_plan_review_draft,Reference
groundwater_sustainability_plan_review_process_comments,Reference
groundwater_sustainability_plan_section_2,Reference
groundwater_sustainability_plan_section_87,Reference
groundwater_sustainability_plan_section_9,Reference
groundwater_sustainability_plan_studies,Technical
groundwater_sustainability_plan_study,Technical
groundwater_sustainability_plan_subbasin,Basin
groundwater_sustainability_plan_subbasin_planning_committee,Group
groundwater_sustainability_plan_submittal_guidance,District
groundwater_sustainability_plan_valley_advisory_committee,Group
groundwater_sustainability_planning_process,Nonsense
groundwater_sustainable_plan_advisory_committee,Group
groundwater_sustainable_plans,Technical
groundwater_technical_assistance_network,Technical
groundwater_trend_monitoring_plan,Technical
groundwater_user_information_data_exchange,Technical
groundwaters_protection_areas_department_of_pesticide_regulation,Legal
group_1_scenario,Nonsense
group_1_scenarios,Group
group_3_project,Water_Project
group_representatives,Group
groups_1_and_2,Group
grover_junction,Nonsense
grow,Nonsense
grower_multi_agency,Group
grower_shipper_association_of_central_california,State_Gov
growers,Group
gsa10119,Group
gsa_description,Reference
gsa_organization,Group
gsflow_model_development_calibration,Technical
gslfow,Nonsense
gspa,Nonsense
gss,Nonsense
gssi_model,Technical
gtmps,Nonsense
gu0588_f,Basin
gu0753,Basin
guadalupe_rivera,Natural_Feature
guidelines_and_standard_procedures_for_continuous_water_quality_monitors,Technical
guidelines_responsibilities_board_of_directors_board,Group
guiding_principles_and_communication_and_engagement,District
gulling,Nonsense
guzman,Nonsense
gw_banking,Technical
gw_committee,Group
gw_conditions,Technical
gw_extrac,Nonsense
gw_management_plan_objectives,Nonsense
gw_recharge_gw_extraction,Technical
gwac,Group
gwf,Nonsense
gwpas,Nonsense
gws_water_budget_analysis,Technical
gyrinidae,District
h7,Nonsense
h_alyson,Person
h_g_thomasson,Person
h_i,Nonsense
h_notices,Nonsense
h_sources,Nonsense
h_st,Nonsense
hadley_and,Nonsense
hadsville_creek,Natural_Feature
hagman,Nonsense
haley_k_ryan,Person
hamilton_city_cal_water,District
hamilton_city_ranch_farm_cleanup_program_site,Infrastructure
hamilton_city_with,Nonsense
hammil,Nonsense
hannah_ranch_flood_control_project,Water_Project
hanson_and,Nonsense
happy_creek,Natural_Feature
hardwood_subdivision_of_dunnigan,Geographic_Unit
harlan_creek,Natural_Feature
harlan_project,Water_Project
harmon_barrancas,Person
harris_farms,Company
harris_ranch_inn_restaurant,Nonsense
harter_et_al,Reference
harter_t,Person
hartling,Nonsense
harvest_water_project,Water_Project
has_units_data,Technical
hasps,Nonsense
hathaway_law_firm,Company
haven_court_ca,Geographic_Unit
hayward_city_council,Group
hayward_groundwater_sustainability_agency_board,Group
hayward_groundwater_sustainability_agency_board_of_directors,Group
hayward_project_financing_pursuant,Legal
hayward_well_d_on,Infrastructure
hb,Nonsense
hdr,Company
head_boundary,Technical
headrick,Nonsense
health_and_safety,Legal
health_and_safety_tuolumne,Nonsense
heather_bashian,Person
hebdon_electronics_et_al,Nonsense
hebron,Geographic_Unit
heidi_bauer,District
helen_k,Person
hello_eric,Nonsense
hemet_basin,Basin
hemet_groundwater_management,District
hemet_san_jacinto_groundwater,Basin
hemet_san_jacinto_water_management_plan,Technical
henry_miller_water_district_board_of_directors,Group
heptachlor,Nonsense
heptachlor_epoxide,District
hercules_powder_company,District
heritage_oaks_equestrian_community_specific_plan,Technical
heritage_ranch_committee,Group
hermon_south_scotts_valley,Geographic_Unit
hexavalent_chromium,Natural_Feature
hexavalent_chromium_maximum_contaminant_level,Legal
hg,Nonsense
hgl,Nonsense
hhoooooommmmmm_hhoooooommmmmm,Nonsense
hidden_dam_and,District
high,Nonsense
high_medium,Nonsense
high_speed_rail_project,Water_Project
highland_economics,Company
highways,Infrastructure
hill,Natural_Feature
hill_canyon_wwtp,Infrastructure
hills_valley_irrigation_district_hills_valley_irrigation_district,District
hillside_water_company,District
hilmar_cheese_company,Company
hilmar_community_plan,Technical
hilton_creek_watering_system,Infrastructure
himalayan_species,Natural_Feature
hinebaugh_creek,Natural_Feature
historic_line,Nonsense
historic_low_wl,Technical
historic_low_wl_historic_low_wl,Technical
historic_water_budget,Technical
historical_conditions_water_budget,Technical
historical_data_review_conclusions,Technical
historical_local_supplies_local,Technical
historical_model_heidi,Technical
history_sutherland_reservoir,Infrastructure
histosols,Natural_Feature
hl,Nonsense
hmx,Nonsense
hmx_octogen,Nonsense
hnrg,Nonsense
hoboware_pro,Technical
hodges,Nonsense
hodges_reservoir_surface,Infrastructure
holland,Nonsense
hollister_area_subbasin,Basin
hollister_subbasin_portions,Geographic_Unit
holly_field,Natural_Feature
holmes_street,Nonsense
holocene_alluvium,Natural_Feature
holthouse_wd,District
home,Nonsense
home_garden_community_services_district_home_garden_csd,District
hon,Nonsense
hopkins_geologic_cross,Technical
hopkins_study,Reference
hopland_valley,Geographic_Unit
horizon_water_and_environment_for,NGO
horst,Natural_Feature
horton_brothers,Company
hortonian,Nonsense
hospital_atascadero_state_hospital,Infrastructure
household_supply,Nonsense
how_was,Nonsense
how_will_be_accomplished,Nonsense
howard,Nonsense
howard_j,Person
howard_road,Nonsense
however,Nonsense
htp,Nonsense
httpsdwrmapsarcgiscomappswebappviewerindexhtmlid181078580a214c0986e2da28f862,District
httpsdwrmapsarcgiscomappswebappviewerindexhtmlid181078580a214c0986e2da28f8623b37,District
httpsnwiswaterdatausgsgovcanwiswys_rptsite_no11456000agency_cdusgs_united_states_fish_and_wildlife_service,Technical
httpswatercagovlibrarymodelingand_analysis_modeling_platforms_integrated_water_flow_model_demand_calculator,Technical
httpswatercagovprogramsstatewater_project_water_quality_discrete_grab_samples,Technical
httpswdlwatercagov,District
httpswwdcagovaboutwestlandsadditional,District
httpswwdcagovwatermanagementgroundwater,District
httpswwwcomontereycaushomeshowpublisheddocument87229637177055290800000_43,Nonsense
httpswwwsandiegocountygovcontentsdcpdssgmasanpasqualvalleyhtml,Nonsense
httpswwwtejoncastacwdcom,District
httpswwwyologroundwaterorg,Nonsense
httpwwwunitedwaterorgimagesstoriesreportsgwconditionsreports201320gw20and20sw20conditions20report20_groundwater_united_water_conservation_district,District
huang,Person
hubbs_miner_ditch_company,Company
huer,Nonsense
hugh_baber_lane,Nonsense
huhtamaki,Company
human_resources_and_county,County
human_right_to,Legal
human_right_to_water_framework_and,Legal
humberto_izquierdo,Person
humboldt_association,NGO
humboldt_coimty_department_of,Nonsense
humboldt_cotmty_department_of,Nonsense
humboldt_county_department_ofpublic_works,Local_Gov
humboldt_county_general_fund,Local_Gov
humboldt_county_groundwater_sustainability_agency_board_directors,Group
huntington,Geographic_Unit
hunts,Nonsense
hurlbut_road_well,Infrastructure
huron_land,Local_Gov
hutton,Nonsense
hwg_chapter_5,Reference
hwy,Nonsense
hyatt,Nonsense
hydraulic_conductivities_hydraulic,Technical
hydraulic_conductivity,Technical
hydraulic_conductivity_aquifer,Natural_Feature
hydraulic_heads_for,Nonsense
hydraulically_disconnected,Nonsense
hydrogeologic_conceptual_model_and_groundwater_conditions,Technical
hydrogeologic_conceptual_model_consistent,Technical
hydrogeologic_conceptual_model_data_gaps_data,Technical
hydrogeologic_conceptual_model_for_the_subbasin,Basin
hydrogeologic_conceptual_model_groundwater_conditions,Technical
hydrogeologic_conceptual_model_groundwater_conditions_c,Technical
hydrogeologic_conceptual_model_of_the_basin,Basin
hydrogeologic_conceptual_model_regional_geologic_and,Technical
hydrogeologic_conceptual_model_section_22,Reference
hydrogeologic_conceptual_model_the_hydrogeologic_conceptual_model,Technical
hydrogeologic_controls_and_geochemical_indicators_of_groundwater_movement,Technical
hydrogeologic_description,Reference
hydrogeologic_framework,Technical
hydrogeologic_framework_sierra_valley,Geographic_Unit
hydrogeologic_information,Natural_Feature
hydrogeologic_subbasin,Basin
hydrogeologic_technical_memorandum,Technical
hydrogeologic_understanding_of_the,Technical
hydrogeologic_units,Geographic_Unit
hydrogeologic_zones,Geographic_Unit
hydrogeologic_zones_coordination,Group
hydrogeology_hydrology_geology,Technical
hydrogeology_study_of_yuba_goldfields_phase_ii_report,Technical
hydrographs_appendix_d,Reference
hydrographs_upstream,Technical
hydrography_dataset,Technical
hydrolog_ic_reso,Nonsense
hydrologic,Nonsense
hydrologic_conceptual_model_technical_memorandum,Technical
hydrologic_data_webpage,Technical
hydrologic_soil_group_c,Technical
hydrologic_soils_groups,Group
hydrological_engineers,Group
hydrological_simulation_program,Technical
hydrology_and_water_quality,Technical
hydrology_model_stream,Technical
hydrology_water_quality_climate_change,Technical
hyperion_2035,Water_Project
i_census_places_x_1_page,Reference
i_description_and_background_of_the_eel_river_valley_basin,Basin
i_development,Nonsense
i_groups,Group
i_hicham_eltal,Nonsense
i_purpose_of_report,Technical
i_salinas_valley_basingsa,Other_GSA
i_site,Technical
i_woodard_curran,Company
ibid260,District
icp_us_environmental_protection_agency,Group
ics,Nonsense
id4_service_area,Geographic_Unit
id4_uwmp,District
identi,District
identification_of_interconnected_surface_water_bodies_figure,Reference
identify,District
identify_management_area_outreach,District
igs_department_of_rehabilitationis,Nonsense
ii,Nonsense
ii_central_valleyp_contractor_variable_name,Nonsense
iiic_depth_to_walari,Technical
ikes_harris_muskgrave,Person
ill,Nonsense
illegal_diversions_account,Data_System
ilof,Nonsense
image_classification,Nonsense
immigration_and_customs_enforcement,Federal_Gov
impact_sciences,Company
imperial_1996_commission,Group
imperial_college_london,Nonsense
imperial_counties,Local_Gov
imperial_valley,Geographic_Unit
implement,Nonsense
implement_project_and_management_actions,Technical
implement_projects_and_management_actions,Technical
implementation3,Nonsense
implementation_221_piezometer_construction_equipment_installation_site_commissioning_and_maintenance,Technical
implementation_a_managed_aquifer_recharge_project,Water_Project
implementation_cost_estimate,Reference
implementation_medium,Nonsense
implementation_mullin_area_groundwater_sustainability_agency_plan_implementation_schedule,Technical
implementation_of_land_use_plans_outside,District
implementation_planning,Nonsense
implementation_plans,Technical
implementation_research,Technical
implementation_timetable,Reference
implementation_timing_criteria_accrual_for_implementation_of_benefits,Legal
implemented_capital_cost_benefit,Technical
imported_water_project_option_1,Water_Project
improve_coordination_and_planning_integration,Group
improvement_district_11135250,District
in,Nonsense
inceptisols,Natural_Feature
incidental_take_permit,District
includes_irrigation_water_year_type,Nonsense
incomplete_3,Nonsense
incorporate,Nonsense
incorporated_city,Local_Gov
incorporating_regulatory_programs,Technical
incorporation,Nonsense
incorporation_into_groundwater_sustainability_plan_information,Natural_Feature
indemnifying_party,Nonsense
independent_demand_calculator,Technical
independent_slopes_model_ps,Technical
indi_l_suppli_es,Nonsense
indian_wells_valley_groundwater_authority_pumper_group_allocation,Group
indian_wells_valley_groundwater_authority_water_resources_manager,Person
indian_wells_valley_resource_opportunity_plan_water_availability_and_conservation_report,Technical
indicates_flows_less,Nonsense
indicatorsb,Nonsense
indirect_groundwater,Natural_Feature
indirect_potable_reuse_feasibility_study,Technical
industrial,Nonsense
industrial_agriculture_wildlife_preserve,Nonsense
industrial_and_commercial_page,Reference
industrial_groundwater_figure,Reference
industrial_pumping,Technical
inflow_ag,Nonsense
information,Natural_Feature
information_and_methodology,Reference
information_planning_and_consultation,Group
information_system,Technical
informational,Nonsense
informe_anual_y_actualizaciones_quinquenales_del_groundwater_sustainability_plan_después_de_la_presentación_del_groundwater_sustainability_plan,Technical
informes,Nonsense
informes_de_reducciones_de_bombeo,Technical
infosloughousercdorg,Nonsense
infrastructure,Infrastructure
infrastructure_improvement,Water_Project
infrastructure_improvement_act,Legal
initial_groundwater_sustainability_plan,Technical
initiated,Nonsense
inland_empire_brineline,District
inland_private_well_area,Geographic_Unit
inn,Nonsense
insar_monitoring_for_land_subsidence,Technical
insects_other,Nonsense
inspection_of_well_site_a,Technical
institute_for_fisheries_resources,NGO
integrated_groundwater_management_plan,Technical
integrated_groundwater_surface_water_model,Technical
integrated_hydrologic,Technical
integrated_hydrologic_model_overview,Technical
integrated_regional_planning_section_3,Reference
integrated_regional_water_management_act,Legal
integrated_regional_water_management_plan_and_groundwater_manage_ment_plans,Technical
integrated_regional_water_management_planning,Legal
integrated_regional_water_management_planning_grant_task,Water_Project
integrated_regional_water_management_plans,Technical
integrated_regional_water_management_plans_and_groundwater_manage_ment_plans,Technical
integrated_regional_water_management_region,Geographic_Unit
integrated_regional_water_medium,Nonsense
integrated_regional_water_medium_implementation_grants,Legal
integrated_regional_watersheds,Group
integrated_waste_management_board,Group
integrated_water_flow_evapotranspiration,Technical
integrated_water_flow_model_version_2015,Technical
inter_basin,Basin
inter_basin_coordination,Group
inter_basin_coordination_report,Technical
inter_basin_surface_water_transfers_or_exchanges,Water_Project
inter_district_group,Group
inter_district_transfer_for_conjunctive_use,Water_Project
inter_inc,Company
intera_inc,Company
intera_work,Company
interagency,Group
interagency_coordination,Group
interagency_coordination_olcese_groundwater_sustainability_agency,Other_GSA
interbasin_flow,Natural_Feature
interconectadas_además_de_las_áreas_de_groundwater_dependent_ecosystem,Natural_Feature
interconnected_surface_water_management_zones,Geographic_Unit
interconnected_surface_water_smc,Technical
interested_monitoring_network,Technical
interested_sustainable_high_school,Nonsense
interferometic_synthetic_aperture_radar,Technical
interferometric_synthetic_aperture_radar_interferometric_synthetic_aperture_radar,Technical
intergovernmental_data_quality_task_force_intergovernmental_data_quality_task_force_lcs,Technical
intergovernmental_panel,Group
intergovernmental_services_agreement,Group
interim_milestones_section_6,Reference
interim_operations_model,Technical
interlake,Natural_Feature
intermittent_streams,Natural_Feature
internal_climate_solar_radiation_daily,Data_System
internal_communication_internal_communication,Nonsense
internal_document_author,Nonsense
internal_groundwater_water_marketing_program,Water_Project
international_astronomical_union,Nonsense
international_union_of_geodesy,NGO
interpretation_of_data,Technical
interties,Infrastructure
intra_basin,Basin
intra_basin_coordination,Group
intra_basin_coordination_agreement,Group
intra_basin_coordination_intra,Group
intrabasin,Basin
introduction_climate,Nonsense
introduction_groundwater_sustainability_plan_working_group,Group
introduction_napa_county,County
introduction_sustainable_management_criteria,Reference
intrusion,Nonsense
inventory,Nonsense
investigation_feasibility_study,Technical
investigation_of_interactions,Technical
investigation_of_source_of,Nonsense
investigative_orders_to_refineries,Legal
invite_trevor,Nonsense
inyo_county_general_plan_update,Reference
inyo_county_superior_court,Nonsense
inyo_county_water_commission,Group
inyo_county_water_director,Local_Gov
inyo_water_department,Group
io_sp0029,Nonsense
ione_formation_of_middle_eocene,District
ip,Nonsense
irideus,District
iron_iron,Nonsense
ironhouse_sanitary,District
irrigated,Nonsense
irrigated_lands_regulatory_program_waste_discharge_requirements,Legal
irrigation_company,District
irrigation_district_act,Legal
irrigation_district_contra_costa_county,County
irrigation_management_information_system_oakville,Data_System
irrigation_management_information_system_precipitation_data,Technical
irrigation_system_improvement_program,Water_Project
irrigation_technology_and_research_center,Group
irrigation_training_and_research_center_a,Group
irrigation_training_and_research_center_mapping_evapotranspiration,Technical
irrigation_training_and_research_center_mapping_evapotranspiration_at_high_resolution_with_internalized_calibration_et_data,Technical
irvine,City
irwa,NGO
irwp,Nonsense
is_inadequate,Nonsense
is_inadequate_with_respect_to_groundwater_levels_and_groundwater,Nonsense
is_inadequate_with_respect_to_groundwater_levels_and_groundwater_quality,Nonsense
is_riverkeeper,NGO
isa_11,Nonsense
isa_3,Nonsense
isaac_l_st_lawrence,Person
isabella,Person
isabella_dam_and_reservoir,Infrastructure
isabella_dam_safety_modification,Water_Project
isleton_planning_area,Geographic_Unit
isolated_springs,Natural_Feature
isotech_labs_of_champaign,Company
isotopic_recharge_study,Technical
isw_maps_sustainable_groundwater_management_act,Legal
item,Nonsense
item_12b,Reference
itrc_results,Technical
ivanhoe_section,Reference
ivydene_water_company_lingate_lane_mutual_water_company,District
j_comment,Nonsense
j_e_upson,Person
j_j,Nonsense
j_pablo_ortiz,Person
j_the_city_of_modesto,City
j_turner,Person
ja,Nonsense
jackson_rd,Nonsense
jackson_turbidity_units_surface_water_quality_type,District
jackson_valley_irrigation_district_board_room,Infrastructure
jacobs_engineering_group,Group
jam_mutual_water_company,Company
james_hall_family_trust,Nonsense
james_irrigation_district_resolution_no,Legal
james_p_stall,Person
james_worth,Person
jameson_american_cl,Nonsense
jamison_crosby,Person
jamul,City
janette_lupercio,Person
january_4_2019,Nonsense
jared_huffman,Person
jarrod,Person
jasmene,Nonsense
jason_scheer,Person
jd_hughes,Person
jeff_mount,Person
jennifer_paretti,Person
jerry_gragnani_division,Nonsense
jessie_maxfield,Person
jim,Person
jim_anderson,Person
jim_stilwell,Person
jo_intl_y,Nonsense
joaquin_delta,Natural_Feature
joaquin_integrated_regional_water_managementp,Nonsense
joaquin_subbasin_groundwater_sustainability_plan,Technical
joaquin_subbasins,Basin
joe_cardoza,Person
joe_ferrara,Person
johannesburg,City
john_e,Person
john_izbicki,Person
john_logan,Person
john_phillips,Person
john_ricker_water_resources,Company
john_shribbs,Person
john_young,Person
johnson_salinas_company,Company
joint_board_meeting,Group
joint_districts_scada,Technical
joint_exercise_of_power_act,Legal
joint_exercise_of_power_agreement,Group
joint_exercise_of_powers_act,Legal
joint_groundwater_sustainability_agency_board,Group
joint_groundwater_sustainability_agency_board_meeting,Group
joint_land_use_study,Technical
joint_main_canal,Infrastructure
joint_powers_agency,Group
joint_powers_agreement_and,Legal
joint_powers_agreement_outline,Legal
joint_powers_agreements,Group
joint_powers_authority_board,Group
joint_powers_authority_board_meetings_representatives,Group
joint_underwriters,Group
joint_water_districts_board,Group
jonathan_hakim,Person
jonathan_om_manager,Nonsense
jones_stokes,Company
jordan,Nonsense
jose_luis_valdez,Person
joseph_walker,Person
josh_rogers,Person
josiah_arnold,Person
joyce_lane,Nonsense
jpa_exhibit_d,Reference
juan_de_fuca_gorda,Natural_Feature
juniper_village_farm_labor_housing,Infrastructure
juniper_woodland,Natural_Feature
jurassic,Nonsense
jurgens,Nonsense
justification_for_management_areas,Geographic_Unit
justin_court,Nonsense
justin_stiegemeyer,Person
k_j_0889026_page_4_united_water_conservation_district,District
k_j_j,Nonsense
kalman,Nonsense
kammermeyer,Person
karen_m_avinelis,Person
kathy_cline,Person
katie_smith,Person
kaweah_alluvial_fan,Natural_Feature
kaweah_basin_water_quality_coalition,Group
kaweah_delta_water_conservation,District
kaweah_delta_water_conservation_district_california_department_of_transportation,State_Gov
kaweah_delta_water_conservation_district_kaweah_delta_water_conservation_district,District
kaweah_delta_water_conservation_district_land_surface_elevation_monitoring_network,Technical
kaweah_river,Natural_Feature
kaweah_subbasin_coordinated_mou,Group
kdsa_technical_memorandum,Technical
kear_2005,Reference
kearny_mesa,Geographic_Unit
keeler_wolf_t,Reference
kegg_meadow_enhancement,Water_Project
keith_abeles,Person
keith_abercrombie,Person
kelly_a,Person
kelly_l_whitledge,Person
kelsey_creek_streamflow,Natural_Feature
kelseyville_formations,Natural_Feature
kem_board_of_supervisors,Group
ken,Person
ken_kirkey,Person
ken_schmidt,District
kennedy_area,Geographic_Unit
kennedy_jenks_model_extent_and_ma_model_extent,Technical
kenneth,Person
kenneth_d_schmidt_associates_groundwater_quality_consultants,District
kenwood_gages_daily_discharge,Technical
kepware_server,Technical
kerman_news,NGO
kern_ag_pavilion,Infrastructure
kern_county_board_of_supervisors,Group
kern_county_buena,Local_Gov
kern_county_environmental_health_division,Local_Gov
kern_county_farmers_bureau,NGO
kern_county_municipal_code_section_1408210,Reference
kern_county_planning_framework,Reference
kern_county_subbasin_groundwater_sustainability_plan,Technical
kern_county_subbasin_plan,Technical
kern_county_update_table,Reference
kern_county_water_agency_todd_groundwater,District
kern_delta_water_district_board_of_directors,Group
kern_delta_water_district_water_allocation_plan,Technical
kern_delta_wd,District
kern_front,Basin
kern_ground,Basin
kern_groundwater_authority_basin_setting,Geographic_Unit
kern_groundwater_authority_board_of_directors,Group
kern_groundwater_authority_communication_engagement_plan,Technical
kern_groundwater_authority_groundwater_sustainability_agency_community_engagement_plan,Technical
kern_groundwater_authority_groundwater_sustainability_agency_planning_manager,Person
kern_region,Geographic_Unit
kern_river_coordination_meetings,Group
kern_river_groundwater_sustainability_agency_agricultural_management_area_arsenic,Geographic_Unit
kern_river_groundwater_sustainability_agency_banking_management_area_arsenic,Geographic_Unit
kern_river_groundwater_sustainability_agency_urban_and_banking,Group
kern_subbasin_managers_group,Group
kern_tulare_water_district_draft,District
kern_tulare_water_district_groundwater_sustainability_plan,Technical
ketchum_flood_control_recharge_project_project_type_recharge_basin_project_location,Water_Project
kettleman,Geographic_Unit
kettleman_city_community_service_district,District
kevin_arnold,Person
kevin_c,Person
kevin_mckennon,Person
key_outreach_principles,Nonsense
kilometers,Nonsense
kimberly_craig,Person
kimberly_fernandez,Person
kingii,Nonsense
kings_agreement,Group
kings_basin,Basin
kings_basin_coordination,Group
kings_basin_projected_water_budget,Technical
kings_basin_projected_water_budget_table,Reference
kings_canyon_lineament,Natural_Feature
kings_canyon_national_park,Natural_Feature
kings_counties_measurable_objectivesu,Nonsense
kings_county_kings_county,County
kings_county_ordinance,Legal
kings_groundwater_subbasin,Basin
kings_irrigation,District
kings_river_alluvial_fan,Geographic_Unit
kings_river_canal_irrigation_company,Company
kings_river_conservation_district_division_4,District
kings_river_flows,Natural_Feature
kings_river_service_areas,Geographic_Unit
kings_river_subbasin,Basin
kings_river_supplies,Natural_Feature
kings_river_water_association_2009,Group
kings_subbain,Basin
kings_subbasin_boundary,Geographic_Unit
kings_subbasin_water_budget_similarly,Technical
kings_subbasin_water_budget_table,Reference
kingsburg_irrigation_company,District
kirby,Nonsense
kirschenmann_road,Infrastructure
kit,Nonsense
kk,Nonsense
klamath_region,Geographic_Unit
klamath_river_reservoirs,Infrastructure
klausmeyer_k,Person
klein_denatale_goldner,Company
knights_valley,Geographic_Unit
knutson_meadow,Natural_Feature
konikow,Person
konocti_vista_casino,Nonsense
kosi_hills_resource_conservation_project,Water_Project
krista_monitoring_wellc_pw,Technical
kristian_alfelor,Person
krug,Nonsense
krypton,Nonsense
ksb1071,Nonsense
ksb1628,Nonsense
kuyler_crocker,Person
kvon_radio,Nonsense
l1_3,Nonsense
l_arsenic,Nonsense
l_department_of_health_services,State_Gov
l_elevated,Nonsense
l_long,Nonsense
l_o_angeles_city_council,Group
la_asistencia_de_voluntarios_de_la_comunidad_y_organizaciones,District
la_implementación_del_groundwater_sustainability_plan,Technical
la_sección,Nonsense
la_sección_10721,Legal
la_sección_11,Reference
la_sección_6,Reference
la_sección_8,Reference
label_seal_depth_attribute,Technical
labolle,Nonsense
labor_force_data_labor_force_employed_per_capita_income_unemployment,Technical
laboratories_and_sampling_services_inyo_county,County
laboratory_duplicate,Nonsense
laboratory_turnaround_time_laboratory,Technical
lacustrine_palustrine,Natural_Feature
laguna_formation_the_laguna_formation,Natural_Feature
laguna_irrigation_district,District
laguna_mark,Nonsense
laidlaw_environmental,District
lake_county_code,Legal
lake_county_division_of_environmental_health,Local_Gov
lake_millerton,Natural_Feature
lake_skinner,Natural_Feature
lake_subbasin_board_agenda,Reference
lakeview_groundwater_dependent_ecosystem_evaluation_unit_vegetation,Natural_Feature
lambert_conformal_conic,Technical
lamont_public_utilities_district_mw,District
lamont_public_utility_district,District
lanare_community_services_district,District
lanare_community_services_district_the_lanare_community_services_district,District
lanare_csd,Local_Gov
land_area_representation,Technical
land_conservancy_of_san_luis_obispo_county,County
land_conservation_act,Legal
land_or_water_use_authority,Group
land_subsidence_monitoring_data_gaps,Technical
land_subsidence_monitoring_high_resolution,Technical
land_subsidence_monitoring_network,Technical
land_subsidence_monitoring_network_4633_identification_of_data_gaps_beyond,Technical
land_subsidence_representative,District
land_subsidence_the_undesirable_result_for_land_subsidence,District
land_surface,Natural_Feature
land_surface_checkpoints,Technical
land_surface_subsidence_land,District
land_sustainable_management,Nonsense
land_system_annual_water_budget_gw,Technical
land_trust,NGO
land_use_circulation,Technical
land_use_data_land,Technical
land_use_plans,Technical
land_use_plans_and_efforts_to_address_potential_risks_to_groundwater_quality_and_quantity_land,Reference
land_use_plans_outside,District
land_use_plans_outside_sutter_subbasin_land,District
land_use_policies,Legal
land_use_policy_b111,Legal
land_uses_department_of_water_resources_land_use_surveys,Technical
landiq_data,Technical
landowner_meetings_webinar_tbd,Group
landsat_8,Technical
landslide_deposits,District
lang_gage,Nonsense
langley_area,Geographic_Unit
langley_area_subbasin,Basin
larry_elliot,Person
larry_hirahara,Person
larry_walker_associates_inc,Company
las_condiciones_históricas_y,Nonsense
las_elevaciones_de_aguas_subterráneas,Technical
las_operaciones_cga,Group
las_posas_valley_outlying_areas,Geographic_Unit
las_recomendaciones,Nonsense
lascd,District
lassen_counties,Local_Gov
lassen_county_code,Legal
lassen_county_municipal_code,Legal
lassen_county_water_well_ordinance,Legal
lassen_groundwater_sustainability_agency_formation_public,Group
lassen_modoc_board_of_supervisors,Group
last_chance_main_canal,Infrastructure
lasthenia,Natural_Feature
lateral,Nonsense
lateral_b,Infrastructure
laton_community_service_district,District
laton_csd,District
laton_library,Local_Gov
laura_foglia,Person
laurel_creek,Natural_Feature
laurel_sumac,Natural_Feature
lawrence,Person
lawrence_livermore_lab,Federal_Gov
lawrence_livermore_laboratory,Federal_Gov
layer,Nonsense
layer_4_layer_4,Nonsense
layers_needs_assessment_arsenic_terms_of,Reference
le,Nonsense
le_grand_athlone_water_district,District
lead,Nonsense
leadership_council_for_justice_accountability,Group
leadership_counsel_for_justice_and,NGO
leading,Nonsense
league_of_united_latin_american_citizens,NGO
leah_brown,Person
legal,Legal
legal_authority_article_6,Legal
legal_authority_california_water_code_section,State_Gov
legal_authority_legal,Legal
legal_authority_richvale_irrigation_district,District
legal_counsel,Group
legal_or_enforcement_actions,Legal
legislative,Nonsense
legislative_regulatory_requirement,Legal
lemieux,Nonsense
leptoceridae,District
les_chau_project_manager,Person
leslie_bennett,Person
less,Nonsense
lessalt_treatment_plan,Technical
levels_in_storage,Technical
levi_paulin_department_of_water_resources,Person
lewis_creek,Natural_Feature
ley_de,Nonsense
lgc,NGO
liaison,Nonsense
liberty_canal,Infrastructure
liberty_mill_race_company_inc,Company
liberty_yolo_bypass,Infrastructure
library,Nonsense
lime_saddle,Infrastructure
limicola,Nonsense
limited,Nonsense
limnetic,Natural_Feature
limnology,Technical
lims,Data_System
lincoln_cota_percolation_ponds,Infrastructure
lincoln_road,Nonsense
lincoln_village,City
lindcove_hamlet_plan,Technical
lindmore_exeter_dry_wells_project,Water_Project
lindsay_land_use_and,Nonsense
lindsay_strathmore,Geographic_Unit
line_2776,Nonsense
linear,Nonsense
lingate_mutual_water_company,Company
lion_mountain_ranch,Nonsense
lions_club_seeking_council_approval,Nonsense
lisa_herbert,Person
list_of_public_meetings,Nonsense
listed,Nonsense
lithologic_characterization_results,Technical
lithologic_correlation,Technical
little_dry_creek,Natural_Feature
little_panoche,Basin
little_panoche_creek,Natural_Feature
little_salt_creek,Natural_Feature
little_truckee_diversion,Infrastructure
little_truckee_diversion_canal,Infrastructure
little_wildcat_creek,Natural_Feature
live_oak_canyon_fault_zone,Geographic_Unit
live_oak_chaparral,Natural_Feature
live_oak_forest,Natural_Feature
live_oak_woodland,Natural_Feature
live_stream_agreement,Group
livermore_valley,Geographic_Unit
living_trust,Nonsense
llagas_subbasin_north,Basin
llllnnnnnn,Nonsense
ln,Nonsense
lo,Nonsense
local_agency_meeting,Group
local_groundwater_assistance_grant_program,Legal
local_primacy_agency_authority,Group
local_primacy_program,Group
local_program,Nonsense
local_standards_the_federal_and_state,Nonsense
local_well_ids,District
localized,Nonsense
localized_outreach_and_engagement_strategies_1,Technical
localized_spatial_data_gaps_for_shallow_groundwater_level_monitoring_near_streams,Technical
localmente,Nonsense
located,Nonsense
location_meeting_purpose_topics,Nonsense
loch_lomond_recreation_area,Geographic_Unit
logs_from_rcs,Technical
lompico_aquifer,Natural_Feature
lompico_aquifer_groundwater_elevations,Technical
lompico_county_water_district,District
lompoc_diatomite_project91,Water_Project
lompoc_federal_penitentiary,Nonsense
lompoc_upland_19_nd,Basin
lon,Nonsense
lone_pine_creek,Natural_Feature
lone_tree,Nonsense
lone_tree_channel,Natural_Feature
long_range_development_plan,Technical
long_term_funding_committees,Group
long_term_goals,Nonsense
long_term_reports,Technical
lookout_transfer_station,Infrastructure
loop_ranch,Local_Gov
loraine_5_nne,Geographic_Unit
lorena_alvarez,Person
lors,Nonsense
los_alamos_community_plan,Technical
los_angeles_county_superior_court,Nonsense
los_angeles_department_of_water_and_power_water_resource_management,District
los_angeles_sheet,Reference
los_angeles_superior_court,Nonsense
los_banos_detention_dam_and_reservoir,Infrastructure
los_banos_detention_reservoir,Infrastructure
los_banos_future_of_our_water_resources,Reference
los_carneros_water_district_recycled_water_project,Water_Project
los_molinos_subbasin_historical_lateral_subsurface_groundwater,Natural_Feature
los_molinos_subbasin_table_4_3,Reference
los_molinos_subbasin_upper_aquifer,Natural_Feature
los_osos,City
los_padres,Geographic_Unit
los_presupuestos_de_agua_históricos_de_las_entradas_totales,Technical
los_resultados,Nonsense
los_suministros_de_agua,Nonsense
los_suministros_de_agua_de_la_subcuenta,Nonsense
los_vaqueros_reservoir_jpa,Group
los_water_quality_control,District
losing,Nonsense
louisiana,State_Gov
low_alluvial_fan,Natural_Feature
low_energy_precision_application_systems,Technical
lower,Nonsense
lower_and_upper_uncertainty_wafr_fractions,Technical
lower_aquifer_storage,Natural_Feature
lower_aquifer_table,Reference
lower_carlotta,Geographic_Unit
lower_colorado_water_supply_project,Water_Project
lower_klamath_wildlife_refuge,Natural_Feature
lower_paso_robles,Basin
lower_princeton_valley,Geographic_Unit
lower_san_antonio,Basin
lower_tule_irrigation,District
lower_tule_river_irrigation_district_groundwater_sustainability_agency_board,Group
lower_tule_river_irrigation_district_groundwater_sustainability_agency_decision_making_structure,Group
lowlands_subbasins,Basin
loyalton_clover_valley,Geographic_Unit
lphs,Nonsense
ls,Nonsense
ls_pistol_range,Infrastructure
ltgc,Nonsense
ltrc,Nonsense
ltridgsa,Local_GSA
lu_91_open_space_parks,Geographic_Unit
lucille_n_demetriﬀ_and_food_supply,Nonsense
luhdorf_scalmanini,Person
luhdorff_scalamini,Company
lumber_company,Nonsense
lump_sum_required_compliance_activities,Nonsense
lydon_1968,Reference
lynn_compton,Person
lynn_phillips,Person
lynn_wheat,Person
lynne_bogetti,Person
m_mukae,Person
ma_creation_management_areas,Geographic_Unit
mab_north,Geographic_Unit
macdoel_waterworks,District
macgillivray_jones,Person
machlin,Nonsense
madchow25,Nonsense
madeline,City
madera_canal_and_flood_diversions,Infrastructure
madera_canal_and_flood_diversions_data,Technical
madera_chowchilla_groundwater_monitoring_group,Group
madera_chowchilla_water_and,Nonsense
madera_city_hall,Local_Gov
madera_community_college_center_max_expansion_fixed,Infrastructure
madera_county_chowchilla_groundwater_sustainability_agency,Other_GSA
madera_county_code,Legal
madera_county_elevation_monitoring_statewide_groundwater_elevation_monitoring,Technical
madera_county_library,Nonsense
madera_county_office_of_education,Local_Gov
madera_county_superior_court,Nonsense
madera_draft,Reference
madera_farm_bureau_committee,Group
madera_farm_madera,Nonsense
madera_farm_projects,Water_Project
madera_groundwater,Basin
madera_id_groundwater_sustainability_agency,Other_GSA
madera_integrated_regional_water_management_plan,Technical
madera_irrigation_district_and,District
madera_irrigation_district_deliveries,District
madera_irrigation_district_groundwater_sustainability_agency_board_of_directors,Group
madera_irrigation_district_groundwater_sustainability_agency_canal_system,Infrastructure
madera_irrigation_district_groundwater_sustainability_agency_implementation,District
madera_subbasin_coordinating,Group
madera_subbasin_coordination,Group
madera_subbasin_domestic,Geographic_Unit
madera_subbasin_sustainable_groundwater_management,Legal
madera_unified_school_district_seeking_council_approval,Nonsense
madera_water_district_board_of_directors,Group
madera_water_district_groundwater_sustainability_agency_board_of_directors,Group
madera_water_water_district,District
maderachowchilla_groundwater_monitoring_group,Group
madrone,Nonsense
magalia,City
magnesium,Nonsense
main_i_canal,Infrastructure
main_napa_valley_floor_lsce,Natural_Feature
main_street_bridge,District
maine_prairie,District
mainsite,Nonsense
mainstem,Natural_Feature
maintain,Nonsense
maintain_and,Nonsense
maintain_data_management_system,Technical
maintained_sustainability_code_description_download,Reference
maintaining,Nonsense
major_concerns_or_challenges,Nonsense
major_hydraulic,Nonsense
major_land,Geographic_Unit
major_land_use_divisions,Geographic_Unit
major_streams,Natural_Feature
malaga_county_water_district_wastewater_plant,Infrastructure
mallard_slough,Natural_Feature
manage_recharge,Nonsense
managed_aquifer_recharge_project,Water_Project
management_action_1,Nonsense
management_action_description,Nonsense
management_actions_management,Nonsense
management_area_1,Geographic_Unit
management_area_advisory_committees,Group
management_area_e,Geographic_Unit
management_area_k,Geographic_Unit
management_area_plan,Technical
management_area_status,Technical
management_areas_1,Reference
management_areas_c,Group
management_criteria,Legal
management_dairy_farmers,Group
management_for_contractors,Nonsense
management_monitoring_areas,Geographic_Unit
management_of_groundwater_extractions_and,Nonsense
management_of_groundwater_use_and,Nonsense
management_operations,Nonsense
management_practices_evaluation_program_committee,Group
management_processes,Nonsense
management_project_name_action_type,Nonsense
management_project_name_organization_action_type_structural_1,Nonsense
management_zone_6,Geographic_Unit
manana,Nonsense
mandalay_county_park,Local_Gov
mandalay_state_beaches,Natural_Feature
manejo_de_recursos,Nonsense
mankinen,Person
mansionette_estates,Nonsense
manteca_general_plan,Technical
manual,Reference
manure_management_plan,Technical
many,Nonsense
mapbook,Reference
mapping_of_evapotranspiration_with,Technical
marin_counties,Geographic_Unit
marina_coast_water_district_groundwater_sustainability_agency_board,Group
marina_groundwater_sustainability_agency_area,Geographic_Unit
marine_fisheries_service,Federal_Gov
marisa,Person
marisa_hernandez,Person
marisa_martinez,Person
marisa_perez_reyes,Person
marjorie_b_sellers,Person
mark_merri,Person
mark_orme,Person
marlaigne_k_dumaine,Person
martha_flores,Person
mary_adams,Infrastructure
mathias,Nonsense
matilija_dams,Infrastructure
matrix_spike_access,Technical
matters,Nonsense
matthew_bogetti,Person
matthew_d_lindsey,Person
maureen_teubert,Person
mav,District
maximum_benefit_objectives,Legal
maximum_contaminant_level_exceedances,Technical
maximum_contaminant_level_us,Legal
maximum_contaminant_levels_monterey_countypwd,District
maximum_likelihood_bayesian_model,Technical
maxwell_irrigation_district,District
may_limit_operational_flexibility,Nonsense
mayfly_insects_enallagma,Natural_Feature
mbdm,Nonsense
mc_groundwater_sustainability_agency_board_of_directors,Group
mcalister_nested_monitoring_wells,Technical
mcallister_ranch,Nonsense
mcallister_ranch_water_banking_project,Water_Project
mcateer_petris_act,Legal
mcdm,Nonsense
mcewen_brothers_water_system,Natural_Feature
mcfarland_groundwater_sustainability_agency,Other_GSA
mcguire,Person
mcintire_creek,Natural_Feature
mckinleyville,City
mclaughlin_et_al_2008,Reference
mcmc,Group
mcnabb_creek,Natural_Feature
mcnell,Nonsense
mcnulty_slough,Natural_Feature
mcwd6,District
mcwra_board_of_directors_or,Group
mcwra_reservoir_operations_advisory_committee,Group
mcwra_water_transfer_project,Water_Project
mdbm_the_deer_creek,Natural_Feature
mdc,District
meadowbrook_farms,Geographic_Unit
mean_total,Nonsense
measurable_objective_for_chronic_lowering_of_groundwater_levels,Technical
measurable_objective_for_reduction_of_groundwater_storage,Technical
measurable_objectives_for_interconnected_surface_waters,Technical
measurable_objectives_for_subsidence_3231,District
measurable_objectives_monitoring_networks,Technical
measured,Nonsense
measured_accretions,Technical
measures,Nonsense
measuring_water_levels,Technical
mechoopda_indian_tribe,Group
media_contacts_working_group,Group
medium_priority,Nonsense
meeting,Nonsense
meeting_co_host,Nonsense
meeting_inventory_table,Reference
meets_sustainable_management_criteria_sustainable_goal_development_water,Technical
meiss_ranch_company,Company
mel_senna_brake_service,Nonsense
melissa_fryer,Person
mello_roos_community_facilities_act,Legal
memoranda,Reference
memoranda_of_understanding,Legal
memorandum_of_agreement_to_jointly_form,Legal
memorandum_of_understanding_for_cooperation_and_coordination_of_the_kaweah,Legal
memorandums_of_understanding,Legal
mendocino_city_community_services_district,District
mendocino_college,Nonsense
mendocino_range,Natural_Feature
mendota_pool_group_monitoring_and_reporting_program,Technical
mendota_subbasin_groundwater_sustainability_plan_groups,Group
menifee_desalters,Infrastructure
menifee_environmental_and,Nonsense
menifee_groundwater_management_zone,Geographic_Unit
menifee_subwatershed,Geographic_Unit
mentis,Nonsense
menu,Nonsense
merced_chowchilla_subbasin,Basin
merced_chowchilla_water_transfer_intertie,Water_Project
merced_co_groundwater_sustainability_agency_board_of_directors,Group
merced_county_administration_building,Infrastructure
merced_county_building,Infrastructure
merced_county_community_plans_community,Group
merced_county_division_of_environmental_health,Local_Gov
merced_county_general_plan_agricultural_element,Reference
merced_county_general_plan_water_element,Reference
merced_county_groundwater_ordinance,Legal
merced_county_merced_county,County
merced_county_parcels,Data_System
merced_farm_bureau,NGO
merced_farm_groundwater_sustainability_plan_advisory,Group
merced_groundwater_subbasin_groundwater_sustainability,Basin
merced_groundwater_sustainability_overview,Reference
merced_groundwater_sustainability_plan_stakeholder_and_coordinating_committee_meetings,Group
merced_id,District
merced_intertie,Infrastructure
merced_merced_county_department,Group
merced_subbasin_community_workshop,Group
merced_subbasin_community_workshops,Group
merced_subbasin_draft_groundwater_sustainabilityplan,Technical
merced_subbasin_groundwater_sustainability_agency_board,Group
merced_subbasin_groundwater_sustainability_plan_community,Group
merced_subbasin_groundwater_sustainability_plan_community_workshop,Group
merced_subbasin_groundwater_sustainability_plan_community_workshops,Group
merced_subbasin_memorandum,Reference
merced_subbasin_sustainability_goal,Legal
merced_subbasins,Basin
merced_water_resources,Local_Gov
mercedsunstar,Nonsense
merchant_street,Nonsense
meredith_niles,Person
meridian_farms_water_company,District
mesa_verde_estates_specific_plan,Technical
mesozoic_sierran,Natural_Feature
metals_metals,Nonsense
meter_ysi_pro_plus_oxygen,Infrastructure
metered,Nonsense
metered_high,Nonsense
metering_infrastructure,Infrastructure
methods_data_information,Natural_Feature
metrics,Technical
metropolitan_bakersfield_sphere_of_influence_area,Geographic_Unit
metropolitan_facilities,Infrastructure
metropolitan_golf_links,Nonsense
metzgar,Nonsense
meyer,Person
meyers_farms,Nonsense
mf_kane,Person
mg_l_us_environmental_protection_agency,Group
mga_board_meeting,Group
mga_bylaws,Legal
mga_communication_and_engagement_plan,Technical
mgsa_coordiantion_agreement_board_of_directors_regular_meeting_sep_12,Group
mha_environmental_consulting,Company
mi_groundwater_supplies,Natural_Feature
mi_municipal_and,Nonsense
mi_surface_water_supplies,Natural_Feature
micaela_a_mejia,Person
michael,Person
michelson_lab,Nonsense
microsoft_excel_or_access,Technical
mid_county_basin_model_integration,Technical
mid_valley_disposal_site,District
mid_valley_water_district,District
middle_cosumnes,District
migration_of_contaminated_groundwater_active,Technical
mike_cloud,Person
mike_jenkins,Person
mile76,Nonsense
milepost,Nonsense
milepost_29339,Nonsense
miles_bettencourt,Person
milestone_state_well_number,Technical
milk_species,Nonsense
mill_creek_mill_creek,Natural_Feature
mill_creeks,Natural_Feature
millerton_friant_dam,Infrastructure
millrace_creek,Natural_Feature
minh_c_tran,Person
minimum_threshold_development_consistent,Legal
minimum_thresholds_and_measure_objectives,Technical
miocene_pliocene_mehrten_formation,Natural_Feature
miocene_valley_springs_formation,Natural_Feature
miossi_creek,Natural_Feature
mission_and_principles_of_participation,Reference
mission_hills_community_service_district_mission_hills_community_services_district,District
mission_indians,Group
mission_oaks,Nonsense
mission_resource_conservation_district,District
mississippi,Geographic_Unit
mit_department_of,Nonsense
mit_hard_public_disputes_program,Group
mitigation_framework,Legal
mjl,Nonsense
mkgsa_joint_powers_authority,Group
mn,Nonsense
mo_nitoring_data,Technical
model_21_model_codes_a,Technical
model_ad_hoc_group,Group
model_assumptions,Technical
model_assumptions_and_inputs_groundwater,Technical
model_development_groundwater_sustainability_agencies,Group
model_hydraulic_conductivity_distribution_hydraulic,Technical
model_input,Technical
model_integration,Technical
model_layer_2,Technical
model_layer_5,Technical
model_layer_development_and,Technical
model_layers_1,Technical
model_layers_2_and,Technical
model_reclaimed_pond,Technical
model_source_code_and_management_of_spatiotemporal_data,Technical
modeling,Technical
modeling_updates_4231_project_description,Technical
modernization_project,Water_Project
modesto_data,Technical
modesto_groundwater_sustainability_plan,Technical
modesto_id_management_area,Geographic_Unit
modesto_irrigation_district_domestic_water_treatment_plant,Infrastructure
modesto_reservoir,Infrastructure
modesto_subbasin_definition_of_undesirable_results,Reference
modesto_subbasin_plan,Technical
modflow_multi_node_well,Technical
modflow_rch,Technical
modflow_usg_groundwater_discharge_to,Technical
modflow_usg_septic_system_percolation_data,Technical
modflow_usg_subsurface_inflow_beneath_castaic_dam,Infrastructure
modflw_surfac,Technical
modify,Nonsense
modify_monterey,Nonsense
modify_monterey_one_water_recycled_water,Water_Project
modlow,Nonsense
modoc_county_boards_of_supervisors,Local_Gov
modoc_county_environmental_health_department,Group
modoc_county_water_well_requirements,Legal
modoc_county_watermaster,Local_Gov
modular,Nonsense
moeser,Person
mogwl,Nonsense
mohamed_nassar,Person
mohrland_mutural_water_co,Company
mojave_pistachios,Company
mojave_san,District
mokelumne_aqueduct,Infrastructure
mokelumne_river_hydroelectric_project,Water_Project
mokelumne_river_loss_study,Technical
molly_thurman,Person
monica_mtns,Natural_Feature
monica_sanchez,Person
monitored_charnock_no,Technical
monitored_for_groundwater_levels,Technical
monitored_subsidence_stations,Technical
monitoring_5,Technical
monitoring_and_adaptive_management,Technical
monitoring_and_data_collection,Technical
monitoring_and_evaluation_reports,Technical
monitoring_and_management_program_limitations_on_operational_flexibility,Technical
monitoring_data,Technical
monitoring_data_entry_monitoring,Technical
monitoring_frequency,Technical
monitoring_future,Technical
monitoring_network_chapter,Technical
monitoring_network_improvements,Technical
monitoring_networks_and_identification_of_data,Technical
monitoring_networks_and_identification_of_data_gaps_best_management_practice,Technical
monitoring_networks_data,Technical
monitoring_networks_monitoring,Technical
monitoring_programs_beyond,Technical
monitoring_progress_toward_measurable_objectives,Technical
monitoring_protocols_for_data_collection_and_monitoring_pursuant,Technical
monitoring_protocols_for_data_collection_and_monitoring_sample,Technical
monitoring_protocols_for_data_collection_and_monitoring_the_san_joaquin_riverec,Technical
monitoring_protocols_monitoring,Technical
monitoring_reporting_program,Technical
monitoring_site_selection_process_considerations,Technical
monitoring_wells_owned,Technical
monitors,Technical
mono_county_code,Legal
mono_county_general_plan_2015,Reference
monroeville,Geographic_Unit
monson,City
montalvo,Nonsense
montecito_consistent,Nonsense
montecito_groundwater_basin_technical_advisory_committee,Group
montecito_growth_management_ordinance,Legal
montecito_water_district_advisory_committee,Group
montecito_water_district_montecito_groundwater_sustainability_agency,Other_GSA
monterey_aquifer_subbasin_groundwater_sustainability_plan,Technical
monterey_aquifers,Natural_Feature
monterey_bay_groundwater_sustainability_agency,Other_GSA
monterey_board_of_supervisors,Group
monterey_counties,Local_Gov
monterey_county_department_of,Nonsense
monterey_county_environmental_health,Local_Gov
monterey_county_environmental_health_services,Local_Gov
monterey_county_water_resources_advisory_committee_regular_meeting,Group
monterey_herald,NGO
monterey_one_water,District
monterey_peninsula_region,Geographic_Unit
monterey_peninsula_water_management_district_fo09,District
monterey_peninsula_water_project,Water_Project
monterey_regional_water_pollution_control_agency,Group
monterey_shale_and,Nonsense
monterey_shale_formations,Natural_Feature
monterey_subbasin_conceptual,Technical
monterey_subbasin_cross_section_locations,Reference
monterey_subbasin_of,Basin
monterey_subbasin_subbasin,Basin
month,Nonsense
monthly,Nonsense
monthly_scotts_valley_water,Technical
mootamai,Nonsense
mordeckai,Nonsense
morongo_band_of_mission,Local_Gov
morro_bay,City
morro_coast_audubon_society,NGO
mosquito_ditch,Infrastructure
moss_landing_state_beach,Natural_Feature
moss_landing_wildlife_area,Geographic_Unit
motion,Nonsense
motivation_nevada_legislature,Nonsense
mound_basin_groundwater_sustainability_agency_bylaws,Legal
mound_to_oxnard,Water_Project
mount_hermon_association_groundwater_management_monitoring_program,Technical
mount_hermon_association_groundwater_management_monitoring_program_reference_point_primary_producing,Technical
mount_hermon_association_groundwater_monitoring_and_management,Technical
mountain_block,Natural_Feature
mountain_front,Geographic_Unit
mountain_house_community_services_district_urban_water_management_plan,Technical
mountain_map,Reference
move,Nonsense
mpep_committee,Group
mpwmdfo9,Nonsense
ms,Nonsense
ms4_co_permittees,Group
ms4_copermittees,Group
msc,Nonsense
msd,District
mt_eden_formation,Natural_Feature
mt_ranch_flood,Natural_Feature
mukae_turner,Person
multi_benefit,Nonsense
multi_benefit_recharge,Water_Project
multi_family_residential,District
multi_groundwater_sustainability_agency,Other_GSA
multilateral,Nonsense
multilayer,Nonsense
multiple_data_sets,Technical
multiple_private_and_government_clients_and_projects,Water_Project
multipurpose,Nonsense
municipal_advisory_councils,Group
municipal_codes,Legal
municipal_community_well_operators,Group
municipal_pumping_municipal,Technical
municipal_service_review,Reference
must_include_additional_information,Natural_Feature
must_protect_against_significant_and,Nonsense
must_protect_against_significant_and_unreasonable,Legal
mustang_creek_flood_control,District
mutal_water_company,Company
mw4a,Nonsense
mw6a,Nonsense
mw_wl,Nonsense
my_scotts_valley,Geographic_Unit
my_scotts_valley_smgwa_board,Group
myrick_2007124,Reference
mystacides,District
n7_22_executive_order,Legal
n_22_020,Nonsense
n_a_0,Nonsense
n_a_832020,Nonsense
n_a_subsidence,District
n_annual,Nonsense
n_data,Technical
n_delta_groundwater_sustainability_agency,Other_GSA
n_l,Nonsense
n_notably,Nonsense
na_agricultural,Nonsense
na_model_output_output,Technical
nacimiento_water,District
nacimiento_water_release_management,Group
nad,Nonsense
napa_counties,Local_Gov
napa_county178,Local_Gov
napa_county_comprehensive_groundwater_monitoring_program,Technical
napa_county_data_management_system_data,Technical
napa_county_flood_control_district,District
napa_county_flood_control_district_and_water_conservation_district,District
napa_county_general_fund,Local_Gov
napa_county_groundwater_program_communication_and_education_plan,Technical
napa_county_groundwater_quality_monitoring,Technical
napa_county_groundwater_sustainability_agency_formation_the_basin_analysis_report,Technical
napa_county_groundwater_sustainability_agency_stakeholder_communication,Technical
napa_county_program_property,Local_Gov
napa_county_public_improvement_corporation,Group
napa_county_resource_conservation_district_groundwater_surface_water_connections_story_map,Reference
napa_county_stage,Local_Gov
napa_county_stream_watch,Group
napa_county_watershed,Basin
napa_county_williamson_act,Legal
napa_county_winery,Nonsense
napa_county_winery_definition_ordinance,Legal
napa_ecological_reserve,Natural_Feature
napa_lowlands,Geographic_Unit
napa_river_s022596,Natural_Feature
napa_sanitation_district_wastewater_treatment_plant_master_plan,Technical
napa_shown,Nonsense
napa_valley_agricultural_preserve,Geographic_Unit
napa_valley_floor_figure,Reference
napa_valley_geologic,Technical
napa_valley_integrated_hydrologic_model_development,Technical
napa_valley_subbasin_alternative,Basin
napa_valley_subbasin_groundwater_sustainability_plan_planned_projects_table,Reference
napa_valley_subbasin_interconnected_surface_water,Natural_Feature
napa_valley_subbasin_sustainable,Basin
napa_valley_unified_school_district,District
napacounty216s,Geographic_Unit
napacounty220s,Geographic_Unit
napacounty220s_swgw4,District
narrows_cross_section,Reference
narrows_nr_lompoc_ca_11133000,Infrastructure
nash,Nonsense
natalie_stork,Person
nation,Nonsense
national_agencies,Group
national_association_for_the_advancement_of_colored_people,NGO
national_cli,Nonsense
national_climactic_data_center,Technical
national_communities,Group
national_environmental_laboratory_accreditation_program_institute,Group
national_framework_for_ground,Legal
national_geodetic_survey_federal_information_processing_standard,Federal_Gov
national_geospatial_intelligence_agency,Federal_Gov
national_hydrographic_dataset,Technical
national_laboratory,Group
national_marine_fisheries_national_marine_fisheries_service,Federal_Gov
national_marine_fisheries_service_draft_biological_opinion_for,Federal_Gov
national_ocean_atmospheric_administration,Federal_Gov
national_oceanic_and_atmospheric_administration_additionally,Federal_Gov
national_oceanic_and_atmospheric_administration_fisheries_coastal_multispecies_recovery_plan,Technical
national_oceanic_and_atmospheric_administration_natural_communitiesei,Federal_Gov
national_oil_and_hazardous_substances_contingency_plan,Technical
national_pollutant_discharge_elimination_system_permit,Legal
national_pollutant_discharge_elimination_system_permit_program_authorized,Legal
national_pollution_discharge_elimination_system,Legal
national_renewable_energy_lab,Federal_Gov
national_water_information_sytem,Data_System
national_water_quality_assessment,Technical
national_water_quality_assessment_program,Federal_Gov
national_water_quality_laboratory_technical_memorandum,Technical
national_water_research_institute,NGO
national_weather_service_us_army_corps_of_engineers_us_bureau_of_reclamation_us_geological_survey,Federal_Gov
national_wetland_inventory_wetland_data,Technical
national_wildlife_refuge_system,Federal_Gov
nationõs,Nonsense
native_american_heritage_commission_sacred_lands_file,Data_System
native_the_department_of_defense_march_air,Federal_Gov
native_the_santa_ynez_band_of,Group
native_vegetation_and_rural_domestic,Geographic_Unit
native_vegetation_and_urban_areas_native,Natural_Feature
natomas_basin_conservancy,District
natomas_cross_canal_north_levee,Infrastructure
natomas_cross_canal_table,Reference
natomas_east_drain,Infrastructure
natural_channels_seepage_fraction,Technical
natural_communities_commonly,Natural_Feature
natural_communities_commonly_associated_with_groundwater_dataset_review_a_geographic_information_system,Technical
natural_communities_commonly_associated_with_groundwater_natural_communities,Group
natural_resource_conservation,Group
natural_resource_land_use_committee,Group
natural_resources,Nonsense
natural_resources_agency_open_data,Technical
natural_resources_agency_open_data_platform,Technical
natural_resources_conservation_division,State_Gov
natural_resources_conservation_service_conservation_innovation_grant,Federal_Gov
natural_resources_power_authority_conservation_service,District
nature,Nonsense
nature_conservancy_critical_species_lookbook,NGO
nature_conservancy_executive_summary,Reference
nature_conservancy_figure,Reference
nature_conservancy_notes,NGO
naval_air_weapons_station,Infrastructure
navigation_satellite_timing,Technical
navy_program_chemist,Person
naws_china_lake_monitoring_program,Technical
nccps_b,Basin
ncgwb_figure,Reference
ncr,Geographic_Unit
nd_groundwater_sustainability_agency,Other_GSA
ndpes,Legal
near_term_collaboration_structure,Group
nebraska,State_Gov
needs,Nonsense
needs_public_services_and_facilities_element_objective_psf1a,Reference
neha_hoskins,Person
nelson_et_al,Reference
neovison_vison_american_mink,Natural_Feature
nepal,Geographic_Unit
neswtf_expansion,Water_Project
net_subsurface,Technical
network_enrollment_and_expansion,Technical
nevada_irrigation_district_board_of_directors,Group
new_cuyama_family_resource_center,Local_Gov
new_cuyama_station,Infrastructure
new_facilities,Infrastructure
new_geologic_cross_sections,Technical
new_melones_project,Water_Project
new_mexico_tech_analysis_center,Technical
new_multilevel_monitoring_wells,Technical
new_planning_thresholds,Legal
new_stone_water_district_groundwater_sustainability_agency_board_of_directors,Group
new_well_information,Natural_Feature
new_well_permit_county,County
newberryi,Nonsense
newhall_ranch_service_area,Geographic_Unit
newman_spillway,Infrastructure
newport_beach,City
newsletter,Nonsense
newton_raphson,Technical
newville,Nonsense
nextdoorcom,Company
nf,Nonsense
ngo024,Nonsense
ngo_consortium,Group
ngos,NGO
nhrg,Group
nicholas_keller,Person
nicholas_m_johnson,Person
nicholson_et_al,Reference
nick_buckmaster,Person
nick_c_degroot_water_treatment_plant,Infrastructure
nick_turner,Person
nicolaus_sut,District
nielsen_recharge_basin,Basin
nimbus,Infrastructure
nipomo_mesa,Geographic_Unit
niswonger_and_prudic,Reference
niswonger_henson,Person
nitrate,Natural_Feature
nitrogen_tds_task_force,Group
no_board,Group
no_mf,Nonsense
no_natural_community_conservation_plans,Technical
no_sustainable_management_criteria,Nonsense
noble_creek_recharge_facility,Infrastructure
noco,Company
nomlaki_tuff,Natural_Feature
non,Nonsense
non_community_water_systems_a,Technical
non_district_east_management_area,Geographic_Unit
non_hydrolyzing,Nonsense
non_municipal_public_water_systems_additional,Technical
non_municipal_public_water_systems_water_use_napa_valley_water,Technical
non_potable_and_recycled_water,Water_Project
non_state_water_project,Water_Project
non_stormwater_best_management_practices,Legal
non_sustainable_groundwater_management_act,Legal
non_transient_non_community_water_systems,Natural_Feature
non_upper_ventura_riverga,Basin
none,Nonsense
none_none,Nonsense
nonmarine_pliocene,Geographic_Unit
nonprofit_california_protected_area,State_Gov
norco_on,Local_Gov
norco_urban_water_management,Group
nordhoff_peak,Natural_Feature
norm_brown,Person
normal_hydrology_forecast_period,Technical
normalized,Nonsense
normalized_difference_vegetation_index_audubon,Technical
north_american_conjunctive_use_program,Group
north_american_subbasin_draft,Reference
north_american_waterfowl_management_plan,Technical
north_and_south_delta_water_agencies,Group
north_bench_management,Local_Gov
north_carolina_superior_court,Legal
north_cell_infiltration,Infrastructure
north_coast_regional_water_control_board,Group
north_coast_resource,Nonsense
north_coast_resource_partnership_integrated_strategic_plan,Technical
north_delta_groundwater_sustainability_agency,Other_GSA
north_forbes_street,Nonsense
north_grasslands_wildlife_area,Geographic_Unit
north_kern_resource_conservation_district_mobile_irrigation_lab,District
north_kern_wsd,District
north_kings_groundwater_sustainability_agency_joint_powers_agreement,Group
north_kings_groundwater_sustainability_agency_management_structure_decisions,Group
north_management_area_for,Geographic_Unit
north_monterey_county,County
north_of_aptos_area,Geographic_Unit
north_of_aptos_area_faulting_current_groundwater_budget_similar,Technical
north_range_complex,Geographic_Unit
north_sacramento_river_corridor,District
north_sacramento_valley_board,Group
north_sacramento_valley_integrated_regional_water_management,Group
north_sacramento_valley_integrated_regional_water_medium_plan,Technical
north_san_diego_district,District
north_strategic_air_commandramento_county,County
north_tehama_street,Nonsense
north_temescal_wash_area,Geographic_Unit
north_yolo_management_area,Geographic_Unit
north_yuba_subbasin_surface,Natural_Feature
northern_agencies,Group
northern_buttonwillow_management_area,Geographic_Unit
northern_buttonwillow_service_area,Geographic_Unit
northern_california,State_Gov
northern_california_lower_pit_watershed,State_Gov
northern_region_office,Local_Gov
northern_sacramento_valley_integrated_regional_water_management_plan,Technical
northern_san_diego_county_invasive_non_native_species_control_program,Group
northfork_rancheria,Local_Gov
northwest_focus_area_water_budget_results_groundwater,Technical
northwest_kern_resource_conservation_district_contribution,District
northwest_quarter,Geographic_Unit
northwestern_delta_mendota,Basin
nos,Nonsense
note,Nonsense
notes_hydro_plant,Infrastructure
notes_i,Nonsense
notice_of_public_hearing,Reference
notices_of_intent,Legal
notification,Nonsense
npw,Nonsense
nrdc,NGO
nswd_groundwater_sustainability_agency,Other_GSA
nuestra_tierra,NGO
nuevo_menifee,Geographic_Unit
nuevo_water_company_archibek,Company
numbers_sub_article,Nonsense
nunez,Person
nursery,Nonsense
o_f,Nonsense
o_kuba_radio,NGO
o_l,Nonsense
o_mykiss_redd_construction,Company
o_putah_creek_council,Group
o_q,Nonsense
o_samantha_arthur,Person
o_territorial_dispatch_online_newspaper,Nonsense
oak,Nonsense
oak_knoll_ave,Nonsense
oak_ranch,Nonsense
oak_ridge_south_mountain,District
oak_savannah,Natural_Feature
oakdale_irrigation_discussion,Group
oakdale_recharge_to_benefit_groundwater,Water_Project
oakland_tribune_proof_of_publication_of_the_notice_of_public_hearing_to,Reference
oaklandberkeley_hills,Geographic_Unit
oawd_land_annexation,District
objective_name,Nonsense
objectives,Nonsense
observed_canopy_dieback,Technical
observed_thistle,Nonsense
october2018,Nonsense
of_groundwater,Nonsense
offers,Nonsense
offfocrs,Nonsense
office_of_county_counsel_board_of,Group
office_of_environmental_health_in,Local_Gov
office_of_ground_water_technical_memorandum,Technical
office_of_section,Reference
office_of_the_national_oceanic_and_atmospheric_administration,Federal_Gov
office_of_the_state_climatologist,State_Gov
office_of_water_use_efficiency,State_Gov
ohwd_agricultural_flood_managed_aquifer,Natural_Feature
ohwd_board_of_directors,Group
oil_gas,Nonsense
oilfield_reclaimed_water,Natural_Feature
ojai_syncline,Natural_Feature
ojai_valley_basins,Basin
ojai_water_system,Natural_Feature
oji_brothers_farm_inc,Company
oji_family_partnership,Company
oklahoma,State_Gov
olaf_p_jenkins_edition,Nonsense
olcese_groundwater_sustainability_agency_statewide_groundwater_elevation_monitoring,Technical
olcese_water_district_gsa,Other_GSA
old_alluvium,Natural_Feature
older_alluvium_terrace_deposits,Natural_Feature
olivarez_madruga,Person
olive_clubtail_insects,Natural_Feature
olympic_wellfield_groundwater_monitoring,Technical
olympic_wellfield_restoration,Water_Project
omochumne_hartnell,Local_Gov
omochumne_hartnell_2,District
omochumne_hartnell_water_district_board_of_directors,Group
on_climate_change,Nonsense
on_farm_management_actions_table,Reference
on_farm_recharge,Water_Project
on_figure,Reference
on_permit_nos,Data_System
oncorhynchus_central_valley,Geographic_Unit
oncorhynchus_middle_eel_river_tributaries_and,District
one_valley_one_vision,Group
oneill,Nonsense
ongoing_communication_and_public_outreach,Group
onsite_wastewater_treatment_systems,Infrastructure
open_house,Nonsense
open_space_and_conservation,Group
open_space_element,Reference
operating_budgets,Nonsense
operation,Nonsense
operation_of_the_swp,Water_Project
operational,Nonsense
operations_and_maintenance,Technical
operator,Nonsense
opportunities,Nonsense
opportunities_for_engagement_opportunities,Nonsense
opti_public_user_guide,District
oral,Nonsense
orange_counties,Local_Gov
orange_county_district,District
orange_county_sanitation_district,District
orange_vale_water_company,Company
ord_ferry,Infrastructure
ord_subareas,Geographic_Unit
ord_subbasin,Basin
ordergranting_cross_complainant,Legal
ordi_nance,Nonsense
ordovician,Natural_Feature
orestimba_creek_recharge_and_recovery_the_orestimba_creek_recharge_and_recovery_project,Water_Project
organization_and_management_structure,Nonsense
organization_and_management_structure_of,Nonsense
organization_and_management_structure_of_the,Nonsense
organization_and_management_structure_reclamation_district_no,District
organization_management_and_structure_of,Nonsense
organizational_internal,Nonsense
organized_for_relational_power_in_action,Nonsense
orland_public_works,Local_Gov
orm_ation_obtaine_d,Nonsense
oro_loma,District
oro_loma_sanitary_district_oro_loma_sanitary_district,District
oroville,City
oroville_sustainable_code_updates,Legal
os_12,Reference
ota_region_groundwater_sustainability_agency_knowledge,Group
other_groundwater_quality_groundwater,Natural_Feature
other_monitoring_and_management_programs,Technical
other_om,Nonsense
other_representatives,Group
other_water_management,Group
outflows_groundwater_system,Natural_Feature
output_control_output_control,Nonsense
outreach_and_communication,Group
outreach_and_education,Group
outreach_and_engagement_activities,Group
outreach_montecito_groundwater_sustainability_agency,Other_GSA
outreach_resources_tools,Technical
outreach_team,Group
overlapped,Nonsense
overlying,Legal
overview_analysis_for,Nonsense
overview_of_agricultural_resources,Reference
overview_of_data_sources,Technical
overview_of_the_water_problem,Reference
owens_hydrologic_unit,Geographic_Unit
owens_owens,Nonsense
owens_valley_ecological_value,Natural_Feature
owens_valley_fraxinus,Natural_Feature
owens_valley_groundwater_authority_assessment,Technical
owens_valley_groundwater_authority_directors,Group
owens_valley_groundwater_authority_executive_manager,Person
oxnard_board,Group
oxnard_criteria,Reference
p196,Reference
p_column,Nonsense
pacheco_reservoir_expansion,Water_Project
pacific,Natural_Feature
pacific_bell_telephone_company,Company
pacific_blackberry,Natural_Feature
pacific_coast_chinook,Natural_Feature
pacific_coast_highway,Infrastructure
pacific_fishery_management_council,Group
pacific_gas_and_electric_mgp,Company
pacific_gas_electric_company,Company
pacific_pipelines_superfund_site,Natural_Feature
pacific_theater,Nonsense
padre_study,Technical
page_240,Reference
page_251,Reference
page_286,Reference
pages,Nonsense
pajaro_valley_groundwater_sub_basin,Basin
palm_springs,City
palms,Nonsense
palms_groundwater_banking_and_recharge_project,Water_Project
paloma_clay,Natural_Feature
pan_evaporation_data,Technical
pandas,Nonsense
panday_et_al_2013,Reference
panoche_drainage_district,District
para_más_información,Nonsense
parameter_regression_for_independent_slopes_model,Technical
parameterization,Nonsense
pardee_and,Nonsense
pardee_dam_and_reservoir,Infrastructure
pardee_dam_reservoir_pardee_reservoir,Infrastructure
paregien_flood_control_and_recharge_project,Water_Project
parkfield,Geographic_Unit
parks_and_recreation,Local_Gov
parry_klassen,Person
participation,Nonsense
participation_percentage,Nonsense
partner_agencies,Group
partners_for_fish_wildlife,NGO
party_of_the_moa,Group
pask,Nonsense
paso_basin_cooperative_committee,Group
paso_creek,Natural_Feature
paso_robles_city_council,Group
paso_robles_city_council_chambers,Infrastructure
paso_robles_formation_and_careaga_sand_formation,Natural_Feature
paso_robles_formation_aquifer_figure,Reference
paso_robles_formation_aquifer_for,Basin
paso_robles_formation_aquifer_locations,Natural_Feature
paso_robles_formation_or_careaga_percent,Technical
paso_robles_formation_the_tributary_alluvium,Natural_Feature
paso_robles_groundwater_basin_agreement,Group
paso_robles_groundwater_model_update,Technical
paso_robles_regional_groundwater_management_plan,Technical
paso_robles_subbasin_cooperative_committee,Group
paso_robles_wine_country_alliance,NGO
past_board_and_advisory_committee,Group
past_city_of_lompoc,City
pat_corey,Person
pat_mctigue,Person
patten,Nonsense
patterson_delta_mendota_subbasin_coordination_committee_meeting,Group
patterson_irrigation_district_groundwater_sustainability_agencies,Group
patterson_tracy_community_services_district,District
paul_bruce,Person
paul_hare,Person
paul_m_bergstrand,Person
paula_subbasins,Basin
paulinski_et_al,Reference
paynes_creek_slough,Natural_Feature
pbo_unavco,Technical
pbw,Nonsense
pca_e,Nonsense
pca_w,Nonsense
pcgn,Nonsense
pch_groundwater_dependent_ecosystem,Natural_Feature
pd4,Nonsense
pd6b,Nonsense
pdf_page_169,Reference
pdhq,Nonsense
pearson,Nonsense
pelger_mutual_water_company,Company
pena,Person
pentaneura,Nonsense
percent_of_total_streamflow,Technical
perform_video_surveys,District
periodic_evaluation_and_reporting_farmers_water_district,District
periodic_evaluation_and_reporting_fcma,Technical
periodic_groundwater_sustainability_plan,Technical
periodically,Nonsense
peripheral_streams,Natural_Feature
periphyton,Natural_Feature
permanent_array,Nonsense
permitted_facilities_eel_river_valley_groundwater_basin,Basin
permitting,Nonsense
permitting_and_regulatory_process_projects,Water_Project
permitting_policies_and_procedures_permit_sonoma,Reference
perry,Nonsense
perspectives_document,Reference
perturbed_hydrograph,Technical
pes_environmental,Company
petaluma_valley_integrated_hydrologic_model_rural_domestic_pumping_and_septic_return,Technical
peter_leffler,Person
peter_q,Person
peter_quinlan_technical_peer_review,Technical
petroleum_automotive,Nonsense
petty_chlorinated_solvents_tehama_colusae,Technical
pewter_physa,Nonsense
pfas_pfas,Nonsense
phase,Nonsense
phase_2_expansion,Water_Project
phase_ii,Nonsense
phd,Nonsense
phil_d_swing,Person
phillips_et_al,Reference
phillips_petroleum_corporation,Company
photo_ionization_detector,Technical
phyla_nodiflora,Natural_Feature
physa,Nonsense
physiographic_zone,Geographic_Unit
physiographic_zone_number_of_average_residual_physiographic_zone_observations_rmse,District
pico,Geographic_Unit
piezometer,Infrastructure
pilot_study_planning_and_facilities,Technical
pine_flat,City
pinole,City
pioneer_groundwater_sustainability_agency,Other_GSA
piru_stream_gages,Technical
pischel_et_al,Reference
pix_groundwater_sustainability_agency,Other_GSA
pixley_irrigation_district_board_of_directors,Group
placer_counties,Local_Gov
placer_county_superior_court,Nonsense
plainview_community_plan,Technical
plan_area_setting,Geographic_Unit
planada_workshop_questions_and_comments_comment,Reference
planned_projects_above_normald_management,Group
planning_agencies,Group
planning_and_design_planning,Technical
planning_commission,Group
planning_commission_meetings,Group
planning_department,Group
planning_division,Local_Gov
planning_outreach,Nonsense
planning_studies,Technical
planning_team_and_communications_rep,Group
plant,Nonsense
plant_operator,Nonsense
plate_boundary_observation,Technical
plate_boundary_observatory_unavco,Group
pleasant_valley_groundwater_sustainability_plan,Technical
pleasant_valley_subbasin_landowner_stakeholder_workshop,Group
pleasanton,City
pleistocene_casitas_formation,Natural_Feature
pleistocene_huichica_formation,Natural_Feature
pleistocene_sandstone,Natural_Feature
pleistocene_tehama_formation,Natural_Feature
pliestocene,Nonsense
plio_pleistocene_purisma_formation,Natural_Feature
pliocene_marine_purisima_formation,Natural_Feature
pliocene_pleistocene23,Nonsense
pliocene_san_joaquin,Natural_Feature
plotted_arsenic,Technical
plumas_county_fire_safe,Group
plumas_county_fire_safe_sierra_valleygmd,Group
plumas_county_map,Reference
plumlee_et_al,Reference
po_box,Nonsense
poblado_fuera_de_las_ciudades,Geographic_Unit
point_loma_wastewater_treatment_plant,Infrastructure
point_of,Nonsense
point_of_contact_for_the_withdrawing_party,Nonsense
point_sources_of_groundwater_pollutants_because_of_agency,Group
policy,Legal
policy_5c8,Legal
policy_advisory_committee_and_technical_advisory_committee,Group
policy_advisory_committee_proposals,Group
policy_advocate,Nonsense
policy_agriculture_general,Legal
policy_is48_water_conservation_measures,Legal
policy_ncr37_septic_tank_regulation,Legal
policy_points,Nonsense
policy_sustainability_retrofits,Legal
policy_w22_development_regulations,Legal
policy_w314_agricultural_water_conservation,Legal
policy_w35_educational_programs,Legal
policy_w37_development_retrofits,Legal
pollock,Nonsense
poppet_creek,Natural_Feature
por,Nonsense
por_su_adopción,Nonsense
por_todos_los,Nonsense
port,Nonsense
port_san_luis,Infrastructure
porter_cologne_control_act,Legal
porterella,Nonsense
porterville_veterans_hall,Infrastructure
porzana,Nonsense
post_harris_fire,Nonsense
post_processing,Technical
potamogeton,Natural_Feature
potential_boundary_revisions,Reference
potential_cause_of_chronic_lowering_of_groundwater_levels_section_35426b1,Reference
potential_groundwater_dependent_ecosystems,Natural_Feature
potential_interconnected_surface_water_figure,Reference
potential_management_actions,Nonsense
potential_outreach_and_engagement_methods_outreach,Technical
potential_outreach_partners,Group
potter_mendocino_county_valley_project,Water_Project
potw,Nonsense
power_point,Technical
powers_authority,Group
ppee,Nonsense
prather_creeks,Natural_Feature
pratt,Nonsense
pre_central_valleyp_orland_project,Water_Project
pre_eocene,Geographic_Unit
pre_k,Nonsense
preamble,Reference
precipitation_and,Nonsense
precipitation_data_recharge,Technical
precipitation_elevation_regressions_on_independent_slopes_model_precipitation_data,Technical
precipitation_exceedance_curve,Technical
precipitation_gage_records,Technical
precipitation_monitoring,Technical
precipitation_monthly,Technical
precipitation_stations_united_states_army_corps_of_engineers,Federal_Gov
precipitation_threshold,Technical
precipitation_water_precipitation,Natural_Feature
preconditioned,Nonsense
preconditioned_conjugate_gradient,Nonsense
preconditioned_conjugategradient_package,Technical
predominant_riverine,Natural_Feature
predominant_wetland,Natural_Feature
preferred_project_4,Water_Project
preparation_checklist,Reference
presentation,Nonsense
preservation,Nonsense
preservation_of_biological,Legal
preservation_with_economic_development,Nonsense
preserve,Nonsense
preserve_users_projects_and_management_actions_abbreviations,Nonsense
prevención_de_la_intrusión_de_agua_de_mar_en_las_aguas_subterráneas,Water_Project
primary_aquifer,Natural_Feature
primary_load,Nonsense
primary_maximum_contaminant_level,Legal
primary_maximum_contaminant_level_minimum_threshold,Legal
primary_representative,Nonsense
prime_meridian_navigation_message,District
princeton,City
princeton_valley,Geographic_Unit
princeton_valley_fill_formations,Natural_Feature
principal_aquifers_and,Nonsense
prioriza_el_uso,Nonsense
pritchard_consulting_group,Group
privacy_rights,Legal
private_agricultural_pumping,Technical
private_agricultural_urban_ag,Nonsense
private_pumpers,Group
private_residential,District
private_water_companies,Company
pro_tempore,Nonsense
probation,Nonsense
probation_department,Group
process,Nonsense
process_for,Nonsense
process_for_public_notification_35444b1b,Legal
process_governance,Nonsense
processed,Nonsense
processes_several,Nonsense
processes_the_2,Nonsense
procloeon,Nonsense
production_services,Nonsense
professional_paper,Reference
program_management_element_4,Reference
program_operations_and_monitoring_madera_county,County
programa_de_monitoreo_y,Technical
programs,Nonsense
project_12,Water_Project
project_9,Water_Project
project_actions_and_management,Technical
project_and_management_action_attachment_a,Reference
project_and_management_action_implementation,Technical
project_authority,Group
project_benefits_and_water_reliability_groundwater,Nonsense
project_benefits_and_water_reliability_project_benefits,Nonsense
project_benefits_groundwater,Nonsense
project_budget,Nonsense
project_development,Nonsense
project_email,Nonsense
project_groundwater_sustainability_agency_party,Group
project_implementation_implementation,Nonsense
project_management,Group
project_management_action_name_legal_authority,Group
project_management_coordination,Group
project_management_institute_project_management_professional,Nonsense
project_management_management_proponent_brief_description_project_status_action_name,Nonsense
project_management_project,Water_Project
project_manager_environmental_engineer,Nonsense
project_manager_senior_environmental_scientist,Nonsense
project_operations_and_monitoring_madera_irrigation_district,District
project_or_action_and_the_lead_entity,Nonsense
project_period_simulations,Technical
project_proponents,Group
project_recharge,Water_Project
project_strategy_and,Nonsense
project_type_management_action,Nonsense
project_type_surface_water_recharge_project_location_latitude,Nonsense
project_wastewater_recycling_the_city_of_chico,City
project_with_oakdale_irrigation_district,District
projected_2030_climate_change,Technical
projected_2030_climate_change_scenario,Technical
projected_change_in,Nonsense
projected_climate_riverside_county_flood_control_district,District
projected_demographics,Data_System
projected_future_condition,Technical
projected_land_use_change_with_climate_change,Technical
projected_land_use_with_climate_changes,Technical
projected_public_water_systems_water_supply,Technical
projected_saugus_formation_pumping,Technical
projected_surface_water_budget_component,Technical
projected_sustainable_management_criteria,Legal
projected_water_budget_analysis,Technical
projected_water_budget_change_in_groundwater_in_storage_model,Technical
projected_water_budget_with_climate_change,Technical
projected_water_budgets_future,Technical
projected_water_supplies,Technical
projection,Nonsense
projects_and_actions_simulations,Technical
projects_and_management_actions_compilation,Reference
projects_and_management_actions_costs,Technical
projects_and_management_actions_implementation,Technical
projects_and_management_actions_in_section_716,Reference
projects_and_management_actions_list_each,Reference
projects_and_management_actions_measurable_objectives_project_management_action,Technical
projects_and_management_actions_model,Technical
projects_and_management_actions_projects_and_management_actions,Reference
projects_and_management_actions_to,Nonsense
projects_and_management_actions_well_impact_prevention_mitigation_program,Group
projects_and_management_section_3,Reference
projects_and_managements,Nonsense
projects_or_management_actions,Nonsense
projects_projects,Water_Project
projects_trout_unlimited,NGO
prop_1,Nonsense
prop_218_ballots,Legal
prop_ie,Nonsense
property_owners,Group
property_transfer,Legal
propio,Nonsense
proposed_federal_action_several_federal,Federal_Gov
proposed_measurable_objectives_for_groundwater_quality,Reference
proposed_wheeling_principles,Legal
proposition,Nonsense
proposition_1_sustainable_groundwater_subbasin,Basin
protected,Nonsense
protected_2,Nonsense
protected_easement_database,Technical
protection_agency,Group
protective_water_levels_to,Technical
protocols,Nonsense
provisional_observations_and_conclusions,Reference
provost_prichard_consulting_group,Group
provost_pritchard_consulting,Company
provost_pritchard_consulting_meetings,Group
prudential_real_estate,Company
prudic_barlow,Person
psomas,Company
pu_pond,Infrastructure
public_advisory_committee,Group
public_agencies_other_entities_organizations,Group
public_and_community_meetings,Group
public_and_stakeholders,Group
public_comment_report,Technical
public_education_and_outreach,Group
public_engagement_and_public_meeting,Group
public_engagement_committees,Group
public_engagement_opportunities,Technical
public_engagement_process,Group
public_engagement_public,Group
public_facilities_and_services,Group
public_facilities_and_services_element,Reference
public_facilities_and_services_ensure,Nonsense
public_health_division,Local_Gov
public_hearings_meetings_441_planning_commission_periodic,Group
public_information_officer_and,Nonsense
public_meetings_representatives,Group
public_notice_process_public,Legal
public_outreach_and_communications_and,Nonsense
public_policy_institute,NGO
public_private_stormwater_recharge,Water_Project
public_public,Nonsense
public_records_act,Legal
public_service_announcements,Nonsense
public_services_and_facilities_standards,Legal
public_services_city_of_lompoc_2014a,City
public_supply,Natural_Feature
public_surveys_public,Technical
public_trust_doctrine_22,Legal
public_trust_uses,Legal
public_utilities_element,Reference
public_water_agency,Group
public_water_systems_city_of,City
public_water_systems_public,Technical
public_water_systems_water,Technical
public_works_agency,Group
puckett,Nonsense
puertos,Nonsense
pulah_creek_council,Group
pullen,Nonsense
pump,Infrastructure
pumpage_pace_engineering,Company
pumpage_provost_pritchard,Company
pumping_allocation,Legal
pumping_allocations_and_controls,Legal
pumping_allocations_and_transient_pool_allocations,Technical
pumping_demands_for_winery,Technical
pumping_lower_model,Technical
pumping_system_efficiency,Technical
pumps,Infrastructure
puntos,Nonsense
purchased_local_water,Technical
pure_water_monterey_advanced_water_purification_facility_and_groundwater_replenishment_project,Water_Project
pure_water_monterey_draft_environmental_impact_report,Technical
purge,Nonsense
purified_wastewater_recharge_group,Group
purisima_a_233_section_41,Reference
purisima_formation_east,Natural_Feature
purple,Nonsense
pursuant_to_government_code,Legal
pursuant_to_section,Reference
putah_creek_project,Water_Project
putah_creek_streamkeeper,NGO
putah_l_diversion_dam_to,Infrastructure
pvid,District
pvmwa_wells,Infrastructure
q2,Nonsense
qa_ac,District
qapps,Nonsense
qaprp,Nonsense
qet,Nonsense
qh,Nonsense
qm_qr_qtl,Nonsense
qod_qar,Nonsense
qtc,Nonsense
quality,Nonsense
quality86,Nonsense
quality_and,Nonsense
quality_assurance_project_plan_quality_control_project_chemist,Technical
quality_assurance_quality_control_programs,Technical
quality_assurance_quality_control_quality_assurance,Technical
quality_data,Technical
quality_plan_element,Nonsense
quality_plan_element_3_determination_of_basin_yield_and_avoidance_of_overdraft_plan_element_4,District
quantum_spatial_inc,Company
quarterly_stakeholder,Group
quaternary_tertiary_deposits,Natural_Feature
que_cubran_el_año,Nonsense
que_rastrean_el_hundimiento_de_la_tierra_comunicación,Nonsense
que_sean,Nonsense
query_groundwater_dependent_ecosystem,Natural_Feature
qvs_volcanic_pleistocene,Natural_Feature
qwsu_h2so4,Nonsense
r16e26rl,Nonsense
r23e_mdbm,Geographic_Unit
r2_stage,Nonsense
r3mp,Nonsense
r8,Nonsense
r_l_schafer,Person
r_l_schafer_associates,Company
radioactivity,Natural_Feature
rain_managed_aquifer_recharge_sump,Infrastructure
ramacciotti_unit,Infrastructure
ramelli_ranch,Nonsense
rams_hill_gc,Nonsense
rancheria,Local_Gov
rancho_de_cielo_mutual_water_company,Company
rancho_murieta_community_service_district_office,District
rand_communities,Group
randy_collin,Person
rate_study_prop_218_process,Technical
raw,Nonsense
raymond_groundwater_basin,Basin
rbf,Nonsense
rc_p4_resource_conservation_element,Reference
rcd_mnd,District
rcra_facility_investigations,Technical
rcra_statistics,Technical
rcrscor,Nonsense
rd1001_groundwater_sustainability_agency,Other_GSA
re,Nonsense
reach_3_2048_to,Geographic_Unit
reaches_3_and_4,Geographic_Unit
reaches_combined,Technical
reaches_h_geotracker,Data_System
reaches_i,Technical
reads,Nonsense
ready_mix_return,Nonsense
real_time_salt_load_allocation,Technical
realign,Nonsense
rebecca_martinez,Person
rebecca_williams,Person
rec2,Nonsense
recapture_recirculation,Water_Project
received_id,District
received_public,Nonsense
recent,Nonsense
recharge_0,Nonsense
recharge_12,Technical
recharge_2,Nonsense
recharge_2_basins_1_and,Nonsense
recharge_active_model_area_data,Technical
recharge_and_recovery_projects,Water_Project
recharge_banking,Technical
recharge_basin,Basin
recharge_basins_canal,Infrastructure
recharge_city,Nonsense
recharge_direct,Nonsense
recharge_direct_groundwater_recharge,Water_Project
recharge_estimated_groundwater_offset,Technical
recharge_farm_plan_coordination,Group
recharge_folsom_south_canal,Water_Project
recharge_for_historical_and_current_water_budget,Technical
recharge_fresno_metropolitan_flood_control_district,District
recharge_indirect,Technical
recharge_management,Nonsense
recharge_multi_benefit_demonstration_project,Water_Project
recharge_oakdale_irrigation_district_irrigation,Water_Project
recharge_potential,Technical
recharge_project_colusa_drain,Water_Project
recharge_rates,Technical
recharge_recharge,Nonsense
recharge_soil,Natural_Feature
recharge_sources,Natural_Feature
recharge_summary,Technical
recharge_tank_modesto_irrigation,Infrastructure
recharge_to,Nonsense
recharge_x,Nonsense
reclaimed_wastewater,Natural_Feature
reclaimed_water_quality,Technical
reclaimed_water_sales_reclaimed,Nonsense
reclamation_district_1004,District
reclamation_district_1606_board_of_directors,Group
reclamation_district_349,District
reclamation_district_551,District
reclamation_district_landowner,Group
reclamation_districts,District
reclamation_of_oilfield_produced_water,Water_Project
reclamation_om_costs,Nonsense
reclamation_project_act_of_1939,Legal
reclamation_storage_ponds_several,Infrastructure
reclamation_that,Nonsense
recognizing,Nonsense
records,Nonsense
recreation_area_unit,Geographic_Unit
recycled_area,Geographic_Unit
recycled_recycling_in_lieu,Water_Project
recycled_water_and_wastewater_corona,Water_Project
recycled_water_and_wastewater_wastewater,Natural_Feature
recycled_water_feasibility_study,Technical
recycled_water_project,Water_Project
recycled_water_pumping,Infrastructure
recycled_water_wastewater,Natural_Feature
recycled_waterline_infrastructure_installation_project,Water_Project
red_bank,Natural_Feature
red_mountain_fault,Natural_Feature
red_star_yeast,Company
red_top_regional_conservation_district,District
redding_corning,Local_Gov
redlands_wastewater_treatment_facility,Infrastructure
reduce_gw_pumping,Nonsense
reduce_gw_pumping_storage,Water_Project
reduce_non,Nonsense
reduction_of_groundwater_storage_sustainability_indicator,Technical
redwood_valley_community_water_district,District
reed_ditch_company_reed_ditch_company,Company
reek,Nonsense
reeves,Nonsense
refinements_to_climate_change_analysis,Technical
refining_subbasin,Basin
refresher,Nonsense
regan,Person
regents_of_the_university_of_califorma,Group
region_9,Geographic_Unit
region_acceptance_process,Legal
region_board,Group
region_subsidence,District
regional_aquifersystems_analysis,Technical
regional_communication_and_cooperation,Group
regional_fuels_management_workshop,Group
regional_geologic_structures,Natural_Feature
regional_geology,Technical
regional_projects_control_board,Group
regional_recycled_water_program_backbone_system,Infrastructure
regional_supply_project,Water_Project
regional_urban_water_augmentation_project,Water_Project
regional_water_quality,Technical
regional_water_quality_board,Group
regional_water_quality_control_board_and,Group
regional_water_quality_control_board_irrigated_lands,Group
registration_and_management_program,Group
regular_and_public_site_use_agreement,Group
regular_business_meeting_of_the_board_of_directors,Group
regular_closed_session_meeting_of_the_board_of_directors,Group
regular_cooperative_committee,Group
regular_monthly_receivables,Nonsense
regulated,Nonsense
regulatory_cleanup_program_sites,Group
regulatory_process_projects,Water_Project
regulatory_submittals_and_approvals,Legal
rehoboth_fault,Natural_Feature
relation_to,Nonsense
relationship_between_individual_minimum_thresholds_and_relationship_to_other,District
relationship_for_each_sustainability_indicator_regulation_requirements,Technical
relationship_of_resource_capacity_study_and_groundwater_level_monitoring_program_the_resource_capacity_study,Technical
relevant_city_of,City
reliz,Nonsense
remediation_monitoring,Technical
remediation_project_manager,Nonsense
rene_carreon,Person
reno_mill,Infrastructure
reno_mill_and,Nonsense
reported_data_type_number,Technical
reported_data_type_number_of,Technical
reported_grouindwater_extractions,Technical
reported_historical_specific_conductance_for_representative_monitoring_site,Technical
reported_use,Technical
reporting_data,Technical
reporting_limit_regional_water_quality_control_board,Group
reporting_phase_review,Technical
reports,Technical
representa,Nonsense
representation,Nonsense
representative,Nonsense
representative_land_subsidence_monitoring_network,Technical
representative_monitoring_network,Technical
representative_monitoring_network_for_groundwater_levels_representative,Technical
representative_monitoring_point_santa_rosa_plain0714,Technical
representative_monitoring_point_santa_rosa_plain0716,Technical
representative_monitoring_point_son0315,Technical
representative_monitoring_sites_upper_lower_aquifer,Natural_Feature
represented,Nonsense
represents,Nonsense
repurpose,Nonsense
requires_co_permittees,Nonsense
reservas_management_actions,Group
reservation_rolling_hills_casino,Nonsense
reso_urces_ava_il_abl_e,Nonsense
resolution_00_172,Legal
resolution_no,Nonsense
resolution_of_adoption,Legal
resolution_of_the_board_of_supervisors_of_the_county_of_san_diego,Legal
resource_capacity_studies,Technical
resource_conservation,Group
resource_conservation_element_of_the_kings_county_general_plan,Technical
resource_efficient_organizations_and_businesses,Group
resource_management_agency,Group
resource_management_system,Technical
resources_division,State_Gov
respective_board_of_directors,Group
respondent_state_water_resources_control_board,Group
responsibilities,Nonsense
responsibilities_agency_board_of_directors,Group
responsibilities_agency_board_of_directors_the_board,Group
responsibilities_executive_committee,Group
responsibilities_governing_boards,Group
responsibilities_resources,Nonsense
responsibilities_responsibility,Nonsense
responsible_agriculture,Nonsense
rest_services,Technical
reston,Geographic_Unit
reuse_in,Nonsense
review40,Nonsense
review_inge_wiersema,Person
review_of_future_groundwater_conditions_groundwater_sustainability_plan_development_team,Group
review_of_groundwater_sustainability_plan_development,Technical
review_of_isotope_data,Technical
reviewed12,Nonsense
revolon,Nonsense
reyes_creek,Natural_Feature
rhe_city,Nonsense
rhe_cotinty,Nonsense
rhyolite_of_calistoga,Natural_Feature
rhyolitic_ash,Natural_Feature
richmond_municipal_sewer_district,District
richmond_sanitary_district,District
richmond_well_field,Infrastructure
rick_viergutz,Person
riddell,District
ridge_maricopa_management_area_plan,Technical
ridgecrest_city_chambers,District
right_to_water,Legal
rincon_band,Local_Gov
rincon_consultants_inc,Company
rincon_point,Natural_Feature
rinex,Technical
rio_linda,City
rio_mirada,Geographic_Unit
rip_rap,Infrastructure
riparian_et,Technical
riparian_mixed_hardwood_and,Natural_Feature
riparian_mixed_hardwood_and_coast,Natural_Feature
riparian_mixed_hardwood_coast_live_oak,Natural_Feature
riparian_mixed_hardwood_riparian_mixed_hardwood_v,Natural_Feature
riparian_vegetation_and_wildlife_habitat,Natural_Feature
riparian_vegetation_evapotranspiration,Natural_Feature
ripon_city_council,Group
risley,Infrastructure
riv,Nonsense
riv_hydrologic_classification,Technical
riv_hydrologic_classification_1,Technical
river_exchange_contractors_service_area,Geographic_Unit
river_islands_development,Company
river_management_units,Geographic_Unit
river_pixley_irrigation_district,District
riverdale_education_center,Nonsense
riverdale_library,Nonsense
riverside_alluvial_scrub,District
riverside_community_service_district,District
riverside_county_department,Group
riverside_county_environmental_health_permit,District
riverside_county_flood_control_and_conservation_district,District
riverside_department_of_environmental_health,District
riverstone_development_project,Water_Project
rmc_water_environmental,Company
rmp_300,Nonsense
rms1,Nonsense
rms_a_trigger,Technical
rmses,Technical
robert_d_mccloskey,Person
robert_rivas,Person
roberta_greathouse,Person
roberts,Nonsense
roberts_rules_of_order,Reference
robles_area,Geographic_Unit
robles_divers,Infrastructure
robles_subbasin_cooperative_committee,Group
robley_rd,Geographic_Unit
rock_outcrop,Natural_Feature
rockwork,Nonsense
rocky_mountain_elk_foundation,NGO
rocky_point,Geographic_Unit
rodgers,Nonsense
rodrigo_espinoza,Person
roger_leach,Person
rohde_et_al_2019,Reference
roles_and_responsibilities,Reference
ron,Person
ron_wolf,Person
ronda,Nonsense
rooney_dam_and,Nonsense
root,Nonsense
root_creek_wd,District
root_zone_model_a,Technical
rosa,Nonsense
rosa_californica,Natural_Feature
rosa_plain_groundwater_sustainability_agency,Other_GSA
rosedale_ranch_id,District
roseland_creek,Natural_Feature
rosemarie_singer,Person
rosewood_subbasin,Basin
ross,City
ross_ranch,Nonsense
rotary_club,NGO
rotating,Nonsense
roy_catania,Person
royal_geographical_society,NGO
rsrz_davids_engineering,District
rtc,Nonsense
rtwqm_network,Data_System
ruben,Person
ruben_chavez,Person
ruben_magana,Person
ruby_acevedo,Person
rudolph_strand,Person
rumbaugh,Nonsense
rumbaugh_and_rumbaugh,Person
rumsey_slough,Natural_Feature
rural,Geographic_Unit
rural_communities_assistance_corporation,NGO
rural_residential,District
russell_james_hall,Person
russell_waldrop,Person
russian_river_regional_monitoring_program,Technical
russo_et_al,Reference
rws,Nonsense
s008239,Nonsense
s015765,Nonsense
sa_leake,Person
sacramento_area_flood_control_authority,Group
sacramento_audubon_society,NGO
sacramento_authority,Group
sacramento_central_groundwater_authority_board_meeting,Group
sacramento_central_groundwater_authority_recharge_mapping_and_field_study_technical_memorandum,Technical
sacramento_citizens_climate_lobby,NGO
sacramento_city,Local_Gov
sacramento_coordinated_water_quality,Group
sacramento_county_board_chambers,Infrastructure
sacramento_county_general_plan,Technical
sacramento_county_wells_program,Local_Gov
sacramento_deep_water_ship_channel,Infrastructure
sacramento_department_of_economic_development,Local_Gov
sacramento_electric_vehicle_association,NGO
sacramento_flood_control_agency,Group
sacramento_groundwater,Basin
sacramento_housing_alliance,NGO
sacramento_integrated_groundwater_surface_water_model,Technical
sacramento_natural_foods_coop,NGO
sacramento_regional,Group
sacramento_regional_wastewater_treatment_plant,Infrastructure
sacramento_river_groundwater_basin,Basin
sacramento_river_hydrologic_study_areas,Geographic_Unit
sacramento_river_island,Geographic_Unit
sacramento_river_refuge,Natural_Feature
sacramento_river_simulated,Natural_Feature
sacramento_sacramento_central_groundwater_authority,Group
sacramento_state_consensus_and_collaboration_program,Group
sacramento_valley_finite_element_groundwater_model,Technical
sacramento_valley_global_positioning_system,Technical
sacramento_valley_height_modernization_project,Water_Project
sacramento_valley_water_users,Group
sacramento_valley_water_year_type,Technical
sacramentosan_joaquin_delta,Basin
safca_flood_managed_aquifer,Natural_Feature
safe_yield_committee,Group
safety_health,Nonsense
sage_sangiacomo,Person
salinas_basin_water_alliance,Group
salinas_river_state_beach,Natural_Feature
salinas_subbasin,Basin
salinas_valley_basin_groundwater_sustainability_agency_association,Group
salinas_valley_basin_groundwater_sustainability_agency_monterey_subbasin_planning_committee,Group
salinas_valley_basin_subbasins,Basin
salinas_valley_groundwater_basin_sustainability_agency,Group
salinas_valley_subbasin,Basin
salinity_management,Technical
salmonid_habitat_restoration_priorities,District
salt_and,Nonsense
salt_and_nutrient_management_plans,Technical
salt_river_watershed_council,Group
saltgrass,Natural_Feature
sam_pipes_room,Nonsense
sammie_neely,Person
samolus,Natural_Feature
sampled_for_stable_isotopes,Technical
sampled_frequency_network,Technical
sampled_frequency_network_future_project,Water_Project
sampled_meet,Nonsense
sampled_wells,Technical
samuels,Nonsense
san_antonio_reservoirs,Infrastructure
san_antonio_segment,Basin
san_benito_county_code,Legal
san_benito_county_code_of_ordinances,Legal
san_benito_county_department,Group
san_benito_county_department_of_environmental_health,Local_Gov
san_benito_county_water_district_managed_aquifer_recharge,Water_Project
san_benito_county_water_district_monitoring_program,Technical
san_bernardino_county_department_of_public_health_environmental_health_services,Local_Gov
san_bernardino_county_flood_control_district_station_id,District
san_bernardino_superior_court,Nonsense
san_diego_county_department_of_environmental_health_land_and_water_quality_division,Local_Gov
san_diego_county_district,District
san_diego_county_parks,Local_Gov
san_diego_county_water,Local_Gov
san_diego_river_valley,Geographic_Unit
san_diego_river_valley_groundwater_basins,Basin
san_dieguito_river_water_quality_improvement_plan,Technical
san_dimas,City
san_emigdio_mountains,Natural_Feature
san_felipe_rd,Local_Gov
san_francisco_bay_national_wildlife_refuge_complex,Federal_Gov
san_francisco_sierra_club,NGO
san_francisquito_canyons,Natural_Feature
san_gabriel_river,Natural_Feature
san_gabriel_river_watershed,Geographic_Unit
san_gabriel_valley_groundwater_basin,Basin
san_gabriel_valley_municipal_water_district,District
san_gorgonio_creek,Natural_Feature
san_gorgonio_pass_watershed,Geographic_Unit
san_hollister,District
san_joaquin_county_advisory_water_commission,Group
san_joaquin_county_environmental,Local_Gov
san_joaquin_county_public_works_division,Local_Gov
san_joaquin_county_water_management,District
san_joaquin_county_water_works_district,District
san_joaquin_river_delta,Natural_Feature
san_joaquin_river_exchange_contractors_groundwater_sustainability_agency_staff,Group
san_joaquin_river_exchange_contractors_management_areas_b,Geographic_Unit
san_joaquin_river_exchange_contractors_management_areas_f,Geographic_Unit
san_joaquin_river_exchange_contractors_management_areas_g,Geographic_Unit
san_joaquin_river_funding_area,Geographic_Unit
san_joaquin_river_restoration_settlement_water_management_goals,Legal
san_joaquin_river_systems,Natural_Feature
san_joaquin_stanislaus_county,County
san_joaquin_subbasin,Basin
san_joaquin_valley_farmlands_company,Company
san_juan_bautista_area_subbasin,Basin
san_juan_hills,Geographic_Unit
san_juan_ma_table,Reference
san_juan_subarea_stakeholders,Group
san_juan_subbasins,Basin
san_lorenzo_alluvial_cones,Geographic_Unit
san_lorenzo_valley_water_district_quail_hollow_pumping_redistribution,Water_Project
san_lorenzo_valley_water_district_quail_mw_b,District
san_luis_delta_medota_water_authority,Group
san_luis_delta_mendota_water_authority_po_box,Nonsense
san_luis_deltamendota_water_authority,Group
san_luis_drain_to_mud_slough,Natural_Feature
san_luis_obispo_coastkeeper_et_al,NGO
san_luis_obispo_county_board,Group
san_luis_obispo_county_environmental_health_services,Local_Gov
san_luis_obispo_county_general_plan,Technical
san_luis_obispo_county_master_water_plan,Technical
san_luis_obispo_creek_fish,Natural_Feature
san_luis_obispo_general_plan_agriculture_element,Reference
san_luis_obispo_general_plan_conservation_and_open_space_element,Reference
san_luis_obispo_general_plan_land_use_element,Reference
san_luis_obispo_local_agency_formation_commission,Group
san_luis_obispo_regional_water_management_group,Group
san_luis_obispo_taricha,Nonsense
san_luis_ranch,Local_Gov
san_luis_reservoir_expansion,Water_Project
san_luis_rey_indian_water_rights_settlement_act,Legal
san_luis_rey_reiver,Natural_Feature
san_luis_rey_river_basin,Basin
san_luis_rey_valley_groundwater,Basin
san_luis_sub,Basin
san_luis_wd,District
san_mateo_badlands,Natural_Feature
san_mateo_plain_model,Technical
san_pablo_well_field_1,Infrastructure
san_pasqual_bands_of,Group
san_pasqual_groundwater_basin,Basin
san_pasqual_valley_plan,Technical
san_rafael_range,Natural_Feature
san_timoteo_groundwater_subbasin,Basin
sandy_beach,Natural_Feature
sanford,Nonsense
sanger_fowler,Nonsense
sanger_parlier,Geographic_Unit
sanger_the_city_of,City
sanger_wwtf,Infrastructure
sanicula,Nonsense
sanitary_sewer_systems,Infrastructure
sanitary_sewer_waste_discharge_requirement,Legal
sanitation_district,District
sanitation_division_of_santa_cruz_county_public_works_department,Group
santa_ana_board,Group
santa_ana_river_judgment,Legal
santa_ana_river_reach,Natural_Feature
santa_ana_river_system,Natural_Feature
santa_ana_watershed_involvement_santa_ana_watershed_project_authority,Group
santa_aquifer_conjunctive_use,Water_Project
santa_barbara_channel_keeper,NGO
santa_barbara_country,Nonsense
santa_barbara_county_association_of_governments,Group
santa_barbara_county_comprehensive_plan_agricultural_element,Reference
santa_barbara_county_comprehensive_plan_land_use_element,Reference
santa_barbara_county_fire_department,Group
santa_barbara_county_flood_control_and_water,District
santa_barbara_county_groundwater,Data_System
santa_barbara_county_integrated,Local_Gov
santa_barbara_county_planning_department,Group
santa_barbara_county_precipitation_enhancement_program,Water_Project
santa_barbara_county_public,Local_Gov
santa_barbara_county_public_works_department,Group
santa_barbara_county_south,Geographic_Unit
santa_barbara_integrated_regional_water_management_program,Group
santa_barbara_surplus_imported_water_to_offset_groundwater,Water_Project
santa_clara_merced_formations,Natural_Feature
santa_clara_river_surface,Natural_Feature
santa_clara_river_systems,Natural_Feature
santa_clara_valley_water_district_board_of_directors,Group
santa_clarita_city_council,Group
santa_clarita_valley_groundwater_flow_model,Technical
santa_cruz_aquifer_storage,Infrastructure
santa_cruz_city_council,Group
santa_cruz_city_water_department,Group
santa_cruz_county_code,Legal
santa_cruz_county_environmental_health,Local_Gov
santa_cruz_county_environmental_health_services_department,Group
santa_cruz_county_juvenile_steelhead_and_stream_habitat_monitoring_program,Technical
santa_cruz_county_prop_1,Legal
santa_cruz_county_superior_court,Local_Gov
santa_cruz_integrated_regional_water_management_plan,Technical
santa_cruz_purisima_formation_basin,Basin
santa_cruz_sentinel,Nonsense
santa_cruz_water_commission,Group
santa_cruz_water_conservation_coalition,Group
santa_lucia,Basin
santa_margarita_groundwater_basin,Basin
santa_margarita_ranch,Local_Gov
santa_margarita_ranch_mutual_water_company_santa_margarita_ranch_mutual_water_company,Company
santa_maria_data,Technical
santa_maria_orthophosphate,Nonsense
santa_maria_valley_water_conservation_district_et_al,District
santa_monica_1966,Nonsense
santa_monica_faults,Natural_Feature
santa_monica_state_beach,Natural_Feature
santa_paula_subbasins,Basin
santa_public_supply,District
santa_rosa_plain_groundwater_management_program,Group
santa_rosa_plain_salt_and,Nonsense
santa_rosa_plain_salt_and_nutrient_management_plan,Technical
santa_ynez_band_of_mission_indians,NGO
santa_ynez_ema_groundwater_sustainability_agency,Other_GSA
santa_ynez_mission_state_park,Natural_Feature
santa_ynez_river_water_conservation_district_annual_report_zone_d,Technical
santa_ysabel_ranch_mutual_water_company_santa_ysabel_ranch_mutual_water_company,Company
santee,City
sarah_morgan,Person
sarbanes_oxley,Legal
satellite_housing_program,Nonsense
satellite_imagery_evapotranspiration,Technical
saticoy_country_club,Nonsense
saticoy_water_water_system,Natural_Feature
saucelito_id,District
saucelito_irrigation,District
saugus_formation_and_alluvial_aquifer,Natural_Feature
save_windsor_efficiency,Group
saviers_road,Nonsense
sawyer,Nonsense
sb_1168,Legal
sbcfcwcd,Nonsense
sbvmwd,District
sc_ca,District
scalamini,Person
scaled,Nonsense
scaling_factors_for,Nonsense
scaling_factors_for_baseline,Technical
scaling_factors_for_climate_change_scenarios,Technical
scenario7,Nonsense
scenic_route,Infrastructure
schaumburg_il,Local_Gov
schell_creek,Natural_Feature
schlumberger_private_older,Company
sci_consulting_group,Group
science_technology,Group
scotia_bluffs,Natural_Feature
scott_fish_game,State_Gov
scott_luttenberg_rosemary_payne,Person
scott_rolls,Person
scott_williams,Person
scottie_monical,Person
scotts_valley_bulletin,Reference
scotts_valley_dry_cleaners_remediation,Water_Project
scotts_valley_non_potable_reuse,Water_Project
scotts_valley_smgwa_board,Group
screen_sustainability_criteria_minimum_threshold_lowering_of_gw_levels,Technical
screen_water_levels,Technical
screened_out_during_analysis,Nonsense
scrtrib8,Nonsense
scs_curve_number_descriptions,Technical
scv_recharge_compiler_input,Technical
scvwd,District
scwa_continuous_global_positioning_system_subsidence_stations,District
scwd_recycled_water_facilities_planning_study,District
sdac_acreage,Nonsense
sdac_areas,Geographic_Unit
sdac_areas_of,Nonsense
sdac_areas_south_of,Nonsense
sdac_locations,Data_System
sdac_team,Group
sdfb,Nonsense
se_anticipa_que_cualquier_acción_de_administración,Nonsense
sean,Person
sean_p_geivet,Person
seascape,Geographic_Unit
seaside_subbasin_model,Technical
seasonal,Nonsense
seawater_extraction_barrier_barrier_project,Water_Project
seawater_extraction_barrier_project,Water_Project
seawater_intrusion_and_interconnected_streams,Natural_Feature
sebal_north_america,Technical
sebastopol_merced_formation,Natural_Feature
second_point_of_measurement,Infrastructure
secondary_data,Technical
secondary_maximum_contaminant_level_exceedances_constituents,Technical
sectio_n,Nonsense
section_12924,Reference
section_143_conjunctive_use,Reference
section_143_management_areas,Reference
section_14_regular_meetings,Reference
section_187_status_and,Reference
section_1918_enforcement_and_response_actions,Reference
section_21,Reference
section_2114,Reference
section_21223,Reference
section_22,Reference
section_2354,Reference
section_237,Reference
section_3341,Reference
section_3416,Reference
section_341_sustainable_management_criteria_groundwater_elevation,Reference
section_343,Reference
section_34_sustainability_goal,Reference
section_3b2_4,Reference
section_41,Reference
section_410,Reference
section_46,Reference
section_4_projects_and_management_actions_to_achieve_sustainability,Reference
section_4_sustainable_management_criteria,Reference
section_515,Reference
section_531_kern_county_general_plan,Reference
section_54,Reference
section_59,Reference
section_643,Reference
section_7,Reference
section_704,Reference
section_7111_tier_1_projecttier_1_project,Water_Project
section_75,Reference
section_7_cosumnes_basin_data_management_system,Reference
section_7_sustainable_management_criteria_sustainable,Reference
section_92,Reference
section_9224_overdraft_conditions,Reference
section_9311_overdraft_conditions,Reference
section_95_management_actions,Reference
section_c4,Reference
section_d13,Reference
section_es,Reference
section_ib,Reference
section_iia_board_of_directors,Reference
section_iia_ia1_subbasin_industries,Reference
section_interconnected_groundwater_and_surface_water,Reference
section_supply,Reference
sections_2141,Reference
sections_7_and_8_of_this_plan,Technical
sections_f,Nonsense
secure_inactive,Nonsense
secures,Nonsense
sediment,Natural_Feature
sediment_total_maximum_daily_load,Legal
see_appendix_c_comments,Reference
see_response,Nonsense
see_section,Reference
see_shasta_indian_nation,NGO
seeman,Nonsense
seepage,Natural_Feature
seepage_management_plan,Technical
seequent,Company
seguidas_de_las,District
selected,Nonsense
selection_of,Nonsense
selection_of_key_wells,Technical
self_report,Technical
sells_and_altivo,Basin
semitropic_groundwater_storage_bank,District
senate_bill,Legal
senate_bill_1136,Legal
septic_systems_groundwater_recharge,Natural_Feature
septic_systems_recharge,Natural_Feature
sequoia_national_forest_headquarters,Federal_Gov
sequoia_riverlands_trust,NGO
sequoiadendron,Natural_Feature
serafin_calderon,Person
service_agency,Group
services,Nonsense
será_financiada_por_otras_tarifas_o_evaluaciones,Nonsense
sesj,Nonsense
set,Nonsense
setting_5,Nonsense
setting_v,Nonsense
setup_and_configuration_of_satellite_images,Technical
several,Nonsense
seville,City
sfr_package,Technical
sgwp_grant_application,Technical
shafter_wasco_irrigation_district,District
shall_account,Nonsense
shallow,Nonsense
shallow_aquifer,Natural_Feature
shane_nash,Person
shapefiles,Technical
shared,Nonsense
shared_costs,Nonsense
sharing,Nonsense
sharon,Person
shasta_dams,Infrastructure
shasta_division_cross_valley,Geographic_Unit
shasta_farm_bureau,NGO
shasta_national_forest_united_states_forest_service,Federal_Gov
shasta_paper,Reference
shasta_paper_treatment_lagoons,Infrastructure
shasta_r,Natural_Feature
shasta_reservoir,Infrastructure
shasta_watershed_upper_shasta_river,Natural_Feature
shaw_conservation_easement,Legal
shaw_environmental,Company
shay_creek,Natural_Feature
sheet_adko,Nonsense
shell,Company
shell_chemical_et_al,Company
shell_oil_co,Company
shell_oil_company,Company
shell_ridge,City
shelton,Local_Gov
sheriff,Nonsense
sherry_shaw,Person
shirlee_zane_county_of,Person
shn_consulting_engineers,Company
sholes,Nonsense
shorelines_source,Data_System
short_term_consumer_acceptance,Nonsense
short_term_secondary_drinking_water_maximum_contaminant_level,Legal
shortfall_before_project_management_action_implementation,Technical
shown,Nonsense
shrimp_special,Nonsense
sidalcea_malviflora_subsp,District
sierra_1998_export,Reference
sierra_club_delta_sierra_group,Group
sierra_club_et_al,NGO
sierra_county_board_of_equalization,Local_Gov
sierra_county_community_wildfire_protection_plan,Technical
sierra_county_flood_control_and_water_conservation_district,District
sierra_del_oro_water_treatment_plant,Infrastructure
sierra_madres,Natural_Feature
sierra_nevada_mountain_range,Natural_Feature
sierra_nevada_province,Geographic_Unit
sierra_valley_groundwater,Basin
sierra_valley_groundwater_basin_act,Legal
sierra_valley_hydrogeologic_system_model_streamflow_globaldat,Technical
sierra_valley_rcd,District
sierra_valley_watershed_land_ownership,Geographic_Unit
sierraville_ranger_district,District
sierravilleorg,Nonsense
signal_hill,City
significant,Nonsense
silnificant_clav_lavers,Nonsense
silty_sandstone,Natural_Feature
silver_springs,Natural_Feature
silverado_trail_phase_k_project,Water_Project
silverwood_lake,Natural_Feature
simi_valley_basin,Basin
simons_ranch,Nonsense
simulates,Nonsense
simunek,Person
sin_fines_de_lucro,NGO
since,Nonsense
siskiyou_county_realtors_association,NGO
siskiyou_county_resources_conservation_district,District
siskiyou_rocket,Nonsense
siteid,District
sites_project,Water_Project
sites_project_authority,Group
sitka_sedge,Natural_Feature
sitting_as,Nonsense
sl0600177511,Nonsense
sloughhouse_resource_1_representative,Person
sloughhouse_resource_conservation_district_note,Reference
sloughs_governance,Group
sm_mehl,Person
small_community,Group
small_water_system_program,Group
smc4,Nonsense
smgwa_board_reviews_communications_plan,Technical
smgwa_treasurer,Person
smith,Nonsense
snl,Nonsense
snmp_monitoring_and_reporting_program,Technical
snobird,Nonsense
snodgrass_slough,Natural_Feature
snow,Natural_Feature
snyder_et_al_1992,Reference
social,Nonsense
social_media_content_social,Nonsense
social_media_outreach,Group
social_media_platforms_ebmud,Nonsense
social_media_pursuant,Nonsense
sodium,Nonsense
soi,Nonsense
soil_agricultural_groundwater_banking_index_rating_group,Group
soil_gas_investigation,Technical
soil_infiltration_rates,Technical
soil_mechanics_and_foundation_engineers_inc,Company
soil_sustainable_groundwater_managementa,Nonsense
soil_water_assessment_tool,Technical
soils_all,Geographic_Unit
soils_spatial,Technical
sokr_groundwater_sustainability_plan_stakeholder_workshop,Group
solano_agricultural_scenario_planning_system_user_guide,District
solano_board_of_supervisors,Group
solano_collaborative_mou,Group
solano_county_agricultural_commissioner_sealer_of_weights_and_measures,Local_Gov
solano_county_cache_slough_habitat_conservation_plan_cache_slough,Natural_Feature
solano_county_department_of_resources_management,Local_Gov
solano_county_environmental_health_division,Local_Gov
solano_county_superior_court,Nonsense
solano_county_water_agency_providing_for_water_service,District
solano_county_water_council,Group
solano_groundwater_sub_basin,Basin
solano_groundwater_sustainability_agency_technical_advisory_committee_roster,Technical
solano_groundwater_sustainability_plan_data_management_system,Technical
solano_groundwater_sustainability_plan_project_team_outreach,Group
solano_irrigation_district_deliveries,District
solano_irrigation_district_drain_distribution,Infrastructure
solano_pride_center,District
solano_project_contract,Legal
solano_project_in,Water_Project
solano_resource_conservation_districts,District
solano_snapshot,Technical
solano_subbasin_for_component,Basin
solano_subbasin_for_component_7a,Basin
solano_subbasin_groundwater_sustainability_agency_advisory_group,Group
solano_subbasin_groundwater_sustainability_agency_formation,Natural_Feature
solano_subbasin_groundwater_sustainability_agency_staff_advisory_group,Group
solano_subbasin_groundwater_sustainability_plan_technical_memorandum,Technical
solano_subbasin_historical_lateral_subsurface_groundwater,Natural_Feature
solano_subbasin_hydrologic_analysis_periods_per,Technical
solano_subbasin_monitoring_handout,Technical
solano_subbasin_project_team,Group
solano_subbasin_surface_water_system,Natural_Feature
solano_yolo_subbasin_boundary,Geographic_Unit
solinst_barologger,Infrastructure
solinst_leveloggers,Infrastructure
solito,Nonsense
solt,Nonsense
solvang_note,Nonsense
somers,Local_Gov
somis_fault_central_las_posas_fault,Natural_Feature
son0083,Nonsense
son0167,Nonsense
son0327,Nonsense
sonoma_city_hall,Infrastructure
sonoma_county_springs_specific_plan,Technical
sonoma_county_veg_map,Reference
sonoma_cow1ty_water_agency,Group
sonoma_marin_saving_water_partnership,Group
sonoma_marin_water_saving_partnership,Group
sonoma_public_supply,Group
sonoma_valley_county_sanitation_district_expansion_aquifer_storage,Water_Project
sonoma_valley_groundwater_sustainability_agency_board_and_advisory_committee,Group
sonomac,Nonsense
soquel_aptos_groundwater_flow_model_subsurface_construction,Technical
soquel_creek_a5b_chloride,District
soquel_creek_watershed,Geographic_Unit
sora,Nonsense
sora_rallus,Natural_Feature
sosnow,Nonsense
sources_of_drinking_water_policy,Legal
south_american_subbasin_working_group,Group
south_canal,Infrastructure
south_corning_dome,Natural_Feature
south_fork_eel_river,Natural_Feature
south_kings_groundwater_sustainability_agency_board,Group
south_lahontan,Basin
south_of_state_highway,Geographic_Unit
south_san_lorenzo_valley_system,Natural_Feature
south_santa_ana_critical_riffle,Natural_Feature
south_sutter_water_district_board_of_directors,Group
south_talmage,Geographic_Unit
south_yuba_wd,District
southeast_area,Geographic_Unit
southeast_management_area_figure,Reference
southern_buttonwillow_management_area,Geographic_Unit
southern_interior_valleys,Geographic_Unit
southern_san_joaquin_valley_water_quality_coalition_mpep,Group
southwest,Geographic_Unit
soviet_union,Nonsense
spark,Nonsense
spatial_and_vertical_coverage,Technical
spatial_data_standards_for_facilities_infrastructure_and_environment,Technical
spc,Nonsense
special_counsel,Group
special_projects,Water_Project
special_status_wildlife_species_rincon,Natural_Feature
species,Nonsense
specific_conductivity,Technical
specified_municipal_well_field,Infrastructure
spring_creek_conduit,Infrastructure
spring_creek_powerplant,Infrastructure
springhorn,Nonsense
springs_hydrologic_area,Geographic_Unit
springs_minor,Natural_Feature
springville_fault,Natural_Feature
spruance,Nonsense
spu,Local_Gov
spv_advisory_committee,Group
spwn,Nonsense
spwn18,Nonsense
sqcwd_finance_manager,District
sqcwd_service_areas_iii,District
srp0714_and_santa_rosa_plain0716,Basin
srscs,Nonsense
sscawa_groundwater_management_plan,Technical
ssjvwqc,Nonsense
st,Nonsense
st_helena_star,Reference
st_johns_river_water_conservation_project,Water_Project
st_suffi_c,Nonsense
stachys,Natural_Feature
staff_advisory_committee,Group
staff_report,Technical
stage,Nonsense
stakeholder,Nonsense
stakeholder_categories_community,Group
stakeholder_committee_meeting_agreements_and_guidelines_for_successful_meetings,District
stakeholder_committee_meetings,Group
stakeholder_communication_and_engagement,Group
stakeholder_communication_and_engagement_guidance_document,District
stakeholder_communication_and_engagement_plan_survey,Technical
stakeholder_communication_workshop,Group
stakeholder_group,Group
stakeholder_identification_and_engagement,District
stakeholder_incentive_programs,Group
stakeholder_meetings,Group
stakeholder_outreach_efforts,Group
stakeholder_outreach_plan,Technical
stakeholders_members,Group
stamos,Nonsense
standard_criteria,Legal
standard_method_2540c,Technical
standard_operating_procedures_for_groundwater_sampling,Technical
standard_specification_for_chemical_admixtures_for,Legal
standards_and_rules_and_regulations_for_land_development,Legal
standing_committee_disputes,Group
stanislaus_and_tuolumne_rivers_groundwater_basin_association_committee,Group
stanislaus_and_tuolumne_rivers_groundwater_basin_association_groundwater_sustainability_agency_plan,Technical
stanislaus_county_community_plans,Technical
stanislaus_county_costs_and_approachsgem,Technical
stanislaus_county_general_plan_conservation_open_space_element,Reference
stanislaus_county_ground_water_sustainability_agencies,Group
stanislaus_state_stormwater,District
stanley,Nonsense
stantec_consulting,Company
starlite,Nonsense
state_board_decision_1290,Legal
state_board_of_equalization,State_Gov
state_center_community_college_center_district,District
state_department_of_parks_and_recreation,State_Gov
state_department_of_transportation,State_Gov
state_division_of_water_resources,State_Gov
state_drinking_water_information,Natural_Feature
state_drinking_water_source_assessment_program,State_Gov
state_engineer,State_Gov
state_farmland,Geographic_Unit
state_general_plan_guidelines,Legal
state_health_and_safety_code_and_county_ordinance,Legal
state_law_standards,Legal
state_legislative_initiatives,Legal
state_management_system,Technical
state_marine_reserve,Legal
state_mining_and_reclamation_act,Legal
state_model,Technical
state_model_well_ordinance,Legal
state_of_california_executive_order,State_Gov
state_of_california_special_studies_zones,State_Gov
state_of_california_water_resources,State_Gov
state_of_department_of_toxic_substances_control,State_Gov
state_of_department_of_water_resources,State_Gov
state_of_texas_commission_on_environmental_quality,State_Gov
state_of_the_basin,Basin
state_of_this,Nonsense
state_plan_of_flood_control,Legal
state_plane_coordinate_system,Technical
state_reclamation_act,Legal
state_route_41,Infrastructure
state_surface_water_ambient_monitoring_program,Technical
state_university_channel_university,Nonsense
state_university_sacramento_college_of_continuing_education,Local_Gov
state_water_boards,Group
state_water_contractors,Group
state_water_project_contractor,Group
state_water_project_delivery_capability_report,Technical
state_water_project_for_agricultural_irrigation_the_coastal_branch_of,Water_Project
state_water_project_or,Water_Project
state_water_project_through,Infrastructure
state_water_project_to_golden_state_water_company_golden_state_water_company,Water_Project
state_water_project_water_quality_monitoring,Technical
state_water_regional_control_board,Group
state_water_resources_control,State_Gov
state_water_resources_control_board_2009,State_Gov
state_water_resources_control_board_application_for_temporary_permit,Legal
state_water_resources_control_board_division,State_Gov
state_water_resources_control_board_division_of_drinking_water_supply_permit_water_amendment,Legal
state_water_resources_control_board_electronic_water_rights_information_system,Technical
state_water_resources_control_board_geotracker,Data_System
state_water_resources_control_board_groundwater_ambient_monitoring_and_assessment,Technical
state_water_resources_control_board_hydrologic_year,Technical
state_water_resources_control_board_instream_flow_enhancement,Group
state_water_resources_control_board_regulated_facilities_geotracker_program,Data_System
state_water_resources_control_board_water_quality_control_plan,Technical
state_water_resources_control_board_water_quality_order,Legal
state_well_construction_standards,Legal
states_bureau_of_reclamation,Federal_Gov
statewide_agricultural_production_model,Technical
statewide_agricultural_water_management_requirements_agricultural,District
statewide_database_of_groundwater_dependent_ecosystem_indicators,Technical
statewide_groundwater_elevation_monitoring_contributing_areasgem,Technical
statewide_groundwater_elevation_monitoring_water_data_library_portals,Technical
statewide_groundwater_elevation_monitoring_water_level_reporting_requirements_future,Technical
station_p190,Technical
stauffer,Nonsense
stein_et_al,Reference
step_3_5,Nonsense
stephen_mitchell,Person
stephens,Nonsense
stern,Nonsense
stetson_2021,Reference
steve_orloff,Person
steven_c_dalke,Person
steven_g_kisling_center_for_irrigation_technology,Group
stevenson,Nonsense
stgrba,Group
stickleback,Natural_Feature
stiff_diagrams,Technical
stinson_weir,Infrastructure
stipu,Group
stockton_area,Geographic_Unit
stockton_road,Infrastructure
stokes,Nonsense
stoll,Nonsense
stone_corral_irri,District
stony_creek_fan_model_local,Technical
stony_creeks,Natural_Feature
storage_groundwater,Natural_Feature
storage_tank,Infrastructure
storm_drain_standards,Legal
storm_drainage,Infrastructure
storm_water_resources_plans,Technical
stormwater_management_groundwater_recharge,Water_Project
stormwater_permits,Legal
stormwater_quality_monitoring_program,Technical
strasser_kauffman,Person
strategic_groundwater_consulting_support,Group
strategy_driver,Natural_Feature
strath,Nonsense
strathmore_community_plan,Technical
strawberry_crops,Nonsense
stream_and_watershed_management_program,Group
stream_bank,Natural_Feature
stream_channel_restoration_direct_groundwater,Water_Project
stream_flow_enhancement_program,Water_Project
stream_inflow,Natural_Feature
stream_network,Natural_Feature
stream_reaches,Natural_Feature
stream_stage_and_stream_discharge_monitoring,Technical
stream_systems,Natural_Feature
streambed_conductance,Technical
streambed_hydraulic_conductivity,Technical
streambed_inflow,Natural_Feature
streambed_percolation_historical,Technical
streamflow_exceedance_probability,Technical
streamflow_gages,Technical
streamflow_monitoring_data_streamflow,Technical
streamflow_percolation3,Technical
streamflow_watch_program,Technical
streamkeepec,Nonsense
streamleeeper,Nonsense
streamlined_permit,Legal
streamlines,Nonsense
streams,Natural_Feature
streams_i_2,Reference
stretch,Nonsense
structural_design,Technical
structural_properties_and_restricted_groundwater_flow,Technical
structural_setting,Geographic_Unit
structural_setting_lofgren,Technical
structure_board_and_committee_roles_and_responsibilities_groundwater_authority,Group
study_design_initiation,Nonsense
study_period_of,Nonsense
subaco_oswald_gridley,District
subarticle_3_sustainable_management_criteria,Legal
subarticle_4_monitoring_networks,Technical
subbasin_agriculture,Geographic_Unit
subbasin_boundary,Geographic_Unit
subbasin_conditions_of,Nonsense
subbasin_coordination_activities,Group
subbasin_coordination_committee_and_technical_working_group,Group
subbasin_coordination_outreach,Group
subbasin_flood_managed_aquifer_recharge,Water_Project
subbasin_foundational_data,Technical
subbasin_hydrogeologic_conceptual_model,Technical
subbasin_implementation_committees,Group
subbasin_number,Nonsense
subbasin_stakeholders,Group
subbasin_water_budget_summary_table,Reference
subbasin_water_supply_reliability_based,Technical
subbasin_wells,Technical
subcommittee,Group
submit_annual,Nonsense
submit_the_modesto_subbasin,Basin
subordinate_madera_irrigation_district,District
subregion_4,Geographic_Unit
subsidence_data,Technical
subsidence_monitoring_network_data,Technical
subsidence_monitoring_network_local,Technical
subsurface_inflow_the_tule_subbasin_setting,Geographic_Unit
success_dam_enlargement_project,Water_Project
success_reservoir_to_oettle_bridge,District
sudan,Geographic_Unit
sufficient,Nonsense
sugarloaf_ridge_state,District
suisun_creek,Natural_Feature
suisun_marsh_protection_act,Legal
suite,Nonsense
suite_a,Nonsense
suitesense,Company
sulfate_n_a_250500600,Nonsense
sulfate_sulfate,Nonsense
sullivan,Nonsense
summary_of_sustainable_management_criteria,Reference
summerland_beach,Natural_Feature
summerland_county_water_district,District
summerly,Nonsense
sumner_hill_groundwater_dependent_ecosystem_unit,Geographic_Unit
sun_city_regional,District
sun_world_international,Company
sunny_mesa_community_services_district,District
sunny_mesa_community_services_district_and_aromas_water_district,District
sunol_valley,Geographic_Unit
sunrise_blvd,Nonsense
super,Nonsense
supplemental_actions,Nonsense
supplemental_groundwater_level_monitoring,Technical
supplemental_groundwater_quality_data,Technical
supplemental_hydrogeologic_investigation_monitoring,Technical
supplies,Nonsense
supply,Nonsense
supply_and_demand_management,Nonsense
supply_groundwater,Natural_Feature
supply_meter_retrofit_project_for_tower,Water_Project
supplying,Nonsense
support,Nonsense
support_ca_delta_conveyance,Group
surf_beach,Nonsense
surface_advisory_group_ecos,Group
surface_and_groundwater,Natural_Feature
surface_energy_balance,Technical
surface_water_advisory_committee,Group
surface_water_and_groundwater_conditions,Technical
surface_water_budget_table_2,Reference
surface_water_delivery_projects,Water_Project
surface_water_for_irrigation_surface,Natural_Feature
surface_water_for_municipal_and_irrigation,Natural_Feature
surface_water_inflow,Natural_Feature
surface_water_monitoring_and_management_programs_available,Technical
surface_water_monitoring_the_water_resources_division_of_the_san_luis_obispo_county_public_works,Technical
surface_water_outflows,Natural_Feature
surface_water_programs_for,Nonsense
surface_water_pump_station_and_storage_tank_project,Water_Project
surface_water_quality_ametryn,Technical
surface_water_quality_chlorimuron_ethyl,Technical
surface_water_quality_chlorobenzene,Technical
surface_water_quality_chloroethane,Technical
surface_water_quality_chloromethane,Technical
surface_water_quality_cobalt,Technical
surface_water_quality_mcpa,Group
surface_water_quality_potassium,Technical
surface_water_quality_toluene,Technical
surface_water_quality_topical,Technical
surface_water_quality_turbidity,District
surface_water_quality_vinyl,Technical
surface_water_quality_water,Technical
surface_water_system_water_budget_accounting_centers_and_components,Technical
surficial,Nonsense
surficial_geology,Technical
survey,Nonsense
survey_of_current_business,Reference
surveying_spirit_leveling,Technical
surveys_or_land_use_studies,Technical
susan_j_matcham,Person
susan_pan,Person
suscol_creek,Natural_Feature
suspend,Nonsense
sustainabiiity_agency,Group
sustainability_agencies_collaborative,Group
sustainability_agency_authorities_and,Nonsense
sustainability_agency_management_area_diagram_sustainable_groundwater_planning,Technical
sustainability_agency_stakeholder_communication_and_engagement_plan_open,Technical
sustainability_aquifer_2018,Technical
sustainability_criteria_acquisition,Nonsense
sustainability_criteria_section_6641,Reference
sustainability_farmers_water_district,District
sustainability_goal_and_undesirable_results,Reference
sustainability_goal_the_working_group,Group
sustainability_goals_and_indicators,Reference
sustainability_management_criteria,Legal
sustainability_management_criteria_sustainable,Reference
sustainability_of_adjacent_areas,Geographic_Unit
sustainability_project_and_management_actions,Group
sustainability_understanding,Nonsense
sustainability_vision_and_policy_statement,Nonsense
sustainable_136,Nonsense
sustainable_august_19,Nonsense
sustainable_groundwater_management_acct,Legal
sustainable_groundwater_management_act_107256,Legal
sustainable_groundwater_management_act_59,Legal
sustainable_groundwater_management_act_adjudication_areas,Geographic_Unit
sustainable_groundwater_management_act_advisory_committee_government_center_room,Nonsense
sustainable_groundwater_management_act_and_groundwater,Legal
sustainable_groundwater_management_act_basin_prioritization_dataset,Technical
sustainable_groundwater_management_act_board,Group
sustainable_groundwater_management_act_chowchilla_water_district,District
sustainable_groundwater_management_act_compliance_activities_update,Technical
sustainable_groundwater_management_act_coordination_sacramento,Legal
sustainable_groundwater_management_act_data_management_system_requirements,Technical
sustainable_groundwater_management_act_data_viewer4,Technical
sustainable_groundwater_management_act_data_viewer_or_water_data_library,Technical
sustainable_groundwater_management_act_ies,Legal
sustainable_groundwater_management_act_implementation,Legal
sustainable_groundwater_management_act_implementation_horizon,Legal
sustainable_groundwater_management_act_implementation_recommendations_11,Reference
sustainable_groundwater_management_act_implementation_round_2,Legal
sustainable_groundwater_management_act_improvement_district_meeting,Group
sustainable_groundwater_management_act_interferometric_synthetic_aperture_radar,Nonsense
sustainable_groundwater_management_act_management_agreement,Group
sustainable_groundwater_management_act_model,Technical
sustainable_groundwater_management_act_notification_and_engagement_requirements,Legal
sustainable_groundwater_management_act_of,Legal
sustainable_groundwater_management_act_open_houses,Group
sustainable_groundwater_management_act_outreach,Legal
sustainable_groundwater_management_act_overview,Reference
sustainable_groundwater_management_act_rancheris,Legal
sustainable_groundwater_management_act_regulation,Legal
sustainable_groundwater_management_act_reports,Technical
sustainable_groundwater_management_act_roundtable,Group
sustainable_groundwater_management_act_sa,Legal
sustainable_groundwater_management_act_section_107256,Reference
sustainable_groundwater_management_act_section_35428,Reference
sustainable_groundwater_management_act_section_government_code,Reference
sustainable_groundwater_management_act_strategy,Legal
sustainable_groundwater_management_act_sustainable,Legal
sustainable_groundwater_management_act_sustainable_management_criteria_sustainable_management_criteria,Legal
sustainable_groundwater_management_act_taylor,Legal
sustainable_groundwater_management_act_tribal,Legal
sustainable_groundwater_management_act_viewer,Data_System
sustainable_groundwater_management_act_workgroup,Group
sustainable_groundwater_management_act_working_group,Group
sustainable_groundwater_management_areanagement,Nonsense
sustainable_groundwater_management_criteria,Legal
sustainable_groundwater_management_numerous,Nonsense
sustainable_groundwater_management_ordinance,Legal
sustainable_management_criteria_best_management_practice_guide,District
sustainable_management_criteria_bmp,Legal
sustainable_management_criteria_for_subsidence,District
sustainable_management_criteria_stakeholder_survey_mullin_area_groundwater_sustainability_agency,Other_GSA
sustainable_management_criteria_workshops_public,Group
sustainable_management_of_groundwater_sustainable_management_criteria_best_management_practice,Legal
sustainable_management_section_of_the_groundwater_sustainability_plan,Reference
sustainable_winegrape_program,NGO
sustainable_winegrowing,Nonsense
sustainable_yields,Technical
sutherland_context_and,Nonsense
sutter_community_service_district,District
sutter_community_services_district_board_of_directors,Group
sutter_county_board,Group
sutter_county_development_services_department,Group
sutter_county_facebook_post_for_public_workshop,Reference
sutter_county_gmp,District
sutter_county_superior_court,Nonsense
sutter_groundwater_sustainability_plan_pma,Geographic_Unit
sutter_refuge,Natural_Feature
sutter_subbasin_groundwater_sustainability_agencies,Group
suzannah,Nonsense
sv_j10_02,Nonsense
svbgsa_boards,Group
svgwbhc_1995,Reference
sviii,Nonsense
swain_et_al,Reference
sweetwater_creek,Natural_Feature
swft,Nonsense
swi_possible_future_projects_and_management_actions_acquire_supplemental_water_gl,Water_Project
swi_programs_update_basin_numerical_model,Technical
swkgsa,Other_GSA
swp_central_valley_project,Water_Project
sws_overdraft,Technical
syar_industries,Company
sycamore_marsh_farm_direct,Local_Gov
sycamore_slough_direct,Natural_Feature
sycamore_slough_drain_multi_benefit_groundwater,Water_Project
sycamore_slough_groundwater_dependent_ecosystem_unit,Natural_Feature
synthetic_hydrologic_development_and_aquifer,Natural_Feature
syrvg,Nonsense
system,NA
systems,Nonsense
t0600101803,Reference
t0600101803_ew4,Nonsense
t0611130305,Reference
t1i,Nonsense
t_j,Nonsense
t_maddock,Person
table_1,Reference
table_10_and_figure,Reference
table_27,Reference
table_4,Reference
table_4_1,Reference
table_4_3,Reference
table_4_7,Reference
table_5_4,Reference
table_8,Reference
table_a2_9,Reference
table_a2fa14,Reference
table_a_allocation,Reference
table_a_surface_waterp_allocation,Reference
table_a_water_and,Reference
table_a_water_and_north_of_delta_allocation_for_table_a,Reference
table_b3,Reference
table_b5,Reference
table_d2_1,Reference
table_es1,Reference
table_es2_projects_programs,Reference
table_g1,Reference
table_i3,Reference
table_mountain_rancheria,Reference
tagus_basin_north_cell,Basin
tagus_basin_south_cell,Basin
tailwater,Natural_Feature
tailwater_flows,Natural_Feature
talmage_near_el_roble,Infrastructure
tank_site_cleanup,Water_Project
tara_hills,City
task,Nonsense
task_orders,Nonsense
taxus_brevifolia,Natural_Feature
tbe_agency,Group
tcca_contractors,Group
tcv,Nonsense
tcwd_board,Group
tea_pot_dome_water_district_and,District
tebaldi_et_al,Reference
technical,Technical
technical_advisory_committee_and_advisory_committee,Group
technical_advisory_committee_isaacson,Technical
technical_advisory_committee_protocols_and_operating_principles,Technical
technical_advisory_committee_working_group,Group
technical_group_ha6,Technical
technical_hydrogeologic_and_data_support,Technical
technical_input,Technical
technical_or_regulatory_guidelines,Legal
technical_peer_review_heidi,Technical
technical_peer_review_purpose,Technical
technical_peer_review_the_technical_peer_review_group,Group
technical_report,Technical
technical_services_support_and_facilitation_services_support_programs_assistance_programs,Technical
technical_workshops_and_coordination_committee,Group
tecolote_tunnel,Infrastructure
tehachapi_cummings_community_water_district,District
tehachapi_mountains,Natural_Feature
tehama_butte_county,County
tehama_city_council,Group
tehama_colusa,Basin
tehama_colusa_service_area,Geographic_Unit
tehama_coordination_and_development_of_public_data,Technical
tehama_county_agricultural,District
tehama_county_and,Nonsense
tehama_county_board_of_supervisors_ordinance,Legal
tehama_county_domestic_well_tracking_water_action_fund_chapter_3,Reference
tehama_county_groundwater_ordinances,Legal
tehama_county_subbasins_online_survey,Technical
tehama_formation1,Natural_Feature
tehama_formation_13,Natural_Feature
tehama_formation_with,Nonsense
tehama_sustainable_groundwater_management_act,Legal
tejon_castac_management_area_931_water_budget_components,Technical
tejon_castac_management_area_cross_section_f_f,Reference
tejon_castac_management_area_hydrogeologic_survey_results_conceptual_model,Technical
tejon_mountain_village_development_scenario,Water_Project
tejon_mountain_village_development_with_aquifer_replenishment_project,Water_Project
tejon_mountain_village_development_with_aquifer_replenishment_project_scenario,Water_Project
tejon_mountain_village_facilities_plan,Technical
tejon_ranch_grapevine_water,Company
tem_data,Technical
temecula_valley_basins,Basin
temescal_desalter,Infrastructure
temescal_groundwater_subbasin,Basin
temescal_groundwater_sustainability_agency_technical_advisory_committee,Group
temescal_valley_production_district,District
temescal_valley_water_district_waste_discharge_by_location,Technical
temescal_wash_native_fish_restoration_project,Water_Project
temperance_flat,Water_Project
temperance_flat_reservoir_authority,Group
temperture,Nonsense
temporal_coverage_and_monitoring_frequency,Technical
temporal_resolution_groundwater,Technical
temporary_facilities,Infrastructure
temporary_water_service,Infrastructure
tercourse_engineering,Nonsense
terminafaon,Nonsense
terminal_reservoir,Infrastructure
terra_bella_irrigation_district_terra_bella_sewer_maintenance_district,District
terrace_deposits_of_aquifer_ii,Natural_Feature
terrance_deposits,Natural_Feature
territorially,Nonsense
tertiary,Nonsense
tertiary_petaluma_formation,Natural_Feature
tertiary_sediments,Natural_Feature
tertiary_treatment_expansion,Water_Project
tertiary_volcanic,Natural_Feature
teviston_hamlet_plan_2017,Reference
texture_maps_and_sections,Technical
tgaec,Group
thacher,Nonsense
thalweg_elevation_data,Technical
thamnophis,Nonsense
thamnophis_sirtalis_sirtalis_common_gartersnake,Natural_Feature
that_city_of_bakersfield,City
that_party,Nonsense
thatcher,Local_Gov
theis,Technical
these_advisory_committees,Group
these_agricultural_water_management_plans,Technical
these_bylaws,Legal
these_interim_milestones,Nonsense
these_management_areas,Geographic_Unit
these_monitoring_program,Technical
these_projects_and_management_actions,Nonsense
theskenand,Nonsense
thi,Nonsense
think_twice_program,Group
thiobencarb,Nonsense
this_algal_growth_potential,Technical
this_appendix_k,Reference
this_communications_engagement,Nonsense
this_communications_engagement_plan,Technical
this_groundwater_sustainability_plan_coordination_group,Group
this_land_use_inventory_geodatabase_technical_memorandum,Technical
this_ma,Nonsense
this_management_action_department,Group
this_management_areadera_subbasin_coordination,Group
this_memorandum_of_understanding,Legal
this_mt,Nonsense
this_networks_indicators,Nonsense
this_older_alluvium,Natural_Feature
this_owens_valley_program,Group
this_pliocene,Nonsense
this_pma,Nonsense
this_resource_management_strategy,Nonsense
this_salinas_valley_basin_groundwater_sustainability_agency_communication_and_public_engagement_document,Reference
this_subbasin,Basin
this_sustainability_interconnected_indicator,Technical
this_technical_working_group,Group
this_water_fund,NGO
this_water_supply_contract,Legal
thj_validation_action,District
thomas_harder_company,Company
thomas_w_dibblee,Person
thomas_w_wilber,Person
thomasson_jr,Person
thompson_creek_channel_cpp,Infrastructure
thompson_creek_spreading_grounds,Infrastructure
thorne,Geographic_Unit
thornton,City
threatened_crangonyx,Natural_Feature
threshold,Nonsense
threshold_aquifer,Natural_Feature
threshold_for_total_dissolved_solids_table,Reference
throop,Nonsense
through_stage,Nonsense
through_stage_5_water_rationing,Legal
tier,Nonsense
tier_1_management_actions,Technical
tier_2_estimated_project,Water_Project
tier_2_management_action,Technical
tierra_area,Geographic_Unit
tierra_rejada_basins,Basin
tim_godwin,Person
tim_mcgraw,Person
timing,Nonsense
tipos_de_tierra,Nonsense
tisdale_irrigation_and_drainage_company_board,Group
tisdale_irrigation_drainage_company,Company
tish_non,Nonsense
title,Nonsense
title_12,Legal
title_22_52,Legal
title_23_351,Legal
tmdl_total_maximum_daily_load_program_nature_conservancy,NGO
tmf,Nonsense
tn,Nonsense
to_achieve_sustainability,Nonsense
to_be_n_a_2_n_a,Nonsense
to_define_undesirable_results_significant,Reference
to_determine,Nonsense
to_evaluate,Nonsense
to_fill_data,Technical
to_fill_data_gaps_data,Technical
to_improve_the_efficiency_of_water,Nonsense
toadtown,Nonsense
todd_121817,Nonsense
todd_engineers,Company
todd_road,Infrastructure
todd_sloat_biological,Person
todd_studyb,Nonsense
tognolini,Nonsense
tolay_creek,Natural_Feature
tom_berg,Person
tomiquia_moss,Natural_Feature
tommy_lee_jarrell,Person
tony_barrera,Person
tonyville_hamlet_plan,Technical
topics,Nonsense
topography_the,Nonsense
toro_canyon_school_soil,Natural_Feature
toro_manufacturing_company,Company
tos,Nonsense
toss,Nonsense
total_cost_allocation,Technical
total_groundwater_storage,Technical
total_solids,District
town_of_madison,Local_Gov
town_of_yountville_general_plan,Technical
toxicoscordion,Natural_Feature
tracking_system,Data_System
tracy_dos_palos_area,Geographic_Unit
tracy_regional_groundwater_management_plan,Technical
tracy_site,Infrastructure
tracy_wastewater_treatment_plant,Infrastructure
traffic_mitigation_airport_industrial_fund,Nonsense
tranquillity_irrigation_district,District
tranquillity_public_utilities_district,District
transfers,Nonsense
transient_non_community_water_systems,Natural_Feature
transmissivity_estimates_of,Technical
transnet_environmental_mitigation_program,Group
travis,Nonsense
trc_pw80,Technical
treasurer,Nonsense
treepeople,NGO
tres_pinos_percolation,Infrastructure
tres_pinos_subbasins,Basin
tri_county_water_authority_groundwater_sustainability_agency,Other_GSA
trial_balloon,Nonsense
triangle_t_water_district_13,District
triangle_t_water_district_groundwater_sustainability_agency_14700_total,District
triangle_t_water_district_groundwater_sustainability_agency_triangle_t_water_district_groundwater_sustainability_agency,Other_GSA
triangle_t_water_district_pipeline_projects_estimated_costs_item_total_cost_year,Technical
triassic,Nonsense
tribal_contact_report,Technical
tribal_council_meeting,Group
tribal_nations,Group
tribal_outreach,Group
tribal_regional_water_management,Group
tribal_trust,Legal
tribal_trust_land,Geographic_Unit
tribal_union_of_concerned,Group
tribes,Group
tribes_american_heritage_commission,Group
tributary_inflow,Natural_Feature
trid_ma,District
tropaeolum,Nonsense
trpa,Local_Gov
truckee_meadows_water_authority,Group
trujillo_et_al,Reference
trussell_technologies,Company
trusted_news_sources_links,Nonsense
trustee,Nonsense
trustee_agency,Group
ts212_inf_sample_port_location,Data_System
tshawytscha_cv_central_valley,Geographic_Unit
tu_unit_figure,Reference
tuesdays,Nonsense
tuff_breccia,Natural_Feature
tufted,Nonsense
tulare_basin_wildlife_partners,Group
tulare_county_board_of_supervisors,Group
tulare_county_code,Legal
tulare_county_focus_area,Geographic_Unit
tulare_county_general_plan_2030_update,Reference
tulare_county_management_area,Geographic_Unit
tulare_county_planning_commission,Group
tulare_county_proposed,Local_Gov
tulare_county_tulare_county,County
tulare_county_zoning_ordinance,Legal
tulare_lake_preliminary,Reference
tulare_public_library_and_council_chambers,Infrastructure
tulare_subbasins,Basin
tulare_valleys,Geographic_Unit
tularosa,Geographic_Unit
tule_basin_water_quality_coalition_program,Group
tule_bluet_insects,Natural_Feature
tule_county_well_ordinance,Legal
tule_indian_tribe,Group
tule_lake,Natural_Feature
tule_monitoring_network,Technical
tule_ri,Natural_Feature
tule_river_authority_groundwater_management_plan,Technical
tule_subbasin_hydrologic_conceptual_model,Technical
tule_subbasin_mou_group_meetings_eastern_tule_groundwater_sustainability_agency,Other_GSA
tule_subbasin_stakeholder,Group
tule_subbasin_subsidence_plan,Technical
tule_subbasins,Basin
tulelake_district_office,District
tulelake_division,District
tulelake_sumps,Infrastructure
tulucay_creek_watershed,Geographic_Unit
turlock_city_hall,Local_Gov
turlock_irrigation_district_service_area,Geographic_Unit
turlock_irrigation_districtc_model,Technical
turlock_subbasin_basin_setting,Geographic_Unit
turlock_subbasin_communications_plan,Technical
turner_island_water_district_combined3,District
turner_island_water_district_joint_meeting,Group
turner_island_wd,District
turnipseed_groundwater_banking_project,Water_Project
tuscan_units_b,Basin
tw2,Nonsense
twin_cities,Geographic_Unit
twin_lakes_church,Nonsense
tybrin_corporation,Company
type_a,Nonsense
u_niversity,Nonsense
ual,Nonsense
uc_davis,Local_Gov
ucl,Nonsense
ucode,Legal
ucode20141,Nonsense
ucr,Local_Gov
ukiah_gsa,Other_GSA
ukiah_valley_groundwater_sustainability_agency,Other_GSA
ulatis_creek_projects_groundwater,Water_Project
ulatis_flood_control,District
umhos,Nonsense
umwp,District
un_déficit_de,Nonsense
unanimously,Nonsense
unavco_continuous_global_positioning_system_sites_figure,Reference
unconfined_aquifer_conditions,Natural_Feature
under_highway_113_interception_runoff_of,Infrastructure
underground_sources_of_drinking_water,Natural_Feature
underground_storage_tank_program,Legal
underground_storage_the_program,Nonsense
undermine_the_value_and_efficacy,Nonsense
underrepresented_communities_underrepresented_communities,Group
understanding_environmental_contamination_in_real_estate,Reference
unimpaired_flows_change,Technical
union_of_b_engaging_stakeholders_section_12,Reference
united_agreement,Group
united_dairymen,NGO
united_fpbgsa,Other_GSA
united_kingdom,Geographic_Unit
united_states_army_corp,Federal_Gov
united_states_army_corps,Federal_Gov
united_states_army_corps_of_engineers_albuquerque,Federal_Gov
united_states_army_corps_of_engineers_records,Federal_Gov
united_states_army_corps_of_engineers_sampling_pointd,Nonsense
united_states_army_corps_of_engineers_status_reports,Technical
united_states_army_corps_of_engineers_the_united_states_army_corps_of_engineers,Federal_Gov
united_states_army_corps_of_engineers_tule_river,Natural_Feature
united_states_bureau_of_reclamation_central_valley_project_records,Federal_Gov
united_states_bureau_of_reclamation_contractors,Group
united_states_bureau_of_reclamation_planning,Federal_Gov
united_states_endangered_species_act,Legal
united_states_fish_and_wildlife_service_environmental_conservation_online_system,Data_System
united_states_fish_wildlife_service,Federal_Gov
united_states_forest_service_goosenest_district_office,Federal_Gov
united_states_geologic_survey,Federal_Gov
united_states_geological_survey_basin_characterization_model,Technical
united_states_geological_survey_bayside_groundwater_project,Water_Project
united_states_geological_survey_central_valley,Geographic_Unit
united_states_geological_survey_groundwater_ambient_monitoring_and_assessment_program,Technical
united_states_geological_survey_hydrogeologic_study,Technical
united_states_geological_survey_national_streamflow_information_program_united_states_geological_survey,Federal_Gov
united_states_geological_survey_national_water_quality_assessment_program,Federal_Gov
united_states_geological_survey_station_11449500,Infrastructure
united_states_geological_survey_water_supply_paper_1467,Reference
united_states_geological_survey_water_supply_paper_no,Reference
united_water_conservation,District
united_water_conservation_district_35,District
united_water_conservation_district_oxnard,District
united_water_conservation_district_particle_tracks,Technical
university_ag_extension,Local_Gov
university_navigation_satellite_timing_and_system_consortium,Group
university_of_califor_agriculture_and_natural_resources_2019,Technical
university_of_califor_at_davis_and,Nonsense
university_of_califor_cooperative_extension,Local_Gov
university_of_california_agricultural_and_natural_resources_department,State_Gov
university_of_california_at_davis,State_Gov
university_of_california_at_davis_and,State_Gov
university_of_california_berkeley,State_Gov
university_of_california_davis_hydrologic_graduate_group,State_Gov
university_of_california_division_of_agriculture,State_Gov
university_of_california_extension,State_Gov
university_of_massachusetts,Nonsense
university_of_wisconsin,NGO
unocal_et_al,Nonsense
unocal_natural_resource_damage_assessment,Legal
unredacted_well_log_data,Technical
unsaturated_zone_flow_package,Technical
unstructured_grid,District
update18,Reference
update_basin_numerical_model,Technical
updates_of_data,Technical
updating_opti,Nonsense
upland_groundwater_dependent_ecosystem_monitoring_program,Technical
upper_and_lower_princeton_valley_fill,Basin
upper_and_lower_reaches_combined,Geographic_Unit
upper_and_lower_tuscan_formations,Natural_Feature
upper_aquifer_deep_zone_wells,Infrastructure
upper_cache_creek_watershed_representation,Geographic_Unit
upper_cambrian,Geographic_Unit
upper_consumer_acceptance_levels,Nonsense
upper_farmington_canal,Infrastructure
upper_limit,Nonsense
upper_lower,Nonsense
upper_lower_upper_lower_aquifer,Natural_Feature
upper_oligocene_and_lower_miocene,Geographic_Unit
upper_paso_robles,Basin
upper_pressure_at_state_street,Nonsense
upper_reeves_creek,Natural_Feature
upper_salinas,Basin
upper_san_pedro_saugus_formation_and_grimes_canyon_aquifer,Natural_Feature
upper_santa_cruz_basin,Basin
upper_secondary_drinking_water_maximum_contaminant_level,Legal
upper_shallow_aquifer_zone,Geographic_Unit
upper_valley_sustainable_management_criteria_technical_advisory_committee_subbasin,Basin
upper_ventura_rive_groundwater_basin,Basin
upper_ventura_river_groundwater_agency_website_updates,Technical
urban_area_general_plan,Technical
urban_areas,Geographic_Unit
urban_bakersfield_advisory_committee,Group
urban_industrial,Geographic_Unit
urban_landscape_evapotranspiration,Natural_Feature
urban_levee_evaluation_program,Technical
urban_reserve,Geographic_Unit
urban_stormwater,Natural_Feature
urban_water_management_planning_municipalities,Group
urban_water_management_planning_urban,Technical
urban_water_management_plans_and,Reference
urban_water_management_plans_urban,Technical
us_air_force,Federal_Gov
us_armed_forces,Federal_Gov
us_army_corps_of_engineers_integrated_regional,Federal_Gov
us_bureau_of,Nonsense
us_bureau_of_indian_affairs,Federal_Gov
us_bureau_of_indian_affairs_california_tribal_homelands_and_trust_land_map,State_Gov
us_bureau_of_land_management,Federal_Gov
us_census_block,Geographic_Unit
us_census_geoid,District
us_congress,Federal_Gov
us_department_of_agriculture_natural_resources_conservation_service,Federal_Gov
us_department_of_interior,Federal_Gov
us_department_of_transportation_hazmat_employee,Federal_Gov
us_drought_monitor_1,Technical
us_environmental_protection_agency_action_level,Federal_Gov
us_environmental_protection_agency_health_advisory,Federal_Gov
us_environmental_protection_agency_replacement_well,Infrastructure
us_fish_and_wildlife_services_biological_opinions,Federal_Gov
us_forest,Federal_Gov
us_forest_service_fire_effects_information_system,Technical
us_geologic_survey,Federal_Gov
us_geological,Federal_Gov
us_geological_survey_httpcawaterusgsgov,Federal_Gov
us_geological_survey_hydrologic_instrument_facility,Federal_Gov
us_government,Federal_Gov
us_post_office_department,Group
usa,Geographic_Unit
usc00042294,Technical
uscm,Nonsense
used_flow_path_unused,Nonsense
used_for_establishing_reduction_of_groundwater_storage_measurable_objectives,Technical
used_for_groundwater_elevation_assessments,Nonsense
used_for_groundwater_extraction_monitoring,Technical
used_for_groundwater_level_monitoring,Technical
used_for_monitoring_groundwater_levels,Technical
used_for_water_level_monitoring,Technical
used_objective,Nonsense
used_to_establish_minimum_thresholds_and_measurable_objectives,Nonsense
user,Nonsense
uses_agricultural_irrigation_total,Technical
uses_and,Nonsense
uses_habitats_of_special_significance,Nonsense
uses_regulation_requirements,Legal
uses_regulation_requirements_35414b4e,Legal
uses_the_water_quality_control_plan,Technical
uses_urban,Nonsense
utilize,Nonsense
utilizing_the_tule_subbasin_criteria,Technical
utm_zone_10_and,Geographic_Unit
uv_h2o2,Water_Project
uvgba,Nonsense
uvrga_data_quality_control_review_procedures,Technical
v_e_langenheim,Person
v_grapes_nr3,Nonsense
vacaville_community,Group
vadose_zone,Geographic_Unit
validation,District
valle_del_sol_properties_llc,Company
valley_oak_natural_communities,Group
valley_one_vision,Group
valley_project_improvement_act,Legal
valley_sequence,Nonsense
valley_spring_formation,Natural_Feature
valley_springs_formation_of,Natural_Feature
valley_water_quality_coalition,Group
van_buren_golf_center,Nonsense
van_buren_urban_forest,Natural_Feature
vaqueros_monitoring,Technical
varian_ranch_mwc_ag,District
vasey,Nonsense
vaugh_wc,District
vcailg_water_quality_board,Group
vcfcd,District
vcpwa,District
ve_change,Nonsense
ve_monitoring_wells_notes,Technical
vegetation_communities_and_special_status_species,Natural_Feature
vegetations_areas,Geographic_Unit
ventura20co20waterworks20dist20no201202,District
ventura_counties,Nonsense
ventura_county_2040,Reference
ventura_county_cooperative_investigation,Reference
ventura_county_department_of_public_works,Local_Gov
ventura_county_district,District
ventura_county_general_plan,Technical
ventura_county_integrated,Group
ventura_county_integrated_regional_water_management_program,Group
ventura_county_public_works_agency,Group
ventura_county_water_and_environmental_resources_division,Local_Gov
ventura_county_water_protection_district,District
ventura_county_water_resources_management_study,Technical
ventura_county_watershed_protection_district_gis_data,Technical
ventura_county_watershed_protection_district_inventory_of_public_and_private_water_purveyors,Technical
ventura_county_watersheds_coalition_integrated_regional_water_management,Group
ventura_countywide_stormwater_quality,District
ventura_iii,Basin
ventura_regional_sanitation_district,District
ventura_road,Infrastructure
ventura_watershed_adjudication,Legal
veronica,Person
version_6_of,Nonsense
vestra,Company
veterans_affairs,Federal_Gov
via_federal,Nonsense
vice,Nonsense
vice_chairperson,Nonsense
vicki_kretsinger_grabert,Person
vienna,Nonsense
vignolo_farms_t_1,Nonsense
villa,Nonsense
village_subunit,Geographic_Unit
vina_brentwood,Local_Gov
vineberg,Nonsense
virginia_rail,Natural_Feature
virginia_rail_recurvirostra_american,Natural_Feature
virtual_public_town_hall,Group
visalia_times_delta,Reference
vista_mutual_water_company,Company
vista_valencia_golf_course_total_production,Infrastructure
visualization_groundwater_modeling_system,Technical
volatile_organic_compound_data,Technical
volatile_organic_compounds,Technical
vote_centers_and_request_for_fee_waiver,Nonsense
vp,Nonsense
vsfb2,Nonsense
vulcan_chemical_et_al,Nonsense
vulnerability_tool,Technical
w_cromwell_avenue,Geographic_Unit
w_flows,Technical
w_landscape,Nonsense
w_p,Nonsense
w_schmid,District
wadsworth_deliveries,Nonsense
wagner_et_al,Reference
waiver_nothing,Nonsense
walker_formation,Natural_Feature
walker_lane,Basin
wallace_creek,Natural_Feature
walley,Nonsense
walnut_grove_library,Nonsense
walnut_hill,Geographic_Unit
walton,Geographic_Unit
wanger,Nonsense
ward,Nonsense
warm_springs_creek,Natural_Feature
was_discussed,Nonsense
wasco,City
washington_dc,Local_Gov
washoe_creek,Natural_Feature
waste_discharge_requirements_general_order_for_growers,Legal
waste_discharge_requirements_order,Legal
waste_recycling_facility,Infrastructure
wastewater,Nonsense
wastewater_reclamation,Water_Project
wastewater_recovery_facility,Infrastructure
wastewater_treatment_facility,Infrastructure
wastewater_treatment_plant_discharges_and_flows,Technical
water_action_fund_communications,Group
water_agency_directors,Group
water_allocation_framework,Legal
water_and_power_resources_service,District
water_association,NGO
water_authority_facilities_the_water_authority,Group
water_availability_analysis_water_code,Legal
water_budget_1,Technical
water_budget_component,Technical
water_budget_data_initial,Technical
water_budget_data_sources_water,Technical
water_budget_development,Technical
water_budget_structure_for,Nonsense
water_company,Nonsense
water_conservation_landscape_act,Legal
water_conservation_program,Group
water_data,Technical
water_data_library_sacramento_river,Natural_Feature
water_demand_reduction_management_actions,Technical
water_demand_reduction_management_actions_the_management_actions,Technical
water_department,Group
water_division_of_the_utilities_department,Group
water_efficient_landscape,Technical
water_efficient_landscape_guidelines,Legal
water_element_of_the_general_plan,Technical
water_forum_3,Group
water_fund,Group
water_level_field_sheet,Technical
water_level_table,Reference
water_levels_and_storage_039_ag_irrigation,Technical
water_levels_and_trends,Technical
water_levels_mw1_monitor,Technical
water_management_plan,Technical
water_master_plans,Technical
water_pollution_prevention_services,Local_Gov
water_produced,Nonsense
water_quality_coalition,Group
water_quality_improvement_programs,Group
water_quality_m2_2010016_002,Technical
water_quality_madera_county,County
water_quality_monitor,Technical
water_quality_monitoring_sierra_valley,Geographic_Unit
water_quality_mw5,Technical
water_quality_objective,Legal
water_quality_sampling_the_ambient_water_quality,Technical
water_quality_the_groundwater_sustainability_agency,Other_GSA
water_quality_values,Technical
water_reclamation_facilities,Infrastructure
water_recycling_funding,Group
water_resources_and,Nonsense
water_resources_and_information_management_engineering,Technical
water_resources_department_conference_room,Infrastructure
water_resources_development_act,Legal
water_resources_discipline,Group
water_resources_handbook_for_water_budget_development,Reference
water_resources_management_plan,Technical
water_resources_management_programs,Group
water_resources_program,Group
water_resources_reconnaissance_study,Reference
water_right_information_management_system,Technical
water_rights_information_management_system,Technical
water_security_clean_drinking_water,Legal
water_site_inventory_system,Data_System
water_storage_district,District
water_storage_improvement_program,Water_Project
water_supply_assumptions,Technical
water_supply_contract,Legal
water_supply_reliability_plan_update,Technical
water_systems,Natural_Feature
water_systems_comprise,Nonsense
water_the_tule_subbasin_setting,Geographic_Unit
water_use_efficiency_page,Reference
water_wells,Infrastructure
waterboards,Group
waterford_planning_department,Group
waterfowl4_substantial,Nonsense
watermaster_district,District
watermaster_service,Group
watermaster_service_area,Geographic_Unit
watermaster_technical_advisory_committee,Group
watershed_analysis_risk_management_framework,Technical
watershed_consumptive_use_fraction,Technical
watershed_education,Group
watershed_integrated_regional_urban_water_management_plan_water,Reference
watershed_management_group,Group
watershed_project_authority,Group
watershed_protection_and_management_and_flood_control,Legal
watershed_sciences_inc,Company
watersheds,Natural_Feature
watersheds_domain,Geographic_Unit
watersheds_major,Geographic_Unit
ways,Nonsense
wb41_projected_water_budget_supplies,Technical
weather_data_daily,Technical
weather_inputs,Technical
web_soil_survey,Data_System
weber_et_al,Reference
website2,Nonsense
website_communication_marina_coast_water_district_groundwater_sustainability_agency,Other_GSA
website_communication_the_olcese_groundwater_sustainability_agency,Other_GSA
website_site,Nonsense
wedgeleaf_ceanothus,Natural_Feature
weissman,Person
weissmann_et,Reference
well_abandonment_outreach_and_funding_program,Water_Project
well_completion_report_map_application,Reference
well_construction_application_and_permit_form,Legal
well_construction_aquifer_parameter,Technical
well_construction_well,Infrastructure
well_density,Technical
well_destruction_program_solano,Group
well_impact_analysis,Technical
well_installation_report,Technical
well_log_27558,Technical
well_log_764374,Technical
well_log_76739,Technical
well_maintenance_groundwater_elevation,Technical
well_monitoring_program,Technical
well_owner_outreach,Group
well_perform_video_surveys,District
well_site_geographic,Geographic_Unit
well_site_location_geographic,Geographic_Unit
well_standards,Legal
well_t24sr24e25j1,Infrastructure
wellfields_arcadia_wellfield,Infrastructure
wells_01n22w20j07s,Infrastructure
wells_01n22w27r05s,Infrastructure
wells_01n22w28g04s,Infrastructure
wells_02n19w07k04s,Natural_Feature
wells_15,Technical
wells_4,Nonsense
wells_91,Technical
wells_and_beneficial_uses,Technical
wells_aquifer,Natural_Feature
wells_completion_monitored,Technical
wells_copeland_creek_monitoring,Technical
wells_dedicated_monitoring_wells,Technical
wells_e,Infrastructure
wells_electrical_conductivity,Technical
wells_fargo,Company
wells_monitoring,Technical
wells_near_failed_domestic_wells,Technical
wells_per_square_mile,Technical
wells_percentage,Technical
wells_piezometers,Infrastructure
wells_piezometers_percentage,Technical
wells_propulsion_lab_industrial_rinse,Company
wells_pumping,Infrastructure
wells_regularly_of_area,Geographic_Unit
wells_screened_across_multiple_aquifers,Natural_Feature
wells_table_2141,Reference
wells_used_for_trend,Technical
wells_valley,Geographic_Unit
wells_valley_county_water_district,District
wells_valleys,Geographic_Unit
wells_wells,Nonsense
wells_with_unknown_construction_details,Technical
wells_with_unreported_screened_intervals,Technical
wentworth_et_al,Reference
west_bank,Geographic_Unit
west_butte_subbasin_workgroup,Group
west_central,Geographic_Unit
west_fork_carson_river,Natural_Feature
west_hills_cc_farm,Nonsense
west_island,Geographic_Unit
west_morton_avenue,Nonsense
west_ocean_minimum,Nonsense
west_san_jacinto_groundwater_basin,Basin
west_san_pablo_land_and_water_company,Company
west_santa_cruz_terrace,Geographic_Unit
west_stanislaus_irrigation_district_board_of_directors,Group
west_stanislaus_irrigation_district_lateral_4_south_recapture_and,Water_Project
west_turlock_groundwater,Basin
west_turlock_groundwater_sustainability_agency,Other_GSA
westend_chemical_company,Company
western_area_projections,Technical
western_gulf_oil_company,Company
western_management,Group
western_management_area_committee,Group
western_management_area_groundwater_sustainability_agency_board,Group
western_management_unit,Geographic_Unit
western_portion,Geographic_Unit
western_region_climate_center,Technical
western_san_joaquin_coalition,Group
western_subbasin_cross,Geographic_Unit
western_upper_and_western_lower,Basin
westhaven,Geographic_Unit
westlands_water_district_groundwater_sustainability_agency_board,Group
westminster_ave,Infrastructure
westplains,Geographic_Unit
westplains_water_storage_district,District
westside_basin_model_westside_basin,Basin
westside_groundwater_sustainability_plan,Technical
westside_mutual,District
westside_mutual_water_company,District
westside_resource_conservation_district,District
westside_san,District
westside_san_joaquin_integrated_regional_water_management_region,Geographic_Unit
westside_subbasin_sustainable,District
westside_subbasin_water_budget_water,District
westside_subbasins,Basin
westside_water_quality_coalition,District
westwater_research,Company
wet,Nonsense
wet_chemistry,Technical
wet_climate_change_change,Nonsense
wetland_response_to,Nonsense
wetland_responses_to,Nonsense
wetlands,Natural_Feature
wetlands_reserve_program,Federal_Gov
wh1_registration_of_extraction_facilities,Legal
wh1_registration_of_extraction_facilities_description,Technical
wh_jackson,Person
wh_wilbur_reclamation_district,District
whaleback,Natural_Feature
whcc_farm_of,Nonsense
whcc_future,Nonsense
wheeler_maricopa_water_storage_district,District
wheeler_ridge_maricopa_management_area_the,District
wheeler_ridge_maricopa_water_district,District
wheeler_ridgemaricopa_water_storage_district,District
where_are,Nonsense
white_house,Federal_Gov
whittaker_bermite_property,Geographic_Unit
wholesaler_and_industrial_user,Local_Gov
wi,Nonsense
wic,Nonsense
wildermuth_environmental,Company
wilderness_gardens_preserve,Natural_Feature
will_be_implemented,Nonsense
william,Person
william_b_cater_water_treatment_plant,Infrastructure
william_bringham,Person
williams_city_council,Group
williamson_et,Reference
willow_slough_white_area,Geographic_Unit
willows_council_chambers,Infrastructure
willows_fault,Natural_Feature
willy_cunha,Person
wilson_grove_formation_most,Natural_Feature
wilson_grove_formations_highlands,Natural_Feature
winemucca_trading_co,Company
wintuan,Nonsense
witch_creek_fire,Natural_Feature
with_climate_change_pmas_budget,Nonsense
without_climate_change,Nonsense
wla,District
wle,Nonsense
wmsa,Group
wmwd_action_conjunctive_use_agreements_group,Group
wnam,Nonsense
wolf_subbasin_thaf,Basin
wolff,Nonsense
wood_ag,Company
woodard_current,Person
wooden_valley_agricultural,District
woodland_agricultural,Local_Gov
woods,Nonsense
woodville_public_cemetery_district,District
work_order,Nonsense
work_plan_and_completion_report,Technical
worked,Nonsense
working,Nonsense
working_group_and_board_of_directors,Group
working_group_national_laboratory,Group
workshop_technical_workshop_no,Technical
workshop_workshop,Nonsense
workshops_stakeholder,Group
world_imagery,Data_System
world_wide_web,District
wqo_t0609300005mw4,Technical
wr19_collection,Technical
wr24,Legal
wr32,Reference
wr_17_collection_of_additional_groundwater_information,Natural_Feature
wrfp,Technical
wright,Nonsense
writ,Nonsense
writing_x_project_and_management_actions_project_1,Nonsense
wrmwsd_sustainable_groundwater_management_act,Legal
wsa,Group
wtsgsa,Other_GSA
wu_bromodichloromethane_dichlorobromomethane,Nonsense
ww,Nonsense
wwwcbuildingorg,Nonsense
wwwsbcwdcom,District
wy_type,Technical
wyandotte_subbasins,Basin
x_grant,Nonsense
x_sustainable_groundwater_management_act,Legal
y_aplicación_del_groundwater_sustainability_plan,Technical
y_gestión_de_los_recursos,Nonsense
y_la_reducción_del_uso_de_consultores,Nonsense
y_project_7,Nonsense
y_uso_de,Nonsense
yamabe_horn_engineering_inc,Company
ycfc6,Nonsense
ycfcwfd,Nonsense
ye_et_al,Person
year_administration,Nonsense
years,Nonsense
yellowthroat,Nonsense
yemen,Geographic_Unit
yerba_buena,Nonsense
yettem,City
yettem_seville_community_services_district_yettem_seville_community_services_district,District
yield,Nonsense
yield1_ranges,Technical
yiguo_liang,Person
ymca,NGO
yocha_dehe,NGO
yocha_dehe_wintun_tribal_chair,Group
yokayo_water_systems,Natural_Feature
yokuts_porterville,Group
yolo_bypass_wildlife_area_land_management_plan,Technical
yolo_county_environmental_health_division,Local_Gov
yolo_county_flood_control_dunnigan_hills,District
yolo_county_flood_control_east_bypass,Infrastructure
yolo_county_flood_control_east_cache_creek,Natural_Feature
yolo_county_flood_control_east_putah_creek,Natural_Feature
yolo_county_groundwater_monitoring_program,Technical
yolo_county_representation,Local_Gov
yolo_integrated_regional_water_management_plan,Technical
yolo_subbasin_golden_state_water,District
yolo_subbasin_network_monitoring_events,Technical
yolo_sustainable_groundwater_management_act,Legal
yolo_zamora_south,Geographic_Unit
york_rd_west,Geographic_Unit
york_reservoir,Infrastructure
yountville_recycled_water_program,Water_Project
youtube_channel,Nonsense
ysi_pro_plus_glass_electrode_ph_sensor_field_lead,Infrastructure
yuba_county_groundwater_management_plan,Technical
yuba_county_integrated_regional_water_management_plan,Technical
yuba_groundwater_model_sensitivity_analysis_sensitivity,Technical
yuba_marysville,Local_Gov
yuba_subbasins_groundwater_sustainability_plan,Technical
yuba_water_agency_conference,Group
yuba_wheatland_canal,Infrastructure
yucaipa_integrated_hydrologic_model_active_model_domain,Technical
yvwd13,District
yvwd51,District
zamora_subunit,Basin
zapato_creek,Natural_Feature
zbur,Nonsense
zoback_et_al,Reference
zone_budget,Technical
