all_names,entity_type,notes
1 Priority Environmental Services - An EIS Company,consulting_firm,source: ehsmatch
24/7 Mold Inspection Long Beach,consulting_firm,source: ehsmatch
24/7 Mold Inspection Pasadena,consulting_firm,source: ehsmatch
24/7 Mold Inspection Redondo Beach,consulting_firm,source: ehsmatch
"2GHO, Inc.",consulting_firm,source: ehsmatch
2nd Nature Safety,consulting_firm,source: ehsmatch
2SAFE Consulting,consulting_firm,source: ehsmatch
3 Kings Environmental Inc,consulting_firm,source: ehsmatch
"3 Kings Environmental, Inc - Puyallup Office",consulting_firm,source: ehsmatch
3t Training Services - Houston,consulting_firm,source: ehsmatch
"4 Creeks, Inc.",consulting_firm,"source: swrcb; [swrcb] services: Civil Engineering, Surveying, Water Resource Planning, Regulatory, Permitting CEQA/NEPA Compliance and Environmental Permitting, Software Development"
"45dB Acoustics, LLC",consulting_firm,source: slo; [slo] qualifications: Acoustical
"48 North Solutions, Inc.",consulting_firm,source: ehsmatch
"5 Microns Inc. Asbestos, Mold, Drinking Water, Radon, Air Quality Testing Lab",consulting_firm,source: ehsmatch
5 Star Health and Safety,consulting_firm,source: ehsmatch
5 Star Mold Inspection of South Florida 25 yrs exp ⭐⭐⭐⭐⭐ FREE Airborne Allergy Test incl. Next Day Lab Results,consulting_firm,source: ehsmatch
7 SAFETY TRAINING LLC.,consulting_firm,source: ehsmatch
7G Environmental Compliance Management,consulting_firm,source: ehsmatch
954 Safety LLC,consulting_firm,source: ehsmatch
"A Light in the Attic, PLLC",consulting_firm,source: ehsmatch
A V Environmental Technologies,consulting_firm,source: ehsmatch
A+ Inspections,consulting_firm,source: ehsmatch
"A+ Inspections - San Clemente, CA",consulting_firm,source: ehsmatch
A-1 Tank Removals & Installations,consulting_firm,source: ehsmatch
A-C-T Environmental & Infrastructure,consulting_firm,source: ehsmatch
"A-Tech Consulting, Inc.|A-Tech Consulting Inc.",consulting_firm,source: ehsmatch
A.A. Rich and Associates,consulting_firm,source: swrcb; [swrcb] services: Fisheries & Ecological
A.I.S Mold Testing,consulting_firm,source: ehsmatch
"A.I.S., Inc. Seattle Field Office",consulting_firm,source: ehsmatch
"A1 Asbestos, LLC",consulting_firm,source: ehsmatch
"AAA Lead Consultants and Inspections, Inc.",consulting_firm,source: ehsmatch
AAA Mold Inspectors,consulting_firm,source: ehsmatch
AAA Mold Inspectors - Central,consulting_firm,source: ehsmatch
AAC Contracting Inc,consulting_firm,source: ehsmatch
AARC Environmental Inc|Aarc Environmental,consulting_firm,source: ehsmatch
Aarco Environmental Services Inc,consulting_firm,source: ehsmatch
Abatement and Demolition Services,consulting_firm,source: ehsmatch
"ABD Engineers, LLP",consulting_firm,source: ehsmatch
Able Safety Consulting,consulting_firm,source: ehsmatch
"Abolowise Environmental, Inc",consulting_firm,source: ehsmatch
Absolute Safety,consulting_firm,source: ehsmatch
ACC Environmental Consultants,consulting_firm,source: ehsmatch
ACCENT Environmental Services,consulting_firm,source: ehsmatch
Access Compliance,consulting_firm,source: ehsmatch
Accredited Environmental Safety Corp,consulting_firm,source: ehsmatch
Accredited Environmental Solutions,consulting_firm,source: ehsmatch
Accredited Lead Inspection Inc,consulting_firm,source: ehsmatch
aci environmental consulting,consulting_firm,source: ehsmatch
ACM Engineering & Environmental Services,consulting_firm,source: ehsmatch
Acorn Environmental,consulting_firm,source: swrcb; [swrcb] services: CEQA & NEPA; Water Rights ESBD Biological & Wetland Delineations Cultural & Archeological Resources Permitting; and Public Trust Assessments
ACSI Environmental Consultants,consulting_firm,source: ehsmatch
"ACT Safety Services, LLC",consulting_firm,source: ehsmatch
Action! Contracting,consulting_firm,source: ehsmatch
Active Environmental Group,consulting_firm,source: ehsmatch
Active Environmental Solutions (AES),consulting_firm,source: ehsmatch
"AD Storm Water & Environmental Services, Inc.",consulting_firm,source: ehsmatch
"ADANTA, Inc.",consulting_firm,source: ehsmatch
ADESA Environmental Services,consulting_firm,source: ehsmatch
Adirondack Research,consulting_firm,source: ehsmatch
Adk Environmental Inc,consulting_firm,source: ehsmatch
ADK&A,consulting_firm,source: slo; [slo] qualifications: Economic Impact Analysis
"Adkins Property Restoration, LLC",consulting_firm,source: ehsmatch
ADS Environmental Services,consulting_firm,source: ehsmatch
Advance Environmental Inc.,consulting_firm,source: ehsmatch
Advanced Certified Environmental,consulting_firm,source: ehsmatch
"Advanced Cleanup Technologies, Inc.",consulting_firm,source: ehsmatch
Advanced Environmental,consulting_firm,source: ehsmatch
Advanced Environmental Consulting,consulting_firm,source: ehsmatch
Advanced Restoration Ecology,consulting_firm,source: ehsmatch
"AdvancedGeo, Inc.",consulting_firm,source: ehsmatch
"Advantage Environmental Services, Inc.",consulting_firm,source: ehsmatch
"Advantage Environmental, Inc.",consulting_firm,source: ehsmatch
"AECOM Technical Services, Inc.",consulting_firm,source: lacity
"AECOM, Inc.|AECOM",consulting_firm,"source: ehsmatch+slo+swrcb; [swrcb] services: CEQA/NEPA, Permitting, Biological and Cultural Surveys/Reports, Fisheries, Hydrology/Geomorphology, Water Availability Analysis, Public Trust Analysis, Watershed Analysis and Restoration, Water Rights Support, Expert Testimony; [slo] qualifications: Archaeological, Botanist, California Red-Legged Frog, General Biology, Historical, Marine, Morro Shoulderband Snail, San Joaquin Kit Fox, Steelhead Trout, Vernal Pool Fairy Shrimp, Wildlife"
AEG Environmental Group,consulting_firm,source: ehsmatch
"AEHS, Inc.",consulting_firm,source: ehsmatch
AEI Consultants,consulting_firm,source: ehsmatch
Aeris,consulting_firm,source: ehsmatch
Affordable Mold Testing and Assessments,consulting_firm,source: ehsmatch
AGEISS Inc,consulting_firm,source: ehsmatch
Aggie Safety,consulting_firm,source: ehsmatch
Ahold of Mold Environmental,consulting_firm,source: ehsmatch
"Air Check Solutions, LLC",consulting_firm,source: ehsmatch
Air Clean Environmental Inc. (ACE),consulting_firm,source: ehsmatch
AIR Environmental Consulting LLC,consulting_firm,source: ehsmatch
Air Environmental Services,consulting_firm,source: ehsmatch
"Air Quality Environmental, Inc. (AQE)",consulting_firm,source: ehsmatch
"Air Quality Insights, LLC",consulting_firm,source: ehsmatch
AIR Resolutions,consulting_firm,source: ehsmatch
Air Test Pros,consulting_firm,source: ehsmatch
"Air Testing Associates, LLC",consulting_firm,source: ehsmatch
"AirCare Environmental, LLC.",consulting_firm,source: ehsmatch
AirMD,consulting_firm,source: ehsmatch
AirMD Austin TX,consulting_firm,source: ehsmatch
AirMD Boca Raton FL,consulting_firm,source: ehsmatch
AirMD Dallas TX,consulting_firm,source: ehsmatch
AirMD Ft Myers FL,consulting_firm,source: ehsmatch
AirMD Orlando,consulting_firm,source: ehsmatch
AirMD San Antonio TX,consulting_firm,source: ehsmatch
AirMD St. Petersburg FL,consulting_firm,source: ehsmatch
"AirQuest Environmental, Inc.",consulting_firm,source: ehsmatch
Airtek Environmental Corp.,consulting_firm,source: ehsmatch
"AKRF, Inc.",consulting_firm,source: ehsmatch
"Aladdin Environmental, LLC",consulting_firm,source: ehsmatch
Alan Larson & Associates,consulting_firm,source: ehsmatch
Alar Pargulf Construction Services Inc.,consulting_firm,source: ehsmatch
Albany Environmental & Construction Group,consulting_firm,source: ehsmatch
"Albion Environmental, Inc.|Albion Environmental Inc",consulting_firm,"source: ehsmatch+slo+swrcb; [swrcb] services: Cultural and Natural Resource Consulting Services, Archaeology, Native American Consultation, Biological Surveys and Monitoring; [slo] qualifications: Archaeological, Historical"
ALC Environmental,consulting_firm,source: ehsmatch
Alert Rescue LLC,consulting_firm,source: ehsmatch
All Bay Environmental,consulting_firm,source: ehsmatch
All Clear Environmental,consulting_firm,source: ehsmatch
All Environmental Services LLC,consulting_firm,source: ehsmatch
All NYC Safety & Training,consulting_firm,source: ehsmatch
All Phase Environmental Services,consulting_firm,source: ehsmatch
"All Points Environmental, LLC - Industrial Hygiene Services & Safety Training in Texas",consulting_firm,source: ehsmatch
"All Purpose Safety Training Solutions, LLC.",consulting_firm,source: ehsmatch
All Sight Safety LLC,consulting_firm,source: ehsmatch
"All-Star Safety, Inc.",consulting_firm,source: ehsmatch
All4 Inc,consulting_firm,source: ehsmatch
Alliance Emissions Monitoring,consulting_firm,source: ehsmatch
Alliance Environmental Group,consulting_firm,source: ehsmatch
Alliance Environmental Group - Orange County,consulting_firm,source: ehsmatch
Alliance Environmental Group - Seattle,consulting_firm,source: ehsmatch
Alliance Environmental Group - Thousand Oaks,consulting_firm,source: ehsmatch
"Alliance Environmental Services, Inc.",consulting_firm,source: ehsmatch
Alliance Health Resources Clinic,consulting_firm,source: ehsmatch
Alliance Source Testing,consulting_firm,source: ehsmatch
Alliance Technical Group,consulting_firm,source: ehsmatch
Allied Asbestos Services LLC.,consulting_firm,source: ehsmatch
Allstate Resource Management,consulting_firm,source: ehsmatch
Alluvion Biological Consulting,consulting_firm,source: ehsmatch
AllWest Environmental,consulting_firm,source: ehsmatch
Ally Environmental LLC,consulting_firm,source: ehsmatch
ALM ENVIRONMENTAL CONSULTANT,consulting_firm,source: ehsmatch
Alpha Abatement LLC,consulting_firm,source: ehsmatch
Alpha Emc,consulting_firm,source: ehsmatch
Alpha Environmental,consulting_firm,source: ehsmatch
Alpha Mold Inspectors,consulting_firm,source: ehsmatch
"Alpha-Omega Training and Compliance, Inc.",consulting_firm,source: ehsmatch
Alpine Environmental Services,consulting_firm,source: ehsmatch
ALS Environmental,consulting_firm,source: ehsmatch
ALS Environmental - Service Center,consulting_firm,source: ehsmatch
Alta Archaeological Consulting LLC,consulting_firm,source: ehsmatch
"Althouse & Meade, Inc.|Althouse & Meade Inc",consulting_firm,"source: ehsmatch+slo; [slo] qualifications: Botanist, California Red-Legged Frog, General Biology, Monarch Butterfly, San Joaquin Kit Fox, Wetlands, Wildlife"
Alvarez Associates LLC - Workplace Violence Prevention,consulting_firm,source: ehsmatch
"ALX Industries, LLC",consulting_firm,source: ehsmatch
AM PM Environmental,consulting_firm,source: ehsmatch
AMBIENT Air Quality & Noise Consulting|Ambient Air Quality & Noise Consulting,consulting_firm,source: ehsmatch+slo; [slo] qualifications: Acoustical
Ambient Environmental Inc.,consulting_firm,source: ehsmatch
Ambipar Response - Florida,consulting_firm,source: ehsmatch
Ambipar Response - New York,consulting_firm,source: ehsmatch
AMD Environmental Consultants INC,consulting_firm,source: ehsmatch
"American Environmental Assessment & Solutions, Inc.",consulting_firm,source: ehsmatch
American Environmental Group,consulting_firm,source: ehsmatch
"AMERICAN GEOSERVICS, LLC",consulting_firm,source: ehsmatch
American Land and Water Consulting,consulting_firm,source: ehsmatch
American Mold Assessments & Environmental Inspections,consulting_firm,source: ehsmatch
American Pollution Control Corp. (AMPOL) - Port Arthur,consulting_firm,source: ehsmatch
American Pollution Control Corporation (AMPOL),consulting_firm,source: ehsmatch
"American Safety Services, Inc.",consulting_firm,source: ehsmatch
AmeriFlood Environmental,consulting_firm,source: ehsmatch
AmeriTest Occupational Health & Diagnostics,consulting_firm,source: ehsmatch
"Ami Adini & Associates, Inc",consulting_firm,source: ehsmatch
AMI Environmental Mold Testing & Inspections,consulting_firm,source: ehsmatch
Amiantos Environmental,consulting_firm,source: ehsmatch
Ampsafe,consulting_firm,source: ehsmatch
AMRC Environmental-Engineering-Contracting,consulting_firm,source: ehsmatch
"AMX Environmental Services, Inc.",consulting_firm,source: ehsmatch
Analytical Environmental Services,consulting_firm,"source: swrcb; [swrcb] services: Environmental Assessment and Permitting, Initial Study, Biological Survey, and Conservation"
"Analytical Resources, LLC",consulting_firm,source: ehsmatch
Anchor QEA,consulting_firm,source: ehsmatch
"Anderson Environmental Consulting (AEC), LLC.",consulting_firm,source: ehsmatch
Anderson Pollution Control,consulting_firm,source: ehsmatch
Ando International,consulting_firm,source: ehsmatch
Angstrom Environmental,consulting_firm,source: ehsmatch
Angstrom Testing Services LLC,consulting_firm,source: ehsmatch
Anointed Hands Safety Training and Security LLC,consulting_firm,source: ehsmatch
AnovaWorks,consulting_firm,source: ehsmatch
Antea Group,consulting_firm,source: ehsmatch
Antiquity Consulting,consulting_firm,source: ehsmatch
Antos Environmental,consulting_firm,source: ehsmatch
Aoc Environmental Co,consulting_firm,source: ehsmatch
"AOK Engineering, PLLC",consulting_firm,source: ehsmatch
Ap Learning Center LLC,consulting_firm,source: ehsmatch
AP Limitless Environmental Services LLC,consulting_firm,source: ehsmatch
"Apex Biological Services, LLC",consulting_firm,source: ehsmatch
Apex Companies (formerly PBS Engineering and Environmental),consulting_firm,source: ehsmatch
"Apex Companies, LLC",consulting_firm,source: ehsmatch
"APEX Environmental Solutions, LLC",consulting_firm,source: ehsmatch
Apex Mold Specialists,consulting_firm,source: ehsmatch
Apollo Environmental Strategy,consulting_firm,source: ehsmatch
"Apollo Environmental, Inc. - Environmental Consultants",consulting_firm,source: ehsmatch
Apolo Safety Training,consulting_firm,source: ehsmatch
"Applied Earthworks, Inc.",consulting_firm,"source: slo; [slo] qualifications: Archaeological, Historical, Historic Architecture Evaluations, Historic Background Evaluations, Paleontological"
"Applied Ecology, Inc.",consulting_firm,source: ehsmatch
Applied Economics,consulting_firm,source: slo; [slo] qualifications: Economic Impact Analysis
Applied Marine Sciences,consulting_firm,source: slo; [slo] qualifications: Marine
Applied River Sciences,consulting_firm,source: ehsmatch
APTIM,consulting_firm,source: ehsmatch
APTIM Environmental & Infrastructure,consulting_firm,source: ehsmatch
AQUA-Science,consulting_firm,source: ehsmatch
"Aqua-Terr Systems Incorporated|Aqua-Terr Systems, Inc.",consulting_firm,source: ehsmatch
Aquagenix,consulting_firm,source: ehsmatch
AQUALIS,consulting_firm,source: ehsmatch
Aquatic Systems Inc.,consulting_firm,source: ehsmatch
Aquatic Vegetation Control,consulting_firm,source: ehsmatch
"Aquatic Weed Control, Inc.|Aquatic Weed Control Inc",consulting_firm,source: ehsmatch
Aqueous Solutions,consulting_firm,source: ehsmatch
Aquifer Sciences Inc,consulting_firm,source: ehsmatch
Arcadis,consulting_firm,source: ehsmatch
Arcadis California,consulting_firm,source: ehsmatch
Arcadis Melville,consulting_firm,source: ehsmatch
"Arcadis US, Inc.",consulting_firm,"source: slo; [slo] qualifications: Archaeological, Botanist, California Red-Legged Frog, General Biology, Marine, San Joaquin Kit Fox, Steelhead Trout, Wildlife"
Archaeo Paleo Resource Management,consulting_firm,source: ehsmatch
"Archaeological Services - Loveless Linton, Inc.",consulting_firm,source: ehsmatch
Archaeology Consulting,consulting_firm,source: slo; [slo] qualifications: Archaeological
Arctic Enterprises Inc,consulting_firm,source: ehsmatch
Arctos Environmental,consulting_firm,source: ehsmatch
Arcwood Environmental,consulting_firm,source: ehsmatch
"Ardaman & Associates, Inc.",consulting_firm,source: ehsmatch
ARE Inspections,consulting_firm,source: ehsmatch
Area West Environmental,consulting_firm,source: ehsmatch
"Argus Pacific, Inc",consulting_firm,source: ehsmatch
ARLA Safety & Inspection,consulting_firm,source: ehsmatch
Armour Safety LLC,consulting_firm,source: ehsmatch
"Arroyo Geoscience, Inc.",consulting_firm,source: ehsmatch
ARS Environmental Inc,consulting_firm,source: ehsmatch
ASAP ENVIRONMENTAL CONSULTANTS LLC,consulting_firm,source: ehsmatch
Asbestos Mold Inspections Coastal Bend,consulting_firm,source: ehsmatch
Asbestos Northwest,consulting_firm,source: ehsmatch
Asbestos Removal Brooklyn Pros,consulting_firm,source: ehsmatch
Asbestways Solutions,consulting_firm,source: ehsmatch
"Ascent Environmental, Inc.",consulting_firm,source: ehsmatch
Ashworth Leininger Group,consulting_firm,source: ehsmatch
AskEnvironmental,consulting_firm,source: ehsmatch
"ASM Affiliates, Inc.|ASM Affiliates",consulting_firm,"source: ehsmatch+swrcb; [swrcb] services: Expert Witness, Testimonies/Litigation Support, Historical Research Services, Water Rights Policy Analysis, Environmental Compliance, Including Archaeology, History, Architectural History and Ethnographic Studies"
Aspect Consulting LLC,consulting_firm,source: ehsmatch
Aspen Environmental Group,consulting_firm,source: ehsmatch
"Aspen Environmental, LLC",consulting_firm,source: ehsmatch
"Associated Earth Sciences, Inc",consulting_firm,source: ehsmatch
Associated Environmental Group,consulting_firm,source: ehsmatch
Associated Environmental Management,consulting_firm,source: ehsmatch
Associated Transportation Engineers,consulting_firm,source: slo; [slo] qualifications: Traffic Engineer
Astex Environmental Services,consulting_firm,source: ehsmatch
ATC Associates Inc.,consulting_firm,source: ehsmatch
Athanor Environmental Services,consulting_firm,source: ehsmatch
Athenica Environmental Services Inc,consulting_firm,source: ehsmatch
Atkins,consulting_firm,source: ehsmatch
AtkinsRéalis,consulting_firm,source: ehsmatch
AtkinsRéalis USA Inc,consulting_firm,source: ehsmatch
Atlantic Environmental of Florida,consulting_firm,source: ehsmatch
Atlantic Environmental Systems,consulting_firm,source: ehsmatch
"Atlas Engineering Services, Incorporated",consulting_firm,"source: swrcb; [swrcb] services: Surface and Groundwater Hydrology, Well Hydraulics, Aquifer Testing, Spring, Seeps, and Subsurface Flow"
Atlas Scientific Technologies,consulting_firm,source: ehsmatch
Atlas Technical Consultants,consulting_firm,source: ehsmatch
"AtmAA, Inc.",consulting_firm,source: ehsmatch
Atmospheric Analysis-Consulting (lab),consulting_firm,source: ehsmatch
ATS,consulting_firm,source: ehsmatch
"Atwell, LLC",consulting_firm,source: ehsmatch
Audiosha Creative Workplace Solutions,consulting_firm,source: ehsmatch
Audubon Companies,consulting_firm,source: ehsmatch
Aurora Environmental,consulting_firm,source: ehsmatch
Aurora Environmental Services Inc|Aurora Environmental Services,consulting_firm,source: ehsmatch
Austin Environmental Inc.,consulting_firm,source: ehsmatch
Auxilium Environmental,consulting_firm,source: ehsmatch
"AVANCO ENVIRONMENTAL, INC.",consulting_firm,source: ehsmatch
Ave Today,consulting_firm,source: ehsmatch
AWA Environmental,consulting_firm,source: ehsmatch
AWA Environmental - Orange County Mold Inspection & Testing,consulting_firm,source: ehsmatch
Awesome CPR Training,consulting_firm,source: ehsmatch
Axiom Medical,consulting_firm,source: ehsmatch
Axios Safety Consulting and Safety Training,consulting_firm,source: ehsmatch
"B Wise Environmental Consulting, Inc.",consulting_firm,source: ehsmatch
"B. Laing Associates, Inc.",consulting_firm,source: ehsmatch
B2 Environmental,consulting_firm,source: ehsmatch
Back To Nature Design,consulting_firm,source: ehsmatch
Backroads Environmental Consulting,consulting_firm,source: ehsmatch
"Baer Engineering & Environmental Consulting, Inc.",consulting_firm,source: ehsmatch
BAI Environmental Services,consulting_firm,source: ehsmatch
"BAI Inspection Services, LLC",consulting_firm,source: ehsmatch
Bainbridge Environmental Consultants,consulting_firm,source: ehsmatch
"Balance Hydrologics, Inc.",consulting_firm,"source: swrcb; [swrcb] services: Hydrologist, Groundwater, Geomorphology, Sediment & Channel Stability, Spring & Seep Hydrology, Related CEQA Documentation"
"Bald Eagle Inspection Services, LLC",consulting_firm,source: ehsmatch
Bandofire Inc.,consulting_firm,source: ehsmatch
"Bargas Environmental Consulting, LLC",consulting_firm,"source: ehsmatch+swrcb; [swrcb] services: Biological, Botanical, Wetland Surveys and Assessments, CEQA, NEPA, Permitting and Monitoring.; [swrcb] services: Biological, Botanical, Wetlands Surveys and Assessments, CEQA, NEPA, Permitting and Monitoring"
Barr Engineering Co.,consulting_firm,source: ehsmatch
Barragan Corporation International,consulting_firm,source: ehsmatch
Barrett Environmental LLC,consulting_firm,source: ehsmatch
Barrier Contracting LLC,consulting_firm,source: ehsmatch
"Basics Environmental, Inc.",consulting_firm,source: ehsmatch
Basin Research Associates Inc|Basin Research Associates,consulting_firm,source: ehsmatch+slo; [slo] qualifications: Archaeological
Bassett HealthWorks,consulting_firm,source: ehsmatch
Bastion EHS,consulting_firm,source: ehsmatch
Baum Environmental Group,consulting_firm,source: ehsmatch
Bay Area Economics,consulting_firm,source: slo; [slo] qualifications: Economic Impact Analysis
Bay Environmental Consulting LLC,consulting_firm,source: ehsmatch
Bayardo Safety,consulting_firm,source: ehsmatch
BBJ Group,consulting_firm,"source: swrcb; [swrcb] services: Hydrology/Hydrogeology, Water Resources Assessment/Planning/Development, Contaminant Assessment and Mitigation, Risk Management, Water Rights, Expert Testimony"
"BCC, Inc.",consulting_firm,source: ehsmatch
BE3 Corp,consulting_firm,source: ehsmatch
BEA Environmental,consulting_firm,source: ehsmatch
BearPaws Environmental Consulting,consulting_firm,source: ehsmatch
Beaumont Occupational Services,consulting_firm,source: ehsmatch
Belshire Environmental Services,consulting_firm,source: ehsmatch
Benchmark Resources,consulting_firm,source: ehsmatch
Bennett Engineering Services,consulting_firm,"source: swrcb; [swrcb] services: Water Rights Consulting, Hydrology, Water System Modeling, Permit Assistance, Water Storage, Pipeline, Wells, Genset and Pump Station Design, Civil Engineering and Land Survey Services"
"Berg Compliance Solutions, LLC : OSHA Safety & Environmental Consultants",consulting_firm,source: ehsmatch
Berko Mold Abtement Corp,consulting_firm,source: ehsmatch
Bertrando & Bertrando Consultants,consulting_firm,"source: slo; [slo] qualifications: Archaeological, Historical, Historic Background Evaluations"
BERWICK,consulting_firm,source: ehsmatch
BESST Inc.,consulting_firm,source: ehsmatch
Best Environmental,consulting_firm,source: ehsmatch
Best Tec Asbestos Abatement,consulting_firm,source: ehsmatch
Bethel Environmental Solutions,consulting_firm,source: ehsmatch
Beyond Leak Detection,consulting_firm,source: ehsmatch
BFA Environmental,consulting_firm,source: ehsmatch
Big Apple Occupational Safety,consulting_firm,source: ehsmatch
Binghamton Environmental & Construction Group,consulting_firm,source: ehsmatch
Bio-One Duval County,consulting_firm,source: ehsmatch
"Bio-Scene, LLC",consulting_firm,source: ehsmatch
Bio-Tech Consulting Inc.|Bio-Tech Consulting,consulting_firm,source: ehsmatch
Biological Consulting Services Inc,consulting_firm,source: ehsmatch
Biomaas Inc.,consulting_firm,source: ehsmatch
Biomax Environmental Inc.,consulting_firm,source: ehsmatch
Biome Consulting Group,consulting_firm,source: ehsmatch
BioResource Consultants,consulting_firm,"source: slo; [slo] qualifications: Botanist, California Red-Legged Frog, General Biology, San Joaquin Kit Fox, Wetlands, Wildlife"
Biotek Environmental of Brooklyn,consulting_firm,source: ehsmatch
Biotek Mold Specialists NYC,consulting_firm,source: ehsmatch
"Birkitt Environmental Services, Inc.",consulting_firm,source: ehsmatch
BL Companies,consulting_firm,source: ehsmatch
Black Fox Services,consulting_firm,source: ehsmatch
Black Gold Industries,consulting_firm,source: ehsmatch
Black Gold Industries (BGI),consulting_firm,source: ehsmatch
Black Rock Geosciences LLC,consulting_firm,source: ehsmatch
"Blaine Tech Services, Inc.",consulting_firm,source: ehsmatch
"Blankinship & Associates, Inc.",consulting_firm,"source: swrcb; [swrcb] services: Specializes in assisting clients in the assessment, protection and enhancement of water quality and natural resources."
Blue Environmental LLC,consulting_firm,source: ehsmatch
Blue Ocean Safety,consulting_firm,source: ehsmatch
"Blue Pine Fuels, Inc.",consulting_firm,source: ehsmatch
"Blue Sky Environmental Consulting, Inc.",consulting_firm,source: ehsmatch
"BlueLine Disaster Solutions, Inc.",consulting_firm,source: ehsmatch
Bluestar Marine FL,consulting_firm,source: ehsmatch
BME Associates,consulting_firm,source: ehsmatch
BME Associates - Surveyors Engineers,consulting_firm,source: ehsmatch
BMP Specialist LLC,consulting_firm,source: ehsmatch
BNF Consulting Inc,consulting_firm,source: ehsmatch
BNF Consulting Inc - Mold Testing Inspection Expert,consulting_firm,source: ehsmatch
BNF Consulting NYC LLC|BNF Consulting NYC,consulting_firm,source: ehsmatch
BNF Consulting Westchester LLC,consulting_firm,source: ehsmatch
BNH Lead Examiner Corp.,consulting_firm,source: ehsmatch
Boomi Environmental,consulting_firm,source: ehsmatch
Booth Environmental Services LLC,consulting_firm,source: ehsmatch
Boro Waste Oil LLC,consulting_firm,source: ehsmatch
"Borton & Petrini, LLP",consulting_firm,"source: swrcb; [swrcb] services: Toxic contamination, mediation, arbitration and CEQA/NEPA consulting"
"Bovee Environmental Management, Inc.|Bovee Environmental Management",consulting_firm,source: ehsmatch
Bowyer Environmental Consulting,consulting_firm,source: ehsmatch
"BPI-Bauerle Partners, Inc.",consulting_firm,source: ehsmatch
Brammer Training,consulting_firm,source: ehsmatch
"Branta Worldwide, Inc.",consulting_firm,source: ehsmatch
Braun Intertec Corporation,consulting_firm,source: ehsmatch
"Braun Intertec Corporation Allen, TX",consulting_firm,source: ehsmatch
BRC-Equals3,consulting_firm,source: ehsmatch
Breathe Safe Environmental,consulting_firm,source: ehsmatch
"Breedlove, Dennis & Associates, Inc.",consulting_firm,source: ehsmatch
Breezy Permits - Marine Construction & Dock Permit,consulting_firm,source: ehsmatch
Brevard Mold Inspection & Removal,consulting_firm,source: ehsmatch
Brian F Smith & Associates,consulting_firm,source: ehsmatch
Bright Power,consulting_firm,source: ehsmatch
Bright Sky Environmental,consulting_firm,source: ehsmatch
Brighton Energy Inc.,consulting_firm,source: ehsmatch
Brightworks Sustainability LLC,consulting_firm,source: ehsmatch
Bristol Environmental Inc,consulting_firm,source: ehsmatch
Brittell Environmental Corporation,consulting_firm,source: ehsmatch
"Broadbent & Associates, Inc.",consulting_firm,source: ehsmatch
Broadway Oilfield Training Midland,consulting_firm,source: ehsmatch
Broadway Oilfield Training San Antonio,consulting_firm,source: ehsmatch
Brooks Environmental Solutions - Medical Waste Disposal & Document Shredding,consulting_firm,source: ehsmatch
"Brooks Training & Testing Services, LLC",consulting_firm,source: ehsmatch
Brown and Caldwell,consulting_firm,source: ehsmatch+swrcb; [swrcb] services: Environmental Engineering and Consulting
"Brown, Norman N., Ph.D.",consulting_firm,"source: swrcb; [swrcb] services: Water resource science, issues of water law and water rights"
"Brown-Buntin Associates, Inc.",consulting_firm,source: slo; [slo] qualifications: Acoustical
BSI EHS Services and Solutions,consulting_firm,source: ehsmatch
BSK Associates,consulting_firm,source: ehsmatch
BSK Associates Engineers & Laboratories,consulting_firm,"source: swrcb; [swrcb] services: Water Rights Policy Analysis, Water Rights Permitting Support, Public Trust Analysis, Water Availability Analysis, Hydrology/Geomorphology, Watershed Analysis and Restoration, CEQA/NEPA Compliance Regulatory Permitting, Expert Testimony/Litigation Support, Environmental Risk Analysis, Stormwater Pollution Prevention Plans, Water Quality Analysis, RI/FS, and Brownfields."
"Bubbleology Research International, Inc",consulting_firm,source: ehsmatch
Buck Environmental Solutions LLC,consulting_firm,source: ehsmatch
Budget Tank Removal Services,consulting_firm,source: ehsmatch
Buffalo Environmental & Construction Group,consulting_firm,source: ehsmatch
Builder's Environmental,consulting_firm,source: ehsmatch
Building & Earth,consulting_firm,source: ehsmatch
Building & Earth - Shreveport,consulting_firm,source: ehsmatch
Bullseye Mold Detection,consulting_firm,source: ehsmatch
Bureau Veritas,consulting_firm,source: ehsmatch
Bureau Veritas North America,consulting_firm,source: ehsmatch
Burns & McDonnell,consulting_firm,source: ehsmatch
"Burns & McDonnell Engineering Company, Inc.",consulting_firm,source: lacity
Business Health Partners,consulting_firm,source: ehsmatch
"Busy Living Inspection Services, LLC",consulting_firm,source: ehsmatch
C A Rich Consultants Inc,consulting_firm,source: ehsmatch
C&M Dredging,consulting_firm,source: ehsmatch
C&S Consulting,consulting_firm,source: ehsmatch
C-K Associates LLC,consulting_firm,source: ehsmatch
"C. H. Fenstermaker & Associates, L.L.C.",consulting_firm,source: ehsmatch
"C.T. Male Associates Engineering, Surveying, Architecture & Landscape Architecture and Geology, DPC",consulting_firm,source: ehsmatch
"C.T. Male Associates Engineering, Surveying, Architecture, Landscape Architecture and Geology, DPC",consulting_firm,source: ehsmatch
"C2G Environmental Consultants, LLC|C2G Environmental Consultants",consulting_firm,source: ehsmatch
C3 Environmental Specialties,consulting_firm,source: ehsmatch
Cactus Environmental Services,consulting_firm,source: ehsmatch
"CAJA Environmental Services, LLC",consulting_firm,source: lacity
Cal Safety Solution LLC,consulting_firm,source: ehsmatch
Cal-Risk Control Services Inc,consulting_firm,source: ehsmatch
Cal/OSHA Consultation,consulting_firm,source: ehsmatch
CALIFAUNA,consulting_firm,source: slo; [slo] qualifications: Wildlife
California Environmental Associates,consulting_firm,source: ehsmatch
"California Environmental Geologists & Engineers, Inc",consulting_firm,source: ehsmatch
California Hydrologic,consulting_firm,"source: swrcb; [swrcb] services: QSD/QSP, BPTC, Cannabis General Order Compliance."
California Mold Inspectors,consulting_firm,source: ehsmatch
Callahan Consulting Associates LLC,consulting_firm,source: ehsmatch
Cambrian Environmental,consulting_firm,source: ehsmatch
CAMS eSPARC,consulting_firm,source: ehsmatch
"CanAm Environmental Safety, Inc.",consulting_firm,source: ehsmatch
CanDu Environmental,consulting_firm,source: ehsmatch
Canon Safety/RHI Group,consulting_firm,source: ehsmatch
Canon Safety/RHI Group (Canon Safety Inc),consulting_firm,source: ehsmatch
"Canvas Natural Resource Solutions, LLC",consulting_firm,source: ehsmatch
CANYON ENVIRONMENTAL GROUP,consulting_firm,source: ehsmatch
Capta Hydro,consulting_firm,"source: swrcb; [swrcb] services: Water Rights Monitoring, Measuring, Managing and Reporting to comply with policies, (SB-88, SB7-7, SGMA), excess flow diversions for recharge and/or flood avoidance including the reporting requirements. We design optimal data capturing locations for standard diversions , and/or locate discrepancies that affect water rights due illegal diversions by others and/or excessive groundwater withdraws."
CarbonBetter,consulting_firm,source: ehsmatch
Cardinal Strategies,consulting_firm,source: ehsmatch
Cardno,consulting_firm,source: ehsmatch
Cardno ENTRIX,consulting_firm,"source: slo; [slo] qualifications: Botanist, California Red-Legged Frog, General Biology, Wetlands, Wildlife"
Cardno ERI,consulting_firm,source: ehsmatch
"Cardno, now Stantec",consulting_firm,source: ehsmatch
"Cardona, Inc.",consulting_firm,"source: swrcb; [swrcb] services: Environmental Assessment CEQA, Endangered Species, Expert Witness Service, Hydrology/Geomorphology"
"Carr, Paula Juelke",consulting_firm,"source: slo; [slo] qualifications: Historical, Historic Architecture Evaluations, Historic Background Evaluations"
Carter Environmental Services,consulting_firm,source: ehsmatch
Cascadia Consulting Group,consulting_firm,source: ehsmatch
"Cascadia Ecological Services, Inc.",consulting_firm,source: ehsmatch
"Casino Air, Inc.",consulting_firm,source: ehsmatch
Castlerock Environmental Inc,consulting_firm,source: ehsmatch
"Castlton Environmental Contractors, LLC",consulting_firm,source: ehsmatch
Catamount Consulting,consulting_firm,source: ehsmatch
Catchall Environmental,consulting_firm,source: ehsmatch
Catstrong Mold Inspection of San Antonio,consulting_firm,source: ehsmatch
CBI Headquarter Waste/Material Recycling Facility,consulting_firm,source: ehsmatch
CCS,consulting_firm,source: ehsmatch
CCS Longview,consulting_firm,source: ehsmatch
CDI Services LLC,consulting_firm,source: ehsmatch
CDM Smith Inc.,consulting_firm,source: ehsmatch+lacity
CEA Engineers,consulting_firm,source: ehsmatch
CEC Engineering Inc,consulting_firm,source: ehsmatch
Celly Services,consulting_firm,source: ehsmatch
"CEMS-Experts (a division of GK Associates, Inc.)",consulting_firm,source: ehsmatch
Cenla Environmental Science,consulting_firm,source: ehsmatch
Center for Continuing Study of California Economics,consulting_firm,source: slo; [slo] qualifications: Economic Impact Analysis
Center For Maximum Potential,consulting_firm,source: ehsmatch
Central Coast Archaeological Research Consultants,consulting_firm,source: slo; [slo] qualifications: Archaeological
Central Coast Archaeology,consulting_firm,source: slo; [slo] qualifications: Archaeological
Central Coast Safety,consulting_firm,source: ehsmatch
"Ceres Environmental Services, Inc",consulting_firm,source: ehsmatch
Certerra,consulting_firm,source: ehsmatch
Certified Home Inspections,consulting_firm,source: ehsmatch
"Certified Inspectors, LLC",consulting_firm,source: ehsmatch
Certified Mold Free Corp,consulting_firm,source: ehsmatch
Certified Mold Testing and Consulting,consulting_firm,source: ehsmatch
Certified Radon Systems,consulting_firm,source: ehsmatch
Certified Safety Training,consulting_firm,source: ehsmatch
Certified Site Safety of NY LLC,consulting_firm,source: ehsmatch
Cetrix Technologies LLC,consulting_firm,source: ehsmatch
CG Environmental - An EnviroServe Company,consulting_firm,source: ehsmatch
CGRS Inc,consulting_firm,source: ehsmatch
CH2M Hill,consulting_firm,source: swrcb; [swrcb] services: Environmental Engineering and Consulting
Chabin Concepts,consulting_firm,source: slo; [slo] qualifications: Economic Impact Analysis
"Chambers Group, Inc.|Chambers Group Inc.",consulting_firm,source: ehsmatch+lacity
CHANGE Environmental,consulting_firm,source: ehsmatch
Charles Holston - OMNI Environmental Solutions,consulting_firm,source: ehsmatch
Chempack & Environmental,consulting_firm,source: ehsmatch
"Chenier Environmental Consulting, LLC",consulting_firm,source: ehsmatch
Chico Environmental,consulting_firm,source: ehsmatch
Chico Environmental Science & Planning,consulting_firm,"source: swrcb; [swrcb] services: Water Rights, Permitting, Ground Water, Erosion, Stormwater, Hydrology, CEQA/NEPA and Environmental Assessment"
Christopher A. Joeseph Associates,consulting_firm,"source: slo; [slo] qualifications: Botanist, Wetlands, Wildlife"
CIH Environmental.,consulting_firm,source: ehsmatch
"Circle Mountain Biological Consultants, Inc.",consulting_firm,source: ehsmatch
Citadel EHS,consulting_firm,source: ehsmatch
City Safety Compliance Corp.,consulting_firm,source: ehsmatch
Civitas Advisors,consulting_firm,source: slo; [slo] qualifications: Economic Impact Analysis
"CJ Environmental Consulting, LLC.",consulting_firm,source: ehsmatch
CK Associates,consulting_firm,source: ehsmatch
Claggett Wolfe Associates,consulting_firm,source: slo; [slo] qualifications: Economic Impact Analysis
"Clark Seif Clark, Inc. (CSC)",consulting_firm,source: ehsmatch
Clawback Environmental,consulting_firm,source: ehsmatch
Clayton Environmental Co LLC,consulting_firm,source: ehsmatch
Clean Air Miami,consulting_firm,source: ehsmatch
Clean Earth,consulting_firm,source: ehsmatch
Clean Earth Solutions,consulting_firm,source: ehsmatch
Clean Environmental,consulting_firm,source: ehsmatch
Clean Environmental Solutions / Fire Test Pro /Mold Test Pro,consulting_firm,source: ehsmatch
Clean Environments LLC.,consulting_firm,source: ehsmatch
Clean Globe Environmental,consulting_firm,source: ehsmatch
Clean Harbors,consulting_firm,source: ehsmatch
Clean Tech Environmental Inc.|Clean Tech Environmental,consulting_firm,source: ehsmatch
Clean Water Technologies LLC,consulting_firm,source: ehsmatch
CleanHarbors,consulting_firm,source: ehsmatch
CleanNYC Lead and Mold Solutions,consulting_firm,source: ehsmatch
Clear Creek Systems Inc,consulting_firm,source: ehsmatch
"Clear Environmental Services, LLC.",consulting_firm,source: ehsmatch
Clear Water Services,consulting_firm,source: ehsmatch
clearity .jpg,consulting_firm,source: ehsmatch
ClearVU Environmental,consulting_firm,source: ehsmatch
"Cleath-Harris Geologists, Inc.",consulting_firm,"source: slo; [slo] qualifications: Geological, Hydrogeologic Reports"
Clementi Environmental Consulting Services,consulting_firm,source: ehsmatch
"Cleveland, Cindy",consulting_firm,"source: slo; [slo] qualifications: California Red-Legged Frog, General Biology, Steelhead Trout, Wildlife"
"Cliff Berry, Inc.",consulting_firm,source: ehsmatch
"Climate Adaptation Services Associates, llc",consulting_firm,source: ehsmatch
Climate Change Mitigation Technologies LLC,consulting_firm,source: ehsmatch
"Clover Safety, LLC.",consulting_firm,source: ehsmatch
Clymer Farner Barley,consulting_firm,source: ehsmatch
CMS Environmental Solutions,consulting_firm,source: ehsmatch
CNS Environmental,consulting_firm,source: ehsmatch
Coal Creek Environmental Associates,consulting_firm,source: ehsmatch
Coast 2 Coast Outdoor Solutions LLC,consulting_firm,source: ehsmatch
Coast Environmental Duct Cleaning Inc,consulting_firm,source: ehsmatch
Coastal AIr Assessments,consulting_firm,source: ehsmatch
Coastal Engineering Consultants,consulting_firm,source: ehsmatch
"Coastal Environmental Services, LLC",consulting_firm,source: ehsmatch
"Coastal Environmental Solutions, Inc.",consulting_firm,source: ehsmatch
"Coastal Environments, Inc.|Coastal Environments Inc",consulting_firm,source: ehsmatch
Coastal Mapping & Sciences LLC,consulting_firm,source: ehsmatch
Coastal Mold Testing LLC,consulting_firm,source: ehsmatch
Coastal Oil Recovery LLC,consulting_firm,source: ehsmatch
Coastal Risk Consulting,consulting_firm,source: ehsmatch
Code 3 Health and Safety,consulting_firm,source: ehsmatch
CodeGreen,consulting_firm,source: ehsmatch
"Cogstone Resource Management, Inc.|Cogstone Resource Management",consulting_firm,"source: ehsmatch+slo; [slo] qualifications: Archaeological, Paleontological"
Colden Corporation,consulting_firm,source: ehsmatch
Cole & Associates Training-Consulting,consulting_firm,source: ehsmatch
Cole Environmental Services Inc,consulting_firm,source: ehsmatch
"Colibri Ecological Consulting, LLC",consulting_firm,source: ehsmatch
Collaborative Economics,consulting_firm,source: slo; [slo] qualifications: Economic Impact Analysis
"Collier Consulting, Inc.",consulting_firm,source: ehsmatch
Colton Environmental Services,consulting_firm,source: ehsmatch
Columbia Industrial Training And Education | Washington,consulting_firm,source: ehsmatch
"Columbia Industrial Training and Education, LLC|Columbia Industrial Training and Education",consulting_firm,source: ehsmatch
Comite Resources,consulting_firm,source: ehsmatch
Comm Engineering,consulting_firm,source: ehsmatch
Commercial Building Consultants,consulting_firm,source: ehsmatch
Commercial Inspection Group,consulting_firm,source: ehsmatch
Common Ground Environmental,consulting_firm,source: ehsmatch
"Compass Environmental Solutions, LLC",consulting_firm,source: ehsmatch
Compass Land Group,consulting_firm,source: ehsmatch
"Compass Rose Archaeological, Inc.",consulting_firm,source: slo; [slo] qualifications: Archaeological
Compliance Environmental,consulting_firm,source: ehsmatch
"Compliance Resources, Inc.",consulting_firm,source: ehsmatch
Compliance Services International (CSI),consulting_firm,source: ehsmatch
"Compsolve, Inc.",consulting_firm,source: ehsmatch
"Condor Consulting Group, LLC",consulting_firm,source: ehsmatch
"Condor Country Consulting, Inc.",consulting_firm,source: ehsmatch
Conejo Archaeological,consulting_firm,source: slo; [slo] qualifications: Archaeological
Confluence Environmental Company|Confluence Environmental,consulting_firm,source: ehsmatch
Conroe's Best Mold Testing & Inspection,consulting_firm,source: ehsmatch
"Conservation Connects, LLC d/b/a CC Environment & Planning",consulting_firm,source: ehsmatch
Consolidated Environmental,consulting_firm,source: ehsmatch
"Consolidated Risk Management, Inc.",consulting_firm,source: ehsmatch
"Construction & Environmental Consultants, Inc.",consulting_firm,source: ehsmatch
Construction EcoServices - New Orleans & Baton Rouge,consulting_firm,source: ehsmatch
"Construction Safety Expert Witness, OSHA Expert Witness, New York Labor Law",consulting_firm,source: ehsmatch
Consulting Testing Services,consulting_firm,source: ehsmatch
"Contingency Training, LLC",consulting_firm,source: ehsmatch
Converse Consultants,consulting_firm,source: ehsmatch
"Cook-Joyce, Inc.",consulting_firm,source: ehsmatch
Cooper & Associates,consulting_firm,source: ehsmatch
"Cooper Ecological Monitoring, Inc",consulting_firm,source: ehsmatch
Cophysics Corporation,consulting_firm,source: ehsmatch
"CORE Environmental Consultants, Inc.",consulting_firm,source: ehsmatch
"Core Safety Group, LLC",consulting_firm,source: ehsmatch
"CorEnvirons, LLC",consulting_firm,source: ehsmatch
"Corporate Safety Solutions, Inc.",consulting_firm,source: ehsmatch
Cortez Anytime Safety,consulting_firm,source: ehsmatch
Costa Verde Resources LLC,consulting_firm,source: ehsmatch
"Cotton, Shires and Associates, Inc.",consulting_firm,"source: slo; [slo] qualifications: Geological, Hydrogeologic Reports"
CPI Geologic,consulting_firm,source: ehsmatch
CRAFT SAFETY INSPECTIONS,consulting_firm,source: ehsmatch
"CRAL Contracting, Inc.",consulting_firm,source: ehsmatch
Cramer Fish Sciences,consulting_firm,source: ehsmatch
"Crawford & Bowen Planning, Inc.",consulting_firm,source: ehsmatch
"CRB Geological & Environmental Services, Inc.",consulting_firm,source: ehsmatch
Creative Environmental Solutions,consulting_firm,source: ehsmatch
"Creek Engineering, Inc.",consulting_firm,source: ehsmatch
Crescent Safety Services - Quality Safety Training for the Oil & Gas Industry,consulting_firm,source: ehsmatch
CRETE Consulting,consulting_firm,source: ehsmatch
"CRG Texas Environmental Services, Inc",consulting_firm,source: ehsmatch
CRM TECH,consulting_firm,source: ehsmatch
Cross Environmental Services Corporation|Cross Environmental Services,consulting_firm,source: ehsmatch
"Crosscreek Environmental, Inc.",consulting_firm,source: ehsmatch
Crown Environmental,consulting_firm,source: ehsmatch
Crown Mold Specialists,consulting_firm,source: ehsmatch
Croy Dewatering & Environmental,consulting_firm,source: ehsmatch
CRS SAFETY - Controlled Risk Services LLC.,consulting_firm,source: ehsmatch
CSA Group,consulting_firm,source: ehsmatch
CSA Ocean Sciences Inc.,consulting_firm,source: ehsmatch
CTEH,consulting_firm,source: ehsmatch
CTI Environmental Inc,consulting_firm,source: ehsmatch
Cultural Resources Management Services (CRMS),consulting_firm,"source: slo; [slo] qualifications: Archaeological, Historical, Historic Architecture Evaluations, Historic Background Evaluations"
Cura Emergency Services,consulting_firm,source: ehsmatch
"Curtis Environmental Services, Inc.",consulting_firm,source: ehsmatch
Cypress Environmental Consulting,consulting_firm,source: ehsmatch
Cypress Environmental of Bay County,consulting_firm,source: ehsmatch
Cyriacks Environmental Consulting,consulting_firm,source: ehsmatch
D & T Contracting,consulting_firm,source: ehsmatch
D&B Engineers and Architects,consulting_firm,source: ehsmatch
"D&B Engineers and Architects, P.C.",consulting_firm,source: ehsmatch
D.H. Griffin of Texas,consulting_firm,source: ehsmatch
Dalton Olmsted & Fuglevand,consulting_firm,source: ehsmatch
DAMAB TECHNOLOGIES AND SERVICES INC,consulting_firm,source: ehsmatch
"Dan Napier, CIH",consulting_firm,source: ehsmatch
"Daniel B. Stephens & Associates, Inc.",consulting_firm,"source: ehsmatch+swrcb; [swrcb] services: Technical support for water rights acquisition/transfer, Litigation support/expert testimony, Water resources planning and development, GIS, ASR/artificial recharge, Computer modeling, Contaminant investigation/remediation"
Dark Horse Safety,consulting_firm,source: ehsmatch
Data Clean,consulting_firm,source: ehsmatch
"Davey Resource Group, Inc.",consulting_firm,source: ehsmatch
David Cox Consulting,consulting_firm,source: ehsmatch
"David Evans and Associates, Inc.",consulting_firm,source: ehsmatch
David H Melvin Inc - DHM Melvin Engineering,consulting_firm,source: ehsmatch
David J Powers & Associates,consulting_firm,source: ehsmatch
"David Wolff Environmental, LLC",consulting_firm,"source: slo; [slo] qualifications: Botanist, California Red-Legged Frog (agency approved), General Biology, Monarch Butterfly, San Joaquin Kit Fox, Steelhead Trout (agency approved), Vernal Pool Fairy Shrimp (Survey Recovery Permit ES-090849-4), Wetlands, Wildlife"
"DCG Environmental, LLC",consulting_firm,source: ehsmatch
DCG/Watershed,consulting_firm,source: ehsmatch
De Novo Planning Group,consulting_firm,source: ehsmatch
DECA Consultants,consulting_firm,source: ehsmatch
Definitive Safety Group LLC,consulting_firm,source: ehsmatch
Degmor Environmental Services,consulting_firm,source: ehsmatch
DEKD Environmental Testing & Consulting South,consulting_firm,source: ehsmatch
Delete 86 Environmental,consulting_firm,source: ehsmatch
"Delfino, Kenneth",consulting_firm,source: slo; [slo] qualifications: Oak Woodland Management Plans
Dellavalle Laboratory - Consultants,consulting_firm,source: ehsmatch
Delta Environmental Inc,consulting_firm,source: ehsmatch
Delta Land Services,consulting_firm,source: ehsmatch
Delta Marine & Environmental Services,consulting_firm,source: ehsmatch
Denise Duffy & Associates Inc,consulting_firm,source: ehsmatch
"Denovo Global Technologies, Inc",consulting_firm,source: ehsmatch
"DESCO Environmental Consultants, LP",consulting_firm,source: ehsmatch
DGSAFEWORK.COM LLC,consulting_firm,source: ehsmatch
Dickinson Environmental Consulting Llc,consulting_firm,source: ehsmatch
"Dicus, Christopher",consulting_firm,source: slo; [slo] qualifications: Oak Woodland Management Plans
"Dihydrogen Oxide, LLC",consulting_firm,"source: swrcb; [swrcb] services: Technical Support for Water Rights: Hydrology, Water Availability Analysis, Applications, Change Petitions, Watershed Analysis"
Dino626 INC,consulting_firm,source: ehsmatch
Disa Global Solutions - Texas City,consulting_firm,source: ehsmatch
Discreet Air Quality,consulting_firm,source: ehsmatch
"Disposal Connections, Inc.",consulting_firm,source: ehsmatch
"Distinct Engineering Solutions, Inc.",consulting_firm,source: ehsmatch
Diversified Construction Safety,consulting_firm,source: ehsmatch
Dixon Environmental Services,consulting_firm,source: ehsmatch
Dohn and Associates,consulting_firm,source: slo; [slo] qualifications: Acoustical
Don Scott Safety & Training,consulting_firm,source: ehsmatch
"DOT Compliance Solutions, LLC",consulting_firm,source: ehsmatch
Double Barrel Environmental Services,consulting_firm,source: ehsmatch
Dr. Dave Keil,consulting_firm,source: slo; [slo] qualifications: Botanist
Drew Fuel Services,consulting_firm,source: ehsmatch
Driskill Environmental Consultants,consulting_firm,source: ehsmatch
Drug and Alcohol Testing Compliance Services,consulting_firm,source: ehsmatch
"DTECH Services, Inc.",consulting_firm,source: ehsmatch
Du-All Safety,consulting_firm,source: ehsmatch
Dudek,consulting_firm,"source: ehsmatch+lacity+slo+swrcb; [swrcb] services: Water Rights, Water Supply Due Diligence, Groundwater Modeling, SGMA Implementation, Watershed Analysis and Restoration, Hydrogeologic Assessment, Well Design, Water Supply Assessment, GIS Mapping, Water System Modeling, Regulatory Permit Assistance, Civil Engineering, Contaminant Investigation/Remediation, NEPA&CEQA Services, Biological Assessment, Cultural Resources; [slo] qualifications: Botanist, California Red-Legged Frog, General Biology, Marine, Morro Shoulderband Snail, San Joaquin Kit Fox, Steelhead Trout, Vernal Pool Fairy Shrimp, Wildlife"
Duke CRM,consulting_firm,source: slo; [slo] qualifications: Archaeological
Dunn Co Safety,consulting_firm,source: ehsmatch
Dynamic Engineering Consultants PC,consulting_firm,source: ehsmatch
dynamic environmental,consulting_firm,source: ehsmatch
"Dynamic Environmental Services, Inc.",consulting_firm,source: ehsmatch
"Dynamic Safety Consulting, LLC",consulting_firm,source: ehsmatch
"Dysert Environmental, Inc.",consulting_firm,source: ehsmatch
E S & H,consulting_firm,source: ehsmatch
E S & H Consulting Services Inc,consulting_firm,source: ehsmatch
E S & H Industrial Group,consulting_firm,source: ehsmatch
E W Consultants Inc.,consulting_firm,source: ehsmatch
E3 Environmental,consulting_firm,source: ehsmatch
"EA Engineering, Science, and Technology, Inc., PBC",consulting_firm,source: ehsmatch
Eagle Environmental Services Inc|Eagle Environmental Services,consulting_firm,source: ehsmatch
Eagle Remediation & Demolition Services,consulting_firm,source: ehsmatch
Eagle Safety Management,consulting_firm,source: ehsmatch
"Earth Solutions NW, LLC",consulting_firm,source: ehsmatch
Earth Systems Environmental Engineering,consulting_firm,source: ehsmatch
Earth Systems Pacific,consulting_firm,source: slo; [slo] qualifications: Geological
Earth Tech Environmental LLC,consulting_firm,source: ehsmatch
EarthBalance HQ,consulting_firm,source: ehsmatch
"EAST Centers of NY, LLC",consulting_firm,source: ehsmatch
East End Environmental Corp.,consulting_firm,source: ehsmatch
East Marine Boats,consulting_firm,source: ehsmatch
"Eastern Research Group, Inc.",consulting_firm,source: ehsmatch
Eastex Environmental Laboratory Inc,consulting_firm,source: ehsmatch
"Eastside Environmental Pros, Inc.|Eastside Environmental Pros",consulting_firm,source: ehsmatch
EBA Engineering,consulting_firm,source: ehsmatch
EBI Consulting,consulting_firm,"source: swrcb; [swrcb] services: Cultural Resources Studies (Archaelogy & Architectural), Biological & Environment Assessments, Endangered Species Surveys, Wetland Delineations & Permitting, Section 106 Compliance Documentation, and NEPA & CEQA Services."
ECI Environmental Services,consulting_firm,source: ehsmatch
"ECO Environmental Services, Inc.",consulting_firm,source: ehsmatch
"ECO Services DBR, Inc",consulting_firm,source: ehsmatch
"ECO-CHEK Compliance, Inc.",consulting_firm,source: ehsmatch
Eco-Nomic,consulting_firm,source: ehsmatch
Eco-Rental Solutions,consulting_firm,source: ehsmatch
"EcoAssets Environmental, LLC",consulting_firm,source: ehsmatch
"EcoChem, Inc.",consulting_firm,source: ehsmatch
ecofi,consulting_firm,source: ehsmatch
"Ecological Analysis, LLC",consulting_firm,source: ehsmatch
"Ecological Assets Management, LLC",consulting_firm,"source: slo; [slo] qualifications: California Red-Legged Frog, Morro Shoulderband Snail, San Joaquin Kit Fox, Wildlife"
"Ecological Consulting Solutions, Inc.",consulting_firm,source: ehsmatch
Ecological Land Services Inc.|Ecological Land Services,consulting_firm,source: ehsmatch
"Ecological Land Services, Inc. (ELS)",consulting_firm,source: ehsmatch
"Ecological Resource Consultants, Inc.|Ecological Resource Consultants",consulting_firm,source: ehsmatch
Ecologics Environmental Services,consulting_firm,source: ehsmatch
Economic Competitiveness Group,consulting_firm,source: slo; [slo] qualifications: Economic Impact Analysis
ECONorthwest,consulting_firm,source: slo; [slo] qualifications: Economic Impact Analysis
"ECORP Consulting, Inc.",consulting_firm,"source: ehsmatch+slo+swrcb; [swrcb] services: Water Rights Support, Water Resources Management, Watershed and Project, Modeling, Water Availability Analysis, Hydrology/Geomorphology, Environmental Assessment, Permitting/ CEQA, Biological Assessment, Watershed Restoration, Stream Gaging; [slo] qualifications: Botanist, California Red-Legged Frog, Marine, Steelhead Trout, Vernal Pool Fairy Shrimp, Wetlands, Wildlife, Archaeology, Paleontology, Air, Noise [acoustical], Economic impact, Historical, and Historic background."
EcoSet,consulting_firm,source: ehsmatch
"EcoStat Consulting, LLC",consulting_firm,source: ehsmatch
"EcoStrategies Engineering & Surveying, PLLC",consulting_firm,source: ehsmatch
"EcoSystems Environmental, Inc.",consulting_firm,source: ehsmatch
Ecosystems Northwest,consulting_firm,source: ehsmatch
Ecosystems West Consulting Group,consulting_firm,"source: slo; [slo] qualifications: Botanist, California Red-Legged Frog, General Biology, San Joaquin Kit Fox, Wildlife"
Ecotech Environmental Services Inc,consulting_firm,source: ehsmatch
"EcoTech Environmental, LLC",consulting_firm,source: ehsmatch
"Ecotech Resources, Inc.",consulting_firm,source: ehsmatch
Ecotek,consulting_firm,source: ehsmatch
"EcoTierra Consulting, Inc.",consulting_firm,source: lacity
"EcoVision Partners, LLC",consulting_firm,"source: slo; [slo] qualifications: General Biology, Marine Biology, Morro Shoulderband Snail, San Joaquin Kit Fox, CA Red-Legged Frog, Wildlife, Wetlands"
"ECS Florida, LLC",consulting_firm,source: ehsmatch
"ECS Southwest, LLP",consulting_firm,source: ehsmatch
ED/c Partners,consulting_firm,source: slo; [slo] qualifications: Economic Impact Analysis
Edenark Group,consulting_firm,source: ehsmatch
eDesign Dynamics,consulting_firm,source: ehsmatch
Edgewater Group,consulting_firm,source: ehsmatch
"Edgewater Technical Associates, LLC",consulting_firm,source: ehsmatch
EDI Environmental Services Inc,consulting_firm,source: ehsmatch
EDR Companies,consulting_firm,source: ehsmatch
"EE&G, Inc.",consulting_firm,source: ehsmatch
EFI Global Inc|EFI Global,consulting_firm,source: ehsmatch
EGR Environmental Inc.,consulting_firm,source: ehsmatch
EHA Consulting Group Inc,consulting_firm,source: ehsmatch
"EHS Analytical Solutions, Inc.",consulting_firm,source: ehsmatch
"EHS Compliance, Inc. (Safety Consulting::Environmental Consulting)",consulting_firm,source: ehsmatch
"EHS International, Inc.",consulting_firm,source: ehsmatch
"ehs International, Inc. (ehsInc)",consulting_firm,source: ehsmatch
EHS Momentum,consulting_firm,source: ehsmatch
EHS-Hi Solutions LLC,consulting_firm,source: ehsmatch
EHSOpsAI,consulting_firm,source: ehsmatch
"EKI Environment & Water, Inc.",consulting_firm,"source: ehsmatch+swrcb; [swrcb] services: Water Rights Services – Pre-1914 Claims, Applications & Permitting, Diversion and Use Reporting, Change Petitions, Time Extensions, Measurement Compliance, Strategic & Policy Navigation; SGMA Support – Compliance and Reporting, Groundwater Modeling, Measurement Programs; Water Resource Planning – Long-Term Supply Planning, Conservation Strategies, Integrated Resource Management; Civil Engineering; Environmental Services; Expert Witness & Litigation Support"
"Element Environmental Resources, LLC",consulting_firm,source: ehsmatch
Element Solutions,consulting_firm,source: ehsmatch
Elementale Enterprises Inc,consulting_firm,source: ehsmatch
Elevated Entitlements,consulting_firm,source: ehsmatch
Elite Mold Removal,consulting_firm,source: ehsmatch
Elite Mold Services,consulting_firm,source: ehsmatch
Elite Property Inspectors,consulting_firm,source: ehsmatch
Elite Safety and Rescue,consulting_firm,source: ehsmatch
Elite Safety Services,consulting_firm,source: ehsmatch
"Elm Creek Environmental, LLC",consulting_firm,source: ehsmatch
EMC Planning Group Inc.,consulting_firm,"source: ehsmatch+swrcb; [swrcb] services: CEQA and NEPA review, regulatory and development permitting, current and long-range planning, design, biological resources, archaeological resources, historic resources, air quality and climate change."
"Emission Monitoring Service, Inc",consulting_firm,source: ehsmatch
"Emission Monitoring Service, Inc. (EMSI)",consulting_firm,source: ehsmatch
EMLab P&K Seattle Mold Testing Laboratory,consulting_firm,source: ehsmatch
EMR Safety & Health,consulting_firm,source: ehsmatch
EMSI,consulting_firm,source: ehsmatch+slo; [slo] qualifications: Economic Impact Analysis
En Co Environmental Corporation,consulting_firm,source: ehsmatch
En-Consultants,consulting_firm,source: ehsmatch
Encon International Inc,consulting_firm,source: ehsmatch
Encos Inc,consulting_firm,source: ehsmatch
Endemic Environmental Services,consulting_firm,source: ehsmatch
"Energy Conservation Services, Inc.",consulting_firm,source: ehsmatch
Energy Fave,consulting_firm,"source: swrcb; [swrcb] services: Environmental Engineering and Consulting, Environmental Assessment, Computer Modeling, and Contaminant Investigation/Remediation"
Energy Investment Systems Inc,consulting_firm,source: ehsmatch
Energy Renewal Partners,consulting_firm,source: ehsmatch
Energy Solutions,consulting_firm,source: ehsmatch
Engineering Remediation (ERRG),consulting_firm,source: ehsmatch
ENPLAN Environmental and Geospatial Technologies,consulting_firm,source: ehsmatch
EnRUD Resources Inc.,consulting_firm,source: ehsmatch
EnSafe Inc,consulting_firm,source: ehsmatch
"Ensolum, LLC",consulting_firm,source: ehsmatch
Ensource Corporation,consulting_firm,source: ehsmatch
Entek Consulting Group Inc,consulting_firm,source: ehsmatch
Enthalpy Analytical,consulting_firm,source: ehsmatch
Envicom Corporation,consulting_firm,"source: lacity+slo; [slo] qualifications: Agricultural Viability, Botanist, Wildlife"
Enviro Clean Tank Services,consulting_firm,source: ehsmatch
Enviro Consulting Services,consulting_firm,source: ehsmatch
Enviro Diagnostics,consulting_firm,source: ehsmatch
Enviro Testing,consulting_firm,source: ehsmatch
"Enviro-Ag Engineering, Inc.",consulting_firm,source: ehsmatch
Enviro-Test Inc.,consulting_firm,source: ehsmatch
Enviro-Watch,consulting_firm,source: ehsmatch
Enviroapplications Inc,consulting_firm,source: ehsmatch
Envirocare International,consulting_firm,source: ehsmatch
Envirocon,consulting_firm,source: ehsmatch
Envirodesign Associates Inc,consulting_firm,source: ehsmatch
Envirodyne Laboratories Inc,consulting_firm,source: ehsmatch
ENVIROGYN®,consulting_firm,source: ehsmatch
"EnviroManagement, Inc.",consulting_firm,source: ehsmatch
"Environeer Engineering Consulting, LLC",consulting_firm,source: ehsmatch
Environix,consulting_firm,source: ehsmatch
Environment Control North Seattle Restoration Services,consulting_firm,source: ehsmatch
Environmental Analyst,consulting_firm,source: ehsmatch
Environmental and Energy Solutions Inc.,consulting_firm,source: ehsmatch
Environmental and Safety Solutions,consulting_firm,source: ehsmatch
"Environmental Assessment Services, Inc.|Environmental Assessment Services",consulting_firm,source: ehsmatch
Environmental Assessment Specialists,consulting_firm,source: ehsmatch
Environmental Assessments & Consulting (EAC),consulting_firm,source: ehsmatch
Environmental Auditors of America,consulting_firm,source: ehsmatch
"Environmental Business Partners, LLC",consulting_firm,source: ehsmatch
"Environmental Business Specialists, LLC",consulting_firm,source: ehsmatch
"Environmental Compliance Associates, LLC",consulting_firm,source: ehsmatch
Environmental Compliance Management,consulting_firm,source: ehsmatch
Environmental Compliance Services,consulting_firm,source: ehsmatch
Environmental Consultants of Florida,consulting_firm,source: ehsmatch
Environmental Consulting,consulting_firm,source: ehsmatch
"Environmental Consulting & Remediation Contractor - Balance Consulting, Inc. (BCI and BCI Group)",consulting_firm,source: ehsmatch
"Environmental Consulting & Technology, Inc. (Coral Gables)",consulting_firm,source: ehsmatch
"Environmental Consulting & Technology, Inc. (ECT), Gainesville",consulting_firm,source: ehsmatch
"Environmental Consulting & Technology, Inc. (Tampa)",consulting_firm,source: ehsmatch
ENVIRONMENTAL CONSULTING SERVICES,consulting_firm,source: ehsmatch
"Environmental Control Industries, Inc.",consulting_firm,source: ehsmatch
Environmental Design & Research,consulting_firm,source: ehsmatch
Environmental Design Partnership,consulting_firm,source: ehsmatch
Environmental Edge Tech,consulting_firm,source: ehsmatch
Environmental Education Associates,consulting_firm,source: ehsmatch
"Environmental Engineering Consultants, Inc.",consulting_firm,source: ehsmatch
Environmental Firm Los Angeles,consulting_firm,source: ehsmatch
Environmental Firm New York- RSB Environmental - Stormwater Compliance Service New York,consulting_firm,source: ehsmatch
Environmental Innovations,consulting_firm,source: ehsmatch
Environmental Lead Detect Inc.,consulting_firm,source: ehsmatch
Environmental Logistics Inc,consulting_firm,source: ehsmatch
"Environmental Maintenance Contractors, Inc.",consulting_firm,source: ehsmatch
Environmental Management Solutions,consulting_firm,source: ehsmatch
"Environmental Mold Experts, Inc.",consulting_firm,source: ehsmatch
Environmental Mold LLC,consulting_firm,source: ehsmatch
Environmental Monitoring Lab,consulting_firm,source: ehsmatch
Environmental Monitoring Services,consulting_firm,source: ehsmatch
Environmental Network Corporation Inc,consulting_firm,source: ehsmatch
Environmental Noise Control,consulting_firm,source: ehsmatch
Environmental Operational Solutions (EOSolutions),consulting_firm,source: ehsmatch
Environmental Options Inc,consulting_firm,source: ehsmatch
Environmental Outsource Inc,consulting_firm,source: ehsmatch
"Environmental Planning & Management, Inc. (EPM)",consulting_firm,source: ehsmatch
Environmental Products & Services,consulting_firm,source: ehsmatch
Environmental Property Audits,consulting_firm,source: ehsmatch
Environmental Quality Management,consulting_firm,source: ehsmatch
"Environmental Recon Services, LLC",consulting_firm,source: ehsmatch
Environmental Research,consulting_firm,source: ehsmatch
"Environmental Resource Group, Inc",consulting_firm,source: ehsmatch
Environmental Resources Management,consulting_firm,source: ehsmatch
Environmental Resources Management (ERM),consulting_firm,source: ehsmatch
"Environmental Resources Northwest, LLC",consulting_firm,source: ehsmatch
Environmental Response Services Inc,consulting_firm,source: ehsmatch
"Environmental Restoration, LLC",consulting_firm,source: ehsmatch
"Environmental Risk Management, LLC (dba ERMI)",consulting_firm,source: ehsmatch
Environmental Safeguard Solutions,consulting_firm,source: ehsmatch
"Environmental Safety Consultants, Inc.",consulting_firm,source: ehsmatch
"Environmental Safety Consultants, Inc. Tampa, FL",consulting_firm,source: ehsmatch
"Environmental Science Associates, Inc.|Environmental Science Associates",consulting_firm,"source: ehsmatch+lacity+swrcb; [swrcb] services: CEQA/NEPA, Biological Resources, Endangered Species, Hydrology/Geomorphology, Cultural Resources (Sect. 106), Regulatory Permitting"
Environmental Service Professionals,consulting_firm,source: ehsmatch
Environmental Services,consulting_firm,source: ehsmatch
"Environmental Services Group, LLC",consulting_firm,source: ehsmatch
"Environmental Solutions, Inc.",consulting_firm,source: ehsmatch
Environmental Special Projects,consulting_firm,source: ehsmatch
Environmental Survey Consulting,consulting_firm,source: ehsmatch
"Environmental Synectics, Inc.",consulting_firm,source: ehsmatch
Environmental Testing Agency,consulting_firm,source: ehsmatch
Environmental Testing and Technology Inc,consulting_firm,source: ehsmatch
Environmental Training and Compliance Inc.,consulting_firm,source: ehsmatch
Environmental Training Systems,consulting_firm,source: ehsmatch
Environmental Vision,consulting_firm,source: ehsmatch
EnviroNova,consulting_firm,source: ehsmatch
EnviroPhase,consulting_firm,source: ehsmatch
EnviroPro Inspection Services Inc.,consulting_firm,source: ehsmatch
EnviroPro Plus Inc.,consulting_firm,source: ehsmatch
Envirosafe Inspections,consulting_firm,source: ehsmatch
"Enviroscience Consultants, Inc.",consulting_firm,source: ehsmatch
Enviroscore,consulting_firm,source: ehsmatch
EnviroServe (formerly Clark Environmental),consulting_firm,source: ehsmatch
Envirostar Innovation Corporation,consulting_firm,source: ehsmatch
Envirotech,consulting_firm,source: ehsmatch
"EnviroTech Consultants, Inc.",consulting_firm,source: ehsmatch
EnviroTech Group Inc.,consulting_firm,source: ehsmatch
Envirotech Lead & Mold,consulting_firm,source: ehsmatch
Envirotest,consulting_firm,source: ehsmatch
"EnviroTrac Ltd. - Tampa, FL",consulting_firm,source: ehsmatch
"EnviroTrac Ltd. - Yaphank, NY (Corp.)",consulting_firm,source: ehsmatch
EnviroVector,consulting_firm,source: ehsmatch
ENVOSH - OSHA Training Center and Compliance Outsourcing Provider,consulting_firm,source: ehsmatch
EOA Inc,consulting_firm,source: ehsmatch
Eocene Environmental Group,consulting_firm,source: ehsmatch
EPS of Vermont,consulting_firm,source: ehsmatch
Equinox Research & Consulting International Inc. (ERCI),consulting_firm,source: ehsmatch
EQUIP LLC,consulting_firm,source: ehsmatch
Equipoise Corporation,consulting_firm,source: ehsmatch
"ERC Environmental & Construction Services, Inc.",consulting_firm,source: ehsmatch
ERG – Blue Earth Consultants,consulting_firm,source: ehsmatch
Ergo Works Inc.,consulting_firm,source: ehsmatch
ErgoTherapy,consulting_firm,source: ehsmatch
Ericks Environmental Consulting,consulting_firm,source: ehsmatch
ERM,consulting_firm,source: ehsmatch
Erm-West,consulting_firm,source: ehsmatch
ERS - Environmental Record Search,consulting_firm,source: ehsmatch
ERS Consultants Inc,consulting_firm,source: ehsmatch
ESA,consulting_firm,"source: slo; [slo] qualifications: Botanist, California Red-Legged Frog, General Biology, San Joaquin Kit Fox, Vernal Pool Fairy Shrimp, Wetlands, Wildlife"
ESC Safety Consultants,consulting_firm,source: ehsmatch
Esdm Inc,consulting_firm,source: ehsmatch
ESE Partners,consulting_firm,source: ehsmatch
ESESIS Environmental,consulting_firm,source: ehsmatch
ESI,consulting_firm,source: slo; [slo] qualifications: Economic Impact Analysis
ESPL Environmental Consultants Corp,consulting_firm,source: ehsmatch
ESSCO Group,consulting_firm,source: ehsmatch
"Essency Environmental, LLC",consulting_firm,source: ehsmatch
EST Consultants LLC,consulting_firm,source: ehsmatch
ETA Humboldt LLC,consulting_firm,source: ehsmatch
"eTech Environmental & Safety Solutions, Inc",consulting_firm,source: ehsmatch
"Ethos Safety Solutions, LLC",consulting_firm,source: ehsmatch
ETIC,consulting_firm,source: ehsmatch
ETTL Engineers & Consultants Inc,consulting_firm,source: ehsmatch
Eurofins Built Environment Testing- Orlando,consulting_firm,source: ehsmatch
Eurofins Environment Testing- Ft. Lauderdale,consulting_firm,source: ehsmatch
Eurofins Environment Testing- Houston,consulting_firm,source: ehsmatch
Eurofins Environment Testing- Tacoma,consulting_firm,source: ehsmatch
Evergreen Air Quality Services,consulting_firm,source: ehsmatch
EverKleen Environmental LLc,consulting_firm,source: ehsmatch
Excel Industrial Group LLC,consulting_firm,source: ehsmatch
"Exclusive Testing Labs, Inc.",consulting_firm,source: ehsmatch
EXP,consulting_firm,source: ehsmatch
Expert Litigation Services,consulting_firm,source: ehsmatch
Expert Mold and Lead Testing,consulting_firm,source: ehsmatch
Expo Safety Training Academy,consulting_firm,source: ehsmatch
Express Air Testing Inc.,consulting_firm,source: ehsmatch
Express Dry Restoration,consulting_firm,source: ehsmatch
Express Mold Testing,consulting_firm,source: ehsmatch
Eyestone Environmental,consulting_firm,source: lacity
EZ Mold Testing and Inspection,consulting_firm,source: ehsmatch
EZHSE Health Safety Environmental LTD- OSHA and SST Trainings in Spanish- NYC DOB Course Provider #CP007,consulting_firm,source: ehsmatch
Facet,consulting_firm,source: ehsmatch
FACS: Industrial Hygienists & Environmental Consultants,consulting_firm,source: ehsmatch
Fagan Engineers,consulting_firm,source: ehsmatch
Falcon Mold Inspections,consulting_firm,source: ehsmatch
Falcon Safety Training,consulting_firm,source: ehsmatch
"Far Western Anthropological Research Group, Inc.",consulting_firm,source: ehsmatch+slo; [slo] qualifications: Archaeological
Farallon Consulting,consulting_firm,source: ehsmatch
"Farallon Consulting, Bellingham",consulting_firm,source: ehsmatch
"Farallon Consulting, L.L.C.",consulting_firm,source: ehsmatch
"Farmer Environmental Group, LLC",consulting_firm,source: ehsmatch
FAST TRACK TRAINING & LEARNING,consulting_firm,source: ehsmatch
FCC Environmental,consulting_firm,source: ehsmatch
FCS,consulting_firm,source: ehsmatch
"FCS International, Inc.",consulting_firm,source: lacity
Fdr Services,consulting_firm,source: ehsmatch
Fehr & Peers,consulting_firm,source: slo; [slo] qualifications: Traffic Engineer
Fercam Group,consulting_firm,source: ehsmatch
Fibertech Environmental Services,consulting_firm,source: ehsmatch
Finn Outdoor,consulting_firm,source: ehsmatch
First American Safety and Environmental Services,consulting_firm,source: ehsmatch
First Carbon Solutions Incorporated,consulting_firm,source: ehsmatch
First Coastal Corporation,consulting_firm,source: ehsmatch
First Hand Response,consulting_firm,source: ehsmatch
First In Rescue and Safety Training,consulting_firm,source: ehsmatch
FirstCarbon Solutions,consulting_firm,"source: slo; [slo] qualifications: Acoustical, Archaeological, Historical, Paleontological, General Biology, Visual"
FISHBIO,consulting_firm,source: ehsmatch
Five Boro Mold Specialist,consulting_firm,source: ehsmatch
Five Star Environmental inc,consulting_firm,source: ehsmatch
FixMold Miami,consulting_firm,source: ehsmatch
FL Mold Scientific,consulting_firm,source: ehsmatch
Flatley Read,consulting_firm,source: ehsmatch
Floating Islands West,consulting_firm,source: ehsmatch
Flood Pros USA,consulting_firm,source: ehsmatch
Florida Chamber Safety Council,consulting_firm,source: ehsmatch
Florida Environmental Consulting | Phase I & II ESAs & NPDES | MORAN ROCKS LLC,consulting_firm,source: ehsmatch
Florida Geotechnical Engineering,consulting_firm,source: ehsmatch
Florida Lake Management,consulting_firm,source: ehsmatch
Florida Safety Council,consulting_firm,source: ehsmatch
"Florida Waterways, Inc. - Lake Management",consulting_firm,source: ehsmatch
Flowra,consulting_firm,source: ehsmatch
Floyd|Snider,consulting_firm,source: ehsmatch
Flying Aces Enterprises & Consulting,consulting_firm,source: ehsmatch
"FMTC M&A Safety Houma (Gray) | OPITO, STCW, GWO & OSHA Training Center",consulting_firm,source: ehsmatch
"Foote Consulting Group, LLC",consulting_firm,source: slo; [slo] qualifications: Economic Impact Analysis
Foothill Associates,consulting_firm,"source: swrcb; [swrcb] services: Environmental Assessment, Environmental Planning, Permitting/CEQA, Biological Assessment, Watershed Restoration, Hydrology, Water Quality, Erosion Control"
Forde Biological Consulting,consulting_firm,"source: slo; [slo] qualifications: Botanist, General Biology, Vernal Pool Fairy Shrimp, Wetlands, Wildlife"
"Forensic Analytical Consulting Services, Inc.",consulting_firm,source: ehsmatch
Forest Environmental Solutions,consulting_firm,source: ehsmatch
Forester's Co-Op,consulting_firm,source: ehsmatch
Forklift Certification@Industrial Training center,consulting_firm,source: ehsmatch
Forklift Safety Training Inc | West Palm Beach,consulting_firm,source: ehsmatch
Forklift Safety Training Inc. | Daytona Beach + Central Florida,consulting_firm,source: ehsmatch
Forklift Safety Training Inc. | Ft. Lauderdale,consulting_firm,source: ehsmatch
Formation Environmental,consulting_firm,source: ehsmatch
Fort Myers Radon,consulting_firm,source: ehsmatch
Foster Safety LLC,consulting_firm,source: ehsmatch
"FPM Group, Ltd.",consulting_firm,source: ehsmatch
FPT Environmental,consulting_firm,source: ehsmatch
Freer Consulting Co.,consulting_firm,source: ehsmatch
Freestone Environmental Services,consulting_firm,source: ehsmatch
Frey Environmental Inc.,consulting_firm,source: ehsmatch
"Freytech, Inc.",consulting_firm,source: ehsmatch
Frog Environmental,consulting_firm,source: ehsmatch
Frog Environmental - Stormwater Experts California,consulting_firm,source: ehsmatch
"Frontier Energy, Inc.",consulting_firm,source: ehsmatch
Frost Geosciences Inc,consulting_firm,source: ehsmatch
FTN Associate Ltd,consulting_firm,source: ehsmatch
"Fugro Consultants, Inc.|Fugro Consultants, Inc",consulting_firm,"source: slo+swrcb; [swrcb] services: Water Rights Application Support, Hydrologic and Hydrogeologic Studies, Modeling, Water Quality Assessment, Well Design, Expert Witness/Testimony and Litigation Support, Groundwater Basin Adjudication; [slo] qualifications: Geological, Hydrogeologic Reports"
"Fulcrum Environmental Consulting, Inc.",consulting_firm,source: ehsmatch
"Fulcrum Resources, Inc",consulting_firm,source: ehsmatch
Full Circle Environmental,consulting_firm,source: ehsmatch
"Future Environment Designs Inc | OSHA, Mold, Asbestos & Respirator Fit Testing Training of New York",consulting_firm,source: ehsmatch
Future Horizons,consulting_firm,source: ehsmatch
G-Logics Inc,consulting_firm,source: ehsmatch
G/A Environmental - Asbestos Consulting and Mold Inspection,consulting_firm,source: ehsmatch
Gabriel Environmental Group,consulting_firm,source: ehsmatch
GAC Environmental,consulting_firm,source: ehsmatch
Gainco,consulting_firm,source: ehsmatch
gallinger environmental management,consulting_firm,source: ehsmatch
"Galloway Environmental, Inc|Galloway Environmental",consulting_firm,source: ehsmatch
Ganey Science,consulting_firm,source: ehsmatch
"Gannett Fleming, Inc..",consulting_firm,source: ehsmatch
Garcia and Associates (GANDA),consulting_firm,"source: slo; [slo] qualifications: Archaeological, Historical, Historic Architecture Evaluations, Historic Background Evaluations, General Biology"
Gator Aquatics,consulting_firm,source: ehsmatch
"Gator Engineering & Aquifer Restoration, Inc.",consulting_firm,source: ehsmatch
"GC Environmental, Inc.",consulting_firm,source: ehsmatch
"GeauxPro Safety & Environmental, LLC.",consulting_firm,source: ehsmatch
"GEI Consultant, Inc.",consulting_firm,source: swrcb; [swrcb] services: Environmental and Engineering Services
Geissler & Associates Water Right Title Insurance Company,consulting_firm,"source: swrcb; [swrcb] services: Certified Water Right Examiner, Professional Representation in Adjudication Proceedings before the State of Water Resources Control Board"
Gems Environmental Management Services,consulting_firm,source: ehsmatch
Genesis Environmental Inc,consulting_firm,source: ehsmatch
"Geo Blue Consulting, Inc.",consulting_firm,"source: swrcb; [swrcb] services: Hydrogeology, environmental Consulting"
GEO Environmental Co. Inc.,consulting_firm,source: ehsmatch
Geo Forward,consulting_firm,source: ehsmatch
"Geo-Logic Associates, Inc.|Geo-Logic Associates",consulting_firm,source: ehsmatch
"GeoEngineers, Inc.|GeoEngineers Inc.|GeoEngineers Inc",consulting_firm,source: ehsmatch
GeoEnvironment Technologies,consulting_firm,source: ehsmatch
Geoinsite,consulting_firm,"source: slo; [slo] qualifications: Geological, Hydrogeologic Reports"
GeoRestoration Inc,consulting_firm,source: ehsmatch
"George F. Young, Inc.",consulting_firm,source: ehsmatch
"GeoScience Engineers, LLC",consulting_firm,source: ehsmatch
"Geosolutions, Inc.",consulting_firm,"source: slo; [slo] qualifications: Geological, Hydrogeologic Reports"
"GeoSolve, Inc.",consulting_firm,source: ehsmatch
Geosyntec Consultants,consulting_firm,"source: swrcb; [swrcb] services: Water Banking, Water Rights Adjudication, Water Resources Property Due Diligence, Water Valuation"
Geotech Environmental Inc,consulting_firm,source: ehsmatch
Germ Masters Environmental,consulting_firm,source: ehsmatch
"GFA International, Inc. (A Universal Engineering Sciences Company)",consulting_firm,source: ehsmatch
GFT,consulting_firm,source: ehsmatch
"GG Environmental, LLC",consulting_firm,source: ehsmatch
GHB Fall Protection,consulting_firm,source: ehsmatch
"GHP, Inc.",consulting_firm,source: ehsmatch
Gibson Consulting,consulting_firm,source: ehsmatch
Gibson's Archaeological Consulting,consulting_firm,source: slo; [slo] qualifications: Archaeological
"GiF Services, LLC",consulting_firm,source: ehsmatch
Giles Engineering Associates Inc,consulting_firm,source: ehsmatch
Glacier Environmental Services,consulting_firm,source: ehsmatch
Gladstein Neandross & Associates,consulting_firm,source: ehsmatch
"GLE Associates, Inc.",consulting_firm,source: ehsmatch
Glen Boe & Associates Inc,consulting_firm,source: ehsmatch
"GlenView Group, Inc.",consulting_firm,source: ehsmatch
Global Environmental & Industrial Response,consulting_firm,source: ehsmatch
Global Environmental Inc,consulting_firm,source: ehsmatch
Global Environmental Network,consulting_firm,source: ehsmatch
GLOBAL REGENESIS INC.,consulting_firm,source: ehsmatch
"GN Northern, Inc.",consulting_firm,source: ehsmatch
Go2Zero Strategies,consulting_firm,source: ehsmatch
Gold Coast Environmental,consulting_firm,source: ehsmatch
"Gold Health and Safety Consulting, Inc.",consulting_firm,source: ehsmatch
Goldasich Environmental,consulting_firm,source: ehsmatch
Goode and Associates,consulting_firm,source: ehsmatch
GPA Consulting,consulting_firm,source: ehsmatch
GPI - GeoProfessional Innovation Corporation,consulting_firm,source: ehsmatch
Grace Environmental Solutions,consulting_firm,source: ehsmatch
Gradient,consulting_firm,source: ehsmatch
"GRAM Northwest, LLC",consulting_firm,source: ehsmatch
Grand Trails Safety,consulting_firm,source: ehsmatch
Granite Inspection Group,consulting_firm,source: ehsmatch
Grassetti Environmental Consultant,consulting_firm,source: ehsmatch
Grazi 1 Corporation,consulting_firm,source: ehsmatch
GRB Environmental Services Inc,consulting_firm,source: ehsmatch
Great Ecology,consulting_firm,source: ehsmatch
Great Forest,consulting_firm,source: ehsmatch
"Great Lakes Environmental & Safety Consultants, Inc.",consulting_firm,source: ehsmatch
Green Guard Mold Remediation NYC,consulting_firm,source: ehsmatch
Green Guard Mold Remediation of Commack,consulting_firm,source: ehsmatch
"Green Home Solutions of Sugar Land, TX",consulting_firm,source: ehsmatch
Green Lakes FL,consulting_firm,source: ehsmatch
Green Orchard Group,consulting_firm,source: ehsmatch
"Green Shell Consulting, LLC",consulting_firm,source: ehsmatch
Green Star Environmental,consulting_firm,source: ehsmatch
Green Tech Corp,consulting_firm,source: ehsmatch
Green Tree Environmental LLC|Green Tree Environmental,consulting_firm,source: ehsmatch
Greenberg Safety,consulting_firm,source: ehsmatch
Greenrise Technologies,consulting_firm,source: ehsmatch
Greenrise Technologies - Houston,consulting_firm,source: ehsmatch
"GreenSource Environmental Professionals, Inc.",consulting_firm,source: ehsmatch
Greenwater Laboratories,consulting_firm,source: ehsmatch
Greenwich Energy Solutions,consulting_firm,source: ehsmatch
Greenwood & Associates,consulting_firm,"source: slo; [slo] qualifications: Archaeological, Historical, Historic Architecture Evaluations, Historic Background Evaluations"
GreenWorks Inspections & Engineering - San Antonio TX,consulting_firm,source: ehsmatch
"Gregory Engineering, Inc.",consulting_firm,"source: ehsmatch+swrcb; [swrcb] services: Civil Engineering, surveying, photogrammetry, diversion monitoring installation & compliance (SB 88), annual reporting & data management, environmental compliance"
Grette Associates,consulting_firm,source: ehsmatch
"Griggs Safety Consultants, LLC",consulting_firm,source: ehsmatch
Grones Environmental Services,consulting_firm,source: ehsmatch
Ground Service Technology,consulting_firm,source: ehsmatch
"Ground Zero Analysis, Inc.",consulting_firm,source: ehsmatch
"Groundwater & Environmental Services, Inc. (GES)",consulting_firm,source: ehsmatch
Grove Scientific & Engineering,consulting_firm,source: ehsmatch
GSI Environmental Inc.,consulting_firm,source: ehsmatch
"GSI Water Solutions, Inc.",consulting_firm,source: ehsmatch
Guaranteed Property and Mold Inspection,consulting_firm,source: ehsmatch
Gulf Coast EnviroTesting,consulting_firm,source: ehsmatch
"Gulf Coast Testing, LLC",consulting_firm,source: ehsmatch
Gulf South Research Corporation,consulting_firm,source: ehsmatch
"GZA GeoEnvironmental, Inc.",consulting_firm,source: ehsmatch
H2H Geoscience Engineering,consulting_firm,source: ehsmatch
H2H Indoor Air Solutions,consulting_firm,source: ehsmatch
Habitat Restoration and Wildlife Protection Services,consulting_firm,source: ehsmatch
Habitat Technologies,consulting_firm,source: ehsmatch
Habitat West Inc,consulting_firm,source: ehsmatch
"Haley & Aldrich, Inc.|Haley & Aldrich",consulting_firm,source: ehsmatch
Haley Ward (formerly Engineering Design & Construction),consulting_firm,source: ehsmatch
"Haley Ward, Inc.",consulting_firm,source: ehsmatch
Hamer Environmental - Wetland and Fisheries Division,consulting_firm,source: ehsmatch
Hamer Environmental LP,consulting_firm,source: ehsmatch
Hans Wilson & Associates,consulting_firm,source: ehsmatch
"Hanson Van Vleet, LLC",consulting_firm,source: ehsmatch
Hardin & Associates Consulting,consulting_firm,source: ehsmatch
"Harmsen, LLC",consulting_firm,source: ehsmatch
Havasu Consulting,consulting_firm,source: ehsmatch
Haven Property Solutions,consulting_firm,source: ehsmatch
Haz Mat Special Services,consulting_firm,source: ehsmatch
Hazardous Materials Assessment Inc.,consulting_firm,source: ehsmatch
Hazardous Waste Disposal,consulting_firm,source: ehsmatch
"Hazmat Services, Inc",consulting_firm,source: ehsmatch
HBH - Healthy Buildings & Homes,consulting_firm,source: ehsmatch
HCR (Handex Consulting & Remediation),consulting_firm,source: ehsmatch
HD Safety Consulting,consulting_firm,source: ehsmatch
"HDR Engineering, Inc.",consulting_firm,source: swrcb; [swrcb] services: Environmental and Engineering Services
HDR Nanuet Laboratory,consulting_firm,source: ehsmatch
Health and Safety Council,consulting_firm,source: ehsmatch
Health Innovations,consulting_firm,source: ehsmatch
"Healthy Building Science, Inc.",consulting_firm,source: ehsmatch
Healthy Buildings,consulting_firm,source: ehsmatch
Healthy Buildings & Homes,consulting_firm,source: ehsmatch
Healthy Home Environmental Services,consulting_firm,source: ehsmatch
HELIX Environmental Planning,consulting_firm,source: ehsmatch
"Hensley, Gordon",consulting_firm,"source: slo; [slo] qualifications: Botanist, General Biology, Wildlife"
"HEPACO, LLC",consulting_firm,source: ehsmatch
"Heritage Discoveries, Inc.",consulting_firm,source: slo; [slo] qualifications: Archaeological
Hernandez Environmental Services,consulting_firm,source: ehsmatch
Herrera Environmental Consultants,consulting_firm,source: ehsmatch
HERTZ Environmental,consulting_firm,source: ehsmatch
HF Safety LLC,consulting_firm,source: ehsmatch
HFI Consultants,consulting_firm,source: ehsmatch
Hicks & Company,consulting_firm,source: ehsmatch
"Hillmann Consulting, LLC",consulting_firm,source: ehsmatch
HillView Station Inc,consulting_firm,source: ehsmatch
"HKC & Associates, Inc.",consulting_firm,source: ehsmatch
HLP Engineering Inc.,consulting_firm,source: ehsmatch
HNST Environmental,consulting_firm,source: ehsmatch
HNST Mold Inspections & Environmental Testing,consulting_firm,source: ehsmatch
Hohman & Associates Forestry Consultants,consulting_firm,source: ehsmatch
"Holland, V.L.",consulting_firm,"source: slo; [slo] qualifications: Botanist, General Biology"
Home Environmental Quality Engineering,consulting_firm,source: ehsmatch
HomePro,consulting_firm,source: ehsmatch
"HomeSafe, Inc.",consulting_firm,source: ehsmatch
"Honesty Environmental Services, Inc.",consulting_firm,source: ehsmatch
Horizon Environmental,consulting_firm,source: ehsmatch
Horizon Water and Environmental,consulting_firm,"source: swrcb; [swrcb] services: CEQA/NEPA, Permitting, Water Rights Consulting, Water Resources Planning, Surface and Groundwater Hydrology, Modeling, Geomorphology, Biology, Fisheries, Habitat Assessment, Water Availability Analysis, Public Trust Analysis, Watershed Analysis and Restoration, Expert Witness Testimony and Legislation Support, Water Supply Assessments"
House Doctor Pomales,consulting_firm,source: ehsmatch
Hover Archaeological Consultants,consulting_firm,source: slo; [slo] qualifications: Archaeological
Howard Environmental,consulting_firm,source: ehsmatch
Howco Environement Services,consulting_firm,source: ehsmatch
HP Safety Consulting LLC,consulting_firm,source: ehsmatch
"HP Safety, LLC",consulting_firm,source: ehsmatch
HSA Golden | Solid Waste and Environmental Engineering Consultants,consulting_firm,source: ehsmatch
"HSE Consulting Services, LLC",consulting_firm,source: ehsmatch
"HSW Engineering, Inc",consulting_firm,source: ehsmatch
Hudson Highlands Environmental Consulting,consulting_firm,source: ehsmatch
Hudson Mold Testing,consulting_firm,source: ehsmatch
Hudson Valley Radon,consulting_firm,source: ehsmatch
"HukariAscendent, Inc.",consulting_firm,source: ehsmatch
Hull's Environmental Services,consulting_firm,source: ehsmatch
Human Factors Applications - Ergonomics Consulting Services,consulting_firm,source: ehsmatch
Hunt & Associates,consulting_firm,"source: slo; [slo] qualifications: California Red-Legged Frog, San Joaquin Kit Fox, Steelhead Trout, Wildlife"
HYDREX ENVIRONMENTAL,consulting_firm,source: ehsmatch
Hydrik Wetlands Consultants,consulting_firm,source: ehsmatch
"Hydro Tech Environmental, Corporation.|Hydro Tech Environmental Corporation|hydro tech environmental corp",consulting_firm,source: ehsmatch
Hydro-Environmental Tech Inc,consulting_firm,source: ehsmatch
"HydroEnvironmental Solutions, Inc.",consulting_firm,source: ehsmatch
Hydrograss Technologies,consulting_firm,source: ehsmatch
"HydroTech Environmental Engineering and Geology, DPC",consulting_firm,source: ehsmatch
IAG Energy,consulting_firm,source: ehsmatch
IAQ Analytical,consulting_firm,source: ehsmatch
IAQ Environmental,consulting_firm,source: ehsmatch
"Icarus Ecological Services, Inc",consulting_firm,source: ehsmatch
ICF,consulting_firm,source: ehsmatch
ICF International,consulting_firm,"source: slo+swrcb; [swrcb] services: Cultural Resources, Engineering + Revitalization, Environmental Education, Environmental Impact Assessment, Environmental Risk + Toxicology, Natural Resources Management, NEPA, CEQA, +SEPA, Public Outreach, Regulatory Compliance, Regulatory Development Support +, Economic Analysis, Restoration + Conservation, Water Quality, Wastewater, + Water Supply, Water Resources Management, Water Right Application Processing and Permitting, Water Availablility Analysis/Cumulative Flow Impairment Index Studies; [slo] qualifications: Agricultural Viability"
"ICF Jones & Stokes, Inc.",consulting_firm,source: lacity
"ICI Remediate, 107 Craig Road, Big Spring Texas",consulting_firm,source: ehsmatch
Icon Environmental Consulting,consulting_firm,source: ehsmatch
Icon Environmental Services,consulting_firm,source: ehsmatch
IER (Inland Environmental Resources Inc.),consulting_firm,source: ehsmatch
iFlooded Restoration,consulting_firm,source: ehsmatch
"IGH Health, Fire, & Safety",consulting_firm,source: ehsmatch
IHS Environmental Inc,consulting_firm,source: ehsmatch
"IKON Environmental Solutions, LP",consulting_firm,source: ehsmatch
Impact Assessment Inc,consulting_firm,source: ehsmatch
Impact Environmental,consulting_firm,source: ehsmatch
"Impact Sciences, Inc.",consulting_firm,source: ehsmatch+lacity
Imperium Environmental,consulting_firm,source: ehsmatch
IMS,consulting_firm,source: ehsmatch
Incredible Environmental Resolution LLC,consulting_firm,source: ehsmatch
Incrementum NY Lead Inspections,consulting_firm,source: ehsmatch
InDepth Corporation,consulting_firm,source: ehsmatch
Indigo Compliance & Risk Management,consulting_firm,source: ehsmatch
"Indoor Air Quality Solutions, IAQS",consulting_firm,source: ehsmatch
Indoor Clean Air Testing,consulting_firm,source: ehsmatch
Indoor Environmental Engnrng,consulting_firm,source: ehsmatch
Indoor Environmental Safe Space Network,consulting_firm,source: ehsmatch
Indoor Environmental Technologies,consulting_firm,source: ehsmatch
Indoor Microbial Specialist - Mold Inspections,consulting_firm,source: ehsmatch
Indoor Mold Specialist,consulting_firm,source: ehsmatch
Industrial & Marine Safety Specialists Inc.,consulting_firm,source: ehsmatch
Industrial Compliance Services,consulting_firm,source: ehsmatch
Industrial Hygiene Consulting Corp. LLC.,consulting_firm,source: ehsmatch
Industrial Performance Services,consulting_firm,source: ehsmatch
"Industrial Safety Solutions, a division of Industrial Solutions Group, LLC",consulting_firm,source: ehsmatch
Industrial Safety Training Council - Baytown,consulting_firm,source: ehsmatch
Infinite Consulting Corp.,consulting_firm,source: ehsmatch
Ingalls & Associates,consulting_firm,source: ehsmatch
Innov8tive Environmental Service Inc,consulting_firm,source: ehsmatch
Innovative Safety Solutions Inc.,consulting_firm,source: ehsmatch
"Innovative Safety solutions, LLC Louisiana",consulting_firm,source: ehsmatch
Insight Environmental Testing & Consulting,consulting_firm,source: ehsmatch
"Insight Environmental, Inc.",consulting_firm,source: ehsmatch
Insignia Environmental,consulting_firm,source: ehsmatch
INSPECTCNY LLC,consulting_firm,source: ehsmatch
Inspection Now,consulting_firm,source: ehsmatch
Instinct Ready Emergency Management,consulting_firm,source: ehsmatch
"InStrat, Inc.",consulting_firm,source: ehsmatch
InTEC of San Antonio,consulting_firm,source: ehsmatch
Integral Consulting Inc.,consulting_firm,source: ehsmatch
Integral Consulting Services,consulting_firm,source: ehsmatch
"Integrated Diagnostic Analytics, Inc.",consulting_firm,source: ehsmatch
"Integrated Geotechnical Solutions, Inc.",consulting_firm,source: ehsmatch
"Integrated Resource Management, LLC",consulting_firm,source: swrcb
Integrity Environmental Solutions,consulting_firm,source: ehsmatch
Integrity Lead-based Paint Services,consulting_firm,source: ehsmatch
INTERA Incorporated,consulting_firm,source: ehsmatch
Invert Environmental Consultants,consulting_firm,source: ehsmatch
IRIS Environmental Laboratories,consulting_firm,source: ehsmatch
IRONCLAD Powered by Mersino,consulting_firm,source: ehsmatch
"IRS Environmental of WA, Inc.",consulting_firm,source: ehsmatch
Island Pump And Tank LLC,consulting_firm,source: ehsmatch
iTest Environmental LLC,consulting_firm,source: ehsmatch
Ithaca Environmental & Construction Group,consulting_firm,source: ehsmatch
"ITS Mold - (Inspection, Testing, Solutions)",consulting_firm,source: ehsmatch
J & R Restoration Services,consulting_firm,source: ehsmatch
J. S. Held LLC|J.S. Held LLC|J.S. Held,consulting_firm,source: ehsmatch
J.S. Held - Tampa,consulting_firm,source: ehsmatch
J.T Dream Improvements,consulting_firm,source: ehsmatch
JAEE Environmental Inc,consulting_firm,source: ehsmatch
"Jalco Consulting Services, Inc.",consulting_firm,source: ehsmatch
"James Environmental Management, Inc.",consulting_firm,source: ehsmatch
"JAN KOEHN, M.S., CIH, INC.",consulting_firm,source: ehsmatch
"JB Safety International, Inc.",consulting_firm,source: ehsmatch
JBD Environmental Consulting,consulting_firm,"source: slo; [slo] qualifications: Storm Water Pollution Prevention Plan (SWPPP), Permitting and Regulatory Services, California Red-Legged Frog, Nesting Birds, General Biology, Steelhead Trout, Marine, Burrowing owl, Tidewater goby, Blunt nosed leopard lizard, Botanist, Wetland Delineations, Wildlife."
JC Broderick & Associates,consulting_firm,source: ehsmatch
Jerome Environmental Service,consulting_firm,source: ehsmatch
"Jet Enviromental Testing, Inc.",consulting_firm,source: ehsmatch
Jim Stidham & Associates,consulting_firm,source: ehsmatch
JJ&S Environmental Services,consulting_firm,source: ehsmatch
"JLC Environmental Consultants, Inc.",consulting_firm,source: ehsmatch
JLM Environmental,consulting_firm,source: ehsmatch
"JMAC Group, LLC",consulting_firm,source: ehsmatch
JMB Companies,consulting_firm,source: ehsmatch
John A. Jurgiel & Associates,consulting_firm,source: ehsmatch
John L Hunter & Associates,consulting_firm,source: ehsmatch
Johnson & Associates,consulting_firm,source: slo; [slo] qualifications: Economic Impact Analysis
Johnson Engineering Inc,consulting_firm,source: ehsmatch
"Johnson, Nicholas M., Ph.D., R.G., C.Hg.",consulting_firm,source: swrcb; [swrcb] services: Water Resources Consultant Surface Water Hydrology and Hydrogeology
"Joshua Tree Forestry Consulting, INC.",consulting_firm,source: ehsmatch
Joyce Gerber,consulting_firm,source: slo; [slo] qualifications: Archaeological
"JPM Environmental Solutions, LLC",consulting_firm,source: ehsmatch
"JRP Historical Consulting, LLC",consulting_firm,source: swrcb; [swrcb] services: Historical research of pre-1914 water claims; riparian water rights analysis; litigation support/expert testimony
JS Compliance,consulting_firm,source: ehsmatch
Juniper Consulting,consulting_firm,source: slo; [slo] qualifications: Economic Impact Analysis
"Jupe Environmental, Inc.",consulting_firm,source: ehsmatch
Jurassic Environmental Specialists,consulting_firm,source: ehsmatch
JZR Safety Services Inc.,consulting_firm,source: ehsmatch
K&S Services Of South Florida Inc.,consulting_firm,source: ehsmatch
"K-VAC Environmental Services, INC",consulting_firm,source: ehsmatch
K.O.S. Restoration,consulting_firm,source: ehsmatch
"Kaltech Environmental Services, LLC",consulting_firm,source: ehsmatch
KAM Consultants Corporation,consulting_firm,source: ehsmatch
Kane Environmental Inc,consulting_firm,source: ehsmatch
Kapak Inc. Environmental Laboratory Services,consulting_firm,source: ehsmatch
Karcher Environmental Inc,consulting_firm,source: ehsmatch
"Karl Mikel, PE",consulting_firm,source: slo; [slo] qualifications: Acoustical
Karst Environmental Services,consulting_firm,source: ehsmatch
Kasai Consulting,consulting_firm,source: ehsmatch
Katch Environmental,consulting_firm,source: ehsmatch
Kaz & Associates Stormwater Specialists,consulting_firm,source: ehsmatch
KCB Environmental Services,consulting_firm,source: ehsmatch
KD Environmental Consulting Services LLC,consulting_firm,source: ehsmatch
Kee Enviro,consulting_firm,source: ehsmatch
Kevin Merk and Associates,consulting_firm,"source: slo; [slo] qualifications: Botanist, California Red-Legged Frog, General Biology, Monarch Butterfly, San Joaquin Kit Fox, Wetlands, Wildlife"
Key Environmental Services,consulting_firm,source: ehsmatch
Keystone Saftey Services,consulting_firm,source: ehsmatch
"KHEOPS Architecture, Engineering and Survey DPC",consulting_firm,source: ehsmatch
Kimball Environmental,consulting_firm,source: ehsmatch
"Kimley-Horn and Associates, Inc.",consulting_firm,source: lacity
"King Consultants, Inc",consulting_firm,source: ehsmatch
"KJ Environmental Management, Inc. (KJE)",consulting_firm,source: ehsmatch
Kjeldsen Biological Consulting,consulting_firm,source: swrcb
"Kjeldsen, Sinnock & Neudeck, Inc.",consulting_firm,"source: swrcb; [swrcb] services: Civil Engineering, Water Resource Planning, Diversion Measurement and Reporting, Water Rights Consulting, Water Quality and Treatment Engineering, Surface Water and Groundwater Hydrology, Well Design, Environmental Permitting, Expert Testimony/Litigation Support"
Kleen Solution Environmental,consulting_firm,source: ehsmatch
"Knapp Environmental Solutions, LLC",consulting_firm,source: ehsmatch
KNL Environmental Services,consulting_firm,source: ehsmatch
Koncept Carma Inc dba KCI,consulting_firm,source: ehsmatch
"Koogler & Associates, Inc.",consulting_firm,source: ehsmatch
Kourco Environmental Services Inc,consulting_firm,source: ehsmatch
KR Environmental Services Incorporated,consulting_firm,source: ehsmatch
Krieger & Stewart Incorporated,consulting_firm,"source: swrcb; [swrcb] services: Civil Engineering, Water Resources, Water System and Conservation Planning, Water Rights Consulting, Water Quality and Treatment Consulting, Surface Water and Groundwater Hydrology, Well Hydraulics and Aquifer Testing, CEQA/NEPA Compliance and Environmental Permitting, Expert Testimony/Litigation Support, Water System Appraisals"
Kroner Environmental Services,consulting_firm,source: ehsmatch
"Kronick, Moskovitz, Tiedemann & Girard",consulting_firm,source: swrcb
"Kubin, Leslie",consulting_firm,source: slo; [slo] qualifications: General Biology
"L & P Scientific Consulting, LLC",consulting_firm,source: ehsmatch
"L&L Environmental, Inc.",consulting_firm,source: ehsmatch
L&M Environmental Services,consulting_firm,source: ehsmatch
LaBella Associates,consulting_firm,source: ehsmatch
Laboratory Environmental Solutions,consulting_firm,source: ehsmatch
"Laguna Mountain Environmental, Inc.",consulting_firm,source: ehsmatch
"Lake and Pond Remediation, Inc.",consulting_firm,source: ehsmatch
Lake Masters LLC,consulting_firm,source: ehsmatch
Lakefront Designs & Services Inc,consulting_firm,source: ehsmatch
"LakeTech, inc.",consulting_firm,source: ehsmatch
Lally Consulting LLC,consulting_firm,source: ehsmatch
LAM ENVIRONMENTAL LLC,consulting_firm,source: ehsmatch
LAN Associates,consulting_firm,source: ehsmatch
Lance Dorfi Radon Mitigation,consulting_firm,source: ehsmatch
"Land Assessment Services, Inc.",consulting_firm,source: ehsmatch
Land IQ,consulting_firm,source: ehsmatch
Land Marks,consulting_firm,source: ehsmatch
"Land Use Ecological Services, Inc",consulting_firm,source: ehsmatch
"Landau Associates, Inc.",consulting_firm,source: ehsmatch
"LandScience, Inc.",consulting_firm,source: ehsmatch
LAQ EHS,consulting_firm,source: ehsmatch
Latitudes Environmental,consulting_firm,source: ehsmatch
Lauderdale Environmental & Safety Consultants,consulting_firm,source: ehsmatch
Laura Hall Consulting,consulting_firm,"source: swrcb; [swrcb] services: 1) State Water Board, Division of Water Rights Reporting and Supplemental Statements, Registrations, and Permits, 2) State Water Board, Division of Water Quality Cannabis General Order Enrollments, 3) Air Quality and Greenhouse Gas Reports, 4) Biological Assessments, 5) GIS Mapping, 6) Notification of Lake and Streambed Alteration Agreements (1600 permits) , and 7) California Environmental Quality Act (CEQA) Compliance."
Laurel Environmental Associates Inc,consulting_firm,source: ehsmatch
"Laurel Environmental Geosciences, DPC",consulting_firm,source: ehsmatch
Law Environmental Health and Safety Solutions,consulting_firm,source: ehsmatch
Lawler Environmental Group,consulting_firm,source: ehsmatch
Lawrence Env LLC,consulting_firm,source: ehsmatch
LCA Environmental Inc,consulting_firm,source: ehsmatch
LCS Inc,consulting_firm,source: ehsmatch
"LEA Environmental, Inc.",consulting_firm,source: ehsmatch
Leaaf Environmental,consulting_firm,source: ehsmatch
Lead and Mold Detectives,consulting_firm,source: ehsmatch
LEAD BY EXAMPLE ENVIRONMENTAL LLC,consulting_firm,source: ehsmatch
Lead Safe LLC,consulting_firm,source: ehsmatch
Lead Testing Consultants Inc,consulting_firm,source: ehsmatch
"Leader Professional Services, Inc.",consulting_firm,source: ehsmatch
"Leak Location Services, Inc.",consulting_firm,source: ehsmatch
Leed Engineering Solutions | Safety is Our 1 Priority | LEEDES USA,consulting_firm,source: ehsmatch
Leeds Environmental Services,consulting_firm,source: ehsmatch
Lees Environmental Services,consulting_firm,source: ehsmatch
Left Coast Services LLC,consulting_firm,source: ehsmatch
"Legacy Environmental, LLC",consulting_firm,source: ehsmatch
Legacy Safety and Consulting|Legacy Safety & Consulting,consulting_firm,source: ehsmatch
"LEL Environmental, LTD.",consulting_firm,source: ehsmatch
Lender Consulting Services,consulting_firm,source: ehsmatch
"Levy Building Sciences, LLC",consulting_firm,source: ehsmatch
LEW Environmental Services,consulting_firm,source: ehsmatch
Lewis Environmental,consulting_firm,source: ehsmatch
"LG2 Environmental Solutions, Inc.",consulting_firm,source: ehsmatch
"LGL - Ecological Research Associates, Ltd.",consulting_firm,source: ehsmatch
Liberty Arts Academy Inc,consulting_firm,source: ehsmatch
Liberty Environmental Solutions,consulting_firm,source: ehsmatch
Life Rescue Inc,consulting_firm,source: ehsmatch
Lighthouse Environmental,consulting_firm,source: ehsmatch
"Lighthouse Environmental Services, Inc.|Lighthouse Environmental Services",consulting_firm,source: ehsmatch
Lighthouse Restoration and Construction LLC,consulting_firm,source: ehsmatch
"Live Oak Associates, Inc.",consulting_firm,source: ehsmatch
"LJA Engineering, Inc.",consulting_firm,source: ehsmatch
LL97.ai,consulting_firm,source: ehsmatch
"Locklear & Associates, Inc.",consulting_firm,source: ehsmatch
"Loki Environmental, LLC",consulting_firm,source: ehsmatch
Lone Star Safety Services,consulting_firm,source: ehsmatch
Long Historic Preservation Services,consulting_firm,"source: slo; [slo] qualifications: Historical, Historic Architecture Evaluations, Historic Background Evaluations"
Long Island Mold Guy,consulting_firm,source: ehsmatch
Long Island Mold Testing,consulting_firm,source: ehsmatch
LONGLEAF ENVIRONMENTAL CONSULTING,consulting_firm,source: ehsmatch
"Lord and Winter, LLC",consulting_firm,source: ehsmatch
"Lotis Environmental, LLC",consulting_firm,source: ehsmatch
Lou Blanck and Associates,consulting_firm,"source: slo; [slo] qualifications: Geological, Hydrogeologic Reports"
Louisiana Environmental Monitoring,consulting_firm,source: ehsmatch
Lovell Indoor Environmental Consultants,consulting_firm,source: ehsmatch
Lozier Environmental Consulting Inc.,consulting_firm,source: ehsmatch
"LSA Associates, Inc.|LSA Associates Inc",consulting_firm,"source: ehsmatch+lacity+slo; [slo] qualifications: Acoustical, Archaeological, Botanist, California Red-Legged Frog, General Biology, Historical, Historic Architecture Evaluations, Paleontological, Steelhead Trout, Vernal Pool Fairy Shrimp"
"LSA, Inc.|LSA",consulting_firm,source: ehsmatch
"Luna Safety Services, OSHA Training & CPR Certification",consulting_firm,source: ehsmatch
Luzon Environmental Services,consulting_firm,source: ehsmatch
M S Environmental Consultants,consulting_firm,source: ehsmatch
M&A Safety Services,consulting_firm,source: ehsmatch
M3 Environmental LLC,consulting_firm,source: ehsmatch
"MacDonald, Hatch Mott",consulting_firm,source: slo; [slo] qualifications: Traffic Engineer
Macfarlane Archaeological Consultants,consulting_firm,source: slo; [slo] qualifications: Archaeological
MacKay Sposito,consulting_firm,source: ehsmatch
MacKnight Safety Solutions,consulting_firm,source: ehsmatch
Madison Environmental & Tank Services Inc,consulting_firm,source: ehsmatch
MAE Consultants,consulting_firm,source: ehsmatch
Main Contracting Corporation,consulting_firm,source: ehsmatch
Manhattan Lead Inspections,consulting_firm,source: ehsmatch
"Marcus F. Guidry & Associates, Inc.",consulting_firm,source: ehsmatch
Marinco Bioassay Laboratory,consulting_firm,source: ehsmatch
Marine Research Specialists,consulting_firm,"source: slo; [slo] qualifications: California Red-Legged Frog, Marine"
Marine Spill Response Corporation,consulting_firm,source: ehsmatch
Marine Taxonomic Services Ltd,consulting_firm,source: ehsmatch
"Marine Taxonomic Services, Ltd. - Tahoe",consulting_firm,source: ehsmatch
Mariner Gulf,consulting_firm,source: ehsmatch
"Mark Thomas, Inc",consulting_firm,"source: swrcb; [swrcb] services: Water Resources Engineering and Land Survey Services, Technical and Managerial Support, Special District Formation and Engineering, Assessment Engineering, and Funding Program Assistance"
Markham Services,consulting_firm,source: ehsmatch
Markham Services Tampa,consulting_firm,source: ehsmatch
Marolf Environmental Inc,consulting_firm,source: ehsmatch
MartinEnviro,consulting_firm,source: ehsmatch
Maspeth Environmental,consulting_firm,source: ehsmatch
MAST Inspections,consulting_firm,source: ehsmatch
Mastodon Environmental - Wetland Delineation Services,consulting_firm,source: ehsmatch
Matanzas Geosciences,consulting_firm,source: ehsmatch
Material Environmental,consulting_firm,source: ehsmatch
Material Management Group Inc.,consulting_firm,source: ehsmatch
Materials Testing & Consulting,consulting_firm,source: ehsmatch
Mathews' HR & Safety Consulting Services,consulting_firm,source: ehsmatch
Matrix Environmental Technologies Inc.,consulting_firm,source: ehsmatch
Matrix New World Engineering,consulting_firm,source: ehsmatch
Maul Foster & Alongi - Bellingham,consulting_firm,source: ehsmatch
Maul Foster & Alongi - Seattle,consulting_firm,source: ehsmatch
Maul Foster & Alongi - Vancouver,consulting_firm,source: ehsmatch
Maximum Environmental Management,consulting_firm,source: ehsmatch
Mayfield Environmental Solutions,consulting_firm,source: ehsmatch
MBK Engineers,consulting_firm,source: swrcb
"MBV Engineering, Inc.",consulting_firm,source: ehsmatch
McClure Consulting,consulting_firm,source: slo; [slo] qualifications: Economic Impact Analysis
"McCord Environmental, Inc.",consulting_firm,source: ehsmatch
McCormick Biological Inc.,consulting_firm,source: ehsmatch
"McGovern, Mike",consulting_firm,"source: slo; [slo] qualifications: Botanist, General Biology, San Joaquin Kit Fox"
McGrath Consulting,consulting_firm,source: ehsmatch
"MCO Environmental, Inc.",consulting_firm,source: ehsmatch
MDM Services Inc.,consulting_firm,source: ehsmatch
Mead & Hunt,consulting_firm,"source: swrcb; [swrcb] services: Water Rights Support, Water Resources Planning, Watershed and Project Modeling, Water Availability Analysis, Hydrology, Civil Engineering"
"MEC Environmental, Inc.",consulting_firm,source: ehsmatch
Med-Tox Northwest,consulting_firm,source: ehsmatch
"Meeds Environmental, LLC",consulting_firm,source: ehsmatch
Melbourne Mold,consulting_firm,source: ehsmatch
Menotti Enterprise - NYC Safety Consultants,consulting_firm,source: ehsmatch
Meridian Consultants LLC,consulting_firm,source: lacity
Meridian Environmental Inc,consulting_firm,source: ehsmatch
Merit Professional Services,consulting_firm,source: ehsmatch
MERMENTAU,consulting_firm,source: ehsmatch
Merritt Environmental Consulting,consulting_firm,source: ehsmatch
"Metro Environmental Services, LLC",consulting_firm,source: ehsmatch
Mettauer Environmental,consulting_firm,source: ehsmatch
MG Environmental Consulting,consulting_firm,source: ehsmatch
Miami Mold Services,consulting_firm,source: ehsmatch
"Michael Baker International, Inc.|Michael Baker International",consulting_firm,source: lacity+swrcb
microecologies,consulting_firm,source: ehsmatch
MIGIZI GROUP INC,consulting_firm,source: ehsmatch
Milicon,consulting_firm,source: ehsmatch
Millennium Consulting Associates,consulting_firm,source: ehsmatch
Millennium Environmental,consulting_firm,source: ehsmatch
Miller Environmental Group | Albany,consulting_firm,source: ehsmatch
Miller Environmental Group | Bohemia,consulting_firm,source: ehsmatch
Miller Environmental Group | Buffalo,consulting_firm,source: ehsmatch
Miller Environmental Group | Calverton,consulting_firm,source: ehsmatch
Miller Environmental Group | Hudson Valley,consulting_firm,source: ehsmatch
Miller Environmental Group | Newburgh,consulting_firm,source: ehsmatch
Miller Environmental Group | NYC,consulting_firm,source: ehsmatch
Miller Environmental Group | Syracuse,consulting_firm,source: ehsmatch
Miller Environmental Group | Tampa,consulting_firm,source: ehsmatch
Miller Environmental Inc,consulting_firm,source: ehsmatch
"Miller Environmental Services, LLC",consulting_firm,source: ehsmatch
Miller Integrated Solutions,consulting_firm,source: ehsmatch
Miller Legg,consulting_firm,source: ehsmatch
"Miller Safety Consulting, LLC",consulting_firm,source: ehsmatch
Milro Group,consulting_firm,source: ehsmatch
Mindful Safety Concept LLC,consulting_firm,source: ehsmatch
"Mitchell, Dianne",consulting_firm,source: slo; [slo] qualifications: General Biology
Mitigation Marketing,consulting_firm,source: ehsmatch
MJT Contracting,consulting_firm,source: ehsmatch
MKM Environmental Consulting,consulting_firm,source: ehsmatch
MLJ Environmental,consulting_firm,source: ehsmatch
MN Safety Consulting,consulting_firm,source: ehsmatch
Modern Geosciences,consulting_firm,source: ehsmatch
Modica & Associates,consulting_firm,source: ehsmatch
Mold and Environmental,consulting_firm,source: ehsmatch
Mold Doctor Pro,consulting_firm,source: ehsmatch
Mold Dog Knows,consulting_firm,source: ehsmatch
Mold Experts Now,consulting_firm,source: ehsmatch
MOLD INSPECTION / TESTING / GAINESVILLE,consulting_firm,source: ehsmatch
Mold Inspection Houston,consulting_firm,source: ehsmatch
MOLD INSPECTIONS & MOLD ASSESSMENTS (IMS),consulting_firm,source: ehsmatch
Mold Investigators,consulting_firm,source: ehsmatch
Mold Masters,consulting_firm,source: ehsmatch
MOLD REMEDIATION NYC,consulting_firm,source: ehsmatch
Mold Response Team,consulting_firm,source: ehsmatch
Mold Test DFW,consulting_firm,source: ehsmatch
Mold Testing and Removal,consulting_firm,source: ehsmatch
Mold Testing Hero,consulting_firm,source: ehsmatch
Mold Testing Houston,consulting_firm,source: ehsmatch
Mold Testing Houston - Post Oak,consulting_firm,source: ehsmatch
Mold Testing Houston- North Loop,consulting_firm,source: ehsmatch
Mold Testing Houston- The Woodlands,consulting_firm,source: ehsmatch
Mold Testing Long Island NY,consulting_firm,source: ehsmatch
Mold-Spec,consulting_firm,source: ehsmatch
moldremediationandtestingexperts.com,consulting_firm,source: ehsmatch
"MoldTec, LLC",consulting_firm,source: ehsmatch
Momentum Environmental,consulting_firm,source: ehsmatch
"Monarch Specialties, LLC",consulting_firm,source: ehsmatch
Monterey Environmental Solutions and Services,consulting_firm,source: ehsmatch
Montgomery and Associates Water Resource Consultants,consulting_firm,source: ehsmatch
Montrose Environmental,consulting_firm,source: ehsmatch
"Montrose Environmental Group, Inc.",consulting_firm,source: ehsmatch
Moran Environmental Recovery,consulting_firm,source: ehsmatch
"Morris P Hebert, Inc.",consulting_firm,source: ehsmatch
"Mounce & Associates, Inc.",consulting_firm,source: ehsmatch
MP Environmental Services,consulting_firm,source: ehsmatch
Mr Mold Williamsburg,consulting_firm,source: ehsmatch
Mr. Mold of Hernando,consulting_firm,source: ehsmatch
"MRD Associates, Inc.",consulting_firm,source: ehsmatch
"MS Analytical, LLC",consulting_firm,source: ehsmatch
MSA Environmental,consulting_firm,source: ehsmatch
"MTEC Companies, Inc.",consulting_firm,source: ehsmatch
Mulberry Restoration,consulting_firm,source: ehsmatch
"Murex Environmental, Inc",consulting_firm,source: ehsmatch
"Murphy, Reilly",consulting_firm,source: slo; [slo] qualifications: Archaeology
"Musson Environmental & Inspection, MEI",consulting_firm,source: ehsmatch
Mustang Extreme Environmental Services,consulting_firm,source: ehsmatch
MVP Environmental,consulting_firm,source: ehsmatch
MY Environmental Consulting,consulting_firm,source: ehsmatch
My Mold Finder,consulting_firm,source: ehsmatch
myTTConline - TTC Training,consulting_firm,source: ehsmatch
N.Y. Lead Abatement Corp.,consulting_firm,source: ehsmatch
Napa Valley Vineyard Engineering,consulting_firm,"source: swrcb; [swrcb] services: Water Availability Analysis, Water Right Mapping and GIS, Frost Protection, Water Use Measurement and Reporting, Filing of Water Right Applications, Support with Permits and Licenses, Filing of Water Right Change and Time Extension Petitions"
"Natelson Dale Group, Inc.",consulting_firm,source: slo; [slo] qualifications: Economic Impact Analysis
National Analytical Laboratories (N.A.L),consulting_firm,source: ehsmatch
National Econ Corporation,consulting_firm,source: ehsmatch
National Fit Testing Services LLC,consulting_firm,source: ehsmatch
National Safety Training & Consulting Services | NSTCS,consulting_firm,source: ehsmatch
National Safety Training Solutions,consulting_firm,source: ehsmatch
National Vacuum Corporation,consulting_firm,source: ehsmatch
National Vacuum Environmental Services Corporation,consulting_firm,source: ehsmatch
Natural Resource Planning Services,consulting_firm,source: ehsmatch
Natural Resource Professionals,consulting_firm,source: ehsmatch
Natural Resource Specialists,consulting_firm,source: ehsmatch
Nautilus Environmental,consulting_firm,source: ehsmatch
NEARY and O'BRIEN,consulting_firm,source: ehsmatch
Neptune Mold Solutions,consulting_firm,source: ehsmatch
"NES, Inc.",consulting_firm,source: ehsmatch
Net Gain Ecological Services,consulting_firm,source: ehsmatch
Netcompliance Environmental,consulting_firm,source: ehsmatch
neu velle llc,consulting_firm,source: ehsmatch
New Day Homes Mold Inspections,consulting_firm,source: ehsmatch
New Tech Global Environmental,consulting_firm,source: ehsmatch
"New York Green, Inc",consulting_firm,source: ehsmatch
New York Mold Specialist,consulting_firm,source: ehsmatch
New York Safety And Training,consulting_firm,source: ehsmatch
NewFields,consulting_firm,source: ehsmatch
Newman Marchive Incorporated,consulting_firm,source: ehsmatch
Next Level Safety Training of Orange Texas,consulting_firm,source: ehsmatch
NextWave Safety Solutions Inc.,consulting_firm,source: ehsmatch
Norman Wildlife Consulting,consulting_firm,source: ehsmatch
Normandeau Associates (formerly TRPA),consulting_firm,"source: swrcb; [swrcb] services: Instream Flow Assessment, Fisheries, Aquatic Habitat Suitability, Endangered Species Surveys, Watershed Assessments."
"Normandeau Associates, Inc.",consulting_firm,source: ehsmatch
"Normandeau Associates, Inc. f/k/a Thomas R Payne & Associates",consulting_firm,source: ehsmatch
North Coast Resource Management,consulting_firm,"source: swrcb; [swrcb] services: Water Rights Applications and Reporting, Hydrology, Water Quality Monitoring, Permitting, Biological Surveys and Assessments, Botany, Forestry, GIS and Mapping, Private Land Assessment and Management"
North Country Ecological Services,consulting_firm,source: ehsmatch
North State Environmental,consulting_firm,source: ehsmatch
Northeastern Environmental,consulting_firm,source: ehsmatch
Northern Environmental LLC,consulting_firm,source: ehsmatch
Northshore Compliance Services,consulting_firm,source: ehsmatch
Northwest Ecological Services LLC,consulting_firm,source: ehsmatch
Northwest Natural Resource Group,consulting_firm,source: ehsmatch
Norweco Of New York,consulting_firm,source: ehsmatch
Nova Safety Associates,consulting_firm,source: ehsmatch
NovelEsolutions,consulting_firm,source: ehsmatch
NOW Environmental Services|Now Environmental Services,consulting_firm,source: ehsmatch
NRC Environmental Services Inc|NRC Environmental Services,consulting_firm,source: ehsmatch
NV5,consulting_firm,source: ehsmatch
NV5/Dade Moeller,consulting_firm,source: ehsmatch
NVL Laboratories,consulting_firm,source: ehsmatch
NY Environmental,consulting_firm,source: ehsmatch
NYC Facade Safety Corp.,consulting_firm,source: ehsmatch
NYC Lead Inspections,consulting_firm,source: ehsmatch
NYC Mold Experts,consulting_firm,source: ehsmatch
O'Brien360,consulting_firm,source: ehsmatch
O'Rourke Inc,consulting_firm,source: ehsmatch
"O.C. Vacuum, Inc.",consulting_firm,source: ehsmatch
"O.S.T.S., Inc",consulting_firm,source: ehsmatch
Oasis Evaluation,consulting_firm,source: ehsmatch
Occupational Health Solutions,consulting_firm,source: ehsmatch
"Occupational Services, Inc.",consulting_firm,source: ehsmatch
Ocean Air Quality – Mold Inspection & Testing,consulting_firm,source: ehsmatch
Ocean Blue Environmental,consulting_firm,source: ehsmatch
Ocean Consulting FL - Marine Surveyors & Consultants,consulting_firm,source: ehsmatch
Odic Environmental,consulting_firm,source: ehsmatch
Odin Environmental LLC,consulting_firm,source: ehsmatch
OHC Environmental Engineering,consulting_firm,source: ehsmatch
"Olberding Environmental, Inc.|Olberding Environmental",consulting_firm,source: ehsmatch
Olmsted Environmental Services Inc,consulting_firm,source: ehsmatch
Olympian Water Testing,consulting_firm,source: ehsmatch
"Omega Environmental Services, Inc.",consulting_firm,source: ehsmatch
Omega Evaluation Center,consulting_firm,source: ehsmatch
"On Site Therapy, LLC",consulting_firm,source: ehsmatch
On The Go Safety Incorporated,consulting_firm,source: ehsmatch
ONE Safety Training,consulting_firm,source: ehsmatch
"OneSource EHS, LLC",consulting_firm,source: ehsmatch
Onondaga Environmental Institute,consulting_firm,source: ehsmatch
ONPEAK Energy,consulting_firm,source: ehsmatch
Onpoint Industrial Services,consulting_firm,source: ehsmatch
OnSite Environmental Inc,consulting_firm,source: ehsmatch
Onterris,consulting_firm,source: ehsmatch
Optima Environmental Services Inc,consulting_firm,source: ehsmatch
Orion Environmental Services,consulting_firm,source: ehsmatch
Orosz Engineering Group,consulting_firm,source: slo; [slo] qualifications: Traffic Engineer
OSHA 4 US,consulting_firm,source: ehsmatch
OSHA Online Center,consulting_firm,source: ehsmatch
OSHAccredited Safety Institute,consulting_firm,source: ehsmatch
"OURAY Environmental Services, LLC",consulting_firm,source: ehsmatch
Overton Safety Training,consulting_firm,source: ehsmatch
Owen Environmental Consulting LLC,consulting_firm,source: ehsmatch
OYU Green,consulting_firm,source: ehsmatch
"O’Connor Environmental, Inc.",consulting_firm,source: swrcb; [swrcb] services: Hydrologists and Geomorphologists
P W Grosser Consulting Inc,consulting_firm,source: ehsmatch
"P.W. Stephens Environmental, Inc.",consulting_firm,source: ehsmatch
PAC Environmental Services,consulting_firm,source: ehsmatch
Pacific Coast Carbon LLC,consulting_firm,source: ehsmatch
"Pacific Crest Environmental, LLC",consulting_firm,source: ehsmatch
Pacific EcoRisk,consulting_firm,source: ehsmatch
"Pacific Engineering & Design, PLLC",consulting_firm,source: ehsmatch
Pacific Geotechnical Engineering,consulting_firm,source: slo; [slo] qualifications: Geological
Pacific Habitats Environmental Consulting,consulting_firm,source: slo; [slo] qualifications: General Biology
Pacific Rim Design & Development,consulting_firm,source: ehsmatch
"Pacific Rim Environmental, Inc (PacRim)",consulting_firm,source: ehsmatch
Pacific Safety Solutions LLC,consulting_firm,source: ehsmatch
"Pacific Safety Training, LLC",consulting_firm,source: ehsmatch
Pacific Water Management LLC,consulting_firm,source: swrcb; [swrcb] services: Hydrologic and Water Management Services
PACIFICENVIRONMENTAL,consulting_firm,source: ehsmatch
"PACSCON GeoEnvironmental, Inc.",consulting_firm,source: ehsmatch
"Padre Associates, Inc.|Padre Associates Inc",consulting_firm,"source: ehsmatch+slo+swrcb; [swrcb] services: CEQA/NEPA, Biological, Geo-environmental. Geotechnical Hydrology/Hydrogeology,Civil Engineering.; [slo] qualifications: Archaeological, Botanist, California Red-Legged Frog, General Biology, Marine, San Joaquin Kit Fox, Steelhead Trout, Vernal Pool Fairy Shrimp, Wetlands"
Paleo Solutions,consulting_firm,source: slo; [slo] qualifications: Paleontological
"PaleoWest, LLC.",consulting_firm,source: ehsmatch
Palmer Safety,consulting_firm,source: ehsmatch
Palouse Environmental Services,consulting_firm,source: ehsmatch
"Pan Pacific Environmental Services, LLC",consulting_firm,source: ehsmatch
"Panacea, Inc.",consulting_firm,source: ehsmatch
Pangea Biological,consulting_firm,source: ehsmatch
"Pangea Environmental Services, Inc.",consulting_firm,source: ehsmatch
Panorama Environmental,consulting_firm,source: ehsmatch
Pape-Dawson,consulting_firm,source: ehsmatch
Pape-Dawson Engineers,consulting_firm,source: ehsmatch
Paradigm Environmental Services Inc|Paradigm Environmental Services,consulting_firm,source: ehsmatch
Paradigm HSE,consulting_firm,source: ehsmatch
Paragon Safety NY Corp,consulting_firm,source: ehsmatch
Parallel Products,consulting_firm,source: ehsmatch
Parametrix,consulting_firm,source: ehsmatch
Parker Environmental Consultants,consulting_firm,source: lacity
Parra Environmental Training,consulting_firm,source: ehsmatch
Partner Assessment Corporation,consulting_firm,source: ehsmatch
"Partner Engineering and Science, Inc.",consulting_firm,source: ehsmatch
Partners Environmental Consulting,consulting_firm,source: ehsmatch
Pascoe Environmental Consult,consulting_firm,source: ehsmatch
"Passarella & Associates, Inc",consulting_firm,source: ehsmatch
"PAST, Inc.",consulting_firm,source: slo; [slo] qualifications: Archaeological
Path Environmental Technology,consulting_firm,source: ehsmatch
"Path Forward Partners, Inc.",consulting_firm,source: ehsmatch
Path Light Pro,consulting_firm,source: ehsmatch
Patriot Safety and Services,consulting_firm,source: ehsmatch
"Pax Environmental, Inc.|Pax Environmental",consulting_firm,"source: ehsmatch+slo; [slo] qualifications: Biology, Wildlife"
Peace Environmental Services,consulting_firm,source: ehsmatch
"Peacock Consulting Group, LLC",consulting_firm,source: ehsmatch
Peak Sustainability Group - A Division of Maul Foster & Alongi,consulting_firm,source: ehsmatch
Pegasus Consulting Group Inc,consulting_firm,source: ehsmatch
PEI,consulting_firm,source: ehsmatch
Peninsula Engineering,consulting_firm,source: ehsmatch
Peninsula Environmental Group,consulting_firm,source: ehsmatch
PEnterprise Consulting Services,consulting_firm,source: ehsmatch
Perennial Environmental Services,consulting_firm,source: ehsmatch
Permian OQ,consulting_firm,source: ehsmatch
PES Environmental,consulting_firm,source: ehsmatch
PGS (Prime Global Solutions),consulting_firm,source: ehsmatch
Pharma Safe Production Management,consulting_firm,source: ehsmatch
Pharma-Safe Industrial Services,consulting_firm,source: ehsmatch
Phase 1 Enviro Pros,consulting_firm,source: ehsmatch
Phase 1 Environmental Consulting,consulting_firm,source: ehsmatch
"Phase Engineering, LLC",consulting_firm,source: ehsmatch
Phoenix Pollution Control,consulting_firm,source: ehsmatch
Phoenix Polution Control,consulting_firm,source: ehsmatch
Pinnacle Traffic Engineering,consulting_firm,source: slo; [slo] qualifications: Traffic Engineer
Pipelogix LMS Inc,consulting_firm,source: ehsmatch
PlaceWorks,consulting_firm,source: ehsmatch+lacity
Planwest Partners Inc.,consulting_firm,source: ehsmatch
Plateau Geoscience Group LLC,consulting_firm,source: ehsmatch
Plateau Land & Wildlife Management,consulting_firm,source: ehsmatch
Platinum Environmental Solutions - Asbestos & Mold Testing Houston,consulting_firm,source: ehsmatch
PLAZA Environmental Services,consulting_firm,source: ehsmatch
PMC,consulting_firm,"source: slo; [slo] qualifications: Botanist, California Red-Legged Frog, General Biology, San Joaquin Kit Fox, Wetlands, Wildlife"
PMP Environmental Consulting INC,consulting_firm,source: ehsmatch
Polaris Applied Sciences Inc,consulting_firm,source: ehsmatch
"Polestar Technical Services, Inc.",consulting_firm,source: ehsmatch
Pompano Mold Inspection & Testing,consulting_firm,source: ehsmatch
Pond Guru | Lake and Pond Management|Pond Guru | Lake & Pond Management,consulting_firm,source: ehsmatch
"Poole Engineering and Surveying, Inc|Poole Engineering & Surveying",consulting_firm,source: ehsmatch
Potomac Hudson Environmental,consulting_firm,source: ehsmatch
Poughkeepsie Environmental & Construction Group,consulting_firm,source: ehsmatch
"PPM Consultants, Inc.|PPM Consultants Inc|PPM Consultants",consulting_firm,source: ehsmatch
Precept Environmental Inc,consulting_firm,source: ehsmatch
Precision Environmental Services,consulting_firm,source: ehsmatch
Preferred Environmental Services,consulting_firm,source: ehsmatch
PRESTIGE HOME INSPECTION SVCS CORP,consulting_firm,source: ehsmatch
PRIMA Environmental Inc,consulting_firm,source: ehsmatch
Prime Aire Mold Services,consulting_firm,source: ehsmatch
Prime Mold Removal Brooklyn,consulting_firm,source: ehsmatch
Prime Occupational Medicine,consulting_firm,source: ehsmatch
Prime Process Safety Center,consulting_firm,source: ehsmatch
Priority Abatement and Remediation,consulting_firm,source: ehsmatch
Priority One Mold Inspections,consulting_firm,source: ehsmatch
Pro Safety Services LLC,consulting_firm,source: ehsmatch
"Pro SWPPP, LLC",consulting_firm,source: ehsmatch
"PRO-TEC Safety Consultants, Inc.",consulting_firm,source: ehsmatch
Professional Engineering & Environmental Consultants,consulting_firm,source: ehsmatch
Professional Environmental Services,consulting_firm,source: ehsmatch
"Professional Service Industries, Inc. (PSI)",consulting_firm,source: ehsmatch
ProGEA Inc,consulting_firm,source: ehsmatch
Projexiv Environmental,consulting_firm,source: ehsmatch
Property Inspections HQ,consulting_firm,source: ehsmatch
Property360,consulting_firm,source: ehsmatch
"PropertyHealth, Inc.",consulting_firm,source: ehsmatch
Prorsa Consulting,consulting_firm,source: ehsmatch
Prosafe,consulting_firm,source: ehsmatch
Protect Environmental Services,consulting_firm,source: ehsmatch
PROtect LLC,consulting_firm,source: ehsmatch
Protective Barriers LLC,consulting_firm,source: ehsmatch
"ProTex Environmental, LLC SWPPP Compliance & Erosion Control",consulting_firm,source: ehsmatch
Provenience Group,consulting_firm,"source: slo; [slo] qualifications: Archaeological, Historical"
Providence (Providence Engineering and Environmental Group LLC),consulting_firm,source: ehsmatch
Provost & Pritchard Consulting Group,consulting_firm,source: swrcb
Psomas,consulting_firm,source: ehsmatch+lacity
PSRG INC.,consulting_firm,source: ehsmatch
"Public Management, Inc.",consulting_firm,source: slo; [slo] qualifications: Economic Impact Analysis
Puget Environmental,consulting_firm,source: ehsmatch
Puget sound environmental,consulting_firm,source: ehsmatch
Pure Maintenance Mold Remediation - Daytona Beach,consulting_firm,source: ehsmatch
Pure Maintenance Mold Remediation - Jacksonville,consulting_firm,source: ehsmatch
PVEDI A Stratus Team Company,consulting_firm,source: ehsmatch
PW Grosser,consulting_firm,source: ehsmatch
Q & A Consulting LLC,consulting_firm,source: ehsmatch
QA Lead Environmental INC,consulting_firm,source: ehsmatch
QHSE International USA,consulting_firm,source: ehsmatch
"QK, Inc.",consulting_firm,"source: slo; [slo] qualifications: Botanist, California Red-Legged Frog, Vernal Pool Fairy Shrimp, Wetlands"
QMRS,consulting_firm,source: ehsmatch
QRI | Quaternary Resource Investigations LLC,consulting_firm,source: ehsmatch
QSE Solutions,consulting_firm,source: ehsmatch
Quality Environmental Solution,consulting_firm,source: ehsmatch
Quest Ecology Inc,consulting_firm,source: ehsmatch
"Quest GeoSystems Management, Inc.",consulting_firm,source: ehsmatch
Quest Safety Solutions,consulting_firm,source: ehsmatch
Quinn Environmental Strategies,consulting_firm,source: ehsmatch
R2M Engineering,consulting_firm,source: ehsmatch
R360 Environmental Solutions LLC.|R360 Environmental Solutions,consulting_firm,source: ehsmatch
"Raba Kistner, Inc.",consulting_firm,source: ehsmatch
Radiation Detection Company (RDC),consulting_firm,source: ehsmatch
Radon Authority,consulting_firm,source: ehsmatch
Radon Professional Services,consulting_firm,source: ehsmatch
Raedeke Associates Inc,consulting_firm,source: ehsmatch
Rah Environmental Inc,consulting_firm,source: ehsmatch
"Raingardens Northwest, Inc.",consulting_firm,source: ehsmatch
rakm rescue and safety training,consulting_firm,source: ehsmatch
Ramboll,consulting_firm,source: ehsmatch
Ranger Analytics,consulting_firm,source: ehsmatch
Ranger Environmental,consulting_firm,source: ehsmatch
Rapid Air Testing LLC,consulting_firm,source: ehsmatch
"Rapid Environmental Response Services, LLC.",consulting_firm,source: ehsmatch
"Rarefied Air Environmental, Inc",consulting_firm,source: ehsmatch
Raven Environmental Services,consulting_firm,source: ehsmatch
RCH Group,consulting_firm,source: ehsmatch
REA Remedial Solutions,consulting_firm,source: ehsmatch
Real Mold Remediation Kissimmee,consulting_firm,source: ehsmatch
Realm Environmental,consulting_firm,source: ehsmatch
rebalance environmental,consulting_firm,source: ehsmatch
"RECON Environmental, Inc.|RECON Environmental, Inc",consulting_firm,source: ehsmatch
Red Eye Safety,consulting_firm,source: ehsmatch
Red-on-line,consulting_firm,source: ehsmatch
Reed Engineering Group Ltd,consulting_firm,source: ehsmatch
Regional Safety Training,consulting_firm,source: ehsmatch
Reliable Asbestos Removal of New York City,consulting_firm,source: ehsmatch
Reliable Construction Safety Inc.,consulting_firm,source: ehsmatch
Reliant Workplace Solutions,consulting_firm,source: ehsmatch
Relief Restoration,consulting_firm,source: ehsmatch
RelyOn (Global Ex Solutions),consulting_firm,source: ehsmatch
Remediation Sciences,consulting_firm,source: ehsmatch
"Remediation Service, Int'l (RSI)",consulting_firm,source: ehsmatch
Remote Training Professionals LLC,consulting_firm,source: ehsmatch
REO Lead Solutions LLC,consulting_firm,source: ehsmatch
RES,consulting_firm,source: ehsmatch
RES Environmental,consulting_firm,source: ehsmatch
RES Environmental Services,consulting_firm,source: ehsmatch
Rescon Alaska,consulting_firm,source: ehsmatch
Resolute Environmental & Response Services LLC,consulting_firm,source: ehsmatch
"Resolve Environmental & Geotechnical, Inc.",consulting_firm,source: ehsmatch
Resource Environmental Solutions,consulting_firm,source: ehsmatch
Resource Innovations,consulting_firm,source: ehsmatch
Resource Synergy,consulting_firm,source: ehsmatch
Restcon Environmental,consulting_firm,source: ehsmatch
RestCon Environmental of Southern California,consulting_firm,source: ehsmatch
"RGV CPR, LLC",consulting_firm,source: ehsmatch
"Richert Environmental Associates, LLC",consulting_firm,source: ehsmatch
Rick Bates,consulting_firm,source: ehsmatch
Rick Richards inc,consulting_firm,source: ehsmatch
Ridge To River Environmental,consulting_firm,source: ehsmatch
Riebdon International,consulting_firm,source: ehsmatch
Rights to Water Engineering,consulting_firm,"source: swrcb; [swrcb] services: Surface water diversion device installation; Device data downloading, maintenance and calibration; Flow measurement; Reporting of compliance and diversions to Water board; Engineering analysis of adjudicated Water Rights."
"Rincon Consultants, Inc.|Rincon Consultants Inc|Rincon Consultants",consulting_firm,"source: ehsmatch+lacity+slo+swrcb; [swrcb] services: CEQA/NEPA; Biological; Environmental Compliance; Project Management.; [slo] qualifications: Archaeological, Botanist, California Red-Legged Frog, General Biology, Historical, San Joaquin Kit Fox, Wetlands"
RISE SERVICES LLC,consulting_firm,source: ehsmatch
RiskWise Safety Consulting,consulting_firm,source: ehsmatch
RisqOps,consulting_firm,source: ehsmatch
Riteway Industries Corp.,consulting_firm,source: ehsmatch
"RJF ENVIRONMENTAL CONSULTING SERVICES, INC.",consulting_firm,source: ehsmatch
"RJN Group, Inc. - Dallas",consulting_firm,source: ehsmatch
RL ENVIRONMENTAL,consulting_firm,source: ehsmatch
RMA Geoscience Inc.,consulting_firm,source: ehsmatch
"Robinson Noble, Inc",consulting_firm,source: ehsmatch
"Robotics Fabrication, Inc",consulting_firm,source: ehsmatch
Rochester Environmental & Construction Group,consulting_firm,source: ehsmatch
Rockwall CPR,consulting_firm,source: ehsmatch
Rockwell Indoor Environmental,consulting_firm,source: ehsmatch
Rocky Zapata Safety Consulting,consulting_firm,source: ehsmatch
Roco Rescue,consulting_firm,source: ehsmatch
Roco Rescue Training Center,consulting_firm,source: ehsmatch
Rodi Services,consulting_firm,source: ehsmatch
RODO Consulting,consulting_firm,source: ehsmatch
"Rogar Safety & Consulting, LLC",consulting_firm,source: ehsmatch
Romac Environmental Services,consulting_firm,source: ehsmatch
"Roots Clean Energy, LLC",consulting_firm,source: ehsmatch
Rose Environmental,consulting_firm,source: ehsmatch
Rosenow Spevacek Group,consulting_firm,source: slo; [slo] qualifications: Economic Impact Analysis
"Ross Engineering, Inc.",consulting_firm,source: ehsmatch
Ross Strategic,consulting_firm,source: ehsmatch
"Roux Associates, Inc.",consulting_firm,source: ehsmatch
Royal Mold Inspection,consulting_firm,source: ehsmatch
Royal Mold Specialist,consulting_firm,source: ehsmatch
RRD Environmental Services,consulting_firm,source: ehsmatch
RSB Environmental,consulting_firm,source: ehsmatch
RSG Abatement & Demolition,consulting_firm,source: ehsmatch
RSK Environmental LLC,consulting_firm,source: ehsmatch
RTK Environmental,consulting_firm,source: ehsmatch
Rush Quality Environments,consulting_firm,source: ehsmatch
Russell and Associates,consulting_firm,source: ehsmatch
"Rutan & Tucker, LLP",consulting_firm,source: swrcb
"Ruth Villalobos & Associates, Inc.",consulting_firm,source: ehsmatch
S M B Environmental Inc,consulting_firm,source: ehsmatch
S&J Environmental Testing,consulting_firm,source: ehsmatch
S&ME,consulting_firm,source: ehsmatch
Safe and Sound Property Services,consulting_firm,source: ehsmatch
Safe Controls Associates,consulting_firm,source: ehsmatch
Safe Enviro Testing,consulting_firm,source: ehsmatch
"Safe Rescue, LLC",consulting_firm,source: ehsmatch
SafeTaught,consulting_firm,source: ehsmatch
Safety & Health Center,consulting_firm,source: ehsmatch
Safety 1st Pro Services LLC,consulting_firm,source: ehsmatch
Safety 365 Training Center Operator Qualifications,consulting_firm,source: ehsmatch
Safety Academy,consulting_firm,source: ehsmatch
Safety Center Incorporated,consulting_firm,source: ehsmatch
Safety Compliance & Training LLC,consulting_firm,source: ehsmatch
"Safety Compliance Services,",consulting_firm,source: ehsmatch
Safety Consultants USA,consulting_firm,source: ehsmatch
Safety Council of Palm Beach,consulting_firm,source: ehsmatch
Safety Dynamics,consulting_firm,source: ehsmatch
Safety Dynamics Group,consulting_firm,source: ehsmatch
Safety Express Training Center,consulting_firm,source: ehsmatch
Safety Kleen,consulting_firm,source: ehsmatch
Safety Management Systems,consulting_firm,source: ehsmatch
Safety Matters Corp,consulting_firm,source: ehsmatch
SAFETY PAYS US,consulting_firm,source: ehsmatch
Safety Solutions & Supply,consulting_firm,source: ehsmatch
Safety Training & Consulting,consulting_firm,source: ehsmatch
Safety Training Specialists,consulting_firm,source: ehsmatch
Safety universal LLC,consulting_firm,source: ehsmatch
"Safety Unlimited, Inc.",consulting_firm,source: ehsmatch
"SAFETY YAAD, LLC",consulting_firm,source: ehsmatch
Safety-Kleen Systems,consulting_firm,source: ehsmatch
SafetyBeltSafe U.S.A.,consulting_firm,source: ehsmatch
"SafetyNet, Inc.",consulting_firm,source: ehsmatch
SafetyOnlineNetwork,consulting_firm,source: ehsmatch
Sage Associates,consulting_firm,source: slo; [slo] qualifications: Agricultural Viability
Sage Environmental Group,consulting_firm,source: ehsmatch
"Sage Environmental Services, Inc.",consulting_firm,source: ehsmatch
"Sage Institute, Inc.",consulting_firm,"source: slo; [slo] qualifications: Botanist, California Red-Legged Frog, General Biology, San Joaquin Kit Fox, Vernal Pool Fairy Shrimp, Wetlands, Wildlife"
Sage Living LLC,consulting_firm,source: ehsmatch
Salix Environmental Services,consulting_firm,source: ehsmatch
SALT-Safety and Leadership Training,consulting_firm,source: ehsmatch
"Salutem Services, LLC",consulting_firm,source: ehsmatch
Sam Engineering & Testing,consulting_firm,source: ehsmatch
Same Day Mold Inspections,consulting_firm,source: ehsmatch
San Buenaventura Research Associates,consulting_firm,"source: slo; [slo] qualifications: Archaeological, Historical, Historic Architecture Evaluations, Historic Background Evaluations"
"Sandhill Environmental Services, LLC.",consulting_firm,source: ehsmatch
SapphireAG - Setton Technologies Company,consulting_firm,"source: swrcb; [swrcb] services: Water Rights, SGA, GSA, Measurement & Diversion Equipment- Flow Meters, Telemetry CalWATRS Compliance SB 88 and AB 589 consulting GEO-Spatial Hydro & Soil APN surveys"
"Sapphos Environmental, Inc.",consulting_firm,source: ehsmatch
SCA Environmental Inc,consulting_firm,source: ehsmatch
Scalisi Enterprises,consulting_firm,source: ehsmatch
ScanTech Technical Consulting,consulting_firm,source: ehsmatch
"SCHUTZE & Associates, Inc.",consulting_firm,source: ehsmatch
Science Engineering Ltd,consulting_firm,source: ehsmatch
Scott Environmental - Health & Safety Services,consulting_firm,source: ehsmatch
Scott Safety Consulting,consulting_firm,source: ehsmatch
SCS Engineers,consulting_firm,source: ehsmatch
"SCS Engineers, Bellevue",consulting_firm,source: ehsmatch
"SCS Engineers, Buffalo NY",consulting_firm,source: ehsmatch
"SCS Engineers, Carlsbad",consulting_firm,source: ehsmatch
"SCS Engineers, Coconut Creek",consulting_firm,source: ehsmatch
"SCS Engineers, Dallas-Ft. Worth",consulting_firm,source: ehsmatch
"SCS Engineers, Ft. Lauderdale",consulting_firm,source: ehsmatch
"SCS Engineers, Houston",consulting_firm,source: ehsmatch
"SCS Engineers, Huntington Beach",consulting_firm,source: ehsmatch
"SCS Engineers, Long Beach",consulting_firm,source: ehsmatch
"SCS Engineers, Miami",consulting_firm,source: ehsmatch
"SCS Engineers, Modesto",consulting_firm,source: ehsmatch
"SCS Engineers, New York",consulting_firm,source: ehsmatch
"SCS Engineers, Orlando",consulting_firm,source: ehsmatch
"SCS Engineers, San Diego",consulting_firm,source: ehsmatch
"SCS Engineers, Tampa",consulting_firm,source: ehsmatch
"SCS Engineers, Tracer Laboratories",consulting_firm,source: ehsmatch
"SCS Engineers, West Palm Beach",consulting_firm,source: ehsmatch
SCS Field Services,consulting_firm,source: ehsmatch
Seabreeze Erosion Solutions,consulting_firm,source: ehsmatch
Seabreeze Lake Maintenance,consulting_firm,source: ehsmatch
Seattle Asbestos Test,consulting_firm,source: ehsmatch
"Seay, Stephanie",consulting_firm,source: slo; [slo] qualifications: General Biology
Secorp Industries,consulting_firm,source: ehsmatch
Secure Fit Testing,consulting_firm,source: ehsmatch
SEG ENVIRONMENTAL LLC.,consulting_firm,source: ehsmatch
SEI: Strategic Energy Innovations,consulting_firm,source: ehsmatch
"SEMS, Inc.",consulting_firm,source: ehsmatch
Sensible Environmental Solutions,consulting_firm,source: ehsmatch
Sensitive Environmental Inc,consulting_firm,source: ehsmatch
"Separation Systems Consultants, Inc. (SSCI)",consulting_firm,source: ehsmatch
"SEQUIL Systems, Inc.",consulting_firm,source: ehsmatch
"Service Group Unlimited, LLC",consulting_firm,source: ehsmatch
SESPE Consulting,consulting_firm,source: ehsmatch
Sessler Environmental Services,consulting_firm,source: ehsmatch
Sevenson Environmental Services Inc.,consulting_firm,source: ehsmatch
"Sevnec Environmental Services, Inc. (Asbestos & Mold Testing)",consulting_firm,source: ehsmatch
"SFI Compliance, Inc.",consulting_firm,source: ehsmatch
SGF Environmental Consultants,consulting_firm,source: ehsmatch
SGS Galson,consulting_firm,source: ehsmatch
"Shaw, John P.E.",consulting_firm,source: swrcb
Ship & Shore Environmental Inc,consulting_firm,source: ehsmatch
SHN Consulting Engineers & Geologists,consulting_firm,"source: swrcb; [swrcb] services: Engineering, Environmental, Geoscience, Planning and Permitting, and Surveying"
Shockey Planning Group,consulting_firm,source: ehsmatch
Sienna Environmental Technologies LLC|Sienna Environmental Technologies,consulting_firm,source: ehsmatch
Sierra Delta Consultants LLC,consulting_firm,source: slo; [slo] qualifications: Geological
Sierra Safety,consulting_firm,source: ehsmatch
Signal Geoscience,consulting_firm,source: ehsmatch
Simpson Environmental Services - An EIS Company,consulting_firm,source: ehsmatch
"Simpson Environmental Services, Inc.",consulting_firm,source: ehsmatch
Singer Environmental Group,consulting_firm,source: ehsmatch
"Sirius Environmental, Inc.",consulting_firm,source: lacity
Site Safety,consulting_firm,source: ehsmatch
"SITEX, Inc.",consulting_firm,source: ehsmatch
Six-33 Solutions LLC,consulting_firm,"source: swrcb; [swrcb] services: Water Rights. SGMA, Environmental Planning, Land Repurposing"
"SKA Consulting, LP",consulting_firm,source: ehsmatch
Skilled Safety Management,consulting_firm,source: ehsmatch
SLR Contracting,consulting_firm,source: ehsmatch
SLR International Corporation,consulting_firm,source: ehsmatch
"Smart-Sciences, Inc.",consulting_firm,source: ehsmatch
Smith Inland Environmental Services,consulting_firm,source: ehsmatch
Smitty's Environmental,consulting_firm,source: ehsmatch
Snaplinc - ESG/ Sustainability Consulting and Services,consulting_firm,source: ehsmatch
Snei California,consulting_firm,source: ehsmatch
Soar Environmental Consulting Inc.|Soar Environmental Consulting Inc,consulting_firm,source: ehsmatch
SoCal Stormwater Solutions,consulting_firm,source: ehsmatch
Soil Pacific Inc.,consulting_firm,source: ehsmatch
Soiltech Environment Group INC,consulting_firm,source: ehsmatch
"Sol Environmental, Inc - Mold - Asbestos - Lead - Air Quality - Inspection, Testing, Consulting, & Training",consulting_firm,source: ehsmatch
SOLitude Lake Management,consulting_firm,source: ehsmatch
Soller Environmental,consulting_firm,source: ehsmatch
Solutech Environmental Consultants,consulting_firm,source: ehsmatch
"Solutions Northwest, Inc.",consulting_firm,source: ehsmatch
Solway Co.,consulting_firm,source: ehsmatch
"Sonoma Technology, Inc.",consulting_firm,source: ehsmatch
"Sound Geology, LLC",consulting_firm,source: ehsmatch
"SoundEarth Strategies, Inc.",consulting_firm,source: ehsmatch
Soundview Consultants LLC,consulting_firm,source: ehsmatch
south florida mold and toxicology center,consulting_firm,source: ehsmatch
South Texas Safety Training LLC,consulting_firm,source: ehsmatch
"Southern Earth Sciences, Inc.|Southern Earth Sciences, Inc",consulting_firm,source: ehsmatch
"Southern State Land & Timber, LLC.",consulting_firm,source: ehsmatch
Southland Safety LLC,consulting_firm,source: ehsmatch
Southwest Consultants,consulting_firm,source: ehsmatch
Sovereign Consulting,consulting_firm,source: ehsmatch
"Spartan Consulting & Safety, LLC/ THIS IS SPARTAN SAFETY",consulting_firm,source: ehsmatch
"Spear & Lancaster, LLC",consulting_firm,source: ehsmatch
"Specialized Safety Training, Inc.",consulting_firm,source: ehsmatch
Specialized Waste Systems Inc.,consulting_firm,source: ehsmatch
Specialty Environmental Services,consulting_firm,source: ehsmatch
Specialty Group,consulting_firm,source: ehsmatch
Spector Consulting Service,consulting_firm,source: swrcb
Spectrum Environmental Associates,consulting_firm,source: ehsmatch
Spectrum Geophysics,consulting_firm,source: ehsmatch
Sphere 3 Environmental,consulting_firm,source: ehsmatch
Spheros Environmental,consulting_firm,source: ehsmatch
Spheros-EcoAnalysts - Port Gamble Environmental Laboratory,consulting_firm,source: ehsmatch
"Spokane Environmental Solutions, LLC",consulting_firm,source: ehsmatch
"Sport Environmental Services, LLC",consulting_firm,source: ehsmatch
Spring Environmental Inc,consulting_firm,source: ehsmatch
"Spur Environmental Services, LLC|Spur Environmental Services LLC",consulting_firm,source: ehsmatch
SRP Environmental - Shreveport Office (Corporate),consulting_firm,source: ehsmatch
Stack Testing Company,consulting_firm,source: ehsmatch
Stag Safety,consulting_firm,source: ehsmatch
Standard Safety and Supply,consulting_firm,source: ehsmatch
Stantec,consulting_firm,"source: slo; [slo] qualifications: Botanist, Wetlands, Wildlife"
"STC Environmental Services, Inc.",consulting_firm,source: ehsmatch
STC Safety & Risk Management,consulting_firm,source: ehsmatch
Stericycle Environmental Solutions,consulting_firm,source: ehsmatch
Sterling Environmental Corporation|Sterling Environmental LLC,consulting_firm,source: ehsmatch
"Sterling Environmental Engineering, P.C.",consulting_firm,source: ehsmatch
Sterling Technologies,consulting_firm,source: ehsmatch
Stetson Engineers Inc.,consulting_firm,"source: swrcb; [swrcb] services: Water Rights Consulting and Expert Witness Testimony; Water System Valuations; Water System Master Plans; Water System Design including wells, pipelines, reservoirs, and boosters; Urban Water Management Plans; Hydrogeological Studies and Computer Modeling of Groundwater Basins; Computer Modeling of Municipal Water Distribution Systems; Water Resources Planning and Management; Civil and Environmental Engineering"
Stetson Engineers Inc. Northern California,consulting_firm,"source: swrcb; [swrcb] services: Water Rights Consulting and Expert Witness Testimony; Water Availability Analyses; Hydrology and Hydraulics Studies, Computer Modeling of Surface Water, Groundwater, and Municipal Systems; Water Resources Planning and Management; Civil and Environmental Engineering; Irrigation Solis, and Drainage Studies; Creek Restoration/Flood Control Projects"
Steven J. Herzog,consulting_firm,source: swrcb; [swrcb] services: Appraisal Appraisal Review Expert Witness
"Steven Winter Associates, Inc.",consulting_firm,source: ehsmatch
Stevens Consulting,consulting_firm,source: swrcb; [swrcb] services: CEQA and NEPA compliance and environmental permitting for water rights projects.
"stockton environmental asbestos, lead, hazardous materials, training",consulting_firm,source: ehsmatch
"Stohl Environmental, LLC",consulting_firm,source: ehsmatch
Storm Water Solutions,consulting_firm,source: ehsmatch
Stormwater Solutions Louisiana,consulting_firm,source: ehsmatch
Strange Aquatic Resources,consulting_firm,source: swrcb
Strata Sustainability,consulting_firm,source: ehsmatch
Strategic Emergency Training & Consulting,consulting_firm,source: ehsmatch
Stratum Group,consulting_firm,source: ehsmatch
"Stratus Engineering Associates, LLC",consulting_firm,source: ehsmatch
Straub Corporation,consulting_firm,source: ehsmatch
Strictly Cleaning Restoration,consulting_firm,source: ehsmatch
Stride Safety Solutions,consulting_firm,source: ehsmatch
Strongarm Environmental Field Services,consulting_firm,source: ehsmatch
Stuntzner Engineering and Forestry,consulting_firm,source: swrcb
Summit Environmental Services Inc,consulting_firm,source: ehsmatch
Sun City Analytical Inc,consulting_firm,source: ehsmatch
Sun Environmental Corp.,consulting_firm,source: ehsmatch
Sunbelt Industrial Services,consulting_firm,source: ehsmatch
Sunsation Services - Mold testing,consulting_firm,source: ehsmatch
Sunshine Environmental Solutions LLC,consulting_firm,source: ehsmatch
Sure SWPPP,consulting_firm,source: ehsmatch
Surf To Snow ERM,consulting_firm,source: ehsmatch
"Surfside Environmental Planning, Inc.",consulting_firm,source: ehsmatch
"Susan V. Christopher, PhD",consulting_firm,"source: slo; [slo] qualifications: Botanist, California Red-Legged Frog, Wetlands, Wildlife"
Swaim Biological Consulting,consulting_firm,source: ehsmatch
SWALE Inc.,consulting_firm,"source: swrcb; [swrcb] services: CEQA/NEPA, Watershed Analysis, GIS, Ecological Assessment, Land-Use Planning"
Swape,consulting_firm,source: ehsmatch
SWCA Environmental Consultants,consulting_firm,"source: ehsmatch+slo; [slo] qualifications: Archaeological, Botanist, California Red-Legged Frog, General Biology, Morro Shoulderband Snail, San Joaquin Kit Fox, Steelhead Trout, Visual, Wetlands, Wildlife"
SWCA Envrionmental Consultants,consulting_firm,source: ehsmatch
Synagro Technologies Inc,consulting_firm,source: ehsmatch
Synergy Safety & Health,consulting_firm,source: ehsmatch
Syracuse Environmental & Construction Group,consulting_firm,source: ehsmatch
"T&B Planning, Inc.",consulting_firm,source: ehsmatch
T&R Environmental,consulting_firm,source: ehsmatch
Tactical Training Academy,consulting_firm,source: ehsmatch
Talasaea Consultants,consulting_firm,source: ehsmatch
"Tall Tree Engineering, Inc.",consulting_firm,"source: swrcb; [swrcb] services: Water Rights Applications and Reporting, Hydrology and Hydraulics, Water Quality Monitoring and Reporting, Civil and Geotechnical Engineering, Environmental and Water Resource Engineering"
Talon/LPE Amarillo Office,consulting_firm,source: ehsmatch
Talon/LPE Midland Office,consulting_firm,source: ehsmatch
Talon/LPE San Antonio Office,consulting_firm,source: ehsmatch
Tampa Bay Mold Testing,consulting_firm,source: ehsmatch
Tampa Bay Mold Testing Service,consulting_firm,source: ehsmatch
TampaBayMold.net,consulting_firm,source: ehsmatch
Tank Masters Environmental Inc,consulting_firm,source: ehsmatch
Tanknology Inc.|Tanknology,consulting_firm,source: ehsmatch
Targus Associates Llc,consulting_firm,source: ehsmatch
"TAS Environmental Services, L.P.",consulting_firm,source: ehsmatch
"TAS Environmental Services, LP",consulting_firm,source: ehsmatch
Taylor Engineering,consulting_firm,source: ehsmatch
"Taylor Environmental Services, Inc.",consulting_firm,source: ehsmatch
"TEAM Environmental, Inc.",consulting_firm,source: ehsmatch
TEC Civil Engineering Consultants,consulting_firm,source: swrcb
Tech Safety Lines,consulting_firm,source: ehsmatch
"Technical Environmental Services, Inc.",consulting_firm,source: ehsmatch
Teecor Group Inc,consulting_firm,source: ehsmatch
Tenera Environmental Services,consulting_firm,"source: ehsmatch+slo; [slo] qualifications: Marine, General Biology"
Terra Design Group,consulting_firm,source: ehsmatch
Terra Environmental,consulting_firm,source: ehsmatch
Terra Gis Ltd,consulting_firm,source: ehsmatch
"Terra Nova Planning & Research, Inc.",consulting_firm,source: ehsmatch
Terra Verde Environmental Consulting,consulting_firm,"source: slo; [slo] qualifications: Botanist, California Red-Legged Frog, General Biology, Wildlife, San Joaquin Kit Fox, Vernal Pool Fairy Shrimp, Steelhead Trout, Wetlands"
Terrabella Environmental Services,consulting_firm,source: ehsmatch
"Terracon Consultants, Inc.",consulting_firm,source: ehsmatch
Terrain Solutions Inc,consulting_firm,source: ehsmatch
"Terraphase Engineering, Inc.|Terraphase Engineering Inc.",consulting_firm,"source: ehsmatch+swrcb; [swrcb] services: CEQA, Biological and Cultural Resources, Hydrology/Geomorphology, Public Trust Analysis, and Permitting"
Terrapin Bright Green,consulting_firm,source: ehsmatch
Terrax Environmental Inc,consulting_firm,source: ehsmatch
Terry A. Hayes Associates Inc.,consulting_firm,source: lacity
Terwilliger Engineering,consulting_firm,source: ehsmatch
TestAmerica Tallahassee,consulting_firm,source: ehsmatch
Testing Mechanics Corporation,consulting_firm,source: ehsmatch
TESTOR Environmental Services,consulting_firm,source: ehsmatch
"Tetra Tech, Inc.|Tetra Tech",consulting_firm,"source: ehsmatch+slo; [slo] qualifications: Botanist, California Red-Legged Frog, General Biology, Steelhead Trout, Wetlands, Wildlife"
"Texas State Environmental Consulting, LLC|Texas State Environmental Consulting",consulting_firm,source: ehsmatch
Texas Total Mold LLC,consulting_firm,source: ehsmatch
Texas WorkMed,consulting_firm,source: ehsmatch
TGE Resources,consulting_firm,source: ehsmatch
"The Chappell Group, Inc.",consulting_firm,source: ehsmatch
"The Colinas Group, Inc.",consulting_firm,source: ehsmatch
"The Delphi Groupe, Inc",consulting_firm,source: ehsmatch
"The ECA Group (Formerly Edd Clark & Associates, Inc.)",consulting_firm,source: ehsmatch
The Environmental Service Group (NY) Inc.,consulting_firm,source: ehsmatch
The Forklift Trainer,consulting_firm,source: ehsmatch
The Intelligence Group,consulting_firm,source: ehsmatch
The ISO 9001 Group,consulting_firm,source: ehsmatch
"The Lake Doctors, Inc.|The Lake Doctors, Inc",consulting_firm,source: ehsmatch
The Lead Detective Agency,consulting_firm,source: ehsmatch
The Mitigation Banking Group,consulting_firm,source: ehsmatch
The Mold Guys,consulting_firm,source: ehsmatch
The Mold Guyz,consulting_firm,source: ehsmatch
The Murillo Company,consulting_firm,source: ehsmatch
The Pathfinders,consulting_firm,source: slo; [slo] qualifications: Economic Impact Analysis
The Phase One Group,consulting_firm,source: ehsmatch
The Provident Group,consulting_firm,source: ehsmatch
"The Radon Boss, LLC",consulting_firm,source: ehsmatch
The Radon Pros,consulting_firm,source: ehsmatch
"The RC Group, Inc.",consulting_firm,source: ehsmatch
"The Riley Group, Inc.",consulting_firm,source: ehsmatch
"The Riley Group, Inc. (Tacoma Office)",consulting_firm,source: ehsmatch
The Safety Geek,consulting_firm,source: ehsmatch
The STAT Group,consulting_firm,source: ehsmatch
"The Vertex Companies, LLC",consulting_firm,source: ehsmatch
Think Zero LLC,consulting_firm,source: ehsmatch
ThinkSafe Inc.,consulting_firm,source: ehsmatch
"Thomas Safety Solutions, Inc.",consulting_firm,source: ehsmatch
Tierra Group -- Assured Geoscience Solutions,consulting_firm,source: ehsmatch
Tim Morton & Associates Inc,consulting_firm,source: ehsmatch
Timberland Resource Consultants,consulting_firm,source: ehsmatch
TIP Strategies,consulting_firm,source: slo; [slo] qualifications: Economic Impact Analysis
"Titan Environmental Solutions, Inc.",consulting_firm,source: ehsmatch
Titanium Environmental,consulting_firm,source: ehsmatch
"Tolunay-Wong Engineers, Inc.|Tolunay-Wong Engineers, Inc|Tolunay Wong Engineers Inc",consulting_firm,source: ehsmatch
Tom Dodson & Associates,consulting_firm,source: ehsmatch
Top Flight Safety,consulting_firm,source: ehsmatch
Top Home Inspection Services LLC,consulting_firm,source: ehsmatch
Top Notch Testing,consulting_firm,source: ehsmatch
Torrent Laboratory Inc,consulting_firm,source: ehsmatch
Total Environmental Associates,consulting_firm,source: ehsmatch
Total Flow Inc,consulting_firm,source: ehsmatch
Total Marine Solutions,consulting_firm,source: ehsmatch
Total Quality Environmental Inc.,consulting_firm,source: ehsmatch
"Total Safety Training & Consultants, LLC",consulting_firm,source: ehsmatch
Tracker Archaeology Inc.,consulting_firm,source: ehsmatch
Trak Environmental Group Inc,consulting_firm,source: ehsmatch
TRC,consulting_firm,"source: slo; [slo] qualifications: Botanist, California Red-Legged Frog, General Biology, Steelhead Trout, Vernal Pool Fairy Shrimp, Wildlife"
"TRC Companies, Inc.|TRC Companies Inc.|TRC Companies",consulting_firm,source: ehsmatch
TRC Environmental Corporation,consulting_firm,source: ehsmatch
TRC Environmental Corporation - Bellevue,consulting_firm,source: ehsmatch
Treasure Coast Environmental Services,consulting_firm,source: ehsmatch
Trec Environmental Inc,consulting_firm,source: ehsmatch
Tri-County Oil Tank Sweep,consulting_firm,source: ehsmatch
Tri-State Environmental Services,consulting_firm,source: ehsmatch
Triangle Associates,consulting_firm,source: ehsmatch
"Trigon Associates, LLC",consulting_firm,source: ehsmatch
Trihydro Corporation|Trihydro,consulting_firm,source: ehsmatch
Trinity Consultants,consulting_firm,source: ehsmatch
Trinity Source Group Inc,consulting_firm,source: ehsmatch
Trinity Tree Consultants,consulting_firm,source: ehsmatch
Tristate-Safety Corp.,consulting_firm,source: ehsmatch
Triton Environmental LLC,consulting_firm,source: ehsmatch
Triumvirate Environmental,consulting_firm,source: ehsmatch
Trivent Safety Consulting,consulting_firm,source: ehsmatch
Tropical Environmental Consultants,consulting_firm,source: ehsmatch
TrueNorth Safety & Supply,consulting_firm,source: ehsmatch
"Trusted Compliance, LLC",consulting_firm,source: ehsmatch
TSG Consulting,consulting_firm,source: ehsmatch
"TTL, Inc.",consulting_firm,source: ehsmatch
"Tully & Young, Inc.",consulting_firm,"source: swrcb; [swrcb] services: Water Resources Planning & Management, Hydrology, Engineering, Law and Policy, Water Rights filing and reporting, and water transfers."
Turnkey Safety,consulting_firm,source: ehsmatch
Tx Mold Inspector,consulting_firm,source: ehsmatch
"TXP, Inc.",consulting_firm,source: slo; [slo] qualifications: Economic Impact Analysis
UES,consulting_firm,source: ehsmatch
Ultimate Environmental Solutions - Mold Inspection & Environmental Testing,consulting_firm,source: ehsmatch
"UltraSystems Environmental, Inc.|Ultrasystems Environmental Inc",consulting_firm,source: ehsmatch+lacity
United Environmental Services,consulting_firm,source: ehsmatch
United Safety,consulting_firm,source: ehsmatch
"United Safety Associates, Inc.",consulting_firm,source: ehsmatch
United Shutdown Safety,consulting_firm,source: ehsmatch
United States Environmental Services,consulting_firm,source: ehsmatch
"Universal Environmental Consulting, Inc.",consulting_firm,source: ehsmatch
Universal Environmental Services,consulting_firm,source: ehsmatch
UNYSE,consulting_firm,source: ehsmatch
Upland Hydrogeology Consulting,consulting_firm,"source: swrcb; [swrcb] services: Hydrogeology, Groundwater Modeling, Environmental Consulting, SGMA and Water Resources Management"
Upstream Environmental LLC,consulting_firm,source: ehsmatch
"Urban Futures, Inc.",consulting_firm,source: slo; [slo] qualifications: Economic Impact Analysis
Urbana Preservation and Planning,consulting_firm,"source: swrcb; [swrcb] services: Expert Witness, Testimonies/Litigation Support, Historical Research Services, Water Rights Policy Analysis, Environmental Compliance, Including Cultural Resources, Section 106, CEQA/NEPA"
URS,consulting_firm,source: swrcb
US Environmental Abatement,consulting_firm,source: ehsmatch
US Environmental Services,consulting_firm,source: ehsmatch
US-EcoLogic,consulting_firm,source: ehsmatch
"USA Environmental, Inc|USA Environmental",consulting_firm,source: ehsmatch
"USA-Environment, LP.",consulting_firm,source: ehsmatch
USL Technology Consulting,consulting_firm,source: ehsmatch
Utopia Restoration LLC,consulting_firm,source: ehsmatch
V-tech Environmental Services,consulting_firm,source: ehsmatch
"Vanherweg, Bill",consulting_firm,"source: slo; [slo] qualifications: General Biology, Morro Bay Kangaroo Rat, San Joaquin Kit Fox"
Vaz Co Reclaiming Services,consulting_firm,source: ehsmatch
VCA Green,consulting_firm,source: ehsmatch
Vecta Environmental Services - Houston,consulting_firm,source: ehsmatch
Veolia Nuclear Solutions,consulting_firm,source: ehsmatch
Verdantas,consulting_firm,source: ehsmatch
Verdical Group,consulting_firm,source: ehsmatch
Veritas Environmental Consulting Inc,consulting_firm,source: ehsmatch
Vern Roberts Environ Train,consulting_firm,source: ehsmatch
Vert Environmental,consulting_firm,source: ehsmatch
VHB,consulting_firm,source: ehsmatch
Vida Safe Usa Corp.,consulting_firm,source: ehsmatch
Viking Environmental Group,consulting_firm,source: ehsmatch
Vikus Water,consulting_firm,source: ehsmatch
"Villablanca, Francis",consulting_firm,source: slo; [slo] qualifications: Morro Bay Kangaroo Rat
Vista Environmental Consulting,consulting_firm,source: ehsmatch
"VM3 Environmental, Inc.",consulting_firm,source: ehsmatch
Vollmar Natural Lands Consulting,consulting_firm,source: ehsmatch
"Vollmar Natural Lands Consulting, North Coast Office",consulting_firm,source: ehsmatch
"VRX, Inc.",consulting_firm,source: ehsmatch
"VTG, LLC",consulting_firm,source: ehsmatch
VZT Solutions,consulting_firm,source: ehsmatch
"W. D. Scott Group, Inc.",consulting_firm,source: ehsmatch
W. Two Plus LLC,consulting_firm,source: ehsmatch
"Wagner & Bonsignore Consulting Civil Engineers, A Corporation",consulting_firm,"source: swrcb; [swrcb] services: Water Right Applications, Change Petitions, Extensions of Time, Water Availability Analysis, Water Rights Analysis, Water Rights Policy Analysis, Water Board Hearings, Litigation Support, Annual Water Use Reporting, Watermaster Services, Dam Breach Hydraulic Studies and Emergency Action Plans, Surface Water Hydrology, Groundwater Hydrogeology, Subterranean Stream/Jurisdictional Evaluations for Wells, Civil Engineering, Geology"
Wahlstrom & Associates,consulting_firm,source: slo; [slo] qualifications: Economic Impact Analysis
Walkway Management's Slip Testing Solutions,consulting_firm,source: ehsmatch
Walla Walla Environmental,consulting_firm,source: ehsmatch
Washington Stormwater,consulting_firm,source: ehsmatch
Waste Auditors,consulting_firm,source: ehsmatch
Waste Service Solutions,consulting_firm,source: ehsmatch
WasteXpress,consulting_firm,source: ehsmatch
"Water & Air Research, Inc.",consulting_firm,source: ehsmatch
"Water Monitoring Solutions, Inc.",consulting_firm,source: ehsmatch
"Water Resources Management Associates, Inc. (WRMA)",consulting_firm,source: ehsmatch
Waterfront Environmental,consulting_firm,source: ehsmatch
"Waterstone Environmental, Inc.",consulting_firm,source: ehsmatch
waterTALENT,consulting_firm,source: ehsmatch
Weaver Consultants Group,consulting_firm,source: ehsmatch
WeInspectMOLD.com,consulting_firm,source: ehsmatch
Weiss Associates,consulting_firm,"source: ehsmatch+swrcb; [swrcb] services: Environmental Science, Engineering, and Management with offices in Emeryville, Livermore and Silicon Valley (Mountain View)"
Welch Ecological Services,consulting_firm,source: ehsmatch
Well Solutions Safety Training Center,consulting_firm,source: ehsmatch
"WellerPeak Safety & Supply, LLC",consulting_firm,source: ehsmatch
West Coast Environmental Testing,consulting_firm,source: ehsmatch
West Coast Lake and Wetland Management LLC,consulting_firm,source: ehsmatch
West Environmental,consulting_firm,source: ehsmatch
West Fork Environmental,consulting_firm,source: ehsmatch
West-Yost & Associates,consulting_firm,source: swrcb
"Westech Environmental Consulting, LLC",consulting_firm,source: ehsmatch
Western New York Council on Occupational Safety and Health (WNYCOSH),consulting_firm,source: ehsmatch
"Weston Solutions, Inc.|Weston Solutions",consulting_firm,source: ehsmatch
Westward Environmental Inc,consulting_firm,source: ehsmatch
"WestWater Research, LLC",consulting_firm,"source: swrcb; [swrcb] services: Water Resource Economics, Water Rights Valuations, Water Market Development, Water Resources Planning and Development, Water Rights Acquisition and Transfer Strategies, Groundwater Banking Development, Litigation Support and Expert Testimony, Transaction Advisory Services, Water Policy Analysis"
"Wet.land, LLC",consulting_firm,source: ehsmatch
Wetland Consultants,consulting_firm,source: ehsmatch
Wetland Extent Landward,consulting_firm,source: ehsmatch
Wetland Resources,consulting_firm,source: ehsmatch
"Wetlands & Wildlife, Inc.",consulting_firm,source: ehsmatch
WGI,consulting_firm,source: ehsmatch
WGR Southwest Inc,consulting_firm,source: ehsmatch
Whac A Mold,consulting_firm,source: ehsmatch
"WHF, Inc. Environmental & Engineering Group",consulting_firm,"source: swrcb; [swrcb] services: Environmental Permitting, CEQA/NEPA, Biological Surveys & Assessments, Hydrology, Water Quality Monitoring, Environmental Consulting & Compliance, Engineering/Site Development, Stormwater Management, Site Assessments & Remediation, Wastewater & Waste Discharge, Agricultural Support"
Whidbey Geological Consulting,consulting_firm,source: ehsmatch
Whitehead Environmental Solutions,consulting_firm,source: ehsmatch
Whitenton Group,consulting_firm,source: ehsmatch
"Whitestone Associates, Inc.",consulting_firm,source: ehsmatch
Wildlife Innovations,consulting_firm,source: ehsmatch
"Wildlife Response Services, LLC",consulting_firm,source: ehsmatch
Wildscape Restoration,consulting_firm,source: ehsmatch
Williams Safety and Rescue,consulting_firm,source: ehsmatch
"Wilson & Company, Inc., Engineers & Architects",consulting_firm,source: ehsmatch
Wilson Ihrig,consulting_firm,source: ehsmatch
Wilson Water Resources,consulting_firm,"source: swrcb; [swrcb] services: Expert Witness Testimony, Bay-Delta Water Right Change Petition Consulting (including Transfers and TUC), Representation at Bay-Delta Technical Stakeholder Meetings, Bay-Delta Technical Document Analysis (Staff Reports, EIR/EIS, University Studies), SWP/CVP Project Operations Analysis"
Windmill Oil Tank Service,consulting_firm,source: ehsmatch
Windsor Environmental,consulting_firm,source: ehsmatch
Windward Environmental LLC,consulting_firm,source: ehsmatch
Winzler & Kelly Consulting Engineers,consulting_firm,source: swrcb; [swrcb] services: Environmental
WISHBONE,consulting_firm,source: ehsmatch
"Wolf Consulting, Inc.",consulting_firm,source: ehsmatch
Wood,consulting_firm,source: ehsmatch
"Wood Environment & Infrastructure Solutions, Inc.",consulting_firm,source: lacity
"Wood Rodgers, Inc.",consulting_firm,source: swrcb; [swrcb] services: Water Resources Planning Irrigation & Drainage Systems Conjunctive Water Use Planning
Woodard & Curran,consulting_firm,"source: swrcb; [swrcb] services: Artificial Recharge, Civil Engineering, Expert Testimony, Groundwater and Surface Water Modeling, Groundwater Banking, Groundwater Remediation, NEPA/CEQA, Permitting, Program Management, Regulatory, SGMA, Software Development, Stormwater, Strategic Planning, Water Resource Planning, Water Rights, Watershed Management, Well Design"
Workrite Safety,consulting_firm,source: ehsmatch
WorkSaver Systems,consulting_firm,source: ehsmatch
Workup Ergonomics,consulting_firm,source: ehsmatch
World Oil Environmental Services,consulting_firm,source: ehsmatch
WRA Engineering,consulting_firm,source: ehsmatch
WRA Environmental Consultants,consulting_firm,"source: slo; [slo] qualifications: Botanist, California Red-Legged Frog, Monarch Butterfly, Steelhead Trout, Vernal Pool Fairy Shrimp, Wetlands, Wildlife"
"WRA, Inc.",consulting_firm,source: ehsmatch
WSB,consulting_firm,source: ehsmatch
WTS,consulting_firm,source: ehsmatch
"Wynn L. White Consulting Engineers, Inc.",consulting_firm,source: ehsmatch
X-PERT SAFETY,consulting_firm,source: ehsmatch
Xenco Laboratories,consulting_firm,source: ehsmatch
XRF Research Inc,consulting_firm,source: ehsmatch
YORK Analytical Laboratories,consulting_firm,source: ehsmatch
"Yorke Engineering, LLC|Yorke Engineering",consulting_firm,source: ehsmatch
Young Bear Environmental,consulting_firm,source: ehsmatch
"Your Safety Department, LLC",consulting_firm,source: ehsmatch
ZALEMO,consulting_firm,source: ehsmatch
Zanjero,consulting_firm,"source: swrcb; [swrcb] services: Water Right Applications, Change Petitions, Extensions of Time, Transfers, Water Availability Analysis, Hydrologic Reports, Watermaster Services, Expert Testimony, Litigation Support, Reporting, Operational Modeling, Surface Water, Groundwater, CEQA/NEPA Compliance, etc."
Zara Environmental LLC,consulting_firm,source: ehsmatch
"Zev Cohen and Associates, Inc.",consulting_firm,source: ehsmatch
Zk3 Industries,consulting_firm,source: ehsmatch
